{"mid": "2798034700", "uid": "MlWmixpoA", "name": "长春文旅", "time": "2022-12-30 08:28:00", "local": "", "iphone": "微博视频号", "context": "#长春文旅爱分享#【美！#贵州天生湖鸳鸯戏水#】近日，贵州六盘水。成群结队的鸳鸯在湖面尽情嬉戏、畅游。五彩鸳鸯与湖区植被相映成趣，戳视频感受↓↓↓@荔枝风景线荔枝风景线的微博视频", "comment_num": "15", "like_num": "12", "user": {"focus": "902", "fans": "8万", "tweet": "33621"}}