{"created_at": "Mon Dec 12 18:22:07 +0800 2022", "id": 4845918756804693, "rootid": 4845918756804693, "rootidstr": "4845918756804693", "floor_number": 150, "text": "那你去tea啊[doge]", "disable_reply": 0, "restrictOperate": 0, "source_allowclick": 0, "source_type": 4, "source": "<a href=\"\" rel=\"nofollow\">来自辽宁</a>", "user": {"id": 6054527237, "idstr": "6054527237", "class": 1, "screen_name": "银一色一战一车", "name": "银一色一战一车", "province": "11", "city": "1000", "location": "北京", "description": "这家伙很懒，却还想留下点儿什么", "url": "", "profile_image_url": "https://tvax1.sinaimg.cn/crop.0.0.1080.1080.50/006BKb77ly8h72ne6i4k1j30u00u0tfx.jpg?KID=imgbed,tva&Expires=1674051256&ssig=e4YOmNCrdi", "light_ring": false, "cover_image_phone": "https://ww1.sinaimg.cn/crop.0.0.640.640.640/549d0121tw1egm1kjly3jj20hs0hsq4f.jpg", "profile_url": "u/6054527237", "domain": "", "weihao": "", "gender": "m", "followers_count": 92, "followers_count_str": "92", "friends_count": 438, "pagefriends_count": 10, "statuses_count": 35, "video_status_count": 0, "video_play_count": 0, "super_topic_not_syn_count": 0, "favourites_count": 0, "created_at": "Mon Oct 24 19:52:00 +0800 2016", "following": false, "allow_all_act_msg": false, "geo_enabled": true, "verified": false, "verified_type": -1, "remark": "", "insecurity": {"sexual_content": false}, "ptype": 0, "allow_all_comment": true, "avatar_large": "https://tvax1.sinaimg.cn/crop.0.0.1080.1080.180/006BKb77ly8h72ne6i4k1j30u00u0tfx.jpg?KID=imgbed,tva&Expires=1674051256&ssig=NFjVXZIgdU", "avatar_hd": "https://tvax1.sinaimg.cn/crop.0.0.1080.1080.1024/006BKb77ly8h72ne6i4k1j30u00u0tfx.jpg?KID=imgbed,tva&Expires=1674051256&ssig=L4mqxbIfPT", "verified_reason": "", "verified_trade": "", "verified_reason_url": "", "verified_source": "", "verified_source_url": "", "follow_me": false, "like": false, "like_me": false, "online_status": 0, "bi_followers_count": 3, "lang": "zh-cn", "star": 0, "mbtype": 2, "mbrank": 1, "svip": 0, "mb_expire_time": 1535471999, "block_word": 0, "block_app": 0, "chaohua_ability": 0, "brand_ability": 0, "nft_ability": 0, "vplus_ability": 0, "wenda_ability": 0, "live_ability": 0, "gongyi_ability": 0, "paycolumn_ability": 0, "newbrand_ability": 0, "ecommerce_ability": 0, "hardfan_ability": 0, "wbcolumn_ability": 0, "credit_score": 80, "user_ability": 35651584, "cardid": "star_672", "urank": 9, "story_read_state": -1, "vclub_member": 0, "is_teenager": 0, "is_guardian": 0, "is_teenager_list": 0, "pc_new": 0, "special_follow": false, "planet_video": 0, "video_mark": 0, "live_status": 0, "user_ability_extend": 0, "status_total_counter": {"total_cnt": 8, "repost_cnt": 0, "comment_cnt": 2, "like_cnt": 6, "comment_like_cnt": 0}, "video_total_counter": {"play_cnt": -1}, "brand_account": 0, "hongbaofei": 0, "tab_manage": "[0, 0]", "reward_status": 0, "green_mode": 0, "urisk": 0, "unfollowing_recom_switch": 1, "avatar_type": 0}, "mid": "4845918756804693", "idstr": "4845918756804693", "status": {"visible": {"type": 0, "list_id": 0}, "created_at": "Mon Dec 12 17:19:35 +0800 2022", "id": 4845903020298160, "idstr": "4845903020298160", "mid": "4845903020298160", "can_edit": false, "version": 3, "show_additional_indication": 0, "text": "【Doinb直播】 #Doinb新赛季休息# \n\n@doinb金咕咕 ：想休息一段时间，我想找回自信，跟以前FPX情况也差不多\n\n#Doinb暂别赛场# #2022LOL冬季转会期# http://t.cn/A6KKBZYr ​", "textLength": 158, "source_allowclick": 0, "source_type": 1, "source": "<a href=\"http://app.weibo.com/t/feed/4AbAFV\" rel=\"nofollow\">超话</a>", "favorited": false, "truncated": false, "in_reply_to_status_id": "", "in_reply_to_user_id": "", "in_reply_to_screen_name": "", "pic_urls": [], "geo": null, "is_paid": false, "mblog_vip_type": 0, "user": {"id": 5625254784, "idstr": "5625254784", "class": 1, "screen_name": "玩加电竞LOL", "name": "玩加电竞LOL", "province": "11", "city": "1", "location": "北京 东城区", "description": "商务合作请联系VX：61213708 玩加电竞官网：www.wanplus.cn", "url": "http://www.wanplus.cn", "profile_image_url": "https://tvax4.sinaimg.cn/crop.10.15.157.157.50/0068GZJSly8h8vlb2gse2j3050050jr6.jpg?KID=imgbed,tva&Expires=1674051256&ssig=DbD6p3oSfk", "light_ring": false, "cover_image": "https://wx2.sinaimg.cn/crop.0.0.920.300/0068GZJSgy1fl2jpnvczlj30pk08canf.jpg", "cover_image_phone": "https://wx4.sinaimg.cn/crop.0.0.640.640.640/0068GZJSly1fl2k1xa5wxj30u00u04nr.jpg;https://wx1.sinaimg.cn/crop.0.0.640.640.640/0068GZJSly1gl01n1hg6yj30yi0yiteb.jpg", "profile_url": "wanpluslol", "domain": "wanpluslol", "weihao": "", "gender": "f", "followers_count": 8351964, "followers_count_str": "835.2万", "friends_count": 984, "pagefriends_count": 111, "statuses_count": 135102, "video_status_count": 24767, "video_play_count": 0, "super_topic_not_syn_count": 129, "favourites_count": 73, "created_at": "Fri Jun 05 18:57:37 +0800 2015", "following": false, "allow_all_act_msg": false, "geo_enabled": true, "verified": true, "verified_type": 0, "remark": "", "insecurity": {"sexual_content": false}, "ptype": 0, "allow_all_comment": true, "avatar_large": "https://tvax4.sinaimg.cn/crop.10.15.157.157.180/0068GZJSly8h8vlb2gse2j3050050jr6.jpg?KID=imgbed,tva&Expires=1674051256&ssig=jGkMSUH2F8", "avatar_hd": "https://tvax4.sinaimg.cn/crop.10.15.157.157.1024/0068GZJSly8h8vlb2gse2j3050050jr6.jpg?KID=imgbed,tva&Expires=1674051256&ssig=uQCNqeKpOS", "verified_reason": "知名游戏博主 游戏视频自媒体", "verified_trade": "", "verified_reason_url": "", "verified_source": "", "verified_source_url": "", "verified_state": 2, "verified_level": 3, "verified_type_ext": 1, "has_service_tel": false, "verified_reason_modified": "玩加赛事LOL（lol.wanplus.com）官方微博", "verified_contact_name": "玩加赛事创始人——欢迎勾搭", "verified_contact_email": "office@wanplus.com", "verified_contact_mobile": "", "follow_me": false, "like": false, "like_me": false, "online_status": 0, "bi_followers_count": 585, "lang": "zh-cn", "star": 0, "mbtype": 12, "mbrank": 7, "svip": 0, "mb_expire_time": 1702396800, "block_word": 0, "block_app": 1, "chaohua_ability": 0, "brand_ability": 0, "nft_ability": 0, "vplus_ability": 0, "wenda_ability": 1, "live_ability": 0, "gongyi_ability": 0, "paycolumn_ability": 0, "newbrand_ability": 0, "ecommerce_ability": 0, "hardfan_ability": 0, "wbcolumn_ability": 0, "credit_score": 80, "user_ability": -2135684340, "cardid": "star_1377", "avatargj_id": "gj_vip_722", "urank": 44, "story_read_state": -1, "verified_detail": {"custom": 1, "data": [{"key": 2, "sub_key": 0, "weight": 101, "desc": "知名游戏博主"}, {"key": 16, "sub_key": 10, "weight": 103, "desc": "游戏视频自媒体"}]}, "vclub_member": 0, "is_teenager": 0, "is_guardian": 0, "is_teenager_list": 0, "pc_new": 7, "special_follow": false, "planet_video": 2, "video_mark": 15, "live_status": 0, "user_ability_extend": 0, "status_total_counter": {"total_cnt": 52130187, "repost_cnt": 2996283, "comment_cnt": 7085504, "like_cnt": 22568126, "comment_like_cnt": 19480274}, "video_total_counter": {"play_cnt": 1704293942}, "brand_account": 0, "hongbaofei": 0, "tab_manage": "[0, 0]", "reward_status": 0, "green_mode": 0, "urisk": 0, "unfollowing_recom_switch": 1, "avatar_type": 0}, "annotations": [{"mode": "m", "origin": "pc_publisher"}, {"mapi_request": true}], "reposts_count": 0, "comments_count": 0, "reprint_cmt_count": 0, "attitudes_count": 0, "pending_approval_count": 0, "isLongText": false, "reward_exhibition_type": 0, "hide_flag": 0, "mlevel": 0, "show_mlevel": 0, "biz_ids": [230444], "biz_feature": 4294967304, "topic_id": "1022:10080854838a6bbae2a14b0fb0c7905f6a070a", "sync_mblog": true, "is_imported_topic": false, "page_type": 64, "hasActionTypeCard": 0, "darwin_tags": [], "hot_weibo_tags": [], "text_tag_tips": [], "mblogtype": 0, "userType": 0, "more_info_type": 0, "number_display_strategy": {"apply_scenario_flag": 3, "display_text_min_number": 1000000, "display_text": "100万+"}, "positive_recom_flag": 0, "content_auth": 0, "gif_ids": "", "is_show_bulletin": 2, "comment_manage_info": {"comment_permission_type": -1, "approval_comment_type": 0, "comment_sort_type": 0, "ai_play_picture_type": 0}, "pic_num": 0, "fid": 4845902660370467, "can_reprint": false, "new_comment_style": 0}, "readtimetype": "comment", "match_ai_play_picture": false}