{"created_at": "Mon Dec 12 18:56:29 +0800 2022", "id": 4845927406242451, "rootid": 4845910149825927, "rootidstr": "4845910149825927", "floor_number": 0, "text": "回复@清川mine4ever:你以为人家老板是傻子吗？他真有那水平早就抢了，弱队都看不上他。主流法师都不会的人。", "disable_reply": 0, "restrictOperate": 0, "source_allowclick": 0, "source_type": 4, "source": "<a href=\"\" rel=\"nofollow\">来自江苏</a>", "user": {"id": 7625423625, "idstr": "7625423625", "class": 1, "screen_name": "光影中的艺术", "name": "光影中的艺术", "province": "100", "city": "1000", "location": "其他", "description": "", "url": "", "profile_image_url": "https://tvax3.sinaimg.cn/crop.0.0.500.500.50/008k3v1Dly8h21yver32gj30dw0dwgln.jpg?KID=imgbed,tva&Expires=1674051218&ssig=6QbiPMWCZR", "light_ring": false, "profile_url": "u/7625423625", "domain": "", "weihao": "", "gender": "m", "followers_count": 0, "followers_count_str": "0", "friends_count": 62, "pagefriends_count": 5, "statuses_count": 1, "video_status_count": 0, "video_play_count": 0, "super_topic_not_syn_count": 0, "favourites_count": 5, "created_at": "Thu Jun 10 11:24:55 +0800 2021", "following": false, "allow_all_act_msg": false, "geo_enabled": true, "verified": false, "verified_type": -1, "remark": "", "insecurity": {"sexual_content": false}, "ptype": 0, "allow_all_comment": true, "avatar_large": "https://tvax3.sinaimg.cn/crop.0.0.500.500.180/008k3v1Dly8h21yver32gj30dw0dwgln.jpg?KID=imgbed,tva&Expires=1674051218&ssig=qL7Wr01DwS", "avatar_hd": "https://tvax3.sinaimg.cn/crop.0.0.500.500.1024/008k3v1Dly8h21yver32gj30dw0dwgln.jpg?KID=imgbed,tva&Expires=1674051218&ssig=v%2BzjU27hqR", "verified_reason": "", "verified_trade": "", "verified_reason_url": "", "verified_source": "", "verified_source_url": "", "follow_me": false, "like": false, "like_me": false, "online_status": 0, "bi_followers_count": 0, "lang": "zh-cn", "star": 0, "mbtype": 0, "mbrank": 0, "svip": 0, "mb_expire_time": 0, "block_word": 0, "block_app": 0, "chaohua_ability": 0, "brand_ability": 0, "nft_ability": 0, "vplus_ability": 0, "wenda_ability": 0, "live_ability": 0, "gongyi_ability": 0, "paycolumn_ability": 0, "newbrand_ability": 0, "ecommerce_ability": 0, "hardfan_ability": 0, "wbcolumn_ability": 0, "credit_score": 80, "user_ability": 2097152, "urank": 0, "story_read_state": -1, "vclub_member": 0, "is_teenager": 0, "is_guardian": 0, "is_teenager_list": 0, "pc_new": 0, "special_follow": false, "planet_video": 0, "video_mark": 0, "live_status": 0, "user_ability_extend": 0, "status_total_counter": {"total_cnt": 1, "repost_cnt": 0, "comment_cnt": 0, "like_cnt": 1, "comment_like_cnt": 0}, "video_total_counter": {"play_cnt": -1}, "brand_account": 0, "hongbaofei": 0, "tab_manage": "[0, 0]", "reward_status": 0, "green_mode": 0, "urisk": 524288, "unfollowing_recom_switch": 1, "avatar_type": 0}, "mid": "4845927406242451", "idstr": "4845927406242451", "status": {"visible": {"type": 0, "list_id": 0}, "created_at": "Mon Dec 12 17:19:35 +0800 2022", "id": 4845903020298160, "idstr": "4845903020298160", "mid": "4845903020298160", "can_edit": false, "version": 3, "show_additional_indication": 0, "text": "【Doinb直播】 #Doinb新赛季休息# \n\n@doinb金咕咕 ：想休息一段时间，我想找回自信，跟以前FPX情况也差不多\n\n#Doinb暂别赛场# #2022LOL冬季转会期# http://t.cn/A6KKBZYr ​", "textLength": 158, "source_allowclick": 0, "source_type": 1, "source": "<a href=\"http://app.weibo.com/t/feed/4AbAFV\" rel=\"nofollow\">超话</a>", "favorited": false, "truncated": false, "in_reply_to_status_id": "", "in_reply_to_user_id": "", "in_reply_to_screen_name": "", "pic_urls": [], "geo": null, "is_paid": false, "mblog_vip_type": 0, "user": {"id": 5625254784, "idstr": "5625254784", "class": 1, "screen_name": "玩加电竞LOL", "name": "玩加电竞LOL", "province": "11", "city": "1", "location": "北京 东城区", "description": "商务合作请联系VX：61213708 玩加电竞官网：www.wanplus.cn", "url": "http://www.wanplus.cn", "profile_image_url": "https://tvax4.sinaimg.cn/crop.10.15.157.157.50/0068GZJSly8h8vlb2gse2j3050050jr6.jpg?KID=imgbed,tva&Expires=1674051218&ssig=DeXdaqMOPg", "light_ring": false, "cover_image": "https://wx2.sinaimg.cn/crop.0.0.920.300/0068GZJSgy1fl2jpnvczlj30pk08canf.jpg", "cover_image_phone": "https://wx4.sinaimg.cn/crop.0.0.640.640.640/0068GZJSly1fl2k1xa5wxj30u00u04nr.jpg;https://wx1.sinaimg.cn/crop.0.0.640.640.640/0068GZJSly1gl01n1hg6yj30yi0yiteb.jpg", "profile_url": "wanpluslol", "domain": "wanpluslol", "weihao": "", "gender": "f", "followers_count": 8351964, "followers_count_str": "835.2万", "friends_count": 984, "pagefriends_count": 111, "statuses_count": 135102, "video_status_count": 24767, "video_play_count": 0, "super_topic_not_syn_count": 129, "favourites_count": 73, "created_at": "Fri Jun 05 18:57:37 +0800 2015", "following": false, "allow_all_act_msg": false, "geo_enabled": true, "verified": true, "verified_type": 0, "remark": "", "insecurity": {"sexual_content": false}, "ptype": 0, "allow_all_comment": true, "avatar_large": "https://tvax4.sinaimg.cn/crop.10.15.157.157.180/0068GZJSly8h8vlb2gse2j3050050jr6.jpg?KID=imgbed,tva&Expires=1674051218&ssig=BowPeH4Ije", "avatar_hd": "https://tvax4.sinaimg.cn/crop.10.15.157.157.1024/0068GZJSly8h8vlb2gse2j3050050jr6.jpg?KID=imgbed,tva&Expires=1674051218&ssig=R9QURjz%2BFW", "verified_reason": "知名游戏博主 游戏视频自媒体", "verified_trade": "", "verified_reason_url": "", "verified_source": "", "verified_source_url": "", "verified_state": 2, "verified_level": 3, "verified_type_ext": 1, "has_service_tel": false, "verified_reason_modified": "玩加赛事LOL（lol.wanplus.com）官方微博", "verified_contact_name": "玩加赛事创始人——欢迎勾搭", "verified_contact_email": "office@wanplus.com", "verified_contact_mobile": "", "follow_me": false, "like": false, "like_me": false, "online_status": 0, "bi_followers_count": 585, "lang": "zh-cn", "star": 0, "mbtype": 12, "mbrank": 7, "svip": 0, "mb_expire_time": 1702396800, "block_word": 0, "block_app": 1, "chaohua_ability": 0, "brand_ability": 0, "nft_ability": 0, "vplus_ability": 0, "wenda_ability": 1, "live_ability": 0, "gongyi_ability": 0, "paycolumn_ability": 0, "newbrand_ability": 0, "ecommerce_ability": 0, "hardfan_ability": 0, "wbcolumn_ability": 0, "credit_score": 80, "user_ability": -2135684340, "cardid": "star_1377", "avatargj_id": "gj_vip_722", "urank": 44, "story_read_state": -1, "verified_detail": {"custom": 1, "data": [{"key": 2, "sub_key": 0, "weight": 101, "desc": "知名游戏博主"}, {"key": 16, "sub_key": 10, "weight": 103, "desc": "游戏视频自媒体"}]}, "vclub_member": 0, "is_teenager": 0, "is_guardian": 0, "is_teenager_list": 0, "pc_new": 7, "special_follow": false, "planet_video": 2, "video_mark": 15, "live_status": 0, "user_ability_extend": 0, "status_total_counter": {"total_cnt": 52130187, "repost_cnt": 2996283, "comment_cnt": 7085504, "like_cnt": 22568126, "comment_like_cnt": 19480274}, "video_total_counter": {"play_cnt": 1704293942}, "brand_account": 0, "hongbaofei": 0, "tab_manage": "[0, 0]", "reward_status": 0, "green_mode": 0, "urisk": 0, "unfollowing_recom_switch": 1, "avatar_type": 0}, "annotations": [{"mode": "m", "origin": "pc_publisher"}, {"mapi_request": true}], "reposts_count": 0, "comments_count": 0, "reprint_cmt_count": 0, "attitudes_count": 0, "pending_approval_count": 0, "isLongText": false, "reward_exhibition_type": 0, "hide_flag": 0, "mlevel": 0, "show_mlevel": 0, "biz_ids": [230444], "biz_feature": 4294967304, "topic_id": "1022:10080854838a6bbae2a14b0fb0c7905f6a070a", "sync_mblog": true, "is_imported_topic": false, "page_type": 64, "hasActionTypeCard": 0, "darwin_tags": [], "hot_weibo_tags": [], "text_tag_tips": [], "mblogtype": 0, "userType": 0, "more_info_type": 0, "number_display_strategy": {"apply_scenario_flag": 3, "display_text_min_number": 1000000, "display_text": "100万+"}, "positive_recom_flag": 0, "content_auth": 0, "gif_ids": "", "is_show_bulletin": 2, "comment_manage_info": {"comment_permission_type": -1, "approval_comment_type": 0, "comment_sort_type": 0, "ai_play_picture_type": 0}, "pic_num": 0, "fid": 4845902660370467, "can_reprint": false, "new_comment_style": 0}, "reply_comment": {"created_at": "Mon Dec 12 17:47:54 +0800 2022", "id": 4845910149825927, "rootid": 4845910149825927, "rootidstr": "4845910149825927", "floor_number": 35, "text": "除了京东  滔博  wbg  剩下一堆烂队，换我我也不去", "disable_reply": 0, "restrictOperate": 0, "user": {"id": 5710599288, "idstr": "5710599288", "class": 1, "screen_name": "清川mine4ever", "name": "清川mine4ever", "province": "15", "city": "1", "location": "内蒙古 呼和浩特", "description": "我心素已闲，清川澹如此。。", "url": "", "profile_image_url": "https://tvax2.sinaimg.cn/crop.0.0.1080.1080.50/006et5K8ly8g7qiqgjk3nj30u00u012e.jpg?KID=imgbed,tva&Expires=1674051218&ssig=DZPIADY%2Bqr", "light_ring": false, "cover_image_phone": "https://ww2.sinaimg.cn/crop.0.0.640.640.640/a1d3feabjw1ecatccqmkbj20hs0hsmzb.jpg", "profile_url": "u/5710599288", "domain": "", "weihao": "", "gender": "f", "followers_count": 157, "followers_count_str": "157", "friends_count": 705, "pagefriends_count": 25, "statuses_count": 653, "video_status_count": 1, "video_play_count": 0, "super_topic_not_syn_count": 0, "favourites_count": 6, "created_at": "Fri Sep 25 16:03:44 +0800 2015", "following": false, "allow_all_act_msg": false, "geo_enabled": true, "verified": false, "verified_type": -1, "remark": "", "insecurity": {"sexual_content": false}, "ptype": 0, "allow_all_comment": false, "avatar_large": "https://tvax2.sinaimg.cn/crop.0.0.1080.1080.180/006et5K8ly8g7qiqgjk3nj30u00u012e.jpg?KID=imgbed,tva&Expires=1674051218&ssig=06S8YC2WtV", "avatar_hd": "https://tvax2.sinaimg.cn/crop.0.0.1080.1080.1024/006et5K8ly8g7qiqgjk3nj30u00u012e.jpg?KID=imgbed,tva&Expires=1674051218&ssig=SLrjPJ2f3A", "verified_reason": "", "verified_trade": "", "verified_reason_url": "", "verified_source": "", "verified_source_url": "", "follow_me": false, "like": false, "like_me": false, "online_status": 0, "bi_followers_count": 4, "lang": "zh-cn", "star": 0, "mbtype": 2, "mbrank": 1, "svip": 0, "mb_expire_time": 0, "block_word": 0, "block_app": 0, "credit_score": 80, "user_ability": 36963328, "urank": 9, "story_read_state": -1, "vclub_member": 0, "is_teenager": 0, "is_guardian": 0, "is_teenager_list": 0, "pc_new": 0, "special_follow": false, "planet_video": 0, "video_mark": 0, "live_status": 0, "user_ability_extend": 0, "status_total_counter": {"total_cnt": 77, "repost_cnt": 1, "comment_cnt": 13, "like_cnt": 63, "comment_like_cnt": 0}, "video_total_counter": {"play_cnt": -1}, "brand_account": 0, "hongbaofei": 0, "tab_manage": "[0, 0]", "green_mode": 0, "urisk": 8589934592, "unfollowing_recom_switch": 1, "block": 0, "block_me": 0, "avatar_type": 0}, "mid": "4845910149825927", "idstr": "4845910149825927", "match_ai_play_picture": false}, "reply_original_text": "你以为人家老板是傻子吗？他真有那水平早就抢了，弱队都看不上他。主流法师都不会的人。", "readtimetype": "comment", "match_ai_play_picture": false}