{"created_at": "Sat Nov 05 12:12:17 +0800 2022", "id": 4832417339146341, "rootid": 4832417339146341, "rootidstr": "4832417339146341", "floor_number": 16, "text": "[泪]", "disable_reply": 0, "restrictOperate": 0, "source_allowclick": 0, "source_type": 4, "source": "<a href=\"\" rel=\"nofollow\">来自新疆</a>", "user": {"id": 6489911955, "idstr": "6489911955", "class": 1, "screen_name": "许辰野", "name": "许辰野", "province": "100", "city": "1000", "location": "其他", "description": "", "url": "", "profile_image_url": "https://tvax4.sinaimg.cn/crop.0.0.1080.1080.50/0075d0zhly8h7ijaq0uhbj30u00u0mz2.jpg?KID=imgbed,tva&Expires=1669697736&ssig=Gpjbqbn2oL", "light_ring": false, "cover_image_phone": "http://ww4.sinaimg.cn/crop.0.0.640.640.640/a1d3feabjw1ez3ul46nlsj20hs0hsmz1.jpg", "profile_url": "u/6489911955", "domain": "", "weihao": "", "gender": "m", "followers_count": 87, "followers_count_str": "87", "friends_count": 108, "pagefriends_count": 23, "statuses_count": 587, "video_status_count": 0, "video_play_count": 0, "super_topic_not_syn_count": 16, "favourites_count": 3, "created_at": "Sat Feb 17 22:05:55 +0800 2018", "following": false, "allow_all_act_msg": false, "geo_enabled": true, "verified": false, "verified_type": -1, "remark": "", "insecurity": {"sexual_content": false}, "ptype": 0, "allow_all_comment": true, "avatar_large": "https://tvax4.sinaimg.cn/crop.0.0.1080.1080.180/0075d0zhly8h7ijaq0uhbj30u00u0mz2.jpg?KID=imgbed,tva&Expires=1669697736&ssig=KvFlMTQvd8", "avatar_hd": "https://tvax4.sinaimg.cn/crop.0.0.1080.1080.1024/0075d0zhly8h7ijaq0uhbj30u00u0mz2.jpg?KID=imgbed,tva&Expires=1669697736&ssig=iFJI5eKste", "verified_reason": "", "verified_trade": "", "verified_reason_url": "", "verified_source": "", "verified_source_url": "", "follow_me": false, "like": false, "like_me": false, "online_status": 0, "bi_followers_count": 60, "lang": "zh-cn", "star": 0, "mbtype": 0, "mbrank": 0, "svip": 0, "mb_expire_time": 0, "block_word": 0, "block_app": 0, "chaohua_ability": 0, "brand_ability": 0, "nft_ability": 0, "vplus_ability": 0, "wenda_ability": 0, "live_ability": 0, "gongyi_ability": 0, "paycolumn_ability": 0, "newbrand_ability": 0, "ecommerce_ability": 0, "hardfan_ability": 0, "credit_score": 80, "user_ability": 2359296, "urank": 2, "story_read_state": -1, "vclub_member": 0, "is_teenager": 0, "is_guardian": 0, "is_teenager_list": 0, "pc_new": 6, "special_follow": false, "planet_video": 2, "video_mark": 0, "live_status": 0, "user_ability_extend": 0, "status_total_counter": {"total_cnt": 9924, "repost_cnt": 123, "comment_cnt": 3130, "like_cnt": 3860, "comment_like_cnt": 2811}, "video_total_counter": {"play_cnt": 522}, "brand_account": 0, "hongbaofei": 0, "tab_manage": "[0, 0]", "reward_status": 0, "green_mode": 0, "urisk": 52076478464, "avatar_type": 0}, "mid": "4832417339146341", "idstr": "4832417339146341", "status": {"visible": {"type": 0, "list_id": 0}, "created_at": "Sat Nov 05 10:12:03 +0800 2022", "id": 4832387081702058, "idstr": "4832387081702058", "mid": "4832387081702058", "can_edit": false, "version": 1, "show_additional_indication": 0, "text": "#呼和浩特[超话]# 被封三个月的新疆人为呼和浩特发声 ​", "textLength": 49, "source_allowclick": 0, "source_type": 2, "source": "<a href=\"http://weibo.com/\" rel=\"nofollow\">iPhone客户端</a>", "favorited": false, "truncated": false, "in_reply_to_status_id": "", "in_reply_to_user_id": "", "in_reply_to_screen_name": "", "pic_urls": [{"thumbnail_pic": "http://wx2.sinaimg.cn/thumbnail/0068Uroyly1h7u13h0iapj30qo11879j.jpg"}, {"thumbnail_pic": "http://wx3.sinaimg.cn/thumbnail/0068Uroyly1h7u13hcm8bj30r90k6n0e.jpg"}], "thumbnail_pic": "http://wx2.sinaimg.cn/thumbnail/0068Uroyly1h7u13h0iapj30qo11879j.jpg", "bmiddle_pic": "http://wx2.sinaimg.cn/bmiddle/0068Uroyly1h7u13h0iapj30qo11879j.jpg", "original_pic": "http://wx2.sinaimg.cn/large/0068Uroyly1h7u13h0iapj30qo11879j.jpg", "geo": null, "is_paid": false, "mblog_vip_type": 0, "user": {"id": 5628459358, "idstr": "5628459358", "class": 1, "screen_name": "不喝可乐会死的吗", "name": "不喝可乐会死的吗", "province": "100", "city": "1000", "location": "其他", "description": "0209", "url": "", "profile_image_url": "https://tvax1.sinaimg.cn/crop.0.0.400.400.50/0068Uroyly8h2pkajylkjj30b40b4glx.jpg?KID=imgbed,tva&Expires=1669697736&ssig=Dm2E1VXQ2k", "light_ring": false, "cover_image": "http://wx1.sinaimg.cn/crop.0.0.920.300/0068Uroyly1fd093mue1ej30pk08c443.jpg", "cover_image_phone": "http://ww2.sinaimg.cn/crop.0.0.640.640.640/68f96449jw1ergqx79rw4j20hs0hswh0.jpg", "profile_url": "u/5628459358", "domain": "", "weihao": "", "gender": "m", "followers_count": 91, "followers_count_str": "91", "friends_count": 125, "pagefriends_count": 4, "statuses_count": 61, "video_status_count": 6, "video_play_count": 0, "super_topic_not_syn_count": 5, "favourites_count": 0, "created_at": "Wed Jun 10 18:30:58 +0800 2015", "following": false, "allow_all_act_msg": false, "geo_enabled": true, "verified": false, "verified_type": -1, "remark": "", "insecurity": {"sexual_content": false}, "ptype": 0, "allow_all_comment": true, "avatar_large": "https://tvax1.sinaimg.cn/crop.0.0.400.400.180/0068Uroyly8h2pkajylkjj30b40b4glx.jpg?KID=imgbed,tva&Expires=1669697736&ssig=khhxUN3QLJ", "avatar_hd": "https://tvax1.sinaimg.cn/crop.0.0.400.400.1024/0068Uroyly8h2pkajylkjj30b40b4glx.jpg?KID=imgbed,tva&Expires=1669697736&ssig=%2BGjBw%2BhoBv", "verified_reason": "", "verified_trade": "", "verified_reason_url": "", "verified_source": "", "verified_source_url": "", "follow_me": false, "like": false, "like_me": false, "online_status": 0, "bi_followers_count": 63, "lang": "zh-cn", "star": 0, "mbtype": 2, "mbrank": 1, "svip": 0, "mb_expire_time": 1638115199, "block_word": 0, "block_app": 0, "chaohua_ability": 0, "brand_ability": 0, "nft_ability": 0, "vplus_ability": 0, "wenda_ability": 0, "live_ability": 0, "gongyi_ability": 0, "paycolumn_ability": 0, "newbrand_ability": 0, "ecommerce_ability": 0, "hardfan_ability": 0, "credit_score": 80, "user_ability": 35914752, "urank": 21, "story_read_state": -1, "vclub_member": 0, "is_teenager": 0, "is_guardian": 0, "is_teenager_list": 0, "pc_new": 0, "special_follow": false, "planet_video": 2, "video_mark": 2, "live_status": 0, "user_ability_extend": 0, "status_total_counter": {"total_cnt": 565, "repost_cnt": 3, "comment_cnt": 291, "like_cnt": 217, "comment_like_cnt": 54}, "video_total_counter": {"play_cnt": 11055}, "brand_account": 0, "hongbaofei": 0, "tab_manage": "[16912010, 0]", "reward_status": 0, "green_mode": 0, "urisk": 0, "avatar_type": 0}, "annotations": [{"photo_sub_type": "0,0"}, {}, {"client_mblogid": "iPhone-A138FF3A-B73C-43CF-A78F-B318FB23B248"}, {"mapi_request": true}], "reposts_count": 0, "comments_count": 0, "reprint_cmt_count": 0, "attitudes_count": 0, "pending_approval_count": 0, "isLongText": false, "reward_exhibition_type": 0, "hide_flag": 0, "mlevel": 128, "show_mlevel": 0, "biz_feature": 4294967300, "topic_id": "1022:100808e8fc833958f84db2bd5a4e0cafa0d9e3", "sync_mblog": true, "is_imported_topic": false, "page_type": 32, "hasActionTypeCard": 0, "darwin_tags": [], "hot_weibo_tags": [], "text_tag_tips": [], "mblogtype": 0, "userType": 0, "mlevelSource": "monitor", "more_info_type": 0, "number_display_strategy": {"apply_scenario_flag": 3, "display_text_min_number": 1000000, "display_text": "100万+"}, "positive_recom_flag": 0, "content_auth": 0, "gif_ids": "", "is_show_bulletin": 2, "comment_manage_info": {"comment_permission_type": -1, "approval_comment_type": 0, "comment_sort_type": 0, "ai_play_picture_type": 0}, "pic_num": 2, "can_reprint": false, "new_comment_style": 0}, "readtimetype": "comment", "match_ai_play_picture": false}