{"created_at": "Fri Aug 05 22:24:46 +0800 2022", "id": 4799231791989029, "rootid": 4799231791989029, "rootidstr": "4799231791989029", "floor_number": 3, "text": "我也在等了[单身狗]", "disable_reply": 0, "restrictOperate": 0, "source_allowclick": 0, "source_type": 4, "source": "<a href=\"\" rel=\"nofollow\">来自浙江</a>", "user": {"id": 5336715016, "idstr": "5336715016", "class": 1, "screen_name": "鲜胃虾虾", "name": "鲜胃虾虾", "province": "33", "city": "1000", "location": "浙江", "description": "", "url": "", "profile_image_url": "https://tvax3.sinaimg.cn/crop.0.0.750.750.50/005PajmEly8h3qopjpbuwj30ku0kuq4k.jpg?KID=imgbed,tva&Expires=1669974998&ssig=nWJhWhMCpi", "light_ring": false, "cover_image_phone": "http://wx1.sinaimg.cn/crop.0.0.640.640.640/005PajmEgy1h6kfs8wmgcj30u00u0di0.jpg", "profile_url": "u/5336715016", "domain": "", "weihao": "", "gender": "f", "followers_count": 2739, "followers_count_str": "2739", "friends_count": 305, "pagefriends_count": 0, "statuses_count": 125, "video_status_count": 2, "video_play_count": 0, "super_topic_not_syn_count": 0, "favourites_count": 38, "created_at": "Sat Oct 18 20:45:55 +0800 2014", "following": false, "allow_all_act_msg": false, "geo_enabled": true, "verified": false, "verified_type": -1, "remark": "", "insecurity": {"sexual_content": false}, "ptype": 0, "allow_all_comment": true, "avatar_large": "https://tvax3.sinaimg.cn/crop.0.0.750.750.180/005PajmEly8h3qopjpbuwj30ku0kuq4k.jpg?KID=imgbed,tva&Expires=1669974998&ssig=10oZ7RV30y", "avatar_hd": "https://tvax3.sinaimg.cn/crop.0.0.750.750.1024/005PajmEly8h3qopjpbuwj30ku0kuq4k.jpg?KID=imgbed,tva&Expires=1669974998&ssig=ugvqZVGkpL", "verified_reason": "", "verified_trade": "", "verified_reason_url": "", "verified_source": "", "verified_source_url": "", "follow_me": false, "like": false, "like_me": false, "online_status": 0, "bi_followers_count": 129, "lang": "zh-cn", "star": 0, "mbtype": 11, "mbrank": 4, "svip": 0, "mb_expire_time": 1670601600, "block_word": 0, "block_app": 1, "chaohua_ability": 0, "brand_ability": 0, "nft_ability": 0, "vplus_ability": 0, "wenda_ability": 0, "live_ability": 0, "gongyi_ability": 0, "paycolumn_ability": 0, "newbrand_ability": 0, "ecommerce_ability": 0, "hardfan_ability": 0, "credit_score": 80, "user_ability": 263168, "cardid": "vip_012", "avatargj_id": "gj_vip_045", "urank": 29, "story_read_state": -1, "vclub_member": 0, "is_teenager": 0, "is_guardian": 0, "is_teenager_list": 0, "pc_new": 7, "special_follow": false, "planet_video": 2, "video_mark": 2, "live_status": 0, "user_ability_extend": 0, "status_total_counter": {"total_cnt": 1654, "repost_cnt": 0, "comment_cnt": 468, "like_cnt": 1186, "comment_like_cnt": 0}, "video_total_counter": {"play_cnt": 2417}, "brand_account": 0, "hongbaofei": 0, "tab_manage": "[16909450, 0]", "reward_status": 0, "green_mode": 0, "urisk": 8589934592, "avatar_type": 0}, "mid": "4799231791989029", "idstr": "4799231791989029", "status": {"visible": {"type": 0, "list_id": 0}, "created_at": "Fri Aug 05 20:28:19 +0800 2022", "id": 4799202481670790, "idstr": "4799202481670790", "mid": "4799202481670790", "can_edit": false, "version": 2, "show_additional_indication": 0, "text": "隔离日记Day 1\n果然还是逃不过拉出来隔离的命啦 本来看到这个住宿条件真滴要哭了 但是听到有些隔离的被拉去住毛胚房和监狱 那还是开心不少了的 果然 人的快乐都是建立在别人的痛苦之上的 \n单人单间 可能要跟吴易一个星期见不到了耶（虽然就住隔壁） 在一起六年很少有分开这么久的时候 想想还有些小激动 ​", "textLength": 416, "source_allowclick": 0, "source_type": 1, "source": "<a href=\"http://app.weibo.com/t/feed/5ZvNZY\" rel=\"nofollow\">iPhone 12 Pro</a>", "favorited": false, "truncated": false, "in_reply_to_status_id": "", "in_reply_to_user_id": "", "in_reply_to_screen_name": "", "pic_urls": [{"thumbnail_pic": "http://wx4.sinaimg.cn/thumbnail/005TI2YFgy1h4w5kvh8b2j32c02c0u0x.jpg"}], "thumbnail_pic": "http://wx4.sinaimg.cn/thumbnail/005TI2YFgy1h4w5kvh8b2j32c02c0u0x.jpg", "bmiddle_pic": "http://wx4.sinaimg.cn/bmiddle/005TI2YFgy1h4w5kvh8b2j32c02c0u0x.jpg", "original_pic": "http://wx4.sinaimg.cn/large/005TI2YFgy1h4w5kvh8b2j32c02c0u0x.jpg", "geo": null, "is_paid": false, "mblog_vip_type": 0, "user": {"id": 5403860521, "idstr": "5403860521", "class": 1, "screen_name": "NiAnJuNLuuu-", "name": "NiAnJuNLuuu-", "province": "100", "city": "1000", "location": "其他", "description": "还是喜欢冷漠刻薄自私的自己", "url": "", "profile_image_url": "https://tvax4.sinaimg.cn/crop.0.0.1080.1080.50/005TI2YFly8gw49okm4ndj30u00u0myl.jpg?KID=imgbed,tva&Expires=1669974998&ssig=2FoVrbE3Gi", "light_ring": false, "cover_image_phone": "http://ww1.sinaimg.cn/crop.0.0.640.640.640/9d44112bjw1f1xl1c10tuj20hs0hs0tw.jpg", "profile_url": "u/5403860521", "domain": "", "weihao": "", "gender": "f", "followers_count": 98, "followers_count_str": "98", "friends_count": 218, "pagefriends_count": 1, "statuses_count": 134, "video_status_count": 0, "video_play_count": 0, "super_topic_not_syn_count": 0, "favourites_count": 2, "created_at": "Fri Jan 02 13:05:58 +0800 2015", "following": false, "allow_all_act_msg": false, "geo_enabled": true, "verified": false, "verified_type": -1, "remark": "", "insecurity": {"sexual_content": false}, "ptype": 0, "allow_all_comment": true, "avatar_large": "https://tvax4.sinaimg.cn/crop.0.0.1080.1080.180/005TI2YFly8gw49okm4ndj30u00u0myl.jpg?KID=imgbed,tva&Expires=1669974998&ssig=Mv4UN4ykDm", "avatar_hd": "https://tvax4.sinaimg.cn/crop.0.0.1080.1080.1024/005TI2YFly8gw49okm4ndj30u00u0myl.jpg?KID=imgbed,tva&Expires=1669974998&ssig=APSGlR5p%2Fv", "verified_reason": "", "verified_trade": "", "verified_reason_url": "", "verified_source": "", "verified_source_url": "", "follow_me": false, "like": false, "like_me": false, "online_status": 0, "bi_followers_count": 46, "lang": "zh-cn", "star": 0, "mbtype": 12, "mbrank": 6, "svip": 0, "mb_expire_time": 1700064000, "block_word": 0, "block_app": 1, "chaohua_ability": 0, "brand_ability": 0, "nft_ability": 0, "vplus_ability": 0, "wenda_ability": 0, "live_ability": 0, "gongyi_ability": 0, "paycolumn_ability": 0, "newbrand_ability": 0, "ecommerce_ability": 0, "hardfan_ability": 0, "credit_score": 80, "user_ability": 2097152, "avatargj_id": "gj_vip_061", "urank": 14, "story_read_state": -1, "vclub_member": 0, "is_teenager": 0, "is_guardian": 0, "is_teenager_list": 0, "pc_new": 0, "special_follow": false, "planet_video": 0, "video_mark": 0, "live_status": 0, "user_ability_extend": 0, "status_total_counter": {"total_cnt": 373, "repost_cnt": 3, "comment_cnt": 207, "like_cnt": 163, "comment_like_cnt": 0}, "video_total_counter": {"play_cnt": -1}, "brand_account": 0, "hongbaofei": 0, "tab_manage": "[0, 0]", "reward_status": 0, "green_mode": 0, "urisk": 0, "avatar_type": 0}, "annotations": [{"photo_sub_type": "1"}, {}, {"client_mblogid": "iPhone-7269303E-1647-48B3-B957-0DB94FAC1286"}, {"mapi_request": true}], "pic_video": "0:000wsKsdgx07YbnMB3bV0f0f0100cQhO0k01", "reposts_count": 0, "comments_count": 0, "reprint_cmt_count": 0, "attitudes_count": 0, "pending_approval_count": 0, "isLongText": true, "reward_exhibition_type": 0, "hide_flag": 0, "mlevel": 128, "show_mlevel": 0, "biz_feature": 4294967300, "hasActionTypeCard": 0, "darwin_tags": [], "hot_weibo_tags": [], "text_tag_tips": [], "mblogtype": 0, "userType": 0, "mlevelSource": "monitor", "more_info_type": 0, "number_display_strategy": {"apply_scenario_flag": 3, "display_text_min_number": 1000000, "display_text": "100万+"}, "positive_recom_flag": 0, "content_auth": 0, "gif_ids": "", "is_show_bulletin": 2, "comment_manage_info": {"comment_permission_type": -1, "approval_comment_type": 0, "comment_sort_type": 0, "ai_play_picture_type": 0}, "pic_num": 1, "can_reprint": false, "new_comment_style": 0}, "readtimetype": "comment", "match_ai_play_picture": false}