{"mid": "5801031880", "uid": "LxTYCtVHl", "name": "武汉视觉艺术研究", "time": "2022-6-16 01:43:00", "local": "湖北", "iphone": "微博视频号", "context": "【视觉空间】热点关注：#武汉视觉艺术研究##跟新浪看热点##今日视点#.【唐山再爆：一名女研究生被强奸后打断腿，她在公路上爬行几公里求助……】@QQ浏览器.唐山再爆：一名女研究生被强奸后打断腿，她在公路上爬行几公里求助……#唐山再爆：一名女研究生被强奸后打断腿，她在公路上爬行几公里求助……##好影天天看##观点#大鳄巧取豪夺，人渣浑水摸鱼，人民力量不可污，除恶务求必尽！主持人小紫妹：一个不容忽视的问题.....深扒唐山事件背后我们不得不关注的隐忧！.#唐山打人事件背后的思考.#严惩黑恶势力.#唐山打人事件找粉进群➡️微博正文⬅️见粉必回#高能##正能量#.敬-美-耗-玉的微博视频更多精彩链接：#唐山蛋糕店事件嫌疑人落网##网友为唐山被打住院女子送花##警方通报唐山蛋糕店被敲诈勒索事件##扫黑除恶回头看##唐山公安局回应是否增设接待窗口##唐山市委书记市长检查雷霆风暴行动##唐山市领导凌晨检查雷霆风暴行动##唐山打人事件背后的思考##唐山群众排队四小时未进接待室##罗翔谈唐山烧烤店打人案##罗翔.没有愤怒就没有正义##好影天天看##观点##唐山打人事件背后的思考.##唐山打人事件找粉进群➡️微博正文⬅️见粉必回#高能##正能量#.敬-美-耗-玉的微博视频..查看图片", "comment_num": "0", "like_num": "0", "user": {"focus": "5659", "fans": "746", "tweet": "13812"}}