{"created_at": "Fri Dec 16 12:20:02 +0800 2022", "id": 4847277187015185, "rootid": 4847271030819655, "rootidstr": "4847271030819655", "floor_number": 0, "text": "回复@Forest_Spring:啊那我要退费[嘻嘻]", "disable_reply": 0, "restrictOperate": 0, "source_allowclick": 0, "source_type": 4, "source": "<a href=\"\" rel=\"nofollow\">来自河南</a>", "comment_badge": [{"pic_url": "https://h5.sinaimg.cn/upload/114/962/2022/07/08/member_0_bigfan1_3.png", "name": "loyal_fans", "length": 1.33, "actionlog": {"act_code": "3671", "ext": "status:fans"}, "scheme": "https://kefu.weibo.com/faqdetail?id=20848", "new_icon": true}], "user": {"id": 5874143840, "idstr": "5874143840", "class": 1, "screen_name": "收藏了鲍贝", "name": "收藏了鲍贝", "province": "100", "city": "1000", "location": "其他", "description": "“你肯定会像今天一样，等着我突然出现。”  有男友", "url": "", "profile_image_url": "https://tvax1.sinaimg.cn/crop.0.0.512.512.50/006pxj9uly8gr8z22okspj30e80e80t7.jpg?KID=imgbed,tva&Expires=1674051814&ssig=iDtK17QJbb", "light_ring": false, "cover_image_phone": "https://ww1.sinaimg.cn/crop.0.0.640.640.640/9d44112bjw1f1xl1c10tuj20hs0hs0tw.jpg", "profile_url": "u/5874143840", "domain": "", "weihao": "", "gender": "f", "followers_count": 276, "followers_count_str": "276", "friends_count": 117, "pagefriends_count": 7, "statuses_count": 228, "video_status_count": 37, "video_play_count": 0, "super_topic_not_syn_count": 4, "favourites_count": 3, "created_at": "Sun Mar 06 00:31:20 +0800 2016", "following": false, "allow_all_act_msg": false, "geo_enabled": true, "verified": false, "verified_type": -1, "remark": "", "insecurity": {"sexual_content": false}, "ptype": 0, "allow_all_comment": true, "avatar_large": "https://tvax1.sinaimg.cn/crop.0.0.512.512.180/006pxj9uly8gr8z22okspj30e80e80t7.jpg?KID=imgbed,tva&Expires=1674051814&ssig=lZ3vphiEmL", "avatar_hd": "https://tvax1.sinaimg.cn/crop.0.0.512.512.1024/006pxj9uly8gr8z22okspj30e80e80t7.jpg?KID=imgbed,tva&Expires=1674051814&ssig=0kxZMFzSlN", "verified_reason": "", "verified_trade": "", "verified_reason_url": "", "verified_source": "", "verified_source_url": "", "follow_me": false, "like": false, "like_me": false, "online_status": 0, "bi_followers_count": 25, "lang": "zh-cn", "star": 0, "mbtype": 2, "mbrank": 1, "svip": 0, "mb_expire_time": 1672156799, "block_word": 0, "block_app": 0, "chaohua_ability": 0, "brand_ability": 0, "nft_ability": 0, "vplus_ability": 0, "wenda_ability": 0, "live_ability": 0, "gongyi_ability": 0, "paycolumn_ability": 0, "newbrand_ability": 0, "ecommerce_ability": 0, "hardfan_ability": 0, "wbcolumn_ability": 0, "credit_score": 80, "user_ability": 3407872, "cardid": "star_1554", "avatargj_id": "gj_vip_053", "urank": 9, "story_read_state": -1, "vclub_member": 0, "is_teenager": 0, "is_guardian": 0, "is_teenager_list": 0, "pc_new": 7, "special_follow": false, "planet_video": 2, "video_mark": 3, "live_status": 0, "user_ability_extend": 0, "status_total_counter": {"total_cnt": 1213, "repost_cnt": 1, "comment_cnt": 461, "like_cnt": 731, "comment_like_cnt": 20}, "video_total_counter": {"play_cnt": 27418}, "brand_account": 0, "hongbaofei": 0, "tab_manage": "[0, 0]", "reward_status": 0, "green_mode": 0, "urisk": 0, "unfollowing_recom_switch": 1, "avatar_type": 0}, "mid": "4847277187015185", "idstr": "4847277187015185", "status": {"visible": {"type": 0, "list_id": 0}, "created_at": "Fri Dec 16 11:52:24 +0800 2022", "id": 4847270232855372, "idstr": "4847270232855372", "mid": "4847270232855372", "edit_count": 2, "can_edit": false, "edit_at": "Fri Dec 16 13:13:27 +0800 2022", "version": 4, "show_additional_indication": 0, "text": "#国考重启#看短信内容有可能给同时参加国考和教资面试的同学错开考试时间，那大概率会把教资面试安排在7号（尤其是上午）或者9号，那几天就是要辛苦一点。#国考笔试与教资面试撞了怎么办# #教资面试# ​", "textLength": 185, "source_allowclick": 0, "source_type": 2, "source": "", "favorited": false, "truncated": false, "in_reply_to_status_id": "", "in_reply_to_user_id": "", "in_reply_to_screen_name": "", "pic_urls": [{"thumbnail_pic": "http://wx1.sinaimg.cn/thumbnail/0066piQXly1h95i9bxryaj30ty0pe7ad.jpg"}, {"thumbnail_pic": "http://wx1.sinaimg.cn/thumbnail/0066piQXly1h95ikwwr51j30hs0e50vl.jpg"}], "thumbnail_pic": "http://wx1.sinaimg.cn/thumbnail/0066piQXly1h95i9bxryaj30ty0pe7ad.jpg", "bmiddle_pic": "http://wx1.sinaimg.cn/bmiddle/0066piQXly1h95i9bxryaj30ty0pe7ad.jpg", "original_pic": "http://wx1.sinaimg.cn/large/0066piQXly1h95i9bxryaj30ty0pe7ad.jpg", "geo": null, "is_paid": false, "mblog_vip_type": 0, "user": {"id": 5591485683, "idstr": "5591485683", "class": 1, "screen_name": "姜姜是个小叮当", "name": "姜姜是个小叮当", "province": "11", "city": "1000", "location": "北京", "description": "教师资格证考试的搬运工", "url": "", "profile_image_url": "https://tvax2.sinaimg.cn/crop.0.0.1080.1080.50/0066piQXly8gwxcrsd647j30u00u0770.jpg?KID=imgbed,tva&Expires=1674051814&ssig=fapsvBkrV4", "light_ring": false, "cover_image_phone": "https://ww2.sinaimg.cn/crop.0.0.640.640.640/0066piQXjw1f9kgaxj0i9j30e80e80t3.jpg;https://ww3.sinaimg.cn/crop.0.0.640.640.640/0066piQXjw1f8wlhsmknbj30yi0yiadv.jpg;https://ww1.sinaimg.cn/crop.0.0.640.640.640/0066piQXjw1f9kg8igt5uj30e80e8wfn.jpg;https://ww4.sinaimg.cn/crop.0.0.640.640.640/6ce2240djw1e8iktk4ohij20hs0hsmz6.jpg;https://ww1.sinaimg.cn/crop.0.0.640.640.640/0066piQXjw1f5oin26h15j30yi0yiagh.jpg", "profile_url": "u/5591485683", "domain": "", "weihao": "", "gender": "f", "followers_count": 3863621, "followers_count_str": "386.4万", "friends_count": 464, "pagefriends_count": 41, "statuses_count": 19290, "video_status_count": 1322, "video_play_count": 0, "super_topic_not_syn_count": 0, "favourites_count": 93, "created_at": "Sun Apr 19 17:59:11 +0800 2015", "following": false, "allow_all_act_msg": false, "geo_enabled": true, "verified": true, "verified_type": 0, "remark": "", "insecurity": {"sexual_content": false}, "ptype": 0, "allow_all_comment": true, "avatar_large": "https://tvax2.sinaimg.cn/crop.0.0.1080.1080.180/0066piQXly8gwxcrsd647j30u00u0770.jpg?KID=imgbed,tva&Expires=1674051814&ssig=ZZW7u89Irs", "avatar_hd": "https://tvax2.sinaimg.cn/crop.0.0.1080.1080.1024/0066piQXly8gwxcrsd647j30u00u0770.jpg?KID=imgbed,tva&Expires=1674051814&ssig=WMs%2BlXKAnM", "verified_reason": "头条文章作者", "verified_trade": "1203", "verified_reason_url": "", "verified_source": "", "verified_source_url": "", "verified_state": 0, "verified_level": 3, "verified_type_ext": 1, "has_service_tel": false, "verified_reason_modified": "", "verified_contact_name": "", "verified_contact_email": "", "verified_contact_mobile": "", "follow_me": false, "like": false, "like_me": false, "online_status": 0, "bi_followers_count": 89, "lang": "zh-cn", "star": 0, "mbtype": 12, "mbrank": 7, "svip": 0, "mb_expire_time": 1675699200, "block_word": 0, "block_app": 1, "chaohua_ability": 0, "brand_ability": 0, "nft_ability": 0, "vplus_ability": 1, "wenda_ability": 1, "live_ability": 1, "gongyi_ability": 0, "paycolumn_ability": 3, "newbrand_ability": 0, "ecommerce_ability": 0, "hardfan_ability": 1, "wbcolumn_ability": 0, "credit_score": 80, "user_ability": -2135553508, "cardid": "star_1621", "avatargj_id": "gj_vip_758", "urank": 46, "story_read_state": -1, "verified_detail": {"custom": 0, "data": [{"key": 4, "sub_key": 9, "weight": 999, "desc": "头条文章作者"}]}, "vclub_member": 0, "is_teenager": 0, "is_guardian": 0, "is_teenager_list": 1, "pc_new": 7, "special_follow": false, "planet_video": 2, "video_mark": 15, "live_status": 0, "user_ability_extend": 1, "status_total_counter": {"total_cnt": 20576690, "repost_cnt": 2077561, "comment_cnt": 5988102, "like_cnt": 10287619, "comment_like_cnt": 2223408}, "video_total_counter": {"play_cnt": 156898586}, "brand_account": 0, "hongbaofei": 0, "tab_manage": "[0, 0]", "reward_status": 0, "green_mode": 0, "urisk": 0, "unfollowing_recom_switch": 1, "avatar_type": 0}, "annotations": [{"photo_sub_type": "0,0"}, {}, {"client_mblogid": "iPhone-4780FC59-EA66-409F-9B93-A43D5DA141D6"}, {"mapi_request": true}], "picStatus": "0:1,1:1", "reposts_count": 0, "comments_count": 0, "reprint_cmt_count": 0, "attitudes_count": 0, "pending_approval_count": 0, "isLongText": false, "reward_exhibition_type": 0, "hide_flag": 0, "mlevel": 0, "show_mlevel": 0, "biz_feature": 4294967300, "page_type": 64, "hasActionTypeCard": 0, "darwin_tags": [], "hot_weibo_tags": [], "text_tag_tips": [], "mblogtype": 0, "userType": 0, "more_info_type": 0, "cardid": "star_1621", "number_display_strategy": {"apply_scenario_flag": 3, "display_text_min_number": 1000000, "display_text": "100万+"}, "positive_recom_flag": 0, "content_auth": 0, "gif_ids": "", "is_show_bulletin": 2, "comment_manage_info": {"comment_permission_type": -1, "approval_comment_type": 0, "comment_sort_type": 0, "ai_play_picture_type": 0}, "pic_num": 2, "can_reprint": false, "new_comment_style": 0}, "reply_comment": {"created_at": "Fri Dec 16 12:06:59 +0800 2022", "id": 4847273902610121, "rootid": 4847271030819655, "rootidstr": "4847271030819655", "floor_number": 0, "text": "回复@收藏了鲍贝:国考可以退费，公告里说了", "disable_reply": 0, "restrictOperate": 0, "user": {"id": 7564850919, "idstr": "7564850919", "class": 1, "screen_name": "Forest_Spring", "name": "Forest_Spring", "province": "37", "city": "6", "location": "山东 烟台", "description": ":不开心就吹吹晚风", "url": "", "profile_image_url": "https://tvax1.sinaimg.cn/crop.0.0.720.720.50/008fXlivly8h02tz9esf7j30k00k0jt0.jpg?KID=imgbed,tva&Expires=1674051814&ssig=8Tu8cuZ0uc", "light_ring": false, "cover_image_phone": "https://ww1.sinaimg.cn/crop.0.0.640.640.640/549d0121tw1egm1kjly3jj20hs0hsq4f.jpg", "profile_url": "u/7564850919", "domain": "", "weihao": "", "gender": "f", "followers_count": 2, "followers_count_str": "2", "friends_count": 15, "pagefriends_count": 8, "statuses_count": 15, "video_status_count": 1, "video_play_count": 0, "super_topic_not_syn_count": 0, "favourites_count": 0, "created_at": "Sun Feb 14 21:56:44 +0800 2021", "following": false, "allow_all_act_msg": false, "geo_enabled": true, "verified": false, "verified_type": -1, "remark": "", "insecurity": {"sexual_content": false}, "ptype": 0, "allow_all_comment": true, "avatar_large": "https://tvax1.sinaimg.cn/crop.0.0.720.720.180/008fXlivly8h02tz9esf7j30k00k0jt0.jpg?KID=imgbed,tva&Expires=1674051814&ssig=GCkqtQBe1M", "avatar_hd": "https://tvax1.sinaimg.cn/crop.0.0.720.720.1024/008fXlivly8h02tz9esf7j30k00k0jt0.jpg?KID=imgbed,tva&Expires=1674051814&ssig=hYpgbh5ETK", "verified_reason": "", "verified_trade": "", "verified_reason_url": "", "verified_source": "", "verified_source_url": "", "follow_me": false, "like": false, "like_me": false, "online_status": 0, "bi_followers_count": 1, "lang": "zh-cn", "star": 0, "mbtype": 2, "mbrank": 1, "svip": 0, "mb_expire_time": 1644335999, "block_word": 0, "block_app": 0, "credit_score": 80, "user_ability": 2359296, "avatargj_id": "gj_vip_660", "urank": 0, "story_read_state": -1, "vclub_member": 0, "is_teenager": 0, "is_guardian": 0, "is_teenager_list": 0, "pc_new": 0, "special_follow": false, "planet_video": 0, "video_mark": 0, "live_status": 0, "user_ability_extend": 0, "status_total_counter": {"total_cnt": 1556, "repost_cnt": 391, "comment_cnt": 336, "like_cnt": 731, "comment_like_cnt": 98}, "video_total_counter": {"play_cnt": 1133}, "brand_account": 0, "hongbaofei": 0, "tab_manage": "[16912010, 0]", "green_mode": 0, "urisk": 524288, "unfollowing_recom_switch": 1, "block": 0, "block_me": 0, "avatar_type": 0}, "mid": "4847273902610121", "idstr": "4847273902610121", "match_ai_play_picture": false}, "reply_original_text": "啊那我要退费[嘻嘻]", "readtimetype": "comment", "match_ai_play_picture": false}