{"created_at": "Tue Nov 22 11:11:54 +0800 2022", "id": 4838562732705291, "rootid": 4838551243459248, "rootidstr": "4838551243459248", "floor_number": 0, "text": "回复@安非他命201102:我听说在转车4小时之内是可以不要被隔离的", "disable_reply": 0, "is_mblog_author": true, "restrictOperate": 0, "source_allowclick": 0, "source_type": 4, "source": "<a href=\"\" rel=\"nofollow\">来自安徽</a>", "comment_badge": [{"pic_url": "https://h5.sinaimg.cn/upload/1007/25/2019/05/17/feed_icon_poster_identity133low.png", "name": "blogger", "length": 1.33, "actionlog": {"act_code": "3671", "ext": "status:author"}, "scheme": "https://kefu.weibo.com/faqdetail?id=20848"}], "user": {"id": 5993324218, "idstr": "5993324218", "class": 1, "screen_name": "不发吃不到炒粉疯我发什么疯", "name": "不发吃不到炒粉疯我发什么疯", "province": "100", "city": "1000", "location": "其他", "description": "祝我讨厌的人2023被创亖", "url": "", "profile_image_url": "https://tvax2.sinaimg.cn/crop.0.0.600.600.50/006xBnpEly8h93e7dfia9j30go0gon0w.jpg?KID=imgbed,tva&Expires=1674071137&ssig=QesSaMQuw8", "light_ring": false, "cover_image_phone": "https://ww2.sinaimg.cn/crop.0.0.640.640.640/68f96449jw1ergqx79rw4j20hs0hswh0.jpg", "profile_url": "u/5993324218", "domain": "", "weihao": "", "gender": "m", "followers_count": 110, "followers_count_str": "110", "friends_count": 418, "pagefriends_count": 132, "statuses_count": 3393, "video_status_count": 10, "video_play_count": 0, "super_topic_not_syn_count": 1, "favourites_count": 175, "created_at": "Mon Jul 25 16:38:18 +0800 2016", "following": false, "allow_all_act_msg": false, "geo_enabled": true, "verified": false, "verified_type": -1, "remark": "", "insecurity": {"sexual_content": false}, "ptype": 0, "allow_all_comment": true, "avatar_large": "https://tvax2.sinaimg.cn/crop.0.0.600.600.180/006xBnpEly8h93e7dfia9j30go0gon0w.jpg?KID=imgbed,tva&Expires=1674071137&ssig=uRygz7JvyE", "avatar_hd": "https://tvax2.sinaimg.cn/crop.0.0.600.600.1024/006xBnpEly8h93e7dfia9j30go0gon0w.jpg?KID=imgbed,tva&Expires=1674071137&ssig=RU4HX0lmcf", "verified_reason": "", "verified_trade": "", "verified_reason_url": "", "verified_source": "", "verified_source_url": "", "follow_me": false, "like": false, "like_me": false, "online_status": 0, "bi_followers_count": 0, "lang": "zh-cn", "star": 0, "mbtype": 0, "mbrank": 0, "svip": 0, "mb_expire_time": 0, "block_word": 0, "block_app": 0, "chaohua_ability": 0, "brand_ability": 0, "nft_ability": 0, "vplus_ability": 0, "wenda_ability": 0, "live_ability": 0, "gongyi_ability": 0, "paycolumn_ability": 0, "newbrand_ability": 0, "ecommerce_ability": 0, "hardfan_ability": 0, "wbcolumn_ability": 0, "credit_score": 80, "user_ability": 3408896, "cardid": "star_695", "avatargj_id": "gj_vip_059", "urank": 4, "story_read_state": -1, "vclub_member": 0, "is_teenager": 0, "is_guardian": 0, "is_teenager_list": 0, "pc_new": 7, "special_follow": false, "planet_video": 2, "video_mark": 0, "live_status": 0, "user_ability_extend": 0, "status_total_counter": {"total_cnt": 554, "repost_cnt": 6, "comment_cnt": 336, "like_cnt": 184, "comment_like_cnt": 28}, "video_total_counter": {"play_cnt": 1355}, "brand_account": 0, "hongbaofei": 0, "tab_manage": "[0, 0]", "reward_status": 0, "green_mode": 0, "urisk": 17179869184, "unfollowing_recom_switch": 1, "avatar_type": 0}, "mid": "4838562732705291", "idstr": "4838562732705291", "status": {"visible": {"type": 0, "list_id": 0}, "created_at": "Mon Nov 21 10:21:26 +0800 2022", "id": 4838187644752089, "idstr": "4838187644752089", "mid": "4838187644752089", "can_edit": false, "version": 1, "show_additional_indication": 0, "text": "#西北师范大学[超话]#\n姐妹们，姐妹们\n我现在上了出租车\n问了一下出租车师傅兰州静默的事\n他说星期三开始静默了 ，可能要一直静默到12月去了\n建议大家都快点走 ​", "textLength": 148, "source_allowclick": 1, "source_type": 1, "source": "<a href=\"http://app.weibo.com/t/feed/5R1jCp\" rel=\"nofollow\">真我Q5 Pro</a>", "favorited": false, "truncated": false, "in_reply_to_status_id": "", "in_reply_to_user_id": "", "in_reply_to_screen_name": "", "pic_urls": [], "geo": null, "is_paid": false, "mblog_vip_type": 0, "user": {"id": 5993324218, "idstr": "5993324218", "class": 1, "screen_name": "不发吃不到炒粉疯我发什么疯", "name": "不发吃不到炒粉疯我发什么疯", "province": "100", "city": "1000", "location": "其他", "description": "祝我讨厌的人2023被创亖", "url": "", "profile_image_url": "https://tvax2.sinaimg.cn/crop.0.0.600.600.50/006xBnpEly8h93e7dfia9j30go0gon0w.jpg?KID=imgbed,tva&Expires=1674071137&ssig=QesSaMQuw8", "light_ring": false, "cover_image_phone": "https://ww2.sinaimg.cn/crop.0.0.640.640.640/68f96449jw1ergqx79rw4j20hs0hswh0.jpg", "profile_url": "u/5993324218", "domain": "", "weihao": "", "gender": "m", "followers_count": 110, "followers_count_str": "110", "friends_count": 418, "pagefriends_count": 132, "statuses_count": 3393, "video_status_count": 10, "video_play_count": 0, "super_topic_not_syn_count": 1, "favourites_count": 175, "created_at": "Mon Jul 25 16:38:18 +0800 2016", "following": false, "allow_all_act_msg": false, "geo_enabled": true, "verified": false, "verified_type": -1, "remark": "", "insecurity": {"sexual_content": false}, "ptype": 0, "allow_all_comment": true, "avatar_large": "https://tvax2.sinaimg.cn/crop.0.0.600.600.180/006xBnpEly8h93e7dfia9j30go0gon0w.jpg?KID=imgbed,tva&Expires=1674071137&ssig=uRygz7JvyE", "avatar_hd": "https://tvax2.sinaimg.cn/crop.0.0.600.600.1024/006xBnpEly8h93e7dfia9j30go0gon0w.jpg?KID=imgbed,tva&Expires=1674071137&ssig=RU4HX0lmcf", "verified_reason": "", "verified_trade": "", "verified_reason_url": "", "verified_source": "", "verified_source_url": "", "follow_me": false, "like": false, "like_me": false, "online_status": 0, "bi_followers_count": 0, "lang": "zh-cn", "star": 0, "mbtype": 0, "mbrank": 0, "svip": 0, "mb_expire_time": 0, "block_word": 0, "block_app": 0, "chaohua_ability": 0, "brand_ability": 0, "nft_ability": 0, "vplus_ability": 0, "wenda_ability": 0, "live_ability": 0, "gongyi_ability": 0, "paycolumn_ability": 0, "newbrand_ability": 0, "ecommerce_ability": 0, "hardfan_ability": 0, "wbcolumn_ability": 0, "credit_score": 80, "user_ability": 3408896, "cardid": "star_695", "avatargj_id": "gj_vip_059", "urank": 4, "story_read_state": -1, "vclub_member": 0, "is_teenager": 0, "is_guardian": 0, "is_teenager_list": 0, "pc_new": 7, "special_follow": false, "planet_video": 2, "video_mark": 0, "live_status": 0, "user_ability_extend": 0, "status_total_counter": {"total_cnt": 554, "repost_cnt": 6, "comment_cnt": 336, "like_cnt": 184, "comment_like_cnt": 28}, "video_total_counter": {"play_cnt": 1355}, "brand_account": 0, "hongbaofei": 0, "tab_manage": "[0, 0]", "reward_status": 0, "green_mode": 0, "urisk": 17179869184, "unfollowing_recom_switch": 1, "avatar_type": 0}, "annotations": [{}, {"super_exparams": "{\"system_pic_only\":0}"}, {"shooting": 1, "client_mblogid": "26df2dc7-7cde-4e63-983a-d65195f0c4e7"}, {"mapi_request": true}], "reposts_count": 0, "comments_count": 0, "reprint_cmt_count": 0, "attitudes_count": 0, "pending_approval_count": 0, "isLongText": false, "reward_exhibition_type": 0, "hide_flag": 0, "mlevel": 128, "show_mlevel": 0, "biz_feature": 0, "topic_id": "1022:100808d36eafd6f3fd4804ca9e0bdf2d9ad59d", "sync_mblog": true, "is_imported_topic": false, "page_type": 32, "hasActionTypeCard": 0, "darwin_tags": [], "hot_weibo_tags": [], "text_tag_tips": [], "mblogtype": 0, "userType": 0, "mlevelSource": "monitor", "more_info_type": 0, "number_display_strategy": {"apply_scenario_flag": 3, "display_text_min_number": 1000000, "display_text": "100万+"}, "positive_recom_flag": 0, "content_auth": 0, "gif_ids": "", "is_show_bulletin": 2, "comment_manage_info": {"comment_permission_type": -1, "approval_comment_type": 0, "comment_sort_type": 0, "ai_play_picture_type": 0}, "pic_num": 0, "can_reprint": false, "new_comment_style": 0}, "reply_comment": {"created_at": "Tue Nov 22 10:26:15 +0800 2022", "id": 4838551243459248, "rootid": 4838551243459248, "rootidstr": "4838551243459248", "floor_number": 19, "text": "坐火车到南昌要隔离吗？我也在南昌中转，还是闭环接送到高铁站[疑问]", "disable_reply": 0, "restrictOperate": 0, "user": {"id": 7181106925, "idstr": "7181106925", "class": 1, "screen_name": "安非他命201102", "name": "安非他命201102", "province": "35", "city": "1000", "location": "福建", "description": "", "url": "", "profile_image_url": "https://tvax1.sinaimg.cn/crop.0.0.1080.1080.50/007PZbXfly8gzwqov6eq8j30u00u0ta4.jpg?KID=imgbed,tva&Expires=1674071137&ssig=rAjmkCJh9K", "light_ring": false, "profile_url": "u/7181106925", "domain": "", "weihao": "", "gender": "m", "followers_count": 0, "followers_count_str": "0", "friends_count": 91, "pagefriends_count": 6, "statuses_count": 0, "video_status_count": 0, "video_play_count": 0, "super_topic_not_syn_count": 0, "favourites_count": 0, "created_at": "Thu Jun 06 12:03:31 +0800 2019", "following": false, "allow_all_act_msg": false, "geo_enabled": true, "verified": false, "verified_type": -1, "remark": "", "insecurity": {"sexual_content": false}, "ptype": 0, "allow_all_comment": true, "avatar_large": "https://tvax1.sinaimg.cn/crop.0.0.1080.1080.180/007PZbXfly8gzwqov6eq8j30u00u0ta4.jpg?KID=imgbed,tva&Expires=1674071137&ssig=HpMogGPIvJ", "avatar_hd": "https://tvax1.sinaimg.cn/crop.0.0.1080.1080.1024/007PZbXfly8gzwqov6eq8j30u00u0ta4.jpg?KID=imgbed,tva&Expires=1674071137&ssig=epNO5AO3Ng", "verified_reason": "", "verified_trade": "", "verified_reason_url": "", "verified_source": "", "verified_source_url": "", "follow_me": false, "like": false, "like_me": false, "online_status": 0, "bi_followers_count": 0, "lang": "zh-cn", "star": 0, "mbtype": 0, "mbrank": 0, "svip": 0, "mb_expire_time": 0, "block_word": 0, "block_app": 0, "chaohua_ability": 0, "brand_ability": 0, "nft_ability": 0, "vplus_ability": 0, "wenda_ability": 0, "live_ability": 0, "gongyi_ability": 0, "paycolumn_ability": 0, "newbrand_ability": 0, "ecommerce_ability": 0, "hardfan_ability": 0, "wbcolumn_ability": 0, "credit_score": 80, "user_ability": 2097152, "urank": 0, "story_read_state": -1, "vclub_member": 0, "is_teenager": 0, "is_guardian": 0, "is_teenager_list": 0, "pc_new": 0, "special_follow": false, "planet_video": 0, "video_mark": 0, "live_status": 0, "user_ability_extend": 0, "status_total_counter": {"total_cnt": 0, "repost_cnt": 0, "comment_cnt": 0, "like_cnt": 0, "comment_like_cnt": 0}, "video_total_counter": {"play_cnt": -1}, "brand_account": 0, "hongbaofei": 0, "tab_manage": "[0, 0]", "reward_status": 0, "green_mode": 0, "urisk": 524288, "unfollowing_recom_switch": 1, "avatar_type": 0}, "mid": "4838551243459248", "idstr": "4838551243459248", "match_ai_play_picture": false}, "reply_original_text": "我听说在转车4小时之内是可以不要被隔离的", "readtimetype": "comment", "match_ai_play_picture": false}