{"created_at": "Mon Dec 12 19:18:19 +0800 2022", "id": 4845932900520811, "rootid": 4845932900520811, "rootidstr": "4845932900520811", "floor_number": 97, "text": "你们都要好好的ok吗[爱你]", "disable_reply": 0, "restrictOperate": 0, "source_allowclick": 0, "source_type": 4, "source": "<a href=\"\" rel=\"nofollow\">来自北京</a>", "user": {"id": 6550934584, "idstr": "6550934584", "class": 1, "screen_name": "沐家挂面", "name": "沐家挂面", "province": "100", "city": "1000", "location": "其他", "description": "阿斯兰 | 真壁一骑 x 皆城总士 |美风蓝", "url": "", "profile_image_url": "https://tvax1.sinaimg.cn/crop.0.0.756.756.50/0079l3lely8h9xj4bgjbxj30l00l0dgo.jpg?KID=imgbed,tva&Expires=1674045231&ssig=NS%2FRhpiXrc", "light_ring": false, "cover_image_phone": "https://ww1.sinaimg.cn/crop.0.0.640.640.640/549d0121tw1egm1kjly3jj20hs0hsq4f.jpg", "profile_url": "u/6550934584", "domain": "", "weihao": "", "gender": "f", "followers_count": 64, "followers_count_str": "64", "friends_count": 600, "pagefriends_count": 54, "statuses_count": 2614, "video_status_count": 3, "video_play_count": 0, "super_topic_not_syn_count": 2, "favourites_count": 40, "created_at": "Tue May 15 18:32:26 +0800 2018", "following": false, "allow_all_act_msg": false, "geo_enabled": true, "verified": false, "verified_type": -1, "remark": "", "insecurity": {"sexual_content": false}, "ptype": 0, "allow_all_comment": true, "avatar_large": "https://tvax1.sinaimg.cn/crop.0.0.756.756.180/0079l3lely8h9xj4bgjbxj30l00l0dgo.jpg?KID=imgbed,tva&Expires=1674045231&ssig=ljllEtoZkP", "avatar_hd": "https://tvax1.sinaimg.cn/crop.0.0.756.756.1024/0079l3lely8h9xj4bgjbxj30l00l0dgo.jpg?KID=imgbed,tva&Expires=1674045231&ssig=RuJd7vVzI1", "verified_reason": "", "verified_trade": "", "verified_reason_url": "", "verified_source": "", "verified_source_url": "", "follow_me": false, "like": false, "like_me": false, "online_status": 0, "bi_followers_count": 5, "lang": "zh-cn", "star": 0, "mbtype": 2, "mbrank": 2, "svip": 0, "mb_expire_time": 1664207999, "block_word": 0, "block_app": 0, "chaohua_ability": 0, "brand_ability": 0, "nft_ability": 0, "vplus_ability": 0, "wenda_ability": 0, "live_ability": 0, "gongyi_ability": 0, "paycolumn_ability": 0, "newbrand_ability": 0, "ecommerce_ability": 0, "hardfan_ability": 0, "wbcolumn_ability": 0, "credit_score": 80, "user_ability": 2359296, "urank": 4, "story_read_state": -1, "vclub_member": 0, "is_teenager": 0, "is_guardian": 0, "is_teenager_list": 0, "pc_new": 0, "special_follow": false, "planet_video": 2, "video_mark": 0, "live_status": 0, "user_ability_extend": 0, "status_total_counter": {"total_cnt": 209, "repost_cnt": 12, "comment_cnt": 50, "like_cnt": 146, "comment_like_cnt": 1}, "video_total_counter": {"play_cnt": 216}, "brand_account": 0, "hongbaofei": 0, "tab_manage": "[0, 0]", "reward_status": 0, "green_mode": 0, "urisk": 0, "unfollowing_recom_switch": 1, "avatar_type": 0}, "mid": "4845932900520811", "idstr": "4845932900520811", "status": {"visible": {"type": 0, "list_id": 0}, "created_at": "Mon Dec 12 18:50:53 +0800 2022", "id": 4845925996431469, "idstr": "4845925996431469", "mid": "4845925996431469", "can_edit": false, "version": 2, "show_additional_indication": 0, "text": "赛场等你，下次换我赢哦[抱一抱]\n#英雄联盟[超话]##doinb新赛季休息##g2# ​", "textLength": 68, "source_allowclick": 1, "source_type": 2, "source": "", "favorited": false, "truncated": false, "in_reply_to_status_id": "", "in_reply_to_user_id": "", "in_reply_to_screen_name": "", "pic_urls": [{"thumbnail_pic": "http://wx2.sinaimg.cn/thumbnail/007XJa9nly1h917tgc0dtj30sg0sg47o.jpg"}], "thumbnail_pic": "http://wx2.sinaimg.cn/thumbnail/007XJa9nly1h917tgc0dtj30sg0sg47o.jpg", "bmiddle_pic": "http://wx2.sinaimg.cn/bmiddle/007XJa9nly1h917tgc0dtj30sg0sg47o.jpg", "original_pic": "http://wx2.sinaimg.cn/large/007XJa9nly1h917tgc0dtj30sg0sg47o.jpg", "geo": null, "is_paid": false, "mblog_vip_type": 0, "user": {"id": 7295497429, "idstr": "7295497429", "class": 1, "screen_name": "G2电子竞技俱乐部", "name": "G2电子竞技俱乐部", "province": "100", "city": "1000", "location": "其他", "description": "欧洲电子竞技俱乐部G2 Esports官方微博，涉及LOL、CSGO、R6等多个游戏领域。关注我们第一时间获取G2最新动态。", "url": "", "profile_image_url": "https://tvax3.sinaimg.cn/crop.0.0.600.600.50/007XJa9nly8h9tu9awhypj30go0go0u4.jpg?KID=imgbed,tva&Expires=1674045231&ssig=tVXmEVtit7", "light_ring": false, "cover_image": "https://wx4.sinaimg.cn/crop.0.0.920.300/007XJa9nly1h8ajmsxpl6j30pk08cmxz.jpg", "cover_image_phone": "https://wx4.sinaimg.cn/crop.0.0.640.640.640/007XJa9nly1h9u099rgebj30u00u0gqb.jpg", "profile_url": "g2esports", "domain": "g2esports", "weihao": "", "gender": "m", "followers_count": 1430517, "followers_count_str": "143.1万", "friends_count": 165, "pagefriends_count": 13, "statuses_count": 3599, "video_status_count": 775, "video_play_count": 0, "super_topic_not_syn_count": 3, "favourites_count": 3, "created_at": "Thu Aug 29 14:00:13 +0800 2019", "following": false, "allow_all_act_msg": false, "geo_enabled": true, "verified": true, "verified_type": 7, "remark": "", "insecurity": {"sexual_content": false}, "ptype": 0, "allow_all_comment": true, "avatar_large": "https://tvax3.sinaimg.cn/crop.0.0.600.600.180/007XJa9nly8h9tu9awhypj30go0go0u4.jpg?KID=imgbed,tva&Expires=1674045231&ssig=lTh2lgf31m", "avatar_hd": "https://tvax3.sinaimg.cn/crop.0.0.600.600.1024/007XJa9nly8h9tu9awhypj30go0go0u4.jpg?KID=imgbed,tva&Expires=1674045231&ssig=pW4xBjn6PQ", "verified_reason": "G Esports Holding GmbH", "verified_trade": "", "verified_reason_url": "", "verified_source": "", "verified_source_url": "", "verified_state": 0, "verified_level": 3, "verified_type_ext": 50, "pay_remind": 0, "pay_date": "20210421", "has_service_tel": false, "verified_reason_modified": "", "verified_contact_name": "", "verified_contact_email": "", "verified_contact_mobile": "", "follow_me": false, "like": false, "like_me": false, "online_status": 0, "bi_followers_count": 110, "lang": "zh-cn", "star": 0, "mbtype": 12, "mbrank": 6, "svip": 0, "mb_expire_time": 1708185600, "block_word": 0, "block_app": 1, "chaohua_ability": 0, "brand_ability": 0, "nft_ability": 0, "vplus_ability": 0, "wenda_ability": 0, "live_ability": 0, "gongyi_ability": 0, "paycolumn_ability": 0, "newbrand_ability": 0, "ecommerce_ability": 0, "hardfan_ability": 1, "wbcolumn_ability": 0, "credit_score": 80, "user_ability": -2145107960, "urank": 4, "story_read_state": -1, "vclub_member": 0, "is_teenager": 0, "is_guardian": 0, "is_teenager_list": 0, "pc_new": 7, "special_follow": false, "planet_video": 2, "video_mark": 15, "live_status": 0, "user_ability_extend": 0, "status_total_counter": {"total_cnt": 7430967, "repost_cnt": 567318, "comment_cnt": 597283, "like_cnt": 3366586, "comment_like_cnt": 2899780}, "video_total_counter": {"play_cnt": 134722293}, "brand_account": 0, "hongbaofei": 0, "tab_manage": "[0, 0]", "reward_status": 0, "green_mode": 0, "urisk": 4294967296, "unfollowing_recom_switch": 1, "avatar_type": 0}, "annotations": [{"photo_sub_type": "0"}, {}, {"super_exparams": "{\"system_pic_only\":0}"}, {"client_mblogid": "278caa52-5cf0-4e9b-b0cb-7695708fac39"}, {"mapi_request": true}], "picStatus": "0:1", "reposts_count": 0, "comments_count": 0, "reprint_cmt_count": 0, "attitudes_count": 0, "pending_approval_count": 0, "isLongText": false, "reward_exhibition_type": 0, "hide_flag": 0, "mlevel": 0, "show_mlevel": 0, "biz_feature": 4294967300, "topic_id": "1022:10080854838a6bbae2a14b0fb0c7905f6a070a", "sync_mblog": true, "is_imported_topic": false, "page_type": 96, "hasActionTypeCard": 0, "darwin_tags": [], "hot_weibo_tags": [], "text_tag_tips": [], "mblogtype": 0, "userType": 0, "more_info_type": 0, "number_display_strategy": {"apply_scenario_flag": 3, "display_text_min_number": 1000000, "display_text": "100万+"}, "positive_recom_flag": 0, "content_auth": 0, "gif_ids": "", "is_show_bulletin": 2, "comment_manage_info": {"comment_permission_type": -1, "approval_comment_type": 0, "comment_sort_type": 0, "ai_play_picture_type": 0}, "pic_num": 1, "can_reprint": false, "new_comment_style": 0}, "readtimetype": "comment", "match_ai_play_picture": false}