{"created_at": "Mon Dec 12 19:23:03 +0800 2022", "id": 4845934091179608, "rootid": 4845934091179608, "rootidstr": "4845934091179608", "floor_number": 104, "text": "好崩溃", "disable_reply": 0, "restrictOperate": 0, "source_allowclick": 0, "source_type": 4, "source": "<a href=\"\" rel=\"nofollow\">来自广东</a>", "user": {"id": 7258407702, "idstr": "7258407702", "class": 1, "screen_name": "哪只猪又在吃", "name": "哪只猪又在吃", "province": "44", "city": "1000", "location": "广东", "description": "0168", "url": "", "profile_image_url": "https://tvax3.sinaimg.cn/crop.0.0.1080.1080.50/007VdxpYly8ha73dg477yj30u00u0754.jpg?KID=imgbed,tva&Expires=1674045231&ssig=5KybF%2BS%2BeL", "light_ring": false, "cover_image_phone": "https://wx1.sinaimg.cn/crop.0.0.640.640.640/007VdxpYgy1h00gxlhhxmj30e80e8mz6.jpg;https://wx3.sinaimg.cn/crop.0.0.640.640.640/007VdxpYgy1h00gyjou34j30e80e8dhb.jpg;https://wx3.sinaimg.cn/crop.0.0.640.640.640/007VdxpYgy1h00gyvgm09j30e80e8gnk.jpg", "profile_url": "u/7258407702", "domain": "", "weihao": "", "gender": "m", "followers_count": 212, "followers_count_str": "212", "friends_count": 480, "pagefriends_count": 31, "statuses_count": 1147, "video_status_count": 16, "video_play_count": 0, "super_topic_not_syn_count": 313, "favourites_count": 15, "created_at": "Thu Jul 25 09:06:50 +0800 2019", "following": false, "allow_all_act_msg": false, "geo_enabled": true, "verified": true, "verified_type": 0, "remark": "", "insecurity": {"sexual_content": false}, "ptype": 0, "allow_all_comment": true, "avatar_large": "https://tvax3.sinaimg.cn/crop.0.0.1080.1080.180/007VdxpYly8ha73dg477yj30u00u0754.jpg?KID=imgbed,tva&Expires=1674045231&ssig=uxGYYJMRaI", "avatar_hd": "https://tvax3.sinaimg.cn/crop.0.0.1080.1080.1024/007VdxpYly8ha73dg477yj30u00u0754.jpg?KID=imgbed,tva&Expires=1674045231&ssig=1R3UwsV7jT", "verified_reason": "超话主持人（睡懒觉的小猪住在睡懒觉的小屋超话）", "verified_trade": "", "verified_reason_url": "", "verified_source": "", "verified_source_url": "", "verified_state": 0, "verified_level": 3, "verified_type_ext": 0, "has_service_tel": false, "verified_reason_modified": "", "verified_contact_name": "", "verified_contact_email": "", "verified_contact_mobile": "", "follow_me": false, "like": false, "like_me": false, "online_status": 0, "bi_followers_count": 204, "lang": "zh-cn", "star": 0, "mbtype": 12, "mbrank": 5, "svip": 0, "mb_expire_time": 1701273600, "block_word": 0, "block_app": 1, "chaohua_ability": 0, "brand_ability": 0, "nft_ability": 0, "vplus_ability": 0, "wenda_ability": 0, "live_ability": 0, "gongyi_ability": 0, "paycolumn_ability": 0, "newbrand_ability": 0, "ecommerce_ability": 0, "hardfan_ability": 1, "wbcolumn_ability": 0, "credit_score": 80, "user_ability": 2359296, "cardid": "star_1193", "avatargj_id": "gj_vip_470", "urank": 3, "story_read_state": -1, "verified_detail": {"custom": 0, "data": [{"key": 8, "sub_key": 0, "weight": 102, "desc": "超话主持人（睡懒觉的小猪住在睡懒觉的小屋超话）", "timestamp": 1633133989}]}, "vclub_member": 0, "is_teenager": 0, "is_guardian": 0, "is_teenager_list": 0, "pc_new": 0, "special_follow": false, "planet_video": 2, "video_mark": 2, "live_status": 0, "user_ability_extend": 0, "video_cover": {"mid": 4841213008549205}, "status_total_counter": {"total_cnt": 3547, "repost_cnt": 212, "comment_cnt": 1427, "like_cnt": 1794, "comment_like_cnt": 114}, "video_total_counter": {"play_cnt": 12104}, "brand_account": 0, "hongbaofei": 0, "tab_manage": "[0, 0]", "reward_status": 0, "green_mode": 0, "mb_like_privilege": {"like_id": "0060", "like_desc": "谢了哥们"}, "urisk": 524288, "unfollowing_recom_switch": 1, "avatar_type": 0}, "mid": "4845934091179608", "idstr": "4845934091179608", "status": {"visible": {"type": 0, "list_id": 0}, "created_at": "Mon Dec 12 18:50:53 +0800 2022", "id": 4845925996431469, "idstr": "4845925996431469", "mid": "4845925996431469", "can_edit": false, "version": 2, "show_additional_indication": 0, "text": "赛场等你，下次换我赢哦[抱一抱]\n#英雄联盟[超话]##doinb新赛季休息##g2# ​", "textLength": 68, "source_allowclick": 1, "source_type": 2, "source": "", "favorited": false, "truncated": false, "in_reply_to_status_id": "", "in_reply_to_user_id": "", "in_reply_to_screen_name": "", "pic_urls": [{"thumbnail_pic": "http://wx2.sinaimg.cn/thumbnail/007XJa9nly1h917tgc0dtj30sg0sg47o.jpg"}], "thumbnail_pic": "http://wx2.sinaimg.cn/thumbnail/007XJa9nly1h917tgc0dtj30sg0sg47o.jpg", "bmiddle_pic": "http://wx2.sinaimg.cn/bmiddle/007XJa9nly1h917tgc0dtj30sg0sg47o.jpg", "original_pic": "http://wx2.sinaimg.cn/large/007XJa9nly1h917tgc0dtj30sg0sg47o.jpg", "geo": null, "is_paid": false, "mblog_vip_type": 0, "user": {"id": 7295497429, "idstr": "7295497429", "class": 1, "screen_name": "G2电子竞技俱乐部", "name": "G2电子竞技俱乐部", "province": "100", "city": "1000", "location": "其他", "description": "欧洲电子竞技俱乐部G2 Esports官方微博，涉及LOL、CSGO、R6等多个游戏领域。关注我们第一时间获取G2最新动态。", "url": "", "profile_image_url": "https://tvax3.sinaimg.cn/crop.0.0.600.600.50/007XJa9nly8h9tu9awhypj30go0go0u4.jpg?KID=imgbed,tva&Expires=1674045231&ssig=tVXmEVtit7", "light_ring": false, "cover_image": "https://wx4.sinaimg.cn/crop.0.0.920.300/007XJa9nly1h8ajmsxpl6j30pk08cmxz.jpg", "cover_image_phone": "https://wx4.sinaimg.cn/crop.0.0.640.640.640/007XJa9nly1h9u099rgebj30u00u0gqb.jpg", "profile_url": "g2esports", "domain": "g2esports", "weihao": "", "gender": "m", "followers_count": 1430517, "followers_count_str": "143.1万", "friends_count": 165, "pagefriends_count": 13, "statuses_count": 3599, "video_status_count": 775, "video_play_count": 0, "super_topic_not_syn_count": 3, "favourites_count": 3, "created_at": "Thu Aug 29 14:00:13 +0800 2019", "following": false, "allow_all_act_msg": false, "geo_enabled": true, "verified": true, "verified_type": 7, "remark": "", "insecurity": {"sexual_content": false}, "ptype": 0, "allow_all_comment": true, "avatar_large": "https://tvax3.sinaimg.cn/crop.0.0.600.600.180/007XJa9nly8h9tu9awhypj30go0go0u4.jpg?KID=imgbed,tva&Expires=1674045231&ssig=lTh2lgf31m", "avatar_hd": "https://tvax3.sinaimg.cn/crop.0.0.600.600.1024/007XJa9nly8h9tu9awhypj30go0go0u4.jpg?KID=imgbed,tva&Expires=1674045231&ssig=pW4xBjn6PQ", "verified_reason": "G Esports Holding GmbH", "verified_trade": "", "verified_reason_url": "", "verified_source": "", "verified_source_url": "", "verified_state": 0, "verified_level": 3, "verified_type_ext": 50, "pay_remind": 0, "pay_date": "20210421", "has_service_tel": false, "verified_reason_modified": "", "verified_contact_name": "", "verified_contact_email": "", "verified_contact_mobile": "", "follow_me": false, "like": false, "like_me": false, "online_status": 0, "bi_followers_count": 110, "lang": "zh-cn", "star": 0, "mbtype": 12, "mbrank": 6, "svip": 0, "mb_expire_time": 1708185600, "block_word": 0, "block_app": 1, "chaohua_ability": 0, "brand_ability": 0, "nft_ability": 0, "vplus_ability": 0, "wenda_ability": 0, "live_ability": 0, "gongyi_ability": 0, "paycolumn_ability": 0, "newbrand_ability": 0, "ecommerce_ability": 0, "hardfan_ability": 1, "wbcolumn_ability": 0, "credit_score": 80, "user_ability": -2145107960, "urank": 4, "story_read_state": -1, "vclub_member": 0, "is_teenager": 0, "is_guardian": 0, "is_teenager_list": 0, "pc_new": 7, "special_follow": false, "planet_video": 2, "video_mark": 15, "live_status": 0, "user_ability_extend": 0, "status_total_counter": {"total_cnt": 7430967, "repost_cnt": 567318, "comment_cnt": 597283, "like_cnt": 3366586, "comment_like_cnt": 2899780}, "video_total_counter": {"play_cnt": 134722293}, "brand_account": 0, "hongbaofei": 0, "tab_manage": "[0, 0]", "reward_status": 0, "green_mode": 0, "urisk": 4294967296, "unfollowing_recom_switch": 1, "avatar_type": 0}, "annotations": [{"photo_sub_type": "0"}, {}, {"super_exparams": "{\"system_pic_only\":0}"}, {"client_mblogid": "278caa52-5cf0-4e9b-b0cb-7695708fac39"}, {"mapi_request": true}], "picStatus": "0:1", "reposts_count": 0, "comments_count": 0, "reprint_cmt_count": 0, "attitudes_count": 0, "pending_approval_count": 0, "isLongText": false, "reward_exhibition_type": 0, "hide_flag": 0, "mlevel": 0, "show_mlevel": 0, "biz_feature": 4294967300, "topic_id": "1022:10080854838a6bbae2a14b0fb0c7905f6a070a", "sync_mblog": true, "is_imported_topic": false, "page_type": 96, "hasActionTypeCard": 0, "darwin_tags": [], "hot_weibo_tags": [], "text_tag_tips": [], "mblogtype": 0, "userType": 0, "more_info_type": 0, "number_display_strategy": {"apply_scenario_flag": 3, "display_text_min_number": 1000000, "display_text": "100万+"}, "positive_recom_flag": 0, "content_auth": 0, "gif_ids": "", "is_show_bulletin": 2, "comment_manage_info": {"comment_permission_type": -1, "approval_comment_type": 0, "comment_sort_type": 0, "ai_play_picture_type": 0}, "pic_num": 1, "can_reprint": false, "new_comment_style": 0}, "readtimetype": "comment", "comment_dynamic_message": {"id": "0091", "icon_url": "https://h5.sinaimg.cn/upload/1073/1841/2022/11/22/onedog1.png", "tag_text": "年费", "start_color": "#00FF8F56", "end_color": "#1AFF8656", "start_color_dark": "#00FF8F56", "end_color_dark": "#1AFF8656", "name": {"zh_CN": "一只猫", "zh_HK": "一隻貓", "en_US": "A Cat"}, "scheme": "https://new.vip.weibo.cn/bubble/mall?showmenu=0&decorateId=0091&uid=7258407702", "allow_vip_box_content": "用此评论气泡", "allow_vip_box_icon": "https://h5.sinaimg.cn/upload/100/1720/2022/08/08/icon_VIP_for_comment_bubble.png"}, "match_ai_play_picture": false}