{"created_at": "Sat Dec 10 23:45:11 +0800 2022", "id": 4845275284244089, "rootid": 4845268011057519, "rootidstr": "4845268011057519", "floor_number": 0, "text": "回复@南泉是敲凶的喵喵:没有这种可能，支持清零的人都提前买药买口罩了，我是20条出来以后才开始买的，很多支持放开的人才真觉得会没啥事，真以为百分之九十都是无症状", "disable_reply": 0, "restrictOperate": 0, "source_allowclick": 0, "source_type": 4, "source": "<a href=\"\" rel=\"nofollow\">来自北京</a>", "user": {"id": 3120717957, "idstr": "3120717957", "class": 1, "screen_name": "姚远在不在", "name": "姚远在不在", "province": "11", "city": "1000", "location": "北京", "description": "有一种本能，将你在我心中悄然唤醒。", "url": "", "profile_image_url": "https://tvax4.sinaimg.cn/crop.0.0.1044.1044.50/ba026085ly8g95t8t5si9j20t00t00ui.jpg?KID=imgbed,tva&Expires=1673960119&ssig=%2FaqMQ6QggP", "light_ring": false, "cover_image_phone": "https://ww3.sinaimg.cn/crop.0.0.640.640.640/a1d3feabjw1ecatd6m582j20hs0hsdka.jpg", "profile_url": "u/3120717957", "domain": "", "weihao": "", "gender": "m", "followers_count": 526, "followers_count_str": "526", "friends_count": 999, "pagefriends_count": 36, "statuses_count": 1392, "video_status_count": 19, "video_play_count": 0, "super_topic_not_syn_count": 0, "favourites_count": 6, "created_at": "Thu Jan 17 20:44:55 +0800 2013", "following": false, "allow_all_act_msg": false, "geo_enabled": true, "verified": false, "verified_type": -1, "remark": "", "insecurity": {"sexual_content": false}, "ptype": 0, "allow_all_comment": false, "avatar_large": "https://tvax4.sinaimg.cn/crop.0.0.1044.1044.180/ba026085ly8g95t8t5si9j20t00t00ui.jpg?KID=imgbed,tva&Expires=1673960119&ssig=kiDBkt7l4T", "avatar_hd": "https://tvax4.sinaimg.cn/crop.0.0.1044.1044.1024/ba026085ly8g95t8t5si9j20t00t00ui.jpg?KID=imgbed,tva&Expires=1673960119&ssig=Vgkn5UeCaY", "verified_reason": "", "verified_trade": "", "verified_reason_url": "", "verified_source": "", "verified_source_url": "", "follow_me": false, "like": false, "like_me": false, "online_status": 0, "bi_followers_count": 95, "lang": "zh-cn", "star": 0, "mbtype": 2, "mbrank": 1, "svip": 0, "mb_expire_time": 1656172799, "block_word": 0, "block_app": 0, "chaohua_ability": 0, "brand_ability": 0, "nft_ability": 0, "vplus_ability": 0, "wenda_ability": 0, "live_ability": 0, "gongyi_ability": 0, "paycolumn_ability": 0, "newbrand_ability": 0, "ecommerce_ability": 0, "hardfan_ability": 0, "wbcolumn_ability": 0, "credit_score": 80, "user_ability": 35914752, "cardid": "star_1576", "urank": 27, "story_read_state": -1, "vclub_member": 0, "is_teenager": 0, "is_guardian": 0, "is_teenager_list": 0, "pc_new": 0, "special_follow": false, "planet_video": 2, "video_mark": 14, "live_status": 0, "user_ability_extend": 0, "status_total_counter": {"total_cnt": 1017, "repost_cnt": 111, "comment_cnt": 378, "like_cnt": 522, "comment_like_cnt": 6}, "video_total_counter": {"play_cnt": 3161}, "brand_account": 0, "hongbaofei": 0, "tab_manage": "[0, 0]", "reward_status": 0, "green_mode": 0, "urisk": 17179869184, "avatar_type": 0}, "mid": "4845275284244089", "idstr": "4845275284244089", "status": {"visible": {"type": 0, "list_id": 0}, "created_at": "Sat Dec 10 21:20:08 +0800 2022", "id": 4845238781223592, "idstr": "4845238781223592", "mid": "4845238781223592", "edit_count": 1, "can_edit": false, "edit_at": "Sat Dec 10 21:21:36 +0800 2022", "version": 4, "show_additional_indication": 0, "text": "【#北京呼吁新冠无症状和轻症患者勿打120#：为急危重症患者留出通道】近期，北京市120急救热线呼叫量激增。12月10日，北京急救中心主任医师陈志呼吁，新冠肺炎无症状感染者、轻症患者请勿拨打120热线，请为急危重症患者留出急救热线通道。\n\n陈志介绍，本市120急救热线的呼叫量近日急剧增加，日常呼叫量 ​", "textLength": 999, "source_allowclick": 0, "source_type": 1, "source": "<a href=\"http://app.weibo.com/t/feed/xEsRX\" rel=\"nofollow\">新版微博 weibo.com</a>", "favorited": false, "truncated": false, "in_reply_to_status_id": "", "in_reply_to_user_id": "", "in_reply_to_screen_name": "", "pic_urls": [{"thumbnail_pic": "http://wx3.sinaimg.cn/thumbnail/001rzo4Rly1h8z12urdtgj60ma0vwdko02.jpg"}], "thumbnail_pic": "http://wx3.sinaimg.cn/thumbnail/001rzo4Rly1h8z12urdtgj60ma0vwdko02.jpg", "bmiddle_pic": "http://wx3.sinaimg.cn/bmiddle/001rzo4Rly1h8z12urdtgj60ma0vwdko02.jpg", "original_pic": "http://wx3.sinaimg.cn/large/001rzo4Rly1h8z12urdtgj60ma0vwdko02.jpg", "geo": null, "is_paid": false, "mblog_vip_type": 0, "user": {"id": 1323527941, "idstr": "1323527941", "class": 1, "screen_name": "Vista看天下", "name": "Vista看天下", "province": "11", "city": "1000", "location": "北京", "description": "一个有趣的蓝V。报料邮箱：vistawb@163.com", "url": "http://www.kaixin001.com/vista", "profile_image_url": "https://tvax3.sinaimg.cn/crop.0.0.600.600.50/001rzo4Rly8h8vg9ctkdmj60go0goaai02.jpg?KID=imgbed,tva&Expires=1673960119&ssig=4OJ8zAG8jD", "light_ring": false, "cover_image": "https://ww1.sinaimg.cn/crop.0.0.920.300/4ee36f05jw1emo4e8t6bjj20pk08caci.jpg", "cover_image_phone": "https://ww1.sinaimg.cn/crop.0.0.640.640.640/549d0121tw1egm1kjly3jj20hs0hsq4f.jpg", "profile_url": "vistastory", "domain": "vistastory", "weihao": "", "gender": "m", "followers_count": 25616702, "followers_count_str": "2561.7万", "friends_count": 2175, "pagefriends_count": 42, "statuses_count": 103034, "video_status_count": 2156, "video_play_count": 0, "super_topic_not_syn_count": 0, "favourites_count": 6553, "created_at": "Thu Oct 15 17:13:17 +0800 2009", "following": false, "allow_all_act_msg": true, "geo_enabled": true, "verified": true, "verified_type": 3, "remark": "", "insecurity": {"sexual_content": false}, "ptype": 0, "allow_all_comment": true, "avatar_large": "https://tvax3.sinaimg.cn/crop.0.0.600.600.180/001rzo4Rly8h8vg9ctkdmj60go0goaai02.jpg?KID=imgbed,tva&Expires=1673960119&ssig=mMLww9SQ5j", "avatar_hd": "https://tvax3.sinaimg.cn/crop.0.0.600.600.1024/001rzo4Rly8h8vg9ctkdmj60go0goaai02.jpg?KID=imgbed,tva&Expires=1673960119&ssig=d%2FVWqqEj0A", "verified_reason": "《Vista看天下》官方微博", "verified_trade": "", "verified_reason_url": "", "verified_source": "", "verified_source_url": "", "verified_state": 0, "verified_level": 3, "verified_type_ext": 0, "has_service_tel": false, "verified_reason_modified": "《Vista看天下》官方微博", "verified_contact_name": "", "verified_contact_email": "", "verified_contact_mobile": "", "follow_me": false, "like": false, "like_me": false, "online_status": 0, "bi_followers_count": 1267, "lang": "zh-cn", "star": 0, "mbtype": 12, "mbrank": 7, "svip": 0, "mb_expire_time": 1682611200, "block_word": 0, "block_app": 1, "chaohua_ability": 0, "brand_ability": 0, "nft_ability": 0, "vplus_ability": 0, "wenda_ability": 0, "live_ability": 0, "gongyi_ability": 0, "paycolumn_ability": 0, "newbrand_ability": 0, "ecommerce_ability": 0, "hardfan_ability": 0, "wbcolumn_ability": 0, "credit_score": 80, "user_ability": -2136636920, "cardid": "star_1624", "urank": 48, "story_read_state": -1, "vclub_member": 0, "is_teenager": 0, "is_guardian": 0, "is_teenager_list": 1, "pc_new": 7, "special_follow": false, "planet_video": 2, "video_mark": 15, "live_status": 0, "user_ability_extend": 1, "status_total_counter": {"total_cnt": 181402672, "repost_cnt": 25826535, "comment_cnt": 27489518, "like_cnt": 41198808, "comment_like_cnt": 86887811}, "video_total_counter": {"play_cnt": 982862717}, "brand_account": 0, "hongbaofei": 0, "tab_manage": "[0, 0]", "reward_status": 0, "green_mode": 0, "urisk": 0, "avatar_type": 0}, "annotations": [{"photo_sub_type": "0"}, {}, {"mapi_request": true}], "picStatus": "0:1", "reposts_count": 0, "comments_count": 0, "reprint_cmt_count": 0, "attitudes_count": 0, "pending_approval_count": 0, "isLongText": true, "reward_exhibition_type": 0, "hide_flag": 0, "mlevel": 0, "show_mlevel": 0, "biz_feature": 4294967300, "page_type": 64, "hasActionTypeCard": 0, "darwin_tags": [], "hot_weibo_tags": [], "text_tag_tips": [], "mblogtype": 0, "userType": 0, "more_info_type": 0, "cardid": "star_1624", "positive_recom_flag": 0, "content_auth": 0, "gif_ids": "", "is_show_bulletin": 2, "comment_manage_info": {"comment_permission_type": -1, "approval_comment_type": 0, "comment_sort_type": 0, "ai_play_picture_type": 0}, "pic_num": 1, "can_reprint": false, "new_comment_style": 0}, "reply_comment": {"created_at": "Sat Dec 10 23:42:40 +0800 2022", "id": 4845274655361160, "rootid": 4845268011057519, "rootidstr": "4845268011057519", "floor_number": 0, "text": "回复@永世或轮回:有没有一种可能，支持清零的人还没反应过来已经放开了，还等在家里被拉走呢[吃瓜]", "disable_reply": 0, "restrictOperate": 0, "user": {"id": 3294804437, "idstr": "3294804437", "class": 1, "screen_name": "南泉是敲凶的喵喵", "name": "南泉是敲凶的喵喵", "province": "32", "city": "10", "location": "江苏 扬州", "description": "希望有一天能实现巅峰冻干自由", "url": "", "profile_image_url": "https://tvax4.sinaimg.cn/crop.0.0.986.986.50/c462b9d5ly8gp7rg77lzmj20re0rewfo.jpg?KID=imgbed,tva&Expires=1673960119&ssig=OfH9H6Rl8P", "light_ring": false, "cover_image": "https://ww2.sinaimg.cn/crop.0.87.980.300/c462b9d5jw1ebrer2u1gij20r80fb0xm.jpg", "cover_image_phone": "https://ww2.sinaimg.cn/crop.0.0.640.640.640/a1d3feabjw1ecasunmkncj20hs0hsq4j.jpg", "profile_url": "u/3294804437", "domain": "", "weihao": "", "gender": "f", "followers_count": 183, "followers_count_str": "183", "friends_count": 618, "pagefriends_count": 100, "statuses_count": 3156, "video_status_count": 13, "video_play_count": 0, "super_topic_not_syn_count": 4, "favourites_count": 55, "created_at": "Fri Sep 13 16:08:38 +0800 2013", "following": false, "allow_all_act_msg": false, "geo_enabled": true, "verified": false, "verified_type": -1, "remark": "", "insecurity": {"sexual_content": false}, "ptype": 0, "allow_all_comment": true, "avatar_large": "https://tvax4.sinaimg.cn/crop.0.0.986.986.180/c462b9d5ly8gp7rg77lzmj20re0rewfo.jpg?KID=imgbed,tva&Expires=1673960119&ssig=GKxu1kQPgZ", "avatar_hd": "https://tvax4.sinaimg.cn/crop.0.0.986.986.1024/c462b9d5ly8gp7rg77lzmj20re0rewfo.jpg?KID=imgbed,tva&Expires=1673960119&ssig=akULKhKEvd", "verified_reason": "", "verified_trade": "", "verified_reason_url": "", "verified_source": "", "verified_source_url": "", "follow_me": false, "like": false, "like_me": false, "online_status": 0, "bi_followers_count": 18, "lang": "zh-cn", "star": 0, "mbtype": 2, "mbrank": 5, "svip": 0, "mb_expire_time": 1650211199, "block_word": 0, "block_app": 0, "chaohua_ability": 0, "brand_ability": 0, "nft_ability": 0, "vplus_ability": 0, "wenda_ability": 0, "live_ability": 0, "gongyi_ability": 0, "paycolumn_ability": 0, "newbrand_ability": 0, "ecommerce_ability": 0, "hardfan_ability": 0, "wbcolumn_ability": 0, "credit_score": 80, "user_ability": 3408928, "avatargj_id": "gj_vip_020", "urank": 9, "story_read_state": -1, "vclub_member": 0, "is_teenager": 0, "is_guardian": 0, "is_teenager_list": 0, "pc_new": 0, "special_follow": false, "planet_video": 2, "video_mark": 14, "live_status": 0, "user_ability_extend": 0, "status_total_counter": {"total_cnt": 5701, "repost_cnt": 1624, "comment_cnt": 864, "like_cnt": 2518, "comment_like_cnt": 695}, "video_total_counter": {"play_cnt": 23287}, "brand_account": 0, "hongbaofei": 0, "tab_manage": "[0, 0]", "reward_status": 0, "green_mode": 0, "urisk": 25769803776, "avatar_type": 0}, "mid": "4845274655361160", "idstr": "4845274655361160", "match_ai_play_picture": false}, "reply_original_text": "没有这种可能，支持清零的人都提前买药买口罩了，我是20条出来以后才开始买的，很多支持放开的人才真觉得会没啥事，真以为百分之九十都是无症状", "readtimetype": "comment", "match_ai_play_picture": false}