{"created_at": "Sun Dec 11 02:35:25 +0800 2022", "id": 4845318123815620, "rootid": 4845318123815620, "rootidstr": "4845318123815620", "floor_number": 91, "text": "我之前发过实名举报的视频，当时流量很大，海淀派出所警察答应说一定给我解决问题，但是现在四个多月过去了，警察一直没有给我回复，因为对方的姨夫谢明夷有钱有势，花钱帮康鹏掩盖罪行，我的事情一直被压着拖着得不到解决，对方一家人殴打我一个女生只被罚款了200块钱！", "disable_reply": 0, "restrictOperate": 0, "source_allowclick": 0, "source_type": 4, "source": "<a href=\"\" rel=\"nofollow\">来自北京</a>", "comment_badge": [{"pic_url": "https://h5.sinaimg.cn/upload/114/962/2022/07/08/member_4_bigfan1_3.png", "name": "loyal_fans", "length": 1.33, "actionlog": {"act_code": "3671", "ext": "status:fans"}, "scheme": "https://kefu.weibo.com/faqdetail?id=20848", "new_icon": true}], "user": {"id": 6785997565, "idstr": "6785997565", "class": 1, "screen_name": "希望天会亮起来", "name": "希望天会亮起来", "province": "100", "city": "1000", "location": "其他", "description": "", "url": "", "profile_image_url": "https://tvax1.sinaimg.cn/crop.0.0.750.750.50/007pflXDly8gtoqxik3vaj30ku0kuaap.jpg?KID=imgbed,tva&Expires=1673960063&ssig=IUeJEOgxxh", "light_ring": false, "profile_url": "u/6785997565", "domain": "", "weihao": "", "gender": "f", "followers_count": 33962, "followers_count_str": "3.4万", "friends_count": 1482, "pagefriends_count": 20, "statuses_count": 246, "video_status_count": 17, "video_play_count": 0, "super_topic_not_syn_count": 0, "favourites_count": 0, "created_at": "Sun Oct 21 03:41:56 +0800 2018", "following": false, "allow_all_act_msg": false, "geo_enabled": true, "verified": false, "verified_type": -1, "remark": "", "insecurity": {"sexual_content": false}, "ptype": 0, "allow_all_comment": false, "avatar_large": "https://tvax1.sinaimg.cn/crop.0.0.750.750.180/007pflXDly8gtoqxik3vaj30ku0kuaap.jpg?KID=imgbed,tva&Expires=1673960063&ssig=r1Gv3tLZW7", "avatar_hd": "https://tvax1.sinaimg.cn/crop.0.0.750.750.1024/007pflXDly8gtoqxik3vaj30ku0kuaap.jpg?KID=imgbed,tva&Expires=1673960063&ssig=LMskTD5RO9", "verified_reason": "", "verified_trade": "", "verified_reason_url": "", "verified_source": "", "verified_source_url": "", "follow_me": false, "like": false, "like_me": false, "online_status": 0, "bi_followers_count": 169, "lang": "zh-cn", "star": 0, "mbtype": 11, "mbrank": 4, "svip": 0, "mb_expire_time": 1675353600, "block_word": 0, "block_app": 1, "chaohua_ability": 0, "brand_ability": 0, "nft_ability": 0, "vplus_ability": 0, "wenda_ability": 0, "live_ability": 0, "gongyi_ability": 0, "paycolumn_ability": 0, "newbrand_ability": 0, "ecommerce_ability": 0, "hardfan_ability": 1, "wbcolumn_ability": 0, "credit_score": 80, "user_ability": -2145123832, "cardid": "star_1624", "avatargj_id": "gj_vip_011", "urank": 3, "story_read_state": -1, "vclub_member": 0, "is_teenager": 0, "is_guardian": 0, "is_teenager_list": 0, "pc_new": 6, "special_follow": false, "planet_video": 2, "video_mark": 0, "live_status": 0, "user_ability_extend": 0, "status_total_counter": {"total_cnt": 759838, "repost_cnt": 70267, "comment_cnt": 41767, "like_cnt": 398223, "comment_like_cnt": 249581}, "video_total_counter": {"play_cnt": 40223235}, "brand_account": 0, "hongbaofei": 0, "tab_manage": "[0, 0]", "reward_status": 0, "green_mode": 0, "mb_like_privilege": {"like_id": "0025_62", "like_desc": ""}, "urisk": 566935683072, "avatar_type": 0}, "mid": "4845318123815620", "idstr": "4845318123815620", "status": {"visible": {"type": 0, "list_id": 0}, "created_at": "Sat Dec 10 21:20:08 +0800 2022", "id": 4845238781223592, "idstr": "4845238781223592", "mid": "4845238781223592", "edit_count": 1, "can_edit": false, "edit_at": "Sat Dec 10 21:21:36 +0800 2022", "version": 4, "show_additional_indication": 0, "text": "【#北京呼吁新冠无症状和轻症患者勿打120#：为急危重症患者留出通道】近期，北京市120急救热线呼叫量激增。12月10日，北京急救中心主任医师陈志呼吁，新冠肺炎无症状感染者、轻症患者请勿拨打120热线，请为急危重症患者留出急救热线通道。\n\n陈志介绍，本市120急救热线的呼叫量近日急剧增加，日常呼叫量 ​", "textLength": 999, "source_allowclick": 0, "source_type": 1, "source": "<a href=\"http://app.weibo.com/t/feed/xEsRX\" rel=\"nofollow\">新版微博 weibo.com</a>", "favorited": false, "truncated": false, "in_reply_to_status_id": "", "in_reply_to_user_id": "", "in_reply_to_screen_name": "", "pic_urls": [{"thumbnail_pic": "http://wx3.sinaimg.cn/thumbnail/001rzo4Rly1h8z12urdtgj60ma0vwdko02.jpg"}], "thumbnail_pic": "http://wx3.sinaimg.cn/thumbnail/001rzo4Rly1h8z12urdtgj60ma0vwdko02.jpg", "bmiddle_pic": "http://wx3.sinaimg.cn/bmiddle/001rzo4Rly1h8z12urdtgj60ma0vwdko02.jpg", "original_pic": "http://wx3.sinaimg.cn/large/001rzo4Rly1h8z12urdtgj60ma0vwdko02.jpg", "geo": null, "is_paid": false, "mblog_vip_type": 0, "user": {"id": 1323527941, "idstr": "1323527941", "class": 1, "screen_name": "Vista看天下", "name": "Vista看天下", "province": "11", "city": "1000", "location": "北京", "description": "一个有趣的蓝V。报料邮箱：vistawb@163.com", "url": "http://www.kaixin001.com/vista", "profile_image_url": "https://tvax3.sinaimg.cn/crop.0.0.600.600.50/001rzo4Rly8h8vg9ctkdmj60go0goaai02.jpg?KID=imgbed,tva&Expires=1673960063&ssig=0vy1rAQTaf", "light_ring": false, "cover_image": "https://ww1.sinaimg.cn/crop.0.0.920.300/4ee36f05jw1emo4e8t6bjj20pk08caci.jpg", "cover_image_phone": "https://ww1.sinaimg.cn/crop.0.0.640.640.640/549d0121tw1egm1kjly3jj20hs0hsq4f.jpg", "profile_url": "vistastory", "domain": "vistastory", "weihao": "", "gender": "m", "followers_count": 25616702, "followers_count_str": "2561.7万", "friends_count": 2175, "pagefriends_count": 42, "statuses_count": 103034, "video_status_count": 2156, "video_play_count": 0, "super_topic_not_syn_count": 0, "favourites_count": 6553, "created_at": "Thu Oct 15 17:13:17 +0800 2009", "following": false, "allow_all_act_msg": true, "geo_enabled": true, "verified": true, "verified_type": 3, "remark": "", "insecurity": {"sexual_content": false}, "ptype": 0, "allow_all_comment": true, "avatar_large": "https://tvax3.sinaimg.cn/crop.0.0.600.600.180/001rzo4Rly8h8vg9ctkdmj60go0goaai02.jpg?KID=imgbed,tva&Expires=1673960063&ssig=wDMUnDhjUJ", "avatar_hd": "https://tvax3.sinaimg.cn/crop.0.0.600.600.1024/001rzo4Rly8h8vg9ctkdmj60go0goaai02.jpg?KID=imgbed,tva&Expires=1673960063&ssig=IlaHO3fZXf", "verified_reason": "《Vista看天下》官方微博", "verified_trade": "", "verified_reason_url": "", "verified_source": "", "verified_source_url": "", "verified_state": 0, "verified_level": 3, "verified_type_ext": 0, "has_service_tel": false, "verified_reason_modified": "《Vista看天下》官方微博", "verified_contact_name": "", "verified_contact_email": "", "verified_contact_mobile": "", "follow_me": false, "like": false, "like_me": false, "online_status": 0, "bi_followers_count": 1267, "lang": "zh-cn", "star": 0, "mbtype": 12, "mbrank": 7, "svip": 0, "mb_expire_time": 1682611200, "block_word": 0, "block_app": 1, "chaohua_ability": 0, "brand_ability": 0, "nft_ability": 0, "vplus_ability": 0, "wenda_ability": 0, "live_ability": 0, "gongyi_ability": 0, "paycolumn_ability": 0, "newbrand_ability": 0, "ecommerce_ability": 0, "hardfan_ability": 0, "wbcolumn_ability": 0, "credit_score": 80, "user_ability": -2136636920, "cardid": "star_1624", "urank": 48, "story_read_state": -1, "vclub_member": 0, "is_teenager": 0, "is_guardian": 0, "is_teenager_list": 1, "pc_new": 7, "special_follow": false, "planet_video": 2, "video_mark": 15, "live_status": 0, "user_ability_extend": 1, "status_total_counter": {"total_cnt": 181402672, "repost_cnt": 25826535, "comment_cnt": 27489518, "like_cnt": 41198808, "comment_like_cnt": 86887811}, "video_total_counter": {"play_cnt": 982862717}, "brand_account": 0, "hongbaofei": 0, "tab_manage": "[0, 0]", "reward_status": 0, "green_mode": 0, "urisk": 0, "avatar_type": 0}, "annotations": [{"photo_sub_type": "0"}, {}, {"mapi_request": true}], "picStatus": "0:1", "reposts_count": 0, "comments_count": 0, "reprint_cmt_count": 0, "attitudes_count": 0, "pending_approval_count": 0, "isLongText": true, "reward_exhibition_type": 0, "hide_flag": 0, "mlevel": 0, "show_mlevel": 0, "biz_feature": 4294967300, "page_type": 64, "hasActionTypeCard": 0, "darwin_tags": [], "hot_weibo_tags": [], "text_tag_tips": [], "mblogtype": 0, "userType": 0, "more_info_type": 0, "cardid": "star_1624", "positive_recom_flag": 0, "content_auth": 0, "gif_ids": "", "is_show_bulletin": 2, "comment_manage_info": {"comment_permission_type": -1, "approval_comment_type": 0, "comment_sort_type": 0, "ai_play_picture_type": 0}, "pic_num": 1, "can_reprint": false, "new_comment_style": 0}, "readtimetype": "comment", "comment_dynamic_message": {"id": "0035", "icon_url": "https://h5.sinaimg.cn/upload/100/1720/2022/09/01/comment_bubble_noneback_0901.png", "tag_text": "会员", "start_color": "#00D04666", "end_color": "#1AD04666", "start_color_dark": "#00D04666", "end_color_dark": "#1AD04666", "name": {"zh_CN": "轻紫渐变", "zh_HK": "輕紫漸變", "en_US": "purple"}, "scheme": "https://new.vip.weibo.cn/bubble/mall?showmenu=0&decorateId=0035&uid=6785997565", "allow_vip_box_content": "用此评论气泡", "allow_vip_box_icon": "https://h5.sinaimg.cn/upload/100/1720/2022/08/08/icon_VIP_for_comment_bubble.png"}, "match_ai_play_picture": false}