{"created_at": "Sat Dec 10 23:19:47 +0800 2022", "id": 4845268892389716, "rootid": 4845243507677546, "rootidstr": "4845243507677546", "floor_number": 0, "text": "回复@隐盏:你是什么人？你支持放开还是封控还是都听政府的？", "disable_reply": 0, "restrictOperate": 0, "source_allowclick": 0, "source_type": 4, "source": "<a href=\"\" rel=\"nofollow\">来自北京</a>", "user": {"id": 2166272775, "idstr": "2166272775", "class": 1, "screen_name": "Echo___dan", "name": "Echo___dan", "province": "11", "city": "1000", "location": "北京", "description": "不安分的懒癌患者", "url": "", "profile_image_url": "https://tvax3.sinaimg.cn/crop.0.0.996.996.50/811eb307ly8fj4gxfjzg8j20ro0rojti.jpg?KID=imgbed,tva&Expires=1673960119&ssig=p8j0yfXHZ6", "light_ring": false, "cover_image_phone": "https://ww1.sinaimg.cn/crop.0.0.640.640.640/549d0121tw1egm1kjly3jj20hs0hsq4f.jpg", "profile_url": "u/2166272775", "domain": "", "weihao": "", "gender": "f", "followers_count": 95, "followers_count_str": "95", "friends_count": 260, "pagefriends_count": 14, "statuses_count": 228, "video_status_count": 1, "video_play_count": 0, "super_topic_not_syn_count": 0, "favourites_count": 6, "created_at": "Fri Jan 18 17:09:49 +0800 2013", "following": false, "allow_all_act_msg": false, "geo_enabled": true, "verified": false, "verified_type": -1, "remark": "", "insecurity": {"sexual_content": false}, "ptype": 0, "allow_all_comment": true, "avatar_large": "https://tvax3.sinaimg.cn/crop.0.0.996.996.180/811eb307ly8fj4gxfjzg8j20ro0rojti.jpg?KID=imgbed,tva&Expires=1673960119&ssig=sJE8SV5EiU", "avatar_hd": "https://tvax3.sinaimg.cn/crop.0.0.996.996.1024/811eb307ly8fj4gxfjzg8j20ro0rojti.jpg?KID=imgbed,tva&Expires=1673960119&ssig=LMij8OwOCh", "verified_reason": "", "verified_trade": "", "verified_reason_url": "", "verified_source": "", "verified_source_url": "", "follow_me": false, "like": false, "like_me": false, "online_status": 0, "bi_followers_count": 20, "lang": "zh-cn", "star": 0, "mbtype": 0, "mbrank": 0, "svip": 0, "mb_expire_time": 0, "block_word": 0, "block_app": 0, "chaohua_ability": 0, "brand_ability": 0, "nft_ability": 0, "vplus_ability": 0, "wenda_ability": 0, "live_ability": 0, "gongyi_ability": 0, "paycolumn_ability": 0, "newbrand_ability": 0, "ecommerce_ability": 0, "hardfan_ability": 0, "wbcolumn_ability": 0, "credit_score": 80, "user_ability": 2360320, "urank": 14, "story_read_state": -1, "vclub_member": 0, "is_teenager": 0, "is_guardian": 0, "is_teenager_list": 0, "pc_new": 0, "special_follow": false, "planet_video": 0, "video_mark": 2, "live_status": 0, "user_ability_extend": 0, "status_total_counter": {"total_cnt": 226, "repost_cnt": 17, "comment_cnt": 114, "like_cnt": 87, "comment_like_cnt": 8}, "video_total_counter": {"play_cnt": 16}, "brand_account": 0, "hongbaofei": 0, "tab_manage": "[0, 0]", "reward_status": 0, "green_mode": 0, "urisk": 4294967296, "avatar_type": 0}, "mid": "4845268892389716", "idstr": "4845268892389716", "status": {"visible": {"type": 0, "list_id": 0}, "created_at": "Sat Dec 10 21:20:08 +0800 2022", "id": 4845238781223592, "idstr": "4845238781223592", "mid": "4845238781223592", "edit_count": 1, "can_edit": false, "edit_at": "Sat Dec 10 21:21:36 +0800 2022", "version": 4, "show_additional_indication": 0, "text": "【#北京呼吁新冠无症状和轻症患者勿打120#：为急危重症患者留出通道】近期，北京市120急救热线呼叫量激增。12月10日，北京急救中心主任医师陈志呼吁，新冠肺炎无症状感染者、轻症患者请勿拨打120热线，请为急危重症患者留出急救热线通道。\n\n陈志介绍，本市120急救热线的呼叫量近日急剧增加，日常呼叫量 ​", "textLength": 999, "source_allowclick": 0, "source_type": 1, "source": "<a href=\"http://app.weibo.com/t/feed/xEsRX\" rel=\"nofollow\">新版微博 weibo.com</a>", "favorited": false, "truncated": false, "in_reply_to_status_id": "", "in_reply_to_user_id": "", "in_reply_to_screen_name": "", "pic_urls": [{"thumbnail_pic": "http://wx3.sinaimg.cn/thumbnail/001rzo4Rly1h8z12urdtgj60ma0vwdko02.jpg"}], "thumbnail_pic": "http://wx3.sinaimg.cn/thumbnail/001rzo4Rly1h8z12urdtgj60ma0vwdko02.jpg", "bmiddle_pic": "http://wx3.sinaimg.cn/bmiddle/001rzo4Rly1h8z12urdtgj60ma0vwdko02.jpg", "original_pic": "http://wx3.sinaimg.cn/large/001rzo4Rly1h8z12urdtgj60ma0vwdko02.jpg", "geo": null, "is_paid": false, "mblog_vip_type": 0, "user": {"id": 1323527941, "idstr": "1323527941", "class": 1, "screen_name": "Vista看天下", "name": "Vista看天下", "province": "11", "city": "1000", "location": "北京", "description": "一个有趣的蓝V。报料邮箱：vistawb@163.com", "url": "http://www.kaixin001.com/vista", "profile_image_url": "https://tvax3.sinaimg.cn/crop.0.0.600.600.50/001rzo4Rly8h8vg9ctkdmj60go0goaai02.jpg?KID=imgbed,tva&Expires=1673960119&ssig=4OJ8zAG8jD", "light_ring": false, "cover_image": "https://ww1.sinaimg.cn/crop.0.0.920.300/4ee36f05jw1emo4e8t6bjj20pk08caci.jpg", "cover_image_phone": "https://ww1.sinaimg.cn/crop.0.0.640.640.640/549d0121tw1egm1kjly3jj20hs0hsq4f.jpg", "profile_url": "vistastory", "domain": "vistastory", "weihao": "", "gender": "m", "followers_count": 25616702, "followers_count_str": "2561.7万", "friends_count": 2175, "pagefriends_count": 42, "statuses_count": 103034, "video_status_count": 2156, "video_play_count": 0, "super_topic_not_syn_count": 0, "favourites_count": 6553, "created_at": "Thu Oct 15 17:13:17 +0800 2009", "following": false, "allow_all_act_msg": true, "geo_enabled": true, "verified": true, "verified_type": 3, "remark": "", "insecurity": {"sexual_content": false}, "ptype": 0, "allow_all_comment": true, "avatar_large": "https://tvax3.sinaimg.cn/crop.0.0.600.600.180/001rzo4Rly8h8vg9ctkdmj60go0goaai02.jpg?KID=imgbed,tva&Expires=1673960119&ssig=mMLww9SQ5j", "avatar_hd": "https://tvax3.sinaimg.cn/crop.0.0.600.600.1024/001rzo4Rly8h8vg9ctkdmj60go0goaai02.jpg?KID=imgbed,tva&Expires=1673960119&ssig=d%2FVWqqEj0A", "verified_reason": "《Vista看天下》官方微博", "verified_trade": "", "verified_reason_url": "", "verified_source": "", "verified_source_url": "", "verified_state": 0, "verified_level": 3, "verified_type_ext": 0, "has_service_tel": false, "verified_reason_modified": "《Vista看天下》官方微博", "verified_contact_name": "", "verified_contact_email": "", "verified_contact_mobile": "", "follow_me": false, "like": false, "like_me": false, "online_status": 0, "bi_followers_count": 1267, "lang": "zh-cn", "star": 0, "mbtype": 12, "mbrank": 7, "svip": 0, "mb_expire_time": 1682611200, "block_word": 0, "block_app": 1, "chaohua_ability": 0, "brand_ability": 0, "nft_ability": 0, "vplus_ability": 0, "wenda_ability": 0, "live_ability": 0, "gongyi_ability": 0, "paycolumn_ability": 0, "newbrand_ability": 0, "ecommerce_ability": 0, "hardfan_ability": 0, "wbcolumn_ability": 0, "credit_score": 80, "user_ability": -2136636920, "cardid": "star_1624", "urank": 48, "story_read_state": -1, "vclub_member": 0, "is_teenager": 0, "is_guardian": 0, "is_teenager_list": 1, "pc_new": 7, "special_follow": false, "planet_video": 2, "video_mark": 15, "live_status": 0, "user_ability_extend": 1, "status_total_counter": {"total_cnt": 181402672, "repost_cnt": 25826535, "comment_cnt": 27489518, "like_cnt": 41198808, "comment_like_cnt": 86887811}, "video_total_counter": {"play_cnt": 982862717}, "brand_account": 0, "hongbaofei": 0, "tab_manage": "[0, 0]", "reward_status": 0, "green_mode": 0, "urisk": 0, "avatar_type": 0}, "annotations": [{"photo_sub_type": "0"}, {}, {"mapi_request": true}], "picStatus": "0:1", "reposts_count": 0, "comments_count": 0, "reprint_cmt_count": 0, "attitudes_count": 0, "pending_approval_count": 0, "isLongText": true, "reward_exhibition_type": 0, "hide_flag": 0, "mlevel": 0, "show_mlevel": 0, "biz_feature": 4294967300, "page_type": 64, "hasActionTypeCard": 0, "darwin_tags": [], "hot_weibo_tags": [], "text_tag_tips": [], "mblogtype": 0, "userType": 0, "more_info_type": 0, "cardid": "star_1624", "positive_recom_flag": 0, "content_auth": 0, "gif_ids": "", "is_show_bulletin": 2, "comment_manage_info": {"comment_permission_type": -1, "approval_comment_type": 0, "comment_sort_type": 0, "ai_play_picture_type": 0}, "pic_num": 1, "can_reprint": false, "new_comment_style": 0}, "reply_comment": {"created_at": "Sat Dec 10 23:01:19 +0800 2022", "id": 4845264248242402, "rootid": 4845243507677546, "rootidstr": "4845243507677546", "floor_number": 0, "text": "回复@Echo___dan:6，果然啊，你们这些人，什么话都让你说完了", "disable_reply": 0, "restrictOperate": 0, "user": {"id": 6354574670, "idstr": "6354574670", "class": 1, "screen_name": "隐盏", "name": "隐盏", "province": "100", "city": "1000", "location": "其他", "description": "明月别枝惊鹊，清风半夜鸣蝉.", "url": "", "profile_image_url": "https://tvax3.sinaimg.cn/crop.0.0.800.800.50/006W399Qly8h4tudi9bujj30m80m8760.jpg?KID=imgbed,tva&Expires=1673960119&ssig=zczzO9Q3nO", "light_ring": false, "cover_image_phone": "https://ww1.sinaimg.cn/crop.0.0.640.640.640/9d44112bjw1f1xl1c10tuj20hs0hs0tw.jpg", "profile_url": "u/6354574670", "domain": "", "weihao": "", "gender": "f", "followers_count": 5, "followers_count_str": "5", "friends_count": 43, "pagefriends_count": 5, "statuses_count": 45, "video_status_count": 0, "video_play_count": 0, "super_topic_not_syn_count": 7, "favourites_count": 2, "created_at": "Fri Aug 25 22:59:33 +0800 2017", "following": false, "allow_all_act_msg": false, "geo_enabled": true, "verified": false, "verified_type": -1, "remark": "", "insecurity": {"sexual_content": false}, "ptype": 0, "allow_all_comment": true, "avatar_large": "https://tvax3.sinaimg.cn/crop.0.0.800.800.180/006W399Qly8h4tudi9bujj30m80m8760.jpg?KID=imgbed,tva&Expires=1673960119&ssig=4e%2F0J3Nwru", "avatar_hd": "https://tvax3.sinaimg.cn/crop.0.0.800.800.1024/006W399Qly8h4tudi9bujj30m80m8760.jpg?KID=imgbed,tva&Expires=1673960119&ssig=4iViq5rS%2BQ", "verified_reason": "", "verified_trade": "", "verified_reason_url": "", "verified_source": "", "verified_source_url": "", "follow_me": false, "like": false, "like_me": false, "online_status": 0, "bi_followers_count": 0, "lang": "zh-cn", "star": 0, "mbtype": 2, "mbrank": 1, "svip": 0, "mb_expire_time": 1644335999, "block_word": 0, "block_app": 0, "credit_score": 79, "user_ability": 2097152, "avatargj_id": "gj_vip_660", "urank": 4, "story_read_state": -1, "vclub_member": 0, "is_teenager": 0, "is_guardian": 0, "is_teenager_list": 0, "pc_new": 0, "special_follow": false, "planet_video": 0, "video_mark": 0, "live_status": 0, "user_ability_extend": 0, "status_total_counter": {"total_cnt": 7, "repost_cnt": 0, "comment_cnt": 1, "like_cnt": 6, "comment_like_cnt": 0}, "video_total_counter": {"play_cnt": -1}, "brand_account": 0, "hongbaofei": 0, "tab_manage": "[0, 0]", "green_mode": 0, "urisk": 17179869184, "block": 0, "block_me": 0, "avatar_type": 0}, "mid": "4845264248242402", "idstr": "4845264248242402", "match_ai_play_picture": false}, "reply_original_text": "你是什么人？你支持放开还是封控还是都听政府的？", "readtimetype": "comment", "match_ai_play_picture": false}