{"created_at": "Sun Dec 11 00:04:54 +0800 2022", "id": 4845280250300108, "rootid": 4845280250300108, "rootidstr": "4845280250300108", "floor_number": 77, "text": "看见了吧，那些天天喊着放开的人，是因为没感染到他自己，轮到自己就吓尿了。", "disable_reply": 0, "restrictOperate": 0, "source_allowclick": 0, "source_type": 4, "source": "<a href=\"\" rel=\"nofollow\">来自内蒙古</a>", "user": {"id": 1880921441, "idstr": "1880921441", "class": 1, "screen_name": "天天讲恐龙", "name": "天天讲恐龙", "province": "11", "city": "1000", "location": "北京", "description": "没啥可介绍的……", "url": "", "profile_image_url": "https://tva1.sinaimg.cn/crop.51.24.354.354.50/701c9561jw1f6l8nukxobj20ge0apgms.jpg?KID=imgbed,tva&Expires=1673960119&ssig=4Uz3%2FkXfqs", "light_ring": false, "cover_image_phone": "https://ww1.sinaimg.cn/crop.0.0.640.640.640/a1d3feabjw1ecat4uqw77j20hs0hsacp.jpg", "profile_url": "u/1880921441", "domain": "", "weihao": "", "gender": "m", "followers_count": 652, "followers_count_str": "652", "friends_count": 317, "pagefriends_count": 11, "statuses_count": 32694, "video_status_count": 1, "video_play_count": 0, "super_topic_not_syn_count": 0, "favourites_count": 659, "created_at": "Fri Dec 03 11:44:40 +0800 2010", "following": false, "allow_all_act_msg": false, "geo_enabled": false, "verified": false, "verified_type": -1, "remark": "", "insecurity": {"sexual_content": false}, "ptype": 0, "allow_all_comment": false, "avatar_large": "https://tva1.sinaimg.cn/crop.51.24.354.354.180/701c9561jw1f6l8nukxobj20ge0apgms.jpg?KID=imgbed,tva&Expires=1673960119&ssig=aM8Fj%2F0CCp", "avatar_hd": "https://tva1.sinaimg.cn/crop.51.24.354.354.1024/701c9561jw1f6l8nukxobj20ge0apgms.jpg?KID=imgbed,tva&Expires=1673960119&ssig=D%2BZvE9RY%2Bw", "verified_reason": "", "verified_trade": "", "verified_reason_url": "", "verified_source": "", "verified_source_url": "", "follow_me": false, "like": false, "like_me": false, "online_status": 0, "bi_followers_count": 18, "lang": "zh-cn", "star": 0, "mbtype": 2, "mbrank": 1, "svip": 0, "mb_expire_time": 1644249599, "block_word": 0, "block_app": 0, "chaohua_ability": 0, "brand_ability": 0, "nft_ability": 0, "vplus_ability": 0, "wenda_ability": 0, "live_ability": 0, "gongyi_ability": 0, "paycolumn_ability": 0, "newbrand_ability": 0, "ecommerce_ability": 0, "hardfan_ability": 0, "wbcolumn_ability": 0, "credit_score": 80, "user_ability": 2359296, "cardid": "star_1637", "avatargj_id": "gj_vip_786", "urank": 42, "story_read_state": -1, "vclub_member": 0, "is_teenager": 0, "is_guardian": 0, "is_teenager_list": 0, "pc_new": 6, "special_follow": false, "planet_video": 0, "video_mark": 2, "live_status": 0, "user_ability_extend": 0, "status_total_counter": {"total_cnt": 3284, "repost_cnt": 1295, "comment_cnt": 699, "like_cnt": 1290, "comment_like_cnt": 0}, "video_total_counter": {"play_cnt": 1}, "brand_account": 0, "hongbaofei": 0, "tab_manage": "[0, 0]", "reward_status": 0, "green_mode": 0, "urisk": 17179869184, "avatar_type": 0}, "mid": "4845280250300108", "idstr": "4845280250300108", "status": {"visible": {"type": 0, "list_id": 0}, "created_at": "Sat Dec 10 21:20:08 +0800 2022", "id": 4845238781223592, "idstr": "4845238781223592", "mid": "4845238781223592", "edit_count": 1, "can_edit": false, "edit_at": "Sat Dec 10 21:21:36 +0800 2022", "version": 4, "show_additional_indication": 0, "text": "【#北京呼吁新冠无症状和轻症患者勿打120#：为急危重症患者留出通道】近期，北京市120急救热线呼叫量激增。12月10日，北京急救中心主任医师陈志呼吁，新冠肺炎无症状感染者、轻症患者请勿拨打120热线，请为急危重症患者留出急救热线通道。\n\n陈志介绍，本市120急救热线的呼叫量近日急剧增加，日常呼叫量 ​", "textLength": 999, "source_allowclick": 0, "source_type": 1, "source": "<a href=\"http://app.weibo.com/t/feed/xEsRX\" rel=\"nofollow\">新版微博 weibo.com</a>", "favorited": false, "truncated": false, "in_reply_to_status_id": "", "in_reply_to_user_id": "", "in_reply_to_screen_name": "", "pic_urls": [{"thumbnail_pic": "http://wx3.sinaimg.cn/thumbnail/001rzo4Rly1h8z12urdtgj60ma0vwdko02.jpg"}], "thumbnail_pic": "http://wx3.sinaimg.cn/thumbnail/001rzo4Rly1h8z12urdtgj60ma0vwdko02.jpg", "bmiddle_pic": "http://wx3.sinaimg.cn/bmiddle/001rzo4Rly1h8z12urdtgj60ma0vwdko02.jpg", "original_pic": "http://wx3.sinaimg.cn/large/001rzo4Rly1h8z12urdtgj60ma0vwdko02.jpg", "geo": null, "is_paid": false, "mblog_vip_type": 0, "user": {"id": 1323527941, "idstr": "1323527941", "class": 1, "screen_name": "Vista看天下", "name": "Vista看天下", "province": "11", "city": "1000", "location": "北京", "description": "一个有趣的蓝V。报料邮箱：vistawb@163.com", "url": "http://www.kaixin001.com/vista", "profile_image_url": "https://tvax3.sinaimg.cn/crop.0.0.600.600.50/001rzo4Rly8h8vg9ctkdmj60go0goaai02.jpg?KID=imgbed,tva&Expires=1673960119&ssig=4OJ8zAG8jD", "light_ring": false, "cover_image": "https://ww1.sinaimg.cn/crop.0.0.920.300/4ee36f05jw1emo4e8t6bjj20pk08caci.jpg", "cover_image_phone": "https://ww1.sinaimg.cn/crop.0.0.640.640.640/549d0121tw1egm1kjly3jj20hs0hsq4f.jpg", "profile_url": "vistastory", "domain": "vistastory", "weihao": "", "gender": "m", "followers_count": 25616702, "followers_count_str": "2561.7万", "friends_count": 2175, "pagefriends_count": 42, "statuses_count": 103034, "video_status_count": 2156, "video_play_count": 0, "super_topic_not_syn_count": 0, "favourites_count": 6553, "created_at": "Thu Oct 15 17:13:17 +0800 2009", "following": false, "allow_all_act_msg": true, "geo_enabled": true, "verified": true, "verified_type": 3, "remark": "", "insecurity": {"sexual_content": false}, "ptype": 0, "allow_all_comment": true, "avatar_large": "https://tvax3.sinaimg.cn/crop.0.0.600.600.180/001rzo4Rly8h8vg9ctkdmj60go0goaai02.jpg?KID=imgbed,tva&Expires=1673960119&ssig=mMLww9SQ5j", "avatar_hd": "https://tvax3.sinaimg.cn/crop.0.0.600.600.1024/001rzo4Rly8h8vg9ctkdmj60go0goaai02.jpg?KID=imgbed,tva&Expires=1673960119&ssig=d%2FVWqqEj0A", "verified_reason": "《Vista看天下》官方微博", "verified_trade": "", "verified_reason_url": "", "verified_source": "", "verified_source_url": "", "verified_state": 0, "verified_level": 3, "verified_type_ext": 0, "has_service_tel": false, "verified_reason_modified": "《Vista看天下》官方微博", "verified_contact_name": "", "verified_contact_email": "", "verified_contact_mobile": "", "follow_me": false, "like": false, "like_me": false, "online_status": 0, "bi_followers_count": 1267, "lang": "zh-cn", "star": 0, "mbtype": 12, "mbrank": 7, "svip": 0, "mb_expire_time": 1682611200, "block_word": 0, "block_app": 1, "chaohua_ability": 0, "brand_ability": 0, "nft_ability": 0, "vplus_ability": 0, "wenda_ability": 0, "live_ability": 0, "gongyi_ability": 0, "paycolumn_ability": 0, "newbrand_ability": 0, "ecommerce_ability": 0, "hardfan_ability": 0, "wbcolumn_ability": 0, "credit_score": 80, "user_ability": -2136636920, "cardid": "star_1624", "urank": 48, "story_read_state": -1, "vclub_member": 0, "is_teenager": 0, "is_guardian": 0, "is_teenager_list": 1, "pc_new": 7, "special_follow": false, "planet_video": 2, "video_mark": 15, "live_status": 0, "user_ability_extend": 1, "status_total_counter": {"total_cnt": 181402672, "repost_cnt": 25826535, "comment_cnt": 27489518, "like_cnt": 41198808, "comment_like_cnt": 86887811}, "video_total_counter": {"play_cnt": 982862717}, "brand_account": 0, "hongbaofei": 0, "tab_manage": "[0, 0]", "reward_status": 0, "green_mode": 0, "urisk": 0, "avatar_type": 0}, "annotations": [{"photo_sub_type": "0"}, {}, {"mapi_request": true}], "picStatus": "0:1", "reposts_count": 0, "comments_count": 0, "reprint_cmt_count": 0, "attitudes_count": 0, "pending_approval_count": 0, "isLongText": true, "reward_exhibition_type": 0, "hide_flag": 0, "mlevel": 0, "show_mlevel": 0, "biz_feature": 4294967300, "page_type": 64, "hasActionTypeCard": 0, "darwin_tags": [], "hot_weibo_tags": [], "text_tag_tips": [], "mblogtype": 0, "userType": 0, "more_info_type": 0, "cardid": "star_1624", "positive_recom_flag": 0, "content_auth": 0, "gif_ids": "", "is_show_bulletin": 2, "comment_manage_info": {"comment_permission_type": -1, "approval_comment_type": 0, "comment_sort_type": 0, "ai_play_picture_type": 0}, "pic_num": 1, "can_reprint": false, "new_comment_style": 0}, "readtimetype": "comment", "comment_dynamic_message": {"id": "0", "start_color": "#00FFFFFF", "end_color": "#1AFFFFFF", "start_color_dark": "#003A3A3A", "end_color_dark": "#333A3A3A", "name": {"zh_CN": "默认", "zh_HK": "默認", "en_US": "default"}, "scheme": "https://new.vip.weibo.cn/bubble/mall?showmenu=0&decorateId=0&uid=1880921441", "allow_vip_box_content": "用此评论气泡", "allow_vip_box_icon": "https://h5.sinaimg.cn/upload/100/1720/2022/08/08/icon_VIP_for_comment_bubble.png"}, "match_ai_play_picture": false}