{"created_at": "Sun Dec 11 00:37:10 +0800 2022", "id": 4845288369424822, "rootid": 4845262360813667, "rootidstr": "4845262360813667", "floor_number": 0, "text": "回复@西野家的绿鸽子:查一下美丽果数据，去年统计30个州的死亡数量和今年只统计15个州的死亡数量一致。有没有一种可能，数据不变和降低只是因为统计样本变化了[偷笑]", "disable_reply": 0, "restrictOperate": 0, "source_allowclick": 0, "source_type": 4, "source": "<a href=\"\" rel=\"nofollow\">来自广西</a>", "user": {"id": 2698122622, "idstr": "2698122622", "class": 1, "screen_name": "Oo阿飘同学oO", "name": "Oo阿飘同学oO", "province": "400", "city": "46", "location": "海外 土耳其", "description": "像神经病一样活泼开朗", "url": "", "profile_image_url": "https://tva3.sinaimg.cn/crop.0.0.512.512.50/a0d2157ejw8efhhx7fyyaj20e80e8my9.jpg?KID=imgbed,tva&Expires=1673960119&ssig=wbWlOfwLbq", "light_ring": false, "cover_image_phone": "https://ww1.sinaimg.cn/crop.0.0.640.640.640/549d0121tw1egm1kjly3jj20hs0hsq4f.jpg", "profile_url": "u/2698122622", "domain": "", "weihao": "", "gender": "f", "followers_count": 477, "followers_count_str": "477", "friends_count": 845, "pagefriends_count": 10, "statuses_count": 3203, "video_status_count": 0, "video_play_count": 0, "super_topic_not_syn_count": 0, "favourites_count": 87, "created_at": "Wed Feb 01 15:46:21 +0800 2012", "following": false, "allow_all_act_msg": false, "geo_enabled": true, "verified": false, "verified_type": -1, "remark": "", "insecurity": {"sexual_content": false}, "ptype": 0, "allow_all_comment": false, "avatar_large": "https://tva3.sinaimg.cn/crop.0.0.512.512.180/a0d2157ejw8efhhx7fyyaj20e80e8my9.jpg?KID=imgbed,tva&Expires=1673960119&ssig=kENrvMAglz", "avatar_hd": "https://tva3.sinaimg.cn/crop.0.0.512.512.1024/a0d2157ejw8efhhx7fyyaj20e80e8my9.jpg?KID=imgbed,tva&Expires=1673960119&ssig=teT%2FJqruDM", "verified_reason": "", "verified_trade": "", "verified_reason_url": "", "verified_source": "", "verified_source_url": "", "follow_me": false, "like": false, "like_me": false, "online_status": 0, "bi_followers_count": 86, "lang": "zh-cn", "star": 0, "mbtype": 0, "mbrank": 0, "svip": 0, "mb_expire_time": 0, "block_word": 0, "block_app": 0, "chaohua_ability": 0, "brand_ability": 0, "nft_ability": 0, "vplus_ability": 0, "wenda_ability": 0, "live_ability": 0, "gongyi_ability": 0, "paycolumn_ability": 0, "newbrand_ability": 0, "ecommerce_ability": 0, "hardfan_ability": 0, "wbcolumn_ability": 0, "credit_score": 80, "user_ability": 2359808, "urank": 37, "story_read_state": -1, "vclub_member": 0, "is_teenager": 0, "is_guardian": 0, "is_teenager_list": 0, "pc_new": 0, "special_follow": false, "planet_video": 2, "video_mark": 0, "live_status": 0, "user_ability_extend": 0, "status_total_counter": {"total_cnt": 3589, "repost_cnt": 1738, "comment_cnt": 1532, "like_cnt": 317, "comment_like_cnt": 2}, "video_total_counter": {"play_cnt": 13}, "brand_account": 0, "hongbaofei": 0, "tab_manage": "[0, 0]", "reward_status": 0, "green_mode": 0, "urisk": 0, "avatar_type": 0}, "mid": "4845288369424822", "idstr": "4845288369424822", "status": {"visible": {"type": 0, "list_id": 0}, "created_at": "Sat Dec 10 21:20:08 +0800 2022", "id": 4845238781223592, "idstr": "4845238781223592", "mid": "4845238781223592", "edit_count": 1, "can_edit": false, "edit_at": "Sat Dec 10 21:21:36 +0800 2022", "version": 4, "show_additional_indication": 0, "text": "【#北京呼吁新冠无症状和轻症患者勿打120#：为急危重症患者留出通道】近期，北京市120急救热线呼叫量激增。12月10日，北京急救中心主任医师陈志呼吁，新冠肺炎无症状感染者、轻症患者请勿拨打120热线，请为急危重症患者留出急救热线通道。\n\n陈志介绍，本市120急救热线的呼叫量近日急剧增加，日常呼叫量 ​", "textLength": 999, "source_allowclick": 0, "source_type": 1, "source": "<a href=\"http://app.weibo.com/t/feed/xEsRX\" rel=\"nofollow\">新版微博 weibo.com</a>", "favorited": false, "truncated": false, "in_reply_to_status_id": "", "in_reply_to_user_id": "", "in_reply_to_screen_name": "", "pic_urls": [{"thumbnail_pic": "http://wx3.sinaimg.cn/thumbnail/001rzo4Rly1h8z12urdtgj60ma0vwdko02.jpg"}], "thumbnail_pic": "http://wx3.sinaimg.cn/thumbnail/001rzo4Rly1h8z12urdtgj60ma0vwdko02.jpg", "bmiddle_pic": "http://wx3.sinaimg.cn/bmiddle/001rzo4Rly1h8z12urdtgj60ma0vwdko02.jpg", "original_pic": "http://wx3.sinaimg.cn/large/001rzo4Rly1h8z12urdtgj60ma0vwdko02.jpg", "geo": null, "is_paid": false, "mblog_vip_type": 0, "user": {"id": 1323527941, "idstr": "1323527941", "class": 1, "screen_name": "Vista看天下", "name": "Vista看天下", "province": "11", "city": "1000", "location": "北京", "description": "一个有趣的蓝V。报料邮箱：vistawb@163.com", "url": "http://www.kaixin001.com/vista", "profile_image_url": "https://tvax3.sinaimg.cn/crop.0.0.600.600.50/001rzo4Rly8h8vg9ctkdmj60go0goaai02.jpg?KID=imgbed,tva&Expires=1673960119&ssig=4OJ8zAG8jD", "light_ring": false, "cover_image": "https://ww1.sinaimg.cn/crop.0.0.920.300/4ee36f05jw1emo4e8t6bjj20pk08caci.jpg", "cover_image_phone": "https://ww1.sinaimg.cn/crop.0.0.640.640.640/549d0121tw1egm1kjly3jj20hs0hsq4f.jpg", "profile_url": "vistastory", "domain": "vistastory", "weihao": "", "gender": "m", "followers_count": 25616702, "followers_count_str": "2561.7万", "friends_count": 2175, "pagefriends_count": 42, "statuses_count": 103034, "video_status_count": 2156, "video_play_count": 0, "super_topic_not_syn_count": 0, "favourites_count": 6553, "created_at": "Thu Oct 15 17:13:17 +0800 2009", "following": false, "allow_all_act_msg": true, "geo_enabled": true, "verified": true, "verified_type": 3, "remark": "", "insecurity": {"sexual_content": false}, "ptype": 0, "allow_all_comment": true, "avatar_large": "https://tvax3.sinaimg.cn/crop.0.0.600.600.180/001rzo4Rly8h8vg9ctkdmj60go0goaai02.jpg?KID=imgbed,tva&Expires=1673960119&ssig=mMLww9SQ5j", "avatar_hd": "https://tvax3.sinaimg.cn/crop.0.0.600.600.1024/001rzo4Rly8h8vg9ctkdmj60go0goaai02.jpg?KID=imgbed,tva&Expires=1673960119&ssig=d%2FVWqqEj0A", "verified_reason": "《Vista看天下》官方微博", "verified_trade": "", "verified_reason_url": "", "verified_source": "", "verified_source_url": "", "verified_state": 0, "verified_level": 3, "verified_type_ext": 0, "has_service_tel": false, "verified_reason_modified": "《Vista看天下》官方微博", "verified_contact_name": "", "verified_contact_email": "", "verified_contact_mobile": "", "follow_me": false, "like": false, "like_me": false, "online_status": 0, "bi_followers_count": 1267, "lang": "zh-cn", "star": 0, "mbtype": 12, "mbrank": 7, "svip": 0, "mb_expire_time": 1682611200, "block_word": 0, "block_app": 1, "chaohua_ability": 0, "brand_ability": 0, "nft_ability": 0, "vplus_ability": 0, "wenda_ability": 0, "live_ability": 0, "gongyi_ability": 0, "paycolumn_ability": 0, "newbrand_ability": 0, "ecommerce_ability": 0, "hardfan_ability": 0, "wbcolumn_ability": 0, "credit_score": 80, "user_ability": -2136636920, "cardid": "star_1624", "urank": 48, "story_read_state": -1, "vclub_member": 0, "is_teenager": 0, "is_guardian": 0, "is_teenager_list": 1, "pc_new": 7, "special_follow": false, "planet_video": 2, "video_mark": 15, "live_status": 0, "user_ability_extend": 1, "status_total_counter": {"total_cnt": 181402672, "repost_cnt": 25826535, "comment_cnt": 27489518, "like_cnt": 41198808, "comment_like_cnt": 86887811}, "video_total_counter": {"play_cnt": 982862717}, "brand_account": 0, "hongbaofei": 0, "tab_manage": "[0, 0]", "reward_status": 0, "green_mode": 0, "urisk": 0, "avatar_type": 0}, "annotations": [{"photo_sub_type": "0"}, {}, {"mapi_request": true}], "picStatus": "0:1", "reposts_count": 0, "comments_count": 0, "reprint_cmt_count": 0, "attitudes_count": 0, "pending_approval_count": 0, "isLongText": true, "reward_exhibition_type": 0, "hide_flag": 0, "mlevel": 0, "show_mlevel": 0, "biz_feature": 4294967300, "page_type": 64, "hasActionTypeCard": 0, "darwin_tags": [], "hot_weibo_tags": [], "text_tag_tips": [], "mblogtype": 0, "userType": 0, "more_info_type": 0, "cardid": "star_1624", "positive_recom_flag": 0, "content_auth": 0, "gif_ids": "", "is_show_bulletin": 2, "comment_manage_info": {"comment_permission_type": -1, "approval_comment_type": 0, "comment_sort_type": 0, "ai_play_picture_type": 0}, "pic_num": 1, "can_reprint": false, "new_comment_style": 0}, "reply_comment": {"created_at": "Sat Dec 10 23:17:04 +0800 2022", "id": 4845268208460502, "rootid": 4845262360813667, "rootidstr": "4845262360813667", "floor_number": 0, "text": "回复@倚楼待君归:小感冒罢了，防疫的次生灾害原比这大，90%无症状，重症更是个例", "disable_reply": 0, "restrictOperate": 0, "user": {"id": 3953486179, "idstr": "3953486179", "class": 1, "screen_name": "西野家的绿鸽子", "name": "西野家的绿鸽子", "province": "100", "city": "1000", "location": "其他", "description": "", "url": "", "profile_image_url": "https://tvax3.sinaimg.cn/crop.0.0.400.400.50/eba56963ly8gb9256f5wyj20b40b475l.jpg?KID=imgbed,tva&Expires=1673960119&ssig=Wa5xnSLNF9", "light_ring": false, "cover_image_phone": "https://ww4.sinaimg.cn/crop.0.0.640.640.640/6ce2240djw1e8iktk4ohij20hs0hsmz6.jpg", "profile_url": "u/3953486179", "domain": "", "weihao": "", "gender": "m", "followers_count": 15, "followers_count_str": "15", "friends_count": 88, "pagefriends_count": 7, "statuses_count": 5, "video_status_count": 0, "video_play_count": 0, "super_topic_not_syn_count": 0, "favourites_count": 155, "created_at": "Mon Dec 23 16:42:29 +0800 2013", "following": false, "allow_all_act_msg": false, "geo_enabled": true, "verified": false, "verified_type": -1, "remark": "", "insecurity": {"sexual_content": false}, "ptype": 0, "allow_all_comment": true, "avatar_large": "https://tvax3.sinaimg.cn/crop.0.0.400.400.180/eba56963ly8gb9256f5wyj20b40b475l.jpg?KID=imgbed,tva&Expires=1673960119&ssig=CXX9j5QKj2", "avatar_hd": "https://tvax3.sinaimg.cn/crop.0.0.400.400.1024/eba56963ly8gb9256f5wyj20b40b475l.jpg?KID=imgbed,tva&Expires=1673960119&ssig=yD3WsdDvM2", "verified_reason": "", "verified_trade": "", "verified_reason_url": "", "verified_source": "", "verified_source_url": "", "follow_me": false, "like": false, "like_me": false, "online_status": 0, "bi_followers_count": 3, "lang": "zh-cn", "star": 0, "mbtype": 0, "mbrank": 0, "svip": 0, "mb_expire_time": 0, "block_word": 0, "block_app": 0, "chaohua_ability": 0, "brand_ability": 0, "nft_ability": 0, "vplus_ability": 0, "wenda_ability": 0, "live_ability": 0, "gongyi_ability": 0, "paycolumn_ability": 0, "newbrand_ability": 0, "ecommerce_ability": 0, "hardfan_ability": 0, "wbcolumn_ability": 0, "credit_score": 80, "user_ability": 2098176, "urank": 14, "story_read_state": -1, "vclub_member": 0, "is_teenager": 0, "is_guardian": 0, "is_teenager_list": 0, "pc_new": 0, "special_follow": false, "planet_video": 0, "video_mark": 0, "live_status": 0, "user_ability_extend": 0, "status_total_counter": {"total_cnt": 4, "repost_cnt": 0, "comment_cnt": 0, "like_cnt": 4, "comment_like_cnt": 0}, "video_total_counter": {"play_cnt": -1}, "brand_account": 0, "hongbaofei": 0, "tab_manage": "[0, 0]", "reward_status": 0, "green_mode": 0, "urisk": 549756338176, "avatar_type": 0}, "mid": "4845268208460502", "idstr": "4845268208460502", "match_ai_play_picture": false}, "reply_original_text": "查一下美丽果数据，去年统计30个州的死亡数量和今年只统计15个州的死亡数量一致。有没有一种可能，数据不变和降低只是因为统计样本变化了[偷笑]", "readtimetype": "comment", "match_ai_play_picture": false}