{"created_at": "Sun Dec 11 11:48:32 +0800 2022", "id": 4845457324901264, "rootid": 4845268279499122, "rootidstr": "4845268279499122", "floor_number": 0, "text": "回复@Tequila_Jet:不会，急救车到院后医院会确认“患者”是否属于医学上的“急救”范畴，属于的，按以前费用处理；不属于的，按新办法处理。别不服，不服你换医院去。那些不服的，基本不是穷人，急救车出一次至少得好几百，穷人未到不得已时不会花这个钱。往往只有小仙女类人群才会无视“急救”二字。", "disable_reply": 0, "restrictOperate": 0, "source_allowclick": 0, "source_type": 4, "source": "<a href=\"\" rel=\"nofollow\">来自四川</a>", "user": {"id": 7793525858, "idstr": "7793525858", "class": 1, "screen_name": "aRCh_oN2", "name": "aRCh_oN2", "province": "44", "city": "3", "location": "广东 深圳", "description": "天上的仙喜欢人间的钱", "url": "", "profile_image_url": "https://tvax2.sinaimg.cn/crop.150.0.600.600.50/008vqQ5Yly1h6p4608wnij30p00godhy.jpg?KID=imgbed,tva&Expires=1673960063&ssig=wPui%2FMWMZV", "light_ring": false, "profile_url": "u/7793525858", "domain": "", "weihao": "", "gender": "m", "followers_count": 0, "followers_count_str": "0", "friends_count": 132, "pagefriends_count": 0, "statuses_count": 8, "video_status_count": 0, "video_play_count": 0, "super_topic_not_syn_count": 0, "favourites_count": 15, "created_at": "Sat Oct 01 00:37:47 +0800 2022", "following": false, "allow_all_act_msg": false, "geo_enabled": true, "verified": false, "verified_type": -1, "remark": "", "insecurity": {"sexual_content": false}, "ptype": 0, "allow_all_comment": true, "avatar_large": "https://tvax2.sinaimg.cn/crop.150.0.600.600.180/008vqQ5Yly1h6p4608wnij30p00godhy.jpg?KID=imgbed,tva&Expires=1673960063&ssig=V5pMwuk3KI", "avatar_hd": "https://tvax2.sinaimg.cn/crop.150.0.600.600.1024/008vqQ5Yly1h6p4608wnij30p00godhy.jpg?KID=imgbed,tva&Expires=1673960063&ssig=4G3e51A2tL", "verified_reason": "", "verified_trade": "", "verified_reason_url": "", "verified_source": "", "verified_source_url": "", "follow_me": false, "like": false, "like_me": false, "online_status": 0, "bi_followers_count": 0, "lang": "zh-cn", "star": 0, "mbtype": 0, "mbrank": 0, "svip": 0, "mb_expire_time": 0, "block_word": 0, "block_app": 0, "chaohua_ability": 0, "brand_ability": 0, "nft_ability": 0, "vplus_ability": 0, "wenda_ability": 0, "live_ability": 0, "gongyi_ability": 0, "paycolumn_ability": 0, "newbrand_ability": 0, "ecommerce_ability": 0, "hardfan_ability": 0, "wbcolumn_ability": 0, "credit_score": 80, "user_ability": 0, "avatargj_id": "gj_vip_422", "urank": 0, "story_read_state": -1, "vclub_member": 0, "is_teenager": 0, "is_guardian": 0, "is_teenager_list": 0, "pc_new": 7, "special_follow": false, "planet_video": 0, "video_mark": 0, "live_status": 0, "user_ability_extend": 0, "status_total_counter": {"total_cnt": 0, "repost_cnt": 0, "comment_cnt": 0, "like_cnt": 0, "comment_like_cnt": 0}, "video_total_counter": {"play_cnt": -1}, "brand_account": 0, "hongbaofei": 0, "tab_manage": "[0, 0]", "reward_status": 0, "green_mode": 0, "urisk": 524288, "avatar_type": 0}, "mid": "4845457324901264", "idstr": "4845457324901264", "status": {"visible": {"type": 0, "list_id": 0}, "created_at": "Sat Dec 10 21:20:08 +0800 2022", "id": 4845238781223592, "idstr": "4845238781223592", "mid": "4845238781223592", "edit_count": 1, "can_edit": false, "edit_at": "Sat Dec 10 21:21:36 +0800 2022", "version": 4, "show_additional_indication": 0, "text": "【#北京呼吁新冠无症状和轻症患者勿打120#：为急危重症患者留出通道】近期，北京市120急救热线呼叫量激增。12月10日，北京急救中心主任医师陈志呼吁，新冠肺炎无症状感染者、轻症患者请勿拨打120热线，请为急危重症患者留出急救热线通道。\n\n陈志介绍，本市120急救热线的呼叫量近日急剧增加，日常呼叫量 ​", "textLength": 999, "source_allowclick": 0, "source_type": 1, "source": "<a href=\"http://app.weibo.com/t/feed/xEsRX\" rel=\"nofollow\">新版微博 weibo.com</a>", "favorited": false, "truncated": false, "in_reply_to_status_id": "", "in_reply_to_user_id": "", "in_reply_to_screen_name": "", "pic_urls": [{"thumbnail_pic": "http://wx3.sinaimg.cn/thumbnail/001rzo4Rly1h8z12urdtgj60ma0vwdko02.jpg"}], "thumbnail_pic": "http://wx3.sinaimg.cn/thumbnail/001rzo4Rly1h8z12urdtgj60ma0vwdko02.jpg", "bmiddle_pic": "http://wx3.sinaimg.cn/bmiddle/001rzo4Rly1h8z12urdtgj60ma0vwdko02.jpg", "original_pic": "http://wx3.sinaimg.cn/large/001rzo4Rly1h8z12urdtgj60ma0vwdko02.jpg", "geo": null, "is_paid": false, "mblog_vip_type": 0, "user": {"id": 1323527941, "idstr": "1323527941", "class": 1, "screen_name": "Vista看天下", "name": "Vista看天下", "province": "11", "city": "1000", "location": "北京", "description": "一个有趣的蓝V。报料邮箱：vistawb@163.com", "url": "http://www.kaixin001.com/vista", "profile_image_url": "https://tvax3.sinaimg.cn/crop.0.0.600.600.50/001rzo4Rly8h8vg9ctkdmj60go0goaai02.jpg?KID=imgbed,tva&Expires=1673960063&ssig=0vy1rAQTaf", "light_ring": false, "cover_image": "https://ww1.sinaimg.cn/crop.0.0.920.300/4ee36f05jw1emo4e8t6bjj20pk08caci.jpg", "cover_image_phone": "https://ww1.sinaimg.cn/crop.0.0.640.640.640/549d0121tw1egm1kjly3jj20hs0hsq4f.jpg", "profile_url": "vistastory", "domain": "vistastory", "weihao": "", "gender": "m", "followers_count": 25616702, "followers_count_str": "2561.7万", "friends_count": 2175, "pagefriends_count": 42, "statuses_count": 103034, "video_status_count": 2156, "video_play_count": 0, "super_topic_not_syn_count": 0, "favourites_count": 6553, "created_at": "Thu Oct 15 17:13:17 +0800 2009", "following": false, "allow_all_act_msg": true, "geo_enabled": true, "verified": true, "verified_type": 3, "remark": "", "insecurity": {"sexual_content": false}, "ptype": 0, "allow_all_comment": true, "avatar_large": "https://tvax3.sinaimg.cn/crop.0.0.600.600.180/001rzo4Rly8h8vg9ctkdmj60go0goaai02.jpg?KID=imgbed,tva&Expires=1673960063&ssig=wDMUnDhjUJ", "avatar_hd": "https://tvax3.sinaimg.cn/crop.0.0.600.600.1024/001rzo4Rly8h8vg9ctkdmj60go0goaai02.jpg?KID=imgbed,tva&Expires=1673960063&ssig=IlaHO3fZXf", "verified_reason": "《Vista看天下》官方微博", "verified_trade": "", "verified_reason_url": "", "verified_source": "", "verified_source_url": "", "verified_state": 0, "verified_level": 3, "verified_type_ext": 0, "has_service_tel": false, "verified_reason_modified": "《Vista看天下》官方微博", "verified_contact_name": "", "verified_contact_email": "", "verified_contact_mobile": "", "follow_me": false, "like": false, "like_me": false, "online_status": 0, "bi_followers_count": 1267, "lang": "zh-cn", "star": 0, "mbtype": 12, "mbrank": 7, "svip": 0, "mb_expire_time": 1682611200, "block_word": 0, "block_app": 1, "chaohua_ability": 0, "brand_ability": 0, "nft_ability": 0, "vplus_ability": 0, "wenda_ability": 0, "live_ability": 0, "gongyi_ability": 0, "paycolumn_ability": 0, "newbrand_ability": 0, "ecommerce_ability": 0, "hardfan_ability": 0, "wbcolumn_ability": 0, "credit_score": 80, "user_ability": -2136636920, "cardid": "star_1624", "urank": 48, "story_read_state": -1, "vclub_member": 0, "is_teenager": 0, "is_guardian": 0, "is_teenager_list": 1, "pc_new": 7, "special_follow": false, "planet_video": 2, "video_mark": 15, "live_status": 0, "user_ability_extend": 1, "status_total_counter": {"total_cnt": 181402672, "repost_cnt": 25826535, "comment_cnt": 27489518, "like_cnt": 41198808, "comment_like_cnt": 86887811}, "video_total_counter": {"play_cnt": 982862717}, "brand_account": 0, "hongbaofei": 0, "tab_manage": "[0, 0]", "reward_status": 0, "green_mode": 0, "urisk": 0, "avatar_type": 0}, "annotations": [{"photo_sub_type": "0"}, {}, {"mapi_request": true}], "picStatus": "0:1", "reposts_count": 0, "comments_count": 0, "reprint_cmt_count": 0, "attitudes_count": 0, "pending_approval_count": 0, "isLongText": true, "reward_exhibition_type": 0, "hide_flag": 0, "mlevel": 0, "show_mlevel": 0, "biz_feature": 4294967300, "page_type": 64, "hasActionTypeCard": 0, "darwin_tags": [], "hot_weibo_tags": [], "text_tag_tips": [], "mblogtype": 0, "userType": 0, "more_info_type": 0, "cardid": "star_1624", "positive_recom_flag": 0, "content_auth": 0, "gif_ids": "", "is_show_bulletin": 2, "comment_manage_info": {"comment_permission_type": -1, "approval_comment_type": 0, "comment_sort_type": 0, "ai_play_picture_type": 0}, "pic_num": 1, "can_reprint": false, "new_comment_style": 0}, "reply_comment": {"created_at": "Sun Dec 11 00:46:03 +0800 2022", "id": 4845290600797423, "rootid": 4845268279499122, "rootidstr": "4845268279499122", "floor_number": 0, "text": "回复@aRCh_oN2:这不是断了急危重症者的命，这是断了穷人的命", "disable_reply": 0, "restrictOperate": 0, "user": {"id": 5958085916, "idstr": "5958085916", "class": 1, "screen_name": "Tequila_Jet", "name": "Tequila_Jet", "province": "37", "city": "2", "location": "山东 青岛", "description": "我妈眼里的亡命之徒", "url": "", "profile_image_url": "https://tvax1.sinaimg.cn/crop.0.0.1002.1002.50/006vdwjWly8gorvdwa0fcj30ru0rumxz.jpg?KID=imgbed,tva&Expires=1673960063&ssig=t2uCKrMUy0", "light_ring": false, "cover_image_phone": "https://ww1.sinaimg.cn/crop.0.0.640.640.640/9d44112bjw1f1xl1c10tuj20hs0hs0tw.jpg", "profile_url": "u/5958085916", "domain": "", "weihao": "", "gender": "f", "followers_count": 154, "followers_count_str": "154", "friends_count": 358, "pagefriends_count": 8, "statuses_count": 567, "video_status_count": 26, "video_play_count": 0, "super_topic_not_syn_count": 0, "favourites_count": 115, "created_at": "Thu Jun 16 16:07:32 +0800 2016", "following": false, "allow_all_act_msg": false, "geo_enabled": true, "verified": false, "verified_type": -1, "remark": "", "insecurity": {"sexual_content": false}, "ptype": 0, "allow_all_comment": true, "avatar_large": "https://tvax1.sinaimg.cn/crop.0.0.1002.1002.180/006vdwjWly8gorvdwa0fcj30ru0rumxz.jpg?KID=imgbed,tva&Expires=1673960063&ssig=PJ%2BRNwNBJ5", "avatar_hd": "https://tvax1.sinaimg.cn/crop.0.0.1002.1002.1024/006vdwjWly8gorvdwa0fcj30ru0rumxz.jpg?KID=imgbed,tva&Expires=1673960063&ssig=U51vP%2F4nTT", "verified_reason": "", "verified_trade": "", "verified_reason_url": "", "verified_source": "", "verified_source_url": "", "follow_me": false, "like": false, "like_me": false, "online_status": 0, "bi_followers_count": 33, "lang": "zh-cn", "star": 0, "mbtype": 2, "mbrank": 1, "svip": 0, "mb_expire_time": 1634918399, "block_word": 0, "block_app": 0, "chaohua_ability": 0, "brand_ability": 0, "nft_ability": 0, "vplus_ability": 0, "wenda_ability": 0, "live_ability": 0, "gongyi_ability": 0, "paycolumn_ability": 0, "newbrand_ability": 0, "ecommerce_ability": 0, "hardfan_ability": 0, "wbcolumn_ability": 0, "credit_score": 80, "user_ability": 35913728, "urank": 14, "story_read_state": -1, "vclub_member": 0, "is_teenager": 0, "is_guardian": 0, "is_teenager_list": 0, "pc_new": 7, "special_follow": false, "planet_video": 2, "video_mark": 2, "live_status": 0, "user_ability_extend": 0, "status_total_counter": {"total_cnt": 669, "repost_cnt": 10, "comment_cnt": 336, "like_cnt": 306, "comment_like_cnt": 17}, "video_total_counter": {"play_cnt": 3966}, "brand_account": 0, "hongbaofei": 0, "tab_manage": "[4329441920, 0]", "reward_status": 0, "green_mode": 0, "urisk": 17179869184, "avatar_type": 0}, "mid": "4845290600797423", "idstr": "4845290600797423", "match_ai_play_picture": false}, "reply_original_text": "不会，急救车到院后医院会确认“患者”是否属于医学上的“急救”范畴，属于的，按以前费用处理；不属于的，按新办法处理。别不服，不服你换医院去。那些不服的，基本不是穷人，急救车出一次至少得好几百，穷人未到不得已时不会花这个钱。往往只有小仙女类人群才会无视“急救”二字。", "readtimetype": "comment", "match_ai_play_picture": false}