{"created_at": "Sun Dec 11 02:12:53 +0800 2022", "id": 4845312457310948, "rootid": 4845244321632168, "rootidstr": "4845244321632168", "floor_number": 0, "text": "回复@风不跑了:你低估了北京的人数[doge]", "disable_reply": 0, "restrictOperate": 0, "source_allowclick": 0, "source_type": 4, "source": "<a href=\"\" rel=\"nofollow\">来自河南</a>", "user": {"id": 6230829199, "idstr": "6230829199", "class": 1, "screen_name": "宇航员_阿菠萝", "name": "宇航员_阿菠萝", "province": "41", "city": "1", "location": "河南 郑州", "description": "", "url": "", "profile_image_url": "https://tvax2.sinaimg.cn/crop.0.0.750.750.50/006NFVj9ly8gc3yvfl5b1j30ku0kuaby.jpg?KID=imgbed,tva&Expires=1671278267&ssig=Xga2SGixiS", "light_ring": false, "cover_image_phone": "https://ww1.sinaimg.cn/crop.0.0.640.640.640/549d0121tw1egm1kjly3jj20hs0hsq4f.jpg", "profile_url": "u/6230829199", "domain": "", "weihao": "", "gender": "m", "followers_count": 56, "followers_count_str": "56", "friends_count": 247, "pagefriends_count": 18, "statuses_count": 28, "video_status_count": 0, "video_play_count": 0, "super_topic_not_syn_count": 2, "favourites_count": 3, "created_at": "Wed May 03 11:35:30 +0800 2017", "following": false, "allow_all_act_msg": false, "geo_enabled": true, "verified": false, "verified_type": -1, "remark": "", "insecurity": {"sexual_content": false}, "ptype": 0, "allow_all_comment": false, "avatar_large": "https://tvax2.sinaimg.cn/crop.0.0.750.750.180/006NFVj9ly8gc3yvfl5b1j30ku0kuaby.jpg?KID=imgbed,tva&Expires=1671278267&ssig=jOD1R%2BWxdH", "avatar_hd": "https://tvax2.sinaimg.cn/crop.0.0.750.750.1024/006NFVj9ly8gc3yvfl5b1j30ku0kuaby.jpg?KID=imgbed,tva&Expires=1671278267&ssig=hirL6ZMTd6", "verified_reason": "", "verified_trade": "", "verified_reason_url": "", "verified_source": "", "verified_source_url": "", "follow_me": false, "like": false, "like_me": false, "online_status": 0, "bi_followers_count": 4, "lang": "zh-cn", "star": 0, "mbtype": 2, "mbrank": 1, "svip": 0, "mb_expire_time": 0, "block_word": 0, "block_app": 0, "chaohua_ability": 0, "brand_ability": 0, "nft_ability": 0, "vplus_ability": 0, "wenda_ability": 0, "live_ability": 0, "gongyi_ability": 0, "paycolumn_ability": 0, "newbrand_ability": 0, "ecommerce_ability": 0, "hardfan_ability": 0, "credit_score": 80, "user_ability": 35651584, "urank": 9, "story_read_state": -1, "vclub_member": 0, "is_teenager": 0, "is_guardian": 0, "is_teenager_list": 0, "pc_new": 7, "special_follow": false, "planet_video": 1, "video_mark": 2, "live_status": 0, "user_ability_extend": 0, "status_total_counter": {"total_cnt": 7, "repost_cnt": 2, "comment_cnt": 0, "like_cnt": 5, "comment_like_cnt": 0}, "video_total_counter": {"play_cnt": 60}, "brand_account": 0, "hongbaofei": 0, "tab_manage": "[0, 0]", "reward_status": 0, "green_mode": 0, "urisk": 566935683072, "avatar_type": 0}, "mid": "4845312457310948", "idstr": "4845312457310948", "status": {"visible": {"type": 0, "list_id": 0}, "created_at": "Sat Dec 10 21:20:08 +0800 2022", "id": 4845238781223592, "idstr": "4845238781223592", "mid": "4845238781223592", "edit_count": 1, "can_edit": false, "edit_at": "Sat Dec 10 21:21:36 +0800 2022", "version": 4, "show_additional_indication": 0, "text": "【#北京呼吁新冠无症状和轻症患者勿打120#：为急危重症患者留出通道】近期，北京市120急救热线呼叫量激增。12月10日，北京急救中心主任医师陈志呼吁，新冠肺炎无症状感染者、轻症患者请勿拨打120热线，请为急危重症患者留出急救热线通道。\n\n陈志介绍，本市120急救热线的呼叫量近日急剧增加，日常呼叫量 ​", "textLength": 999, "source_allowclick": 0, "source_type": 1, "source": "<a href=\"http://app.weibo.com/t/feed/xEsRX\" rel=\"nofollow\">新版微博 weibo.com</a>", "favorited": false, "truncated": false, "in_reply_to_status_id": "", "in_reply_to_user_id": "", "in_reply_to_screen_name": "", "pic_urls": [{"thumbnail_pic": "http://wx3.sinaimg.cn/thumbnail/001rzo4Rly1h8z12urdtgj60ma0vwdko02.jpg"}], "thumbnail_pic": "http://wx3.sinaimg.cn/thumbnail/001rzo4Rly1h8z12urdtgj60ma0vwdko02.jpg", "bmiddle_pic": "http://wx3.sinaimg.cn/bmiddle/001rzo4Rly1h8z12urdtgj60ma0vwdko02.jpg", "original_pic": "http://wx3.sinaimg.cn/large/001rzo4Rly1h8z12urdtgj60ma0vwdko02.jpg", "geo": null, "is_paid": false, "mblog_vip_type": 0, "user": {"id": 1323527941, "idstr": "1323527941", "class": 1, "screen_name": "Vista看天下", "name": "Vista看天下", "province": "11", "city": "1000", "location": "北京", "description": "一个有趣的蓝V。报料邮箱：vistawb@163.com", "url": "http://www.kaixin001.com/vista", "profile_image_url": "https://tvax3.sinaimg.cn/crop.0.0.600.600.50/001rzo4Rly8h8vg9ctkdmj60go0goaai02.jpg?KID=imgbed,tva&Expires=1671278267&ssig=5MsoiMZLgS", "light_ring": false, "cover_image": "https://ww1.sinaimg.cn/crop.0.0.920.300/4ee36f05jw1emo4e8t6bjj20pk08caci.jpg", "cover_image_phone": "https://ww1.sinaimg.cn/crop.0.0.640.640.640/549d0121tw1egm1kjly3jj20hs0hsq4f.jpg", "profile_url": "vistastory", "domain": "vistastory", "weihao": "", "gender": "m", "followers_count": 25613713, "followers_count_str": "2561.4万", "friends_count": 2146, "pagefriends_count": 41, "statuses_count": 102193, "video_status_count": 2029, "video_play_count": 0, "super_topic_not_syn_count": 0, "favourites_count": 6441, "created_at": "Thu Oct 15 17:13:17 +0800 2009", "following": false, "allow_all_act_msg": true, "geo_enabled": true, "verified": true, "verified_type": 3, "remark": "", "insecurity": {"sexual_content": false}, "ptype": 0, "allow_all_comment": true, "avatar_large": "https://tvax3.sinaimg.cn/crop.0.0.600.600.180/001rzo4Rly8h8vg9ctkdmj60go0goaai02.jpg?KID=imgbed,tva&Expires=1671278267&ssig=Jfm4iDLKMx", "avatar_hd": "https://tvax3.sinaimg.cn/crop.0.0.600.600.1024/001rzo4Rly8h8vg9ctkdmj60go0goaai02.jpg?KID=imgbed,tva&Expires=1671278267&ssig=AbJih04NaK", "verified_reason": "《Vista看天下》官方微博", "verified_trade": "", "verified_reason_url": "", "verified_source": "", "verified_source_url": "", "verified_state": 0, "verified_level": 3, "verified_type_ext": 0, "has_service_tel": false, "verified_reason_modified": "《Vista看天下》官方微博", "verified_contact_name": "", "verified_contact_email": "", "verified_contact_mobile": "", "follow_me": false, "like": false, "like_me": false, "online_status": 0, "bi_followers_count": 1239, "lang": "zh-cn", "star": 0, "mbtype": 12, "mbrank": 7, "svip": 0, "mb_expire_time": 1682611200, "block_word": 0, "block_app": 1, "chaohua_ability": 0, "brand_ability": 0, "nft_ability": 0, "vplus_ability": 0, "wenda_ability": 0, "live_ability": 0, "gongyi_ability": 0, "paycolumn_ability": 0, "newbrand_ability": 0, "ecommerce_ability": 0, "hardfan_ability": 0, "credit_score": 80, "user_ability": -2136636920, "cardid": "star_1624", "urank": 48, "story_read_state": -1, "vclub_member": 0, "is_teenager": 0, "is_guardian": 0, "is_teenager_list": 1, "pc_new": 7, "special_follow": false, "planet_video": 2, "video_mark": 15, "live_status": 0, "user_ability_extend": 1, "status_total_counter": {"total_cnt": 179909887, "repost_cnt": 25731991, "comment_cnt": 27392552, "like_cnt": 40857395, "comment_like_cnt": 85927949}, "video_total_counter": {"play_cnt": 904438280}, "brand_account": 0, "hongbaofei": 0, "tab_manage": "[0, 0]", "reward_status": 0, "green_mode": 0, "urisk": 0, "avatar_type": 0}, "annotations": [{"photo_sub_type": "0"}, {}, {"mapi_request": true}], "picStatus": "0:1", "reposts_count": 0, "comments_count": 0, "reprint_cmt_count": 0, "attitudes_count": 0, "pending_approval_count": 0, "isLongText": true, "reward_exhibition_type": 0, "hide_flag": 0, "mlevel": 0, "show_mlevel": 0, "biz_feature": 4294967300, "page_type": 64, "hasActionTypeCard": 0, "darwin_tags": [], "hot_weibo_tags": [], "text_tag_tips": [], "mblogtype": 0, "userType": 0, "more_info_type": 0, "cardid": "star_1624", "positive_recom_flag": 0, "content_auth": 0, "gif_ids": "", "is_show_bulletin": 2, "comment_manage_info": {"comment_permission_type": -1, "approval_comment_type": 0, "comment_sort_type": 0, "ai_play_picture_type": 0}, "pic_num": 1, "can_reprint": false, "new_comment_style": 0}, "reply_comment": {"created_at": "Sat Dec 10 22:55:47 +0800 2022", "id": 4845262851285226, "rootid": 4845244321632168, "rootidstr": "4845244321632168", "floor_number": 0, "text": "回复@华伟200208:北京已经高峰了", "disable_reply": 0, "restrictOperate": 0, "user": {"id": 2477692692, "idstr": "2477692692", "class": 1, "screen_name": "风不跑了", "name": "风不跑了", "province": "31", "city": "1000", "location": "上海", "description": "云淡风轻", "url": "", "profile_image_url": "https://tvax2.sinaimg.cn/crop.0.0.996.996.50/93ae9714ly8gkq701nvajj20ro0rodh9.jpg?KID=imgbed,tva&Expires=1671278267&ssig=uC6nqaikQ9", "light_ring": false, "cover_image_phone": "https://wx1.sinaimg.cn/crop.0.0.640.640.640/a1d3feably1fgm1s90o9qj20hs0hsjya.jpg", "profile_url": "u/2477692692", "domain": "", "weihao": "", "gender": "f", "followers_count": 6243, "followers_count_str": "6243", "friends_count": 963, "pagefriends_count": 6, "statuses_count": 5103, "video_status_count": 7, "video_play_count": 0, "super_topic_not_syn_count": 0, "favourites_count": 383, "created_at": "Wed Oct 19 11:45:23 +0800 2011", "following": false, "allow_all_act_msg": false, "geo_enabled": true, "verified": false, "verified_type": -1, "remark": "", "insecurity": {"sexual_content": false}, "ptype": 0, "allow_all_comment": true, "avatar_large": "https://tvax2.sinaimg.cn/crop.0.0.996.996.180/93ae9714ly8gkq701nvajj20ro0rodh9.jpg?KID=imgbed,tva&Expires=1671278267&ssig=ZRKxWd0%2BrX", "avatar_hd": "https://tvax2.sinaimg.cn/crop.0.0.996.996.1024/93ae9714ly8gkq701nvajj20ro0rodh9.jpg?KID=imgbed,tva&Expires=1671278267&ssig=E1YCcVGyJ4", "verified_reason": "", "verified_trade": "", "verified_reason_url": "", "verified_source": "", "verified_source_url": "", "follow_me": false, "like": false, "like_me": false, "online_status": 0, "bi_followers_count": 50, "lang": "zh-cn", "star": 0, "mbtype": 0, "mbrank": 0, "svip": 0, "mb_expire_time": 0, "block_word": 0, "block_app": 0, "chaohua_ability": 0, "brand_ability": 0, "nft_ability": 0, "vplus_ability": 0, "wenda_ability": 0, "live_ability": 0, "gongyi_ability": 0, "paycolumn_ability": 0, "newbrand_ability": 0, "ecommerce_ability": 0, "hardfan_ability": 0, "credit_score": 80, "user_ability": 3408384, "urank": 37, "story_read_state": -1, "vclub_member": 0, "is_teenager": 0, "is_guardian": 0, "is_teenager_list": 0, "pc_new": 7, "special_follow": false, "planet_video": 2, "video_mark": 12, "live_status": 0, "user_ability_extend": 0, "status_total_counter": {"total_cnt": 42061, "repost_cnt": 13392, "comment_cnt": 8568, "like_cnt": 19363, "comment_like_cnt": 738}, "video_total_counter": {"play_cnt": 2461}, "brand_account": 0, "hongbaofei": 0, "tab_manage": "[0, 0]", "reward_status": 0, "green_mode": 0, "urisk": 0, "avatar_type": 0}, "mid": "4845262851285226", "idstr": "4845262851285226", "match_ai_play_picture": false}, "reply_original_text": "你低估了北京的人数[doge]", "readtimetype": "comment", "match_ai_play_picture": false}