{"created_at": "Thu Oct 20 19:42:59 +0800 2022", "id": 4826732551472415, "rootid": 4826732551472415, "rootidstr": "4826732551472415", "floor_number": 1, "text": "到底几点？[允悲]", "disable_reply": 0, "restrictOperate": 0, "source_allowclick": 0, "source_type": 4, "source": "<a href=\"\" rel=\"nofollow\">来自天津</a>", "user": {"id": 6920092531, "idstr": "6920092531", "class": 1, "screen_name": "回收矿泉水瓶6", "name": "回收矿泉水瓶6", "province": "100", "city": "1000", "location": "其他", "description": "", "url": "", "profile_image_url": "https://tvax4.sinaimg.cn/crop.0.0.956.956.50/007yk0bFly8h7c04k8428j30qk0qkgmk.jpg?KID=imgbed,tva&Expires=1669714906&ssig=RJiCpqF1Pu", "light_ring": false, "cover_image_phone": "http://ww1.sinaimg.cn/crop.0.0.640.640.640/549d0121tw1egm1kjly3jj20hs0hsq4f.jpg", "profile_url": "u/6920092531", "domain": "", "weihao": "", "gender": "m", "followers_count": 3, "followers_count_str": "3", "friends_count": 163, "pagefriends_count": 5, "statuses_count": 2, "video_status_count": 0, "video_play_count": 0, "super_topic_not_syn_count": 0, "favourites_count": 0, "created_at": "Sat Jan 05 17:11:33 +0800 2019", "following": false, "allow_all_act_msg": false, "geo_enabled": true, "verified": false, "verified_type": -1, "remark": "", "insecurity": {"sexual_content": false}, "ptype": 0, "allow_all_comment": true, "avatar_large": "https://tvax4.sinaimg.cn/crop.0.0.956.956.180/007yk0bFly8h7c04k8428j30qk0qkgmk.jpg?KID=imgbed,tva&Expires=1669714906&ssig=6Eo27GH0ka", "avatar_hd": "https://tvax4.sinaimg.cn/crop.0.0.956.956.1024/007yk0bFly8h7c04k8428j30qk0qkgmk.jpg?KID=imgbed,tva&Expires=1669714906&ssig=NZdP7yUC%2B3", "verified_reason": "", "verified_trade": "", "verified_reason_url": "", "verified_source": "", "verified_source_url": "", "follow_me": false, "like": false, "like_me": false, "online_status": 0, "bi_followers_count": 1, "lang": "zh-cn", "star": 0, "mbtype": 0, "mbrank": 0, "svip": 0, "mb_expire_time": 0, "block_word": 0, "block_app": 0, "chaohua_ability": 0, "brand_ability": 0, "nft_ability": 0, "vplus_ability": 0, "wenda_ability": 0, "live_ability": 0, "gongyi_ability": 0, "paycolumn_ability": 0, "newbrand_ability": 0, "ecommerce_ability": 0, "hardfan_ability": 0, "credit_score": 80, "user_ability": 2097152, "urank": 4, "story_read_state": -1, "vclub_member": 0, "is_teenager": 0, "is_guardian": 0, "is_teenager_list": 0, "pc_new": 0, "special_follow": false, "planet_video": 0, "video_mark": 0, "live_status": 0, "user_ability_extend": 0, "status_total_counter": {"total_cnt": 4, "repost_cnt": 0, "comment_cnt": 4, "like_cnt": 0, "comment_like_cnt": 0}, "video_total_counter": {"play_cnt": -1}, "brand_account": 0, "hongbaofei": 0, "tab_manage": "[0, 0]", "reward_status": 0, "green_mode": 0, "urisk": 0, "avatar_type": 0}, "mid": "4826732551472415", "idstr": "4826732551472415", "status": {"visible": {"type": 0, "list_id": 0}, "created_at": "Thu Oct 20 19:42:48 +0800 2022", "id": 4826732505075642, "idstr": "4826732505075642", "mid": "4826732505075642", "can_edit": false, "version": 1, "show_additional_indication": 0, "text": "#天津开学[超话]#静海十点封城[二哈] ​", "textLength": 34, "source_allowclick": 1, "source_type": 1, "source": "<a href=\"http://app.weibo.com/t/feed/47f1WR\" rel=\"nofollow\">OPPO Reno4 Pro 5G</a>", "favorited": false, "truncated": false, "in_reply_to_status_id": "", "in_reply_to_user_id": "", "in_reply_to_screen_name": "", "pic_urls": [], "geo": null, "is_paid": false, "mblog_vip_type": 0, "user": {"id": 7754086022, "idstr": "7754086022", "class": 1, "screen_name": "东西葫芦丝", "name": "东西葫芦丝", "province": "100", "city": "1000", "location": "其他", "description": "你黄金般的青春为谁而风起", "url": "", "profile_image_url": "https://tvax1.sinaimg.cn/crop.0.0.700.700.50/008sLlZAly8h1a75p2s1dj30jg0jgab1.jpg?KID=imgbed,tva&Expires=1669714906&ssig=OVGMlBXjDs", "light_ring": false, "cover_image_phone": "http://ww1.sinaimg.cn/crop.0.0.640.640.640/549d0121tw1egm1kjly3jj20hs0hsq4f.jpg", "profile_url": "u/7754086022", "domain": "", "weihao": "", "gender": "m", "followers_count": 2, "followers_count_str": "2", "friends_count": 17, "pagefriends_count": 10, "statuses_count": 22, "video_status_count": 0, "video_play_count": 0, "super_topic_not_syn_count": 0, "favourites_count": 0, "created_at": "Thu Apr 14 10:39:58 +0800 2022", "following": false, "allow_all_act_msg": false, "geo_enabled": true, "verified": false, "verified_type": -1, "remark": "", "insecurity": {"sexual_content": false}, "ptype": 0, "allow_all_comment": true, "avatar_large": "https://tvax1.sinaimg.cn/crop.0.0.700.700.180/008sLlZAly8h1a75p2s1dj30jg0jgab1.jpg?KID=imgbed,tva&Expires=1669714906&ssig=0%2FqQkjWdsy", "avatar_hd": "https://tvax1.sinaimg.cn/crop.0.0.700.700.1024/008sLlZAly8h1a75p2s1dj30jg0jgab1.jpg?KID=imgbed,tva&Expires=1669714906&ssig=cQ6BHBDjx1", "verified_reason": "", "verified_trade": "", "verified_reason_url": "", "verified_source": "", "verified_source_url": "", "follow_me": false, "like": false, "like_me": false, "online_status": 0, "bi_followers_count": 0, "lang": "zh-cn", "star": 0, "mbtype": 0, "mbrank": 0, "svip": 0, "mb_expire_time": 0, "block_word": 0, "block_app": 0, "chaohua_ability": 0, "brand_ability": 0, "nft_ability": 0, "vplus_ability": 0, "wenda_ability": 0, "live_ability": 0, "gongyi_ability": 0, "paycolumn_ability": 0, "newbrand_ability": 0, "ecommerce_ability": 0, "hardfan_ability": 0, "credit_score": 80, "user_ability": 2097152, "urank": 0, "story_read_state": -1, "vclub_member": 0, "is_teenager": 0, "is_guardian": 0, "is_teenager_list": 0, "pc_new": 0, "special_follow": false, "planet_video": 0, "video_mark": 0, "live_status": 0, "user_ability_extend": 0, "status_total_counter": {"total_cnt": 359, "repost_cnt": 1, "comment_cnt": 119, "like_cnt": 152, "comment_like_cnt": 87}, "video_total_counter": {"play_cnt": -1}, "brand_account": 0, "hongbaofei": 0, "tab_manage": "[0, 0]", "reward_status": 0, "green_mode": 0, "urisk": 0, "avatar_type": 0}, "annotations": [{}, {"super_exparams": "{\"system_pic_only\":0}"}, {"shooting": 1, "client_mblogid": "22807985-a472-4204-819c-b05dc2c4a24a"}, {"mapi_request": true}], "reposts_count": 0, "comments_count": 0, "reprint_cmt_count": 0, "attitudes_count": 0, "pending_approval_count": 0, "isLongText": false, "reward_exhibition_type": 0, "hide_flag": 0, "mlevel": 128, "show_mlevel": 0, "biz_feature": 0, "topic_id": "1022:100808e096e04ecd423bf034a464e7d432a1f2", "sync_mblog": true, "is_imported_topic": false, "page_type": 32, "hasActionTypeCard": 0, "darwin_tags": [], "hot_weibo_tags": [], "text_tag_tips": [], "mblogtype": 0, "userType": 0, "mlevelSource": "monitor", "more_info_type": 0, "number_display_strategy": {"apply_scenario_flag": 3, "display_text_min_number": 1000000, "display_text": "100万+"}, "positive_recom_flag": 0, "content_auth": 0, "gif_ids": "", "is_show_bulletin": 2, "comment_manage_info": {"comment_permission_type": -1, "approval_comment_type": 0, "comment_sort_type": 0, "ai_play_picture_type": 0}, "pic_num": 0, "can_reprint": false, "new_comment_style": 0}, "readtimetype": "comment", "match_ai_play_picture": false}