{"created_at": "Tue Dec 13 20:49:25 +0800 2022", "id": 4846318213664075, "rootid": 4846318213664075, "rootidstr": "4846318213664075", "floor_number": 603, "text": "为什么？一而再再而三？", "disable_reply": 0, "restrictOperate": 0, "source_allowclick": 0, "source_type": 4, "source": "<a href=\"\" rel=\"nofollow\">来自山西</a>", "comment_badge": [{"pic_url": "https://h5.sinaimg.cn/upload/114/962/2022/07/08/member_0_bigfan1_4.png", "name": "loyal_fans", "length": 1.33, "actionlog": {"act_code": "3671", "ext": "status:fans"}, "scheme": "https://kefu.weibo.com/faqdetail?id=20848", "new_icon": true}], "user": {"id": 1461672490, "idstr": "1461672490", "class": 1, "screen_name": "hakuna2017", "name": "hakuna2017", "province": "14", "city": "1", "location": "山西 太原", "description": "推荐小说：镇妖博物馆", "url": "", "profile_image_url": "https://tvax4.sinaimg.cn/crop.0.0.640.640.50/571f5a2aly8h4xxw45vqfj20hs0hst9d.jpg?KID=imgbed,tva&Expires=1674051509&ssig=JG66OkXTjs", "light_ring": false, "cover_image_phone": "https://ww1.sinaimg.cn/crop.0.0.640.640.640/549d0121tw1egm1kjly3jj20hs0hsq4f.jpg", "profile_url": "u/1461672490", "domain": "", "weihao": "", "gender": "m", "followers_count": 38, "followers_count_str": "38", "friends_count": 1433, "pagefriends_count": 28, "statuses_count": 802, "video_status_count": 0, "video_play_count": 0, "super_topic_not_syn_count": 0, "favourites_count": 5, "created_at": "Wed Sep 21 20:54:52 +0800 2011", "following": false, "allow_all_act_msg": false, "geo_enabled": true, "verified": false, "verified_type": -1, "remark": "", "insecurity": {"sexual_content": false}, "ptype": 0, "allow_all_comment": true, "avatar_large": "https://tvax4.sinaimg.cn/crop.0.0.640.640.180/571f5a2aly8h4xxw45vqfj20hs0hst9d.jpg?KID=imgbed,tva&Expires=1674051509&ssig=YnxtLta9o2", "avatar_hd": "https://tvax4.sinaimg.cn/crop.0.0.640.640.1024/571f5a2aly8h4xxw45vqfj20hs0hst9d.jpg?KID=imgbed,tva&Expires=1674051509&ssig=OgEJHVECOl", "verified_reason": "", "verified_trade": "", "verified_reason_url": "", "verified_source": "", "verified_source_url": "", "follow_me": false, "like": false, "like_me": false, "online_status": 0, "bi_followers_count": 5, "lang": "zh-cn", "star": 0, "mbtype": 0, "mbrank": 0, "svip": 0, "mb_expire_time": 0, "block_word": 0, "block_app": 0, "chaohua_ability": 0, "brand_ability": 0, "nft_ability": 0, "vplus_ability": 0, "wenda_ability": 0, "live_ability": 0, "gongyi_ability": 0, "paycolumn_ability": 0, "newbrand_ability": 0, "ecommerce_ability": 0, "hardfan_ability": 0, "wbcolumn_ability": 0, "credit_score": 80, "user_ability": 35651584, "cardid": "star_1389", "avatargj_id": "gj_vip_581", "urank": 9, "story_read_state": -1, "vclub_member": 0, "is_teenager": 0, "is_guardian": 0, "is_teenager_list": 0, "pc_new": 7, "special_follow": false, "planet_video": 0, "video_mark": 0, "live_status": 0, "user_ability_extend": 0, "status_total_counter": {"total_cnt": 399, "repost_cnt": 20, "comment_cnt": 93, "like_cnt": 271, "comment_like_cnt": 15}, "video_total_counter": {"play_cnt": -1}, "brand_account": 0, "hongbaofei": 0, "tab_manage": "[0, 0]", "reward_status": 0, "green_mode": 0, "urisk": 566935683072, "unfollowing_recom_switch": 1, "avatar_type": 0}, "mid": "4846318213664075", "idstr": "4846318213664075", "status": {"visible": {"type": 0, "list_id": 0}, "created_at": "Tue Dec 13 18:27:36 +0800 2022", "id": 4846282525120085, "idstr": "4846282525120085", "mid": "4846282525120085", "can_edit": false, "version": 118, "show_additional_indication": 0, "text": "【#西部战区回应印军非法越线拦阻#】中国人民解放军西部战区新闻发言人龙绍华大校就我位东章地区例行巡逻发表谈话指出，12月9日，西部战区边防部队位中印边境东段东章地区实控线中方一侧组织例行巡逻，遭到印军非法越线拦阻，我应对处置专业规范有力，稳控现地局势，目前中印双方已脱离接触。我们要求 ​", "textLength": 359, "source_allowclick": 0, "source_type": 1, "source": "<a href=\"http://app.weibo.com/t/feed/xEsRX\" rel=\"nofollow\">新版微博 weibo.com</a>", "favorited": false, "truncated": false, "in_reply_to_status_id": "", "in_reply_to_user_id": "", "in_reply_to_screen_name": "", "pic_urls": [{"thumbnail_pic": "http://wx2.sinaimg.cn/thumbnail/0033ImPzly1h92cyp6eo8j614c0t2aqh02.jpg"}], "thumbnail_pic": "http://wx2.sinaimg.cn/thumbnail/0033ImPzly1h92cyp6eo8j614c0t2aqh02.jpg", "bmiddle_pic": "http://wx2.sinaimg.cn/bmiddle/0033ImPzly1h92cyp6eo8j614c0t2aqh02.jpg", "original_pic": "http://wx2.sinaimg.cn/large/0033ImPzly1h92cyp6eo8j614c0t2aqh02.jpg", "geo": null, "is_paid": false, "mblog_vip_type": 0, "user": {"id": 2803301701, "idstr": "2803301701", "class": 1, "screen_name": "人民日报", "name": "人民日报", "province": "11", "city": "1000", "location": "北京", "description": "人民日报法人微博。参与、沟通、记录时代。", "url": "", "profile_image_url": "https://tvax4.sinaimg.cn/crop.0.0.1018.1018.50/0033ImPzly8h8vgemh8kxj60sa0sadgw02.jpg?KID=imgbed,tva&Expires=1674051509&ssig=g%2BWXRLuVxt", "light_ring": false, "cover_image": "https://wx4.sinaimg.cn/crop.0.0.920.300/0033ImPzly1gs66yzvybrj60pk08cgya02.jpg", "cover_image_phone": "https://wx1.sinaimg.cn/crop.0.0.640.640.640/0033ImPzly1gs64jwa7uyj60v90v9n1r02.jpg", "profile_url": "rmrb", "domain": "rmrb", "weihao": "", "gender": "m", "followers_count": 150806041, "followers_count_str": "1.51亿", "friends_count": 3063, "pagefriends_count": 2678, "statuses_count": 153136, "video_status_count": 9841, "video_play_count": 0, "super_topic_not_syn_count": 1, "favourites_count": 1031, "created_at": "Sun Jul 22 02:28:35 +0800 2012", "following": false, "allow_all_act_msg": false, "geo_enabled": false, "verified": true, "verified_type": 3, "remark": "", "insecurity": {"sexual_content": false}, "ptype": 0, "allow_all_comment": false, "avatar_large": "https://tvax4.sinaimg.cn/crop.0.0.1018.1018.180/0033ImPzly8h8vgemh8kxj60sa0sadgw02.jpg?KID=imgbed,tva&Expires=1674051509&ssig=RQZsOBLYK1", "avatar_hd": "https://tvax4.sinaimg.cn/crop.0.0.1018.1018.1024/0033ImPzly8h8vgemh8kxj60sa0sadgw02.jpg?KID=imgbed,tva&Expires=1674051509&ssig=PfYJ65l7oC", "verified_reason": "《人民日报》法人微博", "verified_trade": "", "verified_reason_url": "", "verified_source": "", "verified_source_url": "", "verified_state": 2, "verified_level": 3, "verified_type_ext": 0, "has_service_tel": false, "verified_reason_modified": "辽宁科技大学官方微博，教育官微联盟成员", "verified_contact_name": "", "verified_contact_email": "", "verified_contact_mobile": "", "follow_me": false, "like": false, "like_me": false, "online_status": 0, "bi_followers_count": 363, "lang": "zh-cn", "star": 0, "mbtype": 12, "mbrank": 7, "svip": 0, "mb_expire_time": 1884182400, "block_word": 0, "block_app": 1, "chaohua_ability": 0, "brand_ability": 0, "nft_ability": 0, "vplus_ability": 0, "wenda_ability": 0, "live_ability": 1, "gongyi_ability": 0, "paycolumn_ability": 0, "newbrand_ability": 0, "ecommerce_ability": 0, "hardfan_ability": 1, "wbcolumn_ability": 0, "credit_score": 80, "user_ability": -2135620852, "urank": 48, "story_read_state": -1, "vclub_member": 0, "is_teenager": 0, "is_guardian": 0, "is_teenager_list": 1, "pc_new": 7, "special_follow": false, "planet_video": 2, "video_mark": 15, "live_status": 2, "user_ability_extend": 1, "status_total_counter": {"total_cnt": 3365731829, "repost_cnt": 947595950, "comment_cnt": 234312975, "like_cnt": 1124879174, "comment_like_cnt": 1058943730}, "video_total_counter": {"play_cnt": 37849727453}, "brand_account": 0, "hongbaofei": 0, "tab_manage": "[283691264248460, 0]", "reward_status": 0, "green_mode": 0, "urisk": 0, "unfollowing_recom_switch": 1, "avatar_type": 0}, "annotations": [{"photo_sub_type": "0"}, {}, {"mapi_request": true}], "picStatus": "0:1", "reposts_count": 0, "comments_count": 0, "reprint_cmt_count": 0, "attitudes_count": 0, "pending_approval_count": 0, "isLongText": true, "reward_exhibition_type": 0, "hide_flag": 0, "mlevel": 0, "show_mlevel": 0, "biz_feature": 4294967300, "page_type": 64, "hasActionTypeCard": 0, "darwin_tags": [], "hot_weibo_tags": [], "text_tag_tips": [], "mblogtype": 0, "userType": 0, "extend_info": {"red_envelope": {"red_envelope_flag": "0", "biz_flag": "2"}, "mark": {"value": "1"}}, "more_info_type": 0, "positive_recom_flag": 0, "content_auth": 0, "gif_ids": "", "is_show_bulletin": 2, "comment_manage_info": {"comment_permission_type": -1, "approval_comment_type": 0, "comment_sort_type": 0, "ai_play_picture_type": 0}, "pic_num": 1, "can_reprint": false, "new_comment_style": 0}, "readtimetype": "comment", "match_ai_play_picture": false}