{"created_at": "Wed Dec 14 16:40:14 +0800 2022", "id": 4846617893278330, "rootid": 4846282685024573, "rootidstr": "4846282685024573", "floor_number": 0, "text": "回复@悟_空_2022:但是被揍的是我们", "disable_reply": 0, "restrictOperate": 0, "source_allowclick": 0, "source_type": 4, "source": "<a href=\"\" rel=\"nofollow\">来自福建</a>", "comment_badge": [{"pic_url": "https://h5.sinaimg.cn/upload/114/962/2022/07/08/member_0_bigfan1_2.png", "name": "loyal_fans", "length": 1.33, "actionlog": {"act_code": "3671", "ext": "status:fans"}, "scheme": "https://kefu.weibo.com/faqdetail?id=20848", "new_icon": true}], "user": {"id": 1214658801, "idstr": "1214658801", "class": 1, "screen_name": "LEYNO", "name": "LEYNO", "province": "35", "city": "5", "location": "福建 泉州", "description": "世界航海史上的“东方第一大港”“海上丝绸之路”起点的古城泉州是我家乡", "url": "http://blog.sina.com.cn/leyno", "profile_image_url": "https://tvax4.sinaimg.cn/crop.0.0.996.996.50/486638f1ly8ghqdiw30d4j20ro0rogm0.jpg?KID=imgbed,tva&Expires=1674051469&ssig=x7VJP4anBb", "light_ring": false, "cover_image": "https://ww3.sinaimg.cn/crop.0.389.980.300/486638f1gw1dy1egtcnb7j.jpg", "cover_image_phone": "https://ww1.sinaimg.cn/crop.0.0.640.640/549d0121tw1egm1kjly3jj20hs0hsq4f.jpg", "profile_url": "313619680", "domain": "cleyno", "weihao": "313619680", "gender": "m", "followers_count": 1460, "followers_count_str": "1460", "friends_count": 227, "pagefriends_count": 32, "statuses_count": 5484, "video_status_count": 35, "video_play_count": 0, "super_topic_not_syn_count": 0, "favourites_count": 13, "created_at": "Sat Sep 18 12:05:37 +0800 2010", "following": false, "allow_all_act_msg": false, "geo_enabled": true, "verified": false, "verified_type": 220, "remark": "", "insecurity": {"sexual_content": false}, "ptype": 0, "allow_all_comment": true, "avatar_large": "https://tvax4.sinaimg.cn/crop.0.0.996.996.180/486638f1ly8ghqdiw30d4j20ro0rogm0.jpg?KID=imgbed,tva&Expires=1674051469&ssig=DAY%2F13WGve", "avatar_hd": "https://tvax4.sinaimg.cn/crop.0.0.996.996.1024/486638f1ly8ghqdiw30d4j20ro0rogm0.jpg?KID=imgbed,tva&Expires=1674051469&ssig=oFhL9yIg3K", "verified_reason": "", "verified_trade": "", "verified_reason_url": "", "verified_source": "", "verified_source_url": "", "follow_me": false, "like": false, "like_me": false, "online_status": 0, "bi_followers_count": 125, "lang": "zh-cn", "star": 0, "mbtype": 0, "mbrank": 0, "svip": 0, "mb_expire_time": 0, "block_word": 0, "block_app": 0, "chaohua_ability": 0, "brand_ability": 0, "nft_ability": 0, "vplus_ability": 0, "wenda_ability": 0, "live_ability": 0, "gongyi_ability": 0, "paycolumn_ability": 0, "newbrand_ability": 0, "ecommerce_ability": 0, "hardfan_ability": 0, "wbcolumn_ability": 0, "credit_score": 80, "user_ability": 45350912, "urank": 45, "story_read_state": -1, "vclub_member": 0, "is_teenager": 0, "is_guardian": 0, "is_teenager_list": 0, "pc_new": 7, "special_follow": false, "planet_video": 2, "video_mark": 14, "live_status": 0, "user_ability_extend": 0, "status_total_counter": {"total_cnt": 9760, "repost_cnt": 2607, "comment_cnt": 4736, "like_cnt": 2043, "comment_like_cnt": 374}, "video_total_counter": {"play_cnt": 25000}, "brand_account": 0, "hongbaofei": 0, "tab_manage": "[0, 0]", "reward_status": 0, "green_mode": 0, "urisk": 549755813888, "unfollowing_recom_switch": 1, "avatar_type": 0}, "mid": "4846617893278330", "idstr": "4846617893278330", "status": {"visible": {"type": 0, "list_id": 0}, "created_at": "Tue Dec 13 18:27:36 +0800 2022", "id": 4846282525120085, "idstr": "4846282525120085", "mid": "4846282525120085", "can_edit": false, "version": 118, "show_additional_indication": 0, "text": "【#西部战区回应印军非法越线拦阻#】中国人民解放军西部战区新闻发言人龙绍华大校就我位东章地区例行巡逻发表谈话指出，12月9日，西部战区边防部队位中印边境东段东章地区实控线中方一侧组织例行巡逻，遭到印军非法越线拦阻，我应对处置专业规范有力，稳控现地局势，目前中印双方已脱离接触。我们要求 ​", "textLength": 359, "source_allowclick": 0, "source_type": 1, "source": "<a href=\"http://app.weibo.com/t/feed/xEsRX\" rel=\"nofollow\">新版微博 weibo.com</a>", "favorited": false, "truncated": false, "in_reply_to_status_id": "", "in_reply_to_user_id": "", "in_reply_to_screen_name": "", "pic_urls": [{"thumbnail_pic": "http://wx2.sinaimg.cn/thumbnail/0033ImPzly1h92cyp6eo8j614c0t2aqh02.jpg"}], "thumbnail_pic": "http://wx2.sinaimg.cn/thumbnail/0033ImPzly1h92cyp6eo8j614c0t2aqh02.jpg", "bmiddle_pic": "http://wx2.sinaimg.cn/bmiddle/0033ImPzly1h92cyp6eo8j614c0t2aqh02.jpg", "original_pic": "http://wx2.sinaimg.cn/large/0033ImPzly1h92cyp6eo8j614c0t2aqh02.jpg", "geo": null, "is_paid": false, "mblog_vip_type": 0, "user": {"id": 2803301701, "idstr": "2803301701", "class": 1, "screen_name": "人民日报", "name": "人民日报", "province": "11", "city": "1000", "location": "北京", "description": "人民日报法人微博。参与、沟通、记录时代。", "url": "", "profile_image_url": "https://tvax4.sinaimg.cn/crop.0.0.1018.1018.50/0033ImPzly8h8vgemh8kxj60sa0sadgw02.jpg?KID=imgbed,tva&Expires=1674051469&ssig=NHLyMFyKzm", "light_ring": false, "cover_image": "https://wx4.sinaimg.cn/crop.0.0.920.300/0033ImPzly1gs66yzvybrj60pk08cgya02.jpg", "cover_image_phone": "https://wx1.sinaimg.cn/crop.0.0.640.640.640/0033ImPzly1gs64jwa7uyj60v90v9n1r02.jpg", "profile_url": "rmrb", "domain": "rmrb", "weihao": "", "gender": "m", "followers_count": 150806041, "followers_count_str": "1.51亿", "friends_count": 3063, "pagefriends_count": 2678, "statuses_count": 153136, "video_status_count": 9841, "video_play_count": 0, "super_topic_not_syn_count": 1, "favourites_count": 1031, "created_at": "Sun Jul 22 02:28:35 +0800 2012", "following": false, "allow_all_act_msg": false, "geo_enabled": false, "verified": true, "verified_type": 3, "remark": "", "insecurity": {"sexual_content": false}, "ptype": 0, "allow_all_comment": false, "avatar_large": "https://tvax4.sinaimg.cn/crop.0.0.1018.1018.180/0033ImPzly8h8vgemh8kxj60sa0sadgw02.jpg?KID=imgbed,tva&Expires=1674051469&ssig=DLLj3D4N0y", "avatar_hd": "https://tvax4.sinaimg.cn/crop.0.0.1018.1018.1024/0033ImPzly8h8vgemh8kxj60sa0sadgw02.jpg?KID=imgbed,tva&Expires=1674051469&ssig=6uUMWyCExh", "verified_reason": "《人民日报》法人微博", "verified_trade": "", "verified_reason_url": "", "verified_source": "", "verified_source_url": "", "verified_state": 2, "verified_level": 3, "verified_type_ext": 0, "has_service_tel": false, "verified_reason_modified": "辽宁科技大学官方微博，教育官微联盟成员", "verified_contact_name": "", "verified_contact_email": "", "verified_contact_mobile": "", "follow_me": false, "like": false, "like_me": false, "online_status": 0, "bi_followers_count": 363, "lang": "zh-cn", "star": 0, "mbtype": 12, "mbrank": 7, "svip": 0, "mb_expire_time": 1884182400, "block_word": 0, "block_app": 1, "chaohua_ability": 0, "brand_ability": 0, "nft_ability": 0, "vplus_ability": 0, "wenda_ability": 0, "live_ability": 1, "gongyi_ability": 0, "paycolumn_ability": 0, "newbrand_ability": 0, "ecommerce_ability": 0, "hardfan_ability": 1, "wbcolumn_ability": 0, "credit_score": 80, "user_ability": -2135620852, "urank": 48, "story_read_state": -1, "vclub_member": 0, "is_teenager": 0, "is_guardian": 0, "is_teenager_list": 1, "pc_new": 7, "special_follow": false, "planet_video": 2, "video_mark": 15, "live_status": 2, "user_ability_extend": 1, "status_total_counter": {"total_cnt": 3365731829, "repost_cnt": 947595950, "comment_cnt": 234312975, "like_cnt": 1124879174, "comment_like_cnt": 1058943730}, "video_total_counter": {"play_cnt": 37849727453}, "brand_account": 0, "hongbaofei": 0, "tab_manage": "[283691264248460, 0]", "reward_status": 0, "green_mode": 0, "urisk": 0, "unfollowing_recom_switch": 1, "avatar_type": 0}, "annotations": [{"photo_sub_type": "0"}, {}, {"mapi_request": true}], "picStatus": "0:1", "reposts_count": 0, "comments_count": 0, "reprint_cmt_count": 0, "attitudes_count": 0, "pending_approval_count": 0, "isLongText": true, "reward_exhibition_type": 0, "hide_flag": 0, "mlevel": 0, "show_mlevel": 0, "biz_feature": 4294967300, "page_type": 64, "hasActionTypeCard": 0, "darwin_tags": [], "hot_weibo_tags": [], "text_tag_tips": [], "mblogtype": 0, "userType": 0, "extend_info": {"red_envelope": {"red_envelope_flag": "0", "biz_flag": "2"}, "mark": {"value": "1"}}, "more_info_type": 0, "positive_recom_flag": 0, "content_auth": 0, "gif_ids": "", "is_show_bulletin": 2, "comment_manage_info": {"comment_permission_type": -1, "approval_comment_type": 0, "comment_sort_type": 0, "ai_play_picture_type": 0}, "pic_num": 1, "can_reprint": false, "new_comment_style": 0}, "reply_comment": {"created_at": "Tue Dec 13 18:28:14 +0800 2022", "id": 4846282685024573, "rootid": 4846282685024573, "rootidstr": "4846282685024573", "floor_number": 7, "text": "阿三又皮痒了是吧", "disable_reply": 0, "restrictOperate": 0, "user": {"id": 3211872610, "idstr": "3211872610", "class": 1, "screen_name": "器用貧乏ONE", "name": "器用貧乏ONE", "province": "35", "city": "1000", "location": "福建", "description": "Half Full or Half Empty? It’s a construal.", "url": "", "profile_image_url": "https://tvax4.sinaimg.cn/crop.0.0.751.751.50/bf714962ly8h9w5j37cc8j20kv0kvq3a.jpg?KID=imgbed,tva&Expires=1674051469&ssig=3bQbs3WWy3", "light_ring": false, "cover_image_phone": "https://wx3.sinaimg.cn/crop.0.0.640.640.640/bf714962gy1h74jujfawpj20e80e8ab0.jpg;https://wx2.sinaimg.cn/crop.0.0.640.640.640/bf714962gy1h74ju7kqryj20e80e8dgs.jpg;https://wx2.sinaimg.cn/crop.0.0.640.640.640/bf714962gy1h4bu7szjloj20ku0kujrg.jpg;https://wx1.sinaimg.cn/crop.0.0.640.640.640/bf714962gy1h2ox8fjrqej20e80e8756.jpg", "profile_url": "u/3211872610", "domain": "", "weihao": "", "gender": "m", "followers_count": 1915, "followers_count_str": "1915", "friends_count": 11, "pagefriends_count": 9, "statuses_count": 1387, "video_status_count": 0, "video_play_count": 0, "super_topic_not_syn_count": 0, "favourites_count": 11, "created_at": "Mon Mar 04 21:06:11 +0800 2013", "following": false, "allow_all_act_msg": false, "geo_enabled": true, "verified": false, "verified_type": -1, "remark": "", "insecurity": {"sexual_content": false}, "ptype": 0, "allow_all_comment": true, "avatar_large": "https://tvax4.sinaimg.cn/crop.0.0.751.751.180/bf714962ly8h9w5j37cc8j20kv0kvq3a.jpg?KID=imgbed,tva&Expires=1674051469&ssig=0BIm7Uovuy", "avatar_hd": "https://tvax4.sinaimg.cn/crop.0.0.751.751.1024/bf714962ly8h9w5j37cc8j20kv0kvq3a.jpg?KID=imgbed,tva&Expires=1674051469&ssig=sqdVqsfwzg", "verified_reason": "", "verified_trade": "", "verified_reason_url": "", "verified_source": "", "verified_source_url": "", "follow_me": false, "like": false, "like_me": false, "online_status": 0, "bi_followers_count": 0, "lang": "zh-cn", "star": 0, "mbtype": 12, "mbrank": 6, "svip": 0, "mb_expire_time": 1678550400, "block_word": 0, "block_app": 1, "credit_score": 80, "user_ability": 44302336, "cardid": "star_101343031467", "urank": 9, "story_read_state": -1, "vclub_member": 0, "is_teenager": 0, "is_guardian": 0, "is_teenager_list": 0, "pc_new": 0, "special_follow": false, "planet_video": 0, "video_mark": 0, "live_status": 0, "user_ability_extend": 0, "status_total_counter": {"total_cnt": 19085, "repost_cnt": 364, "comment_cnt": 1758, "like_cnt": 13873, "comment_like_cnt": 3090}, "video_total_counter": {"play_cnt": 12320}, "brand_account": 0, "hongbaofei": 0, "tab_manage": "[0, 0]", "green_mode": 0, "urisk": 566935683072, "unfollowing_recom_switch": 1, "block": 0, "block_me": 0, "avatar_type": 0}, "mid": "4846282685024573", "idstr": "4846282685024573", "match_ai_play_picture": false}, "reply_original_text": "但是被揍的是我们", "readtimetype": "comment", "match_ai_play_picture": false}