{"created_at": "Wed Aug 17 19:54:11 +0800 2022", "id": 4803542546390741, "rootid": 4803542546390741, "rootidstr": "4803542546390741", "floor_number": 6, "text": "原來係呢個目的[開學季]", "disable_reply": 0, "restrictOperate": 0, "source_allowclick": 0, "source_type": 4, "source": "<a href=\"\" rel=\"nofollow\">来自广东</a>", "comment_badge": [{"pic_url": "https://h5.sinaimg.cn/upload/114/962/2022/07/08/member_0_bigfan1_4.png", "name": "loyal_fans", "length": 1.33, "actionlog": {"act_code": "3671", "ext": "status:fans"}, "scheme": "https://kefu.weibo.com/faqdetail?id=20848", "new_icon": true}], "user": {"id": 7397323963, "idstr": "7397323963", "class": 1, "screen_name": "達菲你好請問認識帕丁頓嗎", "name": "達菲你好請問認識帕丁頓嗎", "province": "100", "city": "1000", "location": "其他", "description": "", "url": "", "profile_image_url": "https://tvax3.sinaimg.cn/crop.0.0.1080.1080.50/0084CpSPly8gc5h50zmalj30u00u0q5g.jpg?KID=imgbed,tva&Expires=1669918946&ssig=fPrUhhYHhK", "light_ring": false, "cover_image_phone": "http://ww1.sinaimg.cn/crop.0.0.640.640.640/549d0121tw1egm1kjly3jj20hs0hsq4f.jpg", "profile_url": "u/7397323963", "domain": "", "weihao": "", "gender": "f", "followers_count": 126, "followers_count_str": "126", "friends_count": 683, "pagefriends_count": 4, "statuses_count": 4028, "video_status_count": 2, "video_play_count": 0, "super_topic_not_syn_count": 0, "favourites_count": 715, "created_at": "Sat Feb 22 20:54:30 +0800 2020", "following": false, "allow_all_act_msg": false, "geo_enabled": true, "verified": false, "verified_type": -1, "remark": "", "insecurity": {"sexual_content": false}, "ptype": 0, "allow_all_comment": true, "avatar_large": "https://tvax3.sinaimg.cn/crop.0.0.1080.1080.180/0084CpSPly8gc5h50zmalj30u00u0q5g.jpg?KID=imgbed,tva&Expires=1669918946&ssig=IMkBC1dC5W", "avatar_hd": "https://tvax3.sinaimg.cn/crop.0.0.1080.1080.1024/0084CpSPly8gc5h50zmalj30u00u0q5g.jpg?KID=imgbed,tva&Expires=1669918946&ssig=Sqw8VVwRiB", "verified_reason": "", "verified_trade": "", "verified_reason_url": "", "verified_source": "", "verified_source_url": "", "follow_me": false, "like": false, "like_me": false, "online_status": 0, "bi_followers_count": 49, "lang": "zh-hk", "star": 0, "mbtype": 2, "mbrank": 2, "svip": 0, "mb_expire_time": 1594396799, "block_word": 0, "block_app": 0, "chaohua_ability": 0, "brand_ability": 0, "nft_ability": 0, "vplus_ability": 0, "wenda_ability": 0, "live_ability": 0, "gongyi_ability": 0, "paycolumn_ability": 0, "newbrand_ability": 0, "ecommerce_ability": 0, "hardfan_ability": 0, "credit_score": 80, "user_ability": 2359296, "urank": 0, "story_read_state": -1, "vclub_member": 0, "is_teenager": 0, "is_guardian": 0, "is_teenager_list": 0, "pc_new": 0, "special_follow": false, "planet_video": 2, "video_mark": 14, "live_status": 0, "user_ability_extend": 0, "status_total_counter": {"total_cnt": 3726, "repost_cnt": 1760, "comment_cnt": 886, "like_cnt": 1060, "comment_like_cnt": 20}, "video_total_counter": {"play_cnt": 372}, "brand_account": 0, "hongbaofei": 0, "tab_manage": "[0, 0]", "reward_status": 0, "green_mode": 0, "urisk": 17179869184, "avatar_type": 0}, "mid": "4803542546390741", "idstr": "4803542546390741", "status": {"visible": {"type": 0, "list_id": 0}, "created_at": "Wed Aug 17 19:21:55 +0800 2022", "id": 4803534426474264, "idstr": "4803534426474264", "mid": "4803534426474264", "can_edit": false, "version": 2, "show_additional_indication": 0, "text": "😂上牌還是不要上牌 ​", "textLength": 20, "source_allowclick": 0, "source_type": 2, "source": "<a href=\"http://weibo.com/\" rel=\"nofollow\">iPhone</a>", "favorited": false, "truncated": false, "in_reply_to_status_id": "", "in_reply_to_user_id": "", "in_reply_to_screen_name": "", "pic_urls": [{"thumbnail_pic": "http://wx2.sinaimg.cn/thumbnail/006fopWRgy1h59zf0clooj31601k0gx9.jpg"}], "thumbnail_pic": "http://wx2.sinaimg.cn/thumbnail/006fopWRgy1h59zf0clooj31601k0gx9.jpg", "bmiddle_pic": "http://wx2.sinaimg.cn/bmiddle/006fopWRgy1h59zf0clooj31601k0gx9.jpg", "original_pic": "http://wx2.sinaimg.cn/large/006fopWRgy1h59zf0clooj31601k0gx9.jpg", "geo": null, "is_paid": false, "mblog_vip_type": 0, "user": {"id": 5724261653, "idstr": "5724261653", "class": 1, "screen_name": "若飛Original", "name": "若飛Original", "province": "100", "city": "1000", "location": "其他", "description": "愛燒菜的Trader", "url": "http://blog.sina.com.cn/u/5724261653", "profile_image_url": "https://tvax3.sinaimg.cn/crop.0.0.828.828.50/006fopWRly8gt8mh53t55j30n00n0myu.jpg?KID=imgbed,tva&Expires=1669918946&ssig=XtcfajAc9I", "light_ring": false, "cover_image_phone": "http://ww1.sinaimg.cn/crop.0.0.640.640.640/9d44112bjw1f1xl1c10tuj20hs0hs0tw.jpg", "profile_url": "u/5724261653", "domain": "", "weihao": "", "gender": "m", "followers_count": 91549, "followers_count_str": "9.2万", "friends_count": 1227, "pagefriends_count": 8, "statuses_count": 32619, "video_status_count": 1531, "video_play_count": 0, "super_topic_not_syn_count": 0, "favourites_count": 5, "created_at": "Sun Oct 11 18:21:39 +0800 2015", "following": false, "allow_all_act_msg": false, "geo_enabled": false, "verified": true, "verified_type": 0, "remark": "", "insecurity": {"sexual_content": false}, "ptype": 0, "allow_all_comment": true, "avatar_large": "https://tvax3.sinaimg.cn/crop.0.0.828.828.180/006fopWRly8gt8mh53t55j30n00n0myu.jpg?KID=imgbed,tva&Expires=1669918946&ssig=0zmjREt6zW", "avatar_hd": "https://tvax3.sinaimg.cn/crop.0.0.828.828.1024/006fopWRly8gt8mh53t55j30n00n0myu.jpg?KID=imgbed,tva&Expires=1669918946&ssig=WD2lpazuUn", "verified_reason": "财经博主", "verified_trade": "", "verified_reason_url": "", "verified_source": "", "verified_source_url": "", "verified_state": 0, "verified_level": 3, "verified_type_ext": 0, "has_service_tel": false, "verified_reason_modified": "", "verified_contact_name": "", "verified_contact_email": "", "verified_contact_mobile": "", "follow_me": false, "like": false, "like_me": false, "online_status": 0, "bi_followers_count": 1261, "lang": "zh-cn", "star": 0, "mbtype": 12, "mbrank": 7, "svip": 0, "mb_expire_time": 1702396800, "block_word": 0, "block_app": 1, "chaohua_ability": 0, "brand_ability": 0, "nft_ability": 0, "vplus_ability": 0, "wenda_ability": 0, "live_ability": 0, "gongyi_ability": 0, "paycolumn_ability": 0, "newbrand_ability": 0, "ecommerce_ability": 0, "hardfan_ability": 0, "dianping": "stock", "credit_score": 75, "user_ability": 11799068, "cardid": "star_670", "avatargj_id": "gj_vip_377", "urank": 45, "story_read_state": -1, "verified_detail": {"custom": 1, "data": [{"key": 2, "sub_key": 0, "weight": 101, "desc": "财经博主", "timestamp": 0}]}, "vclub_member": 0, "is_teenager": 0, "is_guardian": 0, "is_teenager_list": 0, "pc_new": 7, "special_follow": false, "planet_video": 2, "video_mark": 14, "live_status": 0, "user_ability_extend": 0, "video_cover": {"mid": 4742391854268488}, "status_total_counter": {"total_cnt": 1621963, "repost_cnt": 198211, "comment_cnt": 235940, "like_cnt": 760048, "comment_like_cnt": 427764}, "video_total_counter": {"play_cnt": 23151181}, "brand_account": 0, "hongbaofei": 0, "tab_manage": "[0, 0]", "reward_status": 0, "green_mode": 0, "urisk": 52076544000, "avatar_type": 0}, "annotations": [{"photo_sub_type": "0"}, {}, {"client_mblogid": "iPhone-51CD2FDD-B894-4D81-BE7C-A2D68C18C2B6"}, {"mapi_request": true}], "picStatus": "0:1", "reposts_count": 0, "comments_count": 0, "reprint_cmt_count": 0, "attitudes_count": 0, "pending_approval_count": 0, "isLongText": false, "reward_exhibition_type": 0, "hide_flag": 0, "mlevel": 128, "show_mlevel": 0, "biz_feature": 4294967300, "hasActionTypeCard": 0, "darwin_tags": [], "hot_weibo_tags": [], "text_tag_tips": [], "mblogtype": 0, "userType": 0, "mlevelSource": "monitor", "more_info_type": 0, "cardid": "star_670", "number_display_strategy": {"apply_scenario_flag": 3, "display_text_min_number": 1000000, "display_text": "100万+"}, "positive_recom_flag": 0, "content_auth": 0, "gif_ids": "", "is_show_bulletin": 2, "comment_manage_info": {"comment_permission_type": -1, "approval_comment_type": 0, "comment_sort_type": 0, "ai_play_picture_type": 0}, "pic_num": 1, "can_reprint": false, "new_comment_style": 0}, "readtimetype": "comment", "match_ai_play_picture": false}