{"created_at": "Fri Jan 06 15:06:35 +0800 2023", "id": 4854929250321819, "rootid": 4854568448428964, "rootidstr": "4854568448428964", "floor_number": 0, "text": "回复@平安开封:[送花花][送花花]", "disable_reply": 0, "is_mblog_author": true, "restrictOperate": 0, "comment_badge": [{"pic_url": "https://h5.sinaimg.cn/upload/1007/25/2019/05/17/feed_icon_poster_identity133low.png", "name": "blogger", "length": 1.33, "actionlog": {"act_code": "3671", "ext": "status:author"}, "scheme": "https://kefu.weibo.com/faqdetail?id=20848"}], "user": {"id": 5770755050, "idstr": "5770755050", "class": 1, "screen_name": "兰州文化旅游", "name": "兰州文化旅游", "province": "62", "city": "1000", "location": "甘肃", "description": "都会城市、精致兰州！“黄河之都，金城兰州”，欢迎您来兰州旅游！", "url": "", "profile_image_url": "https://tvax3.sinaimg.cn/crop.0.0.1080.1080.50/006ixv0mly8h8ufjrnigmj30u00u0myi.jpg?KID=imgbed,tva&Expires=1673966007&ssig=hK%2B1XU9Xi%2F", "light_ring": false, "cover_image": "https://wx4.sinaimg.cn/crop.0.0.920.300/006ixv0mly1gditiane7zj30pk08cwtr.jpg", "cover_image_phone": "https://wx1.sinaimg.cn/crop.0.0.640.640.640/006ixv0mly1ggugep8p4cj30u00u0h3p.jpg", "profile_url": "u/5770755050", "domain": "", "weihao": "", "gender": "m", "followers_count": 1039175, "followers_count_str": "103.9万", "friends_count": 10077, "pagefriends_count": 20, "statuses_count": 39594, "video_status_count": 702, "video_play_count": 0, "super_topic_not_syn_count": 0, "favourites_count": 58, "created_at": "Tue Nov 24 16:42:31 +0800 2015", "following": false, "allow_all_act_msg": false, "geo_enabled": true, "verified": true, "verified_type": 1, "remark": "", "insecurity": {"sexual_content": false}, "ptype": 0, "allow_all_comment": true, "avatar_large": "https://tvax3.sinaimg.cn/crop.0.0.1080.1080.180/006ixv0mly8h8ufjrnigmj30u00u0myi.jpg?KID=imgbed,tva&Expires=1673966007&ssig=XGCVDUNRyp", "avatar_hd": "https://tvax3.sinaimg.cn/crop.0.0.1080.1080.1024/006ixv0mly8h8ufjrnigmj30u00u0myi.jpg?KID=imgbed,tva&Expires=1673966007&ssig=M%2BGONfOJU5", "verified_reason": "兰州市文化和旅游局官方微博", "verified_trade": "", "verified_reason_url": "", "verified_source": "", "verified_source_url": "", "verified_state": 0, "verified_level": 3, "verified_type_ext": 0, "has_service_tel": false, "verified_reason_modified": "兰州市文化和旅游局官方微博", "verified_contact_name": "张宪章", "verified_contact_email": "", "verified_contact_mobile": "", "follow_me": false, "like": false, "like_me": false, "online_status": 0, "bi_followers_count": 2778, "lang": "zh-cn", "star": 0, "mbtype": 2, "mbrank": 6, "svip": 0, "mb_expire_time": 1672243199, "block_word": 0, "block_app": 0, "chaohua_ability": 0, "brand_ability": 0, "nft_ability": 0, "vplus_ability": 0, "wenda_ability": 0, "live_ability": 0, "gongyi_ability": 0, "paycolumn_ability": 0, "newbrand_ability": 0, "ecommerce_ability": 0, "hardfan_ability": 1, "wbcolumn_ability": 0, "credit_score": 80, "user_ability": 11797512, "cardid": "star_1573", "avatargj_id": "gj_vip_739", "urank": 31, "story_read_state": -1, "vclub_member": 0, "is_teenager": 0, "is_guardian": 0, "is_teenager_list": 0, "pc_new": 6, "special_follow": false, "planet_video": 2, "video_mark": 15, "live_status": 0, "user_ability_extend": 0, "status_total_counter": {"total_cnt": 4354821, "repost_cnt": 789747, "comment_cnt": 2386185, "like_cnt": 1039524, "comment_like_cnt": 139365}, "video_total_counter": {"play_cnt": 23606418}, "brand_account": 0, "hongbaofei": 0, "tab_manage": "[0, 0]", "reward_status": 0, "green_mode": 0, "urisk": 0, "avatar_type": 0}, "mid": "4854929250321819", "idstr": "4854929250321819", "status": {"visible": {"type": 0, "list_id": 0}, "created_at": "Thu Jan 05 14:20:52 +0800 2023", "id": 4854555354074463, "idstr": "4854555354074463", "mid": "4854555354074463", "can_edit": false, "version": 1, "show_additional_indication": 0, "text": "【故宫冬日群鸟壁纸上新】一只，一对，一群。爱上紫禁城里栖息的群鸟，爱上闲适悠长的冬日时光。@故宫博物院 ​​​#丝路金城 黄河兰州# ​", "textLength": 127, "source_allowclick": 0, "source_type": 2, "source": "<a href=\"http://weibo.com/\" rel=\"nofollow\">iPhone客户端</a>", "favorited": false, "truncated": false, "in_reply_to_status_id": "", "in_reply_to_user_id": "", "in_reply_to_screen_name": "", "pic_urls": [{"thumbnail_pic": "http://wx1.sinaimg.cn/thumbnail/006ixv0mly1h9sr385mmuj30u01hc7bc.jpg"}, {"thumbnail_pic": "http://wx3.sinaimg.cn/thumbnail/006ixv0mly1h9sr38ymn5j30u01hcgum.jpg"}, {"thumbnail_pic": "http://wx3.sinaimg.cn/thumbnail/006ixv0mly1h9sr39mdwcj30u01hc43i.jpg"}, {"thumbnail_pic": "http://wx3.sinaimg.cn/thumbnail/006ixv0mly1h9sr37ck8mj30u01hcwi5.jpg"}, {"thumbnail_pic": "http://wx2.sinaimg.cn/thumbnail/006ixv0mly1h9sr3bbopgj30u01hc47f.jpg"}, {"thumbnail_pic": "http://wx4.sinaimg.cn/thumbnail/006ixv0mly1h9sr3bvs9hj30u01hcdl7.jpg"}, {"thumbnail_pic": "http://wx2.sinaimg.cn/thumbnail/006ixv0mly1h9sr3ckn6wj30u01hc0zw.jpg"}, {"thumbnail_pic": "http://wx3.sinaimg.cn/thumbnail/006ixv0mly1h9sr3aj09hj30u01hc11e.jpg"}, {"thumbnail_pic": "http://wx1.sinaimg.cn/thumbnail/006ixv0mly1h9sr3cz2ntj30u01hcq6g.jpg"}], "thumbnail_pic": "http://wx1.sinaimg.cn/thumbnail/006ixv0mly1h9sr385mmuj30u01hc7bc.jpg", "bmiddle_pic": "http://wx1.sinaimg.cn/bmiddle/006ixv0mly1h9sr385mmuj30u01hc7bc.jpg", "original_pic": "http://wx1.sinaimg.cn/large/006ixv0mly1h9sr385mmuj30u01hc7bc.jpg", "geo": null, "is_paid": false, "mblog_vip_type": 0, "user": {"id": 5770755050, "idstr": "5770755050", "class": 1, "screen_name": "兰州文化旅游", "name": "兰州文化旅游", "province": "62", "city": "1000", "location": "甘肃", "description": "都会城市、精致兰州！“黄河之都，金城兰州”，欢迎您来兰州旅游！", "url": "", "profile_image_url": "https://tvax3.sinaimg.cn/crop.0.0.1080.1080.50/006ixv0mly8h8ufjrnigmj30u00u0myi.jpg?KID=imgbed,tva&Expires=1673966007&ssig=hK%2B1XU9Xi%2F", "light_ring": false, "cover_image": "https://wx4.sinaimg.cn/crop.0.0.920.300/006ixv0mly1gditiane7zj30pk08cwtr.jpg", "cover_image_phone": "https://wx1.sinaimg.cn/crop.0.0.640.640.640/006ixv0mly1ggugep8p4cj30u00u0h3p.jpg", "profile_url": "u/5770755050", "domain": "", "weihao": "", "gender": "m", "followers_count": 1039175, "followers_count_str": "103.9万", "friends_count": 10077, "pagefriends_count": 20, "statuses_count": 39594, "video_status_count": 702, "video_play_count": 0, "super_topic_not_syn_count": 0, "favourites_count": 58, "created_at": "Tue Nov 24 16:42:31 +0800 2015", "following": false, "allow_all_act_msg": false, "geo_enabled": true, "verified": true, "verified_type": 1, "remark": "", "insecurity": {"sexual_content": false}, "ptype": 0, "allow_all_comment": true, "avatar_large": "https://tvax3.sinaimg.cn/crop.0.0.1080.1080.180/006ixv0mly8h8ufjrnigmj30u00u0myi.jpg?KID=imgbed,tva&Expires=1673966007&ssig=XGCVDUNRyp", "avatar_hd": "https://tvax3.sinaimg.cn/crop.0.0.1080.1080.1024/006ixv0mly8h8ufjrnigmj30u00u0myi.jpg?KID=imgbed,tva&Expires=1673966007&ssig=M%2BGONfOJU5", "verified_reason": "兰州市文化和旅游局官方微博", "verified_trade": "", "verified_reason_url": "", "verified_source": "", "verified_source_url": "", "verified_state": 0, "verified_level": 3, "verified_type_ext": 0, "has_service_tel": false, "verified_reason_modified": "兰州市文化和旅游局官方微博", "verified_contact_name": "张宪章", "verified_contact_email": "", "verified_contact_mobile": "", "follow_me": false, "like": false, "like_me": false, "online_status": 0, "bi_followers_count": 2778, "lang": "zh-cn", "star": 0, "mbtype": 2, "mbrank": 6, "svip": 0, "mb_expire_time": 1672243199, "block_word": 0, "block_app": 0, "chaohua_ability": 0, "brand_ability": 0, "nft_ability": 0, "vplus_ability": 0, "wenda_ability": 0, "live_ability": 0, "gongyi_ability": 0, "paycolumn_ability": 0, "newbrand_ability": 0, "ecommerce_ability": 0, "hardfan_ability": 1, "wbcolumn_ability": 0, "credit_score": 80, "user_ability": 11797512, "cardid": "star_1573", "avatargj_id": "gj_vip_739", "urank": 31, "story_read_state": -1, "vclub_member": 0, "is_teenager": 0, "is_guardian": 0, "is_teenager_list": 0, "pc_new": 6, "special_follow": false, "planet_video": 2, "video_mark": 15, "live_status": 0, "user_ability_extend": 0, "status_total_counter": {"total_cnt": 4354821, "repost_cnt": 789747, "comment_cnt": 2386185, "like_cnt": 1039524, "comment_like_cnt": 139365}, "video_total_counter": {"play_cnt": 23606418}, "brand_account": 0, "hongbaofei": 0, "tab_manage": "[0, 0]", "reward_status": 0, "green_mode": 0, "urisk": 0, "avatar_type": 0}, "annotations": [{"photo_sub_type": "0,0,0,0,0,0,0,0,0"}, {}, {"client_mblogid": "iPhone-BE9284DA-C598-4166-87A6-02D46136E424"}, {"mapi_request": true}], "reposts_count": 0, "comments_count": 0, "reprint_cmt_count": 0, "attitudes_count": 0, "pending_approval_count": 0, "isLongText": false, "reward_exhibition_type": 0, "hide_flag": 0, "mlevel": 0, "show_mlevel": 0, "biz_feature": 4294967300, "page_type": 64, "hasActionTypeCard": 0, "darwin_tags": [], "hot_weibo_tags": [], "text_tag_tips": [], "mblogtype": 0, "userType": 0, "more_info_type": 0, "positive_recom_flag": 0, "content_auth": 0, "gif_ids": "", "is_show_bulletin": 2, "comment_manage_info": {"comment_permission_type": -1, "approval_comment_type": 0, "comment_sort_type": 0, "ai_play_picture_type": 0}, "pic_num": 9, "can_reprint": false, "new_comment_style": 0}, "reply_comment": {"created_at": "Thu Jan 05 15:12:54 +0800 2023", "id": 4854568448428964, "rootid": 4854568448428964, "rootidstr": "4854568448428964", "floor_number": 11, "text": "[话筒][话筒]", "disable_reply": 0, "restrictOperate": 0, "user": {"id": 2011677057, "idstr": "2011677057", "class": 1, "screen_name": "平安开封", "name": "平安开封", "province": "41", "city": "2", "location": "河南 开封", "description": "开封市公安局的官方微博。实时沟通，用心服务。您的关注和支持是我们进步的动力！提示：紧急警情请拨打0371110", "url": "", "profile_image_url": "https://tvax4.sinaimg.cn/crop.0.0.512.512.50/77e7c181ly8h91xkzdn7nj20e80e8js2.jpg?KID=imgbed,tva&Expires=1673966007&ssig=NwyQrzC8kq", "light_ring": false, "cover_image_phone": "https://wx2.sinaimg.cn/crop.0.0.640.640.640/77e7c181ly1gdijisse8bj20u00u0agq.jpg", "profile_url": "pingankaifeng", "domain": "pingankaifeng", "weihao": "", "gender": "m", "followers_count": 682536, "followers_count_str": "68.3万", "friends_count": 1450, "pagefriends_count": 32, "statuses_count": 48950, "video_status_count": 1498, "video_play_count": 0, "super_topic_not_syn_count": 0, "favourites_count": 105, "created_at": "Tue Mar 15 15:11:21 +0800 2011", "following": false, "allow_all_act_msg": false, "geo_enabled": true, "verified": true, "verified_type": 1, "remark": "", "insecurity": {"sexual_content": false}, "ptype": 0, "allow_all_comment": true, "avatar_large": "https://tvax4.sinaimg.cn/crop.0.0.512.512.180/77e7c181ly8h91xkzdn7nj20e80e8js2.jpg?KID=imgbed,tva&Expires=1673966007&ssig=rjXD%2B8I2eg", "avatar_hd": "https://tvax4.sinaimg.cn/crop.0.0.512.512.1024/77e7c181ly8h91xkzdn7nj20e80e8js2.jpg?KID=imgbed,tva&Expires=1673966007&ssig=xRiAZcfBTw", "verified_reason": "开封市公安局官方微博", "verified_trade": "", "verified_reason_url": "", "verified_source": "", "verified_source_url": "", "verified_state": 0, "verified_level": 3, "verified_type_ext": 0, "has_service_tel": false, "verified_reason_modified": "", "verified_contact_name": "", "verified_contact_email": "", "verified_contact_mobile": "", "follow_me": false, "like": false, "like_me": false, "online_status": 0, "bi_followers_count": 948, "lang": "zh-cn", "star": 0, "mbtype": 12, "mbrank": 6, "svip": 0, "mb_expire_time": 1718121600, "block_word": 0, "block_app": 1, "chaohua_ability": 0, "brand_ability": 0, "nft_ability": 0, "vplus_ability": 0, "wenda_ability": 0, "live_ability": 0, "gongyi_ability": 0, "paycolumn_ability": 0, "newbrand_ability": 0, "ecommerce_ability": 0, "hardfan_ability": 1, "wbcolumn_ability": 0, "credit_score": 80, "user_ability": 10748936, "cardid": "star_1624", "urank": 47, "story_read_state": -1, "vclub_member": 0, "is_teenager": 0, "is_guardian": 0, "is_teenager_list": 0, "pc_new": 7, "special_follow": false, "planet_video": 2, "video_mark": 15, "live_status": 0, "user_ability_extend": 0, "status_total_counter": {"total_cnt": 2699808, "repost_cnt": 317422, "comment_cnt": 281043, "like_cnt": 1806725, "comment_like_cnt": 294618}, "video_total_counter": {"play_cnt": 38718651}, "brand_account": 0, "hongbaofei": 0, "tab_manage": "[0, 0]", "reward_status": 0, "green_mode": 0, "urisk": 0, "avatar_type": 0}, "mid": "4854568448428964", "idstr": "4854568448428964", "match_ai_play_picture": false}, "reply_original_text": "[送花花][送花花]", "readtimetype": "comment", "match_ai_play_picture": false}