{"created_at": "Thu Jan 05 21:37:36 +0800 2023", "id": 4854665260306059, "rootid": 4854665260306059, "rootidstr": "4854665260306059", "floor_number": 62, "text": "[爱你][爱你]", "disable_reply": 0, "restrictOperate": 0, "source_allowclick": 0, "source_type": 4, "source": "<a href=\"\" rel=\"nofollow\">来自甘肃</a>", "comment_badge": [{"pic_url": "https://h5.sinaimg.cn/upload/114/962/2022/07/08/member_1_bigfan2_4.png", "name": "loyal_fans", "length": 1.33, "actionlog": {"act_code": "3671", "ext": "status:fans"}, "scheme": "https://kefu.weibo.com/faqdetail?id=20848", "new_icon": true}], "user": {"id": 5981006020, "idstr": "5981006020", "class": 1, "screen_name": "兰州话", "name": "兰州话", "province": "62", "city": "1", "location": "甘肃 兰州", "description": "搞笑，娱乐，视频", "url": "", "profile_image_url": "https://tvax2.sinaimg.cn/crop.22.14.444.444.50/006wLGT2ly1ffhjc2dwrnj30ds0jljsg.jpg?KID=imgbed,tva&Expires=1673966007&ssig=ajWdgyoYCY", "light_ring": false, "cover_image_phone": "https://ww1.sinaimg.cn/crop.0.0.640.640.640/549d0121tw1egm1kjly3jj20hs0hsq4f.jpg;https://ww1.sinaimg.cn/crop.0.0.640.640.640/006wLGT2jw1f7opb2ibpgj30u00u0nbu.jpg", "profile_url": "u/5981006020", "domain": "", "weihao": "", "gender": "m", "followers_count": 52593, "followers_count_str": "5.3万", "friends_count": 650, "pagefriends_count": 13, "statuses_count": 19304, "video_status_count": 2, "video_play_count": 0, "super_topic_not_syn_count": 0, "favourites_count": 0, "created_at": "Fri Jul 22 16:11:34 +0800 2016", "following": false, "allow_all_act_msg": false, "geo_enabled": true, "verified": true, "verified_type": 0, "remark": "", "insecurity": {"sexual_content": false}, "ptype": 0, "allow_all_comment": true, "avatar_large": "https://tvax2.sinaimg.cn/crop.22.14.444.444.180/006wLGT2ly1ffhjc2dwrnj30ds0jljsg.jpg?KID=imgbed,tva&Expires=1673966007&ssig=GJIXn8aejy", "avatar_hd": "https://tvax2.sinaimg.cn/crop.22.14.444.444.1024/006wLGT2ly1ffhjc2dwrnj30ds0jljsg.jpg?KID=imgbed,tva&Expires=1673966007&ssig=Z4IZqeYiL7", "verified_reason": "本地资讯博主（兰州）", "verified_trade": "", "verified_reason_url": "", "verified_source": "", "verified_source_url": "", "verified_state": 0, "verified_level": 3, "verified_type_ext": 0, "has_service_tel": false, "verified_reason_modified": "", "verified_contact_name": "", "verified_contact_email": "", "verified_contact_mobile": "", "follow_me": false, "like": false, "like_me": false, "online_status": 0, "bi_followers_count": 43, "lang": "zh-cn", "star": 0, "mbtype": 11, "mbrank": 1, "svip": 0, "mb_expire_time": 1676736000, "block_word": 0, "block_app": 1, "chaohua_ability": 0, "brand_ability": 0, "nft_ability": 0, "vplus_ability": 0, "wenda_ability": 0, "live_ability": 0, "gongyi_ability": 0, "paycolumn_ability": 0, "newbrand_ability": 0, "ecommerce_ability": 0, "hardfan_ability": 0, "wbcolumn_ability": 0, "credit_score": 80, "user_ability": 2360328, "cardid": "star_1531", "avatargj_id": "gj_vip_683", "urank": 9, "story_read_state": -1, "verified_detail": {"custom": 0, "data": [{"key": 1, "weight": 100, "desc": "本地资讯博主（兰州）"}]}, "vclub_member": 0, "is_teenager": 0, "is_guardian": 0, "is_teenager_list": 0, "pc_new": 0, "special_follow": false, "planet_video": 0, "video_mark": 2, "live_status": 0, "user_ability_extend": 0, "status_total_counter": {"total_cnt": 14195, "repost_cnt": 11333, "comment_cnt": 520, "like_cnt": 2341, "comment_like_cnt": 1}, "video_total_counter": {"play_cnt": 2}, "brand_account": 0, "hongbaofei": 0, "tab_manage": "[0, 0]", "reward_status": 0, "green_mode": 0, "urisk": 4294967296, "avatar_type": 0}, "mid": "4854665260306059", "idstr": "4854665260306059", "status": {"visible": {"type": 0, "list_id": 0}, "created_at": "Thu Jan 05 14:20:52 +0800 2023", "id": 4854555354074463, "idstr": "4854555354074463", "mid": "4854555354074463", "can_edit": false, "version": 1, "show_additional_indication": 0, "text": "【故宫冬日群鸟壁纸上新】一只，一对，一群。爱上紫禁城里栖息的群鸟，爱上闲适悠长的冬日时光。@故宫博物院 ​​​#丝路金城 黄河兰州# ​", "textLength": 127, "source_allowclick": 0, "source_type": 2, "source": "<a href=\"http://weibo.com/\" rel=\"nofollow\">iPhone客户端</a>", "favorited": false, "truncated": false, "in_reply_to_status_id": "", "in_reply_to_user_id": "", "in_reply_to_screen_name": "", "pic_urls": [{"thumbnail_pic": "http://wx1.sinaimg.cn/thumbnail/006ixv0mly1h9sr385mmuj30u01hc7bc.jpg"}, {"thumbnail_pic": "http://wx3.sinaimg.cn/thumbnail/006ixv0mly1h9sr38ymn5j30u01hcgum.jpg"}, {"thumbnail_pic": "http://wx3.sinaimg.cn/thumbnail/006ixv0mly1h9sr39mdwcj30u01hc43i.jpg"}, {"thumbnail_pic": "http://wx3.sinaimg.cn/thumbnail/006ixv0mly1h9sr37ck8mj30u01hcwi5.jpg"}, {"thumbnail_pic": "http://wx2.sinaimg.cn/thumbnail/006ixv0mly1h9sr3bbopgj30u01hc47f.jpg"}, {"thumbnail_pic": "http://wx4.sinaimg.cn/thumbnail/006ixv0mly1h9sr3bvs9hj30u01hcdl7.jpg"}, {"thumbnail_pic": "http://wx2.sinaimg.cn/thumbnail/006ixv0mly1h9sr3ckn6wj30u01hc0zw.jpg"}, {"thumbnail_pic": "http://wx3.sinaimg.cn/thumbnail/006ixv0mly1h9sr3aj09hj30u01hc11e.jpg"}, {"thumbnail_pic": "http://wx1.sinaimg.cn/thumbnail/006ixv0mly1h9sr3cz2ntj30u01hcq6g.jpg"}], "thumbnail_pic": "http://wx1.sinaimg.cn/thumbnail/006ixv0mly1h9sr385mmuj30u01hc7bc.jpg", "bmiddle_pic": "http://wx1.sinaimg.cn/bmiddle/006ixv0mly1h9sr385mmuj30u01hc7bc.jpg", "original_pic": "http://wx1.sinaimg.cn/large/006ixv0mly1h9sr385mmuj30u01hc7bc.jpg", "geo": null, "is_paid": false, "mblog_vip_type": 0, "user": {"id": 5770755050, "idstr": "5770755050", "class": 1, "screen_name": "兰州文化旅游", "name": "兰州文化旅游", "province": "62", "city": "1000", "location": "甘肃", "description": "都会城市、精致兰州！“黄河之都，金城兰州”，欢迎您来兰州旅游！", "url": "", "profile_image_url": "https://tvax3.sinaimg.cn/crop.0.0.1080.1080.50/006ixv0mly8h8ufjrnigmj30u00u0myi.jpg?KID=imgbed,tva&Expires=1673966007&ssig=hK%2B1XU9Xi%2F", "light_ring": false, "cover_image": "https://wx4.sinaimg.cn/crop.0.0.920.300/006ixv0mly1gditiane7zj30pk08cwtr.jpg", "cover_image_phone": "https://wx1.sinaimg.cn/crop.0.0.640.640.640/006ixv0mly1ggugep8p4cj30u00u0h3p.jpg", "profile_url": "u/5770755050", "domain": "", "weihao": "", "gender": "m", "followers_count": 1039175, "followers_count_str": "103.9万", "friends_count": 10077, "pagefriends_count": 20, "statuses_count": 39594, "video_status_count": 702, "video_play_count": 0, "super_topic_not_syn_count": 0, "favourites_count": 58, "created_at": "Tue Nov 24 16:42:31 +0800 2015", "following": false, "allow_all_act_msg": false, "geo_enabled": true, "verified": true, "verified_type": 1, "remark": "", "insecurity": {"sexual_content": false}, "ptype": 0, "allow_all_comment": true, "avatar_large": "https://tvax3.sinaimg.cn/crop.0.0.1080.1080.180/006ixv0mly8h8ufjrnigmj30u00u0myi.jpg?KID=imgbed,tva&Expires=1673966007&ssig=XGCVDUNRyp", "avatar_hd": "https://tvax3.sinaimg.cn/crop.0.0.1080.1080.1024/006ixv0mly8h8ufjrnigmj30u00u0myi.jpg?KID=imgbed,tva&Expires=1673966007&ssig=M%2BGONfOJU5", "verified_reason": "兰州市文化和旅游局官方微博", "verified_trade": "", "verified_reason_url": "", "verified_source": "", "verified_source_url": "", "verified_state": 0, "verified_level": 3, "verified_type_ext": 0, "has_service_tel": false, "verified_reason_modified": "兰州市文化和旅游局官方微博", "verified_contact_name": "张宪章", "verified_contact_email": "", "verified_contact_mobile": "", "follow_me": false, "like": false, "like_me": false, "online_status": 0, "bi_followers_count": 2778, "lang": "zh-cn", "star": 0, "mbtype": 2, "mbrank": 6, "svip": 0, "mb_expire_time": 1672243199, "block_word": 0, "block_app": 0, "chaohua_ability": 0, "brand_ability": 0, "nft_ability": 0, "vplus_ability": 0, "wenda_ability": 0, "live_ability": 0, "gongyi_ability": 0, "paycolumn_ability": 0, "newbrand_ability": 0, "ecommerce_ability": 0, "hardfan_ability": 1, "wbcolumn_ability": 0, "credit_score": 80, "user_ability": 11797512, "cardid": "star_1573", "avatargj_id": "gj_vip_739", "urank": 31, "story_read_state": -1, "vclub_member": 0, "is_teenager": 0, "is_guardian": 0, "is_teenager_list": 0, "pc_new": 6, "special_follow": false, "planet_video": 2, "video_mark": 15, "live_status": 0, "user_ability_extend": 0, "status_total_counter": {"total_cnt": 4354821, "repost_cnt": 789747, "comment_cnt": 2386185, "like_cnt": 1039524, "comment_like_cnt": 139365}, "video_total_counter": {"play_cnt": 23606418}, "brand_account": 0, "hongbaofei": 0, "tab_manage": "[0, 0]", "reward_status": 0, "green_mode": 0, "urisk": 0, "avatar_type": 0}, "annotations": [{"photo_sub_type": "0,0,0,0,0,0,0,0,0"}, {}, {"client_mblogid": "iPhone-BE9284DA-C598-4166-87A6-02D46136E424"}, {"mapi_request": true}], "reposts_count": 0, "comments_count": 0, "reprint_cmt_count": 0, "attitudes_count": 0, "pending_approval_count": 0, "isLongText": false, "reward_exhibition_type": 0, "hide_flag": 0, "mlevel": 0, "show_mlevel": 0, "biz_feature": 4294967300, "page_type": 64, "hasActionTypeCard": 0, "darwin_tags": [], "hot_weibo_tags": [], "text_tag_tips": [], "mblogtype": 0, "userType": 0, "more_info_type": 0, "positive_recom_flag": 0, "content_auth": 0, "gif_ids": "", "is_show_bulletin": 2, "comment_manage_info": {"comment_permission_type": -1, "approval_comment_type": 0, "comment_sort_type": 0, "ai_play_picture_type": 0}, "pic_num": 9, "can_reprint": false, "new_comment_style": 0}, "readtimetype": "comment", "match_ai_play_picture": false}