{"created_at": "Fri Jan 06 15:26:21 +0800 2023", "id": 4854934220836979, "rootid": 4854587276134956, "rootidstr": "4854587276134956", "floor_number": 0, "text": "回复@正义蔡甸:[心]", "disable_reply": 0, "is_mblog_author": true, "restrictOperate": 0, "comment_badge": [{"pic_url": "https://h5.sinaimg.cn/upload/1007/25/2019/05/17/feed_icon_poster_identity133low.png", "name": "blogger", "length": 1.33, "actionlog": {"act_code": "3671", "ext": "status:author"}, "scheme": "https://kefu.weibo.com/faqdetail?id=20848"}], "user": {"id": 5770755050, "idstr": "5770755050", "class": 1, "screen_name": "兰州文化旅游", "name": "兰州文化旅游", "province": "62", "city": "1000", "location": "甘肃", "description": "都会城市、精致兰州！“黄河之都，金城兰州”，欢迎您来兰州旅游！", "url": "", "profile_image_url": "https://tvax3.sinaimg.cn/crop.0.0.1080.1080.50/006ixv0mly8h8ufjrnigmj30u00u0myi.jpg?KID=imgbed,tva&Expires=1673966007&ssig=hK%2B1XU9Xi%2F", "light_ring": false, "cover_image": "https://wx4.sinaimg.cn/crop.0.0.920.300/006ixv0mly1gditiane7zj30pk08cwtr.jpg", "cover_image_phone": "https://wx1.sinaimg.cn/crop.0.0.640.640.640/006ixv0mly1ggugep8p4cj30u00u0h3p.jpg", "profile_url": "u/5770755050", "domain": "", "weihao": "", "gender": "m", "followers_count": 1039175, "followers_count_str": "103.9万", "friends_count": 10077, "pagefriends_count": 20, "statuses_count": 39594, "video_status_count": 702, "video_play_count": 0, "super_topic_not_syn_count": 0, "favourites_count": 58, "created_at": "Tue Nov 24 16:42:31 +0800 2015", "following": false, "allow_all_act_msg": false, "geo_enabled": true, "verified": true, "verified_type": 1, "remark": "", "insecurity": {"sexual_content": false}, "ptype": 0, "allow_all_comment": true, "avatar_large": "https://tvax3.sinaimg.cn/crop.0.0.1080.1080.180/006ixv0mly8h8ufjrnigmj30u00u0myi.jpg?KID=imgbed,tva&Expires=1673966007&ssig=XGCVDUNRyp", "avatar_hd": "https://tvax3.sinaimg.cn/crop.0.0.1080.1080.1024/006ixv0mly8h8ufjrnigmj30u00u0myi.jpg?KID=imgbed,tva&Expires=1673966007&ssig=M%2BGONfOJU5", "verified_reason": "兰州市文化和旅游局官方微博", "verified_trade": "", "verified_reason_url": "", "verified_source": "", "verified_source_url": "", "verified_state": 0, "verified_level": 3, "verified_type_ext": 0, "has_service_tel": false, "verified_reason_modified": "兰州市文化和旅游局官方微博", "verified_contact_name": "张宪章", "verified_contact_email": "", "verified_contact_mobile": "", "follow_me": false, "like": false, "like_me": false, "online_status": 0, "bi_followers_count": 2778, "lang": "zh-cn", "star": 0, "mbtype": 2, "mbrank": 6, "svip": 0, "mb_expire_time": 1672243199, "block_word": 0, "block_app": 0, "chaohua_ability": 0, "brand_ability": 0, "nft_ability": 0, "vplus_ability": 0, "wenda_ability": 0, "live_ability": 0, "gongyi_ability": 0, "paycolumn_ability": 0, "newbrand_ability": 0, "ecommerce_ability": 0, "hardfan_ability": 1, "wbcolumn_ability": 0, "credit_score": 80, "user_ability": 11797512, "cardid": "star_1573", "avatargj_id": "gj_vip_739", "urank": 31, "story_read_state": -1, "vclub_member": 0, "is_teenager": 0, "is_guardian": 0, "is_teenager_list": 0, "pc_new": 6, "special_follow": false, "planet_video": 2, "video_mark": 15, "live_status": 0, "user_ability_extend": 0, "status_total_counter": {"total_cnt": 4354821, "repost_cnt": 789747, "comment_cnt": 2386185, "like_cnt": 1039524, "comment_like_cnt": 139365}, "video_total_counter": {"play_cnt": 23606418}, "brand_account": 0, "hongbaofei": 0, "tab_manage": "[0, 0]", "reward_status": 0, "green_mode": 0, "urisk": 0, "avatar_type": 0}, "mid": "4854934220836979", "idstr": "4854934220836979", "status": {"visible": {"type": 0, "list_id": 0}, "created_at": "Thu Jan 05 14:20:52 +0800 2023", "id": 4854555354074463, "idstr": "4854555354074463", "mid": "4854555354074463", "can_edit": false, "version": 1, "show_additional_indication": 0, "text": "【故宫冬日群鸟壁纸上新】一只，一对，一群。爱上紫禁城里栖息的群鸟，爱上闲适悠长的冬日时光。@故宫博物院 ​​​#丝路金城 黄河兰州# ​", "textLength": 127, "source_allowclick": 0, "source_type": 2, "source": "<a href=\"http://weibo.com/\" rel=\"nofollow\">iPhone客户端</a>", "favorited": false, "truncated": false, "in_reply_to_status_id": "", "in_reply_to_user_id": "", "in_reply_to_screen_name": "", "pic_urls": [{"thumbnail_pic": "http://wx1.sinaimg.cn/thumbnail/006ixv0mly1h9sr385mmuj30u01hc7bc.jpg"}, {"thumbnail_pic": "http://wx3.sinaimg.cn/thumbnail/006ixv0mly1h9sr38ymn5j30u01hcgum.jpg"}, {"thumbnail_pic": "http://wx3.sinaimg.cn/thumbnail/006ixv0mly1h9sr39mdwcj30u01hc43i.jpg"}, {"thumbnail_pic": "http://wx3.sinaimg.cn/thumbnail/006ixv0mly1h9sr37ck8mj30u01hcwi5.jpg"}, {"thumbnail_pic": "http://wx2.sinaimg.cn/thumbnail/006ixv0mly1h9sr3bbopgj30u01hc47f.jpg"}, {"thumbnail_pic": "http://wx4.sinaimg.cn/thumbnail/006ixv0mly1h9sr3bvs9hj30u01hcdl7.jpg"}, {"thumbnail_pic": "http://wx2.sinaimg.cn/thumbnail/006ixv0mly1h9sr3ckn6wj30u01hc0zw.jpg"}, {"thumbnail_pic": "http://wx3.sinaimg.cn/thumbnail/006ixv0mly1h9sr3aj09hj30u01hc11e.jpg"}, {"thumbnail_pic": "http://wx1.sinaimg.cn/thumbnail/006ixv0mly1h9sr3cz2ntj30u01hcq6g.jpg"}], "thumbnail_pic": "http://wx1.sinaimg.cn/thumbnail/006ixv0mly1h9sr385mmuj30u01hc7bc.jpg", "bmiddle_pic": "http://wx1.sinaimg.cn/bmiddle/006ixv0mly1h9sr385mmuj30u01hc7bc.jpg", "original_pic": "http://wx1.sinaimg.cn/large/006ixv0mly1h9sr385mmuj30u01hc7bc.jpg", "geo": null, "is_paid": false, "mblog_vip_type": 0, "user": {"id": 5770755050, "idstr": "5770755050", "class": 1, "screen_name": "兰州文化旅游", "name": "兰州文化旅游", "province": "62", "city": "1000", "location": "甘肃", "description": "都会城市、精致兰州！“黄河之都，金城兰州”，欢迎您来兰州旅游！", "url": "", "profile_image_url": "https://tvax3.sinaimg.cn/crop.0.0.1080.1080.50/006ixv0mly8h8ufjrnigmj30u00u0myi.jpg?KID=imgbed,tva&Expires=1673966007&ssig=hK%2B1XU9Xi%2F", "light_ring": false, "cover_image": "https://wx4.sinaimg.cn/crop.0.0.920.300/006ixv0mly1gditiane7zj30pk08cwtr.jpg", "cover_image_phone": "https://wx1.sinaimg.cn/crop.0.0.640.640.640/006ixv0mly1ggugep8p4cj30u00u0h3p.jpg", "profile_url": "u/5770755050", "domain": "", "weihao": "", "gender": "m", "followers_count": 1039175, "followers_count_str": "103.9万", "friends_count": 10077, "pagefriends_count": 20, "statuses_count": 39594, "video_status_count": 702, "video_play_count": 0, "super_topic_not_syn_count": 0, "favourites_count": 58, "created_at": "Tue Nov 24 16:42:31 +0800 2015", "following": false, "allow_all_act_msg": false, "geo_enabled": true, "verified": true, "verified_type": 1, "remark": "", "insecurity": {"sexual_content": false}, "ptype": 0, "allow_all_comment": true, "avatar_large": "https://tvax3.sinaimg.cn/crop.0.0.1080.1080.180/006ixv0mly8h8ufjrnigmj30u00u0myi.jpg?KID=imgbed,tva&Expires=1673966007&ssig=XGCVDUNRyp", "avatar_hd": "https://tvax3.sinaimg.cn/crop.0.0.1080.1080.1024/006ixv0mly8h8ufjrnigmj30u00u0myi.jpg?KID=imgbed,tva&Expires=1673966007&ssig=M%2BGONfOJU5", "verified_reason": "兰州市文化和旅游局官方微博", "verified_trade": "", "verified_reason_url": "", "verified_source": "", "verified_source_url": "", "verified_state": 0, "verified_level": 3, "verified_type_ext": 0, "has_service_tel": false, "verified_reason_modified": "兰州市文化和旅游局官方微博", "verified_contact_name": "张宪章", "verified_contact_email": "", "verified_contact_mobile": "", "follow_me": false, "like": false, "like_me": false, "online_status": 0, "bi_followers_count": 2778, "lang": "zh-cn", "star": 0, "mbtype": 2, "mbrank": 6, "svip": 0, "mb_expire_time": 1672243199, "block_word": 0, "block_app": 0, "chaohua_ability": 0, "brand_ability": 0, "nft_ability": 0, "vplus_ability": 0, "wenda_ability": 0, "live_ability": 0, "gongyi_ability": 0, "paycolumn_ability": 0, "newbrand_ability": 0, "ecommerce_ability": 0, "hardfan_ability": 1, "wbcolumn_ability": 0, "credit_score": 80, "user_ability": 11797512, "cardid": "star_1573", "avatargj_id": "gj_vip_739", "urank": 31, "story_read_state": -1, "vclub_member": 0, "is_teenager": 0, "is_guardian": 0, "is_teenager_list": 0, "pc_new": 6, "special_follow": false, "planet_video": 2, "video_mark": 15, "live_status": 0, "user_ability_extend": 0, "status_total_counter": {"total_cnt": 4354821, "repost_cnt": 789747, "comment_cnt": 2386185, "like_cnt": 1039524, "comment_like_cnt": 139365}, "video_total_counter": {"play_cnt": 23606418}, "brand_account": 0, "hongbaofei": 0, "tab_manage": "[0, 0]", "reward_status": 0, "green_mode": 0, "urisk": 0, "avatar_type": 0}, "annotations": [{"photo_sub_type": "0,0,0,0,0,0,0,0,0"}, {}, {"client_mblogid": "iPhone-BE9284DA-C598-4166-87A6-02D46136E424"}, {"mapi_request": true}], "reposts_count": 0, "comments_count": 0, "reprint_cmt_count": 0, "attitudes_count": 0, "pending_approval_count": 0, "isLongText": false, "reward_exhibition_type": 0, "hide_flag": 0, "mlevel": 0, "show_mlevel": 0, "biz_feature": 4294967300, "page_type": 64, "hasActionTypeCard": 0, "darwin_tags": [], "hot_weibo_tags": [], "text_tag_tips": [], "mblogtype": 0, "userType": 0, "more_info_type": 0, "positive_recom_flag": 0, "content_auth": 0, "gif_ids": "", "is_show_bulletin": 2, "comment_manage_info": {"comment_permission_type": -1, "approval_comment_type": 0, "comment_sort_type": 0, "ai_play_picture_type": 0}, "pic_num": 9, "can_reprint": false, "new_comment_style": 0}, "reply_comment": {"created_at": "Thu Jan 05 16:27:43 +0800 2023", "id": 4854587276134956, "rootid": 4854587276134956, "rootidstr": "4854587276134956", "floor_number": 33, "text": "太美了[话筒]", "disable_reply": 0, "restrictOperate": 0, "comment_badge": [{"pic_url": "https://h5.sinaimg.cn/upload/114/962/2022/07/08/member_0_bigfan1_1.png", "name": "loyal_fans", "length": 1.33, "actionlog": {"act_code": "3671", "ext": "status:fans"}, "scheme": "https://kefu.weibo.com/faqdetail?id=20848", "new_icon": true}], "user": {"id": 5074729724, "idstr": "5074729724", "class": 1, "screen_name": "正义蔡甸", "name": "正义蔡甸", "province": "42", "city": "1000", "location": "湖北", "description": "", "url": "", "profile_image_url": "https://tvax4.sinaimg.cn/crop.0.0.326.326.50/005xr31qly8h8vhqzly7hj3092092t8v.jpg?KID=imgbed,tva&Expires=1673966007&ssig=M%2BV4lCeDuC", "light_ring": false, "cover_image": "https://wx1.sinaimg.cn/crop.0.0.920.300/005xr31qgy1gln41i1ycbj30pk08c11a.jpg", "cover_image_phone": "https://wx3.sinaimg.cn/crop.0.0.640.640.640/005xr31qgy1glr8wbuqg2j30u00u00xa.jpg", "profile_url": "u/5074729724", "domain": "", "weihao": "", "gender": "m", "followers_count": 684, "followers_count_str": "684", "friends_count": 324, "pagefriends_count": 0, "statuses_count": 12025, "video_status_count": 2, "video_play_count": 0, "super_topic_not_syn_count": 0, "favourites_count": 1, "created_at": "Mon Mar 17 16:28:46 +0800 2014", "following": false, "allow_all_act_msg": false, "geo_enabled": true, "verified": true, "verified_type": 1, "remark": "", "insecurity": {"sexual_content": false}, "ptype": 0, "allow_all_comment": false, "avatar_large": "https://tvax4.sinaimg.cn/crop.0.0.326.326.180/005xr31qly8h8vhqzly7hj3092092t8v.jpg?KID=imgbed,tva&Expires=1673966007&ssig=FY9lGdevMa", "avatar_hd": "https://tvax4.sinaimg.cn/crop.0.0.326.326.1024/005xr31qly8h8vhqzly7hj3092092t8v.jpg?KID=imgbed,tva&Expires=1673966007&ssig=sqvFgu0i8R", "verified_reason": "湖北省武汉市蔡甸区人民检察院官方微博", "verified_trade": "", "verified_reason_url": "", "verified_source": "", "verified_source_url": "", "verified_state": 0, "verified_level": 3, "verified_type_ext": 0, "has_service_tel": false, "verified_reason_modified": "", "verified_contact_name": "", "verified_contact_email": "", "verified_contact_mobile": "", "follow_me": false, "like": false, "like_me": false, "online_status": 0, "bi_followers_count": 199, "lang": "zh-cn", "star": 0, "mbtype": 0, "mbrank": 0, "svip": 0, "mb_expire_time": 0, "block_word": 0, "block_app": 0, "chaohua_ability": 0, "brand_ability": 0, "nft_ability": 0, "vplus_ability": 0, "wenda_ability": 0, "live_ability": 0, "gongyi_ability": 0, "paycolumn_ability": 0, "newbrand_ability": 0, "ecommerce_ability": 0, "hardfan_ability": 0, "wbcolumn_ability": 0, "credit_score": 80, "user_ability": 8650752, "cardid": "star_1624", "urank": 19, "story_read_state": -1, "vclub_member": 0, "is_teenager": 0, "is_guardian": 0, "is_teenager_list": 0, "pc_new": 7, "special_follow": false, "planet_video": 2, "video_mark": 14, "live_status": 0, "user_ability_extend": 0, "status_total_counter": {"total_cnt": 75945, "repost_cnt": 12008, "comment_cnt": 36356, "like_cnt": 27216, "comment_like_cnt": 365}, "video_total_counter": {"play_cnt": 333}, "brand_account": 0, "hongbaofei": 0, "tab_manage": "[0, 0]", "reward_status": 0, "green_mode": 0, "urisk": 0, "avatar_type": 0}, "mid": "4854587276134956", "idstr": "4854587276134956", "match_ai_play_picture": false}, "reply_original_text": "[心]", "readtimetype": "comment", "match_ai_play_picture": false}