{"created_at": "Sat Nov 26 21:15:39 +0800 2022", "id": 4840164226499798, "rootid": 4840164226499798, "rootidstr": "4840164226499798", "floor_number": 107, "text": "致敬农民英雄！", "disable_reply": 0, "restrictOperate": 0, "source_allowclick": 0, "source_type": 4, "source": "<a href=\"\" rel=\"nofollow\">来自上海</a>", "user": {"id": 6673268803, "idstr": "6673268803", "class": 1, "screen_name": "艺演震甲苑", "name": "艺演震甲苑", "province": "51", "city": "1000", "location": "四川", "description": "欲知未来路，善意泄天机。欲得未行运，入得有缘机。", "url": "", "profile_image_url": "https://tvax3.sinaimg.cn/crop.0.0.110.110.50/007hCm3Nly8h2g1l2ws71j3032032wea.jpg?KID=imgbed,tva&Expires=1673965843&ssig=gFYOWgH676", "light_ring": false, "cover_image_phone": "https://ww1.sinaimg.cn/crop.0.0.640.640.640/549d0121tw1egm1kjly3jj20hs0hsq4f.jpg", "profile_url": "u/6673268803", "domain": "", "weihao": "", "gender": "m", "followers_count": 91, "followers_count_str": "91", "friends_count": 474, "pagefriends_count": 17, "statuses_count": 142, "video_status_count": 7, "video_play_count": 0, "super_topic_not_syn_count": 0, "favourites_count": 2, "created_at": "Fri Aug 31 16:13:26 +0800 2018", "following": false, "allow_all_act_msg": false, "geo_enabled": true, "verified": false, "verified_type": -1, "remark": "", "insecurity": {"sexual_content": false}, "ptype": 0, "allow_all_comment": true, "avatar_large": "https://tvax3.sinaimg.cn/crop.0.0.110.110.180/007hCm3Nly8h2g1l2ws71j3032032wea.jpg?KID=imgbed,tva&Expires=1673965843&ssig=LvMPYZBV8p", "avatar_hd": "https://tvax3.sinaimg.cn/crop.0.0.110.110.1024/007hCm3Nly8h2g1l2ws71j3032032wea.jpg?KID=imgbed,tva&Expires=1673965843&ssig=aaAKSflk76", "verified_reason": "", "verified_trade": "", "verified_reason_url": "", "verified_source": "", "verified_source_url": "", "follow_me": false, "like": false, "like_me": false, "online_status": 0, "bi_followers_count": 14, "lang": "zh-cn", "star": 0, "mbtype": 2, "mbrank": 6, "svip": 0, "mb_expire_time": 1641571199, "block_word": 0, "block_app": 0, "chaohua_ability": 0, "brand_ability": 0, "nft_ability": 0, "vplus_ability": 0, "wenda_ability": 0, "live_ability": 0, "gongyi_ability": 0, "paycolumn_ability": 0, "newbrand_ability": 0, "ecommerce_ability": 0, "hardfan_ability": 0, "wbcolumn_ability": 0, "credit_score": 80, "user_ability": -2135687136, "avatargj_id": "gj_vip_165", "urank": 4, "story_read_state": -1, "vclub_member": 0, "is_teenager": 0, "is_guardian": 0, "is_teenager_list": 0, "pc_new": 0, "special_follow": false, "planet_video": 0, "video_mark": 0, "live_status": 0, "user_ability_extend": 0, "status_total_counter": {"total_cnt": 122, "repost_cnt": 7, "comment_cnt": 52, "like_cnt": 61, "comment_like_cnt": 2}, "video_total_counter": {"play_cnt": 44}, "brand_account": 0, "hongbaofei": 0, "tab_manage": "[4329048708, 0]", "reward_status": 0, "green_mode": 0, "urisk": 0, "avatar_type": 0}, "mid": "4840164226499798", "idstr": "4840164226499798", "status": {"visible": {"type": 0, "list_id": 0}, "created_at": "Tue Nov 01 11:16:24 +0800 2022", "id": 4830953720255940, "idstr": "4830953720255940", "mid": "4830953720255940", "can_edit": false, "show_additional_indication": 0, "text": "【#救火烈士冯坪坪魂归故里#】#救火烈士冯坪坪曾参与泸定地震救援# 10月30日，重庆籍消防员冯坪坪烈士棺椁运抵老家重庆。28日，冯坪坪在湖南山火扑救过程中不幸牺牲，年仅24岁，应急管理部森林消防局给其追记一等功并批准为烈士。据悉，冯坪坪还参加过2017年九寨沟地震、四川泸州合江县山火、四川泸定 ​", "textLength": 350, "source_allowclick": 0, "source_type": 1, "source": "<a href=\"http://app.weibo.com/t/feed/xEsRX\" rel=\"nofollow\">新版微博 weibo.com</a>", "favorited": false, "truncated": false, "in_reply_to_status_id": "", "in_reply_to_user_id": "", "in_reply_to_screen_name": "", "pic_urls": [], "geo": null, "is_paid": false, "mblog_vip_type": 0, "user": {"id": 1699432410, "idstr": "1699432410", "class": 1, "screen_name": "新华社", "name": "新华社", "province": "11", "city": "1000", "location": "北京", "description": "新华社官方微博，重大新闻权威首发平台。", "url": "", "profile_image_url": "https://tvax2.sinaimg.cn/crop.58.61.875.875.50/001R0E0aly8h8vg6xx3srj60rs0rsdko02.jpg?KID=imgbed,tva&Expires=1673965843&ssig=22nzuDxDQC", "light_ring": false, "cover_image": "https://wx3.sinaimg.cn/crop.0.0.920.300/001R0E0aly1h8bac7bl17j60pk08cdga02.jpg", "cover_image_phone": "https://wx3.sinaimg.cn/crop.0.0.640.640.640/654b47daly1gdik9frqwcj20u00u0n3r.jpg", "profile_url": "xinhuashidian", "domain": "xinhuashidian", "weihao": "", "gender": "m", "followers_count": 108497641, "followers_count_str": "1.08亿", "friends_count": 2993, "pagefriends_count": 233, "statuses_count": 158273, "video_status_count": 15601, "video_play_count": 0, "super_topic_not_syn_count": 0, "favourites_count": 158, "created_at": "Thu Feb 25 13:59:03 +0800 2010", "following": false, "allow_all_act_msg": true, "geo_enabled": false, "verified": true, "verified_type": 3, "remark": "", "insecurity": {"sexual_content": false}, "ptype": 0, "allow_all_comment": true, "avatar_large": "https://tvax2.sinaimg.cn/crop.58.61.875.875.180/001R0E0aly8h8vg6xx3srj60rs0rsdko02.jpg?KID=imgbed,tva&Expires=1673965843&ssig=Kd2nMaH9pG", "avatar_hd": "https://tvax2.sinaimg.cn/crop.58.61.875.875.1024/001R0E0aly8h8vg6xx3srj60rs0rsdko02.jpg?KID=imgbed,tva&Expires=1673965843&ssig=FM8B56g2pj", "verified_reason": "新华社法人微博", "verified_trade": "", "verified_reason_url": "", "verified_source": "", "verified_source_url": "", "verified_state": 0, "verified_level": 3, "verified_type_ext": 0, "has_service_tel": false, "verified_reason_modified": "新华社法人微博", "verified_contact_name": "", "verified_contact_email": "", "verified_contact_mobile": "", "follow_me": false, "like": false, "like_me": false, "online_status": 0, "bi_followers_count": 2069, "lang": "zh-cn", "star": 0, "mbtype": 12, "mbrank": 7, "svip": 0, "mb_expire_time": 1685980800, "block_word": 1, "block_app": 1, "chaohua_ability": 0, "brand_ability": 0, "nft_ability": 0, "vplus_ability": 0, "wenda_ability": 0, "live_ability": 1, "gongyi_ability": 0, "paycolumn_ability": 0, "newbrand_ability": 0, "ecommerce_ability": 0, "hardfan_ability": 0, "wbcolumn_ability": 0, "credit_score": 80, "user_ability": 10814216, "cardid": "star_1624", "urank": 48, "story_read_state": -1, "vclub_member": 0, "is_teenager": 0, "is_guardian": 0, "is_teenager_list": 1, "pc_new": 7, "special_follow": false, "planet_video": 2, "video_mark": 15, "live_status": 0, "user_ability_extend": 1, "status_total_counter": {"total_cnt": 236159604, "repost_cnt": 75471636, "comment_cnt": 17882631, "like_cnt": 82710374, "comment_like_cnt": 60094963}, "video_total_counter": {"play_cnt": 6230990191}, "brand_account": 0, "hongbaofei": 0, "tab_manage": "[0, 0]", "reward_status": 0, "green_mode": 0, "urisk": 0, "avatar_type": 0}, "annotations": [{}, {}, {"mapi_request": true}], "reposts_count": 0, "comments_count": 0, "reprint_cmt_count": 0, "attitudes_count": 0, "pending_approval_count": 0, "isLongText": true, "reward_exhibition_type": 0, "hide_flag": 0, "mlevel": 0, "show_mlevel": 0, "biz_ids": [230444], "biz_feature": 4294967304, "page_type": 64, "hasActionTypeCard": 0, "darwin_tags": [], "hot_weibo_tags": [], "text_tag_tips": [], "mblogtype": 0, "userType": 0, "more_info_type": 0, "cardid": "star_1624", "positive_recom_flag": 0, "content_auth": 0, "gif_ids": "", "is_show_bulletin": 2, "comment_manage_info": {"comment_permission_type": -1, "approval_comment_type": 0, "comment_sort_type": 0, "ai_play_picture_type": 0}, "pic_num": 0, "fid": 4830953238167571, "can_reprint": false, "new_comment_style": 0}, "readtimetype": "comment", "match_ai_play_picture": false}