{"created_at": "Tue Nov 01 12:06:27 +0800 2022", "id": 4830966315750736, "rootid": 4830966315750736, "rootidstr": "4830966315750736", "floor_number": 39, "text": "感谢英雄的付出，致敬！[蜡烛]", "disable_reply": 0, "restrictOperate": 0, "source_allowclick": 0, "source_type": 4, "source": "<a href=\"\" rel=\"nofollow\">来自北京</a>", "comment_badge": [{"pic_url": "https://h5.sinaimg.cn/upload/114/962/2022/07/08/member_0_bigfan1_1.png", "name": "loyal_fans", "length": 1.33, "actionlog": {"act_code": "3671", "ext": "status:fans"}, "scheme": "https://kefu.weibo.com/faqdetail?id=20848", "new_icon": true}], "user": {"id": 6806492142, "idstr": "6806492142", "class": 1, "screen_name": "有些黑暗只能独自走过", "name": "有些黑暗只能独自走过", "province": "100", "city": "1000", "location": "其他", "description": "普普通通，碌碌无为。", "url": "", "profile_image_url": "https://tvax2.sinaimg.cn/crop.0.0.996.996.50/007qDlxkly8gdj511ebqoj30ro0rogoh.jpg?KID=imgbed,tva&Expires=1673965843&ssig=SRVnAjdEVH", "light_ring": false, "cover_image_phone": "https://ww1.sinaimg.cn/crop.0.0.640.640.640/549d0121tw1egm1kjly3jj20hs0hsq4f.jpg", "profile_url": "u/6806492142", "domain": "", "weihao": "", "gender": "m", "followers_count": 14, "followers_count_str": "14", "friends_count": 1353, "pagefriends_count": 22, "statuses_count": 9955, "video_status_count": 0, "video_play_count": 0, "super_topic_not_syn_count": 0, "favourites_count": 811, "created_at": "Mon Oct 29 19:56:00 +0800 2018", "following": false, "allow_all_act_msg": false, "geo_enabled": true, "verified": false, "verified_type": -1, "remark": "", "insecurity": {"sexual_content": false}, "ptype": 0, "allow_all_comment": true, "avatar_large": "https://tvax2.sinaimg.cn/crop.0.0.996.996.180/007qDlxkly8gdj511ebqoj30ro0rogoh.jpg?KID=imgbed,tva&Expires=1673965843&ssig=zLg2sYSDLd", "avatar_hd": "https://tvax2.sinaimg.cn/crop.0.0.996.996.1024/007qDlxkly8gdj511ebqoj30ro0rogoh.jpg?KID=imgbed,tva&Expires=1673965843&ssig=cBspYxlHfA", "verified_reason": "", "verified_trade": "", "verified_reason_url": "", "verified_source": "", "verified_source_url": "", "follow_me": false, "like": false, "like_me": false, "online_status": 0, "bi_followers_count": 1, "lang": "zh-cn", "star": 0, "mbtype": 0, "mbrank": 0, "svip": 0, "mb_expire_time": 0, "block_word": 0, "block_app": 0, "chaohua_ability": 0, "brand_ability": 0, "nft_ability": 0, "vplus_ability": 0, "wenda_ability": 0, "live_ability": 0, "gongyi_ability": 0, "paycolumn_ability": 0, "newbrand_ability": 0, "ecommerce_ability": 0, "hardfan_ability": 0, "wbcolumn_ability": 0, "credit_score": 80, "user_ability": 2097152, "urank": 0, "story_read_state": -1, "vclub_member": 0, "is_teenager": 0, "is_guardian": 0, "is_teenager_list": 0, "pc_new": 0, "special_follow": false, "planet_video": 2, "video_mark": 0, "live_status": 0, "user_ability_extend": 0, "status_total_counter": {"total_cnt": 357, "repost_cnt": 113, "comment_cnt": 54, "like_cnt": 187, "comment_like_cnt": 3}, "video_total_counter": {"play_cnt": 0}, "brand_account": 0, "hongbaofei": 0, "tab_manage": "[0, 0]", "reward_status": 0, "green_mode": 0, "urisk": 566935683072, "avatar_type": 0}, "mid": "4830966315750736", "idstr": "4830966315750736", "status": {"visible": {"type": 0, "list_id": 0}, "created_at": "Tue Nov 01 11:16:24 +0800 2022", "id": 4830953720255940, "idstr": "4830953720255940", "mid": "4830953720255940", "can_edit": false, "show_additional_indication": 0, "text": "【#救火烈士冯坪坪魂归故里#】#救火烈士冯坪坪曾参与泸定地震救援# 10月30日，重庆籍消防员冯坪坪烈士棺椁运抵老家重庆。28日，冯坪坪在湖南山火扑救过程中不幸牺牲，年仅24岁，应急管理部森林消防局给其追记一等功并批准为烈士。据悉，冯坪坪还参加过2017年九寨沟地震、四川泸州合江县山火、四川泸定 ​", "textLength": 350, "source_allowclick": 0, "source_type": 1, "source": "<a href=\"http://app.weibo.com/t/feed/xEsRX\" rel=\"nofollow\">新版微博 weibo.com</a>", "favorited": false, "truncated": false, "in_reply_to_status_id": "", "in_reply_to_user_id": "", "in_reply_to_screen_name": "", "pic_urls": [], "geo": null, "is_paid": false, "mblog_vip_type": 0, "user": {"id": 1699432410, "idstr": "1699432410", "class": 1, "screen_name": "新华社", "name": "新华社", "province": "11", "city": "1000", "location": "北京", "description": "新华社官方微博，重大新闻权威首发平台。", "url": "", "profile_image_url": "https://tvax2.sinaimg.cn/crop.58.61.875.875.50/001R0E0aly8h8vg6xx3srj60rs0rsdko02.jpg?KID=imgbed,tva&Expires=1673965843&ssig=22nzuDxDQC", "light_ring": false, "cover_image": "https://wx3.sinaimg.cn/crop.0.0.920.300/001R0E0aly1h8bac7bl17j60pk08cdga02.jpg", "cover_image_phone": "https://wx3.sinaimg.cn/crop.0.0.640.640.640/654b47daly1gdik9frqwcj20u00u0n3r.jpg", "profile_url": "xinhuashidian", "domain": "xinhuashidian", "weihao": "", "gender": "m", "followers_count": 108497641, "followers_count_str": "1.08亿", "friends_count": 2993, "pagefriends_count": 233, "statuses_count": 158273, "video_status_count": 15601, "video_play_count": 0, "super_topic_not_syn_count": 0, "favourites_count": 158, "created_at": "Thu Feb 25 13:59:03 +0800 2010", "following": false, "allow_all_act_msg": true, "geo_enabled": false, "verified": true, "verified_type": 3, "remark": "", "insecurity": {"sexual_content": false}, "ptype": 0, "allow_all_comment": true, "avatar_large": "https://tvax2.sinaimg.cn/crop.58.61.875.875.180/001R0E0aly8h8vg6xx3srj60rs0rsdko02.jpg?KID=imgbed,tva&Expires=1673965843&ssig=Kd2nMaH9pG", "avatar_hd": "https://tvax2.sinaimg.cn/crop.58.61.875.875.1024/001R0E0aly8h8vg6xx3srj60rs0rsdko02.jpg?KID=imgbed,tva&Expires=1673965843&ssig=FM8B56g2pj", "verified_reason": "新华社法人微博", "verified_trade": "", "verified_reason_url": "", "verified_source": "", "verified_source_url": "", "verified_state": 0, "verified_level": 3, "verified_type_ext": 0, "has_service_tel": false, "verified_reason_modified": "新华社法人微博", "verified_contact_name": "", "verified_contact_email": "", "verified_contact_mobile": "", "follow_me": false, "like": false, "like_me": false, "online_status": 0, "bi_followers_count": 2069, "lang": "zh-cn", "star": 0, "mbtype": 12, "mbrank": 7, "svip": 0, "mb_expire_time": 1685980800, "block_word": 1, "block_app": 1, "chaohua_ability": 0, "brand_ability": 0, "nft_ability": 0, "vplus_ability": 0, "wenda_ability": 0, "live_ability": 1, "gongyi_ability": 0, "paycolumn_ability": 0, "newbrand_ability": 0, "ecommerce_ability": 0, "hardfan_ability": 0, "wbcolumn_ability": 0, "credit_score": 80, "user_ability": 10814216, "cardid": "star_1624", "urank": 48, "story_read_state": -1, "vclub_member": 0, "is_teenager": 0, "is_guardian": 0, "is_teenager_list": 1, "pc_new": 7, "special_follow": false, "planet_video": 2, "video_mark": 15, "live_status": 0, "user_ability_extend": 1, "status_total_counter": {"total_cnt": 236159604, "repost_cnt": 75471636, "comment_cnt": 17882631, "like_cnt": 82710374, "comment_like_cnt": 60094963}, "video_total_counter": {"play_cnt": 6230990191}, "brand_account": 0, "hongbaofei": 0, "tab_manage": "[0, 0]", "reward_status": 0, "green_mode": 0, "urisk": 0, "avatar_type": 0}, "annotations": [{}, {}, {"mapi_request": true}], "reposts_count": 0, "comments_count": 0, "reprint_cmt_count": 0, "attitudes_count": 0, "pending_approval_count": 0, "isLongText": true, "reward_exhibition_type": 0, "hide_flag": 0, "mlevel": 0, "show_mlevel": 0, "biz_ids": [230444], "biz_feature": 4294967304, "page_type": 64, "hasActionTypeCard": 0, "darwin_tags": [], "hot_weibo_tags": [], "text_tag_tips": [], "mblogtype": 0, "userType": 0, "more_info_type": 0, "cardid": "star_1624", "positive_recom_flag": 0, "content_auth": 0, "gif_ids": "", "is_show_bulletin": 2, "comment_manage_info": {"comment_permission_type": -1, "approval_comment_type": 0, "comment_sort_type": 0, "ai_play_picture_type": 0}, "pic_num": 0, "fid": 4830953238167571, "can_reprint": false, "new_comment_style": 0}, "readtimetype": "comment", "comment_dynamic_message": {"id": "0", "start_color": "#00FFFFFF", "end_color": "#1AFFFFFF", "start_color_dark": "#003A3A3A", "end_color_dark": "#333A3A3A", "name": {"zh_CN": "默认", "zh_HK": "默認", "en_US": "default"}, "scheme": "https://new.vip.weibo.cn/bubble/mall?showmenu=0&decorateId=0&uid=6806492142", "allow_vip_box_content": "用此评论气泡", "allow_vip_box_icon": "https://h5.sinaimg.cn/upload/100/1720/2022/08/08/icon_VIP_for_comment_bubble.png"}, "match_ai_play_picture": false}