{"mid": "1909250714", "uid": "MmqOzlNPm", "name": "双流发布", "time": "2023-1-2 14:00:00", "local": "", "iphone": "微博视频号", "context": "【“请祖国放心！”边防官兵的新年祝福，好提气】“我们在雪域高原，祝伟大祖国繁荣昌盛、国泰民安，祝全国人民新年快乐！”这是驻守边疆的新疆军区某团官兵送来的新年祝福。网友：辛苦，致敬！双流发布的微博视频", "comment_num": "14", "like_num": "11", "user": {"focus": "6183", "fans": "103.7万", "tweet": "19万"}}