{"created_at": "Thu Dec 08 20:28:11 +0800 2022", "id": 4844500930794556, "rootid": 4844500930794556, "rootidstr": "4844500930794556", "floor_number": 384, "text": "希望教资一次顺利通过！", "disable_reply": 0, "restrictOperate": 0, "source_allowclick": 0, "source_type": 4, "source": "<a href=\"\" rel=\"nofollow\">来自山东</a>", "user": {"id": 5650112614, "idstr": "5650112614", "class": 1, "screen_name": "贺朝家的俞小朋友", "name": "贺朝家的俞小朋友", "province": "37", "city": "1000", "location": "山东", "description": "I am the king of the world.", "url": "", "profile_image_url": "https://tvax2.sinaimg.cn/crop.0.0.996.996.50/006anioCly8g4g5xyivx7j30ro0roacl.jpg?KID=imgbed,tva&Expires=1674053599&ssig=jN7zVkQnt0", "light_ring": false, "cover_image_phone": "https://ww1.sinaimg.cn/crop.0.0.640.640.640/549d0121tw1egm1kjly3jj20hs0hsq4f.jpg", "profile_url": "u/5650112614", "domain": "", "weihao": "", "gender": "f", "followers_count": 36, "followers_count_str": "36", "friends_count": 87, "pagefriends_count": 13, "statuses_count": 33, "video_status_count": 0, "video_play_count": 0, "super_topic_not_syn_count": 2, "favourites_count": 19, "created_at": "Sat Jul 11 11:32:23 +0800 2015", "following": false, "allow_all_act_msg": false, "geo_enabled": true, "verified": false, "verified_type": -1, "remark": "", "insecurity": {"sexual_content": false}, "ptype": 0, "allow_all_comment": true, "avatar_large": "https://tvax2.sinaimg.cn/crop.0.0.996.996.180/006anioCly8g4g5xyivx7j30ro0roacl.jpg?KID=imgbed,tva&Expires=1674053599&ssig=S4WGdSeAg7", "avatar_hd": "https://tvax2.sinaimg.cn/crop.0.0.996.996.1024/006anioCly8g4g5xyivx7j30ro0roacl.jpg?KID=imgbed,tva&Expires=1674053599&ssig=JrhwQXQC8W", "verified_reason": "", "verified_trade": "", "verified_reason_url": "", "verified_source": "", "verified_source_url": "", "follow_me": false, "like": false, "like_me": false, "online_status": 0, "bi_followers_count": 2, "lang": "zh-cn", "star": 0, "mbtype": 0, "mbrank": 0, "svip": 0, "mb_expire_time": 0, "block_word": 0, "block_app": 0, "chaohua_ability": 0, "brand_ability": 0, "nft_ability": 0, "vplus_ability": 0, "wenda_ability": 0, "live_ability": 0, "gongyi_ability": 0, "paycolumn_ability": 0, "newbrand_ability": 0, "ecommerce_ability": 0, "hardfan_ability": 0, "wbcolumn_ability": 0, "credit_score": 80, "user_ability": 2097152, "urank": 4, "story_read_state": -1, "vclub_member": 0, "is_teenager": 0, "is_guardian": 0, "is_teenager_list": 0, "pc_new": 0, "special_follow": false, "planet_video": 0, "video_mark": 0, "live_status": 0, "user_ability_extend": 0, "status_total_counter": {"total_cnt": 30, "repost_cnt": 2, "comment_cnt": 4, "like_cnt": 24, "comment_like_cnt": 0}, "video_total_counter": {"play_cnt": -1}, "brand_account": 0, "hongbaofei": 0, "tab_manage": "[0, 0]", "reward_status": 0, "green_mode": 0, "urisk": 0, "unfollowing_recom_switch": 1, "avatar_type": 0}, "mid": "4844500930794556", "idstr": "4844500930794556", "status": {"visible": {"type": 0, "list_id": 0}, "created_at": "Thu Dec 08 16:16:55 +0800 2022", "id": 4844437697991203, "idstr": "4844437697991203", "mid": "4844437697991203", "can_edit": false, "version": 1, "show_additional_indication": 0, "text": "#教资笔试成绩12月9日可查#  大数据让你刷到我，就是为了告诉你你教资能过！！！赞接70+，科科都合格！！！ http://t.cn/A6K6F15W ​", "textLength": 121, "source_allowclick": 0, "source_type": 2, "source": "", "favorited": false, "truncated": false, "in_reply_to_status_id": "", "in_reply_to_user_id": "", "in_reply_to_screen_name": "", "pic_urls": [], "geo": null, "is_paid": false, "mblog_vip_type": 0, "user": {"id": 5591485683, "idstr": "5591485683", "class": 1, "screen_name": "姜姜是个小叮当", "name": "姜姜是个小叮当", "province": "11", "city": "1000", "location": "北京", "description": "教师资格证考试的搬运工", "url": "", "profile_image_url": "https://tvax2.sinaimg.cn/crop.0.0.1080.1080.50/0066piQXly8gwxcrsd647j30u00u0770.jpg?KID=imgbed,tva&Expires=1674053599&ssig=PyJ8QOp43v", "light_ring": false, "cover_image_phone": "https://ww2.sinaimg.cn/crop.0.0.640.640.640/0066piQXjw1f9kgaxj0i9j30e80e80t3.jpg;https://ww3.sinaimg.cn/crop.0.0.640.640.640/0066piQXjw1f8wlhsmknbj30yi0yiadv.jpg;https://ww1.sinaimg.cn/crop.0.0.640.640.640/0066piQXjw1f9kg8igt5uj30e80e8wfn.jpg;https://ww4.sinaimg.cn/crop.0.0.640.640.640/6ce2240djw1e8iktk4ohij20hs0hsmz6.jpg;https://ww1.sinaimg.cn/crop.0.0.640.640.640/0066piQXjw1f5oin26h15j30yi0yiagh.jpg", "profile_url": "u/5591485683", "domain": "", "weihao": "", "gender": "f", "followers_count": 3863630, "followers_count_str": "386.4万", "friends_count": 464, "pagefriends_count": 41, "statuses_count": 19290, "video_status_count": 1322, "video_play_count": 0, "super_topic_not_syn_count": 0, "favourites_count": 93, "created_at": "Sun Apr 19 17:59:11 +0800 2015", "following": false, "allow_all_act_msg": false, "geo_enabled": true, "verified": true, "verified_type": 0, "remark": "", "insecurity": {"sexual_content": false}, "ptype": 0, "allow_all_comment": true, "avatar_large": "https://tvax2.sinaimg.cn/crop.0.0.1080.1080.180/0066piQXly8gwxcrsd647j30u00u0770.jpg?KID=imgbed,tva&Expires=1674053599&ssig=4NsuX1Pxin", "avatar_hd": "https://tvax2.sinaimg.cn/crop.0.0.1080.1080.1024/0066piQXly8gwxcrsd647j30u00u0770.jpg?KID=imgbed,tva&Expires=1674053599&ssig=x%2F%2Bk00AdYe", "verified_reason": "头条文章作者", "verified_trade": "1203", "verified_reason_url": "", "verified_source": "", "verified_source_url": "", "verified_state": 0, "verified_level": 3, "verified_type_ext": 1, "has_service_tel": false, "verified_reason_modified": "", "verified_contact_name": "", "verified_contact_email": "", "verified_contact_mobile": "", "follow_me": false, "like": false, "like_me": false, "online_status": 0, "bi_followers_count": 89, "lang": "zh-cn", "star": 0, "mbtype": 12, "mbrank": 7, "svip": 0, "mb_expire_time": 1675699200, "block_word": 0, "block_app": 1, "chaohua_ability": 0, "brand_ability": 0, "nft_ability": 0, "vplus_ability": 1, "wenda_ability": 1, "live_ability": 1, "gongyi_ability": 0, "paycolumn_ability": 3, "newbrand_ability": 0, "ecommerce_ability": 0, "hardfan_ability": 1, "wbcolumn_ability": 0, "credit_score": 80, "user_ability": -2135553508, "cardid": "star_1621", "avatargj_id": "gj_vip_758", "urank": 46, "story_read_state": -1, "verified_detail": {"custom": 0, "data": [{"key": 4, "sub_key": 9, "weight": 999, "desc": "头条文章作者"}]}, "vclub_member": 0, "is_teenager": 0, "is_guardian": 0, "is_teenager_list": 1, "pc_new": 7, "special_follow": false, "planet_video": 2, "video_mark": 15, "live_status": 0, "user_ability_extend": 1, "status_total_counter": {"total_cnt": 20576791, "repost_cnt": 2077541, "comment_cnt": 5988133, "like_cnt": 10287703, "comment_like_cnt": 2223414}, "video_total_counter": {"play_cnt": 156899527}, "brand_account": 0, "hongbaofei": 0, "tab_manage": "[0, 0]", "reward_status": 0, "green_mode": 0, "urisk": 0, "unfollowing_recom_switch": 1, "avatar_type": 0}, "annotations": [{}, {}, {"client_mblogid": "iPhone-BFBD92A7-FDA5-4EA9-8819-FDD93669C743"}, {"mapi_request": true}], "reposts_count": 0, "comments_count": 0, "reprint_cmt_count": 0, "attitudes_count": 0, "pending_approval_count": 0, "isLongText": false, "reward_exhibition_type": 0, "hide_flag": 0, "mlevel": 0, "show_mlevel": 0, "biz_ids": [230444], "biz_feature": 4294967304, "page_type": 64, "hasActionTypeCard": 0, "darwin_tags": [], "hot_weibo_tags": [], "text_tag_tips": [], "mblogtype": 0, "userType": 0, "more_info_type": 0, "cardid": "star_1621", "number_display_strategy": {"apply_scenario_flag": 3, "display_text_min_number": 1000000, "display_text": "100万+"}, "positive_recom_flag": 0, "content_auth": 0, "gif_ids": "", "is_show_bulletin": 2, "comment_manage_info": {"comment_permission_type": -1, "approval_comment_type": 0, "comment_sort_type": 0, "ai_play_picture_type": 0}, "pic_num": 0, "fid": 4844419584098590, "can_reprint": false, "new_comment_style": 0}, "readtimetype": "comment", "match_ai_play_picture": false}