{"created_at": "Sat Jul 30 12:27:39 +0800 2022", "id": 4796907190226734, "rootid": 4796907190226734, "rootidstr": "4796907190226734", "floor_number": 15, "text": "能直呼他爹是贪官，没人觉得是反串吗？", "disable_reply": 0, "restrictOperate": 0, "source_allowclick": 0, "source_type": 4, "source": "<a href=\"\" rel=\"nofollow\">来自重庆</a>", "user": {"id": 6457039843, "idstr": "6457039843", "class": 1, "screen_name": "色米子23115FF", "name": "色米子23115FF", "province": "50", "city": "1000", "location": "重庆", "description": "玻色子&费米子", "url": "", "profile_image_url": "https://tvax4.sinaimg.cn/crop.0.0.607.607.50/0072Z51Vly8h7px2ofx3gj30gv0gvtad.jpg?KID=imgbed,tva&Expires=1674109078&ssig=t7BRgKM%2B8J", "light_ring": false, "cover_image_phone": "https://ww1.sinaimg.cn/crop.0.0.640.640.640/9d44112bjw1f1xl1c10tuj20hs0hs0tw.jpg", "profile_url": "u/6457039843", "domain": "", "weihao": "", "gender": "m", "followers_count": 597, "followers_count_str": "597", "friends_count": 391, "pagefriends_count": 1, "statuses_count": 850, "video_status_count": 1, "video_play_count": 0, "super_topic_not_syn_count": 0, "favourites_count": 823, "created_at": "Wed Jan 10 17:17:09 +0800 2018", "following": false, "allow_all_act_msg": false, "geo_enabled": true, "verified": false, "verified_type": -1, "remark": "", "insecurity": {"sexual_content": false}, "ptype": 0, "allow_all_comment": true, "avatar_large": "https://tvax4.sinaimg.cn/crop.0.0.607.607.180/0072Z51Vly8h7px2ofx3gj30gv0gvtad.jpg?KID=imgbed,tva&Expires=1674109078&ssig=Cm7h8WjEAX", "avatar_hd": "https://tvax4.sinaimg.cn/crop.0.0.607.607.1024/0072Z51Vly8h7px2ofx3gj30gv0gvtad.jpg?KID=imgbed,tva&Expires=1674109078&ssig=1Gqg76JQT8", "verified_reason": "", "verified_trade": "", "verified_reason_url": "", "verified_source": "", "verified_source_url": "", "follow_me": false, "like": false, "like_me": false, "online_status": 0, "bi_followers_count": 12, "lang": "zh-cn", "star": 0, "mbtype": 2, "mbrank": 4, "svip": 0, "mb_expire_time": 1583596799, "block_word": 0, "block_app": 0, "chaohua_ability": 0, "brand_ability": 0, "nft_ability": 0, "vplus_ability": 0, "wenda_ability": 0, "live_ability": 0, "gongyi_ability": 0, "paycolumn_ability": 0, "newbrand_ability": 0, "ecommerce_ability": 0, "hardfan_ability": 0, "wbcolumn_ability": 0, "credit_score": 80, "user_ability": 10747904, "urank": 9, "story_read_state": -1, "vclub_member": 0, "is_teenager": 0, "is_guardian": 0, "is_teenager_list": 0, "pc_new": 0, "special_follow": false, "planet_video": 2, "video_mark": 2, "live_status": 0, "user_ability_extend": 0, "status_total_counter": {"total_cnt": 2584, "repost_cnt": 819, "comment_cnt": 572, "like_cnt": 708, "comment_like_cnt": 485}, "video_total_counter": {"play_cnt": 147}, "brand_account": 0, "hongbaofei": 0, "tab_manage": "[0, 0]", "reward_status": 0, "green_mode": 0, "urisk": 17179869184, "unfollowing_recom_switch": 1, "avatar_type": 0}, "mid": "4796907190226734", "idstr": "4796907190226734", "status": {"visible": {"type": 0, "list_id": 0}, "created_at": "Sat Jul 30 12:19:27 +0800 2022", "id": 4796905126627426, "idstr": "4796905126627426", "mid": "4796905126627426", "can_edit": false, "version": 3, "show_additional_indication": 0, "text": "#韩沐恩# 2022最佳报告文学！\n\n上热搜了！真是人民的好儿子……[笑哈哈][笑哈哈] ​", "textLength": 75, "source_allowclick": 0, "source_type": 2, "source": "<a href=\"http://weibo.com/\" rel=\"nofollow\">iPhone 13 Pro Max</a>", "favorited": false, "truncated": false, "in_reply_to_status_id": "", "in_reply_to_user_id": "", "in_reply_to_screen_name": "", "pic_urls": [{"thumbnail_pic": "http://wx3.sinaimg.cn/thumbnail/6efc8f71ly1h4ou1n6js1j20sg09a3zc.jpg"}], "thumbnail_pic": "http://wx3.sinaimg.cn/thumbnail/6efc8f71ly1h4ou1n6js1j20sg09a3zc.jpg", "bmiddle_pic": "http://wx3.sinaimg.cn/bmiddle/6efc8f71ly1h4ou1n6js1j20sg09a3zc.jpg", "original_pic": "http://wx3.sinaimg.cn/large/6efc8f71ly1h4ou1n6js1j20sg09a3zc.jpg", "geo": null, "is_paid": false, "mblog_vip_type": 0, "user": {"id": 1862045553, "idstr": "1862045553", "class": 1, "screen_name": "张彦仕财经世界", "name": "张彦仕财经世界", "province": "44", "city": "1000", "location": "广东", "description": "12年老韭菜，金钱永不眠！不做任何个股推荐，谨防受骗！金融圈吃瓜中心…", "url": "http://zhangyixuan888.qzone.qq.com/", "profile_image_url": "https://tvax1.sinaimg.cn/crop.0.0.1080.1080.50/6efc8f71ly8h78p5hqk0fj20u00u0q3e.jpg?KID=imgbed,tva&Expires=1674109078&ssig=2yMA2VHxHY", "light_ring": false, "cover_image_phone": "https://wx1.sinaimg.cn/crop.0.0.640.640.640/6efc8f71gy1h3cldzsg94j20sf0sfjuq.jpg", "profile_url": "208293999", "domain": "zhangyixuan888", "weihao": "208293999", "gender": "m", "followers_count": 318533, "followers_count_str": "31.9万", "friends_count": 421, "pagefriends_count": 6, "statuses_count": 3189, "video_status_count": 42, "video_play_count": 0, "super_topic_not_syn_count": 6, "favourites_count": 292, "created_at": "Sun Nov 14 02:01:20 +0800 2010", "following": false, "allow_all_act_msg": true, "geo_enabled": true, "verified": true, "verified_type": 0, "remark": "", "insecurity": {"sexual_content": false}, "ptype": 0, "allow_all_comment": true, "avatar_large": "https://tvax1.sinaimg.cn/crop.0.0.1080.1080.180/6efc8f71ly8h78p5hqk0fj20u00u0q3e.jpg?KID=imgbed,tva&Expires=1674109078&ssig=kBxV5wrSH%2B", "avatar_hd": "https://tvax1.sinaimg.cn/crop.0.0.1080.1080.1024/6efc8f71ly8h78p5hqk0fj20u00u0q3e.jpg?KID=imgbed,tva&Expires=1674109078&ssig=Akwl04xa38", "verified_reason": "财经知识分享官", "verified_trade": "1924", "verified_reason_url": "", "verified_source": "", "verified_source_url": "", "verified_state": 0, "verified_level": 3, "verified_type_ext": 1, "has_service_tel": false, "verified_reason_modified": "", "verified_contact_name": "", "verified_contact_email": "", "verified_contact_mobile": "", "follow_me": false, "like": false, "like_me": false, "online_status": 0, "bi_followers_count": 201, "lang": "zh-cn", "star": 0, "mbtype": 12, "mbrank": 7, "svip": 0, "mb_expire_time": 1700496000, "block_word": 0, "block_app": 1, "chaohua_ability": 0, "brand_ability": 0, "nft_ability": 0, "vplus_ability": 1, "wenda_ability": 0, "live_ability": 1, "gongyi_ability": 0, "paycolumn_ability": 0, "newbrand_ability": 0, "ecommerce_ability": 0, "hardfan_ability": 1, "wbcolumn_ability": 0, "ability_tags": "经济政策,投资,基金", "credit_score": 80, "user_ability": -2136604152, "cardid": "star_1600", "urank": 36, "story_read_state": -1, "verified_detail": {"custom": 0, "data": [{"key": 1, "sub_key": 0, "weight": 10, "desc": "财经知识分享官", "timestamp": 0}]}, "vclub_member": 0, "is_teenager": 0, "is_guardian": 0, "is_teenager_list": 0, "pc_new": 6, "special_follow": false, "planet_video": 2, "video_mark": 0, "live_status": 0, "user_ability_extend": 1, "status_total_counter": {"total_cnt": 893794, "repost_cnt": 53121, "comment_cnt": 203075, "like_cnt": 383297, "comment_like_cnt": 254301}, "video_total_counter": {"play_cnt": 3011096}, "brand_account": 0, "hongbaofei": 0, "tab_manage": "[0, 0]", "reward_status": 0, "green_mode": 0, "urisk": 0, "unfollowing_recom_switch": 1, "avatar_type": 0}, "annotations": [{"photo_sub_type": "0"}, {"ann_ext": "ann_ext:search|t:3|creator_source:bottomsendweibo"}, {"client_mblogid": "iPhone-722580F2-AD82-46F7-8471-A497FDE4E601"}, {"mapi_request": true}], "picStatus": "0:1", "reposts_count": 0, "comments_count": 0, "reprint_cmt_count": 0, "attitudes_count": 0, "pending_approval_count": 0, "isLongText": false, "reward_exhibition_type": 0, "hide_flag": 0, "mlevel": 128, "show_mlevel": 0, "biz_feature": 4294967300, "page_type": 64, "hasActionTypeCard": 0, "darwin_tags": [], "hot_weibo_tags": [], "text_tag_tips": [], "mblogtype": 0, "userType": 0, "mlevelSource": "monitor", "more_info_type": 0, "cardid": "star_1600", "number_display_strategy": {"apply_scenario_flag": 3, "display_text_min_number": 1000000, "display_text": "100万+"}, "positive_recom_flag": 0, "content_auth": 0, "gif_ids": "", "is_show_bulletin": 2, "comment_manage_info": {"comment_permission_type": -1, "approval_comment_type": 0, "comment_sort_type": 0, "ai_play_picture_type": 0}, "pic_num": 1, "can_reprint": false, "new_comment_style": 0}, "readtimetype": "comment", "match_ai_play_picture": false}