{"created_at": "Sun Jan 08 23:17:15 +0800 2023", "id": 4855777502436075, "rootid": 4855777502436075, "rootidstr": "4855777502436075", "floor_number": 2, "text": "心情美丽", "disable_reply": 0, "restrictOperate": 0, "source_allowclick": 0, "source_type": 4, "source": "<a href=\"\" rel=\"nofollow\">来自山东</a>", "comment_badge": [{"pic_url": "https://h5.sinaimg.cn/upload/114/962/2022/07/08/member_0_bigfan1_1.png", "name": "loyal_fans", "length": 1.33, "actionlog": {"act_code": "3671", "ext": "status:fans"}, "scheme": "https://kefu.weibo.com/faqdetail?id=20848", "new_icon": true}], "user": {"id": 6047065684, "idstr": "6047065684", "class": 1, "screen_name": "爱散步的麻雀", "name": "爱散步的麻雀", "province": "37", "city": "1000", "location": "山东", "description": "个头不大， 肚子不小， 优点不多， 事事不少", "url": "", "profile_image_url": "https://tva4.sinaimg.cn/crop.0.0.498.498.50/006BeS1ujw8f8w66yndduj30du0du3yx.jpg?KID=imgbed,tva&Expires=1673967804&ssig=ie4VC78YwJ", "light_ring": false, "cover_image_phone": "https://ww1.sinaimg.cn/crop.0.0.640.640.640/549d0121tw1egm1kjly3jj20hs0hsq4f.jpg", "profile_url": "u/6047065684", "domain": "", "weihao": "", "gender": "m", "followers_count": 70, "followers_count_str": "70", "friends_count": 26, "pagefriends_count": 1, "statuses_count": 252, "video_status_count": 9, "video_play_count": 0, "super_topic_not_syn_count": 0, "favourites_count": 2, "created_at": "Mon Oct 17 21:36:40 +0800 2016", "following": false, "allow_all_act_msg": false, "geo_enabled": true, "verified": false, "verified_type": -1, "remark": "", "insecurity": {"sexual_content": false}, "ptype": 0, "allow_all_comment": true, "avatar_large": "https://tva4.sinaimg.cn/crop.0.0.498.498.180/006BeS1ujw8f8w66yndduj30du0du3yx.jpg?KID=imgbed,tva&Expires=1673967804&ssig=N%2F4RjFgnvX", "avatar_hd": "https://tva4.sinaimg.cn/crop.0.0.498.498.1024/006BeS1ujw8f8w66yndduj30du0du3yx.jpg?KID=imgbed,tva&Expires=1673967804&ssig=dFwVl9OadZ", "verified_reason": "", "verified_trade": "", "verified_reason_url": "", "verified_source": "", "verified_source_url": "", "follow_me": false, "like": false, "like_me": false, "online_status": 0, "bi_followers_count": 1, "lang": "zh-cn", "star": 0, "mbtype": 0, "mbrank": 0, "svip": 0, "mb_expire_time": 0, "block_word": 0, "block_app": 0, "chaohua_ability": 0, "brand_ability": 0, "nft_ability": 0, "vplus_ability": 0, "wenda_ability": 0, "live_ability": 0, "gongyi_ability": 0, "paycolumn_ability": 0, "newbrand_ability": 0, "ecommerce_ability": 0, "hardfan_ability": 0, "wbcolumn_ability": 0, "credit_score": 80, "user_ability": 2359296, "urank": 9, "story_read_state": -1, "vclub_member": 0, "is_teenager": 0, "is_guardian": 0, "is_teenager_list": 0, "pc_new": 7, "special_follow": false, "planet_video": 2, "video_mark": 0, "live_status": 0, "user_ability_extend": 0, "status_total_counter": {"total_cnt": 64, "repost_cnt": 6, "comment_cnt": 3, "like_cnt": 55, "comment_like_cnt": 0}, "video_total_counter": {"play_cnt": 113}, "brand_account": 0, "hongbaofei": 0, "tab_manage": "[0, 0]", "reward_status": 0, "green_mode": 0, "urisk": 0, "avatar_type": 0}, "mid": "4855777502436075", "idstr": "4855777502436075", "status": {"visible": {"type": 0, "list_id": 0}, "created_at": "Sun Jan 08 17:35:44 +0800 2023", "id": 4855691561140411, "idstr": "4855691561140411", "mid": "4855691561140411", "can_edit": false, "version": 4, "show_additional_indication": 0, "text": "#直播看香港与内地恢复通关首日##香港与内地有序恢复人员正常往来#\n\n 【喜迎两地通关，我们等到了！】\n\n我相信从昨晚到今晨，很多人和我心情一样激动，为了通关这一天，大家等的太久了！\n\n我从电视上看到，第一批往返香港和内地的旅客，脸上都洋溢激动的表情，接收采访时都格外开心。据说港珠澳大桥穿 ​", "textLength": 779, "source_allowclick": 1, "source_type": 2, "source": "", "favorited": false, "truncated": false, "in_reply_to_status_id": "", "in_reply_to_user_id": "", "in_reply_to_screen_name": "", "pic_urls": [{"thumbnail_pic": "http://wx4.sinaimg.cn/thumbnail/007T4OoYly1h9wdkxpy2tj31ee0phte6.jpg"}, {"thumbnail_pic": "http://wx3.sinaimg.cn/thumbnail/007T4OoYly1h9wdky2tvnj31fy0rqwml.jpg"}, {"thumbnail_pic": "http://wx2.sinaimg.cn/thumbnail/007T4OoYly1h9wdkys8f5j31cf0lcjx1.jpg"}, {"thumbnail_pic": "http://wx4.sinaimg.cn/thumbnail/007T4OoYly1h9wdkz4p1sj31350ledl2.jpg"}, {"thumbnail_pic": "http://wx2.sinaimg.cn/thumbnail/007T4OoYly1h9wdkzgokqj31520p4wlg.jpg"}, {"thumbnail_pic": "http://wx1.sinaimg.cn/thumbnail/007T4OoYly1h9wdkzqhrcj30sg0kcwix.jpg"}], "thumbnail_pic": "http://wx4.sinaimg.cn/thumbnail/007T4OoYly1h9wdkxpy2tj31ee0phte6.jpg", "bmiddle_pic": "http://wx4.sinaimg.cn/bmiddle/007T4OoYly1h9wdkxpy2tj31ee0phte6.jpg", "original_pic": "http://wx4.sinaimg.cn/large/007T4OoYly1h9wdkxpy2tj31ee0phte6.jpg", "geo": null, "is_paid": false, "mblog_vip_type": 0, "user": {"id": 7226775364, "idstr": "7226775364", "class": 1, "screen_name": "洪明基", "name": "洪明基", "province": "11", "city": "1", "location": "北京 东城区", "description": "合兴集团控股有限公司行政总裁", "url": "", "profile_image_url": "https://tvax3.sinaimg.cn/crop.0.0.1080.1080.50/007T4OoYly8ganar7mbf1j30u00u00u3.jpg?KID=imgbed,tva&Expires=1673967804&ssig=Mg12S%2B%2FeM8", "light_ring": false, "cover_image_phone": "https://ww1.sinaimg.cn/crop.0.0.640.640.640/9d44112bjw1f1xl1c10tuj20hs0hs0tw.jpg", "profile_url": "hongmingji", "domain": "hongmingji", "weihao": "", "gender": "m", "followers_count": 1950079, "followers_count_str": "195万", "friends_count": 158, "pagefriends_count": 12, "statuses_count": 2242, "video_status_count": 803, "video_play_count": 0, "super_topic_not_syn_count": 0, "favourites_count": 1, "created_at": "Tue Jul 09 14:39:27 +0800 2019", "following": false, "allow_all_act_msg": false, "geo_enabled": true, "verified": true, "verified_type": 0, "remark": "", "insecurity": {"sexual_content": false}, "ptype": 0, "allow_all_comment": true, "avatar_large": "https://tvax3.sinaimg.cn/crop.0.0.1080.1080.180/007T4OoYly8ganar7mbf1j30u00u00u3.jpg?KID=imgbed,tva&Expires=1673967804&ssig=TBOkyYrj9z", "avatar_hd": "https://tvax3.sinaimg.cn/crop.0.0.1080.1080.1024/007T4OoYly8ganar7mbf1j30u00u00u3.jpg?KID=imgbed,tva&Expires=1673967804&ssig=MEG1fFnzM0", "verified_reason": "全国政协委员、中国餐饮30年杰出人物、中国青年创业导师", "verified_trade": "", "verified_reason_url": "", "verified_source": "", "verified_source_url": "", "verified_state": 0, "verified_level": 3, "verified_type_ext": 0, "has_service_tel": false, "verified_reason_modified": "", "verified_contact_name": "", "verified_contact_email": "", "verified_contact_mobile": "", "follow_me": false, "like": false, "like_me": false, "online_status": 0, "bi_followers_count": 46, "lang": "zh-cn", "star": 0, "mbtype": 12, "mbrank": 6, "svip": 0, "mb_expire_time": 1690300800, "block_word": 0, "block_app": 1, "chaohua_ability": 0, "brand_ability": 0, "nft_ability": 0, "vplus_ability": 0, "wenda_ability": 0, "live_ability": 0, "gongyi_ability": 0, "paycolumn_ability": 0, "newbrand_ability": 0, "ecommerce_ability": 0, "hardfan_ability": 0, "wbcolumn_ability": 0, "credit_score": 80, "user_ability": 10748424, "cardid": "star_1624", "avatargj_id": "gj_vip_502", "urank": 9, "story_read_state": -1, "verified_detail": {"custom": 0, "data": [{"key": 1, "sub_key": 0, "weight": 100, "desc": "全国政协委员、中国餐饮30年杰出人物、中国青年创业导师", "timestamp": 0, "verify_extend": {"real_name_verified": "1"}}]}, "vclub_member": 0, "is_teenager": 0, "is_guardian": 0, "is_teenager_list": 0, "pc_new": 6, "special_follow": false, "planet_video": 2, "video_mark": 15, "live_status": 0, "user_ability_extend": 1, "status_total_counter": {"total_cnt": 784574, "repost_cnt": 152268, "comment_cnt": 94616, "like_cnt": 506279, "comment_like_cnt": 31411}, "video_total_counter": {"play_cnt": 55783788}, "brand_account": 0, "hongbaofei": 0, "tab_manage": "[0, 0]", "reward_status": 0, "green_mode": 0, "urisk": 0, "avatar_type": 0}, "annotations": [{"photo_sub_type": "0,0,0,0,0,0"}, {}, {"client_mblogid": "060cd451-a9fb-46c1-b7ef-a3173c68e532"}, {"mapi_request": true}], "picStatus": "0:1,1:1,2:1,3:1,4:1,5:1", "reposts_count": 0, "comments_count": 0, "reprint_cmt_count": 0, "attitudes_count": 0, "pending_approval_count": 0, "isLongText": true, "reward_exhibition_type": 0, "hide_flag": 0, "mlevel": 0, "show_mlevel": 0, "biz_feature": 4294967300, "page_type": 64, "hasActionTypeCard": 0, "darwin_tags": [], "hot_weibo_tags": [], "text_tag_tips": [], "mblogtype": 0, "userType": 0, "more_info_type": 0, "cardid": "star_1624", "number_display_strategy": {"apply_scenario_flag": 3, "display_text_min_number": 1000000, "display_text": "100万+"}, "positive_recom_flag": 0, "content_auth": 0, "gif_ids": "", "is_show_bulletin": 2, "comment_manage_info": {"comment_permission_type": -1, "approval_comment_type": 0, "comment_sort_type": 0, "ai_play_picture_type": 0}, "pic_num": 6, "can_reprint": false, "new_comment_style": 0}, "readtimetype": "comment", "match_ai_play_picture": false}