{"created_at": "Thu Dec 22 15:32:05 +0800 2022", "id": 4849499845171924, "rootid": 4845943441326862, "rootidstr": "4845943441326862", "floor_number": 0, "text": "回复@番茄加蛋不用炒:做核酸风险就很大了  到考试发烧就真的完了", "disable_reply": 0, "restrictOperate": 0, "source_allowclick": 0, "source_type": 4, "source": "<a href=\"\" rel=\"nofollow\">来自山西</a>", "user": {"id": 5644325695, "idstr": "5644325695", "class": 1, "screen_name": "樊振东意中人", "name": "樊振东意中人", "province": "14", "city": "8", "location": "山西 运城", "description": "honey", "url": "", "profile_image_url": "https://tvax3.sinaimg.cn/crop.0.0.1080.1080.50/0069Z0Xdly8h49zupvgzij30u00u0gne.jpg?KID=imgbed,tva&Expires=1674062329&ssig=qLGlVvmQzc", "light_ring": false, "cover_image_phone": "https://ww1.sinaimg.cn/crop.0.0.640.640.640/549d0121tw1egm1kjly3jj20hs0hsq4f.jpg", "profile_url": "u/5644325695", "domain": "", "weihao": "", "gender": "f", "followers_count": 79, "followers_count_str": "79", "friends_count": 133, "pagefriends_count": 6, "statuses_count": 10, "video_status_count": 1, "video_play_count": 0, "super_topic_not_syn_count": 2, "favourites_count": 282, "created_at": "Wed Jul 01 14:54:26 +0800 2015", "following": false, "allow_all_act_msg": false, "geo_enabled": true, "verified": false, "verified_type": -1, "remark": "", "insecurity": {"sexual_content": false}, "ptype": 0, "allow_all_comment": false, "avatar_large": "https://tvax3.sinaimg.cn/crop.0.0.1080.1080.180/0069Z0Xdly8h49zupvgzij30u00u0gne.jpg?KID=imgbed,tva&Expires=1674062329&ssig=FDYM5s2XuH", "avatar_hd": "https://tvax3.sinaimg.cn/crop.0.0.1080.1080.1024/0069Z0Xdly8h49zupvgzij30u00u0gne.jpg?KID=imgbed,tva&Expires=1674062329&ssig=mAJWFVtAAt", "verified_reason": "", "verified_trade": "", "verified_reason_url": "", "verified_source": "", "verified_source_url": "", "follow_me": false, "like": false, "like_me": false, "online_status": 0, "bi_followers_count": 27, "lang": "zh-cn", "star": 0, "mbtype": 2, "mbrank": 1, "svip": 0, "mb_expire_time": 1639411199, "block_word": 0, "block_app": 0, "chaohua_ability": 0, "brand_ability": 0, "nft_ability": 0, "vplus_ability": 0, "wenda_ability": 0, "live_ability": 0, "gongyi_ability": 0, "paycolumn_ability": 0, "newbrand_ability": 0, "ecommerce_ability": 0, "hardfan_ability": 0, "wbcolumn_ability": 0, "credit_score": 80, "user_ability": 2360320, "urank": 14, "story_read_state": -1, "vclub_member": 0, "is_teenager": 0, "is_guardian": 0, "is_teenager_list": 0, "pc_new": 7, "special_follow": false, "planet_video": 2, "video_mark": 0, "live_status": 0, "user_ability_extend": 0, "status_total_counter": {"total_cnt": 29, "repost_cnt": 0, "comment_cnt": 8, "like_cnt": 20, "comment_like_cnt": 1}, "video_total_counter": {"play_cnt": 3811}, "brand_account": 0, "hongbaofei": 0, "tab_manage": "[66186, 0]", "reward_status": 0, "green_mode": 0, "urisk": 0, "unfollowing_recom_switch": 1, "avatar_type": 0}, "mid": "4849499845171924", "idstr": "4849499845171924", "status": {"visible": {"type": 0, "list_id": 0}, "created_at": "Mon Dec 12 19:59:20 +0800 2022", "id": 4845943222706187, "idstr": "4845943222706187", "mid": "4845943222706187", "can_edit": false, "show_additional_indication": 0, "text": "#北京确保研究生招生考试如期举行#\n阳了去考试是真难受。这是可以肯定的[允悲]\n要是阳着还能考出好成绩，那真的是绝绝子！\n反正知道的身边阳了的都很难受[允悲] ​", "textLength": 149, "source_allowclick": 0, "source_type": 1, "source": "<a href=\"http://app.weibo.com/t/feed/58FkdM\" rel=\"nofollow\">iPhone 14 Pro Max</a>", "favorited": false, "truncated": false, "in_reply_to_status_id": "", "in_reply_to_user_id": "", "in_reply_to_screen_name": "", "pic_urls": [], "geo": null, "is_paid": false, "mblog_vip_type": 0, "user": {"id": 1742944894, "idstr": "1742944894", "class": 1, "screen_name": "何凯文", "name": "何凯文", "province": "11", "city": "1000", "location": "北京", "description": "将激情和实力完美演绎的考研名师", "url": "", "profile_image_url": "https://tva3.sinaimg.cn/crop.0.0.180.180.50/67e33a7ejw1e8qgp5bmzyj2050050aa8.jpg?KID=imgbed,tva&Expires=1674062329&ssig=DHXFPawEnI", "light_ring": false, "cover_image_phone": "https://ww1.sinaimg.cn/crop.0.0.640.640.640/549d0121tw1egm1kjly3jj20hs0hsq4f.jpg", "profile_url": "godlovekevin", "domain": "godlovekevin", "weihao": "", "gender": "m", "followers_count": 9788167, "followers_count_str": "978.8万", "friends_count": 30, "pagefriends_count": 12, "statuses_count": 13184, "video_status_count": 1704, "video_play_count": 0, "super_topic_not_syn_count": 0, "favourites_count": 111, "created_at": "Fri Jun 25 14:27:46 +0800 2010", "following": false, "allow_all_act_msg": true, "geo_enabled": false, "verified": true, "verified_type": 0, "remark": "", "insecurity": {"sexual_content": false}, "ptype": 8, "allow_all_comment": true, "avatar_large": "https://tva3.sinaimg.cn/crop.0.0.180.180.180/67e33a7ejw1e8qgp5bmzyj2050050aa8.jpg?KID=imgbed,tva&Expires=1674062329&ssig=CrRiwVGKx0", "avatar_hd": "https://tva3.sinaimg.cn/crop.0.0.180.180.1024/67e33a7ejw1e8qgp5bmzyj2050050aa8.jpg?KID=imgbed,tva&Expires=1674062329&ssig=gzFwZZ1ltO", "verified_reason": "文都考研英语首席主讲名师", "verified_trade": "1039", "verified_reason_url": "", "verified_source": "", "verified_source_url": "", "verified_state": 0, "verified_level": 3, "verified_type_ext": 1, "has_service_tel": false, "verified_reason_modified": "", "verified_contact_name": "", "verified_contact_email": "", "verified_contact_mobile": "", "follow_me": false, "like": false, "like_me": false, "online_status": 0, "bi_followers_count": 13, "lang": "zh-cn", "star": 0, "mbtype": 12, "mbrank": 9, "svip": 1, "mb_expire_time": 1707235200, "block_word": 1, "block_app": 1, "chaohua_ability": 0, "brand_ability": 0, "nft_ability": 0, "vplus_ability": 0, "wenda_ability": 1, "live_ability": 1, "gongyi_ability": 0, "paycolumn_ability": 0, "newbrand_ability": 0, "ecommerce_ability": 0, "hardfan_ability": 1, "wbcolumn_ability": 0, "ability_tags": "考研,美国留学", "credit_score": 80, "user_ability": -2135660004, "cardid": "star_1572", "avatargj_id": "gj_vip_717", "urank": 48, "story_read_state": -1, "verified_detail": {"custom": 1, "data": [{"key": 1, "sub_key": 0, "weight": 10, "desc": "文都考研英语首席主讲名师", "timestamp": 0}]}, "vclub_member": 0, "is_teenager": 0, "is_guardian": 0, "is_teenager_list": 1, "pc_new": 7, "special_follow": false, "planet_video": 2, "video_mark": 15, "live_status": 0, "user_ability_extend": 1, "status_total_counter": {"total_cnt": 32631925, "repost_cnt": 2483002, "comment_cnt": 6124468, "like_cnt": 19665298, "comment_like_cnt": 4359157}, "video_total_counter": {"play_cnt": 336054363}, "brand_account": 0, "hongbaofei": 0, "tab_manage": "[0, 0]", "reward_status": 0, "green_mode": 0, "urisk": 1073741824, "unfollowing_recom_switch": 1, "avatar_type": 0}, "annotations": [{"ann_ext": "ann_ext:search|t:30|q:#北京确保研究生招生考试如期举行#|creator_source:bottomsendweibo"}, {"shooting": 1, "client_mblogid": "iPhone-AB1EC0DD-7875-45AA-9703-BDB3E4608E1E"}, {"mapi_request": true}], "reposts_count": 0, "comments_count": 0, "reprint_cmt_count": 0, "attitudes_count": 0, "pending_approval_count": 0, "isLongText": false, "reward_exhibition_type": 0, "hide_flag": 0, "mlevel": 0, "show_mlevel": 0, "biz_feature": 0, "page_type": 64, "hasActionTypeCard": 0, "darwin_tags": [], "hot_weibo_tags": [], "text_tag_tips": [], "mblogtype": 0, "userType": 0, "more_info_type": 0, "cardid": "star_1572", "number_display_strategy": {"apply_scenario_flag": 3, "display_text_min_number": 1000000, "display_text": "100万+"}, "positive_recom_flag": 0, "content_auth": 0, "gif_ids": "", "is_show_bulletin": 2, "comment_manage_info": {"comment_permission_type": -1, "approval_comment_type": 0, "comment_sort_type": 0, "ai_play_picture_type": 0}, "pic_num": 0, "can_reprint": false, "new_comment_style": 0}, "reply_comment": {"created_at": "Mon Dec 12 22:22:36 +0800 2022", "id": 4845979276416477, "rootid": 4845943441326862, "rootidstr": "4845943441326862", "floor_number": 0, "text": "回复@日落枫宸:羊了会有三到五天潜伏期", "disable_reply": 0, "restrictOperate": 0, "user": {"id": 2521922777, "idstr": "2521922777", "class": 1, "screen_name": "番茄加蛋不用炒", "name": "番茄加蛋不用炒", "province": "13", "city": "1", "location": "河北 石家庄", "description": "", "url": "", "profile_image_url": "https://tvax4.sinaimg.cn/crop.0.0.996.996.50/96517cd9ly8gwicae1oyej20ro0ro0ta.jpg?KID=imgbed,tva&Expires=1674062329&ssig=A9OAFIvWkF", "light_ring": false, "cover_image_phone": "https://ww1.sinaimg.cn/crop.0.0.0.640.640/6ce2240djw1e9uwtyezgfj20hs0hstb7.jpg", "profile_url": "u/2521922777", "domain": "", "weihao": "", "gender": "f", "followers_count": 31, "followers_count_str": "31", "friends_count": 115, "pagefriends_count": 12, "statuses_count": 309, "video_status_count": 1, "video_play_count": 0, "super_topic_not_syn_count": 0, "favourites_count": 18, "created_at": "Sat Dec 10 11:01:26 +0800 2011", "following": false, "allow_all_act_msg": false, "geo_enabled": true, "verified": false, "verified_type": -1, "remark": "", "insecurity": {"sexual_content": false}, "ptype": 0, "allow_all_comment": true, "avatar_large": "https://tvax4.sinaimg.cn/crop.0.0.996.996.180/96517cd9ly8gwicae1oyej20ro0ro0ta.jpg?KID=imgbed,tva&Expires=1674062329&ssig=j9zbaaNP%2F5", "avatar_hd": "https://tvax4.sinaimg.cn/crop.0.0.996.996.1024/96517cd9ly8gwicae1oyej20ro0ro0ta.jpg?KID=imgbed,tva&Expires=1674062329&ssig=%2BKqlo5lHjO", "verified_reason": "", "verified_trade": "", "verified_reason_url": "", "verified_source": "", "verified_source_url": "", "follow_me": false, "like": false, "like_me": false, "online_status": 0, "bi_followers_count": 17, "lang": "zh-cn", "star": 0, "mbtype": 0, "mbrank": 0, "svip": 0, "mb_expire_time": 0, "block_word": 0, "block_app": 0, "chaohua_ability": 0, "brand_ability": 0, "nft_ability": 0, "vplus_ability": 0, "wenda_ability": 0, "live_ability": 0, "gongyi_ability": 0, "paycolumn_ability": 0, "newbrand_ability": 0, "ecommerce_ability": 0, "hardfan_ability": 0, "wbcolumn_ability": 0, "credit_score": 80, "user_ability": 35651584, "urank": 14, "story_read_state": -1, "vclub_member": 0, "is_teenager": 0, "is_guardian": 0, "is_teenager_list": 0, "pc_new": 0, "special_follow": false, "planet_video": 0, "video_mark": 0, "live_status": 0, "user_ability_extend": 0, "status_total_counter": {"total_cnt": 144, "repost_cnt": 2, "comment_cnt": 71, "like_cnt": 71, "comment_like_cnt": 0}, "video_total_counter": {"play_cnt": 12}, "brand_account": 0, "hongbaofei": 0, "tab_manage": "[0, 0]", "reward_status": 0, "green_mode": 0, "urisk": 0, "unfollowing_recom_switch": 1, "avatar_type": 0}, "mid": "4845979276416477", "idstr": "4845979276416477", "match_ai_play_picture": false}, "reply_original_text": "做核酸风险就很大了  到考试发烧就真的完了", "readtimetype": "comment", "match_ai_play_picture": false}