{"created_at": "Mon Dec 12 20:57:50 +0800 2022", "id": 4845957943925867, "rootid": 4845955289188391, "rootidstr": "4845955289188391", "floor_number": 0, "text": "回复@一两三四c:本该正常公平考试，阳了发烧头疼身体差点更厉害，该怎么考呢", "disable_reply": 0, "restrictOperate": 0, "source_allowclick": 0, "source_type": 4, "source": "<a href=\"\" rel=\"nofollow\">来自河南</a>", "comment_badge": [{"pic_url": "https://h5.sinaimg.cn/upload/114/962/2022/07/08/member_0_bigfan1_1.png", "name": "loyal_fans", "length": 1.33, "actionlog": {"act_code": "3671", "ext": "status:fans"}, "scheme": "https://kefu.weibo.com/faqdetail?id=20848", "new_icon": true}], "user": {"id": 6124379459, "idstr": "6124379459", "class": 1, "screen_name": "是小卫呀", "name": "是小卫呀", "province": "100", "city": "1000", "location": "其他", "description": "", "url": "", "profile_image_url": "https://tvax1.sinaimg.cn/crop.0.0.1056.1056.50/006GtgRRly8h91d3lo5gqj30tc0tcju2.jpg?KID=imgbed,tva&Expires=1674062504&ssig=nyFa2XSinI", "light_ring": false, "cover_image_phone": "https://ww1.sinaimg.cn/crop.0.0.640.640.640/549d0121tw1egm1kjly3jj20hs0hsq4f.jpg", "profile_url": "u/6124379459", "domain": "", "weihao": "", "gender": "m", "followers_count": 7, "followers_count_str": "7", "friends_count": 18, "pagefriends_count": 4, "statuses_count": 24, "video_status_count": 2, "video_play_count": 0, "super_topic_not_syn_count": 0, "favourites_count": 0, "created_at": "Fri Jan 27 20:04:06 +0800 2017", "following": false, "allow_all_act_msg": false, "geo_enabled": true, "verified": false, "verified_type": -1, "remark": "", "insecurity": {"sexual_content": false}, "ptype": 0, "allow_all_comment": true, "avatar_large": "https://tvax1.sinaimg.cn/crop.0.0.1056.1056.180/006GtgRRly8h91d3lo5gqj30tc0tcju2.jpg?KID=imgbed,tva&Expires=1674062504&ssig=TntfD759BA", "avatar_hd": "https://tvax1.sinaimg.cn/crop.0.0.1056.1056.1024/006GtgRRly8h91d3lo5gqj30tc0tcju2.jpg?KID=imgbed,tva&Expires=1674062504&ssig=Y0CEa7Q%2F4t", "verified_reason": "", "verified_trade": "", "verified_reason_url": "", "verified_source": "", "verified_source_url": "", "follow_me": false, "like": false, "like_me": false, "online_status": 0, "bi_followers_count": 2, "lang": "zh-cn", "star": 0, "mbtype": 0, "mbrank": 0, "svip": 0, "mb_expire_time": 0, "block_word": 0, "block_app": 0, "chaohua_ability": 0, "brand_ability": 0, "nft_ability": 0, "vplus_ability": 0, "wenda_ability": 0, "live_ability": 0, "gongyi_ability": 0, "paycolumn_ability": 0, "newbrand_ability": 0, "ecommerce_ability": 0, "hardfan_ability": 0, "wbcolumn_ability": 0, "credit_score": 80, "user_ability": 2359296, "urank": 4, "story_read_state": -1, "vclub_member": 0, "is_teenager": 0, "is_guardian": 0, "is_teenager_list": 0, "pc_new": 7, "special_follow": false, "planet_video": 2, "video_mark": 2, "live_status": 0, "user_ability_extend": 0, "status_total_counter": {"total_cnt": 47, "repost_cnt": 0, "comment_cnt": 20, "like_cnt": 26, "comment_like_cnt": 1}, "video_total_counter": {"play_cnt": 3920}, "brand_account": 0, "hongbaofei": 0, "tab_manage": "[0, 0]", "reward_status": 0, "green_mode": 0, "urisk": 0, "unfollowing_recom_switch": 1, "avatar_type": 0}, "mid": "4845957943925867", "idstr": "4845957943925867", "status": {"visible": {"type": 0, "list_id": 0}, "created_at": "Mon Dec 12 19:59:20 +0800 2022", "id": 4845943222706187, "idstr": "4845943222706187", "mid": "4845943222706187", "can_edit": false, "show_additional_indication": 0, "text": "#北京确保研究生招生考试如期举行#\n阳了去考试是真难受。这是可以肯定的[允悲]\n要是阳着还能考出好成绩，那真的是绝绝子！\n反正知道的身边阳了的都很难受[允悲] ​", "textLength": 149, "source_allowclick": 0, "source_type": 1, "source": "<a href=\"http://app.weibo.com/t/feed/58FkdM\" rel=\"nofollow\">iPhone 14 Pro Max</a>", "favorited": false, "truncated": false, "in_reply_to_status_id": "", "in_reply_to_user_id": "", "in_reply_to_screen_name": "", "pic_urls": [], "geo": null, "is_paid": false, "mblog_vip_type": 0, "user": {"id": 1742944894, "idstr": "1742944894", "class": 1, "screen_name": "何凯文", "name": "何凯文", "province": "11", "city": "1000", "location": "北京", "description": "将激情和实力完美演绎的考研名师", "url": "", "profile_image_url": "https://tva3.sinaimg.cn/crop.0.0.180.180.50/67e33a7ejw1e8qgp5bmzyj2050050aa8.jpg?KID=imgbed,tva&Expires=1674062504&ssig=1%2BNT7wCEkQ", "light_ring": false, "cover_image_phone": "https://ww1.sinaimg.cn/crop.0.0.640.640.640/549d0121tw1egm1kjly3jj20hs0hsq4f.jpg", "profile_url": "godlovekevin", "domain": "godlovekevin", "weihao": "", "gender": "m", "followers_count": 9788167, "followers_count_str": "978.8万", "friends_count": 30, "pagefriends_count": 12, "statuses_count": 13184, "video_status_count": 1704, "video_play_count": 0, "super_topic_not_syn_count": 0, "favourites_count": 111, "created_at": "Fri Jun 25 14:27:46 +0800 2010", "following": false, "allow_all_act_msg": true, "geo_enabled": false, "verified": true, "verified_type": 0, "remark": "", "insecurity": {"sexual_content": false}, "ptype": 8, "allow_all_comment": true, "avatar_large": "https://tva3.sinaimg.cn/crop.0.0.180.180.180/67e33a7ejw1e8qgp5bmzyj2050050aa8.jpg?KID=imgbed,tva&Expires=1674062504&ssig=gSuHWgwQK1", "avatar_hd": "https://tva3.sinaimg.cn/crop.0.0.180.180.1024/67e33a7ejw1e8qgp5bmzyj2050050aa8.jpg?KID=imgbed,tva&Expires=1674062504&ssig=GGhm0ASBq1", "verified_reason": "文都考研英语首席主讲名师", "verified_trade": "1039", "verified_reason_url": "", "verified_source": "", "verified_source_url": "", "verified_state": 0, "verified_level": 3, "verified_type_ext": 1, "has_service_tel": false, "verified_reason_modified": "", "verified_contact_name": "", "verified_contact_email": "", "verified_contact_mobile": "", "follow_me": false, "like": false, "like_me": false, "online_status": 0, "bi_followers_count": 13, "lang": "zh-cn", "star": 0, "mbtype": 12, "mbrank": 9, "svip": 1, "mb_expire_time": 1707235200, "block_word": 1, "block_app": 1, "chaohua_ability": 0, "brand_ability": 0, "nft_ability": 0, "vplus_ability": 0, "wenda_ability": 1, "live_ability": 1, "gongyi_ability": 0, "paycolumn_ability": 0, "newbrand_ability": 0, "ecommerce_ability": 0, "hardfan_ability": 1, "wbcolumn_ability": 0, "ability_tags": "考研,美国留学", "credit_score": 80, "user_ability": -2135660004, "cardid": "star_1572", "avatargj_id": "gj_vip_717", "urank": 48, "story_read_state": -1, "verified_detail": {"custom": 1, "data": [{"key": 1, "sub_key": 0, "weight": 10, "desc": "文都考研英语首席主讲名师", "timestamp": 0}]}, "vclub_member": 0, "is_teenager": 0, "is_guardian": 0, "is_teenager_list": 1, "pc_new": 7, "special_follow": false, "planet_video": 2, "video_mark": 15, "live_status": 0, "user_ability_extend": 1, "status_total_counter": {"total_cnt": 32631925, "repost_cnt": 2483002, "comment_cnt": 6124468, "like_cnt": 19665298, "comment_like_cnt": 4359157}, "video_total_counter": {"play_cnt": 336054363}, "brand_account": 0, "hongbaofei": 0, "tab_manage": "[0, 0]", "reward_status": 0, "green_mode": 0, "urisk": 1073741824, "unfollowing_recom_switch": 1, "avatar_type": 0}, "annotations": [{"ann_ext": "ann_ext:search|t:30|q:#北京确保研究生招生考试如期举行#|creator_source:bottomsendweibo"}, {"shooting": 1, "client_mblogid": "iPhone-AB1EC0DD-7875-45AA-9703-BDB3E4608E1E"}, {"mapi_request": true}], "reposts_count": 0, "comments_count": 0, "reprint_cmt_count": 0, "attitudes_count": 0, "pending_approval_count": 0, "isLongText": false, "reward_exhibition_type": 0, "hide_flag": 0, "mlevel": 0, "show_mlevel": 0, "biz_feature": 0, "page_type": 64, "hasActionTypeCard": 0, "darwin_tags": [], "hot_weibo_tags": [], "text_tag_tips": [], "mblogtype": 0, "userType": 0, "more_info_type": 0, "cardid": "star_1572", "number_display_strategy": {"apply_scenario_flag": 3, "display_text_min_number": 1000000, "display_text": "100万+"}, "positive_recom_flag": 0, "content_auth": 0, "gif_ids": "", "is_show_bulletin": 2, "comment_manage_info": {"comment_permission_type": -1, "approval_comment_type": 0, "comment_sort_type": 0, "ai_play_picture_type": 0}, "pic_num": 0, "can_reprint": false, "new_comment_style": 0}, "reply_comment": {"created_at": "Mon Dec 12 20:47:17 +0800 2022", "id": 4845955289188391, "rootid": 4845955289188391, "rootidstr": "4845955289188391", "floor_number": 48, "text": "阳不都阳嘛，提高自己的业务能力才是关键", "disable_reply": 0, "restrictOperate": 0, "user": {"id": 5701270355, "idstr": "5701270355", "class": 1, "screen_name": "一两三四c", "name": "一两三四c", "province": "42", "city": "1", "location": "湖北 武汉", "description": "世间万物有盛衰，人生安得长少年。", "url": "", "profile_image_url": "https://tvax2.sinaimg.cn/crop.0.0.750.750.50/006dPWRtly8h2b6f2yolhj30ku0kugnh.jpg?KID=imgbed,tva&Expires=1674062504&ssig=aWwWIhKLh1", "light_ring": false, "cover_image_phone": "https://wx2.sinaimg.cn/crop.0.0.640.640.640/006dPWRtly1h9zyuaornij30e80e8jso.jpg", "profile_url": "u/5701270355", "domain": "", "weihao": "", "gender": "m", "followers_count": 319, "followers_count_str": "319", "friends_count": 377, "pagefriends_count": 13, "statuses_count": 141, "video_status_count": 3, "video_play_count": 0, "super_topic_not_syn_count": 3, "favourites_count": 1, "created_at": "Wed Sep 30 17:43:10 +0800 2015", "following": false, "allow_all_act_msg": false, "geo_enabled": true, "verified": false, "verified_type": -1, "remark": "", "insecurity": {"sexual_content": false}, "ptype": 0, "allow_all_comment": true, "avatar_large": "https://tvax2.sinaimg.cn/crop.0.0.750.750.180/006dPWRtly8h2b6f2yolhj30ku0kugnh.jpg?KID=imgbed,tva&Expires=1674062504&ssig=d2WZrKf4NN", "avatar_hd": "https://tvax2.sinaimg.cn/crop.0.0.750.750.1024/006dPWRtly8h2b6f2yolhj30ku0kugnh.jpg?KID=imgbed,tva&Expires=1674062504&ssig=FuHq15cwzS", "verified_reason": "", "verified_trade": "", "verified_reason_url": "", "verified_source": "", "verified_source_url": "", "follow_me": false, "like": false, "like_me": false, "online_status": 0, "bi_followers_count": 31, "lang": "zh-cn", "star": 0, "mbtype": 11, "mbrank": 3, "svip": 0, "mb_expire_time": 1677168000, "block_word": 0, "block_app": 1, "chaohua_ability": 0, "brand_ability": 0, "nft_ability": 0, "vplus_ability": 0, "wenda_ability": 0, "live_ability": 0, "gongyi_ability": 0, "paycolumn_ability": 0, "newbrand_ability": 0, "ecommerce_ability": 0, "hardfan_ability": 0, "wbcolumn_ability": 0, "credit_score": 80, "user_ability": 35914752, "avatargj_id": "gj_vip_271", "urank": 9, "story_read_state": -1, "vclub_member": 0, "is_teenager": 0, "is_guardian": 0, "is_teenager_list": 0, "pc_new": 7, "special_follow": false, "planet_video": 2, "video_mark": 2, "live_status": 0, "user_ability_extend": 0, "status_total_counter": {"total_cnt": 719, "repost_cnt": 3, "comment_cnt": 307, "like_cnt": 404, "comment_like_cnt": 5}, "video_total_counter": {"play_cnt": 2015}, "brand_account": 0, "hongbaofei": 0, "tab_manage": "[0, 0]", "reward_status": 0, "green_mode": 0, "urisk": 0, "unfollowing_recom_switch": 1, "avatar_type": 0}, "mid": "4845955289188391", "idstr": "4845955289188391", "match_ai_play_picture": false}, "reply_original_text": "本该正常公平考试，阳了发烧头疼身体差点更厉害，该怎么考呢", "readtimetype": "comment", "match_ai_play_picture": false}