{"created_at": "Thu Dec 15 18:48:12 +0800 2022", "id": 4847012485010450, "rootid": 4845963833511825, "rootidstr": "4845963833511825", "floor_number": 0, "text": "回复@Rain的小窝20863:永远不要把dang中yang的政策落实说成拍拍脑袋想问题[微笑]", "disable_reply": 0, "restrictOperate": 0, "source_allowclick": 0, "source_type": 4, "source": "<a href=\"\" rel=\"nofollow\">来自安徽</a>", "user": {"id": 7377976184, "idstr": "7377976184", "class": 1, "screen_name": "-Goal-9", "name": "-Goal-9", "province": "100", "city": "1000", "location": "其他", "description": "人有不为也，而后可以有为。", "url": "", "profile_image_url": "https://tvax3.sinaimg.cn/crop.0.0.512.512.50/0083jeDSly8h9ik9qxez1j30e80e8weq.jpg?KID=imgbed,tva&Expires=1674062329&ssig=HcvZfv6beE", "light_ring": false, "cover_image_phone": "https://ww1.sinaimg.cn/crop.0.0.640.640.640/549d0121tw1egm1kjly3jj20hs0hsq4f.jpg", "profile_url": "u/7377976184", "domain": "", "weihao": "", "gender": "f", "followers_count": 0, "followers_count_str": "0", "friends_count": 11, "pagefriends_count": 0, "statuses_count": 44, "video_status_count": 0, "video_play_count": 0, "super_topic_not_syn_count": 0, "favourites_count": 0, "created_at": "Fri Jan 24 19:13:52 +0800 2020", "following": false, "allow_all_act_msg": false, "geo_enabled": true, "verified": false, "verified_type": -1, "remark": "", "insecurity": {"sexual_content": false}, "ptype": 0, "allow_all_comment": true, "avatar_large": "https://tvax3.sinaimg.cn/crop.0.0.512.512.180/0083jeDSly8h9ik9qxez1j30e80e8weq.jpg?KID=imgbed,tva&Expires=1674062329&ssig=bcmYKX5o68", "avatar_hd": "https://tvax3.sinaimg.cn/crop.0.0.512.512.1024/0083jeDSly8h9ik9qxez1j30e80e8weq.jpg?KID=imgbed,tva&Expires=1674062329&ssig=nir4TT%2BmsV", "verified_reason": "", "verified_trade": "", "verified_reason_url": "", "verified_source": "", "verified_source_url": "", "follow_me": false, "like": false, "like_me": false, "online_status": 0, "bi_followers_count": 0, "lang": "zh-cn", "star": 0, "mbtype": 0, "mbrank": 0, "svip": 0, "mb_expire_time": 0, "block_word": 0, "block_app": 0, "chaohua_ability": 0, "brand_ability": 0, "nft_ability": 0, "vplus_ability": 0, "wenda_ability": 0, "live_ability": 0, "gongyi_ability": 0, "paycolumn_ability": 0, "newbrand_ability": 0, "ecommerce_ability": 0, "hardfan_ability": 0, "wbcolumn_ability": 0, "credit_score": 80, "user_ability": 0, "urank": 0, "story_read_state": -1, "vclub_member": 0, "is_teenager": 0, "is_guardian": 0, "is_teenager_list": 0, "pc_new": 0, "special_follow": false, "planet_video": 0, "video_mark": 0, "live_status": 0, "user_ability_extend": 0, "status_total_counter": {"total_cnt": 1, "repost_cnt": 0, "comment_cnt": 1, "like_cnt": 0, "comment_like_cnt": 0}, "video_total_counter": {"play_cnt": -1}, "brand_account": 0, "hongbaofei": 0, "tab_manage": "[0, 0]", "reward_status": 0, "green_mode": 0, "urisk": 549756338176, "unfollowing_recom_switch": 1, "avatar_type": 0}, "mid": "4847012485010450", "idstr": "4847012485010450", "status": {"visible": {"type": 0, "list_id": 0}, "created_at": "Mon Dec 12 19:59:20 +0800 2022", "id": 4845943222706187, "idstr": "4845943222706187", "mid": "4845943222706187", "can_edit": false, "show_additional_indication": 0, "text": "#北京确保研究生招生考试如期举行#\n阳了去考试是真难受。这是可以肯定的[允悲]\n要是阳着还能考出好成绩，那真的是绝绝子！\n反正知道的身边阳了的都很难受[允悲] ​", "textLength": 149, "source_allowclick": 0, "source_type": 1, "source": "<a href=\"http://app.weibo.com/t/feed/58FkdM\" rel=\"nofollow\">iPhone 14 Pro Max</a>", "favorited": false, "truncated": false, "in_reply_to_status_id": "", "in_reply_to_user_id": "", "in_reply_to_screen_name": "", "pic_urls": [], "geo": null, "is_paid": false, "mblog_vip_type": 0, "user": {"id": 1742944894, "idstr": "1742944894", "class": 1, "screen_name": "何凯文", "name": "何凯文", "province": "11", "city": "1000", "location": "北京", "description": "将激情和实力完美演绎的考研名师", "url": "", "profile_image_url": "https://tva3.sinaimg.cn/crop.0.0.180.180.50/67e33a7ejw1e8qgp5bmzyj2050050aa8.jpg?KID=imgbed,tva&Expires=1674062329&ssig=DHXFPawEnI", "light_ring": false, "cover_image_phone": "https://ww1.sinaimg.cn/crop.0.0.640.640.640/549d0121tw1egm1kjly3jj20hs0hsq4f.jpg", "profile_url": "godlovekevin", "domain": "godlovekevin", "weihao": "", "gender": "m", "followers_count": 9788167, "followers_count_str": "978.8万", "friends_count": 30, "pagefriends_count": 12, "statuses_count": 13184, "video_status_count": 1704, "video_play_count": 0, "super_topic_not_syn_count": 0, "favourites_count": 111, "created_at": "Fri Jun 25 14:27:46 +0800 2010", "following": false, "allow_all_act_msg": true, "geo_enabled": false, "verified": true, "verified_type": 0, "remark": "", "insecurity": {"sexual_content": false}, "ptype": 8, "allow_all_comment": true, "avatar_large": "https://tva3.sinaimg.cn/crop.0.0.180.180.180/67e33a7ejw1e8qgp5bmzyj2050050aa8.jpg?KID=imgbed,tva&Expires=1674062329&ssig=CrRiwVGKx0", "avatar_hd": "https://tva3.sinaimg.cn/crop.0.0.180.180.1024/67e33a7ejw1e8qgp5bmzyj2050050aa8.jpg?KID=imgbed,tva&Expires=1674062329&ssig=gzFwZZ1ltO", "verified_reason": "文都考研英语首席主讲名师", "verified_trade": "1039", "verified_reason_url": "", "verified_source": "", "verified_source_url": "", "verified_state": 0, "verified_level": 3, "verified_type_ext": 1, "has_service_tel": false, "verified_reason_modified": "", "verified_contact_name": "", "verified_contact_email": "", "verified_contact_mobile": "", "follow_me": false, "like": false, "like_me": false, "online_status": 0, "bi_followers_count": 13, "lang": "zh-cn", "star": 0, "mbtype": 12, "mbrank": 9, "svip": 1, "mb_expire_time": 1707235200, "block_word": 1, "block_app": 1, "chaohua_ability": 0, "brand_ability": 0, "nft_ability": 0, "vplus_ability": 0, "wenda_ability": 1, "live_ability": 1, "gongyi_ability": 0, "paycolumn_ability": 0, "newbrand_ability": 0, "ecommerce_ability": 0, "hardfan_ability": 1, "wbcolumn_ability": 0, "ability_tags": "考研,美国留学", "credit_score": 80, "user_ability": -2135660004, "cardid": "star_1572", "avatargj_id": "gj_vip_717", "urank": 48, "story_read_state": -1, "verified_detail": {"custom": 1, "data": [{"key": 1, "sub_key": 0, "weight": 10, "desc": "文都考研英语首席主讲名师", "timestamp": 0}]}, "vclub_member": 0, "is_teenager": 0, "is_guardian": 0, "is_teenager_list": 1, "pc_new": 7, "special_follow": false, "planet_video": 2, "video_mark": 15, "live_status": 0, "user_ability_extend": 1, "status_total_counter": {"total_cnt": 32631925, "repost_cnt": 2483002, "comment_cnt": 6124468, "like_cnt": 19665298, "comment_like_cnt": 4359157}, "video_total_counter": {"play_cnt": 336054363}, "brand_account": 0, "hongbaofei": 0, "tab_manage": "[0, 0]", "reward_status": 0, "green_mode": 0, "urisk": 1073741824, "unfollowing_recom_switch": 1, "avatar_type": 0}, "annotations": [{"ann_ext": "ann_ext:search|t:30|q:#北京确保研究生招生考试如期举行#|creator_source:bottomsendweibo"}, {"shooting": 1, "client_mblogid": "iPhone-AB1EC0DD-7875-45AA-9703-BDB3E4608E1E"}, {"mapi_request": true}], "reposts_count": 0, "comments_count": 0, "reprint_cmt_count": 0, "attitudes_count": 0, "pending_approval_count": 0, "isLongText": false, "reward_exhibition_type": 0, "hide_flag": 0, "mlevel": 0, "show_mlevel": 0, "biz_feature": 0, "page_type": 64, "hasActionTypeCard": 0, "darwin_tags": [], "hot_weibo_tags": [], "text_tag_tips": [], "mblogtype": 0, "userType": 0, "more_info_type": 0, "cardid": "star_1572", "number_display_strategy": {"apply_scenario_flag": 3, "display_text_min_number": 1000000, "display_text": "100万+"}, "positive_recom_flag": 0, "content_auth": 0, "gif_ids": "", "is_show_bulletin": 2, "comment_manage_info": {"comment_permission_type": -1, "approval_comment_type": 0, "comment_sort_type": 0, "ai_play_picture_type": 0}, "pic_num": 0, "can_reprint": false, "new_comment_style": 0}, "reply_comment": {"created_at": "Mon Dec 12 22:46:14 +0800 2022", "id": 4845985223680673, "rootid": 4845963833511825, "rootidstr": "4845963833511825", "floor_number": 0, "text": "回复@Sagittarius_lassie:因为拍拍脑袋问题就想出来了，谁管你考研啊[太开心]", "disable_reply": 0, "restrictOperate": 0, "user": {"id": 5857790183, "idstr": "5857790183", "class": 1, "screen_name": "Rain的小窝20863", "name": "Rain的小窝20863", "province": "400", "city": "1000", "location": "海外", "description": "别做舔狗，客观对待。", "url": "", "profile_image_url": "https://tvax3.sinaimg.cn/crop.0.0.1002.1002.50/006oqGOPly8frsoe8mki0j30ru0ruq46.jpg?KID=imgbed,tva&Expires=1674062329&ssig=N7Inpd4HoK", "light_ring": false, "cover_image_phone": "https://ww1.sinaimg.cn/crop.0.0.640.640.640/549d0121tw1egm1kjly3jj20hs0hsq4f.jpg", "profile_url": "u/5857790183", "domain": "", "weihao": "", "gender": "f", "followers_count": 49, "followers_count_str": "49", "friends_count": 277, "pagefriends_count": 3, "statuses_count": 89, "video_status_count": 0, "video_play_count": 0, "super_topic_not_syn_count": 0, "favourites_count": 0, "created_at": "Sun Feb 14 22:51:52 +0800 2016", "following": false, "allow_all_act_msg": false, "geo_enabled": true, "verified": false, "verified_type": -1, "remark": "", "insecurity": {"sexual_content": false}, "ptype": 0, "allow_all_comment": false, "avatar_large": "https://tvax3.sinaimg.cn/crop.0.0.1002.1002.180/006oqGOPly8frsoe8mki0j30ru0ruq46.jpg?KID=imgbed,tva&Expires=1674062329&ssig=19vbvBuj%2BC", "avatar_hd": "https://tvax3.sinaimg.cn/crop.0.0.1002.1002.1024/006oqGOPly8frsoe8mki0j30ru0ruq46.jpg?KID=imgbed,tva&Expires=1674062329&ssig=ilU%2FB%2FPvJW", "verified_reason": "", "verified_trade": "", "verified_reason_url": "", "verified_source": "", "verified_source_url": "", "follow_me": false, "like": false, "like_me": false, "online_status": 0, "bi_followers_count": 3, "lang": "zh-cn", "star": 0, "mbtype": 0, "mbrank": 0, "svip": 0, "mb_expire_time": 0, "block_word": 0, "block_app": 0, "chaohua_ability": 0, "brand_ability": 0, "nft_ability": 0, "vplus_ability": 0, "wenda_ability": 0, "live_ability": 0, "gongyi_ability": 0, "paycolumn_ability": 0, "newbrand_ability": 0, "ecommerce_ability": 0, "hardfan_ability": 0, "wbcolumn_ability": 0, "credit_score": 80, "user_ability": 2097152, "urank": 4, "story_read_state": -1, "vclub_member": 0, "is_teenager": 0, "is_guardian": 0, "is_teenager_list": 0, "pc_new": 0, "special_follow": false, "planet_video": 0, "video_mark": 0, "live_status": 0, "user_ability_extend": 0, "status_total_counter": {"total_cnt": 25, "repost_cnt": 1, "comment_cnt": 3, "like_cnt": 21, "comment_like_cnt": 0}, "video_total_counter": {"play_cnt": -1}, "brand_account": 0, "hongbaofei": 0, "tab_manage": "[0, 0]", "reward_status": 0, "green_mode": 0, "urisk": 0, "unfollowing_recom_switch": 1, "avatar_type": 0}, "mid": "4845985223680673", "idstr": "4845985223680673", "match_ai_play_picture": false}, "reply_original_text": "永远不要把dang中yang的政策落实说成拍拍脑袋想问题[微笑]", "readtimetype": "comment", "match_ai_play_picture": false}