{"created_at": "Mon Nov 07 05:06:49 +0800 2022", "id": 4833035037443023, "rootid": 4833035037443023, "rootidstr": "4833035037443023", "floor_number": 8, "text": "除了街市超市餐饮，其他还是忍一忍吧，现在不忍，搞得像上海那样，更惨", "disable_reply": 0, "restrictOperate": 0, "source_allowclick": 0, "source_type": 4, "source": "<a href=\"\" rel=\"nofollow\">来自广东</a>", "user": {"id": 6650961967, "idstr": "6650961967", "class": 1, "screen_name": "毛毛没想法", "name": "毛毛没想法", "province": "44", "city": "1000", "location": "广东", "description": "花花真可爱！", "url": "", "profile_image_url": "https://tvax1.sinaimg.cn/crop.0.0.1002.1002.50/007g6L27ly8gvt074snygj30ru0ru0tw.jpg?KID=imgbed,tva&Expires=1669837108&ssig=cLKP18BK8G", "light_ring": false, "cover_image_phone": "http://ww1.sinaimg.cn/crop.0.0.640.640.640/549d0121tw1egm1kjly3jj20hs0hsq4f.jpg", "profile_url": "u/6650961967", "domain": "", "weihao": "", "gender": "f", "followers_count": 72, "followers_count_str": "72", "friends_count": 253, "pagefriends_count": 56, "statuses_count": 1762, "video_status_count": 0, "video_play_count": 0, "super_topic_not_syn_count": 0, "favourites_count": 20, "created_at": "Tue Aug 21 20:05:15 +0800 2018", "following": false, "allow_all_act_msg": false, "geo_enabled": true, "verified": false, "verified_type": -1, "remark": "", "insecurity": {"sexual_content": false}, "ptype": 0, "allow_all_comment": true, "avatar_large": "https://tvax1.sinaimg.cn/crop.0.0.1002.1002.180/007g6L27ly8gvt074snygj30ru0ru0tw.jpg?KID=imgbed,tva&Expires=1669837108&ssig=SwJQLUbQ06", "avatar_hd": "https://tvax1.sinaimg.cn/crop.0.0.1002.1002.1024/007g6L27ly8gvt074snygj30ru0ru0tw.jpg?KID=imgbed,tva&Expires=1669837108&ssig=OdSkXajbxP", "verified_reason": "", "verified_trade": "", "verified_reason_url": "", "verified_source": "", "verified_source_url": "", "follow_me": false, "like": false, "like_me": false, "online_status": 0, "bi_followers_count": 9, "lang": "zh-cn", "star": 0, "mbtype": 0, "mbrank": 0, "svip": 0, "mb_expire_time": 0, "block_word": 0, "block_app": 0, "chaohua_ability": 0, "brand_ability": 0, "nft_ability": 0, "vplus_ability": 0, "wenda_ability": 0, "live_ability": 0, "gongyi_ability": 0, "paycolumn_ability": 0, "newbrand_ability": 0, "ecommerce_ability": 0, "hardfan_ability": 0, "credit_score": 80, "user_ability": 2097152, "urank": 4, "story_read_state": -1, "vclub_member": 0, "is_teenager": 0, "is_guardian": 0, "is_teenager_list": 0, "pc_new": 7, "special_follow": false, "planet_video": 0, "video_mark": 0, "live_status": 0, "user_ability_extend": 0, "status_total_counter": {"total_cnt": 1099, "repost_cnt": 140, "comment_cnt": 234, "like_cnt": 725, "comment_like_cnt": 0}, "video_total_counter": {"play_cnt": -1}, "brand_account": 0, "hongbaofei": 0, "tab_manage": "[0, 0]", "reward_status": 0, "green_mode": 0, "urisk": 0, "avatar_type": 0}, "mid": "4833035037443023", "idstr": "4833035037443023", "status": {"visible": {"type": 0, "list_id": 0}, "created_at": "Sun Nov 06 21:51:26 +0800 2022", "id": 4832925470690661, "idstr": "4832925470690661", "mid": "4832925470690661", "can_edit": false, "version": 2, "show_additional_indication": 0, "text": "#广州昨日新增1325名感染者# 据说这是广州海珠通知，档口开业罚一万，仓库出货罚五万，物流收货罚10万，就是这通知没盖章不知道是真是假？ ​", "textLength": 129, "source_allowclick": 0, "source_type": 2, "source": "", "favorited": false, "truncated": false, "in_reply_to_status_id": "", "in_reply_to_user_id": "", "in_reply_to_screen_name": "", "pic_urls": [{"thumbnail_pic": "http://wx4.sinaimg.cn/thumbnail/860a55f8gy1h7vqwzqctkj20k00zk0uw.jpg"}], "thumbnail_pic": "http://wx4.sinaimg.cn/thumbnail/860a55f8gy1h7vqwzqctkj20k00zk0uw.jpg", "bmiddle_pic": "http://wx4.sinaimg.cn/bmiddle/860a55f8gy1h7vqwzqctkj20k00zk0uw.jpg", "original_pic": "http://wx4.sinaimg.cn/large/860a55f8gy1h7vqwzqctkj20k00zk0uw.jpg", "geo": null, "is_paid": false, "mblog_vip_type": 0, "user": {"id": 2248824312, "idstr": "2248824312", "class": 1, "screen_name": "恋枫居士", "name": "恋枫居士", "province": "46", "city": "1000", "location": "海南", "description": "本人言论仅代表个人立场，与任职单位无关。", "url": "http://www.hxtu.com", "profile_image_url": "https://tva4.sinaimg.cn/crop.78.22.372.372.50/860a55f8jw8f2p6ovb6pgj20im0cc76h.jpg?KID=imgbed,tva&Expires=1669837108&ssig=HFWnX2kVq0", "light_ring": false, "cover_image_phone": "http://ww1.sinaimg.cn/crop.0.0.640.640.640/549d0121tw1egm1kjly3jj20hs0hsq4f.jpg;http://ww3.sinaimg.cn/crop.0.0.640.640.640/638f41a8jw1exw2iiqsk8j20hs0hsahi.jpg;http://ww1.sinaimg.cn/crop.0.0.640.640.640/6ce2240djw1e9ob3xerqoj20hs0hsjur.jpg;http://ww4.sinaimg.cn/crop.0.0.640.640.640/638f41a8jw1exw16nmy4tj20hs0hstd2.jpg;http://ww2.sinaimg.cn/crop.0.0.640.640.640/638f41a8jw1exw1ki1s7vj20hs0hstd9.jpg", "profile_url": "u/2248824312", "domain": "", "weihao": "", "gender": "m", "followers_count": 198831, "followers_count_str": "19.9万", "friends_count": 787, "pagefriends_count": 11, "statuses_count": 54621, "video_status_count": 1098, "video_play_count": 0, "super_topic_not_syn_count": 0, "favourites_count": 3635, "created_at": "Fri Jul 15 16:28:58 +0800 2011", "following": false, "allow_all_act_msg": false, "geo_enabled": false, "verified": true, "verified_type": 0, "remark": "", "insecurity": {"sexual_content": false}, "ptype": 0, "allow_all_comment": true, "avatar_large": "https://tva4.sinaimg.cn/crop.78.22.372.372.180/860a55f8jw8f2p6ovb6pgj20im0cc76h.jpg?KID=imgbed,tva&Expires=1669837108&ssig=RYlmKHtGP8", "avatar_hd": "https://tva4.sinaimg.cn/crop.78.22.372.372.1024/860a55f8jw8f2p6ovb6pgj20im0cc76h.jpg?KID=imgbed,tva&Expires=1669837108&ssig=ZSarJO5EIl", "verified_reason": "头条文章作者", "verified_trade": "847", "verified_reason_url": "", "verified_source": "", "verified_source_url": "", "verified_state": 0, "verified_level": 3, "verified_type_ext": 1, "has_service_tel": false, "verified_reason_modified": "", "verified_contact_name": "", "verified_contact_email": "", "verified_contact_mobile": "", "follow_me": false, "like": false, "like_me": false, "online_status": 0, "bi_followers_count": 416, "lang": "zh-cn", "star": 0, "mbtype": 11, "mbrank": 6, "svip": 0, "mb_expire_time": 1670601600, "block_word": 0, "block_app": 1, "chaohua_ability": 0, "brand_ability": 0, "nft_ability": 0, "vplus_ability": 3, "wenda_ability": 0, "live_ability": 0, "gongyi_ability": 0, "paycolumn_ability": 1, "newbrand_ability": 0, "ecommerce_ability": 0, "hardfan_ability": 1, "ability_tags": "媒体营销,记者,编辑,幽默艺术,游记攻略,美食点评,影评,制片人,媒体评论,文化产业", "credit_score": 80, "user_ability": 11930156, "cardid": "star_1624", "avatargj_id": "gj_vip_722", "urank": 48, "story_read_state": -1, "verified_detail": {"custom": 1, "data": [{"key": 4, "sub_key": 9, "weight": 999, "desc": "头条文章作者", "timestamp": 0}]}, "vclub_member": 0, "is_teenager": 0, "is_guardian": 0, "is_teenager_list": 0, "pc_new": 6, "special_follow": false, "planet_video": 2, "video_mark": 15, "live_status": 0, "user_ability_extend": 0, "status_total_counter": {"total_cnt": 392840, "repost_cnt": 49750, "comment_cnt": 54406, "like_cnt": 176672, "comment_like_cnt": 112012}, "video_total_counter": {"play_cnt": 3074586}, "brand_account": 0, "hongbaofei": 0, "tab_manage": "[0, 0]", "reward_status": 0, "green_mode": 0, "urisk": 34896609280, "avatar_type": 0}, "annotations": [{"photo_sub_type": "0"}, {}, {"client_mblogid": "iPhone-3BEC8A88-2477-49F1-AE31-9D45230F1DA7"}, {"mapi_request": true}], "reposts_count": 0, "comments_count": 0, "reprint_cmt_count": 0, "attitudes_count": 0, "pending_approval_count": 0, "isLongText": false, "reward_exhibition_type": 0, "hide_flag": 0, "mlevel": 128, "show_mlevel": 0, "biz_feature": 4294967300, "page_type": 64, "hasActionTypeCard": 0, "darwin_tags": [], "hot_weibo_tags": [], "text_tag_tips": [], "mblogtype": 0, "userType": 0, "mlevelSource": "monitor", "more_info_type": 0, "cardid": "star_1624", "number_display_strategy": {"apply_scenario_flag": 3, "display_text_min_number": 1000000, "display_text": "100万+"}, "positive_recom_flag": 0, "content_auth": 0, "gif_ids": "", "is_show_bulletin": 2, "comment_manage_info": {"comment_permission_type": -1, "approval_comment_type": 0, "comment_sort_type": 0, "ai_play_picture_type": 0}, "pic_num": 1, "can_reprint": false, "new_comment_style": 0}, "readtimetype": "comment", "match_ai_play_picture": false}