{"mid": "3074181393", "uid": "Mm1zcaY5k", "name": "津彩青春", "time": "2022-12-30 21:43:00", "local": "", "iphone": "微博视频号", "context": "#晚安天津#【#冰天雪地里的腊八灯会#有多美？】今天腊八，在天津古文化街，春联、福字、窗花、灯笼等民俗节庆产品带来满满年味儿，舞龙、舞狮表演喜庆又欢腾；在辽宁沈阳，市民腌制腊八蒜、喝腊八粥、吃粘食、举办迎春灯会。过腊八还有啥讲究？一起看↓央视新闻的微博视频", "comment_num": "96", "like_num": "38", "user": {"focus": "1223", "fans": "106.7万", "tweet": "98027"}}