{"created_at": "Sun Jan 01 22:48:27 +0800 2023", "id": 4853233540138275, "rootid": 4853233540138275, "rootidstr": "4853233540138275", "floor_number": 334, "text": "四川卫视真的太有心了", "disable_reply": 0, "restrictOperate": 0, "source_allowclick": 0, "source_type": 4, "source": "<a href=\"\" rel=\"nofollow\">来自山东</a>", "comment_badge": [{"pic_url": "https://h5.sinaimg.cn/upload/114/962/2022/07/08/member_0_bigfan1_2.png", "name": "loyal_fans", "length": 1.33, "actionlog": {"act_code": "3671", "ext": "status:fans"}, "scheme": "https://kefu.weibo.com/faqdetail?id=20848", "new_icon": true}], "user": {"id": 7788097369, "idstr": "7788097369", "class": 1, "screen_name": "灰色的沙发搭配", "name": "灰色的沙发搭配", "province": "37", "city": "1000", "location": "山东", "description": "有趣的灵魂万里挑一", "url": "", "profile_image_url": "https://tvax4.sinaimg.cn/crop.0.0.1080.1080.50/008v43THly8h5zciw4k78j30u00u0my0.jpg?KID=imgbed,tva&Expires=1673961237&ssig=%2FeQkCreVZo", "light_ring": false, "profile_url": "u/7788097369", "domain": "", "weihao": "", "gender": "m", "followers_count": 3, "followers_count_str": "3", "friends_count": 72, "pagefriends_count": 2, "statuses_count": 951, "video_status_count": 0, "video_play_count": 0, "super_topic_not_syn_count": 0, "favourites_count": 0, "created_at": "Tue Sep 06 11:59:15 +0800 2022", "following": false, "allow_all_act_msg": false, "geo_enabled": true, "verified": false, "verified_type": -1, "remark": "", "insecurity": {"sexual_content": false}, "ptype": 0, "allow_all_comment": true, "avatar_large": "https://tvax4.sinaimg.cn/crop.0.0.1080.1080.180/008v43THly8h5zciw4k78j30u00u0my0.jpg?KID=imgbed,tva&Expires=1673961237&ssig=B40a%2FS0%2Fyq", "avatar_hd": "https://tvax4.sinaimg.cn/crop.0.0.1080.1080.1024/008v43THly8h5zciw4k78j30u00u0my0.jpg?KID=imgbed,tva&Expires=1673961237&ssig=0t0qDQRYji", "verified_reason": "", "verified_trade": "", "verified_reason_url": "", "verified_source": "", "verified_source_url": "", "follow_me": false, "like": false, "like_me": false, "online_status": 0, "bi_followers_count": 3, "lang": "zh-cn", "star": 0, "mbtype": 2, "mbrank": 1, "svip": 0, "mb_expire_time": 1666972799, "block_word": 0, "block_app": 0, "chaohua_ability": 0, "brand_ability": 0, "nft_ability": 0, "vplus_ability": 0, "wenda_ability": 0, "live_ability": 0, "gongyi_ability": 0, "paycolumn_ability": 0, "newbrand_ability": 0, "ecommerce_ability": 0, "hardfan_ability": 0, "wbcolumn_ability": 0, "credit_score": 80, "user_ability": 2097152, "urank": 0, "story_read_state": -1, "vclub_member": 0, "is_teenager": 0, "is_guardian": 0, "is_teenager_list": 0, "pc_new": 0, "special_follow": false, "planet_video": 0, "video_mark": 0, "live_status": 0, "user_ability_extend": 0, "status_total_counter": {"total_cnt": 8, "repost_cnt": 0, "comment_cnt": 5, "like_cnt": 3, "comment_like_cnt": 0}, "video_total_counter": {"play_cnt": -1}, "brand_account": 0, "hongbaofei": 0, "tab_manage": "[0, 0]", "reward_status": 0, "green_mode": 0, "urisk": 524288, "avatar_type": 0}, "mid": "4853233540138275", "idstr": "4853233540138275", "status": {"visible": {"type": 0, "list_id": 0}, "created_at": "Sun Jan 01 22:32:34 +0800 2023", "id": 4853229542974349, "idstr": "4853229542974349", "mid": "4853229542974349", "can_edit": false, "version": 3, "show_additional_indication": 0, "text": "#顶尊跪坐人像和神兽首次合体# 三星堆文物又上新啦！今天四川卫视新年演唱会上首次发布了最新三星堆文物，通过虚拟影像技术还原了顶尊跪坐人像和青铜神像的首次合体，四川卫视真的太有心了，向考古人和文博人致敬！#三星堆文物新年又上新# ​", "textLength": 221, "source_allowclick": 1, "source_type": 2, "source": "", "favorited": false, "truncated": false, "in_reply_to_status_id": "", "in_reply_to_user_id": "", "in_reply_to_screen_name": "", "pic_urls": [{"thumbnail_pic": "http://wx2.sinaimg.cn/thumbnail/006gHfe8ly1h9oitdqa7xg30mx0cwu14.gif"}, {"thumbnail_pic": "http://wx3.sinaimg.cn/thumbnail/006gHfe8ly1h9oitgyec7g30n30czx6w.gif"}, {"thumbnail_pic": "http://wx2.sinaimg.cn/thumbnail/006gHfe8ly1h9oitiv1xng30kj0bk1l5.gif"}, {"thumbnail_pic": "http://wx2.sinaimg.cn/thumbnail/006gHfe8ly1h9oirqzmpag30qo0f07wo.gif"}, {"thumbnail_pic": "http://wx3.sinaimg.cn/thumbnail/006gHfe8ly1h9oitkrd8pg30mf0cmx6w.gif"}, {"thumbnail_pic": "http://wx2.sinaimg.cn/thumbnail/006gHfe8ly1h9oitma2lmg30pb0e8e89.gif"}, {"thumbnail_pic": "http://wx2.sinaimg.cn/thumbnail/006gHfe8ly1h9oitnq0i5g30km0bl7wp.gif"}, {"thumbnail_pic": "http://wx1.sinaimg.cn/thumbnail/006gHfe8ly1h9oitp4b9kg30jc0aw7wp.gif"}, {"thumbnail_pic": "http://wx1.sinaimg.cn/thumbnail/006gHfe8ly1h9oitqi918g30ks0bp1l5.gif"}], "thumbnail_pic": "http://wx2.sinaimg.cn/thumbnail/006gHfe8ly1h9oitdqa7xg30mx0cwu14.gif", "bmiddle_pic": "http://wx2.sinaimg.cn/bmiddle/006gHfe8ly1h9oitdqa7xg30mx0cwu14.gif", "original_pic": "http://wx2.sinaimg.cn/large/006gHfe8ly1h9oitdqa7xg30mx0cwu14.gif", "geo": null, "is_paid": false, "mblog_vip_type": 0, "user": {"id": 5743525008, "idstr": "5743525008", "class": 1, "screen_name": "仓酱_", "name": "仓酱_", "province": "100", "city": "1000", "location": "其他", "description": "✨知名电视剧博主 综艺娱乐博主 电视剧视频自媒体✨", "url": "", "profile_image_url": "https://tvax4.sinaimg.cn/crop.0.0.996.996.50/006gHfe8ly8gn2s9vzcglj30ro0rodhd.jpg?KID=imgbed,tva&Expires=1673961237&ssig=jBP%2B00kvzR", "light_ring": false, "cover_image_phone": "https://wx4.sinaimg.cn/crop.0.0.640.640.640/006gHfe8gy1gmobabpas6j30u00u0dux.jpg;https://wx1.sinaimg.cn/crop.0.0.640.640.640/006gHfe8gy1gmob8hw9m0j30u00u0qo1.jpg;https://wx1.sinaimg.cn/crop.0.0.640.640.640/006gHfe8gy1gmob8uwqqjj30u00u0e44.jpg;https://wx4.sinaimg.cn/crop.0.0.640.640.640/006gHfe8gy1gmob9cy0wsj30u00u0wwt.jpg", "profile_url": "u/5743525008", "domain": "", "weihao": "", "gender": "f", "followers_count": 1492770, "followers_count_str": "149.3万", "friends_count": 859, "pagefriends_count": 42, "statuses_count": 28468, "video_status_count": 1795, "video_play_count": 0, "super_topic_not_syn_count": 2, "favourites_count": 15654, "created_at": "Tue Nov 03 17:16:52 +0800 2015", "following": false, "allow_all_act_msg": false, "geo_enabled": false, "verified": true, "verified_type": 0, "remark": "", "insecurity": {"sexual_content": false}, "ptype": 0, "allow_all_comment": true, "avatar_large": "https://tvax4.sinaimg.cn/crop.0.0.996.996.180/006gHfe8ly8gn2s9vzcglj30ro0rodhd.jpg?KID=imgbed,tva&Expires=1673961237&ssig=aU6HQNL%2B9S", "avatar_hd": "https://tvax4.sinaimg.cn/crop.0.0.996.996.1024/006gHfe8ly8gn2s9vzcglj30ro0rodhd.jpg?KID=imgbed,tva&Expires=1673961237&ssig=NyrsPWyI8z", "verified_reason": "电视剧博主 视频博主 微博电视团成员  2022年辰星计划博主", "verified_trade": "", "verified_reason_url": "", "verified_source": "", "verified_source_url": "", "verified_state": 0, "verified_level": 3, "verified_type_ext": 1, "has_service_tel": false, "verified_reason_modified": "", "verified_contact_name": "", "verified_contact_email": "", "verified_contact_mobile": "", "follow_me": false, "like": false, "like_me": false, "online_status": 0, "bi_followers_count": 523, "lang": "zh-cn", "star": 0, "mbtype": 12, "mbrank": 7, "svip": 0, "mb_expire_time": 1980864000, "block_word": 1, "block_app": 1, "chaohua_ability": 0, "brand_ability": 0, "nft_ability": 0, "vplus_ability": 0, "wenda_ability": 0, "live_ability": 0, "gongyi_ability": 0, "paycolumn_ability": 0, "newbrand_ability": 0, "ecommerce_ability": 0, "hardfan_ability": 1, "wbcolumn_ability": 0, "credit_score": 80, "user_ability": -2144073204, "cardid": "star_1545", "avatargj_id": "gj_vip_739", "urank": 43, "story_read_state": -1, "verified_detail": {"custom": 1, "data": [{"key": 2, "sub_key": 0, "weight": 10, "desc": "电视剧博主", "timestamp": 0}, {"key": 16, "sub_key": 7, "weight": 11, "desc": "视频博主", "timestamp": 0}, {"key": 1, "sub_key": 0, "weight": 100, "desc": "微博电视团成员  2022年辰星计划博主", "timestamp": 0}]}, "vclub_member": 0, "is_teenager": 0, "is_guardian": 0, "is_teenager_list": 0, "pc_new": 7, "special_follow": false, "planet_video": 2, "video_mark": 15, "live_status": 0, "user_ability_extend": 0, "status_total_counter": {"total_cnt": 36097716, "repost_cnt": 11212591, "comment_cnt": 3658869, "like_cnt": 9736129, "comment_like_cnt": 11490127}, "video_total_counter": {"play_cnt": 270192470}, "brand_account": 0, "hongbaofei": 0, "tab_manage": "[0, 0]", "reward_status": 0, "green_mode": 0, "urisk": 0, "avatar_type": 0}, "annotations": [{"photo_sub_type": "0,0,0,0,0,0,0,0,0"}, {}, {"client_mblogid": "b1334a7c-a148-47d3-930a-76686e3b2544"}, {"mapi_request": true}], "picStatus": "0:1,1:1,2:1,3:1,4:1,5:1,6:1,7:1,8:1", "reposts_count": 0, "comments_count": 0, "reprint_cmt_count": 0, "attitudes_count": 0, "pending_approval_count": 0, "isLongText": false, "reward_exhibition_type": 0, "hide_flag": 0, "mlevel": 0, "show_mlevel": 0, "biz_feature": 4294967300, "page_type": 64, "hasActionTypeCard": 0, "darwin_tags": [], "hot_weibo_tags": [], "text_tag_tips": [], "mblogtype": 0, "userType": 0, "more_info_type": 0, "cardid": "star_1545", "number_display_strategy": {"apply_scenario_flag": 3, "display_text_min_number": 1000000, "display_text": "100万+"}, "positive_recom_flag": 0, "content_auth": 0, "gif_ids": "006gHfe8ly1h9oirqzmpag30qo0f07wo|o0/DQXWQRJxlx0821b1GZuU010412000n5Z0E010|1022:2311284853229545259204,006gHfe8ly1h9oitkrd8pg30mf0cmx6w|o0/DSmJontolx0821b1I3jy010412000pqX0E010|1022:2311284853229549453355,006gHfe8ly1h9oitma2lmg30pb0e8e89|o0/Oxab3Kd8lx0821b1JcKc010412000q4Y0E010|1022:2311284853229549453411,006gHfe8ly1h9oitqi918g30ks0bp1l5|o0/gmYa7Cyplx0821b1P6EU010412000CaA0E010|1022:2311284853229553647649,006gHfe8ly1h9oitiv1xng30kj0bk1l5|o0/qAjUG2XIlx0821b1HdO0010412000yh70E010|1022:2311284853229545259134,006gHfe8ly1h9oitgyec7g30n30czx6w|o0/YhvAPr9Dlx0821b1EHck010412000AdR0E010|1022:2311284853229545259093,006gHfe8ly1h9oitnq0i5g30km0bl7wp|o0/rprZ1VEOlx0821b1KCFO0104120011he0E010|1022:2311284853229549453453,006gHfe8ly1h9oitp4b9kg30jc0aw7wp|o0/F3iZurf1lx0821b1Q1Ti010412000KdN0E010|1022:2311284853229549453495,006gHfe8ly1h9oitdqa7xg30mx0cwu14|o0/ZDFml97ylx0821b1DlNK010412000wxA0E010|1022:2311284853229545259046", "is_show_bulletin": 2, "comment_manage_info": {"comment_permission_type": -1, "approval_comment_type": 0, "comment_sort_type": 0, "ai_play_picture_type": 0}, "pic_num": 9, "can_reprint": false, "new_comment_style": 0}, "readtimetype": "comment", "match_ai_play_picture": false}