{"created_at": "Sun Dec 11 05:42:42 +0800 2022", "id": 4845365255734218, "rootid": 4845365255734218, "rootidstr": "4845365255734218", "floor_number": 9, "text": "教练太气人了！毁了C罗", "disable_reply": 0, "restrictOperate": 0, "source_allowclick": 0, "source_type": 4, "source": "<a href=\"\" rel=\"nofollow\">来自北京</a>", "user": {"id": 1197042701, "idstr": "1197042701", "class": 1, "screen_name": "湘海", "name": "湘海", "province": "11", "city": "1000", "location": "北京", "description": "2010全新专辑《毒情歌》即将推出，主打歌《谁在爱里下了毒》强势登场，希望大家继续关注并支持湘海！", "url": "http://blog.sina.com.cn/xianghai", "profile_image_url": "https://tva2.sinaimg.cn/crop.0.0.180.180.50/47596c0djw1e8qgp5bmzyj2050050aa8.jpg?KID=imgbed,tva&Expires=1673968089&ssig=ooRh8YCGnx", "light_ring": false, "profile_url": "xianghai01", "domain": "xianghai01", "weihao": "", "gender": "m", "followers_count": 13280, "followers_count_str": "1.3万", "friends_count": 238, "pagefriends_count": 1, "statuses_count": 288, "video_status_count": 0, "video_play_count": 0, "super_topic_not_syn_count": 0, "favourites_count": 3, "created_at": "Sat Mar 06 14:11:56 +0800 2010", "following": false, "allow_all_act_msg": true, "geo_enabled": true, "verified": true, "verified_type": 0, "remark": "", "insecurity": {"sexual_content": false}, "ptype": 2, "allow_all_comment": true, "avatar_large": "https://tva2.sinaimg.cn/crop.0.0.180.180.180/47596c0djw1e8qgp5bmzyj2050050aa8.jpg?KID=imgbed,tva&Expires=1673968089&ssig=3zdbTvKNOS", "avatar_hd": "https://tva2.sinaimg.cn/crop.0.0.180.180.1024/47596c0djw1e8qgp5bmzyj2050050aa8.jpg?KID=imgbed,tva&Expires=1673968089&ssig=raXM8UUOQe", "verified_reason": "内地创作歌手、音乐人", "verified_trade": "1023", "verified_reason_url": "", "verified_source": "", "verified_source_url": "", "verified_state": 0, "verified_level": 3, "verified_type_ext": 0, "has_service_tel": false, "verified_reason_modified": "", "verified_contact_name": "", "verified_contact_email": "", "verified_contact_mobile": "", "follow_me": false, "like": false, "like_me": false, "online_status": 0, "bi_followers_count": 178, "lang": "zh-cn", "star": 0, "mbtype": 2, "mbrank": 1, "svip": 0, "mb_expire_time": 0, "block_word": 0, "block_app": 0, "chaohua_ability": 0, "brand_ability": 0, "nft_ability": 0, "vplus_ability": 0, "wenda_ability": 0, "live_ability": 0, "gongyi_ability": 0, "paycolumn_ability": 0, "newbrand_ability": 0, "ecommerce_ability": 0, "hardfan_ability": 0, "wbcolumn_ability": 0, "credit_score": 80, "user_ability": 2097160, "urank": 20, "story_read_state": -1, "verified_detail": {"custom": 0, "data": [{"key": 1, "sub_key": 0, "weight": 10, "desc": "内地创作歌手、音乐人", "timestamp": 0, "verify_extend": {"real_name_verified": "1"}}]}, "vclub_member": 0, "is_teenager": 0, "is_guardian": 0, "is_teenager_list": 0, "pc_new": 7, "special_follow": false, "planet_video": 0, "video_mark": 0, "live_status": 0, "user_ability_extend": 0, "status_total_counter": {"total_cnt": 2380, "repost_cnt": 815, "comment_cnt": 1082, "like_cnt": 481, "comment_like_cnt": 2}, "video_total_counter": {"play_cnt": -1}, "brand_account": 0, "hongbaofei": 0, "tab_manage": "[0, 0]", "reward_status": 0, "green_mode": 0, "urisk": 0, "avatar_type": 0}, "mid": "4845365255734218", "idstr": "4845365255734218", "status": {"visible": {"type": 0, "list_id": 0}, "created_at": "Sun Dec 11 05:19:23 +0800 2022", "id": 4845359387378466, "idstr": "4845359387378466", "mid": "4845359387378466", "edit_count": 9, "can_edit": false, "edit_at": "Sun Dec 11 14:57:35 +0800 2022", "version": 11, "show_additional_indication": 0, "text": "#C罗[超话]##卡卡发文鼓励C罗#\n不知道你们有没有看到下场的时候一个球迷冲到C罗面前的视频。。刚看到小蓝鸟有媒体找了个角度不好的视频（第一个视频）故意抹黑说C罗推开前来安慰/合影的球迷[汗]然而另一个俯瞰视角（第二个视频）很明显能看到球迷是被冲上来的保安（？一把拉走的，而且这个保安同时还把 ​", "textLength": 582, "source_allowclick": 1, "source_type": 2, "source": "<a href=\"http://weibo.com/\" rel=\"nofollow\">五百平米的被窝</a>", "favorited": false, "truncated": false, "in_reply_to_status_id": "", "in_reply_to_user_id": "", "in_reply_to_screen_name": "", "pic_urls": [], "geo": null, "is_paid": false, "mblog_vip_type": 0, "user": {"id": 6074384683, "idstr": "6074384683", "class": 1, "screen_name": "卖掉都卖掉", "name": "卖掉都卖掉", "province": "100", "city": "1000", "location": "其他", "description": "☃️", "url": "", "profile_image_url": "https://tvax3.sinaimg.cn/crop.0.0.1080.1080.50/006D5uWvly8ha411qu2kuj30u00u00ud.jpg?KID=imgbed,tva&Expires=1673968089&ssig=V39Tn5uTY4", "light_ring": false, "cover_image": "https://wx3.sinaimg.cn/crop.0.0.920.300/006D5uWvgy1h6zx8gwp5ej30pk08cjsz.jpg", "cover_image_phone": "https://wx1.sinaimg.cn/crop.0.0.640.640.640/006D5uWvgy1h9hpboij81j30dg0dgt9r.jpg;https://wx4.sinaimg.cn/crop.0.0.640.640.640/006D5uWvgy1ha0xb0gz85j30u00u0ah8.jpg;https://wx1.sinaimg.cn/crop.0.0.640.640.640/006D5uWvgy1ha0xf3u8dwj30u00u0aec.jpg;https://wx1.sinaimg.cn/crop.0.0.640.640.640/006D5uWvgy1ha0xj0rbi6j30u00u0gp1.jpg", "profile_url": "u/6074384683", "domain": "", "weihao": "", "gender": "m", "followers_count": 41922, "followers_count_str": "4.2万", "friends_count": 365, "pagefriends_count": 14, "statuses_count": 22508, "video_status_count": 64, "video_play_count": 0, "super_topic_not_syn_count": 186, "favourites_count": 1713, "created_at": "Fri Dec 02 13:36:29 +0800 2016", "following": false, "allow_all_act_msg": false, "geo_enabled": true, "verified": true, "verified_type": 0, "remark": "", "insecurity": {"sexual_content": false}, "ptype": 0, "allow_all_comment": true, "avatar_large": "https://tvax3.sinaimg.cn/crop.0.0.1080.1080.180/006D5uWvly8ha411qu2kuj30u00u00ud.jpg?KID=imgbed,tva&Expires=1673968089&ssig=jxctWtFnsC", "avatar_hd": "https://tvax3.sinaimg.cn/crop.0.0.1080.1080.1024/006D5uWvly8ha411qu2kuj30u00u00ud.jpg?KID=imgbed,tva&Expires=1673968089&ssig=4iIuuaaw2D", "verified_reason": "体育博主", "verified_trade": "", "verified_reason_url": "", "verified_source": "", "verified_source_url": "", "verified_state": 0, "verified_level": 3, "verified_type_ext": 1, "has_service_tel": false, "verified_reason_modified": "", "verified_contact_name": "", "verified_contact_email": "", "verified_contact_mobile": "", "follow_me": false, "like": false, "like_me": false, "online_status": 0, "bi_followers_count": 158, "lang": "zh-cn", "star": 0, "mbtype": 12, "mbrank": 6, "svip": 1, "mb_expire_time": 1675180800, "block_word": 0, "block_app": 1, "chaohua_ability": 0, "brand_ability": 0, "nft_ability": 0, "vplus_ability": 0, "wenda_ability": 0, "live_ability": 0, "gongyi_ability": 0, "paycolumn_ability": 1, "newbrand_ability": 0, "ecommerce_ability": 0, "hardfan_ability": 1, "wbcolumn_ability": 0, "credit_score": 80, "user_ability": -2144075768, "cardid": "star_1638", "avatargj_id": "gj_raresvip_0033000831", "urank": 34, "story_read_state": -1, "verified_detail": {"custom": 0, "data": [{"key": 2, "sub_key": 0, "weight": 101, "desc": "体育博主", "timestamp": 0}]}, "vclub_member": 0, "is_teenager": 0, "is_guardian": 1, "is_teenager_list": 0, "pc_new": 7, "special_follow": false, "planet_video": 2, "video_mark": 14, "live_status": 0, "user_ability_extend": 0, "status_total_counter": {"total_cnt": 163231, "repost_cnt": 44565, "comment_cnt": 19782, "like_cnt": 56236, "comment_like_cnt": 42648}, "video_total_counter": {"play_cnt": 3134265}, "brand_account": 0, "hongbaofei": 0, "tab_manage": "[16912010, 0]", "reward_status": 0, "green_mode": 0, "mb_like_privilege": {"like_id": "0016", "like_desc": "🥰感谢点赞"}, "urisk": 566935683072, "avatar_type": 0, "skin_profile_element": "000018"}, "annotations": [{}, {}, {"super_exparams": "{\"sg_hotword\":1,\"system_pic_only\":0}"}, {"client_mblogid": "a2ea576f-50f4-479a-8afb-bbfc9a119e27"}, {"mapi_request": true}], "reposts_count": 0, "comments_count": 0, "reprint_cmt_count": 0, "attitudes_count": 0, "pending_approval_count": 0, "isLongText": true, "reward_exhibition_type": 0, "hide_flag": 0, "mlevel": 0, "show_mlevel": 0, "biz_ids": [230444], "biz_feature": 4294967304, "topic_id": "1022:1008083a2ae871e1a5435afe05f53490d69a8f", "sync_mblog": true, "is_imported_topic": false, "page_type": 96, "hasActionTypeCard": 0, "darwin_tags": [], "hot_weibo_tags": [], "text_tag_tips": [], "mblogtype": 0, "userType": 0, "more_info_type": 0, "cardid": "star_1637", "number_display_strategy": {"apply_scenario_flag": 3, "display_text_min_number": 1000000, "display_text": "100万+"}, "positive_recom_flag": 0, "content_auth": 0, "gif_ids": "", "is_show_bulletin": 2, "comment_manage_info": {"comment_permission_type": -1, "approval_comment_type": 0, "comment_sort_type": 0, "ai_play_picture_type": 0}, "pic_num": 0, "fid": 4845359221178389, "can_reprint": false, "new_comment_style": 0}, "readtimetype": "comment", "match_ai_play_picture": false}