{"created_at": "Sun Dec 11 15:04:41 +0800 2022", "id": 4845506683739946, "rootid": 4845365633482853, "rootidstr": "4845365633482853", "floor_number": 0, "text": "回复@Faust在北欧:葡萄牙该说呀，让C罗做替补咋想的呢。但单说C罗和梅西他俩，你看看这两天热搜词条，别只看到C罗被黑，看看梅西被媒体阴阳成什么样了。", "disable_reply": 0, "restrictOperate": 0, "source_allowclick": 0, "source_type": 4, "source": "<a href=\"\" rel=\"nofollow\">来自黑龙江</a>", "user": {"id": 3631210051, "idstr": "3631210051", "class": 1, "screen_name": "Chai-yolo", "name": "Chai-yolo", "province": "23", "city": "1", "location": "黑龙江 哈尔滨", "description": "足够优秀 才能大方拥有", "url": "", "profile_image_url": "https://tvax1.sinaimg.cn/crop.0.0.1080.1080.50/d86fde43ly8gkwqqzcim7j20u00u0adu.jpg?KID=imgbed,tva&Expires=1670760419&ssig=kEpyiUtU0M", "light_ring": false, "cover_image_phone": "https://ww1.sinaimg.cn/crop.0.0.640.640.640/9d44112bjw1f1xl1c10tuj20hs0hs0tw.jpg", "profile_url": "u/3631210051", "domain": "", "weihao": "", "gender": "f", "followers_count": 1716, "followers_count_str": "1716", "friends_count": 425, "pagefriends_count": 15, "statuses_count": 144, "video_status_count": 5, "video_play_count": 0, "super_topic_not_syn_count": 1, "favourites_count": 397, "created_at": "Wed Aug 07 10:17:16 +0800 2013", "following": false, "allow_all_act_msg": false, "geo_enabled": true, "verified": false, "verified_type": -1, "remark": "", "insecurity": {"sexual_content": false}, "ptype": 0, "allow_all_comment": true, "avatar_large": "https://tvax1.sinaimg.cn/crop.0.0.1080.1080.180/d86fde43ly8gkwqqzcim7j20u00u0adu.jpg?KID=imgbed,tva&Expires=1670760419&ssig=Np5z%2B8ntPR", "avatar_hd": "https://tvax1.sinaimg.cn/crop.0.0.1080.1080.1024/d86fde43ly8gkwqqzcim7j20u00u0adu.jpg?KID=imgbed,tva&Expires=1670760419&ssig=S9S8Da8XHq", "verified_reason": "", "verified_trade": "", "verified_reason_url": "", "verified_source": "", "verified_source_url": "", "follow_me": false, "like": false, "like_me": false, "online_status": 0, "bi_followers_count": 43, "lang": "zh-cn", "star": 0, "mbtype": 2, "mbrank": 6, "svip": 0, "mb_expire_time": 1648483199, "block_word": 0, "block_app": 0, "chaohua_ability": 0, "brand_ability": 0, "nft_ability": 0, "vplus_ability": 0, "wenda_ability": 0, "live_ability": 0, "gongyi_ability": 0, "paycolumn_ability": 0, "newbrand_ability": 0, "ecommerce_ability": 0, "hardfan_ability": 0, "credit_score": 80, "user_ability": 3408896, "cardid": "vip_012", "urank": 33, "story_read_state": -1, "vclub_member": 0, "is_teenager": 0, "is_guardian": 0, "is_teenager_list": 0, "pc_new": 0, "special_follow": false, "planet_video": 0, "video_mark": 2, "live_status": 0, "user_ability_extend": 0, "status_total_counter": {"total_cnt": 480, "repost_cnt": 2, "comment_cnt": 120, "like_cnt": 332, "comment_like_cnt": 26}, "video_total_counter": {"play_cnt": 94}, "brand_account": 0, "hongbaofei": 0, "tab_manage": "[16910474, 0]", "reward_status": 0, "green_mode": 0, "urisk": 17179869184, "avatar_type": 0}, "mid": "4845506683739946", "idstr": "4845506683739946", "status": {"visible": {"type": 0, "list_id": 0}, "created_at": "Sun Dec 11 05:19:23 +0800 2022", "id": 4845359387378466, "idstr": "4845359387378466", "mid": "4845359387378466", "edit_count": 9, "can_edit": false, "edit_at": "Sun Dec 11 14:57:35 +0800 2022", "version": 11, "show_additional_indication": 0, "text": "#C罗[超话]##卡卡发文鼓励C罗#\n不知道你们有没有看到下场的时候一个球迷冲到C罗面前的视频。。刚看到小蓝鸟有媒体找了个角度不好的视频（第一个视频）故意抹黑说C罗推开前来安慰/合影的球迷[汗]然而另一个俯瞰视角（第二个视频）很明显能看到球迷是被冲上来的保安（？一把拉走的，而且这个保安同时还把 ​", "textLength": 582, "source_allowclick": 1, "source_type": 2, "source": "<a href=\"http://weibo.com/\" rel=\"nofollow\">五百平米的被窝</a>", "favorited": false, "truncated": false, "in_reply_to_status_id": "", "in_reply_to_user_id": "", "in_reply_to_screen_name": "", "pic_urls": [], "geo": null, "is_paid": false, "mblog_vip_type": 0, "user": {"id": 6074384683, "idstr": "6074384683", "class": 1, "screen_name": "雪人施放火球术", "name": "雪人施放火球术", "province": "100", "city": "1000", "location": "其他", "description": "燃起来了🔥(。", "url": "", "profile_image_url": "https://tvax1.sinaimg.cn/crop.0.0.600.600.50/006D5uWvly8h8u3a5xnbjj30go0gowfl.jpg?KID=imgbed,tva&Expires=1670760419&ssig=QSty%2BaKLQe", "light_ring": false, "cover_image": "https://wx3.sinaimg.cn/crop.0.0.920.300/006D5uWvgy1h6zx8gwp5ej30pk08cjsz.jpg", "cover_image_phone": "https://wx3.sinaimg.cn/crop.0.0.640.640.640/006D5uWvgy1h8u3cer27tj30qo0qomze.jpg", "profile_url": "u/6074384683", "domain": "", "weihao": "", "gender": "m", "followers_count": 14322, "followers_count_str": "1.4万", "friends_count": 353, "pagefriends_count": 13, "statuses_count": 22097, "video_status_count": 54, "video_play_count": 0, "super_topic_not_syn_count": 128, "favourites_count": 1664, "created_at": "Fri Dec 02 13:36:29 +0800 2016", "following": false, "allow_all_act_msg": false, "geo_enabled": true, "verified": true, "verified_type": 0, "remark": "", "insecurity": {"sexual_content": false}, "ptype": 0, "allow_all_comment": true, "avatar_large": "https://tvax1.sinaimg.cn/crop.0.0.600.600.180/006D5uWvly8h8u3a5xnbjj30go0gowfl.jpg?KID=imgbed,tva&Expires=1670760419&ssig=5eiNAJj7RL", "avatar_hd": "https://tvax1.sinaimg.cn/crop.0.0.600.600.1024/006D5uWvly8h8u3a5xnbjj30go0gowfl.jpg?KID=imgbed,tva&Expires=1670760419&ssig=aV9q8c9eBN", "verified_reason": "体育博主", "verified_trade": "", "verified_reason_url": "", "verified_source": "", "verified_source_url": "", "verified_state": 0, "verified_level": 3, "verified_type_ext": 0, "has_service_tel": false, "verified_reason_modified": "", "verified_contact_name": "", "verified_contact_email": "", "verified_contact_mobile": "", "follow_me": false, "like": false, "like_me": false, "online_status": 0, "bi_followers_count": 150, "lang": "zh-cn", "star": 0, "mbtype": 12, "mbrank": 6, "svip": 1, "mb_expire_time": 1675180800, "block_word": 0, "block_app": 1, "chaohua_ability": 0, "brand_ability": 0, "nft_ability": 0, "vplus_ability": 0, "wenda_ability": 0, "live_ability": 0, "gongyi_ability": 0, "paycolumn_ability": 1, "newbrand_ability": 0, "ecommerce_ability": 0, "hardfan_ability": 1, "credit_score": 80, "user_ability": -2144075768, "cardid": "star_1637", "avatargj_id": "gj_vip_413", "urank": 34, "story_read_state": -1, "verified_detail": {"custom": 0, "data": [{"key": 2, "sub_key": 0, "weight": 101, "desc": "体育博主", "timestamp": 0}]}, "vclub_member": 0, "is_teenager": 0, "is_guardian": 1, "is_teenager_list": 0, "pc_new": 7, "special_follow": false, "planet_video": 2, "video_mark": 14, "live_status": 0, "user_ability_extend": 0, "status_total_counter": {"total_cnt": 140732, "repost_cnt": 42851, "comment_cnt": 18205, "like_cnt": 48255, "comment_like_cnt": 31421}, "video_total_counter": {"play_cnt": 1087985}, "brand_account": 0, "hongbaofei": 0, "tab_manage": "[16912010, 0]", "reward_status": 0, "green_mode": 0, "mb_like_privilege": {"like_id": "0016", "like_desc": "🥰感谢点赞"}, "urisk": 17179869184, "avatar_type": 0}, "annotations": [{}, {}, {"super_exparams": "{\"sg_hotword\":1,\"system_pic_only\":0}"}, {"client_mblogid": "a2ea576f-50f4-479a-8afb-bbfc9a119e27"}, {"mapi_request": true}], "reposts_count": 0, "comments_count": 0, "reprint_cmt_count": 0, "attitudes_count": 0, "pending_approval_count": 0, "isLongText": true, "reward_exhibition_type": 0, "hide_flag": 0, "mlevel": 0, "show_mlevel": 0, "biz_ids": [230444], "biz_feature": 4294967304, "topic_id": "1022:1008083a2ae871e1a5435afe05f53490d69a8f", "sync_mblog": true, "is_imported_topic": false, "page_type": 96, "hasActionTypeCard": 0, "darwin_tags": [], "hot_weibo_tags": [], "text_tag_tips": [], "mblogtype": 0, "userType": 0, "more_info_type": 0, "cardid": "star_1637", "number_display_strategy": {"apply_scenario_flag": 3, "display_text_min_number": 1000000, "display_text": "100万+"}, "positive_recom_flag": 0, "content_auth": 0, "gif_ids": "", "is_show_bulletin": 2, "comment_manage_info": {"comment_permission_type": -1, "approval_comment_type": 0, "comment_sort_type": 0, "ai_play_picture_type": 0}, "pic_num": 0, "fid": 4845359221178389, "can_reprint": false, "new_comment_style": 0}, "reply_comment": {"created_at": "Sun Dec 11 08:07:44 +0800 2022", "id": 4845401754046299, "rootid": 4845365633482853, "rootidstr": "4845365633482853", "floor_number": 0, "text": "回复@Chai-yolo:一直以来的总体比例是怎样有目共睹，从赛前黑到赛后的，没有一个队有这种待遇。", "disable_reply": 0, "restrictOperate": 0, "user": {"id": 1954261287, "idstr": "1954261287", "class": 1, "screen_name": "Faust在北欧", "name": "Faust在北欧", "province": "400", "city": "26", "location": "海外 芬兰", "description": "知名不知名博主 | PhD -Brain and Mind Researcher | 坐标芬兰", "url": "", "profile_image_url": "https://tvax4.sinaimg.cn/crop.0.0.1080.1080.50/747ba927ly8h488kmcctnj20u00u0acr.jpg?KID=imgbed,tva&Expires=1670760419&ssig=dFaEIFMllI", "light_ring": false, "cover_image": "https://wx3.sinaimg.cn/crop.0.0.920.300/747ba927gy1frnto1cvxnj20pk08cql0.jpg", "cover_image_phone": "https://wx2.sinaimg.cn/crop.0.0.640.640.640/747ba927gy1gh1cwaecmej20u00u0e0y.jpg;https://wx1.sinaimg.cn/crop.0.0.640.640.640/747ba927gy1gh1cx5cyhwj20u00u0tr8.jpg;https://wx4.sinaimg.cn/crop.0.0.640.640.640/747ba927gy1gh1cxz2q12j20u00u0qkg.jpg;https://wx1.sinaimg.cn/crop.0.0.640.640.640/747ba927gy1gh1cygtajdj20u00u0tr3.jpg", "profile_url": "faustlee", "domain": "faustlee", "weihao": "", "gender": "m", "followers_count": 1865, "followers_count_str": "1865", "friends_count": 492, "pagefriends_count": 15, "statuses_count": 1010, "video_status_count": 119, "video_play_count": 0, "super_topic_not_syn_count": 0, "favourites_count": 24, "created_at": "Sun Feb 06 21:12:48 +0800 2011", "following": false, "allow_all_act_msg": true, "geo_enabled": true, "verified": false, "verified_type": 220, "remark": "", "insecurity": {"sexual_content": false}, "ptype": 0, "allow_all_comment": true, "avatar_large": "https://tvax4.sinaimg.cn/crop.0.0.1080.1080.180/747ba927ly8h488kmcctnj20u00u0acr.jpg?KID=imgbed,tva&Expires=1670760419&ssig=f7lG0ZP%2FSH", "avatar_hd": "https://tvax4.sinaimg.cn/crop.0.0.1080.1080.1024/747ba927ly8h488kmcctnj20u00u0acr.jpg?KID=imgbed,tva&Expires=1670760419&ssig=LIC0HBFXd4", "verified_reason": "", "verified_trade": "", "verified_reason_url": "", "verified_source": "", "verified_source_url": "", "follow_me": false, "like": false, "like_me": false, "online_status": 0, "bi_followers_count": 398, "lang": "zh-cn", "star": 0, "mbtype": 12, "mbrank": 6, "svip": 0, "mb_expire_time": 1673366400, "block_word": 0, "block_app": 1, "chaohua_ability": 0, "brand_ability": 0, "nft_ability": 0, "vplus_ability": 0, "wenda_ability": 0, "live_ability": 0, "gongyi_ability": 0, "paycolumn_ability": 0, "newbrand_ability": 0, "ecommerce_ability": 0, "hardfan_ability": 0, "credit_score": 80, "user_ability": 2360320, "cardid": "star_1319", "avatargj_id": "gj_vip_413", "urank": 36, "story_read_state": -1, "vclub_member": 0, "is_teenager": 0, "is_guardian": 0, "is_teenager_list": 0, "pc_new": 0, "special_follow": false, "planet_video": 2, "video_mark": 15, "live_status": 0, "user_ability_extend": 0, "status_total_counter": {"total_cnt": 10393, "repost_cnt": 291, "comment_cnt": 3333, "like_cnt": 6616, "comment_like_cnt": 153}, "video_total_counter": {"play_cnt": 156765}, "brand_account": 0, "hongbaofei": 0, "tab_manage": "[0, 0]", "reward_status": 0, "green_mode": 0, "urisk": 0, "avatar_type": 0}, "mid": "4845401754046299", "idstr": "4845401754046299", "match_ai_play_picture": false}, "reply_original_text": "葡萄牙该说呀，让C罗做替补咋想的呢。但单说C罗和梅西他俩，你看看这两天热搜词条，别只看到C罗被黑，看看梅西被媒体阴阳成什么样了。", "readtimetype": "comment", "match_ai_play_picture": false}