{"mid": "1958889463", "uid": "MmoAxzSEZ", "name": "沈阳铁路", "time": "2023-1-2 08:20:00", "local": "", "iphone": "微博视频号", "context": "【#一万多刀刻绝美花纹看得太治愈#】跳刀工艺能有多厉害？非遗传承人徐朝兴，现场展示这一“独门秘技”，并传授要领“心手合一”“心到手到”。刀刻完毕，泥坯上呈现出绝美花纹，看↓感受非遗的魅力！#非遗里的中国#央视新闻的微博视频", "comment_num": "17", "like_num": "16", "user": {"focus": "646", "fans": "125.6万", "tweet": "13万"}}