{"created_at": "Mon Aug 08 20:47:17 +0800 2022", "id": 4800294418128176, "rootid": 4800294418128176, "rootidstr": "4800294418128176", "floor_number": 79, "text": "如果你现在是农村户口，让你转城市，你愿意吗？", "disable_reply": 0, "restrictOperate": 0, "source_allowclick": 0, "source_type": 4, "source": "<a href=\"\" rel=\"nofollow\">来自内蒙古</a>", "user": {"id": 1080523183, "idstr": "1080523183", "class": 1, "screen_name": "污力卡卡罗特", "name": "污力卡卡罗特", "province": "100", "city": "1000", "location": "其他", "description": "", "url": "", "profile_image_url": "https://tvax2.sinaimg.cn/crop.0.0.664.664.50/001b7Lrhly8gvoj20j1unj60ig0iggn002.jpg?KID=imgbed,tva&Expires=1674109149&ssig=SUCyx4rYs%2F", "light_ring": false, "cover_image_phone": "https://ww1.sinaimg.cn/crop.0.0.640.640.640/549d0121tw1egm1kjly3jj20hs0hsq4f.jpg", "profile_url": "u/1080523183", "domain": "", "weihao": "", "gender": "m", "followers_count": 74, "followers_count_str": "74", "friends_count": 561, "pagefriends_count": 45, "statuses_count": 15853, "video_status_count": 1, "video_play_count": 0, "super_topic_not_syn_count": 0, "favourites_count": 1, "created_at": "Wed Aug 14 19:34:23 +0800 2013", "following": false, "allow_all_act_msg": false, "geo_enabled": true, "verified": false, "verified_type": -1, "remark": "", "insecurity": {"sexual_content": false}, "ptype": 0, "allow_all_comment": true, "avatar_large": "https://tvax2.sinaimg.cn/crop.0.0.664.664.180/001b7Lrhly8gvoj20j1unj60ig0iggn002.jpg?KID=imgbed,tva&Expires=1674109149&ssig=X8yrw0dmep", "avatar_hd": "https://tvax2.sinaimg.cn/crop.0.0.664.664.1024/001b7Lrhly8gvoj20j1unj60ig0iggn002.jpg?KID=imgbed,tva&Expires=1674109149&ssig=vy4ongcTuI", "verified_reason": "", "verified_trade": "", "verified_reason_url": "", "verified_source": "", "verified_source_url": "", "follow_me": false, "like": false, "like_me": false, "online_status": 0, "bi_followers_count": 2, "lang": "zh-cn", "star": 0, "mbtype": 0, "mbrank": 0, "svip": 0, "mb_expire_time": 0, "block_word": 0, "block_app": 0, "chaohua_ability": 0, "brand_ability": 0, "nft_ability": 0, "vplus_ability": 0, "wenda_ability": 0, "live_ability": 0, "gongyi_ability": 0, "paycolumn_ability": 0, "newbrand_ability": 0, "ecommerce_ability": 0, "hardfan_ability": 0, "wbcolumn_ability": 0, "credit_score": 80, "user_ability": 2360320, "urank": 9, "story_read_state": -1, "vclub_member": 0, "is_teenager": 0, "is_guardian": 0, "is_teenager_list": 0, "pc_new": 0, "special_follow": false, "planet_video": 0, "video_mark": 0, "live_status": 0, "user_ability_extend": 0, "status_total_counter": {"total_cnt": 297, "repost_cnt": 34, "comment_cnt": 36, "like_cnt": 227, "comment_like_cnt": 0}, "video_total_counter": {"play_cnt": -1}, "brand_account": 0, "hongbaofei": 0, "tab_manage": "[0, 0]", "reward_status": 0, "green_mode": 0, "urisk": 566935683072, "unfollowing_recom_switch": 1, "avatar_type": 0}, "mid": "4800294418128176", "idstr": "4800294418128176", "status": {"visible": {"type": 0, "list_id": 0}, "created_at": "Mon Aug 08 17:02:34 +0800 2022", "id": 4800237870253022, "idstr": "4800237870253022", "mid": "4800237870253022", "can_edit": false, "version": 2, "show_additional_indication": 0, "text": "越南将于今年年底彻底废除户籍制度，一个身份证就可以自由迁移，没有城里人和农村人区别。 http://t.cn/RxRan65 ​", "textLength": 104, "source_allowclick": 0, "source_type": 1, "source": "<a href=\"http://app.weibo.com/t/feed/9ksdit\" rel=\"nofollow\">iPhone客户端</a>", "favorited": false, "truncated": false, "in_reply_to_status_id": "", "in_reply_to_user_id": "", "in_reply_to_screen_name": "", "pic_urls": [{"thumbnail_pic": "http://wx3.sinaimg.cn/thumbnail/006UnhTFly1h4zg83klfgj314k1lc7v1.jpg"}], "thumbnail_pic": "http://wx3.sinaimg.cn/thumbnail/006UnhTFly1h4zg83klfgj314k1lc7v1.jpg", "bmiddle_pic": "http://wx3.sinaimg.cn/bmiddle/006UnhTFly1h4zg83klfgj314k1lc7v1.jpg", "original_pic": "http://wx3.sinaimg.cn/large/006UnhTFly1h4zg83klfgj314k1lc7v1.jpg", "geo": {"type": "Point", "coordinates": [43.994259, 116.006752]}, "is_paid": false, "mblog_vip_type": 0, "user": {"id": 6329822151, "idstr": "6329822151", "class": 1, "screen_name": "辽阔草原锡林郭勒", "name": "辽阔草原锡林郭勒", "province": "15", "city": "1000", "location": "内蒙古", "description": "锡林郭勒草原也叫吉祥草原，也有叫天堂草原。", "url": "", "profile_image_url": "https://tvax2.sinaimg.cn/crop.0.0.664.664.50/006UnhTFly8gcza9nbtqwj30ig0igdgy.jpg?KID=imgbed,tva&Expires=1674109149&ssig=Nfc5Q8rrnI", "light_ring": false, "cover_image_phone": "https://wx4.sinaimg.cn/crop.0.0.640.640.640/006UnhTFly1gu49vdpfjqj30u00u0gqy.jpg", "profile_url": "u/6329822151", "domain": "", "weihao": "", "gender": "m", "followers_count": 179179, "followers_count_str": "17.9万", "friends_count": 6692, "pagefriends_count": 25, "statuses_count": 33974, "video_status_count": 2884, "video_play_count": 0, "super_topic_not_syn_count": 0, "favourites_count": 13, "created_at": "Sat Jul 29 10:23:03 +0800 2017", "following": false, "allow_all_act_msg": false, "geo_enabled": true, "verified": true, "verified_type": 0, "remark": "", "insecurity": {"sexual_content": false}, "ptype": 0, "allow_all_comment": true, "avatar_large": "https://tvax2.sinaimg.cn/crop.0.0.664.664.180/006UnhTFly8gcza9nbtqwj30ig0igdgy.jpg?KID=imgbed,tva&Expires=1674109149&ssig=wJjmFFuUN4", "avatar_hd": "https://tvax2.sinaimg.cn/crop.0.0.664.664.1024/006UnhTFly8gcza9nbtqwj30ig0igdgy.jpg?KID=imgbed,tva&Expires=1674109149&ssig=P7vR9mih4F", "verified_reason": "头条文章作者", "verified_trade": "", "verified_reason_url": "", "verified_source": "", "verified_source_url": "", "verified_state": 0, "verified_level": 3, "verified_type_ext": 1, "has_service_tel": false, "verified_reason_modified": "", "verified_contact_name": "", "verified_contact_email": "", "verified_contact_mobile": "", "follow_me": false, "like": false, "like_me": false, "online_status": 0, "bi_followers_count": 8263, "lang": "zh-cn", "star": 0, "mbtype": 12, "mbrank": 7, "svip": 0, "mb_expire_time": 1714320000, "block_word": 0, "block_app": 1, "chaohua_ability": 0, "brand_ability": 0, "nft_ability": 0, "vplus_ability": 1, "wenda_ability": 0, "live_ability": 0, "gongyi_ability": 0, "paycolumn_ability": 1, "newbrand_ability": 0, "ecommerce_ability": 0, "hardfan_ability": 1, "wbcolumn_ability": 0, "credit_score": 80, "user_ability": -2136602104, "cardid": "star_1110", "avatargj_id": "gj_vip_027", "urank": 34, "story_read_state": -1, "verified_detail": {"custom": 1, "data": [{"key": 8, "sub_key": 0, "weight": 0, "desc": "超话主持人（辽阔草原锡林郭勒超话）"}, {"key": 4, "sub_key": 9, "weight": 999, "desc": "头条文章作者"}]}, "vclub_member": 0, "is_teenager": 0, "is_guardian": 0, "is_teenager_list": 0, "pc_new": 7, "special_follow": false, "planet_video": 2, "video_mark": 15, "live_status": 0, "user_ability_extend": 0, "status_total_counter": {"total_cnt": 2801458, "repost_cnt": 916056, "comment_cnt": 403927, "like_cnt": 973399, "comment_like_cnt": 508076}, "video_total_counter": {"play_cnt": 108407002}, "brand_account": 0, "hongbaofei": 0, "tab_manage": "[0, 0]", "reward_status": 0, "green_mode": 0, "urisk": 17179869184, "unfollowing_recom_switch": 1, "avatar_type": 0}, "annotations": [{"photo_sub_type": "0"}, {}, {"spot_type": "0"}, {"place": {"poiid": "8008615250000000000", "title": "锡林郭勒盟", "type": "checkin", "spot_type": "0"}, "client_mblogid": "iPhone-801C4731-6DDE-4A1F-BF9E-FA2374FD8B5D"}, {"mapi_request": true}], "picStatus": "0:1", "reposts_count": 0, "comments_count": 0, "reprint_cmt_count": 0, "attitudes_count": 0, "pending_approval_count": 0, "isLongText": false, "reward_exhibition_type": 0, "hide_flag": 0, "mlevel": 128, "show_mlevel": 0, "biz_ids": [100101], "biz_feature": 4294967300, "topic_id": "1022:100808d453003140b1b1712b036ea0a2a245c1", "sync_mblog": true, "is_imported_topic": false, "hasActionTypeCard": 0, "darwin_tags": [], "hot_weibo_tags": [], "text_tag_tips": [], "mblogtype": 0, "userType": 0, "mlevelSource": "monitor", "more_info_type": 0, "cardid": "star_1110", "number_display_strategy": {"apply_scenario_flag": 3, "display_text_min_number": 1000000, "display_text": "100万+"}, "positive_recom_flag": 0, "content_auth": 0, "gif_ids": "", "is_show_bulletin": 2, "comment_manage_info": {"comment_permission_type": -1, "approval_comment_type": 0, "comment_sort_type": 0, "ai_play_picture_type": 0}, "pic_num": 1, "can_reprint": false, "new_comment_style": 0}, "readtimetype": "comment", "match_ai_play_picture": false}