{"created_at": "Mon Dec 12 09:44:55 +0800 2022", "id": 4845788598898226, "rootid": 4845784628204243, "rootidstr": "4845784628204243", "floor_number": 0, "text": "回复@摇铃唤白兔:我们怎么还是7天[泪]", "disable_reply": 0, "restrictOperate": 0, "source_allowclick": 0, "source_type": 4, "source": "<a href=\"\" rel=\"nofollow\">来自四川</a>", "user": {"id": 2580678543, "idstr": "2580678543", "class": 1, "screen_name": "Vampire_芒果", "name": "Vampire_芒果", "province": "100", "city": "1000", "location": "其他", "description": "这个人粘酒醉！", "url": "", "profile_image_url": "https://tvax3.sinaimg.cn/crop.0.0.1080.1080.50/99d2078fly8gt29tiyquij20u00u0wgz.jpg?KID=imgbed,tva&Expires=1670864488&ssig=emPaTrTOT%2B", "light_ring": false, "profile_url": "vampireVN", "domain": "vampireVN", "weihao": "", "gender": "m", "followers_count": 352, "followers_count_str": "352", "friends_count": 499, "pagefriends_count": 11, "statuses_count": 313, "video_status_count": 0, "video_play_count": 0, "super_topic_not_syn_count": 0, "favourites_count": 4, "created_at": "Wed Jan 18 16:32:03 +0800 2012", "following": false, "allow_all_act_msg": false, "geo_enabled": true, "verified": false, "verified_type": -1, "remark": "", "insecurity": {"sexual_content": false}, "ptype": 0, "allow_all_comment": true, "avatar_large": "https://tvax3.sinaimg.cn/crop.0.0.1080.1080.180/99d2078fly8gt29tiyquij20u00u0wgz.jpg?KID=imgbed,tva&Expires=1670864488&ssig=aFLJjslewu", "avatar_hd": "https://tvax3.sinaimg.cn/crop.0.0.1080.1080.1024/99d2078fly8gt29tiyquij20u00u0wgz.jpg?KID=imgbed,tva&Expires=1670864488&ssig=BMSl5e2q5f", "verified_reason": "", "verified_trade": "", "verified_reason_url": "", "verified_source": "", "verified_source_url": "", "follow_me": false, "like": false, "like_me": false, "online_status": 0, "bi_followers_count": 14, "lang": "zh-cn", "star": 0, "mbtype": 2, "mbrank": 1, "svip": 0, "mb_expire_time": 1656086399, "block_word": 0, "block_app": 0, "chaohua_ability": 0, "brand_ability": 0, "nft_ability": 0, "vplus_ability": 0, "wenda_ability": 0, "live_ability": 0, "gongyi_ability": 0, "paycolumn_ability": 0, "newbrand_ability": 0, "ecommerce_ability": 0, "hardfan_ability": 0, "credit_score": 80, "user_ability": 35652608, "urank": 14, "story_read_state": -1, "vclub_member": 0, "is_teenager": 0, "is_guardian": 0, "is_teenager_list": 0, "pc_new": 7, "special_follow": false, "planet_video": 0, "video_mark": 0, "live_status": 0, "user_ability_extend": 0, "status_total_counter": {"total_cnt": 72, "repost_cnt": 1, "comment_cnt": 17, "like_cnt": 54, "comment_like_cnt": 0}, "video_total_counter": {"play_cnt": -1}, "brand_account": 0, "hongbaofei": 0, "tab_manage": "[0, 0]", "reward_status": 0, "green_mode": 0, "urisk": 8589934592, "avatar_type": 0}, "mid": "4845788598898226", "idstr": "4845788598898226", "status": {"visible": {"type": 0, "list_id": 0}, "created_at": "Mon Dec 12 09:26:06 +0800 2022", "id": 4845783863791964, "idstr": "4845783863791964", "mid": "4845783863791964", "can_edit": false, "version": 2, "show_additional_indication": 0, "text": "行程码关闭下线，之后再也没有查验行程卡的说法咯，应该还是为了减少跨省流动的阻碍吧。#通信行程卡服务正式下线# ​", "textLength": 106, "source_allowclick": 1, "source_type": 2, "source": "<a href=\"http://weibo.com/\" rel=\"nofollow\">睡前看亿眼Android</a>", "favorited": false, "truncated": false, "in_reply_to_status_id": "", "in_reply_to_user_id": "", "in_reply_to_screen_name": "", "pic_urls": [{"thumbnail_pic": "http://wx3.sinaimg.cn/thumbnail/6c55c297gy1h90ro8ypr8j20u019ytbt.jpg"}], "thumbnail_pic": "http://wx3.sinaimg.cn/thumbnail/6c55c297gy1h90ro8ypr8j20u019ytbt.jpg", "bmiddle_pic": "http://wx3.sinaimg.cn/bmiddle/6c55c297gy1h90ro8ypr8j20u019ytbt.jpg", "original_pic": "http://wx3.sinaimg.cn/large/6c55c297gy1h90ro8ypr8j20u019ytbt.jpg", "geo": null, "is_paid": false, "mblog_vip_type": 0, "user": {"id": 1817559703, "idstr": "1817559703", "class": 1, "screen_name": "鸽海成路", "name": "鸽海成路", "province": "50", "city": "12", "location": "重庆 渝北区", "description": "商业合作请联系sakiguo@foxmail.com", "url": "", "profile_image_url": "https://tvax4.sinaimg.cn/crop.9.0.434.434.50/6c55c297ly8gn7g8t42yej20de0j60tg.jpg?KID=imgbed,tva&Expires=1670864488&ssig=D%2BPR%2FWq98c", "light_ring": false, "cover_image": "https://wx3.sinaimg.cn/crop.0.0.920.300/6c55c297gy1fddpc3oshhj20pk08cgt7.jpg", "cover_image_phone": "https://ww1.sinaimg.cn/crop.0.0.640.640.640/549d0121tw1egm1kjly3jj20hs0hsq4f.jpg", "profile_url": "ghclzr", "domain": "ghclzr", "weihao": "", "gender": "m", "followers_count": 1519581, "followers_count_str": "152万", "friends_count": 390, "pagefriends_count": 11, "statuses_count": 9767, "video_status_count": 985, "video_play_count": 0, "super_topic_not_syn_count": 9, "favourites_count": 17, "created_at": "Fri Sep 10 20:24:02 +0800 2010", "following": false, "allow_all_act_msg": false, "geo_enabled": true, "verified": true, "verified_type": 0, "remark": "", "insecurity": {"sexual_content": false}, "ptype": 0, "allow_all_comment": true, "avatar_large": "https://tvax4.sinaimg.cn/crop.9.0.434.434.180/6c55c297ly8gn7g8t42yej20de0j60tg.jpg?KID=imgbed,tva&Expires=1670864488&ssig=FdWuVWcFdq", "avatar_hd": "https://tvax4.sinaimg.cn/crop.9.0.434.434.1024/6c55c297ly8gn7g8t42yej20de0j60tg.jpg?KID=imgbed,tva&Expires=1670864488&ssig=2e4dCrn4j5", "verified_reason": "知名游戏博主 微博原创视频博主 头条文章作者", "verified_trade": "", "verified_reason_url": "", "verified_source": "", "verified_source_url": "", "verified_state": 0, "verified_level": 3, "verified_type_ext": 1, "has_service_tel": false, "verified_reason_modified": "", "verified_contact_name": "", "verified_contact_email": "", "verified_contact_mobile": "", "follow_me": false, "like": false, "like_me": false, "online_status": 0, "bi_followers_count": 258, "lang": "zh-cn", "star": 0, "mbtype": 12, "mbrank": 7, "svip": 0, "mb_expire_time": 1956844800, "block_word": 0, "block_app": 1, "chaohua_ability": 0, "brand_ability": 0, "nft_ability": 0, "vplus_ability": 0, "wenda_ability": 0, "live_ability": 0, "gongyi_ability": 0, "paycolumn_ability": 0, "newbrand_ability": 0, "ecommerce_ability": 0, "hardfan_ability": 1, "credit_score": 80, "user_ability": 11816472, "avatargj_id": "gj_vip_660", "urank": 38, "story_read_state": -1, "verified_detail": {"custom": 1, "data": [{"key": 2, "sub_key": 0, "weight": 10, "desc": "知名游戏博主"}, {"key": 4, "sub_key": 9, "weight": 999, "desc": "头条文章作者"}, {"key": 16, "sub_key": 7, "weight": 11, "desc": "微博原创视频博主"}]}, "vclub_member": 0, "is_teenager": 0, "is_guardian": 0, "is_teenager_list": 0, "pc_new": 6, "special_follow": false, "planet_video": 2, "video_mark": 15, "live_status": 0, "user_ability_extend": 0, "status_total_counter": {"total_cnt": 9349953, "repost_cnt": 456058, "comment_cnt": 2107981, "like_cnt": 3634938, "comment_like_cnt": 3150976}, "video_total_counter": {"play_cnt": 160366201}, "brand_account": 0, "hongbaofei": 0, "tab_manage": "[0, 0]", "reward_status": 0, "green_mode": 0, "urisk": 0, "avatar_type": 0}, "annotations": [{"photo_sub_type": "0"}, {}, {"client_mblogid": "cc532b64-76e3-483e-b067-5a2540b0a505"}, {"mapi_request": true}], "reposts_count": 0, "comments_count": 0, "reprint_cmt_count": 0, "attitudes_count": 0, "pending_approval_count": 0, "isLongText": false, "reward_exhibition_type": 0, "hide_flag": 0, "mlevel": 0, "show_mlevel": 0, "biz_feature": 4294967300, "page_type": 64, "hasActionTypeCard": 0, "darwin_tags": [], "hot_weibo_tags": [], "text_tag_tips": [], "mblogtype": 0, "userType": 0, "more_info_type": 0, "number_display_strategy": {"apply_scenario_flag": 3, "display_text_min_number": 1000000, "display_text": "100万+"}, "positive_recom_flag": 0, "content_auth": 0, "gif_ids": "", "is_show_bulletin": 2, "comment_manage_info": {"comment_permission_type": -1, "approval_comment_type": 0, "comment_sort_type": 0, "ai_play_picture_type": 0}, "pic_num": 1, "can_reprint": false, "new_comment_style": 0}, "reply_comment": {"created_at": "Mon Dec 12 09:29:08 +0800 2022", "id": 4845784628204243, "rootid": 4845784628204243, "rootidstr": "4845784628204243", "floor_number": 3, "text": "一天春节“长假”都调成14天了。不想点办法让人去旅游怎么行[喵喵]", "disable_reply": 0, "restrictOperate": 0, "user": {"id": 2114690713, "idstr": "2114690713", "class": 1, "screen_name": "摇铃唤白兔", "name": "摇铃唤白兔", "province": "35", "city": "1000", "location": "福建", "description": "", "url": "http://wn1965.blog.hexun.com/", "profile_image_url": "https://tvax2.sinaimg.cn/crop.0.0.664.664.50/7e0b9e99ly8fmu8xb264bj20ig0igaan.jpg?KID=imgbed,tva&Expires=1670864488&ssig=SHt7eD03Fr", "light_ring": false, "cover_image_phone": "https://ww1.sinaimg.cn/crop.0.0.640.640.640/549d0121tw1egm1kjly3jj20hs0hsq4f.jpg", "profile_url": "u/2114690713", "domain": "", "weihao": "", "gender": "m", "followers_count": 2, "followers_count_str": "2", "friends_count": 153, "pagefriends_count": 9, "statuses_count": 1, "video_status_count": 0, "video_play_count": 0, "super_topic_not_syn_count": 0, "favourites_count": 62, "created_at": "Sun May 01 10:14:26 +0800 2011", "following": false, "allow_all_act_msg": false, "geo_enabled": true, "verified": false, "verified_type": -1, "remark": "", "insecurity": {"sexual_content": false}, "ptype": 0, "allow_all_comment": true, "avatar_large": "https://tvax2.sinaimg.cn/crop.0.0.664.664.180/7e0b9e99ly8fmu8xb264bj20ig0igaan.jpg?KID=imgbed,tva&Expires=1670864488&ssig=nQ0yFJP8WT", "avatar_hd": "https://tvax2.sinaimg.cn/crop.0.0.664.664.1024/7e0b9e99ly8fmu8xb264bj20ig0igaan.jpg?KID=imgbed,tva&Expires=1670864488&ssig=57F2H%2FoD0V", "verified_reason": "", "verified_trade": "", "verified_reason_url": "", "verified_source": "", "verified_source_url": "", "follow_me": false, "like": false, "like_me": false, "online_status": 0, "bi_followers_count": 1, "lang": "zh-cn", "star": 0, "mbtype": 0, "mbrank": 0, "svip": 0, "mb_expire_time": 0, "block_word": 0, "block_app": 0, "chaohua_ability": 0, "brand_ability": 0, "nft_ability": 0, "vplus_ability": 0, "wenda_ability": 0, "live_ability": 0, "gongyi_ability": 0, "paycolumn_ability": 0, "newbrand_ability": 0, "ecommerce_ability": 0, "hardfan_ability": 0, "credit_score": 80, "user_ability": 35651584, "urank": 4, "story_read_state": -1, "vclub_member": 0, "is_teenager": 0, "is_guardian": 0, "is_teenager_list": 0, "pc_new": 0, "special_follow": false, "planet_video": 0, "video_mark": 0, "live_status": 0, "user_ability_extend": 0, "status_total_counter": {"total_cnt": 0, "repost_cnt": 0, "comment_cnt": 0, "like_cnt": 0, "comment_like_cnt": 0}, "video_total_counter": {"play_cnt": -1}, "brand_account": 0, "hongbaofei": 0, "tab_manage": "[0, 0]", "reward_status": 0, "green_mode": 0, "urisk": 0, "avatar_type": 0}, "mid": "4845784628204243", "idstr": "4845784628204243", "match_ai_play_picture": false}, "reply_original_text": "我们怎么还是7天[泪]", "readtimetype": "comment", "match_ai_play_picture": false}