{"created_at": "Mon Dec 12 11:20:16 +0800 2022", "id": 4845812599752838, "rootid": 4845785117626814, "rootidstr": "4845785117626814", "floor_number": 0, "text": "回复@小小小小小_哥:符合疫情发展规律", "disable_reply": 0, "restrictOperate": 0, "source_allowclick": 0, "source_type": 4, "source": "<a href=\"\" rel=\"nofollow\">来自浙江</a>", "user": {"id": 5239127312, "idstr": "5239127312", "class": 1, "screen_name": "多多蜜迷", "name": "多多蜜迷", "province": "33", "city": "1000", "location": "浙江", "description": "原批，阴阳师，农药，守望先锋，我的成分太复杂辣，骂我的都是初生，说的就是你🈯", "url": "", "profile_image_url": "https://tvax4.sinaimg.cn/crop.0.0.512.512.50/005IyQlqly8h6b2movbl2j30e80e8jry.jpg?KID=imgbed,tva&Expires=1670864488&ssig=TFaWr0VdIh", "light_ring": false, "cover_image_phone": "https://ww1.sinaimg.cn/crop.0.0.640.640.640/549d0121tw1egm1kjly3jj20hs0hsq4f.jpg", "profile_url": "u/5239127312", "domain": "", "weihao": "", "gender": "m", "followers_count": 19, "followers_count_str": "19", "friends_count": 36, "pagefriends_count": 4, "statuses_count": 27, "video_status_count": 0, "video_play_count": 0, "super_topic_not_syn_count": 0, "favourites_count": 0, "created_at": "Sat Aug 02 23:18:48 +0800 2014", "following": false, "allow_all_act_msg": false, "geo_enabled": true, "verified": false, "verified_type": -1, "remark": "", "insecurity": {"sexual_content": false}, "ptype": 0, "allow_all_comment": true, "avatar_large": "https://tvax4.sinaimg.cn/crop.0.0.512.512.180/005IyQlqly8h6b2movbl2j30e80e8jry.jpg?KID=imgbed,tva&Expires=1670864488&ssig=IdaSAEbZ03", "avatar_hd": "https://tvax4.sinaimg.cn/crop.0.0.512.512.1024/005IyQlqly8h6b2movbl2j30e80e8jry.jpg?KID=imgbed,tva&Expires=1670864488&ssig=rydGqbPBs1", "verified_reason": "", "verified_trade": "", "verified_reason_url": "", "verified_source": "", "verified_source_url": "", "follow_me": false, "like": false, "like_me": false, "online_status": 0, "bi_followers_count": 1, "lang": "zh-cn", "star": 0, "mbtype": 0, "mbrank": 0, "svip": 0, "mb_expire_time": 0, "block_word": 0, "block_app": 0, "chaohua_ability": 0, "brand_ability": 0, "nft_ability": 0, "vplus_ability": 0, "wenda_ability": 0, "live_ability": 0, "gongyi_ability": 0, "paycolumn_ability": 0, "newbrand_ability": 0, "ecommerce_ability": 0, "hardfan_ability": 0, "credit_score": 80, "user_ability": 2097152, "urank": 3, "story_read_state": -1, "vclub_member": 0, "is_teenager": 0, "is_guardian": 0, "is_teenager_list": 0, "pc_new": 7, "special_follow": false, "planet_video": 0, "video_mark": 0, "live_status": 0, "user_ability_extend": 0, "status_total_counter": {"total_cnt": 40, "repost_cnt": 1, "comment_cnt": 23, "like_cnt": 16, "comment_like_cnt": 0}, "video_total_counter": {"play_cnt": -1}, "brand_account": 0, "hongbaofei": 0, "tab_manage": "[0, 0]", "reward_status": 0, "green_mode": 0, "urisk": 17179869184, "avatar_type": 0}, "mid": "4845812599752838", "idstr": "4845812599752838", "status": {"visible": {"type": 0, "list_id": 0}, "created_at": "Mon Dec 12 09:26:06 +0800 2022", "id": 4845783863791964, "idstr": "4845783863791964", "mid": "4845783863791964", "can_edit": false, "version": 2, "show_additional_indication": 0, "text": "行程码关闭下线，之后再也没有查验行程卡的说法咯，应该还是为了减少跨省流动的阻碍吧。#通信行程卡服务正式下线# ​", "textLength": 106, "source_allowclick": 1, "source_type": 2, "source": "<a href=\"http://weibo.com/\" rel=\"nofollow\">睡前看亿眼Android</a>", "favorited": false, "truncated": false, "in_reply_to_status_id": "", "in_reply_to_user_id": "", "in_reply_to_screen_name": "", "pic_urls": [{"thumbnail_pic": "http://wx3.sinaimg.cn/thumbnail/6c55c297gy1h90ro8ypr8j20u019ytbt.jpg"}], "thumbnail_pic": "http://wx3.sinaimg.cn/thumbnail/6c55c297gy1h90ro8ypr8j20u019ytbt.jpg", "bmiddle_pic": "http://wx3.sinaimg.cn/bmiddle/6c55c297gy1h90ro8ypr8j20u019ytbt.jpg", "original_pic": "http://wx3.sinaimg.cn/large/6c55c297gy1h90ro8ypr8j20u019ytbt.jpg", "geo": null, "is_paid": false, "mblog_vip_type": 0, "user": {"id": 1817559703, "idstr": "1817559703", "class": 1, "screen_name": "鸽海成路", "name": "鸽海成路", "province": "50", "city": "12", "location": "重庆 渝北区", "description": "商业合作请联系sakiguo@foxmail.com", "url": "", "profile_image_url": "https://tvax4.sinaimg.cn/crop.9.0.434.434.50/6c55c297ly8gn7g8t42yej20de0j60tg.jpg?KID=imgbed,tva&Expires=1670864488&ssig=D%2BPR%2FWq98c", "light_ring": false, "cover_image": "https://wx3.sinaimg.cn/crop.0.0.920.300/6c55c297gy1fddpc3oshhj20pk08cgt7.jpg", "cover_image_phone": "https://ww1.sinaimg.cn/crop.0.0.640.640.640/549d0121tw1egm1kjly3jj20hs0hsq4f.jpg", "profile_url": "ghclzr", "domain": "ghclzr", "weihao": "", "gender": "m", "followers_count": 1519581, "followers_count_str": "152万", "friends_count": 390, "pagefriends_count": 11, "statuses_count": 9767, "video_status_count": 985, "video_play_count": 0, "super_topic_not_syn_count": 9, "favourites_count": 17, "created_at": "Fri Sep 10 20:24:02 +0800 2010", "following": false, "allow_all_act_msg": false, "geo_enabled": true, "verified": true, "verified_type": 0, "remark": "", "insecurity": {"sexual_content": false}, "ptype": 0, "allow_all_comment": true, "avatar_large": "https://tvax4.sinaimg.cn/crop.9.0.434.434.180/6c55c297ly8gn7g8t42yej20de0j60tg.jpg?KID=imgbed,tva&Expires=1670864488&ssig=FdWuVWcFdq", "avatar_hd": "https://tvax4.sinaimg.cn/crop.9.0.434.434.1024/6c55c297ly8gn7g8t42yej20de0j60tg.jpg?KID=imgbed,tva&Expires=1670864488&ssig=2e4dCrn4j5", "verified_reason": "知名游戏博主 微博原创视频博主 头条文章作者", "verified_trade": "", "verified_reason_url": "", "verified_source": "", "verified_source_url": "", "verified_state": 0, "verified_level": 3, "verified_type_ext": 1, "has_service_tel": false, "verified_reason_modified": "", "verified_contact_name": "", "verified_contact_email": "", "verified_contact_mobile": "", "follow_me": false, "like": false, "like_me": false, "online_status": 0, "bi_followers_count": 258, "lang": "zh-cn", "star": 0, "mbtype": 12, "mbrank": 7, "svip": 0, "mb_expire_time": 1956844800, "block_word": 0, "block_app": 1, "chaohua_ability": 0, "brand_ability": 0, "nft_ability": 0, "vplus_ability": 0, "wenda_ability": 0, "live_ability": 0, "gongyi_ability": 0, "paycolumn_ability": 0, "newbrand_ability": 0, "ecommerce_ability": 0, "hardfan_ability": 1, "credit_score": 80, "user_ability": 11816472, "avatargj_id": "gj_vip_660", "urank": 38, "story_read_state": -1, "verified_detail": {"custom": 1, "data": [{"key": 2, "sub_key": 0, "weight": 10, "desc": "知名游戏博主"}, {"key": 4, "sub_key": 9, "weight": 999, "desc": "头条文章作者"}, {"key": 16, "sub_key": 7, "weight": 11, "desc": "微博原创视频博主"}]}, "vclub_member": 0, "is_teenager": 0, "is_guardian": 0, "is_teenager_list": 0, "pc_new": 6, "special_follow": false, "planet_video": 2, "video_mark": 15, "live_status": 0, "user_ability_extend": 0, "status_total_counter": {"total_cnt": 9349953, "repost_cnt": 456058, "comment_cnt": 2107981, "like_cnt": 3634938, "comment_like_cnt": 3150976}, "video_total_counter": {"play_cnt": 160366201}, "brand_account": 0, "hongbaofei": 0, "tab_manage": "[0, 0]", "reward_status": 0, "green_mode": 0, "urisk": 0, "avatar_type": 0}, "annotations": [{"photo_sub_type": "0"}, {}, {"client_mblogid": "cc532b64-76e3-483e-b067-5a2540b0a505"}, {"mapi_request": true}], "reposts_count": 0, "comments_count": 0, "reprint_cmt_count": 0, "attitudes_count": 0, "pending_approval_count": 0, "isLongText": false, "reward_exhibition_type": 0, "hide_flag": 0, "mlevel": 0, "show_mlevel": 0, "biz_feature": 4294967300, "page_type": 64, "hasActionTypeCard": 0, "darwin_tags": [], "hot_weibo_tags": [], "text_tag_tips": [], "mblogtype": 0, "userType": 0, "more_info_type": 0, "number_display_strategy": {"apply_scenario_flag": 3, "display_text_min_number": 1000000, "display_text": "100万+"}, "positive_recom_flag": 0, "content_auth": 0, "gif_ids": "", "is_show_bulletin": 2, "comment_manage_info": {"comment_permission_type": -1, "approval_comment_type": 0, "comment_sort_type": 0, "ai_play_picture_type": 0}, "pic_num": 1, "can_reprint": false, "new_comment_style": 0}, "reply_comment": {"created_at": "Mon Dec 12 09:31:05 +0800 2022", "id": 4845785117626814, "rootid": 4845785117626814, "rootidstr": "4845785117626814", "floor_number": 5, "text": "让地方想查都查不了，看来让全民感染的决心是很坚定的", "disable_reply": 0, "restrictOperate": 0, "comment_badge": [{"pic_url": "https://h5.sinaimg.cn/upload/114/962/2022/07/08/member_6_bigfan1_3.png", "name": "loyal_fans", "length": 1.33, "actionlog": {"act_code": "3671", "ext": "status:fans"}, "scheme": "https://kefu.weibo.com/faqdetail?id=20848", "new_icon": true}, {"pic_url": "https://h5.sinaimg.cn/upload/114/962/2022/07/08/member_6_bigfan1_3.png", "name": "loyal_fans", "length": 1.33, "actionlog": {"act_code": "3671", "ext": "status:fans"}, "scheme": "https://kefu.weibo.com/faqdetail?id=20848", "new_icon": true}, {"pic_url": "https://h5.sinaimg.cn/upload/114/962/2022/07/08/member_6_bigfan1_3.png", "name": "loyal_fans", "length": 1.33, "actionlog": {"act_code": "3671", "ext": "status:fans"}, "scheme": "https://kefu.weibo.com/faqdetail?id=20848", "new_icon": true}, {"pic_url": "https://h5.sinaimg.cn/upload/114/962/2022/07/08/member_6_bigfan1_3.png", "name": "loyal_fans", "length": 1.33, "actionlog": {"act_code": "3671", "ext": "status:fans"}, "scheme": "https://kefu.weibo.com/faqdetail?id=20848", "new_icon": true}, {"pic_url": "https://h5.sinaimg.cn/upload/114/962/2022/07/08/member_6_bigfan1_3.png", "name": "loyal_fans", "length": 1.33, "actionlog": {"act_code": "3671", "ext": "status:fans"}, "scheme": "https://kefu.weibo.com/faqdetail?id=20848", "new_icon": true}, {"pic_url": "https://h5.sinaimg.cn/upload/114/962/2022/07/08/member_6_bigfan1_3.png", "name": "loyal_fans", "length": 1.33, "actionlog": {"act_code": "3671", "ext": "status:fans"}, "scheme": "https://kefu.weibo.com/faqdetail?id=20848", "new_icon": true}, {"pic_url": "https://h5.sinaimg.cn/upload/114/962/2022/07/08/member_6_bigfan1_3.png", "name": "loyal_fans", "length": 1.33, "actionlog": {"act_code": "3671", "ext": "status:fans"}, "scheme": "https://kefu.weibo.com/faqdetail?id=20848", "new_icon": true}], "user": {"id": 1830590142, "idstr": "1830590142", "class": 1, "screen_name": "小小小小小_哥", "name": "小小小小小_哥", "province": "100", "city": "1000", "location": "其他", "description": "知名作家，如有雷同，纯属虚构。٩(๑`^´๑)۶代表作：《硕艳与硕彬的大学日常》", "url": "http://user.qzone.qq.com/576810965", "profile_image_url": "https://tvax1.sinaimg.cn/crop.0.0.440.440.50/6d1c96bely8gdizhn89maj20c80c874h.jpg?KID=imgbed,tva&Expires=1670864488&ssig=gjanqIDLbu", "light_ring": false, "cover_image": "https://wx3.sinaimg.cn/crop.0.0.920.300/6d1c96bely1gklcj2osbmj20pk08cwre.jpg", "cover_image_phone": "https://wx2.sinaimg.cn/crop.0.0.640.640.640/6d1c96begy1h1qxb63wukj20u00u0q75.jpg", "profile_url": "eastdawn", "domain": "eastdawn", "weihao": "", "gender": "f", "followers_count": 1330, "followers_count_str": "1330", "friends_count": 348, "pagefriends_count": 5, "statuses_count": 10627, "video_status_count": 0, "video_play_count": 0, "super_topic_not_syn_count": 0, "favourites_count": 2225, "created_at": "Mon Sep 27 13:12:47 +0800 2010", "following": false, "allow_all_act_msg": true, "geo_enabled": false, "verified": false, "verified_type": 220, "remark": "", "insecurity": {"sexual_content": false}, "ptype": 0, "allow_all_comment": true, "avatar_large": "https://tvax1.sinaimg.cn/crop.0.0.440.440.180/6d1c96bely8gdizhn89maj20c80c874h.jpg?KID=imgbed,tva&Expires=1670864488&ssig=NuZYPBRng1", "avatar_hd": "https://tvax1.sinaimg.cn/crop.0.0.440.440.1024/6d1c96bely8gdizhn89maj20c80c874h.jpg?KID=imgbed,tva&Expires=1670864488&ssig=RRhfRkv1JW", "verified_reason": "", "verified_trade": "", "verified_reason_url": "", "verified_source": "", "verified_source_url": "", "follow_me": false, "like": false, "like_me": false, "online_status": 0, "bi_followers_count": 62, "lang": "zh-hk", "star": 0, "mbtype": 12, "mbrank": 6, "svip": 0, "mb_expire_time": 1754236800, "block_word": 1, "block_app": 1, "chaohua_ability": 0, "brand_ability": 0, "nft_ability": 0, "vplus_ability": 0, "wenda_ability": 0, "live_ability": 0, "gongyi_ability": 0, "paycolumn_ability": 0, "newbrand_ability": 0, "ecommerce_ability": 0, "hardfan_ability": 0, "credit_score": 80, "user_ability": 2097152, "cardid": "star_1189", "avatargj_id": "gj_vip_214", "urank": 40, "story_read_state": -1, "vclub_member": 0, "is_teenager": 0, "is_guardian": 0, "is_teenager_list": 0, "pc_new": 7, "special_follow": false, "planet_video": 2, "video_mark": 0, "live_status": 0, "user_ability_extend": 0, "status_total_counter": {"total_cnt": 17803, "repost_cnt": 800, "comment_cnt": 14591, "like_cnt": 2274, "comment_like_cnt": 138}, "video_total_counter": {"play_cnt": 1}, "brand_account": 0, "hongbaofei": 0, "tab_manage": "[0, 0]", "reward_status": 0, "green_mode": 0, "mb_like_privilege": {"like_id": "0026_64", "like_desc": ""}, "urisk": 566935683072, "avatar_type": 0}, "mid": "4845785117626814", "idstr": "4845785117626814", "match_ai_play_picture": false}, "reply_original_text": "符合疫情发展规律", "readtimetype": "comment", "match_ai_play_picture": false}