{"mid": "1217900313", "uid": "MlNr3jr6z", "name": "黄冈检察", "time": "2022-12-29 09:45:00", "local": "", "iphone": "微博视频号", "context": "#“疫”线微观#【#北京协和医院发热门诊现状#】北京协和医院通过内部改造、扩容，现拥有两个发热门诊区。近期来就诊的多为老年患者，几乎每位都要及时进行吸氧处置。新冠重症患者急诊首诊负责，必要时再转至各专科设置的ICU。一线医生面临着压力与挑战，“大夫在陆续返岗，社会的反应速度、支援力量也在跟上。我们一定会越来越好。”看总台记者实地探访↓#白肺和原始毒株及疫苗接种没关系#（央视新闻）央视新闻的微博视频", "comment_num": "4", "like_num": "1", "user": {"focus": "318", "fans": "3.3万", "tweet": "12451"}}