{"created_at": "Fri Dec 09 00:08:54 +0800 2022", "id": 4844556476491988, "rootid": 4844420761915596, "rootidstr": "4844420761915596", "floor_number": 0, "text": "回复@肚子饿了怎么办2022:台灣真的有喔，裏面器材都是針對女性設計的，挺火的，分店到處都有", "disable_reply": 0, "restrictOperate": 0, "source_allowclick": 0, "source_type": 4, "source": "<a href=\"\" rel=\"nofollow\">来自中国台湾</a>", "user": {"id": 6090081694, "idstr": "6090081694", "class": 1, "screen_name": "makabakamakabakadululu", "name": "makabakamakabakadululu", "province": "100", "city": "1000", "location": "其他", "description": "", "url": "", "profile_image_url": "https://tvax1.sinaimg.cn/default/images/default_avatar_male_50.gif?KID=imgbed,tva&Expires=1673957617&ssig=JQIxHuLGW0", "light_ring": false, "cover_image_phone": "https://ww1.sinaimg.cn/crop.0.0.640.640.640/549d0121tw1egm1kjly3jj20hs0hsq4f.jpg", "profile_url": "u/6090081694", "domain": "", "weihao": "", "gender": "m", "followers_count": 2, "followers_count_str": "2", "friends_count": 67, "pagefriends_count": 0, "statuses_count": 4, "video_status_count": 0, "video_play_count": 0, "super_topic_not_syn_count": 0, "favourites_count": 0, "created_at": "Sat Dec 24 16:57:35 +0800 2016", "following": false, "allow_all_act_msg": false, "geo_enabled": true, "verified": false, "verified_type": -1, "remark": "", "insecurity": {"sexual_content": false}, "ptype": 0, "allow_all_comment": true, "avatar_large": "https://tvax1.sinaimg.cn/default/images/default_avatar_male_180.gif?KID=imgbed,tva&Expires=1673957617&ssig=01ZqzLvW1B", "avatar_hd": "https://tvax1.sinaimg.cn/default/images/default_avatar_male_180.gif?KID=imgbed,tva&Expires=1673957617&ssig=01ZqzLvW1B", "verified_reason": "", "verified_trade": "", "verified_reason_url": "", "verified_source": "", "verified_source_url": "", "follow_me": false, "like": false, "like_me": false, "online_status": 0, "bi_followers_count": 0, "lang": "zh-cn", "star": 0, "mbtype": 0, "mbrank": 0, "svip": 0, "mb_expire_time": 0, "block_word": 0, "block_app": 0, "chaohua_ability": 0, "brand_ability": 0, "nft_ability": 0, "vplus_ability": 0, "wenda_ability": 0, "live_ability": 0, "gongyi_ability": 0, "paycolumn_ability": 0, "newbrand_ability": 0, "ecommerce_ability": 0, "hardfan_ability": 0, "wbcolumn_ability": 0, "credit_score": 80, "user_ability": 2097152, "urank": 2, "story_read_state": -1, "vclub_member": 0, "is_teenager": 0, "is_guardian": 0, "is_teenager_list": 0, "pc_new": 7, "special_follow": false, "planet_video": 0, "video_mark": 0, "live_status": 0, "user_ability_extend": 0, "status_total_counter": {"total_cnt": 3, "repost_cnt": 0, "comment_cnt": 1, "like_cnt": 2, "comment_like_cnt": 0}, "video_total_counter": {"play_cnt": -1}, "brand_account": 0, "hongbaofei": 0, "tab_manage": "[0, 0]", "reward_status": 0, "green_mode": 0, "urisk": 0, "avatar_type": 0}, "mid": "4844556476491988", "idstr": "4844556476491988", "status": {"visible": {"type": 0, "list_id": 0}, "created_at": "Thu Dec 08 14:26:16 +0800 2022", "id": 4844409852529154, "idstr": "4844409852529154", "mid": "4844409852529154", "can_edit": false, "show_additional_indication": 0, "text": "#两女生合开女子专属健身房# 说明有这样的市场细分需求，一些女生不喜欢男女混合的健身房，感觉没什么不妥，专属的可能也不会顾虑太多，健身心情会更放松。不知道这种女子专属健身房有没有男教练？？ ​", "textLength": 185, "source_allowclick": 0, "source_type": 1, "source": "<a href=\"http://app.weibo.com/t/feed/5hFtym\" rel=\"nofollow\">iPhone 12 Pro Max</a>", "favorited": false, "truncated": false, "in_reply_to_status_id": "", "in_reply_to_user_id": "", "in_reply_to_screen_name": "", "pic_urls": [], "geo": null, "is_paid": false, "mblog_vip_type": 0, "user": {"id": 6314227576, "idstr": "6314227576", "class": 1, "screen_name": "嘻哈教父", "name": "嘻哈教父", "province": "100", "city": "1000", "location": "其他", "description": "wx：FFAADDD 备注合作的内容", "url": "", "profile_image_url": "https://tvax3.sinaimg.cn/crop.0.0.1002.1002.50/006TjR2gly8g2jobabnhxj30ru0ruwh6.jpg?KID=imgbed,tva&Expires=1673957617&ssig=nO6TRWyka5", "light_ring": false, "cover_image_phone": "https://wx3.sinaimg.cn/crop.0.0.640.640.640/006TjR2ggy1h48xbv7vnmj30u00u00xh.jpg", "profile_url": "u/6314227576", "domain": "", "weihao": "", "gender": "m", "followers_count": 2613198, "followers_count_str": "261.3万", "friends_count": 943, "pagefriends_count": 116, "statuses_count": 1609, "video_status_count": 1085, "video_play_count": 0, "super_topic_not_syn_count": 358, "favourites_count": 58, "created_at": "Tue Jul 11 20:14:52 +0800 2017", "following": false, "allow_all_act_msg": false, "geo_enabled": true, "verified": true, "verified_type": 0, "remark": "", "insecurity": {"sexual_content": false}, "ptype": 0, "allow_all_comment": true, "avatar_large": "https://tvax3.sinaimg.cn/crop.0.0.1002.1002.180/006TjR2gly8g2jobabnhxj30ru0ruwh6.jpg?KID=imgbed,tva&Expires=1673957617&ssig=hEgXEIWIDj", "avatar_hd": "https://tvax3.sinaimg.cn/crop.0.0.1002.1002.1024/006TjR2gly8g2jobabnhxj30ru0ruwh6.jpg?KID=imgbed,tva&Expires=1673957617&ssig=HnhzHw8utP", "verified_reason": "知名音乐博主 超话主持人（知名hiphop博主丨嘻哈风壁纸头像超话）", "verified_trade": "", "verified_reason_url": "", "verified_source": "", "verified_source_url": "", "verified_state": 0, "verified_level": 3, "verified_type_ext": 1, "has_service_tel": false, "verified_reason_modified": "", "verified_contact_name": "", "verified_contact_email": "", "verified_contact_mobile": "", "follow_me": false, "like": false, "like_me": false, "online_status": 0, "bi_followers_count": 345, "lang": "zh-cn", "star": 0, "mbtype": 12, "mbrank": 7, "svip": 0, "mb_expire_time": 1686153600, "block_word": 0, "block_app": 1, "chaohua_ability": 0, "brand_ability": 0, "nft_ability": 0, "vplus_ability": 0, "wenda_ability": 0, "live_ability": 0, "gongyi_ability": 0, "paycolumn_ability": 0, "newbrand_ability": 0, "ecommerce_ability": 0, "hardfan_ability": 1, "wbcolumn_ability": 0, "credit_score": 80, "user_ability": -2144075256, "cardid": "star_1042", "urank": 26, "story_read_state": -1, "verified_detail": {"custom": 1, "data": [{"key": 2, "sub_key": 0, "weight": 10, "desc": "知名音乐博主", "timestamp": 0}, {"key": 8, "sub_key": 0, "weight": 11, "desc": "超话主持人（知名hiphop博主丨嘻哈风壁纸头像超话）", "timestamp": 0}, {"key": 1, "sub_key": 0, "weight": 0, "desc": "2020环球记忆锦标赛 第一届全国扑克记忆挑战赛十强选手称号奖", "timestamp": 0}]}, "vclub_member": 0, "is_teenager": 0, "is_guardian": 0, "is_teenager_list": 0, "pc_new": 7, "special_follow": false, "planet_video": 2, "video_mark": 15, "live_status": 0, "user_ability_extend": 0, "status_total_counter": {"total_cnt": 16809048, "repost_cnt": 15854913, "comment_cnt": 96346, "like_cnt": 750543, "comment_like_cnt": 107246}, "video_total_counter": {"play_cnt": 141954508}, "brand_account": 0, "hongbaofei": 0, "tab_manage": "[16912010, 0]", "reward_status": 0, "green_mode": 0, "urisk": 1048576, "avatar_type": 0}, "annotations": [{}, {"shooting": 1, "client_mblogid": "iPhone-4D7C5D9C-0618-4C61-9428-5E2613A59ABB"}, {"mapi_request": true}], "reposts_count": 0, "comments_count": 0, "reprint_cmt_count": 0, "attitudes_count": 0, "pending_approval_count": 0, "isLongText": false, "reward_exhibition_type": 0, "hide_flag": 0, "mlevel": 0, "show_mlevel": 0, "biz_feature": 0, "topic_id": "1022:100808696a86f58ac6128f270e97913b979489", "sync_mblog": false, "is_imported_topic": false, "page_type": 64, "hasActionTypeCard": 0, "darwin_tags": [], "hot_weibo_tags": [], "text_tag_tips": [], "mblogtype": 0, "userType": 0, "more_info_type": 0, "cardid": "star_1042", "number_display_strategy": {"apply_scenario_flag": 3, "display_text_min_number": 1000000, "display_text": "100万+"}, "positive_recom_flag": 0, "content_auth": 0, "gif_ids": "", "is_show_bulletin": 2, "comment_manage_info": {"comment_permission_type": -1, "approval_comment_type": 0, "comment_sort_type": 0, "ai_play_picture_type": 0}, "pic_num": 0, "can_reprint": false, "new_comment_style": 0}, "reply_comment": {"created_at": "Thu Dec 08 15:09:37 +0800 2022", "id": 4844420761915596, "rootid": 4844420761915596, "rootidstr": "4844420761915596", "floor_number": 8, "text": "这种最大的问题是如何经营下去。砍了一半客源，然后本身女性健身的做有氧比较多。 健身器材购买和保养也不便宜。 如何在这找到折中点然后赚钱其实挺难的。", "disable_reply": 0, "restrictOperate": 0, "user": {"id": 7660866858, "idstr": "7660866858", "class": 1, "screen_name": "肚子饿了怎么办2022", "name": "肚子饿了怎么办2022", "province": "400", "city": "11", "location": "海外 新加坡", "description": "", "url": "", "profile_image_url": "https://tvax3.sinaimg.cn/crop.0.0.1080.1080.50/008msdqGly8h5bdwmtgdnj30u00u079a.jpg?KID=imgbed,tva&Expires=1673957617&ssig=l77XDG01Xz", "light_ring": false, "profile_url": "u/7660866858", "domain": "", "weihao": "", "gender": "f", "followers_count": 1, "followers_count_str": "1", "friends_count": 107, "pagefriends_count": 8, "statuses_count": 6, "video_status_count": 0, "video_play_count": 0, "super_topic_not_syn_count": 0, "favourites_count": 0, "created_at": "Fri Jul 30 12:15:16 +0800 2021", "following": false, "allow_all_act_msg": false, "geo_enabled": true, "verified": false, "verified_type": -1, "remark": "", "insecurity": {"sexual_content": false}, "ptype": 0, "allow_all_comment": true, "avatar_large": "https://tvax3.sinaimg.cn/crop.0.0.1080.1080.180/008msdqGly8h5bdwmtgdnj30u00u079a.jpg?KID=imgbed,tva&Expires=1673957617&ssig=iXysGyYvYM", "avatar_hd": "https://tvax3.sinaimg.cn/crop.0.0.1080.1080.1024/008msdqGly8h5bdwmtgdnj30u00u079a.jpg?KID=imgbed,tva&Expires=1673957617&ssig=v2G6oN9BRi", "verified_reason": "", "verified_trade": "", "verified_reason_url": "", "verified_source": "", "verified_source_url": "", "follow_me": false, "like": false, "like_me": false, "online_status": 0, "bi_followers_count": 0, "lang": "zh-cn", "star": 0, "mbtype": 0, "mbrank": 0, "svip": 0, "mb_expire_time": 0, "block_word": 0, "block_app": 0, "credit_score": 80, "user_ability": 2097152, "urank": 0, "story_read_state": -1, "vclub_member": 0, "is_teenager": 0, "is_guardian": 0, "is_teenager_list": 0, "pc_new": 0, "special_follow": false, "planet_video": 0, "video_mark": 0, "live_status": 0, "user_ability_extend": 0, "status_total_counter": {"total_cnt": 0, "repost_cnt": 0, "comment_cnt": 0, "like_cnt": 0, "comment_like_cnt": 0}, "video_total_counter": {"play_cnt": -1}, "brand_account": 0, "hongbaofei": 0, "tab_manage": "[0, 0]", "green_mode": 0, "urisk": 524288, "block": 0, "block_me": 0, "avatar_type": 0}, "mid": "4844420761915596", "idstr": "4844420761915596", "match_ai_play_picture": false}, "reply_original_text": "台灣真的有喔，裏面器材都是針對女性設計的，挺火的，分店到處都有", "readtimetype": "comment", "match_ai_play_picture": false}