{"created_at": "Fri Dec 09 11:48:57 +0800 2022", "id": 4844732650626580, "rootid": 4844547837005467, "rootidstr": "4844547837005467", "floor_number": 0, "text": "回复@桃子小姐不熬夜丷:跟男女厕一样，哪来的性别歧视？", "disable_reply": 0, "restrictOperate": 0, "source_allowclick": 0, "source_type": 4, "source": "<a href=\"\" rel=\"nofollow\">来自广东</a>", "user": {"id": 2551028700, "idstr": "2551028700", "class": 1, "screen_name": "银子Going", "name": "银子Going", "province": "44", "city": "1", "location": "广东 广州", "description": "", "url": "", "profile_image_url": "https://tvax3.sinaimg.cn/crop.146.184.408.408.50/980d9bdcly8g3h09cylqnj20j60sr789.jpg?KID=imgbed,tva&Expires=1673957545&ssig=EryYhaMhR%2F", "light_ring": false, "cover_image_phone": "https://ww1.sinaimg.cn/crop.0.0.640.640.640/549d0121tw1egm1kjly3jj20hs0hsq4f.jpg", "profile_url": "u/2551028700", "domain": "", "weihao": "", "gender": "f", "followers_count": 110, "followers_count_str": "110", "friends_count": 140, "pagefriends_count": 4, "statuses_count": 626, "video_status_count": 2, "video_play_count": 0, "super_topic_not_syn_count": 0, "favourites_count": 0, "created_at": "Mon Nov 21 23:13:39 +0800 2011", "following": false, "allow_all_act_msg": false, "geo_enabled": true, "verified": false, "verified_type": -1, "remark": "", "insecurity": {"sexual_content": false}, "ptype": 0, "allow_all_comment": true, "avatar_large": "https://tvax3.sinaimg.cn/crop.146.184.408.408.180/980d9bdcly8g3h09cylqnj20j60sr789.jpg?KID=imgbed,tva&Expires=1673957545&ssig=nhr47tesH2", "avatar_hd": "https://tvax3.sinaimg.cn/crop.146.184.408.408.1024/980d9bdcly8g3h09cylqnj20j60sr789.jpg?KID=imgbed,tva&Expires=1673957545&ssig=P1aXxMUeV%2F", "verified_reason": "", "verified_trade": "", "verified_reason_url": "", "verified_source": "", "verified_source_url": "", "follow_me": false, "like": false, "like_me": false, "online_status": 0, "bi_followers_count": 0, "lang": "zh-cn", "star": 0, "mbtype": 0, "mbrank": 0, "svip": 0, "mb_expire_time": 0, "block_word": 0, "block_app": 0, "chaohua_ability": 0, "brand_ability": 0, "nft_ability": 0, "vplus_ability": 0, "wenda_ability": 0, "live_ability": 0, "gongyi_ability": 0, "paycolumn_ability": 0, "newbrand_ability": 0, "ecommerce_ability": 0, "hardfan_ability": 0, "wbcolumn_ability": 0, "credit_score": 80, "user_ability": 3407872, "urank": 4, "story_read_state": -1, "vclub_member": 0, "is_teenager": 0, "is_guardian": 0, "is_teenager_list": 0, "pc_new": 0, "special_follow": false, "planet_video": 2, "video_mark": 0, "live_status": 0, "user_ability_extend": 0, "status_total_counter": {"total_cnt": 26, "repost_cnt": 2, "comment_cnt": 7, "like_cnt": 17, "comment_like_cnt": 0}, "video_total_counter": {"play_cnt": 3}, "brand_account": 0, "hongbaofei": 0, "tab_manage": "[0, 0]", "reward_status": 0, "green_mode": 0, "urisk": 0, "avatar_type": 0}, "mid": "4844732650626580", "idstr": "4844732650626580", "status": {"visible": {"type": 0, "list_id": 0}, "created_at": "Thu Dec 08 14:26:16 +0800 2022", "id": 4844409852529154, "idstr": "4844409852529154", "mid": "4844409852529154", "can_edit": false, "show_additional_indication": 0, "text": "#两女生合开女子专属健身房# 说明有这样的市场细分需求，一些女生不喜欢男女混合的健身房，感觉没什么不妥，专属的可能也不会顾虑太多，健身心情会更放松。不知道这种女子专属健身房有没有男教练？？ ​", "textLength": 185, "source_allowclick": 0, "source_type": 1, "source": "<a href=\"http://app.weibo.com/t/feed/5hFtym\" rel=\"nofollow\">iPhone 12 Pro Max</a>", "favorited": false, "truncated": false, "in_reply_to_status_id": "", "in_reply_to_user_id": "", "in_reply_to_screen_name": "", "pic_urls": [], "geo": null, "is_paid": false, "mblog_vip_type": 0, "user": {"id": 6314227576, "idstr": "6314227576", "class": 1, "screen_name": "嘻哈教父", "name": "嘻哈教父", "province": "100", "city": "1000", "location": "其他", "description": "wx：FFAADDD 备注合作的内容", "url": "", "profile_image_url": "https://tvax3.sinaimg.cn/crop.0.0.1002.1002.50/006TjR2gly8g2jobabnhxj30ru0ruwh6.jpg?KID=imgbed,tva&Expires=1673957545&ssig=0jFBtlMxS9", "light_ring": false, "cover_image_phone": "https://wx3.sinaimg.cn/crop.0.0.640.640.640/006TjR2ggy1h48xbv7vnmj30u00u00xh.jpg", "profile_url": "u/6314227576", "domain": "", "weihao": "", "gender": "m", "followers_count": 2613198, "followers_count_str": "261.3万", "friends_count": 943, "pagefriends_count": 116, "statuses_count": 1609, "video_status_count": 1085, "video_play_count": 0, "super_topic_not_syn_count": 358, "favourites_count": 58, "created_at": "Tue Jul 11 20:14:52 +0800 2017", "following": false, "allow_all_act_msg": false, "geo_enabled": true, "verified": true, "verified_type": 0, "remark": "", "insecurity": {"sexual_content": false}, "ptype": 0, "allow_all_comment": true, "avatar_large": "https://tvax3.sinaimg.cn/crop.0.0.1002.1002.180/006TjR2gly8g2jobabnhxj30ru0ruwh6.jpg?KID=imgbed,tva&Expires=1673957545&ssig=sN5FDSGkkA", "avatar_hd": "https://tvax3.sinaimg.cn/crop.0.0.1002.1002.1024/006TjR2gly8g2jobabnhxj30ru0ruwh6.jpg?KID=imgbed,tva&Expires=1673957545&ssig=kQshKP05bR", "verified_reason": "知名音乐博主 超话主持人（知名hiphop博主丨嘻哈风壁纸头像超话）", "verified_trade": "", "verified_reason_url": "", "verified_source": "", "verified_source_url": "", "verified_state": 0, "verified_level": 3, "verified_type_ext": 1, "has_service_tel": false, "verified_reason_modified": "", "verified_contact_name": "", "verified_contact_email": "", "verified_contact_mobile": "", "follow_me": false, "like": false, "like_me": false, "online_status": 0, "bi_followers_count": 345, "lang": "zh-cn", "star": 0, "mbtype": 12, "mbrank": 7, "svip": 0, "mb_expire_time": 1686153600, "block_word": 0, "block_app": 1, "chaohua_ability": 0, "brand_ability": 0, "nft_ability": 0, "vplus_ability": 0, "wenda_ability": 0, "live_ability": 0, "gongyi_ability": 0, "paycolumn_ability": 0, "newbrand_ability": 0, "ecommerce_ability": 0, "hardfan_ability": 1, "wbcolumn_ability": 0, "credit_score": 80, "user_ability": -2144075256, "cardid": "star_1042", "urank": 26, "story_read_state": -1, "verified_detail": {"custom": 1, "data": [{"key": 2, "sub_key": 0, "weight": 10, "desc": "知名音乐博主", "timestamp": 0}, {"key": 8, "sub_key": 0, "weight": 11, "desc": "超话主持人（知名hiphop博主丨嘻哈风壁纸头像超话）", "timestamp": 0}, {"key": 1, "sub_key": 0, "weight": 0, "desc": "2020环球记忆锦标赛 第一届全国扑克记忆挑战赛十强选手称号奖", "timestamp": 0}]}, "vclub_member": 0, "is_teenager": 0, "is_guardian": 0, "is_teenager_list": 0, "pc_new": 7, "special_follow": false, "planet_video": 2, "video_mark": 15, "live_status": 0, "user_ability_extend": 0, "status_total_counter": {"total_cnt": 16809048, "repost_cnt": 15854913, "comment_cnt": 96346, "like_cnt": 750543, "comment_like_cnt": 107246}, "video_total_counter": {"play_cnt": 141954408}, "brand_account": 0, "hongbaofei": 0, "tab_manage": "[16912010, 0]", "reward_status": 0, "green_mode": 0, "urisk": 1048576, "avatar_type": 0}, "annotations": [{}, {"shooting": 1, "client_mblogid": "iPhone-4D7C5D9C-0618-4C61-9428-5E2613A59ABB"}, {"mapi_request": true}], "reposts_count": 0, "comments_count": 0, "reprint_cmt_count": 0, "attitudes_count": 0, "pending_approval_count": 0, "isLongText": false, "reward_exhibition_type": 0, "hide_flag": 0, "mlevel": 0, "show_mlevel": 0, "biz_feature": 0, "topic_id": "1022:100808696a86f58ac6128f270e97913b979489", "sync_mblog": false, "is_imported_topic": false, "page_type": 64, "hasActionTypeCard": 0, "darwin_tags": [], "hot_weibo_tags": [], "text_tag_tips": [], "mblogtype": 0, "userType": 0, "more_info_type": 0, "cardid": "star_1042", "number_display_strategy": {"apply_scenario_flag": 3, "display_text_min_number": 1000000, "display_text": "100万+"}, "positive_recom_flag": 0, "content_auth": 0, "gif_ids": "", "is_show_bulletin": 2, "comment_manage_info": {"comment_permission_type": -1, "approval_comment_type": 0, "comment_sort_type": 0, "ai_play_picture_type": 0}, "pic_num": 0, "can_reprint": false, "new_comment_style": 0}, "reply_comment": {"created_at": "Thu Dec 08 23:34:34 +0800 2022", "id": 4844547837005467, "rootid": 4844547837005467, "rootidstr": "4844547837005467", "floor_number": 73, "text": "算不算变相的性别歧视？？", "disable_reply": 0, "restrictOperate": 0, "user": {"id": 5717092029, "idstr": "5717092029", "class": 1, "screen_name": "桃子小姐不熬夜丷", "name": "桃子小姐不熬夜丷", "province": "400", "city": "1000", "location": "海外", "description": "不提男女对立，就不会说话了是吧。自己遇人不淑，别说全体不行，自己几斤几两掂量一下。", "url": "", "profile_image_url": "https://tvax4.sinaimg.cn/crop.0.0.1080.1080.50/006eUkNLly8h09syaz3lnj30u00u00vl.jpg?KID=imgbed,tva&Expires=1673957545&ssig=V4kLY8KIeb", "light_ring": false, "cover_image_phone": "https://wx2.sinaimg.cn/crop.0.0.640.640.640/006eUkNLgy1h2zgdkvrjqj30go0gomy3.jpg;https://wx3.sinaimg.cn/crop.0.0.640.640.640/006eUkNLgy1gyg18drl7gj30u00u074l.jpg;https://wx2.sinaimg.cn/crop.0.0.640.640.640/006eUkNLgy1gxehq2dut3j30e80e8q64.jpg;https://wx1.sinaimg.cn/crop.0.0.640.640.640/006eUkNLgy1h4dqkmv4dtj30u00u0jyz.jpg;https://wx3.sinaimg.cn/crop.0.0.640.640.640/006eUkNLgy1h4npktoxq9j30u00u0n3t.jpg;https://wx1.sinaimg.cn/crop.0.0.640.640.640/006eUkNLgy1gymvb5fhilj30u00u0756.jpg", "profile_url": "234211562", "domain": "taoziweitubaobao93", "weihao": "234211562", "gender": "f", "followers_count": 296, "followers_count_str": "296", "friends_count": 94, "pagefriends_count": 7, "statuses_count": 155, "video_status_count": 2, "video_play_count": 0, "super_topic_not_syn_count": 0, "favourites_count": 14, "created_at": "Sun Oct 04 12:05:40 +0800 2015", "following": false, "allow_all_act_msg": false, "geo_enabled": true, "verified": false, "verified_type": -1, "remark": "", "insecurity": {"sexual_content": false}, "ptype": 0, "allow_all_comment": false, "avatar_large": "https://tvax4.sinaimg.cn/crop.0.0.1080.1080.180/006eUkNLly8h09syaz3lnj30u00u00vl.jpg?KID=imgbed,tva&Expires=1673957545&ssig=2b7W4j628a", "avatar_hd": "https://tvax4.sinaimg.cn/crop.0.0.1080.1080.1024/006eUkNLly8h09syaz3lnj30u00u00vl.jpg?KID=imgbed,tva&Expires=1673957545&ssig=Hu%2BboZX7R2", "verified_reason": "", "verified_trade": "", "verified_reason_url": "", "verified_source": "", "verified_source_url": "", "follow_me": false, "like": false, "like_me": false, "online_status": 0, "bi_followers_count": 45, "lang": "zh-cn", "star": 0, "mbtype": 12, "mbrank": 5, "svip": 1, "mb_expire_time": 1699372800, "block_word": 0, "block_app": 1, "chaohua_ability": 0, "brand_ability": 0, "nft_ability": 0, "vplus_ability": 0, "wenda_ability": 0, "live_ability": 0, "gongyi_ability": 0, "paycolumn_ability": 0, "newbrand_ability": 0, "ecommerce_ability": 0, "hardfan_ability": 0, "wbcolumn_ability": 0, "credit_score": 80, "user_ability": 35913728, "cardid": "star_1410", "avatargj_id": "gj_vip_027", "urank": 12, "story_read_state": -1, "vclub_member": 0, "is_teenager": 0, "is_guardian": 0, "is_teenager_list": 0, "pc_new": 6, "special_follow": false, "planet_video": 2, "video_mark": 0, "live_status": 0, "user_ability_extend": 0, "status_total_counter": {"total_cnt": 829, "repost_cnt": 14, "comment_cnt": 456, "like_cnt": 268, "comment_like_cnt": 91}, "video_total_counter": {"play_cnt": 4037}, "brand_account": 0, "hongbaofei": 0, "tab_manage": "[16912010, 0]", "reward_status": 0, "green_mode": 0, "urisk": 549755813888, "avatar_type": 0}, "mid": "4844547837005467", "idstr": "4844547837005467", "match_ai_play_picture": false}, "reply_original_text": "跟男女厕一样，哪来的性别歧视？", "readtimetype": "comment", "match_ai_play_picture": false}