{"created_at": "Thu Dec 08 16:33:56 +0800 2022", "id": 4844441980373684, "rootid": 4844441980373684, "rootidstr": "4844441980373684", "floor_number": 31, "text": "应该给男士专用健身房和女士专用健身房提供70%的住房补贴和50%的器材补贴，鼓励这种社会进步是健身房可以发展[思考][思考][思考]", "disable_reply": 0, "restrictOperate": 0, "source_allowclick": 0, "source_type": 4, "source": "<a href=\"\" rel=\"nofollow\">来自广东</a>", "user": {"id": 7051157562, "idstr": "7051157562", "class": 1, "screen_name": "白夜菌Dream", "name": "白夜菌Dream", "province": "100", "city": "1000", "location": "其他", "description": "数据可视化", "url": "https://space.bilibili.com/2910307", "profile_image_url": "https://tvax3.sinaimg.cn/crop.0.0.423.423.50/007HbWbMly8h928uzyb0rj30br0br3yo.jpg?KID=imgbed,tva&Expires=1673957667&ssig=xH2tvBvJa0", "light_ring": false, "cover_image_phone": "https://wx3.sinaimg.cn/crop.0.0.640.640.640/007HbWbMgy1h85vph77hyj30u00u0aev.jpg;https://wx3.sinaimg.cn/crop.0.0.640.640.640/007HbWbMgy1h85vq5cvgwj30pl0plju5.jpg", "profile_url": "u/7051157562", "domain": "", "weihao": "", "gender": "m", "followers_count": 15127, "followers_count_str": "1.5万", "friends_count": 978, "pagefriends_count": 56, "statuses_count": 2704, "video_status_count": 28, "video_play_count": 0, "super_topic_not_syn_count": 0, "favourites_count": 568, "created_at": "Wed Mar 27 12:23:59 +0800 2019", "following": false, "allow_all_act_msg": false, "geo_enabled": true, "verified": true, "verified_type": 0, "remark": "", "insecurity": {"sexual_content": false}, "ptype": 0, "allow_all_comment": true, "avatar_large": "https://tvax3.sinaimg.cn/crop.0.0.423.423.180/007HbWbMly8h928uzyb0rj30br0br3yo.jpg?KID=imgbed,tva&Expires=1673957667&ssig=BzrtJxZmAq", "avatar_hd": "https://tvax3.sinaimg.cn/crop.0.0.423.423.1024/007HbWbMly8h928uzyb0rj30br0br3yo.jpg?KID=imgbed,tva&Expires=1673957667&ssig=NCJo6hXeto", "verified_reason": "微博原创视频博主", "verified_trade": "", "verified_reason_url": "", "verified_source": "", "verified_source_url": "", "verified_state": 0, "verified_level": 3, "verified_type_ext": 1, "has_service_tel": false, "verified_reason_modified": "", "verified_contact_name": "", "verified_contact_email": "", "verified_contact_mobile": "", "follow_me": false, "like": false, "like_me": false, "online_status": 0, "bi_followers_count": 81, "lang": "zh-cn", "star": 0, "mbtype": 11, "mbrank": 2, "svip": 0, "mb_expire_time": 1675872000, "block_word": 0, "block_app": 1, "chaohua_ability": 0, "brand_ability": 0, "nft_ability": 0, "vplus_ability": 0, "wenda_ability": 0, "live_ability": 0, "gongyi_ability": 0, "paycolumn_ability": 0, "newbrand_ability": 0, "ecommerce_ability": 0, "hardfan_ability": 1, "wbcolumn_ability": 0, "credit_score": 80, "user_ability": -2136735224, "cardid": "star_1408", "avatargj_id": "gj_vip_021", "urank": 9, "story_read_state": -1, "verified_detail": {"custom": 0, "data": [{"key": 16, "sub_key": 7, "weight": 103, "desc": "微博原创视频博主"}]}, "vclub_member": 0, "is_teenager": 0, "is_guardian": 0, "is_teenager_list": 0, "pc_new": 6, "special_follow": false, "planet_video": 2, "video_mark": 15, "live_status": 0, "user_ability_extend": 0, "status_total_counter": {"total_cnt": 166341, "repost_cnt": 16154, "comment_cnt": 10517, "like_cnt": 21528, "comment_like_cnt": 118142}, "video_total_counter": {"play_cnt": 132350}, "brand_account": 0, "hongbaofei": 0, "tab_manage": "[0, 0]", "reward_status": 0, "green_mode": 0, "urisk": 0, "avatar_type": 0}, "mid": "4844441980373684", "idstr": "4844441980373684", "status": {"visible": {"type": 0, "list_id": 0}, "created_at": "Thu Dec 08 14:26:16 +0800 2022", "id": 4844409852529154, "idstr": "4844409852529154", "mid": "4844409852529154", "can_edit": false, "show_additional_indication": 0, "text": "#两女生合开女子专属健身房# 说明有这样的市场细分需求，一些女生不喜欢男女混合的健身房，感觉没什么不妥，专属的可能也不会顾虑太多，健身心情会更放松。不知道这种女子专属健身房有没有男教练？？ ​", "textLength": 185, "source_allowclick": 0, "source_type": 1, "source": "<a href=\"http://app.weibo.com/t/feed/5hFtym\" rel=\"nofollow\">iPhone 12 Pro Max</a>", "favorited": false, "truncated": false, "in_reply_to_status_id": "", "in_reply_to_user_id": "", "in_reply_to_screen_name": "", "pic_urls": [], "geo": null, "is_paid": false, "mblog_vip_type": 0, "user": {"id": 6314227576, "idstr": "6314227576", "class": 1, "screen_name": "嘻哈教父", "name": "嘻哈教父", "province": "100", "city": "1000", "location": "其他", "description": "wx：FFAADDD 备注合作的内容", "url": "", "profile_image_url": "https://tvax3.sinaimg.cn/crop.0.0.1002.1002.50/006TjR2gly8g2jobabnhxj30ru0ruwh6.jpg?KID=imgbed,tva&Expires=1673957667&ssig=TmB3zeLbAl", "light_ring": false, "cover_image_phone": "https://wx3.sinaimg.cn/crop.0.0.640.640.640/006TjR2ggy1h48xbv7vnmj30u00u00xh.jpg", "profile_url": "u/6314227576", "domain": "", "weihao": "", "gender": "m", "followers_count": 2613198, "followers_count_str": "261.3万", "friends_count": 943, "pagefriends_count": 116, "statuses_count": 1609, "video_status_count": 1085, "video_play_count": 0, "super_topic_not_syn_count": 358, "favourites_count": 58, "created_at": "Tue Jul 11 20:14:52 +0800 2017", "following": false, "allow_all_act_msg": false, "geo_enabled": true, "verified": true, "verified_type": 0, "remark": "", "insecurity": {"sexual_content": false}, "ptype": 0, "allow_all_comment": true, "avatar_large": "https://tvax3.sinaimg.cn/crop.0.0.1002.1002.180/006TjR2gly8g2jobabnhxj30ru0ruwh6.jpg?KID=imgbed,tva&Expires=1673957667&ssig=pBdB1Mqpfm", "avatar_hd": "https://tvax3.sinaimg.cn/crop.0.0.1002.1002.1024/006TjR2gly8g2jobabnhxj30ru0ruwh6.jpg?KID=imgbed,tva&Expires=1673957667&ssig=OxypV6Q6R2", "verified_reason": "知名音乐博主 超话主持人（知名hiphop博主丨嘻哈风壁纸头像超话）", "verified_trade": "", "verified_reason_url": "", "verified_source": "", "verified_source_url": "", "verified_state": 0, "verified_level": 3, "verified_type_ext": 1, "has_service_tel": false, "verified_reason_modified": "", "verified_contact_name": "", "verified_contact_email": "", "verified_contact_mobile": "", "follow_me": false, "like": false, "like_me": false, "online_status": 0, "bi_followers_count": 345, "lang": "zh-cn", "star": 0, "mbtype": 12, "mbrank": 7, "svip": 0, "mb_expire_time": 1686153600, "block_word": 0, "block_app": 1, "chaohua_ability": 0, "brand_ability": 0, "nft_ability": 0, "vplus_ability": 0, "wenda_ability": 0, "live_ability": 0, "gongyi_ability": 0, "paycolumn_ability": 0, "newbrand_ability": 0, "ecommerce_ability": 0, "hardfan_ability": 1, "wbcolumn_ability": 0, "credit_score": 80, "user_ability": -2144075256, "cardid": "star_1042", "urank": 26, "story_read_state": -1, "verified_detail": {"custom": 1, "data": [{"key": 2, "sub_key": 0, "weight": 10, "desc": "知名音乐博主", "timestamp": 0}, {"key": 8, "sub_key": 0, "weight": 11, "desc": "超话主持人（知名hiphop博主丨嘻哈风壁纸头像超话）", "timestamp": 0}, {"key": 1, "sub_key": 0, "weight": 0, "desc": "2020环球记忆锦标赛 第一届全国扑克记忆挑战赛十强选手称号奖", "timestamp": 0}]}, "vclub_member": 0, "is_teenager": 0, "is_guardian": 0, "is_teenager_list": 0, "pc_new": 7, "special_follow": false, "planet_video": 2, "video_mark": 15, "live_status": 0, "user_ability_extend": 0, "status_total_counter": {"total_cnt": 16809048, "repost_cnt": 15854913, "comment_cnt": 96346, "like_cnt": 750543, "comment_like_cnt": 107246}, "video_total_counter": {"play_cnt": 141954613}, "brand_account": 0, "hongbaofei": 0, "tab_manage": "[16912010, 0]", "reward_status": 0, "green_mode": 0, "urisk": 1048576, "avatar_type": 0}, "annotations": [{}, {"shooting": 1, "client_mblogid": "iPhone-4D7C5D9C-0618-4C61-9428-5E2613A59ABB"}, {"mapi_request": true}], "reposts_count": 0, "comments_count": 0, "reprint_cmt_count": 0, "attitudes_count": 0, "pending_approval_count": 0, "isLongText": false, "reward_exhibition_type": 0, "hide_flag": 0, "mlevel": 0, "show_mlevel": 0, "biz_feature": 0, "topic_id": "1022:100808696a86f58ac6128f270e97913b979489", "sync_mblog": false, "is_imported_topic": false, "page_type": 64, "hasActionTypeCard": 0, "darwin_tags": [], "hot_weibo_tags": [], "text_tag_tips": [], "mblogtype": 0, "userType": 0, "more_info_type": 0, "cardid": "star_1042", "number_display_strategy": {"apply_scenario_flag": 3, "display_text_min_number": 1000000, "display_text": "100万+"}, "positive_recom_flag": 0, "content_auth": 0, "gif_ids": "", "is_show_bulletin": 2, "comment_manage_info": {"comment_permission_type": -1, "approval_comment_type": 0, "comment_sort_type": 0, "ai_play_picture_type": 0}, "pic_num": 0, "can_reprint": false, "new_comment_style": 0}, "readtimetype": "comment", "comment_dynamic_message": {"id": "0", "start_color": "#00FFFFFF", "end_color": "#1AFFFFFF", "start_color_dark": "#003A3A3A", "end_color_dark": "#333A3A3A", "name": {"zh_CN": "默认", "zh_HK": "默認", "en_US": "default"}, "scheme": "https://new.vip.weibo.cn/bubble/mall?showmenu=0&decorateId=0&uid=7051157562", "allow_vip_box_content": "用此评论气泡", "allow_vip_box_icon": "https://h5.sinaimg.cn/upload/100/1720/2022/08/08/icon_VIP_for_comment_bubble.png"}, "match_ai_play_picture": false}