{"created_at": "Wed Sep 14 21:30:48 +0800 2022", "id": 4813713721001679, "rootid": 4813667411167816, "rootidstr": "4813667411167816", "floor_number": 0, "text": "回复@尼玛張張張_358:照你这么说，美帝打得过我们了？用这样阴损的手段是不是因为怕我们？", "disable_reply": 0, "restrictOperate": 0, "source_allowclick": 0, "source_type": 4, "source": "<a href=\"\" rel=\"nofollow\">来自四川</a>", "user": {"id": 7420725724, "idstr": "7420725724", "class": 1, "screen_name": "waxyy20000585", "name": "waxyy20000585", "province": "11", "city": "1000", "location": "北京", "description": "", "url": "", "profile_image_url": "https://tvax3.sinaimg.cn/crop.0.0.986.986.50/0086cBKAly8gxwdbaw3lhj30re0rejus.jpg?KID=imgbed,tva&Expires=1674070945&ssig=a%2BsiFoKQZO", "light_ring": false, "cover_image_phone": "https://ww1.sinaimg.cn/crop.0.0.640.640.640/549d0121tw1egm1kjly3jj20hs0hsq4f.jpg", "profile_url": "u/7420725724", "domain": "", "weihao": "", "gender": "m", "followers_count": 3, "followers_count_str": "3", "friends_count": 1750, "pagefriends_count": 34, "statuses_count": 1517, "video_status_count": 0, "video_play_count": 0, "super_topic_not_syn_count": 1, "favourites_count": 85, "created_at": "Thu Mar 26 14:15:05 +0800 2020", "following": false, "allow_all_act_msg": false, "geo_enabled": true, "verified": false, "verified_type": -1, "remark": "", "insecurity": {"sexual_content": false}, "ptype": 0, "allow_all_comment": true, "avatar_large": "https://tvax3.sinaimg.cn/crop.0.0.986.986.180/0086cBKAly8gxwdbaw3lhj30re0rejus.jpg?KID=imgbed,tva&Expires=1674070945&ssig=m708qPVmS5", "avatar_hd": "https://tvax3.sinaimg.cn/crop.0.0.986.986.1024/0086cBKAly8gxwdbaw3lhj30re0rejus.jpg?KID=imgbed,tva&Expires=1674070945&ssig=7EdFQQapxb", "verified_reason": "", "verified_trade": "", "verified_reason_url": "", "verified_source": "", "verified_source_url": "", "follow_me": false, "like": false, "like_me": false, "online_status": 0, "bi_followers_count": 0, "lang": "zh-cn", "star": 0, "mbtype": 0, "mbrank": 0, "svip": 0, "mb_expire_time": 0, "block_word": 0, "block_app": 0, "chaohua_ability": 0, "brand_ability": 0, "nft_ability": 0, "vplus_ability": 0, "wenda_ability": 0, "live_ability": 0, "gongyi_ability": 0, "paycolumn_ability": 0, "newbrand_ability": 0, "ecommerce_ability": 0, "hardfan_ability": 0, "wbcolumn_ability": 0, "credit_score": 80, "user_ability": 2097152, "urank": 0, "story_read_state": -1, "vclub_member": 0, "is_teenager": 0, "is_guardian": 0, "is_teenager_list": 0, "pc_new": 7, "special_follow": false, "planet_video": 0, "video_mark": 0, "live_status": 0, "user_ability_extend": 0, "status_total_counter": {"total_cnt": 123, "repost_cnt": 6, "comment_cnt": 46, "like_cnt": 71, "comment_like_cnt": 0}, "video_total_counter": {"play_cnt": -1}, "brand_account": 0, "hongbaofei": 0, "tab_manage": "[0, 0]", "reward_status": 0, "green_mode": 0, "urisk": 566935683072, "unfollowing_recom_switch": 1, "avatar_type": 0}, "mid": "4813713721001679", "idstr": "4813713721001679", "status": {"visible": {"type": 0, "list_id": 0}, "created_at": "Tue Sep 13 22:29:17 +0800 2022", "id": 4813366050166042, "idstr": "4813366050166042", "mid": "4813366050166042", "can_edit": false, "version": 3, "show_additional_indication": 0, "text": "带有编号的蚊子\n#冷知识##科普小知识##涨知识##全球猎奇视频集锦# http://t.cn/A6Sn5G2H ​", "textLength": 82, "source_allowclick": 1, "source_type": 2, "source": "", "favorited": false, "truncated": false, "in_reply_to_status_id": "", "in_reply_to_user_id": "", "in_reply_to_screen_name": "", "pic_urls": [], "geo": null, "is_paid": false, "mblog_vip_type": 0, "user": {"id": 6069222679, "idstr": "6069222679", "class": 1, "screen_name": "橙熟的逗比炮", "name": "橙熟的逗比炮", "province": "400", "city": "1000", "location": "海外", "description": "搞笑幽默博主", "url": "", "profile_image_url": "https://tvax3.sinaimg.cn/crop.0.0.1002.1002.50/006CJQ4nly8gqnjvml3yej30ru0rut9n.jpg?KID=imgbed,tva&Expires=1674070945&ssig=CMuDECJwbn", "light_ring": false, "cover_image_phone": "https://ww1.sinaimg.cn/crop.0.0.640.640.640/9d44112bjw1f1xl1c10tuj20hs0hs0tw.jpg", "profile_url": "u/6069222679", "domain": "", "weihao": "", "gender": "f", "followers_count": 1359269, "followers_count_str": "135.9万", "friends_count": 703, "pagefriends_count": 35, "statuses_count": 55798, "video_status_count": 34017, "video_play_count": 0, "super_topic_not_syn_count": 0, "favourites_count": 7106, "created_at": "Tue Nov 22 18:19:39 +0800 2016", "following": false, "allow_all_act_msg": false, "geo_enabled": true, "verified": false, "verified_type": -1, "remark": "", "insecurity": {"sexual_content": false}, "ptype": 0, "allow_all_comment": true, "avatar_large": "https://tvax3.sinaimg.cn/crop.0.0.1002.1002.180/006CJQ4nly8gqnjvml3yej30ru0rut9n.jpg?KID=imgbed,tva&Expires=1674070945&ssig=p%2BZgBnhb9h", "avatar_hd": "https://tvax3.sinaimg.cn/crop.0.0.1002.1002.1024/006CJQ4nly8gqnjvml3yej30ru0rut9n.jpg?KID=imgbed,tva&Expires=1674070945&ssig=5ZaY%2B5JQn%2B", "verified_reason": "", "verified_trade": "", "verified_reason_url": "", "verified_source": "", "verified_source_url": "", "follow_me": false, "like": false, "like_me": false, "online_status": 0, "bi_followers_count": 41, "lang": "zh-cn", "star": 0, "mbtype": 12, "mbrank": 7, "svip": 0, "mb_expire_time": 1680451200, "block_word": 0, "block_app": 1, "chaohua_ability": 0, "brand_ability": 0, "nft_ability": 0, "vplus_ability": 0, "wenda_ability": 0, "live_ability": 0, "gongyi_ability": 0, "paycolumn_ability": 0, "newbrand_ability": 0, "ecommerce_ability": 0, "hardfan_ability": 0, "wbcolumn_ability": 0, "credit_score": 80, "user_ability": 1311240, "avatargj_id": "gj_vip_5129", "urank": 37, "story_read_state": -1, "vclub_member": 0, "is_teenager": 0, "is_guardian": 0, "is_teenager_list": 0, "pc_new": 7, "special_follow": false, "planet_video": 2, "video_mark": 15, "live_status": 0, "user_ability_extend": 0, "status_total_counter": {"total_cnt": 8636692, "repost_cnt": 770452, "comment_cnt": 1015028, "like_cnt": 5430182, "comment_like_cnt": 1421030}, "video_total_counter": {"play_cnt": 2018734735}, "brand_account": 0, "hongbaofei": 0, "tab_manage": "[0, 0]", "reward_status": 0, "green_mode": 0, "urisk": 16384, "unfollowing_recom_switch": 1, "avatar_type": 0}, "annotations": [{}, {}, {"client_mblogid": "fcb07996-28ba-497d-a400-e4ccae2e8ed2"}, {"mapi_request": true}], "reposts_count": 0, "comments_count": 0, "reprint_cmt_count": 0, "attitudes_count": 0, "pending_approval_count": 0, "isLongText": false, "reward_exhibition_type": 0, "hide_flag": 0, "mlevel": 128, "show_mlevel": 0, "biz_ids": [230444], "biz_feature": 4294967304, "page_type": 64, "hasActionTypeCard": 0, "darwin_tags": [], "hot_weibo_tags": [], "text_tag_tips": [], "mblogtype": 0, "userType": 0, "mlevelSource": "monitor", "more_info_type": 0, "number_display_strategy": {"apply_scenario_flag": 3, "display_text_min_number": 1000000, "display_text": "100万+"}, "positive_recom_flag": 0, "content_auth": 0, "gif_ids": "", "is_show_bulletin": 2, "comment_manage_info": {"comment_permission_type": -1, "approval_comment_type": 0, "comment_sort_type": 0, "ai_play_picture_type": 0}, "pic_num": 0, "fid": 4813365972041739, "can_reprint": false, "new_comment_style": 0}, "reply_comment": {"created_at": "Wed Sep 14 18:26:47 +0800 2022", "id": 4813667411167816, "rootid": 4813667411167816, "rootidstr": "4813667411167816", "floor_number": 33, "text": "打又打不过人家，发展又发展不过人家，整天找些匪夷所思的事情黑人家……不如把精力放在怎么寻思把自己搞搞好", "disable_reply": 0, "restrictOperate": 0, "user": {"id": 5341859051, "idstr": "5341859051", "class": 1, "screen_name": "尼玛張張張_358", "name": "尼玛張張張_358", "province": "50", "city": "1000", "location": "重庆", "description": "", "url": "", "profile_image_url": "https://tvax2.sinaimg.cn/crop.0.0.512.512.50/005PvTyXly8fqomdmcpksj30e80e8jrp.jpg?KID=imgbed,tva&Expires=1674070945&ssig=RA4kmBaFhr", "light_ring": false, "profile_url": "u/5341859051", "domain": "", "weihao": "", "gender": "m", "followers_count": 44, "followers_count_str": "44", "friends_count": 419, "pagefriends_count": 4, "statuses_count": 16, "video_status_count": 0, "video_play_count": 0, "super_topic_not_syn_count": 0, "favourites_count": 4, "created_at": "Thu Oct 23 10:16:40 +0800 2014", "following": false, "allow_all_act_msg": false, "geo_enabled": true, "verified": false, "verified_type": -1, "remark": "", "insecurity": {"sexual_content": false}, "ptype": 0, "allow_all_comment": true, "avatar_large": "https://tvax2.sinaimg.cn/crop.0.0.512.512.180/005PvTyXly8fqomdmcpksj30e80e8jrp.jpg?KID=imgbed,tva&Expires=1674070945&ssig=7j66%2Fzx6nd", "avatar_hd": "https://tvax2.sinaimg.cn/crop.0.0.512.512.1024/005PvTyXly8fqomdmcpksj30e80e8jrp.jpg?KID=imgbed,tva&Expires=1674070945&ssig=pC5bVKoUkV", "verified_reason": "", "verified_trade": "", "verified_reason_url": "", "verified_source": "", "verified_source_url": "", "follow_me": false, "like": false, "like_me": false, "online_status": 0, "bi_followers_count": 3, "lang": "zh-cn", "star": 0, "mbtype": 12, "mbrank": 6, "svip": 0, "mb_expire_time": 1677427200, "block_word": 0, "block_app": 1, "credit_score": 80, "user_ability": 2097152, "cardid": "star_164", "urank": 9, "story_read_state": -1, "vclub_member": 0, "is_teenager": 0, "is_guardian": 0, "is_teenager_list": 0, "pc_new": 0, "special_follow": false, "planet_video": 0, "video_mark": 0, "live_status": 0, "user_ability_extend": 0, "status_total_counter": {"total_cnt": 10, "repost_cnt": 0, "comment_cnt": 1, "like_cnt": 9, "comment_like_cnt": 0}, "video_total_counter": {"play_cnt": -1}, "brand_account": 0, "hongbaofei": 0, "tab_manage": "[0, 0]", "green_mode": 0, "urisk": 0, "unfollowing_recom_switch": 1, "block": 0, "block_me": 0, "avatar_type": 0}, "mid": "4813667411167816", "idstr": "4813667411167816", "match_ai_play_picture": false}, "reply_original_text": "照你这么说，美帝打得过我们了？用这样阴损的手段是不是因为怕我们？", "readtimetype": "comment", "match_ai_play_picture": false}