{"created_at": "Mon Dec 12 19:35:38 +0800 2022", "id": 4845937257883341, "rootid": 4845937257883341, "rootidstr": "4845937257883341", "floor_number": 47, "text": "三年没出市了[单身青蛙]看见这玩意就🤢", "disable_reply": 0, "restrictOperate": 0, "source_allowclick": 0, "source_type": 4, "source": "<a href=\"\" rel=\"nofollow\">来自北京</a>", "user": {"id": 1934531865, "idstr": "1934531865", "class": 1, "screen_name": "-南极小馄饨-", "name": "-南极小馄饨-", "province": "12", "city": "1", "location": "天津 和平区", "description": "Still Moving Under Gunfire", "url": "", "profile_image_url": "https://tvax4.sinaimg.cn/crop.0.0.1002.1002.50/734e9d19ly8gpsiu01lh0j20ru0rudk1.jpg?KID=imgbed,tva&Expires=1670864555&ssig=ZLr9Rr%2BKb0", "light_ring": false, "cover_image_phone": "https://ww1.sinaimg.cn/crop.0.0.640.640.640/9d44112bjw1f1xl1c10tuj20hs0hs0tw.jpg", "profile_url": "u/1934531865", "domain": "", "weihao": "", "gender": "f", "followers_count": 227, "followers_count_str": "227", "friends_count": 1000, "pagefriends_count": 48, "statuses_count": 3385, "video_status_count": 24, "video_play_count": 0, "super_topic_not_syn_count": 0, "favourites_count": 154, "created_at": "Tue Jan 25 20:34:00 +0800 2011", "following": false, "allow_all_act_msg": false, "geo_enabled": true, "verified": true, "verified_type": 0, "remark": "", "insecurity": {"sexual_content": false}, "ptype": 0, "allow_all_comment": true, "avatar_large": "https://tvax4.sinaimg.cn/crop.0.0.1002.1002.180/734e9d19ly8gpsiu01lh0j20ru0rudk1.jpg?KID=imgbed,tva&Expires=1670864555&ssig=fJUFaWe3Hi", "avatar_hd": "https://tvax4.sinaimg.cn/crop.0.0.1002.1002.1024/734e9d19ly8gpsiu01lh0j20ru0rudk1.jpg?KID=imgbed,tva&Expires=1670864555&ssig=4v0a2B0p%2Fk", "verified_reason": "超话粉丝大咖（林俊杰超话）", "verified_trade": "", "verified_reason_url": "", "verified_source": "", "verified_source_url": "", "verified_state": 0, "verified_level": 3, "verified_type_ext": 0, "has_service_tel": false, "verified_reason_modified": "", "verified_contact_name": "", "verified_contact_email": "", "verified_contact_mobile": "", "follow_me": false, "like": false, "like_me": false, "online_status": 0, "bi_followers_count": 20, "lang": "zh-cn", "star": 0, "mbtype": 2, "mbrank": 4, "svip": 0, "mb_expire_time": 1605628799, "block_word": 0, "block_app": 0, "chaohua_ability": 0, "brand_ability": 0, "nft_ability": 0, "vplus_ability": 0, "wenda_ability": 0, "live_ability": 0, "gongyi_ability": 0, "paycolumn_ability": 0, "newbrand_ability": 0, "ecommerce_ability": 0, "hardfan_ability": 0, "credit_score": 80, "user_ability": 36963328, "avatargj_id": "gj_vip_107", "urank": 33, "story_read_state": -1, "verified_detail": {"custom": 0, "data": [{"key": 8, "sub_key": 0, "weight": 102, "desc": "超话粉丝大咖（林俊杰超话）"}]}, "vclub_member": 0, "is_teenager": 0, "is_guardian": 0, "is_teenager_list": 0, "pc_new": 0, "special_follow": false, "planet_video": 2, "video_mark": 14, "live_status": 0, "user_ability_extend": 0, "status_total_counter": {"total_cnt": 1595, "repost_cnt": 96, "comment_cnt": 552, "like_cnt": 939, "comment_like_cnt": 8}, "video_total_counter": {"play_cnt": 18594}, "brand_account": 0, "hongbaofei": 0, "tab_manage": "[0, 0]", "reward_status": 0, "green_mode": 0, "urisk": 18253611008, "avatar_type": 0}, "mid": "4845937257883341", "idstr": "4845937257883341", "status": {"visible": {"type": 0, "list_id": 0}, "created_at": "Mon Dec 12 11:30:29 +0800 2022", "id": 4845815165885829, "idstr": "4845815165885829", "mid": "4845815165885829", "edit_count": 1, "can_edit": false, "edit_at": "Mon Dec 12 19:25:15 +0800 2022", "version": 3, "show_additional_indication": 0, "text": "疫情才真正开始，行程卡服务却要下线了，作为记录行程的小程序还是不错的，只要不和防疫挂钩就行。 ​", "textLength": 92, "source_allowclick": 0, "source_type": 2, "source": "", "favorited": false, "truncated": false, "in_reply_to_status_id": "", "in_reply_to_user_id": "", "in_reply_to_screen_name": "", "pic_urls": [{"thumbnail_pic": "http://wx4.sinaimg.cn/thumbnail/3f1601d1ly1h90v8ihmzfj20j60wawig.jpg"}], "thumbnail_pic": "http://wx4.sinaimg.cn/thumbnail/3f1601d1ly1h90v8ihmzfj20j60wawig.jpg", "bmiddle_pic": "http://wx4.sinaimg.cn/bmiddle/3f1601d1ly1h90v8ihmzfj20j60wawig.jpg", "original_pic": "http://wx4.sinaimg.cn/large/3f1601d1ly1h90v8ihmzfj20j60wawig.jpg", "geo": null, "is_paid": false, "mblog_vip_type": 0, "user": {"id": 1058406865, "idstr": "1058406865", "class": 1, "screen_name": "砍柴书生V", "name": "砍柴书生V", "province": "32", "city": "1000", "location": "江苏", "description": "传统美食爱好者，又称“面条书生”或“肥肠书生”，在砍柴书生微博搜索城市名或关键字，或许有你想要的美食。", "url": "", "profile_image_url": "https://tvax3.sinaimg.cn/crop.0.0.1024.1024.50/3f1601d1ly8h74rt44o5cj20sg0sgjtb.jpg?KID=imgbed,tva&Expires=1670864555&ssig=wr0xYNTzfr", "light_ring": false, "cover_image_phone": "https://ww3.sinaimg.cn/crop.0.0.640.640.640/6ce2240djw1e9uwupbjn7j20hs0hstc2.jpg;https://ww1.sinaimg.cn/crop.0.0.640.640.640/549d0121tw1egm1kjly3jj20hs0hsq4f.jpg;https://wx1.sinaimg.cn/crop.0.0.640.640.640/3f1601d1ly1fmm3nud32cj20e70e8jtf.jpg", "profile_url": "u/1058406865", "domain": "", "weihao": "", "gender": "m", "followers_count": 1344971, "followers_count_str": "134.5万", "friends_count": 1220, "pagefriends_count": 1, "statuses_count": 10047, "video_status_count": 1391, "video_play_count": 0, "super_topic_not_syn_count": 0, "favourites_count": 4, "created_at": "Fri Oct 01 09:43:32 +0800 2010", "following": false, "allow_all_act_msg": false, "geo_enabled": true, "verified": true, "verified_type": 0, "remark": "", "insecurity": {"sexual_content": false}, "ptype": 0, "allow_all_comment": false, "avatar_large": "https://tvax3.sinaimg.cn/crop.0.0.1024.1024.180/3f1601d1ly8h74rt44o5cj20sg0sgjtb.jpg?KID=imgbed,tva&Expires=1670864555&ssig=2qk0y01PGj", "avatar_hd": "https://tvax3.sinaimg.cn/crop.0.0.1024.1024.1024/3f1601d1ly8h74rt44o5cj20sg0sgjtb.jpg?KID=imgbed,tva&Expires=1670864555&ssig=NJp1riy1rI", "verified_reason": "知名美食博主", "verified_trade": "3561", "verified_reason_url": "", "verified_source": "", "verified_source_url": "", "verified_state": 0, "verified_level": 3, "verified_type_ext": 1, "has_service_tel": false, "verified_reason_modified": "", "verified_contact_name": "", "verified_contact_email": "", "verified_contact_mobile": "", "follow_me": false, "like": false, "like_me": false, "online_status": 0, "bi_followers_count": 1144, "lang": "zh-cn", "star": 0, "mbtype": 12, "mbrank": 6, "svip": 0, "mb_expire_time": 1953648000, "block_word": 0, "block_app": 1, "chaohua_ability": 0, "brand_ability": 0, "nft_ability": 0, "vplus_ability": 0, "wenda_ability": 0, "live_ability": 0, "gongyi_ability": 0, "paycolumn_ability": 0, "newbrand_ability": 0, "ecommerce_ability": 0, "hardfan_ability": 1, "credit_score": 80, "user_ability": -2136733160, "cardid": "star_058", "avatargj_id": "gj_vip_422", "urank": 45, "story_read_state": -1, "verified_detail": {"custom": 1, "data": [{"key": 2, "sub_key": 0, "weight": 10, "desc": "知名美食博主"}]}, "vclub_member": 0, "is_teenager": 0, "is_guardian": 0, "is_teenager_list": 0, "pc_new": 7, "special_follow": false, "planet_video": 2, "video_mark": 15, "live_status": 0, "user_ability_extend": 0, "status_total_counter": {"total_cnt": 1767864, "repost_cnt": 198640, "comment_cnt": 548520, "like_cnt": 765818, "comment_like_cnt": 254886}, "video_total_counter": {"play_cnt": 95873199}, "brand_account": 0, "hongbaofei": 0, "tab_manage": "[0, 0]", "reward_status": 0, "green_mode": 0, "urisk": 0, "avatar_type": 0}, "annotations": [{"photo_sub_type": "0"}, {}, {"client_mblogid": "iPhone-76CFAD1C-257F-4AB9-991B-5A608AB1AC6D"}, {"mapi_request": true}], "picStatus": "0:1", "reposts_count": 0, "comments_count": 0, "reprint_cmt_count": 0, "attitudes_count": 0, "pending_approval_count": 0, "isLongText": false, "reward_exhibition_type": 0, "hide_flag": 0, "mlevel": 0, "show_mlevel": 0, "biz_feature": 4294967300, "hasActionTypeCard": 0, "darwin_tags": [], "hot_weibo_tags": [], "text_tag_tips": [], "mblogtype": 0, "userType": 0, "more_info_type": 0, "number_display_strategy": {"apply_scenario_flag": 3, "display_text_min_number": 1000000, "display_text": "100万+"}, "positive_recom_flag": 0, "content_auth": 0, "gif_ids": "", "is_show_bulletin": 2, "comment_manage_info": {"comment_permission_type": -1, "approval_comment_type": 0, "comment_sort_type": 0, "ai_play_picture_type": 0}, "pic_num": 1, "can_reprint": false, "new_comment_style": 0}, "readtimetype": "comment", "match_ai_play_picture": false}