{"created_at": "Mon Dec 12 11:46:25 +0800 2022", "id": 4845819175374613, "rootid": 4845819175374613, "rootidstr": "4845819175374613", "floor_number": 10, "text": "哇，去过好多地方", "disable_reply": 0, "restrictOperate": 0, "source_allowclick": 0, "source_type": 4, "source": "<a href=\"\" rel=\"nofollow\">来自江苏</a>", "user": {"id": 6468687154, "idstr": "6468687154", "class": 1, "screen_name": "群青观测", "name": "群青观测", "province": "32", "city": "5", "location": "江苏 苏州", "description": "不自证", "url": "", "profile_image_url": "https://tvax3.sinaimg.cn/crop.0.0.720.720.50/0073LX1Mly8h8pzu9l40uj30k00k0gn4.jpg?KID=imgbed,tva&Expires=1670864555&ssig=BU%2FiQPsJLd", "light_ring": false, "cover_image_phone": "https://ww1.sinaimg.cn/crop.0.0.640.640.640/549d0121tw1egm1kjly3jj20hs0hsq4f.jpg", "profile_url": "u/6468687154", "domain": "", "weihao": "", "gender": "f", "followers_count": 107, "followers_count_str": "107", "friends_count": 806, "pagefriends_count": 11, "statuses_count": 953, "video_status_count": 4, "video_play_count": 0, "super_topic_not_syn_count": 0, "favourites_count": 580, "created_at": "Mon Feb 05 01:12:58 +0800 2018", "following": false, "allow_all_act_msg": false, "geo_enabled": true, "verified": false, "verified_type": -1, "remark": "", "insecurity": {"sexual_content": false}, "ptype": 0, "allow_all_comment": true, "avatar_large": "https://tvax3.sinaimg.cn/crop.0.0.720.720.180/0073LX1Mly8h8pzu9l40uj30k00k0gn4.jpg?KID=imgbed,tva&Expires=1670864555&ssig=y%2Fu9KKn8PS", "avatar_hd": "https://tvax3.sinaimg.cn/crop.0.0.720.720.1024/0073LX1Mly8h8pzu9l40uj30k00k0gn4.jpg?KID=imgbed,tva&Expires=1670864555&ssig=pWDx5pF8O%2F", "verified_reason": "", "verified_trade": "", "verified_reason_url": "", "verified_source": "", "verified_source_url": "", "follow_me": false, "like": false, "like_me": false, "online_status": 0, "bi_followers_count": 35, "lang": "zh-cn", "star": 0, "mbtype": 0, "mbrank": 0, "svip": 0, "mb_expire_time": 0, "block_word": 0, "block_app": 0, "chaohua_ability": 0, "brand_ability": 0, "nft_ability": 0, "vplus_ability": 0, "wenda_ability": 0, "live_ability": 0, "gongyi_ability": 0, "paycolumn_ability": 0, "newbrand_ability": 0, "ecommerce_ability": 0, "hardfan_ability": 0, "credit_score": 80, "user_ability": 2359296, "urank": 14, "story_read_state": -1, "vclub_member": 0, "is_teenager": 0, "is_guardian": 0, "is_teenager_list": 0, "pc_new": 7, "special_follow": false, "planet_video": 2, "video_mark": 0, "live_status": 0, "user_ability_extend": 0, "video_cover": {"mid": 4654707337330952}, "status_total_counter": {"total_cnt": 214, "repost_cnt": 7, "comment_cnt": 93, "like_cnt": 113, "comment_like_cnt": 1}, "video_total_counter": {"play_cnt": 7746}, "brand_account": 0, "hongbaofei": 0, "tab_manage": "[4329441920, 0]", "reward_status": 0, "green_mode": 0, "urisk": 0, "avatar_type": 0}, "mid": "4845819175374613", "idstr": "4845819175374613", "status": {"visible": {"type": 0, "list_id": 0}, "created_at": "Mon Dec 12 11:30:29 +0800 2022", "id": 4845815165885829, "idstr": "4845815165885829", "mid": "4845815165885829", "edit_count": 1, "can_edit": false, "edit_at": "Mon Dec 12 19:25:15 +0800 2022", "version": 3, "show_additional_indication": 0, "text": "疫情才真正开始，行程卡服务却要下线了，作为记录行程的小程序还是不错的，只要不和防疫挂钩就行。 ​", "textLength": 92, "source_allowclick": 0, "source_type": 2, "source": "", "favorited": false, "truncated": false, "in_reply_to_status_id": "", "in_reply_to_user_id": "", "in_reply_to_screen_name": "", "pic_urls": [{"thumbnail_pic": "http://wx4.sinaimg.cn/thumbnail/3f1601d1ly1h90v8ihmzfj20j60wawig.jpg"}], "thumbnail_pic": "http://wx4.sinaimg.cn/thumbnail/3f1601d1ly1h90v8ihmzfj20j60wawig.jpg", "bmiddle_pic": "http://wx4.sinaimg.cn/bmiddle/3f1601d1ly1h90v8ihmzfj20j60wawig.jpg", "original_pic": "http://wx4.sinaimg.cn/large/3f1601d1ly1h90v8ihmzfj20j60wawig.jpg", "geo": null, "is_paid": false, "mblog_vip_type": 0, "user": {"id": 1058406865, "idstr": "1058406865", "class": 1, "screen_name": "砍柴书生V", "name": "砍柴书生V", "province": "32", "city": "1000", "location": "江苏", "description": "传统美食爱好者，又称“面条书生”或“肥肠书生”，在砍柴书生微博搜索城市名或关键字，或许有你想要的美食。", "url": "", "profile_image_url": "https://tvax3.sinaimg.cn/crop.0.0.1024.1024.50/3f1601d1ly8h74rt44o5cj20sg0sgjtb.jpg?KID=imgbed,tva&Expires=1670864555&ssig=wr0xYNTzfr", "light_ring": false, "cover_image_phone": "https://ww3.sinaimg.cn/crop.0.0.640.640.640/6ce2240djw1e9uwupbjn7j20hs0hstc2.jpg;https://ww1.sinaimg.cn/crop.0.0.640.640.640/549d0121tw1egm1kjly3jj20hs0hsq4f.jpg;https://wx1.sinaimg.cn/crop.0.0.640.640.640/3f1601d1ly1fmm3nud32cj20e70e8jtf.jpg", "profile_url": "u/1058406865", "domain": "", "weihao": "", "gender": "m", "followers_count": 1344971, "followers_count_str": "134.5万", "friends_count": 1220, "pagefriends_count": 1, "statuses_count": 10047, "video_status_count": 1391, "video_play_count": 0, "super_topic_not_syn_count": 0, "favourites_count": 4, "created_at": "Fri Oct 01 09:43:32 +0800 2010", "following": false, "allow_all_act_msg": false, "geo_enabled": true, "verified": true, "verified_type": 0, "remark": "", "insecurity": {"sexual_content": false}, "ptype": 0, "allow_all_comment": false, "avatar_large": "https://tvax3.sinaimg.cn/crop.0.0.1024.1024.180/3f1601d1ly8h74rt44o5cj20sg0sgjtb.jpg?KID=imgbed,tva&Expires=1670864555&ssig=2qk0y01PGj", "avatar_hd": "https://tvax3.sinaimg.cn/crop.0.0.1024.1024.1024/3f1601d1ly8h74rt44o5cj20sg0sgjtb.jpg?KID=imgbed,tva&Expires=1670864555&ssig=NJp1riy1rI", "verified_reason": "知名美食博主", "verified_trade": "3561", "verified_reason_url": "", "verified_source": "", "verified_source_url": "", "verified_state": 0, "verified_level": 3, "verified_type_ext": 1, "has_service_tel": false, "verified_reason_modified": "", "verified_contact_name": "", "verified_contact_email": "", "verified_contact_mobile": "", "follow_me": false, "like": false, "like_me": false, "online_status": 0, "bi_followers_count": 1144, "lang": "zh-cn", "star": 0, "mbtype": 12, "mbrank": 6, "svip": 0, "mb_expire_time": 1953648000, "block_word": 0, "block_app": 1, "chaohua_ability": 0, "brand_ability": 0, "nft_ability": 0, "vplus_ability": 0, "wenda_ability": 0, "live_ability": 0, "gongyi_ability": 0, "paycolumn_ability": 0, "newbrand_ability": 0, "ecommerce_ability": 0, "hardfan_ability": 1, "credit_score": 80, "user_ability": -2136733160, "cardid": "star_058", "avatargj_id": "gj_vip_422", "urank": 45, "story_read_state": -1, "verified_detail": {"custom": 1, "data": [{"key": 2, "sub_key": 0, "weight": 10, "desc": "知名美食博主"}]}, "vclub_member": 0, "is_teenager": 0, "is_guardian": 0, "is_teenager_list": 0, "pc_new": 7, "special_follow": false, "planet_video": 2, "video_mark": 15, "live_status": 0, "user_ability_extend": 0, "status_total_counter": {"total_cnt": 1767864, "repost_cnt": 198640, "comment_cnt": 548520, "like_cnt": 765818, "comment_like_cnt": 254886}, "video_total_counter": {"play_cnt": 95873199}, "brand_account": 0, "hongbaofei": 0, "tab_manage": "[0, 0]", "reward_status": 0, "green_mode": 0, "urisk": 0, "avatar_type": 0}, "annotations": [{"photo_sub_type": "0"}, {}, {"client_mblogid": "iPhone-76CFAD1C-257F-4AB9-991B-5A608AB1AC6D"}, {"mapi_request": true}], "picStatus": "0:1", "reposts_count": 0, "comments_count": 0, "reprint_cmt_count": 0, "attitudes_count": 0, "pending_approval_count": 0, "isLongText": false, "reward_exhibition_type": 0, "hide_flag": 0, "mlevel": 0, "show_mlevel": 0, "biz_feature": 4294967300, "hasActionTypeCard": 0, "darwin_tags": [], "hot_weibo_tags": [], "text_tag_tips": [], "mblogtype": 0, "userType": 0, "more_info_type": 0, "number_display_strategy": {"apply_scenario_flag": 3, "display_text_min_number": 1000000, "display_text": "100万+"}, "positive_recom_flag": 0, "content_auth": 0, "gif_ids": "", "is_show_bulletin": 2, "comment_manage_info": {"comment_permission_type": -1, "approval_comment_type": 0, "comment_sort_type": 0, "ai_play_picture_type": 0}, "pic_num": 1, "can_reprint": false, "new_comment_style": 0}, "readtimetype": "comment", "match_ai_play_picture": false}