{"created_at": "Mon Dec 19 14:44:53 +0800 2022", "id": 4848400803302733, "rootid": 4848400803302733, "rootidstr": "4848400803302733", "floor_number": 53, "text": "[话筒]", "disable_reply": 0, "restrictOperate": 0, "comment_badge": [{"pic_url": "https://h5.sinaimg.cn/upload/114/962/2022/07/08/member_0_bigfan2_1.png", "name": "loyal_fans", "length": 1.33, "actionlog": {"act_code": "3671", "ext": "status:fans"}, "scheme": "https://kefu.weibo.com/faqdetail?id=20848", "new_icon": true}], "user": {"id": 2397088380, "idstr": "2397088380", "class": 1, "screen_name": "成都人社局", "name": "成都人社局", "province": "51", "city": "1000", "location": "四川", "description": "这里是成都市人力资源和社会保障局官方微博，欢迎大家网络问政，也可登陆我局官方网站查询相关资讯和办理网上经办业务，电话咨询请拨12333.", "url": "http://www.cdldbz.gov.cn/", "profile_image_url": "https://tvax4.sinaimg.cn/crop.0.0.1080.1080.50/8ee0aa7cly8h8viot82wtj20u00u0776.jpg?KID=imgbed,tva&Expires=1673960243&ssig=XyvL4bvwZi", "light_ring": false, "cover_image": "https://ww2.sinaimg.cn/crop.0.76.980.300/8ee0aa7cgw1eb7fi0n0suj20r80chgq2.jpg", "cover_image_phone": "https://ww4.sinaimg.cn/crop.0.0.640.640.640/a1d3feabjw1ecat3p2p2qj20hs0hsmz4.jpg", "profile_url": "cdrsj", "domain": "cdrsj", "weihao": "", "gender": "m", "followers_count": 1211021, "followers_count_str": "121.1万", "friends_count": 643, "pagefriends_count": 31, "statuses_count": 45510, "video_status_count": 72, "video_play_count": 0, "super_topic_not_syn_count": 0, "favourites_count": 145, "created_at": "Thu Sep 15 15:08:01 +0800 2011", "following": false, "allow_all_act_msg": true, "geo_enabled": true, "verified": true, "verified_type": 1, "remark": "", "insecurity": {"sexual_content": false}, "ptype": 0, "allow_all_comment": true, "avatar_large": "https://tvax4.sinaimg.cn/crop.0.0.1080.1080.180/8ee0aa7cly8h8viot82wtj20u00u0776.jpg?KID=imgbed,tva&Expires=1673960243&ssig=So7QawXWUI", "avatar_hd": "https://tvax4.sinaimg.cn/crop.0.0.1080.1080.1024/8ee0aa7cly8h8viot82wtj20u00u0776.jpg?KID=imgbed,tva&Expires=1673960243&ssig=QB2Lw1IlM3", "verified_reason": "成都市人力资源和社会保障局官方微博", "verified_trade": "", "verified_reason_url": "", "verified_source": "", "verified_source_url": "", "verified_state": 0, "verified_level": 3, "verified_type_ext": 0, "has_service_tel": false, "verified_reason_modified": "", "verified_contact_name": "", "verified_contact_email": "", "verified_contact_mobile": "87706992", "follow_me": false, "like": false, "like_me": false, "online_status": 0, "bi_followers_count": 415, "lang": "zh-cn", "star": 0, "mbtype": 2, "mbrank": 1, "svip": 0, "mb_expire_time": 1656086399, "block_word": 0, "block_app": 0, "chaohua_ability": 0, "brand_ability": 0, "nft_ability": 0, "vplus_ability": 0, "wenda_ability": 0, "live_ability": 0, "gongyi_ability": 0, "paycolumn_ability": 0, "newbrand_ability": 0, "ecommerce_ability": 0, "hardfan_ability": 0, "wbcolumn_ability": 0, "credit_score": 80, "user_ability": 10747912, "cardid": "star_1624", "avatargj_id": "gj_vip_660", "urank": 46, "story_read_state": -1, "vclub_member": 0, "is_teenager": 0, "is_guardian": 0, "is_teenager_list": 0, "pc_new": 7, "special_follow": false, "planet_video": 2, "video_mark": 15, "live_status": 0, "user_ability_extend": 0, "status_total_counter": {"total_cnt": 2160887, "repost_cnt": 1075496, "comment_cnt": 685107, "like_cnt": 253188, "comment_like_cnt": 147096}, "video_total_counter": {"play_cnt": 140504}, "brand_account": 0, "hongbaofei": 0, "tab_manage": "[0, 0]", "reward_status": 0, "green_mode": 0, "urisk": 0, "avatar_type": 0}, "mid": "4848400803302733", "idstr": "4848400803302733", "status": {"visible": {"type": 0, "list_id": 0}, "created_at": "Sun Dec 18 15:04:31 +0800 2022", "id": 4848043356327646, "idstr": "4848043356327646", "mid": "4848043356327646", "can_edit": false, "version": 3, "show_additional_indication": 0, "text": "#轮胎充气爆炸工人被炸飞1米多高# 轮胎爆炸威力大？！[衰]戳图片↓↓实例为证！ ​​​", "textLength": 81, "source_allowclick": 0, "source_type": 1, "source": "<a href=\"http://app.weibo.com/t/feed/3EhUcS\" rel=\"nofollow\">iPhone 13</a>", "favorited": false, "truncated": false, "in_reply_to_status_id": "", "in_reply_to_user_id": "", "in_reply_to_screen_name": "", "pic_urls": [{"thumbnail_pic": "http://wx2.sinaimg.cn/thumbnail/8a18b37dly1h97z6yusxyg207s0507wk.gif"}, {"thumbnail_pic": "http://wx4.sinaimg.cn/thumbnail/8a18b37dly1h97z70j2xpg207z04v1ky.gif"}, {"thumbnail_pic": "http://wx4.sinaimg.cn/thumbnail/8a18b37dly1h97z71m7ywg208c05m7wi.gif"}, {"thumbnail_pic": "http://wx3.sinaimg.cn/thumbnail/8a18b37dly1h97z72tuhxg208c05kx6p.gif"}, {"thumbnail_pic": "http://wx3.sinaimg.cn/thumbnail/8a18b37dly1h97z744ejeg207v051hdt.gif"}, {"thumbnail_pic": "http://wx3.sinaimg.cn/thumbnail/8a18b37dly1h97z6v8aceg208c05pu0x.gif"}, {"thumbnail_pic": "http://wx1.sinaimg.cn/thumbnail/8a18b37dly1h97z765fuig207s04k1ky.gif"}, {"thumbnail_pic": "http://wx1.sinaimg.cn/thumbnail/8a18b37dly1h97z777azvg208c058x6p.gif"}, {"thumbnail_pic": "http://wx3.sinaimg.cn/thumbnail/8a18b37dly1h97z788ot4g208c05k4qp.gif"}], "thumbnail_pic": "http://wx2.sinaimg.cn/thumbnail/8a18b37dly1h97z6yusxyg207s0507wk.gif", "bmiddle_pic": "http://wx2.sinaimg.cn/bmiddle/8a18b37dly1h97z6yusxyg207s0507wk.gif", "original_pic": "http://wx2.sinaimg.cn/large/8a18b37dly1h97z6yusxyg207s0507wk.gif", "geo": null, "is_paid": false, "mblog_vip_type": 0, "user": {"id": 2316874621, "idstr": "2316874621", "class": 1, "screen_name": "宁津公安", "name": "宁津公安", "province": "37", "city": "1000", "location": "山东", "description": "把握主旋律，凝聚正能量，传播警声音，构建雨水情，欢迎关注！", "url": "", "profile_image_url": "https://tvax2.sinaimg.cn/crop.0.0.600.600.50/8a18b37dly8gx7lakos70j20go0go75v.jpg?KID=imgbed,tva&Expires=1673960243&ssig=iTE2mwr50Y", "light_ring": false, "cover_image_phone": "https://wx1.sinaimg.cn/crop.0.0.640.640.640/8a18b37dly1gy8f1f0prvj20kp0kpwgf.jpg", "profile_url": "u/2316874621", "domain": "", "weihao": "", "gender": "m", "followers_count": 67034, "followers_count_str": "6.7万", "friends_count": 624, "pagefriends_count": 4, "statuses_count": 17916, "video_status_count": 7294, "video_play_count": 0, "super_topic_not_syn_count": 0, "favourites_count": 144, "created_at": "Mon Aug 22 15:14:40 +0800 2011", "following": false, "allow_all_act_msg": false, "geo_enabled": true, "verified": true, "verified_type": 1, "remark": "", "insecurity": {"sexual_content": false}, "ptype": 0, "allow_all_comment": true, "avatar_large": "https://tvax2.sinaimg.cn/crop.0.0.600.600.180/8a18b37dly8gx7lakos70j20go0go75v.jpg?KID=imgbed,tva&Expires=1673960243&ssig=oQnJAz3BII", "avatar_hd": "https://tvax2.sinaimg.cn/crop.0.0.600.600.1024/8a18b37dly8gx7lakos70j20go0go75v.jpg?KID=imgbed,tva&Expires=1673960243&ssig=d6kniXS3b%2B", "verified_reason": "德州市宁津县公安局官方微博", "verified_trade": "", "verified_reason_url": "", "verified_source": "", "verified_source_url": "", "verified_state": 0, "verified_level": 3, "verified_type_ext": 0, "has_service_tel": false, "verified_reason_modified": "", "verified_contact_name": "", "verified_contact_email": "", "verified_contact_mobile": "", "follow_me": false, "like": false, "like_me": false, "online_status": 0, "bi_followers_count": 404, "lang": "zh-cn", "star": 0, "mbtype": 12, "mbrank": 4, "svip": 0, "mb_expire_time": 1674489600, "block_word": 0, "block_app": 1, "chaohua_ability": 0, "brand_ability": 0, "nft_ability": 0, "vplus_ability": 0, "wenda_ability": 0, "live_ability": 0, "gongyi_ability": 0, "paycolumn_ability": 0, "newbrand_ability": 0, "ecommerce_ability": 0, "hardfan_ability": 0, "wbcolumn_ability": 0, "credit_score": 80, "user_ability": 10747912, "cardid": "star_1068", "avatargj_id": "gj_vip_073", "urank": 27, "story_read_state": -1, "vclub_member": 0, "is_teenager": 0, "is_guardian": 0, "is_teenager_list": 0, "pc_new": 7, "special_follow": false, "planet_video": 2, "video_mark": 15, "live_status": 0, "user_ability_extend": 0, "status_total_counter": {"total_cnt": 431472, "repost_cnt": 4762, "comment_cnt": 294594, "like_cnt": 119182, "comment_like_cnt": 12934}, "video_total_counter": {"play_cnt": 5117004}, "brand_account": 0, "hongbaofei": 0, "tab_manage": "[0, 0]", "reward_status": 0, "green_mode": 0, "urisk": 0, "avatar_type": 0}, "annotations": [{"photo_sub_type": "0,0,0,0,0,0,0,0,0"}, {}, {"client_mblogid": "iPhone-334E98E9-81E4-4622-9D06-7708E8B0FAD1"}, {"mapi_request": true}], "reposts_count": 0, "comments_count": 0, "reprint_cmt_count": 0, "attitudes_count": 0, "pending_approval_count": 0, "isLongText": false, "reward_exhibition_type": 0, "hide_flag": 0, "mlevel": 0, "show_mlevel": 0, "biz_feature": 4294967300, "page_type": 64, "hasActionTypeCard": 0, "darwin_tags": [], "hot_weibo_tags": [], "text_tag_tips": [], "mblogtype": 0, "userType": 0, "more_info_type": 0, "cardid": "star_1068", "positive_recom_flag": 0, "content_auth": 0, "gif_ids": "8a18b37dly1h97z788ot4g208c05k4qp|o0/ewdYACNMlx081ElMXmLu010412000sRr0E010|1022:2311284848043363860542|http%3A%2F%2Fg.us.sinaimg.cn%2Fo0%2FewdYACNMlx081ElMXmLu010412000sRr0E010.mp4%3Flabel%3Dgif_mp4%26template%3D300x200.28.0,8a18b37dly1h97z71m7ywg208c05m7wi|o0/T00uuVcMlx081ElMRje0010412000QRl0E010|1022:2311284848043359666191|http%3A%2F%2Fg.us.sinaimg.cn%2Fo0%2FT00uuVcMlx081ElMRje0010412000QRl0E010.mp4%3Flabel%3Dgif_mp4%26template%3D300x202.28.0,8a18b37dly1h97z6yusxyg207s0507wk|o0/oSLnFV2flx081ElMNMOs010412000Rug0E010|1022:2311284848043355471932|http%3A%2F%2Fg.us.sinaimg.cn%2Fo0%2FoSLnFV2flx081ElMNMOs010412000Rug0E010.mp4%3Flabel%3Dgif_mp4%26template%3D280x180.28.0,8a18b37dly1h97z744ejeg207v051hdt|o0/TXMMv2qDlx081ElMQ69y010412000fqA0E010|1022:2311284848043359666230|http%3A%2F%2Fg.us.sinaimg.cn%2Fo0%2FTXMMv2qDlx081ElMQ69y010412000fqA0E010.mp4%3Flabel%3Dgif_mp4%26template%3D284x182.28.0,8a18b37dly1h97z6v8aceg208c05pu0x|o0/4PCoD76Ylx081ElMSI76010412000OSB0E010|1022:2311284848043359666303|http%3A%2F%2Fg.us.sinaimg.cn%2Fo0%2F4PCoD76Ylx081ElMSI76010412000OSB0E010.mp4%3Flabel%3Dgif_mp4%26template%3D300x206.28.0,8a18b37dly1h97z777azvg208c058x6p|o0/y8t34lNOlx081ElMSxY4010412000dLI0E010|1022:2311284848043363860527|http%3A%2F%2Fg.us.sinaimg.cn%2Fo0%2Fy8t34lNOlx081ElMSxY4010412000dLI0E010.mp4%3Flabel%3Dgif_mp4%26template%3D300x188.28.0,8a18b37dly1h97z70j2xpg207z04v1ky|o0/5apJ9y4Llx081ElMMb1K010412000eyy0E010|1022:2311284848043355472025|http%3A%2F%2Fg.us.sinaimg.cn%2Fo0%2F5apJ9y4Llx081ElMMb1K010412000eyy0E010.mp4%3Flabel%3Dgif_mp4%26template%3D288x176.28.0,8a18b37dly1h97z765fuig207s04k1ky|o0/DNGp761Ulx081ElMSMNq010412000isY0E010|1022:2311284848043359666335|http%3A%2F%2Fg.us.sinaimg.cn%2Fo0%2FDNGp761Ulx081ElMSMNq010412000isY0E010.mp4%3Flabel%3Dgif_mp4%26template%3D280x164.28.0,8a18b37dly1h97z72tuhxg208c05kx6p|o0/W4FVzUtolx081ElMNt2E010412000fIF0E010|1022:2311284848043359666229|http%3A%2F%2Fg.us.sinaimg.cn%2Fo0%2FW4FVzUtolx081ElMNt2E010412000fIF0E010.mp4%3Flabel%3Dgif_mp4%26template%3D300x200.28.0", "is_show_bulletin": 2, "comment_manage_info": {"comment_permission_type": -1, "approval_comment_type": 0, "comment_sort_type": 0, "ai_play_picture_type": 0}, "pic_num": 9, "can_reprint": false, "new_comment_style": 0}, "readtimetype": "comment", "comment_dynamic_message": {"id": "0", "start_color": "#00FFFFFF", "end_color": "#1AFFFFFF", "start_color_dark": "#003A3A3A", "end_color_dark": "#333A3A3A", "name": {"zh_CN": "默认", "zh_HK": "默認", "en_US": "default"}, "scheme": "https://new.vip.weibo.cn/bubble/mall?showmenu=0&decorateId=0&uid=2397088380", "allow_vip_box_content": "用此评论气泡", "allow_vip_box_icon": "https://h5.sinaimg.cn/upload/100/1720/2022/08/08/icon_VIP_for_comment_bubble.png"}, "match_ai_play_picture": false}