{"created_at": "Mon Dec 12 10:05:19 +0800 2022", "id": 4845793734037856, "rootid": 4845792177948786, "rootidstr": "4845792177948786", "floor_number": 0, "text": "回复@凉子炭:之前风控的时候就发图内涵说像敌占区，现在放开了又说是投降，到底是想怎样啊？", "disable_reply": 0, "restrictOperate": 0, "source_allowclick": 0, "source_type": 4, "source": "<a href=\"\" rel=\"nofollow\">来自广东</a>", "user": {"id": 2945215852, "idstr": "2945215852", "class": 1, "screen_name": "CwC君", "name": "CwC君", "province": "44", "city": "5", "location": "广东 汕头", "description": "烂在地上的棉花", "url": "", "profile_image_url": "https://tvax4.sinaimg.cn/crop.0.0.1242.1242.50/af8c6d6cly8fp6nsqrsipj20yi0yigue.jpg?KID=imgbed,tva&Expires=1673958883&ssig=gQQVo82wMO", "light_ring": false, "cover_image_phone": "https://ww1.sinaimg.cn/crop.0.0.640.640.640/9d44112bjw1f1xl1c10tuj20hs0hs0tw.jpg", "profile_url": "u/2945215852", "domain": "", "weihao": "", "gender": "m", "followers_count": 201, "followers_count_str": "201", "friends_count": 335, "pagefriends_count": 5, "statuses_count": 38, "video_status_count": 0, "video_play_count": 0, "super_topic_not_syn_count": 0, "favourites_count": 451, "created_at": "Fri Aug 10 22:26:32 +0800 2012", "following": false, "allow_all_act_msg": false, "geo_enabled": true, "verified": false, "verified_type": -1, "remark": "", "insecurity": {"sexual_content": false}, "ptype": 0, "allow_all_comment": true, "avatar_large": "https://tvax4.sinaimg.cn/crop.0.0.1242.1242.180/af8c6d6cly8fp6nsqrsipj20yi0yigue.jpg?KID=imgbed,tva&Expires=1673958883&ssig=9jHDNsT%2F3C", "avatar_hd": "https://tvax4.sinaimg.cn/crop.0.0.1242.1242.1024/af8c6d6cly8fp6nsqrsipj20yi0yigue.jpg?KID=imgbed,tva&Expires=1673958883&ssig=VkcBRSv3M3", "verified_reason": "", "verified_trade": "", "verified_reason_url": "", "verified_source": "", "verified_source_url": "", "follow_me": false, "like": false, "like_me": false, "online_status": 0, "bi_followers_count": 82, "lang": "zh-cn", "star": 0, "mbtype": 2, "mbrank": 1, "svip": 0, "mb_expire_time": 1542556799, "block_word": 0, "block_app": 0, "chaohua_ability": 0, "brand_ability": 0, "nft_ability": 0, "vplus_ability": 0, "wenda_ability": 0, "live_ability": 0, "gongyi_ability": 0, "paycolumn_ability": 0, "newbrand_ability": 0, "ecommerce_ability": 0, "hardfan_ability": 0, "wbcolumn_ability": 0, "credit_score": 80, "user_ability": 35652608, "cardid": "star_020", "avatargj_id": "gj_vip_107", "urank": 23, "story_read_state": -1, "vclub_member": 0, "is_teenager": 0, "is_guardian": 0, "is_teenager_list": 0, "pc_new": 0, "special_follow": false, "planet_video": 0, "video_mark": 0, "live_status": 0, "user_ability_extend": 0, "status_total_counter": {"total_cnt": 88, "repost_cnt": 1, "comment_cnt": 40, "like_cnt": 47, "comment_like_cnt": 0}, "video_total_counter": {"play_cnt": -1}, "brand_account": 0, "hongbaofei": 0, "tab_manage": "[0, 0]", "reward_status": 0, "green_mode": 0, "urisk": 549755813888, "avatar_type": 0}, "mid": "4845793734037856", "idstr": "4845793734037856", "status": {"visible": {"type": 0, "list_id": 0}, "created_at": "Mon Dec 12 09:55:29 +0800 2022", "id": 4845791259398951, "idstr": "4845791259398951", "mid": "4845791259398951", "can_edit": false, "version": 2, "show_additional_indication": 0, "text": "#行程卡#下线了，一群人高兴的不得了。\n\n可是，这有什么值得高兴的呢？\n\n只是#行程卡下线#，又不是病毒下线，将来感染上的时候，该挨的罪不少挨。\n\n另外，行程卡自上线以来，就一点作用没有吗？\n\n我看不见得。\n\n总不能说，现在的措施趋向放开，就把之前防控造成的功绩一笔抹杀了吧？\n\n现在的这个风气， ​", "textLength": 391, "source_allowclick": 1, "source_type": 2, "source": "<a href=\"http://weibo.com/\" rel=\"nofollow\">拆台送的HarmonyOS设备</a>", "favorited": false, "truncated": false, "in_reply_to_status_id": "", "in_reply_to_user_id": "", "in_reply_to_screen_name": "", "pic_urls": [], "geo": null, "is_paid": false, "mblog_vip_type": 0, "user": {"id": 6059492811, "idstr": "6059492811", "class": 1, "screen_name": "拆台CT", "name": "拆台CT", "province": "11", "city": "1", "location": "北京 东城区", "description": "准备做一个没素质的博主，希望你评论的时候注意点。", "url": "", "profile_image_url": "https://tvax2.sinaimg.cn/crop.0.0.800.800.50/006C50T1ly8h8weif5vyjj30m80m8wge.jpg?KID=imgbed,tva&Expires=1673958883&ssig=3tjBfmLOqf", "light_ring": false, "cover_image": "https://wx4.sinaimg.cn/crop.0.0.920.300/006C50T1gy1fiy6cslbaxj30pk08c7c6.jpg", "cover_image_phone": "https://wx1.sinaimg.cn/crop.0.0.640.640.640/006C50T1ly1h4cml0fp7wj30qc0qc3zi.jpg", "profile_url": "ctchaitai", "domain": "ctchaitai", "weihao": "", "gender": "m", "followers_count": 606600, "followers_count_str": "60.7万", "friends_count": 599, "pagefriends_count": 16, "statuses_count": 42977, "video_status_count": 3975, "video_play_count": 0, "super_topic_not_syn_count": 0, "favourites_count": 30088, "created_at": "Sun Nov 06 09:19:34 +0800 2016", "following": false, "allow_all_act_msg": false, "geo_enabled": true, "verified": true, "verified_type": 0, "remark": "", "insecurity": {"sexual_content": false}, "ptype": 0, "allow_all_comment": false, "avatar_large": "https://tvax2.sinaimg.cn/crop.0.0.800.800.180/006C50T1ly8h8weif5vyjj30m80m8wge.jpg?KID=imgbed,tva&Expires=1673958883&ssig=dOPQi1xyII", "avatar_hd": "https://tvax2.sinaimg.cn/crop.0.0.800.800.1024/006C50T1ly8h8weif5vyjj30m80m8wge.jpg?KID=imgbed,tva&Expires=1673958883&ssig=srNYBHh3QA", "verified_reason": "互联网科技博主 2022年辰星计划博主 超话主持人（拆拆的台超话） 微博原创视频博主 头条文章作者", "verified_trade": "", "verified_reason_url": "", "verified_source": "", "verified_source_url": "", "verified_state": 0, "verified_level": 3, "verified_type_ext": 1, "has_service_tel": false, "verified_reason_modified": "", "verified_contact_name": "", "verified_contact_email": "", "verified_contact_mobile": "", "follow_me": false, "like": false, "like_me": false, "online_status": 0, "bi_followers_count": 558, "lang": "zh-cn", "star": 0, "mbtype": 12, "mbrank": 8, "svip": 1, "mb_expire_time": 1698940800, "block_word": 1, "block_app": 1, "chaohua_ability": 0, "brand_ability": 0, "nft_ability": 0, "vplus_ability": 1, "wenda_ability": 0, "live_ability": 0, "gongyi_ability": 0, "paycolumn_ability": 3, "newbrand_ability": 0, "ecommerce_ability": 0, "hardfan_ability": 1, "wbcolumn_ability": 0, "credit_score": 80, "user_ability": -2135553496, "cardid": "flag_36059492811007518", "avatargj_id": "gj_vip_094", "urank": 34, "story_read_state": -1, "verified_detail": {"custom": 1, "data": [{"key": 2, "sub_key": 0, "weight": 10, "desc": "互联网科技博主", "timestamp": 0}, {"key": 4, "sub_key": 9, "weight": 999, "desc": "头条文章作者", "timestamp": 0}, {"key": 16, "sub_key": 1, "weight": 103, "desc": "微博原创视频博主", "timestamp": 0}, {"key": 8, "sub_key": 0, "weight": 102, "desc": "超话主持人（拆拆的台超话）", "timestamp": 0}, {"key": 1, "sub_key": 0, "weight": 100, "desc": "2022年辰星计划博主", "timestamp": 0}]}, "vclub_member": 0, "is_teenager": 0, "is_guardian": 1, "is_teenager_list": 0, "pc_new": 6, "special_follow": false, "planet_video": 2, "video_mark": 15, "live_status": 0, "user_ability_extend": 1, "brand_account": 0, "hongbaofei": 0, "tab_manage": "[283736454038927, 0]", "reward_status": 0, "green_mode": 0, "mb_like_privilege": {"like_id": "0016_36", "like_desc": ""}, "urisk": 554050781184, "avatar_type": 0}, "annotations": [{}, {}, {"client_mblogid": "1e45dc60-4025-4038-9616-f43fb0aa036f"}, {"mapi_request": true}], "reposts_count": 0, "comments_count": 0, "reprint_cmt_count": 0, "attitudes_count": 0, "pending_approval_count": 0, "isLongText": true, "reward_exhibition_type": 0, "hide_flag": 0, "mlevel": 0, "show_mlevel": 0, "biz_ids": [230444], "biz_feature": 4294967304, "page_type": 64, "hasActionTypeCard": 0, "darwin_tags": [], "hot_weibo_tags": [], "text_tag_tips": [], "mblogtype": 0, "userType": 0, "more_info_type": 0, "cardid": "flag_36059492811007518", "number_display_strategy": {"apply_scenario_flag": 3, "display_text_min_number": 1000000, "display_text": "100万+"}, "positive_recom_flag": 0, "content_auth": 0, "gif_ids": "", "is_show_bulletin": 2, "comment_manage_info": {"comment_permission_type": -1, "approval_comment_type": 0, "comment_sort_type": 0, "ai_play_picture_type": 0}, "pic_num": 0, "fid": 4845791121244215, "can_reprint": false, "new_comment_style": 0}, "reply_comment": {"created_at": "Mon Dec 12 09:59:07 +0800 2022", "id": 4845792177948786, "rootid": 4845792177948786, "rootidstr": "4845792177948786", "floor_number": 12, "text": "把武器扔了 朝敌人跪了下去 然后说敌人打人一点也不疼 艹踏马的", "disable_reply": 0, "restrictOperate": 0, "comment_badge": [{"pic_url": "https://h5.sinaimg.cn/upload/114/962/2022/07/08/member_0_bigfan1_3.png", "name": "loyal_fans", "length": 1.33, "actionlog": {"act_code": "3671", "ext": "status:fans"}, "scheme": "https://kefu.weibo.com/faqdetail?id=20848", "new_icon": true}, {"pic_url": "https://h5.sinaimg.cn/upload/114/962/2022/07/08/member_0_bigfan1_3.png", "name": "loyal_fans", "length": 1.33, "actionlog": {"act_code": "3671", "ext": "status:fans"}, "scheme": "https://kefu.weibo.com/faqdetail?id=20848", "new_icon": true}, {"pic_url": "https://h5.sinaimg.cn/upload/114/962/2022/07/08/member_0_bigfan1_3.png", "name": "loyal_fans", "length": 1.33, "actionlog": {"act_code": "3671", "ext": "status:fans"}, "scheme": "https://kefu.weibo.com/faqdetail?id=20848", "new_icon": true}, {"pic_url": "https://h5.sinaimg.cn/upload/114/962/2022/07/08/member_0_bigfan1_3.png", "name": "loyal_fans", "length": 1.33, "actionlog": {"act_code": "3671", "ext": "status:fans"}, "scheme": "https://kefu.weibo.com/faqdetail?id=20848", "new_icon": true}, {"pic_url": "https://h5.sinaimg.cn/upload/114/962/2022/07/08/member_0_bigfan1_3.png", "name": "loyal_fans", "length": 1.33, "actionlog": {"act_code": "3671", "ext": "status:fans"}, "scheme": "https://kefu.weibo.com/faqdetail?id=20848", "new_icon": true}], "user": {"id": 2110558033, "idstr": "2110558033", "class": 1, "screen_name": "凉子炭", "name": "凉子炭", "province": "21", "city": "1", "location": "辽宁 沈阳", "description": "粉红战狼＋伪球迷＋伪宅＋原批+混吃等死咸鱼", "url": "", "profile_image_url": "https://tvax2.sinaimg.cn/crop.64.57.420.420.50/002iPGyBly8gun5kyib5sj60f10f1q5102.jpg?KID=imgbed,tva&Expires=1673958883&ssig=sF8RCukesD", "light_ring": false, "cover_image": "https://wx3.sinaimg.cn/crop.0.0.920.300/7dcc8f51ly1g8xdnvtaqxj20pk08cglz.jpg", "cover_image_phone": "https://ww1.sinaimg.cn/crop.0.0.640.640.640/9d44112bjw1f1xl1c10tuj20hs0hs0tw.jpg", "profile_url": "u/2110558033", "domain": "", "weihao": "", "gender": "f", "followers_count": 1703, "followers_count_str": "1703", "friends_count": 1094, "pagefriends_count": 9, "statuses_count": 592, "video_status_count": 3, "video_play_count": 0, "super_topic_not_syn_count": 3, "favourites_count": 12, "created_at": "Thu May 17 16:09:11 +0800 2012", "following": false, "allow_all_act_msg": false, "geo_enabled": false, "verified": false, "verified_type": -1, "remark": "", "insecurity": {"sexual_content": false}, "ptype": 0, "allow_all_comment": true, "avatar_large": "https://tvax2.sinaimg.cn/crop.64.57.420.420.180/002iPGyBly8gun5kyib5sj60f10f1q5102.jpg?KID=imgbed,tva&Expires=1673958883&ssig=sLN3axSEzP", "avatar_hd": "https://tvax2.sinaimg.cn/crop.64.57.420.420.1024/002iPGyBly8gun5kyib5sj60f10f1q5102.jpg?KID=imgbed,tva&Expires=1673958883&ssig=5PCzgqOyiY", "verified_reason": "", "verified_trade": "", "verified_reason_url": "", "verified_source": "", "verified_source_url": "", "follow_me": false, "like": false, "like_me": false, "online_status": 0, "bi_followers_count": 59, "lang": "zh-cn", "star": 0, "mbtype": 2, "mbrank": 5, "svip": 0, "mb_expire_time": 1596124800, "block_word": 0, "block_app": 0, "chaohua_ability": 0, "brand_ability": 0, "nft_ability": 0, "vplus_ability": 0, "wenda_ability": 0, "live_ability": 0, "gongyi_ability": 0, "paycolumn_ability": 0, "newbrand_ability": 0, "ecommerce_ability": 0, "hardfan_ability": 0, "wbcolumn_ability": 0, "credit_score": 80, "user_ability": 2359296, "cardid": "star_11247_common", "avatargj_id": "gj_vip_375", "urank": 32, "story_read_state": -1, "vclub_member": 0, "is_teenager": 0, "is_guardian": 0, "is_teenager_list": 0, "pc_new": 7, "special_follow": false, "planet_video": 2, "video_mark": 2, "live_status": 0, "user_ability_extend": 0, "status_total_counter": {"total_cnt": 11529, "repost_cnt": 2190, "comment_cnt": 3129, "like_cnt": 5803, "comment_like_cnt": 407}, "video_total_counter": {"play_cnt": 3516}, "brand_account": 0, "hongbaofei": 0, "tab_manage": "[0, 0]", "reward_status": 0, "green_mode": 0, "urisk": 549755813888, "avatar_type": 0}, "mid": "4845792177948786", "idstr": "4845792177948786", "match_ai_play_picture": false}, "reply_original_text": "之前风控的时候就发图内涵说像敌占区，现在放开了又说是投降，到底是想怎样啊？", "readtimetype": "comment", "match_ai_play_picture": false}