{"created_at": "Mon Dec 12 10:55:55 +0800 2022", "id": 4845806466634933, "rootid": 4845792483873880, "rootidstr": "4845792483873880", "floor_number": 0, "text": "回复@纾淇继续勇敢:我第一次做核酸是在21年10月份[傻眼]，因为之前没有需要到核酸", "disable_reply": 0, "restrictOperate": 0, "source_allowclick": 0, "source_type": 4, "source": "<a href=\"\" rel=\"nofollow\">来自陕西</a>", "user": {"id": 6143947911, "idstr": "6143947911", "class": 1, "screen_name": "Baek音符", "name": "Baek音符", "province": "100", "city": "1000", "location": "其他", "description": "", "url": "", "profile_image_url": "https://tvax1.sinaimg.cn/crop.0.0.996.996.50/006HNnw3ly8h3r3zzmiyfj30ro0ro75p.jpg?KID=imgbed,tva&Expires=1673958883&ssig=lg6fAV8Glb", "light_ring": false, "cover_image_phone": "https://ww1.sinaimg.cn/crop.0.0.640.640.640/9d44112bjw1f1xl1c10tuj20hs0hs0tw.jpg", "profile_url": "u/6143947911", "domain": "", "weihao": "", "gender": "f", "followers_count": 236, "followers_count_str": "236", "friends_count": 184, "pagefriends_count": 31, "statuses_count": 5922, "video_status_count": 68, "video_play_count": 0, "super_topic_not_syn_count": 16, "favourites_count": 1, "created_at": "Wed Feb 15 23:45:14 +0800 2017", "following": false, "allow_all_act_msg": false, "geo_enabled": true, "verified": false, "verified_type": -1, "remark": "", "insecurity": {"sexual_content": false}, "ptype": 0, "allow_all_comment": true, "avatar_large": "https://tvax1.sinaimg.cn/crop.0.0.996.996.180/006HNnw3ly8h3r3zzmiyfj30ro0ro75p.jpg?KID=imgbed,tva&Expires=1673958883&ssig=PenC9VgfeK", "avatar_hd": "https://tvax1.sinaimg.cn/crop.0.0.996.996.1024/006HNnw3ly8h3r3zzmiyfj30ro0ro75p.jpg?KID=imgbed,tva&Expires=1673958883&ssig=Zo9s%2BOi8Qg", "verified_reason": "", "verified_trade": "", "verified_reason_url": "", "verified_source": "", "verified_source_url": "", "follow_me": false, "like": false, "like_me": false, "online_status": 0, "bi_followers_count": 28, "lang": "zh-cn", "star": 0, "mbtype": 2, "mbrank": 1, "svip": 0, "mb_expire_time": 1583337599, "block_word": 0, "block_app": 0, "chaohua_ability": 0, "brand_ability": 0, "nft_ability": 0, "vplus_ability": 0, "wenda_ability": 0, "live_ability": 0, "gongyi_ability": 0, "paycolumn_ability": 0, "newbrand_ability": 0, "ecommerce_ability": 0, "hardfan_ability": 0, "wbcolumn_ability": 0, "credit_score": 80, "user_ability": 2359296, "urank": 9, "story_read_state": -1, "vclub_member": 0, "is_teenager": 0, "is_guardian": 1, "is_teenager_list": 0, "pc_new": 0, "special_follow": false, "planet_video": 1, "video_mark": 14, "live_status": 0, "user_ability_extend": 0, "status_total_counter": {"total_cnt": 9284, "repost_cnt": 938, "comment_cnt": 3226, "like_cnt": 4903, "comment_like_cnt": 217}, "video_total_counter": {"play_cnt": 3}, "brand_account": 0, "hongbaofei": 0, "tab_manage": "[0, 0]", "reward_status": 0, "green_mode": 0, "urisk": 0, "avatar_type": 0}, "mid": "4845806466634933", "idstr": "4845806466634933", "status": {"visible": {"type": 0, "list_id": 0}, "created_at": "Mon Dec 12 09:55:29 +0800 2022", "id": 4845791259398951, "idstr": "4845791259398951", "mid": "4845791259398951", "can_edit": false, "version": 2, "show_additional_indication": 0, "text": "#行程卡#下线了，一群人高兴的不得了。\n\n可是，这有什么值得高兴的呢？\n\n只是#行程卡下线#，又不是病毒下线，将来感染上的时候，该挨的罪不少挨。\n\n另外，行程卡自上线以来，就一点作用没有吗？\n\n我看不见得。\n\n总不能说，现在的措施趋向放开，就把之前防控造成的功绩一笔抹杀了吧？\n\n现在的这个风气， ​", "textLength": 391, "source_allowclick": 1, "source_type": 2, "source": "<a href=\"http://weibo.com/\" rel=\"nofollow\">拆台送的HarmonyOS设备</a>", "favorited": false, "truncated": false, "in_reply_to_status_id": "", "in_reply_to_user_id": "", "in_reply_to_screen_name": "", "pic_urls": [], "geo": null, "is_paid": false, "mblog_vip_type": 0, "user": {"id": 6059492811, "idstr": "6059492811", "class": 1, "screen_name": "拆台CT", "name": "拆台CT", "province": "11", "city": "1", "location": "北京 东城区", "description": "准备做一个没素质的博主，希望你评论的时候注意点。", "url": "", "profile_image_url": "https://tvax2.sinaimg.cn/crop.0.0.800.800.50/006C50T1ly8h8weif5vyjj30m80m8wge.jpg?KID=imgbed,tva&Expires=1673958883&ssig=3tjBfmLOqf", "light_ring": false, "cover_image": "https://wx4.sinaimg.cn/crop.0.0.920.300/006C50T1gy1fiy6cslbaxj30pk08c7c6.jpg", "cover_image_phone": "https://wx1.sinaimg.cn/crop.0.0.640.640.640/006C50T1ly1h4cml0fp7wj30qc0qc3zi.jpg", "profile_url": "ctchaitai", "domain": "ctchaitai", "weihao": "", "gender": "m", "followers_count": 606600, "followers_count_str": "60.7万", "friends_count": 599, "pagefriends_count": 16, "statuses_count": 42977, "video_status_count": 3975, "video_play_count": 0, "super_topic_not_syn_count": 0, "favourites_count": 30088, "created_at": "Sun Nov 06 09:19:34 +0800 2016", "following": false, "allow_all_act_msg": false, "geo_enabled": true, "verified": true, "verified_type": 0, "remark": "", "insecurity": {"sexual_content": false}, "ptype": 0, "allow_all_comment": false, "avatar_large": "https://tvax2.sinaimg.cn/crop.0.0.800.800.180/006C50T1ly8h8weif5vyjj30m80m8wge.jpg?KID=imgbed,tva&Expires=1673958883&ssig=dOPQi1xyII", "avatar_hd": "https://tvax2.sinaimg.cn/crop.0.0.800.800.1024/006C50T1ly8h8weif5vyjj30m80m8wge.jpg?KID=imgbed,tva&Expires=1673958883&ssig=srNYBHh3QA", "verified_reason": "互联网科技博主 2022年辰星计划博主 超话主持人（拆拆的台超话） 微博原创视频博主 头条文章作者", "verified_trade": "", "verified_reason_url": "", "verified_source": "", "verified_source_url": "", "verified_state": 0, "verified_level": 3, "verified_type_ext": 1, "has_service_tel": false, "verified_reason_modified": "", "verified_contact_name": "", "verified_contact_email": "", "verified_contact_mobile": "", "follow_me": false, "like": false, "like_me": false, "online_status": 0, "bi_followers_count": 558, "lang": "zh-cn", "star": 0, "mbtype": 12, "mbrank": 8, "svip": 1, "mb_expire_time": 1698940800, "block_word": 1, "block_app": 1, "chaohua_ability": 0, "brand_ability": 0, "nft_ability": 0, "vplus_ability": 1, "wenda_ability": 0, "live_ability": 0, "gongyi_ability": 0, "paycolumn_ability": 3, "newbrand_ability": 0, "ecommerce_ability": 0, "hardfan_ability": 1, "wbcolumn_ability": 0, "credit_score": 80, "user_ability": -2135553496, "cardid": "flag_36059492811007518", "avatargj_id": "gj_vip_094", "urank": 34, "story_read_state": -1, "verified_detail": {"custom": 1, "data": [{"key": 2, "sub_key": 0, "weight": 10, "desc": "互联网科技博主", "timestamp": 0}, {"key": 4, "sub_key": 9, "weight": 999, "desc": "头条文章作者", "timestamp": 0}, {"key": 16, "sub_key": 1, "weight": 103, "desc": "微博原创视频博主", "timestamp": 0}, {"key": 8, "sub_key": 0, "weight": 102, "desc": "超话主持人（拆拆的台超话）", "timestamp": 0}, {"key": 1, "sub_key": 0, "weight": 100, "desc": "2022年辰星计划博主", "timestamp": 0}]}, "vclub_member": 0, "is_teenager": 0, "is_guardian": 1, "is_teenager_list": 0, "pc_new": 6, "special_follow": false, "planet_video": 2, "video_mark": 15, "live_status": 0, "user_ability_extend": 1, "brand_account": 0, "hongbaofei": 0, "tab_manage": "[283736454038927, 0]", "reward_status": 0, "green_mode": 0, "mb_like_privilege": {"like_id": "0016_36", "like_desc": ""}, "urisk": 554050781184, "avatar_type": 0}, "annotations": [{}, {}, {"client_mblogid": "1e45dc60-4025-4038-9616-f43fb0aa036f"}, {"mapi_request": true}], "reposts_count": 0, "comments_count": 0, "reprint_cmt_count": 0, "attitudes_count": 0, "pending_approval_count": 0, "isLongText": true, "reward_exhibition_type": 0, "hide_flag": 0, "mlevel": 0, "show_mlevel": 0, "biz_ids": [230444], "biz_feature": 4294967304, "page_type": 64, "hasActionTypeCard": 0, "darwin_tags": [], "hot_weibo_tags": [], "text_tag_tips": [], "mblogtype": 0, "userType": 0, "more_info_type": 0, "cardid": "flag_36059492811007518", "number_display_strategy": {"apply_scenario_flag": 3, "display_text_min_number": 1000000, "display_text": "100万+"}, "positive_recom_flag": 0, "content_auth": 0, "gif_ids": "", "is_show_bulletin": 2, "comment_manage_info": {"comment_permission_type": -1, "approval_comment_type": 0, "comment_sort_type": 0, "ai_play_picture_type": 0}, "pic_num": 0, "fid": 4845791121244215, "can_reprint": false, "new_comment_style": 0}, "reply_comment": {"created_at": "Mon Dec 12 10:00:20 +0800 2022", "id": 4845792483873880, "rootid": 4845792483873880, "rootidstr": "4845792483873880", "floor_number": 14, "text": "还有人在模糊记忆说三年了 前两年明明一堆人在国内自由快活嘲笑国外的 都不记得了 好像真关了他三年在家似的 http://t.cn/A6KKSI5k", "disable_reply": 0, "restrictOperate": 0, "user": {"id": 1722569523, "idstr": "1722569523", "class": 1, "screen_name": "纾淇继续勇敢", "name": "纾淇继续勇敢", "province": "400", "city": "19", "location": "海外 德国", "description": "Be authentic. Be diligent. Be grateful 祈愿国泰民安 世界和平", "url": "http://blog.sina.com.cn/clcherrie", "profile_image_url": "https://tva3.sinaimg.cn/crop.0.0.180.180.50/66ac5333jw1e8qgp5bmzyj2050050aa8.jpg?KID=imgbed,tva&Expires=1673958883&ssig=FXp5mKPztU", "light_ring": false, "cover_image_phone": "https://ww1.sinaimg.cn/crop.0.0.640.640.640/549d0121tw1egm1kjly3jj20hs0hsq4f.jpg", "profile_url": "clcherrie", "domain": "clcherrie", "weihao": "", "gender": "f", "followers_count": 933, "followers_count_str": "933", "friends_count": 1470, "pagefriends_count": 31, "statuses_count": 10143, "video_status_count": 1, "video_play_count": 0, "super_topic_not_syn_count": 0, "favourites_count": 533, "created_at": "Wed Mar 31 15:00:28 +0800 2010", "following": false, "allow_all_act_msg": false, "geo_enabled": true, "verified": false, "verified_type": 220, "remark": "", "insecurity": {"sexual_content": false}, "ptype": 0, "allow_all_comment": true, "avatar_large": "https://tva3.sinaimg.cn/crop.0.0.180.180.180/66ac5333jw1e8qgp5bmzyj2050050aa8.jpg?KID=imgbed,tva&Expires=1673958883&ssig=gxfqJeNvQH", "avatar_hd": "https://tva3.sinaimg.cn/crop.0.0.180.180.1024/66ac5333jw1e8qgp5bmzyj2050050aa8.jpg?KID=imgbed,tva&Expires=1673958883&ssig=FdSDNuldFG", "verified_reason": "", "verified_trade": "", "verified_reason_url": "", "verified_source": "", "verified_source_url": "", "follow_me": false, "like": false, "like_me": false, "online_status": 0, "bi_followers_count": 201, "lang": "zh-cn", "star": 0, "mbtype": 0, "mbrank": 0, "svip": 0, "mb_expire_time": 0, "block_word": 0, "block_app": 0, "chaohua_ability": 0, "brand_ability": 0, "nft_ability": 0, "vplus_ability": 0, "wenda_ability": 0, "live_ability": 0, "gongyi_ability": 0, "paycolumn_ability": 0, "newbrand_ability": 0, "ecommerce_ability": 0, "hardfan_ability": 0, "wbcolumn_ability": 0, "credit_score": 80, "user_ability": 10747904, "cardid": "star_11247_common", "avatargj_id": "gj_vip_375", "urank": 42, "story_read_state": -1, "vclub_member": 0, "is_teenager": 0, "is_guardian": 0, "is_teenager_list": 0, "pc_new": 0, "special_follow": false, "planet_video": 2, "video_mark": 0, "live_status": 0, "user_ability_extend": 0, "status_total_counter": {"total_cnt": 19441, "repost_cnt": 5126, "comment_cnt": 11111, "like_cnt": 2913, "comment_like_cnt": 291}, "video_total_counter": {"play_cnt": 76}, "brand_account": 0, "hongbaofei": 0, "tab_manage": "[0, 0]", "reward_status": 0, "green_mode": 0, "urisk": 0, "avatar_type": 0}, "mid": "4845792483873880", "idstr": "4845792483873880", "match_ai_play_picture": false}, "reply_original_text": "我第一次做核酸是在21年10月份[傻眼]，因为之前没有需要到核酸", "readtimetype": "comment", "match_ai_play_picture": false}