{"created_at": "Fri Jan 06 16:16:32 +0800 2023", "id": 4854946854601541, "rootid": 4854946854601541, "rootidstr": "4854946854601541", "floor_number": 17, "text": "#杨超越代言球球大作战# ", "disable_reply": 0, "restrictOperate": 0, "source_allowclick": 0, "source_type": 4, "source": "<a href=\"\" rel=\"nofollow\">来自广东</a>", "comment_badge": [{"pic_url": "https://h5.sinaimg.cn/upload/114/962/2022/07/08/member_0_bigfan1_1.png", "name": "loyal_fans", "length": 1.33, "actionlog": {"act_code": "3671", "ext": "status:fans"}, "scheme": "https://kefu.weibo.com/faqdetail?id=20848", "new_icon": true}], "user": {"id": 5244129678, "idstr": "5244129678", "class": 1, "screen_name": "Vanillaxxxxx", "name": "Vanillaxxxxx", "province": "44", "city": "1000", "location": "广东", "description": "", "url": "", "profile_image_url": "https://tvax2.sinaimg.cn/crop.0.0.810.810.50/005ITPGKly8h6t8abdoztj30mi0midgv.jpg?KID=imgbed,tva&Expires=1673960481&ssig=PzSckRZroj", "light_ring": false, "cover_image_phone": "https://ww1.sinaimg.cn/crop.0.0.640.640.640/9d44112bjw1f1xl1c10tuj20hs0hs0tw.jpg", "profile_url": "u/5244129678", "domain": "", "weihao": "", "gender": "f", "followers_count": 11503, "followers_count_str": "1.2万", "friends_count": 406, "pagefriends_count": 28, "statuses_count": 34439, "video_status_count": 22, "video_play_count": 0, "super_topic_not_syn_count": 3, "favourites_count": 49, "created_at": "Fri Aug 08 14:10:18 +0800 2014", "following": false, "allow_all_act_msg": false, "geo_enabled": true, "verified": true, "verified_type": 0, "remark": "", "insecurity": {"sexual_content": false}, "ptype": 0, "allow_all_comment": true, "avatar_large": "https://tvax2.sinaimg.cn/crop.0.0.810.810.180/005ITPGKly8h6t8abdoztj30mi0midgv.jpg?KID=imgbed,tva&Expires=1673960481&ssig=MPpo7lZkKM", "avatar_hd": "https://tvax2.sinaimg.cn/crop.0.0.810.810.1024/005ITPGKly8h6t8abdoztj30mi0midgv.jpg?KID=imgbed,tva&Expires=1673960481&ssig=VkIJSQGHei", "verified_reason": "超话粉丝大咖（杨超越超话）", "verified_trade": "", "verified_reason_url": "", "verified_source": "", "verified_source_url": "", "verified_state": 0, "verified_level": 3, "verified_type_ext": 0, "has_service_tel": false, "verified_reason_modified": "", "verified_contact_name": "", "verified_contact_email": "", "verified_contact_mobile": "", "follow_me": false, "like": false, "like_me": false, "online_status": 0, "bi_followers_count": 105, "lang": "zh-cn", "star": 0, "mbtype": 2, "mbrank": 1, "svip": 0, "mb_expire_time": 1656086399, "block_word": 0, "block_app": 0, "chaohua_ability": 0, "brand_ability": 0, "nft_ability": 0, "vplus_ability": 0, "wenda_ability": 0, "live_ability": 0, "gongyi_ability": 0, "paycolumn_ability": 0, "newbrand_ability": 0, "ecommerce_ability": 0, "hardfan_ability": 0, "wbcolumn_ability": 0, "credit_score": 80, "user_ability": 2359304, "cardid": "star_1576", "avatargj_id": "gj_vip_470", "urank": 27, "story_read_state": -1, "verified_detail": {"custom": 0, "data": [{"key": 8, "sub_key": 0, "weight": 102, "desc": "超话粉丝大咖（杨超越超话）"}]}, "vclub_member": 0, "is_teenager": 0, "is_guardian": 1, "is_teenager_list": 0, "pc_new": 7, "special_follow": false, "planet_video": 2, "video_mark": 14, "live_status": 0, "user_ability_extend": 0, "status_total_counter": {"total_cnt": 56360, "repost_cnt": 22460, "comment_cnt": 19517, "like_cnt": 12947, "comment_like_cnt": 1436}, "video_total_counter": {"play_cnt": 66076}, "brand_account": 0, "hongbaofei": 0, "tab_manage": "[0, 0]", "reward_status": 0, "green_mode": 0, "urisk": 0, "avatar_type": 0}, "mid": "4854946854601541", "idstr": "4854946854601541", "status": {"visible": {"type": 0, "list_id": 0}, "created_at": "Fri Jan 06 16:10:18 +0800 2023", "id": 4854945280693686, "idstr": "4854945280693686", "mid": "4854945280693686", "can_edit": false, "version": 6, "show_additional_indication": 0, "text": "#球球大作战[超话]# #敦煌壁画3只兔子竟只有3个耳朵#\n今天的奇幻大片可是细节满满哟~有超级多的敦煌元素！菲菲子专门制作了几个动图送给球宝们[哈哈]\n不知道球宝们有没有注意到“三兔共耳”的神奇图案！这是敦煌石窟中特有的图案，三只兔子首尾相连、循环往复，朝着同一个方向奔跑，彼此追随，寓意着吉 ​", "textLength": 487, "source_allowclick": 0, "source_type": 1, "source": "<a href=\"http://app.weibo.com/t/feed/6vtZb0\" rel=\"nofollow\">微博 weibo.com</a>", "favorited": false, "truncated": false, "in_reply_to_status_id": "", "in_reply_to_user_id": "", "in_reply_to_screen_name": "", "pic_urls": [{"thumbnail_pic": "http://wx1.sinaimg.cn/thumbnail/006a9Otygy1h9tz65muh8g30hh08be84.gif"}, {"thumbnail_pic": "http://wx1.sinaimg.cn/thumbnail/006a9Otygy1h9tz6asekqg30hh08bx6s.gif"}, {"thumbnail_pic": "http://wx4.sinaimg.cn/thumbnail/006a9Otygy1h9tz6cyoeig30hh08bqv5.gif"}, {"thumbnail_pic": "http://wx1.sinaimg.cn/thumbnail/006a9Otygy1h9tz6h60i9g30hh08bhdv.gif"}, {"thumbnail_pic": "http://wx1.sinaimg.cn/thumbnail/006a9Otygy1h9tz6octtcg30dw0dwx6u.gif"}], "thumbnail_pic": "http://wx1.sinaimg.cn/thumbnail/006a9Otygy1h9tz65muh8g30hh08be84.gif", "bmiddle_pic": "http://wx1.sinaimg.cn/bmiddle/006a9Otygy1h9tz65muh8g30hh08be84.gif", "original_pic": "http://wx1.sinaimg.cn/large/006a9Otygy1h9tz65muh8g30hh08be84.gif", "geo": null, "is_paid": false, "mblog_vip_type": 0, "user": {"id": 5646899336, "idstr": "5646899336", "class": 1, "screen_name": "球球大作战", "name": "球球大作战", "province": "31", "city": "1000", "location": "上海", "description": "球球大作战唯一官方微博！ 这里有最新的官方活动资讯，这里有最频繁宠粉的官博娘，欢迎球宝们一键关注！", "url": "", "profile_image_url": "https://tvax2.sinaimg.cn/crop.34.36.947.947.50/006a9Otyly8h8v1r2mcxfj30sg0sggoe.jpg?KID=imgbed,tva&Expires=1673960481&ssig=xlKK193558", "light_ring": false, "cover_image": "https://wx3.sinaimg.cn/crop.0.0.920.300/006a9Otygy1ha6ndak4d3j30pk08c76m.jpg", "cover_image_phone": "https://wx1.sinaimg.cn/crop.0.0.640.640.640/006a9Otyly1ha6nep6xb9j30u00u07a4.jpg", "profile_url": "qiuqiudazuozhan", "domain": "qiuqiudazuozhan", "weihao": "", "gender": "f", "followers_count": 384199, "followers_count_str": "38.4万", "friends_count": 83, "pagefriends_count": 20, "statuses_count": 3022, "video_status_count": 231, "video_play_count": 0, "super_topic_not_syn_count": 4, "favourites_count": 23, "created_at": "Mon Jul 06 12:12:28 +0800 2015", "following": false, "allow_all_act_msg": false, "geo_enabled": true, "verified": true, "verified_type": 7, "remark": "", "insecurity": {"sexual_content": false}, "ptype": 0, "allow_all_comment": true, "avatar_large": "https://tvax2.sinaimg.cn/crop.34.36.947.947.180/006a9Otyly8h8v1r2mcxfj30sg0sggoe.jpg?KID=imgbed,tva&Expires=1673960481&ssig=1BtXSi25Dw", "avatar_hd": "https://tvax2.sinaimg.cn/crop.34.36.947.947.1024/006a9Otyly8h8v1r2mcxfj30sg0sggoe.jpg?KID=imgbed,tva&Expires=1673960481&ssig=THYuN5v9cn", "verified_reason": "球球大作战官方微博", "verified_trade": "", "verified_reason_url": "", "verified_source": "", "verified_source_url": "", "verified_state": 0, "verified_level": 3, "verified_type_ext": 50, "pay_remind": 0, "pay_date": "20210817", "has_service_tel": false, "verified_reason_modified": "", "verified_contact_name": "", "verified_contact_email": "", "verified_contact_mobile": "", "follow_me": false, "like": false, "like_me": false, "online_status": 0, "bi_followers_count": 30, "lang": "zh-cn", "star": 0, "mbtype": 12, "mbrank": 7, "svip": 0, "mb_expire_time": 1692201600, "block_word": 0, "block_app": 1, "chaohua_ability": 0, "brand_ability": 0, "nft_ability": 0, "vplus_ability": 0, "wenda_ability": 0, "live_ability": 0, "gongyi_ability": 0, "paycolumn_ability": 0, "newbrand_ability": 0, "ecommerce_ability": 0, "hardfan_ability": 0, "wbcolumn_ability": 0, "credit_score": 80, "user_ability": 10764808, "urank": 14, "story_read_state": -1, "vclub_member": 0, "is_teenager": 0, "is_guardian": 0, "is_teenager_list": 0, "pc_new": 6, "special_follow": false, "planet_video": 2, "video_mark": 15, "live_status": 0, "user_ability_extend": 0, "status_total_counter": {"total_cnt": 2666229, "repost_cnt": 888366, "comment_cnt": 496401, "like_cnt": 421073, "comment_like_cnt": 860389}, "video_total_counter": {"play_cnt": 52717913}, "brand_account": 0, "hongbaofei": 0, "tab_manage": "[0, 0]", "reward_status": 0, "green_mode": 0, "urisk": 0, "avatar_type": 0}, "picStatus": "1", "reposts_count": 0, "comments_count": 0, "reprint_cmt_count": 0, "attitudes_count": 0, "pending_approval_count": 0, "isLongText": true, "reward_exhibition_type": 0, "hide_flag": 0, "mlevel": 0, "show_mlevel": 0, "biz_feature": 0, "topic_id": "1022:100808a3ab0c864eaf77a58da704874947d8b1", "sync_mblog": true, "is_imported_topic": true, "page_type": 96, "hasActionTypeCard": 0, "darwin_tags": [], "hot_weibo_tags": [], "text_tag_tips": [], "mblogtype": 0, "userType": 0, "more_info_type": 0, "number_display_strategy": {"apply_scenario_flag": 3, "display_text_min_number": 1000000, "display_text": "100万+"}, "positive_recom_flag": 0, "content_auth": 0, "gif_ids": "006a9Otygy1h9tz6h60i9g30hh08bhdv|o0/iUYT99K5lx0828JeFUq4010412000clR0E010|1022:2311284854945284030539,006a9Otygy1h9tz65muh8g30hh08be84|o0/z6wZWKOOlx0828JeCGdy010412000puA0E010|1022:2311284854945279836335,006a9Otygy1h9tz6octtcg30dw0dwx6u|o0/KcdOVJSQlx0828JeNU2k010412001wPU0E010|1022:2311284854945284030593,006a9Otygy1h9tz6cyoeig30hh08bqv5|o0/1TYmcLgtlx0828JeEbv2010412000jth0E010|1022:2311284854945284030519,006a9Otygy1h9tz6asekqg30hh08bx6s|o0/aDOjCiYclx0828JeDfug010412000jU10E010|1022:2311284854945284030487", "is_show_bulletin": 1, "comment_manage_info": {"comment_permission_type": -1, "approval_comment_type": 0, "comment_sort_type": 0, "ai_play_picture_type": 0}, "pic_num": 5, "can_reprint": false, "new_comment_style": 0}, "readtimetype": "comment", "comment_dynamic_message": {"id": "0", "start_color": "#00FFFFFF", "end_color": "#1AFFFFFF", "start_color_dark": "#003A3A3A", "end_color_dark": "#333A3A3A", "name": {"zh_CN": "默认", "zh_HK": "默認", "en_US": "default"}, "scheme": "https://new.vip.weibo.cn/bubble/mall?showmenu=0&decorateId=0&uid=5244129678", "allow_vip_box_content": "用此评论气泡", "allow_vip_box_icon": "https://h5.sinaimg.cn/upload/100/1720/2022/08/08/icon_VIP_for_comment_bubble.png"}, "match_ai_play_picture": false}