{"created_at": "Sun Nov 06 06:21:25 +0800 2022", "id": 4832691424330018, "rootid": 4832691424330018, "rootidstr": "4832691424330018", "floor_number": 8, "text": "这消息掺水了", "disable_reply": 0, "restrictOperate": 0, "source_allowclick": 0, "source_type": 4, "source": "<a href=\"\" rel=\"nofollow\">来自山东</a>", "extend_info": {"from_same_city": true}, "user": {"id": 6314594844, "idstr": "6314594844", "class": 1, "screen_name": "AMG43coupe", "name": "AMG43coupe", "province": "100", "city": "1000", "location": "其他", "description": "", "url": "", "profile_image_url": "https://tvax2.sinaimg.cn/crop.0.0.1080.1080.50/006TlozWly8h7s8nl82jfj30u00u0mzz.jpg?KID=imgbed,tva&Expires=1669662162&ssig=0IqaRJhxMn", "light_ring": false, "cover_image_phone": "http://ww1.sinaimg.cn/crop.0.0.640.640.640/549d0121tw1egm1kjly3jj20hs0hsq4f.jpg", "profile_url": "u/6314594844", "domain": "", "weihao": "", "gender": "m", "followers_count": 1, "followers_count_str": "1", "friends_count": 84, "pagefriends_count": 8, "statuses_count": 14, "video_status_count": 0, "video_play_count": 0, "super_topic_not_syn_count": 0, "favourites_count": 0, "created_at": "Thu Jul 13 13:45:23 +0800 2017", "following": false, "allow_all_act_msg": false, "geo_enabled": true, "verified": false, "verified_type": -1, "remark": "", "insecurity": {"sexual_content": false}, "ptype": 0, "allow_all_comment": true, "avatar_large": "https://tvax2.sinaimg.cn/crop.0.0.1080.1080.180/006TlozWly8h7s8nl82jfj30u00u0mzz.jpg?KID=imgbed,tva&Expires=1669662162&ssig=Ot1zcjE%2F%2Bl", "avatar_hd": "https://tvax2.sinaimg.cn/crop.0.0.1080.1080.1024/006TlozWly8h7s8nl82jfj30u00u0mzz.jpg?KID=imgbed,tva&Expires=1669662162&ssig=WthZhiu7rZ", "verified_reason": "", "verified_trade": "", "verified_reason_url": "", "verified_source": "", "verified_source_url": "", "follow_me": false, "like": false, "like_me": false, "online_status": 0, "bi_followers_count": 0, "lang": "zh-cn", "star": 0, "mbtype": 0, "mbrank": 0, "svip": 0, "mb_expire_time": 0, "block_word": 0, "block_app": 0, "chaohua_ability": 0, "brand_ability": 0, "nft_ability": 0, "vplus_ability": 0, "wenda_ability": 0, "live_ability": 0, "gongyi_ability": 0, "paycolumn_ability": 0, "newbrand_ability": 0, "ecommerce_ability": 0, "hardfan_ability": 0, "credit_score": 80, "user_ability": 2097152, "urank": 1, "story_read_state": -1, "vclub_member": 0, "is_teenager": 0, "is_guardian": 0, "is_teenager_list": 0, "pc_new": 7, "special_follow": false, "planet_video": 0, "video_mark": 0, "live_status": 0, "user_ability_extend": 0, "status_total_counter": {"total_cnt": 4, "repost_cnt": 0, "comment_cnt": 3, "like_cnt": 1, "comment_like_cnt": 0}, "video_total_counter": {"play_cnt": -1}, "brand_account": 0, "hongbaofei": 0, "tab_manage": "[0, 0]", "reward_status": 0, "green_mode": 0, "urisk": 0, "avatar_type": 0}, "mid": "4832691424330018", "idstr": "4832691424330018", "status": {"visible": {"type": 0, "list_id": 0}, "created_at": "Sat Nov 05 22:24:12 +0800 2022", "id": 4832571329091309, "idstr": "4832571329091309", "mid": "4832571329091309", "can_edit": false, "version": 3, "show_additional_indication": 0, "text": "临淄啊临淄  真有你的#临淄疫情# http://t.cn/R2WxYOI ​", "textLength": 50, "source_allowclick": 0, "source_type": 2, "source": "<a href=\"http://weibo.com/\" rel=\"nofollow\">iPhone客户端</a>", "favorited": false, "truncated": false, "in_reply_to_status_id": "", "in_reply_to_user_id": "", "in_reply_to_screen_name": "", "pic_urls": [{"thumbnail_pic": "http://wx4.sinaimg.cn/thumbnail/006q3qXily1h7um8uofaoj30ku194abm.jpg"}, {"thumbnail_pic": "http://wx1.sinaimg.cn/thumbnail/006q3qXily1h7um8v0pqgj30f208ijsp.jpg"}, {"thumbnail_pic": "http://wx1.sinaimg.cn/thumbnail/006q3qXily1h7um8vg6gpj30u01hc7ab.jpg"}, {"thumbnail_pic": "http://wx1.sinaimg.cn/thumbnail/006q3qXily1h7um8vou8gj30lj0dktaf.jpg"}], "thumbnail_pic": "http://wx4.sinaimg.cn/thumbnail/006q3qXily1h7um8uofaoj30ku194abm.jpg", "bmiddle_pic": "http://wx4.sinaimg.cn/bmiddle/006q3qXily1h7um8uofaoj30ku194abm.jpg", "original_pic": "http://wx4.sinaimg.cn/large/006q3qXily1h7um8uofaoj30ku194abm.jpg", "geo": {"type": "Point", "coordinates": [36.816658, 118.306015]}, "is_paid": false, "mblog_vip_type": 0, "user": {"id": 5881800332, "idstr": "5881800332", "class": 1, "screen_name": "刺猬翠刺猬翠", "name": "刺猬翠刺猬翠", "province": "37", "city": "1000", "location": "山东", "description": "变清醒和自律真的是一个非常难熬的过程", "url": "", "profile_image_url": "https://tvax2.sinaimg.cn/crop.0.0.828.828.50/006q3qXily8h7sznizdtnj30n00n03zi.jpg?KID=imgbed,tva&Expires=1669662162&ssig=Hx0Y2uYkCA", "light_ring": false, "cover_image_phone": "http://ww1.sinaimg.cn/crop.0.0.640.640.640/9d44112bjw1f1xl1c10tuj20hs0hs0tw.jpg", "profile_url": "u/5881800332", "domain": "", "weihao": "", "gender": "f", "followers_count": 820, "followers_count_str": "820", "friends_count": 695, "pagefriends_count": 9, "statuses_count": 223, "video_status_count": 5, "video_play_count": 0, "super_topic_not_syn_count": 0, "favourites_count": 27, "created_at": "Wed Mar 16 19:20:02 +0800 2016", "following": false, "allow_all_act_msg": false, "geo_enabled": true, "verified": false, "verified_type": -1, "remark": "", "insecurity": {"sexual_content": false}, "ptype": 0, "allow_all_comment": true, "avatar_large": "https://tvax2.sinaimg.cn/crop.0.0.828.828.180/006q3qXily8h7sznizdtnj30n00n03zi.jpg?KID=imgbed,tva&Expires=1669662162&ssig=lQxFWrEsrd", "avatar_hd": "https://tvax2.sinaimg.cn/crop.0.0.828.828.1024/006q3qXily8h7sznizdtnj30n00n03zi.jpg?KID=imgbed,tva&Expires=1669662162&ssig=kzay%2F8KTDG", "verified_reason": "", "verified_trade": "", "verified_reason_url": "", "verified_source": "", "verified_source_url": "", "follow_me": false, "like": false, "like_me": false, "online_status": 0, "bi_followers_count": 654, "lang": "zh-cn", "star": 0, "mbtype": 0, "mbrank": 0, "svip": 0, "mb_expire_time": 0, "block_word": 0, "block_app": 0, "chaohua_ability": 0, "brand_ability": 0, "nft_ability": 0, "vplus_ability": 0, "wenda_ability": 0, "live_ability": 0, "gongyi_ability": 0, "paycolumn_ability": 0, "newbrand_ability": 0, "ecommerce_ability": 0, "hardfan_ability": 0, "credit_score": 80, "user_ability": 2360320, "cardid": "star_108", "avatargj_id": "gj_vip_014", "urank": 14, "story_read_state": -1, "vclub_member": 0, "is_teenager": 0, "is_guardian": 0, "is_teenager_list": 0, "pc_new": 0, "special_follow": false, "planet_video": 2, "video_mark": 2, "live_status": 0, "user_ability_extend": 0, "status_total_counter": {"total_cnt": 2684, "repost_cnt": 6, "comment_cnt": 479, "like_cnt": 2165, "comment_like_cnt": 34}, "video_total_counter": {"play_cnt": 1794}, "brand_account": 0, "hongbaofei": 0, "tab_manage": "[0, 0]", "reward_status": 0, "green_mode": 0, "urisk": 0, "avatar_type": 0}, "annotations": [{"photo_sub_type": "0,0,0,0"}, {}, {"spot_type": "0"}, {"place": {"poiid": "8008637030500000000", "title": "临淄区", "type": "checkin", "spot_type": "0"}, "client_mblogid": "iPhone-C28F80D6-B6EA-420A-8B65-ACA018B1536C"}, {"mapi_request": true}], "picStatus": "0:1,1:1,2:1,3:1", "reposts_count": 0, "comments_count": 0, "reprint_cmt_count": 0, "attitudes_count": 0, "pending_approval_count": 0, "isLongText": false, "reward_exhibition_type": 0, "hide_flag": 0, "mlevel": 128, "show_mlevel": 0, "biz_ids": [100101], "biz_feature": 4294967300, "page_type": 72, "hasActionTypeCard": 0, "darwin_tags": [], "hot_weibo_tags": [], "text_tag_tips": [], "mblogtype": 0, "userType": 0, "mlevelSource": "monitor", "more_info_type": 0, "number_display_strategy": {"apply_scenario_flag": 3, "display_text_min_number": 1000000, "display_text": "100万+"}, "positive_recom_flag": 0, "content_auth": 0, "gif_ids": "", "is_show_bulletin": 2, "bus_flag": 8, "comment_manage_info": {"comment_permission_type": -1, "approval_comment_type": 0, "comment_sort_type": 0, "ai_play_picture_type": 0}, "pic_num": 4, "can_reprint": false, "new_comment_style": 0}, "readtimetype": "comment", "match_ai_play_picture": false}