{"created_at": "Thu Dec 15 12:00:56 +0800 2022", "id": 4846909996401024, "rootid": 4846909996401024, "rootidstr": "4846909996401024", "floor_number": 54, "text": "[话筒][话筒]", "disable_reply": 0, "restrictOperate": 0, "comment_badge": [{"pic_url": "https://h5.sinaimg.cn/upload/114/962/2022/07/08/member_6_bigfan1_5.png", "name": "loyal_fans", "length": 1.33, "actionlog": {"act_code": "3671", "ext": "status:fans"}, "scheme": "https://kefu.weibo.com/faqdetail?id=20848", "new_icon": true}], "user": {"id": 3925831483, "idstr": "3925831483", "class": 1, "screen_name": "碑林检察", "name": "碑林检察", "province": "61", "city": "1", "location": "陕西 西安", "description": "公正廉洁执法 打造人民群众满意的检察队伍", "url": "", "profile_image_url": "https://tvax2.sinaimg.cn/crop.0.0.1024.1024.50/e9ff6f3bly8h8vixwivp1j20sg0sg0um.jpg?KID=imgbed,tva&Expires=1671390296&ssig=pUHOwkQ4V3", "light_ring": false, "cover_image_phone": "https://ww1.sinaimg.cn/crop.0.0.640.640.640/549d0121tw1egm1kjly3jj20hs0hsq4f.jpg", "profile_url": "blqjcy", "domain": "blqjcy", "weihao": "", "gender": "f", "followers_count": 2771, "followers_count_str": "2771", "friends_count": 1587, "pagefriends_count": 9, "statuses_count": 68689, "video_status_count": 29, "video_play_count": 0, "super_topic_not_syn_count": 0, "favourites_count": 17, "created_at": "Tue Dec 03 11:13:07 +0800 2013", "following": false, "allow_all_act_msg": false, "geo_enabled": false, "verified": true, "verified_type": 1, "remark": "", "insecurity": {"sexual_content": false}, "ptype": 0, "allow_all_comment": true, "avatar_large": "https://tvax2.sinaimg.cn/crop.0.0.1024.1024.180/e9ff6f3bly8h8vixwivp1j20sg0sg0um.jpg?KID=imgbed,tva&Expires=1671390296&ssig=F6oBDSawwx", "avatar_hd": "https://tvax2.sinaimg.cn/crop.0.0.1024.1024.1024/e9ff6f3bly8h8vixwivp1j20sg0sg0um.jpg?KID=imgbed,tva&Expires=1671390296&ssig=Dz5d1gvs36", "verified_reason": "陕西省西安市碑林区人民检察院官方微博", "verified_trade": "", "verified_reason_url": "", "verified_source": "", "verified_source_url": "", "verified_state": 0, "verified_level": 3, "verified_type_ext": 0, "has_service_tel": false, "verified_reason_modified": "", "verified_contact_name": "", "verified_contact_email": "", "verified_contact_mobile": "", "follow_me": false, "like": false, "like_me": false, "online_status": 0, "bi_followers_count": 355, "lang": "zh-cn", "star": 0, "mbtype": 12, "mbrank": 6, "svip": 0, "mb_expire_time": 1687622400, "block_word": 0, "block_app": 1, "chaohua_ability": 0, "brand_ability": 0, "nft_ability": 0, "vplus_ability": 0, "wenda_ability": 0, "live_ability": 0, "gongyi_ability": 0, "paycolumn_ability": 0, "newbrand_ability": 0, "ecommerce_ability": 0, "hardfan_ability": 0, "credit_score": 80, "user_ability": 10747904, "cardid": "star_1624", "urank": 9, "story_read_state": -1, "vclub_member": 0, "is_teenager": 0, "is_guardian": 0, "is_teenager_list": 0, "pc_new": 7, "special_follow": false, "planet_video": 2, "video_mark": 14, "live_status": 0, "user_ability_extend": 0, "status_total_counter": {"total_cnt": 400656, "repost_cnt": 40936, "comment_cnt": 186789, "like_cnt": 164843, "comment_like_cnt": 8088}, "video_total_counter": {"play_cnt": 2293}, "brand_account": 0, "hongbaofei": 0, "tab_manage": "[0, 0]", "reward_status": 0, "green_mode": 0, "urisk": 0, "avatar_type": 0}, "mid": "4846909996401024", "idstr": "4846909996401024", "status": {"visible": {"type": 0, "list_id": 0}, "created_at": "Wed Dec 14 16:18:10 +0800 2022", "id": 4846612339236380, "idstr": "4846612339236380", "mid": "4846612339236380", "can_edit": false, "version": 1, "show_additional_indication": 0, "text": "#7岁男孩弹跳式敬礼警察叔叔#【#7岁男孩弹跳式敬礼警察叔叔#】近日，湖北十堰，一名7岁男孩陪母亲到派出所办理业务。看到民警出警回来，坐在凳子上的小男孩立即蹦了起来向民警敬礼。民警邀请小男孩参观派出所，带他坐警车。被问到长大了想干什么时，小男孩说：“当警察！”加油！（总台记者徐之昊）  ​", "textLength": 308, "source_allowclick": 1, "source_type": 1, "source": "<a href=\"http://app.weibo.com/t/feed/4e2BNA\" rel=\"nofollow\">nova7Pro你在焦点在</a>", "favorited": false, "truncated": false, "in_reply_to_status_id": "", "in_reply_to_user_id": "", "in_reply_to_screen_name": "", "pic_urls": [], "geo": null, "is_paid": false, "mblog_vip_type": 0, "user": {"id": 3444847840, "idstr": "3444847840", "class": 1, "screen_name": "凉山公安", "name": "凉山公安", "province": "51", "city": "1000", "location": "四川", "description": "", "url": "", "profile_image_url": "https://tvax1.sinaimg.cn/crop.0.0.511.511.50/cd5434e0ly8h8w586eillj20e70e7t9k.jpg?KID=imgbed,tva&Expires=1671390296&ssig=4yDnXCM3P1", "light_ring": false, "cover_image_phone": "https://wx1.sinaimg.cn/crop.0.0.640.640.640/cd5434e0gy1gdiqfeyedqj20e80e8dg7.jpg", "profile_url": "LSZpolice", "domain": "LSZpolice", "weihao": "", "gender": "m", "followers_count": 311892, "followers_count_str": "31.2万", "friends_count": 569, "pagefriends_count": 50, "statuses_count": 22325, "video_status_count": 345, "video_play_count": 0, "super_topic_not_syn_count": 0, "favourites_count": 117, "created_at": "Fri May 10 10:24:45 +0800 2013", "following": false, "allow_all_act_msg": false, "geo_enabled": false, "verified": true, "verified_type": 1, "remark": "", "insecurity": {"sexual_content": false}, "ptype": 0, "allow_all_comment": true, "avatar_large": "https://tvax1.sinaimg.cn/crop.0.0.511.511.180/cd5434e0ly8h8w586eillj20e70e7t9k.jpg?KID=imgbed,tva&Expires=1671390296&ssig=CETMwVlOSe", "avatar_hd": "https://tvax1.sinaimg.cn/crop.0.0.511.511.1024/cd5434e0ly8h8w586eillj20e70e7t9k.jpg?KID=imgbed,tva&Expires=1671390296&ssig=qWTz1n1O1n", "verified_reason": "四川省凉山彝族自治州公安局官方微博", "verified_trade": "", "verified_reason_url": "", "verified_source": "", "verified_source_url": "", "verified_state": 0, "verified_level": 3, "verified_type_ext": 0, "has_service_tel": false, "verified_reason_modified": "", "verified_contact_name": "", "verified_contact_email": "", "verified_contact_mobile": "", "follow_me": false, "like": false, "like_me": false, "online_status": 0, "bi_followers_count": 410, "lang": "zh-cn", "star": 0, "mbtype": 2, "mbrank": 1, "svip": 0, "mb_expire_time": 1656086399, "block_word": 0, "block_app": 0, "chaohua_ability": 0, "brand_ability": 0, "nft_ability": 0, "vplus_ability": 0, "wenda_ability": 0, "live_ability": 1, "gongyi_ability": 0, "paycolumn_ability": 1, "newbrand_ability": 0, "ecommerce_ability": 0, "hardfan_ability": 1, "credit_score": 80, "user_ability": 11796488, "cardid": "star_1624", "urank": 39, "story_read_state": -1, "vclub_member": 0, "is_teenager": 0, "is_guardian": 0, "is_teenager_list": 0, "pc_new": 7, "special_follow": false, "planet_video": 2, "video_mark": 15, "live_status": 0, "user_ability_extend": 1, "status_total_counter": {"total_cnt": 599449, "repost_cnt": 27926, "comment_cnt": 185094, "like_cnt": 274701, "comment_like_cnt": 111728}, "video_total_counter": {"play_cnt": 973654}, "brand_account": 0, "hongbaofei": 0, "tab_manage": "[0, 0]", "reward_status": 0, "green_mode": 0, "urisk": 0, "avatar_type": 0}, "annotations": [{"ann_ext": "ann_ext:search|t:3|q:#7岁男孩弹跳式敬礼警察叔叔#|creator_source:bottomsendweibo|super_exparams=>{\"system_pic_only\":0}"}, {"shooting": 1, "client_mblogid": "3489d4d3-7d19-4733-b483-13ee8b281fdd"}, {"mapi_request": true}], "reposts_count": 0, "comments_count": 0, "reprint_cmt_count": 0, "attitudes_count": 0, "pending_approval_count": 0, "isLongText": true, "reward_exhibition_type": 0, "hide_flag": 0, "mlevel": 0, "show_mlevel": 0, "biz_ids": [230444], "biz_feature": 4294967304, "page_type": 64, "hasActionTypeCard": 0, "darwin_tags": [], "hot_weibo_tags": [], "text_tag_tips": [], "mblogtype": 0, "userType": 0, "more_info_type": 0, "cardid": "star_1624", "positive_recom_flag": 0, "content_auth": 0, "gif_ids": "", "is_show_bulletin": 2, "comment_manage_info": {"comment_permission_type": -1, "approval_comment_type": 0, "comment_sort_type": 0, "ai_play_picture_type": 0}, "pic_num": 0, "can_reprint": false, "new_comment_style": 0}, "readtimetype": "comment", "comment_dynamic_message": {"id": "0", "start_color": "#00FFFFFF", "end_color": "#1AFFFFFF", "start_color_dark": "#003A3A3A", "end_color_dark": "#333A3A3A", "name": {"zh_CN": "默认", "zh_HK": "默認", "en_US": "default"}, "scheme": "https://new.vip.weibo.cn/bubble/mall?showmenu=0&decorateId=0&uid=3925831483", "allow_vip_box_content": "用此评论气泡", "allow_vip_box_icon": "https://h5.sinaimg.cn/upload/100/1720/2022/08/08/icon_VIP_for_comment_bubble.png"}, "match_ai_play_picture": false}