{"created_at": "Sat Dec 10 19:34:50 +0800 2022", "id": 4845212281875060, "rootid": 4845207146729383, "rootidstr": "4845207146729383", "floor_number": 0, "text": "回复@甜桃邮递员儿:敢说敢做", "disable_reply": 0, "restrictOperate": 0, "source_allowclick": 0, "source_type": 4, "source": "<a href=\"\" rel=\"nofollow\">来自河南</a>", "comment_badge": [{"pic_url": "https://h5.sinaimg.cn/upload/114/962/2022/07/08/member_0_bigfan1_1.png", "name": "loyal_fans", "length": 1.33, "actionlog": {"act_code": "3671", "ext": "status:fans"}, "scheme": "https://kefu.weibo.com/faqdetail?id=20848", "new_icon": true}], "user": {"id": 7505609789, "idstr": "7505609789", "class": 1, "screen_name": "假装呀ya", "name": "假装呀ya", "province": "41", "city": "1000", "location": "河南", "description": "ᴸⁱᵛᵉ ᵃ ᵍᵒᵒᵈ ˡⁱᶠᵉ ᵐᵉᵉᵗ ˢˡᵒʷˡʸ（好好生活，慢慢相遇）☀️", "url": "", "profile_image_url": "https://tvax3.sinaimg.cn/crop.0.0.1006.1006.50/008bWLYply8gj5ev8zexpj30ry0ry0ur.jpg?KID=imgbed,tva&Expires=1670700146&ssig=ycgeYJgUCT", "light_ring": false, "cover_image_phone": "https://ww1.sinaimg.cn/crop.0.0.640.640.640/549d0121tw1egm1kjly3jj20hs0hsq4f.jpg", "profile_url": "u/7505609789", "domain": "", "weihao": "", "gender": "f", "followers_count": 40, "followers_count_str": "40", "friends_count": 276, "pagefriends_count": 13, "statuses_count": 1489, "video_status_count": 0, "video_play_count": 0, "super_topic_not_syn_count": 0, "favourites_count": 0, "created_at": "Mon Sep 21 15:19:36 +0800 2020", "following": false, "allow_all_act_msg": false, "geo_enabled": true, "verified": false, "verified_type": -1, "remark": "", "insecurity": {"sexual_content": false}, "ptype": 0, "allow_all_comment": true, "avatar_large": "https://tvax3.sinaimg.cn/crop.0.0.1006.1006.180/008bWLYply8gj5ev8zexpj30ry0ry0ur.jpg?KID=imgbed,tva&Expires=1670700146&ssig=2SYluEJFA2", "avatar_hd": "https://tvax3.sinaimg.cn/crop.0.0.1006.1006.1024/008bWLYply8gj5ev8zexpj30ry0ry0ur.jpg?KID=imgbed,tva&Expires=1670700146&ssig=ur6gvTij88", "verified_reason": "", "verified_trade": "", "verified_reason_url": "", "verified_source": "", "verified_source_url": "", "follow_me": false, "like": false, "like_me": false, "online_status": 0, "bi_followers_count": 2, "lang": "zh-cn", "star": 0, "mbtype": 0, "mbrank": 0, "svip": 0, "mb_expire_time": 0, "block_word": 0, "block_app": 0, "chaohua_ability": 0, "brand_ability": 0, "nft_ability": 0, "vplus_ability": 0, "wenda_ability": 0, "live_ability": 0, "gongyi_ability": 0, "paycolumn_ability": 0, "newbrand_ability": 0, "ecommerce_ability": 0, "hardfan_ability": 0, "credit_score": 80, "user_ability": 2359296, "urank": 0, "story_read_state": -1, "vclub_member": 0, "is_teenager": 0, "is_guardian": 0, "is_teenager_list": 0, "pc_new": 0, "special_follow": false, "planet_video": 0, "video_mark": 0, "live_status": 0, "user_ability_extend": 0, "status_total_counter": {"total_cnt": 488, "repost_cnt": 329, "comment_cnt": 82, "like_cnt": 73, "comment_like_cnt": 4}, "video_total_counter": {"play_cnt": -1}, "brand_account": 0, "hongbaofei": 0, "tab_manage": "[0, 0]", "reward_status": 0, "green_mode": 0, "urisk": 0, "avatar_type": 0}, "mid": "4845212281875060", "idstr": "4845212281875060", "status": {"visible": {"type": 0, "list_id": 0}, "created_at": "Sat Dec 10 19:11:00 +0800 2022", "id": 4845206284015449, "idstr": "4845206284015449", "mid": "4845206284015449", "can_edit": false, "version": 1, "show_additional_indication": 0, "text": "#白岩松支持00后整顿职场# 看的时候嘻嘻哈哈，关掉就流下两行打工人的泪，神啊！赐我一个这样的00后同事吧！90后顶！不！住！啦！[泪] http://t.cn/A6KS9oJY ​", "textLength": 146, "source_allowclick": 1, "source_type": 1, "source": "<a href=\"http://app.weibo.com/t/feed/2dA7VC\" rel=\"nofollow\">OPPO Reno5 K 5G</a>", "favorited": false, "truncated": false, "in_reply_to_status_id": "", "in_reply_to_user_id": "", "in_reply_to_screen_name": "", "pic_urls": [], "geo": null, "is_paid": false, "mblog_vip_type": 0, "user": {"id": 7007143507, "idstr": "7007143507", "class": 1, "screen_name": "问号哥哥", "name": "问号哥哥", "province": "13", "city": "1", "location": "河北 石家庄", "description": "小朋友你是否有太多问号❓", "url": "", "profile_image_url": "https://tvax4.sinaimg.cn/crop.0.0.996.996.50/007Edg7Fly8gdim9kwy0mj30ro0rodhq.jpg?KID=imgbed,tva&Expires=1670700146&ssig=gti1xDV0fI", "light_ring": false, "cover_image_phone": "https://wx3.sinaimg.cn/crop.0.0.640.640.640/007Edg7Fly1h0szcm0umdj30e80e80ul.jpg;https://ww1.sinaimg.cn/crop.0.0.640.640.640/549d0121tw1egm1kjly3jj20hs0hsq4f.jpg", "profile_url": "u/7007143507", "domain": "", "weihao": "", "gender": "m", "followers_count": 15346089, "followers_count_str": "1534.6万", "friends_count": 927, "pagefriends_count": 177, "statuses_count": 21353, "video_status_count": 1733, "video_play_count": 0, "super_topic_not_syn_count": 259, "favourites_count": 25, "created_at": "Fri Feb 22 16:25:30 +0800 2019", "following": false, "allow_all_act_msg": false, "geo_enabled": true, "verified": true, "verified_type": 0, "remark": "", "insecurity": {"sexual_content": false}, "ptype": 0, "allow_all_comment": true, "avatar_large": "https://tvax4.sinaimg.cn/crop.0.0.996.996.180/007Edg7Fly8gdim9kwy0mj30ro0rodhq.jpg?KID=imgbed,tva&Expires=1670700146&ssig=SVIiIXq3qV", "avatar_hd": "https://tvax4.sinaimg.cn/crop.0.0.996.996.1024/007Edg7Fly8gdim9kwy0mj30ro0rodhq.jpg?KID=imgbed,tva&Expires=1670700146&ssig=270WWsiKfq", "verified_reason": "知名搞笑幽默博主", "verified_trade": "", "verified_reason_url": "", "verified_source": "", "verified_source_url": "", "verified_state": 0, "verified_level": 3, "verified_type_ext": 1, "has_service_tel": false, "verified_reason_modified": "", "verified_contact_name": "", "verified_contact_email": "", "verified_contact_mobile": "", "follow_me": false, "like": false, "like_me": false, "online_status": 0, "bi_followers_count": 500, "lang": "zh-cn", "star": 0, "mbtype": 12, "mbrank": 8, "svip": 1, "mb_expire_time": 1739116800, "block_word": 1, "block_app": 1, "chaohua_ability": 0, "brand_ability": 0, "nft_ability": 0, "vplus_ability": 0, "wenda_ability": 0, "live_ability": 0, "gongyi_ability": 0, "paycolumn_ability": 0, "newbrand_ability": 0, "ecommerce_ability": 0, "hardfan_ability": 1, "credit_score": 80, "user_ability": -2135684600, "cardid": "star_1439", "urank": 15, "story_read_state": -1, "verified_detail": {"custom": 1, "data": [{"key": 2, "sub_key": 0, "weight": 10, "desc": "知名搞笑幽默博主"}, {"key": 16, "sub_key": 10, "weight": 103, "desc": "搞笑视频自媒体"}]}, "vclub_member": 0, "is_teenager": 0, "is_guardian": 0, "is_teenager_list": 0, "pc_new": 7, "special_follow": false, "planet_video": 2, "video_mark": 15, "live_status": 0, "user_ability_extend": 0, "status_total_counter": {"total_cnt": 74155789, "repost_cnt": 12826576, "comment_cnt": 5654404, "like_cnt": 31856140, "comment_like_cnt": 23818669}, "video_total_counter": {"play_cnt": 906135586}, "brand_account": 0, "hongbaofei": 0, "tab_manage": "[1110325233797, 0]", "reward_status": 0, "green_mode": 0, "urisk": 0, "avatar_type": 0}, "annotations": [{}, {}, {"client_mblogid": "feaf0b91-6627-4e46-a9e5-09aab3f81975"}, {"mapi_request": true}], "reposts_count": 0, "comments_count": 0, "reprint_cmt_count": 0, "attitudes_count": 0, "pending_approval_count": 0, "isLongText": false, "reward_exhibition_type": 0, "hide_flag": 0, "mlevel": 0, "show_mlevel": 0, "biz_ids": [230444], "biz_feature": 4294967304, "page_type": 64, "hasActionTypeCard": 0, "darwin_tags": [], "hot_weibo_tags": [], "text_tag_tips": [], "mblogtype": 0, "userType": 0, "more_info_type": 0, "cardid": "star_1439", "number_display_strategy": {"apply_scenario_flag": 3, "display_text_min_number": 1000000, "display_text": "100万+"}, "positive_recom_flag": 0, "content_auth": 0, "gif_ids": "", "is_show_bulletin": 2, "comment_manage_info": {"comment_permission_type": -1, "approval_comment_type": 0, "comment_sort_type": 0, "ai_play_picture_type": 0}, "pic_num": 0, "fid": 4845206116761858, "can_reprint": false, "new_comment_style": 0}, "reply_comment": {"created_at": "Sat Dec 10 19:14:26 +0800 2022", "id": 4845207146729383, "rootid": 4845207146729383, "rootidstr": "4845207146729383", "floor_number": 4, "text": "00后真有行动力", "disable_reply": 0, "restrictOperate": 0, "comment_badge": [{"pic_url": "https://h5.sinaimg.cn/upload/114/962/2022/07/08/member_1_bigfan1_2.png", "name": "loyal_fans", "length": 1.33, "actionlog": {"act_code": "3671", "ext": "status:fans"}, "scheme": "https://kefu.weibo.com/faqdetail?id=20848", "new_icon": true}, {"pic_url": "https://h5.sinaimg.cn/upload/114/962/2022/07/08/member_1_bigfan1_2.png", "name": "loyal_fans", "length": 1.33, "actionlog": {"act_code": "3671", "ext": "status:fans"}, "scheme": "https://kefu.weibo.com/faqdetail?id=20848", "new_icon": true}, {"pic_url": "https://h5.sinaimg.cn/upload/114/962/2022/07/08/member_1_bigfan1_2.png", "name": "loyal_fans", "length": 1.33, "actionlog": {"act_code": "3671", "ext": "status:fans"}, "scheme": "https://kefu.weibo.com/faqdetail?id=20848", "new_icon": true}, {"pic_url": "https://h5.sinaimg.cn/upload/114/962/2022/07/08/member_1_bigfan1_2.png", "name": "loyal_fans", "length": 1.33, "actionlog": {"act_code": "3671", "ext": "status:fans"}, "scheme": "https://kefu.weibo.com/faqdetail?id=20848", "new_icon": true}, {"pic_url": "https://h5.sinaimg.cn/upload/114/962/2022/07/08/member_1_bigfan1_2.png", "name": "loyal_fans", "length": 1.33, "actionlog": {"act_code": "3671", "ext": "status:fans"}, "scheme": "https://kefu.weibo.com/faqdetail?id=20848", "new_icon": true}, {"pic_url": "https://h5.sinaimg.cn/upload/114/962/2022/07/08/member_1_bigfan1_2.png", "name": "loyal_fans", "length": 1.33, "actionlog": {"act_code": "3671", "ext": "status:fans"}, "scheme": "https://kefu.weibo.com/faqdetail?id=20848", "new_icon": true}, {"pic_url": "https://h5.sinaimg.cn/upload/114/962/2022/07/08/member_1_bigfan1_2.png", "name": "loyal_fans", "length": 1.33, "actionlog": {"act_code": "3671", "ext": "status:fans"}, "scheme": "https://kefu.weibo.com/faqdetail?id=20848", "new_icon": true}, {"pic_url": "https://h5.sinaimg.cn/upload/114/962/2022/07/08/member_1_bigfan1_2.png", "name": "loyal_fans", "length": 1.33, "actionlog": {"act_code": "3671", "ext": "status:fans"}, "scheme": "https://kefu.weibo.com/faqdetail?id=20848", "new_icon": true}, {"pic_url": "https://h5.sinaimg.cn/upload/114/962/2022/07/08/member_1_bigfan1_2.png", "name": "loyal_fans", "length": 1.33, "actionlog": {"act_code": "3671", "ext": "status:fans"}, "scheme": "https://kefu.weibo.com/faqdetail?id=20848", "new_icon": true}, {"pic_url": "https://h5.sinaimg.cn/upload/114/962/2022/07/08/member_1_bigfan1_2.png", "name": "loyal_fans", "length": 1.33, "actionlog": {"act_code": "3671", "ext": "status:fans"}, "scheme": "https://kefu.weibo.com/faqdetail?id=20848", "new_icon": true}, {"pic_url": "https://h5.sinaimg.cn/upload/114/962/2022/07/08/member_1_bigfan1_2.png", "name": "loyal_fans", "length": 1.33, "actionlog": {"act_code": "3671", "ext": "status:fans"}, "scheme": "https://kefu.weibo.com/faqdetail?id=20848", "new_icon": true}, {"pic_url": "https://h5.sinaimg.cn/upload/114/962/2022/07/08/member_1_bigfan1_2.png", "name": "loyal_fans", "length": 1.33, "actionlog": {"act_code": "3671", "ext": "status:fans"}, "scheme": "https://kefu.weibo.com/faqdetail?id=20848", "new_icon": true}, {"pic_url": "https://h5.sinaimg.cn/upload/114/962/2022/07/08/member_1_bigfan1_2.png", "name": "loyal_fans", "length": 1.33, "actionlog": {"act_code": "3671", "ext": "status:fans"}, "scheme": "https://kefu.weibo.com/faqdetail?id=20848", "new_icon": true}, {"pic_url": "https://h5.sinaimg.cn/upload/114/962/2022/07/08/member_1_bigfan1_2.png", "name": "loyal_fans", "length": 1.33, "actionlog": {"act_code": "3671", "ext": "status:fans"}, "scheme": "https://kefu.weibo.com/faqdetail?id=20848", "new_icon": true}, {"pic_url": "https://h5.sinaimg.cn/upload/114/962/2022/07/08/member_1_bigfan1_2.png", "name": "loyal_fans", "length": 1.33, "actionlog": {"act_code": "3671", "ext": "status:fans"}, "scheme": "https://kefu.weibo.com/faqdetail?id=20848", "new_icon": true}], "user": {"id": 7146938212, "idstr": "7146938212", "class": 1, "screen_name": "甜桃邮递员儿", "name": "甜桃邮递员儿", "province": "100", "city": "1000", "location": "其他", "description": "摆烂熊熊", "url": "", "profile_image_url": "https://tvax4.sinaimg.cn/crop.0.0.512.512.50/007NFP6Yly8h8cezqs95rj30e80e80sv.jpg?KID=imgbed,tva&Expires=1670700146&ssig=7nbVVexT9j", "light_ring": false, "cover_image_phone": "https://ww1.sinaimg.cn/crop.0.0.640.640.640/549d0121tw1egm1kjly3jj20hs0hsq4f.jpg", "profile_url": "u/7146938212", "domain": "", "weihao": "", "gender": "m", "followers_count": 16, "followers_count_str": "16", "friends_count": 448, "pagefriends_count": 11, "statuses_count": 874, "video_status_count": 0, "video_play_count": 0, "super_topic_not_syn_count": 0, "favourites_count": 0, "created_at": "Sat May 18 20:20:29 +0800 2019", "following": false, "allow_all_act_msg": false, "geo_enabled": true, "verified": false, "verified_type": -1, "remark": "", "insecurity": {"sexual_content": false}, "ptype": 0, "allow_all_comment": true, "avatar_large": "https://tvax4.sinaimg.cn/crop.0.0.512.512.180/007NFP6Yly8h8cezqs95rj30e80e80sv.jpg?KID=imgbed,tva&Expires=1670700146&ssig=bdSCA0%2B%2FdE", "avatar_hd": "https://tvax4.sinaimg.cn/crop.0.0.512.512.1024/007NFP6Yly8h8cezqs95rj30e80e80sv.jpg?KID=imgbed,tva&Expires=1670700146&ssig=PyLhUpb2eY", "verified_reason": "", "verified_trade": "", "verified_reason_url": "", "verified_source": "", "verified_source_url": "", "follow_me": false, "like": false, "like_me": false, "online_status": 0, "bi_followers_count": 12, "lang": "zh-cn", "star": 0, "mbtype": 12, "mbrank": 1, "svip": 0, "mb_expire_time": 1700755200, "block_word": 0, "block_app": 1, "chaohua_ability": 0, "brand_ability": 0, "nft_ability": 0, "vplus_ability": 0, "wenda_ability": 0, "live_ability": 0, "gongyi_ability": 0, "paycolumn_ability": 0, "newbrand_ability": 0, "ecommerce_ability": 0, "hardfan_ability": 0, "credit_score": 80, "user_ability": 2097152, "avatargj_id": "gj_vip_011", "urank": 0, "story_read_state": -1, "vclub_member": 0, "is_teenager": 0, "is_guardian": 0, "is_teenager_list": 0, "pc_new": 0, "special_follow": false, "planet_video": 0, "video_mark": 0, "live_status": 0, "user_ability_extend": 0, "status_total_counter": {"total_cnt": 1639, "repost_cnt": 1608, "comment_cnt": 6, "like_cnt": 25, "comment_like_cnt": 0}, "video_total_counter": {"play_cnt": -1}, "brand_account": 0, "hongbaofei": 0, "tab_manage": "[0, 0]", "reward_status": 0, "green_mode": 0, "urisk": 524288, "avatar_type": 0}, "mid": "4845207146729383", "idstr": "4845207146729383", "match_ai_play_picture": false}, "reply_original_text": "敢说敢做", "readtimetype": "comment", "match_ai_play_picture": false}