{"created_at": "Sat Dec 10 19:14:21 +0800 2022", "id": 4845207129948378, "rootid": 4845207012509705, "rootidstr": "4845207012509705", "floor_number": 0, "text": "回复@Coolovr:哈哈哈，我们都老了啊", "disable_reply": 0, "restrictOperate": 0, "source_allowclick": 0, "source_type": 4, "source": "<a href=\"\" rel=\"nofollow\">来自安徽</a>", "user": {"id": 6342478554, "idstr": "6342478554", "class": 1, "screen_name": "Hanacrush", "name": "Hanacrush", "province": "34", "city": "15", "location": "安徽 六安", "description": "", "url": "", "profile_image_url": "https://tvax2.sinaimg.cn/crop.0.0.600.600.50/006Veopcly8h5k189zpb5j30go0goab3.jpg?KID=imgbed,tva&Expires=1670700146&ssig=75a6DFvoHY", "light_ring": false, "cover_image_phone": "https://ww2.sinaimg.cn/crop.0.0.640.640/68f96449jw1ergqx79rw4j20hs0hswh0.jpg", "profile_url": "u/6342478554", "domain": "", "weihao": "", "gender": "f", "followers_count": 19, "followers_count_str": "19", "friends_count": 253, "pagefriends_count": 0, "statuses_count": 2705, "video_status_count": 0, "video_play_count": 0, "super_topic_not_syn_count": 0, "favourites_count": 0, "created_at": "Wed Aug 16 14:18:40 +0800 2017", "following": false, "allow_all_act_msg": false, "geo_enabled": true, "verified": false, "verified_type": -1, "remark": "", "insecurity": {"sexual_content": false}, "ptype": 0, "allow_all_comment": true, "avatar_large": "https://tvax2.sinaimg.cn/crop.0.0.600.600.180/006Veopcly8h5k189zpb5j30go0goab3.jpg?KID=imgbed,tva&Expires=1670700146&ssig=d5QGUIYUXu", "avatar_hd": "https://tvax2.sinaimg.cn/crop.0.0.600.600.1024/006Veopcly8h5k189zpb5j30go0goab3.jpg?KID=imgbed,tva&Expires=1670700146&ssig=jvGvLu6HR2", "verified_reason": "", "verified_trade": "", "verified_reason_url": "", "verified_source": "", "verified_source_url": "", "follow_me": false, "like": false, "like_me": false, "online_status": 0, "bi_followers_count": 4, "lang": "zh-cn", "star": 0, "mbtype": 11, "mbrank": 3, "svip": 0, "mb_expire_time": 1671897600, "block_word": 0, "block_app": 1, "chaohua_ability": 0, "brand_ability": 0, "nft_ability": 0, "vplus_ability": 0, "wenda_ability": 0, "live_ability": 0, "gongyi_ability": 0, "paycolumn_ability": 0, "newbrand_ability": 0, "ecommerce_ability": 0, "hardfan_ability": 0, "credit_score": 80, "user_ability": 0, "urank": 4, "story_read_state": -1, "vclub_member": 0, "is_teenager": 0, "is_guardian": 0, "is_teenager_list": 0, "pc_new": 0, "special_follow": false, "planet_video": 0, "video_mark": 0, "live_status": 0, "user_ability_extend": 0, "status_total_counter": {"total_cnt": 267, "repost_cnt": 214, "comment_cnt": 2, "like_cnt": 51, "comment_like_cnt": 0}, "video_total_counter": {"play_cnt": -1}, "brand_account": 0, "hongbaofei": 0, "tab_manage": "[0, 0]", "reward_status": 0, "green_mode": 0, "urisk": 0, "avatar_type": 0}, "mid": "4845207129948378", "idstr": "4845207129948378", "status": {"visible": {"type": 0, "list_id": 0}, "created_at": "Sat Dec 10 19:11:00 +0800 2022", "id": 4845206284015449, "idstr": "4845206284015449", "mid": "4845206284015449", "can_edit": false, "version": 1, "show_additional_indication": 0, "text": "#白岩松支持00后整顿职场# 看的时候嘻嘻哈哈，关掉就流下两行打工人的泪，神啊！赐我一个这样的00后同事吧！90后顶！不！住！啦！[泪] http://t.cn/A6KS9oJY ​", "textLength": 146, "source_allowclick": 1, "source_type": 1, "source": "<a href=\"http://app.weibo.com/t/feed/2dA7VC\" rel=\"nofollow\">OPPO Reno5 K 5G</a>", "favorited": false, "truncated": false, "in_reply_to_status_id": "", "in_reply_to_user_id": "", "in_reply_to_screen_name": "", "pic_urls": [], "geo": null, "is_paid": false, "mblog_vip_type": 0, "user": {"id": 7007143507, "idstr": "7007143507", "class": 1, "screen_name": "问号哥哥", "name": "问号哥哥", "province": "13", "city": "1", "location": "河北 石家庄", "description": "小朋友你是否有太多问号❓", "url": "", "profile_image_url": "https://tvax4.sinaimg.cn/crop.0.0.996.996.50/007Edg7Fly8gdim9kwy0mj30ro0rodhq.jpg?KID=imgbed,tva&Expires=1670700146&ssig=gti1xDV0fI", "light_ring": false, "cover_image_phone": "https://wx3.sinaimg.cn/crop.0.0.640.640.640/007Edg7Fly1h0szcm0umdj30e80e80ul.jpg;https://ww1.sinaimg.cn/crop.0.0.640.640.640/549d0121tw1egm1kjly3jj20hs0hsq4f.jpg", "profile_url": "u/7007143507", "domain": "", "weihao": "", "gender": "m", "followers_count": 15346089, "followers_count_str": "1534.6万", "friends_count": 927, "pagefriends_count": 177, "statuses_count": 21353, "video_status_count": 1733, "video_play_count": 0, "super_topic_not_syn_count": 259, "favourites_count": 25, "created_at": "Fri Feb 22 16:25:30 +0800 2019", "following": false, "allow_all_act_msg": false, "geo_enabled": true, "verified": true, "verified_type": 0, "remark": "", "insecurity": {"sexual_content": false}, "ptype": 0, "allow_all_comment": true, "avatar_large": "https://tvax4.sinaimg.cn/crop.0.0.996.996.180/007Edg7Fly8gdim9kwy0mj30ro0rodhq.jpg?KID=imgbed,tva&Expires=1670700146&ssig=SVIiIXq3qV", "avatar_hd": "https://tvax4.sinaimg.cn/crop.0.0.996.996.1024/007Edg7Fly8gdim9kwy0mj30ro0rodhq.jpg?KID=imgbed,tva&Expires=1670700146&ssig=270WWsiKfq", "verified_reason": "知名搞笑幽默博主", "verified_trade": "", "verified_reason_url": "", "verified_source": "", "verified_source_url": "", "verified_state": 0, "verified_level": 3, "verified_type_ext": 1, "has_service_tel": false, "verified_reason_modified": "", "verified_contact_name": "", "verified_contact_email": "", "verified_contact_mobile": "", "follow_me": false, "like": false, "like_me": false, "online_status": 0, "bi_followers_count": 500, "lang": "zh-cn", "star": 0, "mbtype": 12, "mbrank": 8, "svip": 1, "mb_expire_time": 1739116800, "block_word": 1, "block_app": 1, "chaohua_ability": 0, "brand_ability": 0, "nft_ability": 0, "vplus_ability": 0, "wenda_ability": 0, "live_ability": 0, "gongyi_ability": 0, "paycolumn_ability": 0, "newbrand_ability": 0, "ecommerce_ability": 0, "hardfan_ability": 1, "credit_score": 80, "user_ability": -2135684600, "cardid": "star_1439", "urank": 15, "story_read_state": -1, "verified_detail": {"custom": 1, "data": [{"key": 2, "sub_key": 0, "weight": 10, "desc": "知名搞笑幽默博主"}, {"key": 16, "sub_key": 10, "weight": 103, "desc": "搞笑视频自媒体"}]}, "vclub_member": 0, "is_teenager": 0, "is_guardian": 0, "is_teenager_list": 0, "pc_new": 7, "special_follow": false, "planet_video": 2, "video_mark": 15, "live_status": 0, "user_ability_extend": 0, "status_total_counter": {"total_cnt": 74155789, "repost_cnt": 12826576, "comment_cnt": 5654404, "like_cnt": 31856140, "comment_like_cnt": 23818669}, "video_total_counter": {"play_cnt": 906135586}, "brand_account": 0, "hongbaofei": 0, "tab_manage": "[1110325233797, 0]", "reward_status": 0, "green_mode": 0, "urisk": 0, "avatar_type": 0}, "annotations": [{}, {}, {"client_mblogid": "feaf0b91-6627-4e46-a9e5-09aab3f81975"}, {"mapi_request": true}], "reposts_count": 0, "comments_count": 0, "reprint_cmt_count": 0, "attitudes_count": 0, "pending_approval_count": 0, "isLongText": false, "reward_exhibition_type": 0, "hide_flag": 0, "mlevel": 0, "show_mlevel": 0, "biz_ids": [230444], "biz_feature": 4294967304, "page_type": 64, "hasActionTypeCard": 0, "darwin_tags": [], "hot_weibo_tags": [], "text_tag_tips": [], "mblogtype": 0, "userType": 0, "more_info_type": 0, "cardid": "star_1439", "number_display_strategy": {"apply_scenario_flag": 3, "display_text_min_number": 1000000, "display_text": "100万+"}, "positive_recom_flag": 0, "content_auth": 0, "gif_ids": "", "is_show_bulletin": 2, "comment_manage_info": {"comment_permission_type": -1, "approval_comment_type": 0, "comment_sort_type": 0, "ai_play_picture_type": 0}, "pic_num": 0, "fid": 4845206116761858, "can_reprint": false, "new_comment_style": 0}, "reply_comment": {"created_at": "Sat Dec 10 19:13:53 +0800 2022", "id": 4845207012509705, "rootid": 4845207012509705, "rootidstr": "4845207012509705", "floor_number": 2, "text": "我们90后的接力棒交给00后了", "disable_reply": 0, "restrictOperate": 0, "comment_badge": [{"pic_url": "https://h5.sinaimg.cn/upload/114/962/2022/07/08/member_0_bigfan1_1.png", "name": "loyal_fans", "length": 1.33, "actionlog": {"act_code": "3671", "ext": "status:fans"}, "scheme": "https://kefu.weibo.com/faqdetail?id=20848", "new_icon": true}, {"pic_url": "https://h5.sinaimg.cn/upload/114/962/2022/07/08/member_0_bigfan1_1.png", "name": "loyal_fans", "length": 1.33, "actionlog": {"act_code": "3671", "ext": "status:fans"}, "scheme": "https://kefu.weibo.com/faqdetail?id=20848", "new_icon": true}, {"pic_url": "https://h5.sinaimg.cn/upload/114/962/2022/07/08/member_0_bigfan1_1.png", "name": "loyal_fans", "length": 1.33, "actionlog": {"act_code": "3671", "ext": "status:fans"}, "scheme": "https://kefu.weibo.com/faqdetail?id=20848", "new_icon": true}, {"pic_url": "https://h5.sinaimg.cn/upload/114/962/2022/07/08/member_0_bigfan1_1.png", "name": "loyal_fans", "length": 1.33, "actionlog": {"act_code": "3671", "ext": "status:fans"}, "scheme": "https://kefu.weibo.com/faqdetail?id=20848", "new_icon": true}], "user": {"id": 7722177421, "idstr": "7722177421", "class": 1, "screen_name": "Coolovr", "name": "Coolovr", "province": "23", "city": "1000", "location": "黑龙江", "description": "", "url": "", "profile_image_url": "https://tvax1.sinaimg.cn/crop.0.0.1080.1080.50/008qBt6Jly8h6xowu1jhmj30u00u0gm2.jpg?KID=imgbed,tva&Expires=1670700146&ssig=AB2nPCElIP", "light_ring": false, "cover_image_phone": "https://ww1.sinaimg.cn/crop.0.0.640.640.640/9d44112bjw1f1xl1c10tuj20hs0hs0tw.jpg", "profile_url": "u/7722177421", "domain": "", "weihao": "", "gender": "f", "followers_count": 19, "followers_count_str": "19", "friends_count": 959, "pagefriends_count": 9, "statuses_count": 3505, "video_status_count": 0, "video_play_count": 0, "super_topic_not_syn_count": 0, "favourites_count": 2, "created_at": "Sat Nov 06 18:50:57 +0800 2021", "following": false, "allow_all_act_msg": false, "geo_enabled": true, "verified": false, "verified_type": -1, "remark": "", "insecurity": {"sexual_content": false}, "ptype": 0, "allow_all_comment": true, "avatar_large": "https://tvax1.sinaimg.cn/crop.0.0.1080.1080.180/008qBt6Jly8h6xowu1jhmj30u00u0gm2.jpg?KID=imgbed,tva&Expires=1670700146&ssig=ml4i%2BJIo65", "avatar_hd": "https://tvax1.sinaimg.cn/crop.0.0.1080.1080.1024/008qBt6Jly8h6xowu1jhmj30u00u0gm2.jpg?KID=imgbed,tva&Expires=1670700146&ssig=3RyaQ8bpwW", "verified_reason": "", "verified_trade": "", "verified_reason_url": "", "verified_source": "", "verified_source_url": "", "follow_me": false, "like": false, "like_me": false, "online_status": 0, "bi_followers_count": 18, "lang": "zh-cn", "star": 0, "mbtype": 2, "mbrank": 3, "svip": 0, "mb_expire_time": 1667318399, "block_word": 0, "block_app": 0, "chaohua_ability": 0, "brand_ability": 0, "nft_ability": 0, "vplus_ability": 0, "wenda_ability": 0, "live_ability": 0, "gongyi_ability": 0, "paycolumn_ability": 0, "newbrand_ability": 0, "ecommerce_ability": 0, "hardfan_ability": 0, "credit_score": 80, "user_ability": 2097152, "urank": 0, "story_read_state": -1, "vclub_member": 0, "is_teenager": 0, "is_guardian": 0, "is_teenager_list": 0, "pc_new": 0, "special_follow": false, "planet_video": 0, "video_mark": 0, "live_status": 0, "user_ability_extend": 0, "status_total_counter": {"total_cnt": 105, "repost_cnt": 12, "comment_cnt": 66, "like_cnt": 27, "comment_like_cnt": 0}, "video_total_counter": {"play_cnt": -1}, "brand_account": 0, "hongbaofei": 0, "tab_manage": "[0, 0]", "reward_status": 0, "green_mode": 0, "urisk": 524288, "avatar_type": 0}, "mid": "4845207012509705", "idstr": "4845207012509705", "match_ai_play_picture": false}, "reply_original_text": "哈哈哈，我们都老了啊", "readtimetype": "comment", "sync_id": 4845207012509705, "sync_uuid": 4845206116761858, "sync_generate_level": 2, "match_ai_play_picture": false}