{"created_at": "Tue Jun 28 16:48:54 +0800 2022", "id": 4785376524505319, "rootid": 4784415521898743, "rootidstr": "4784415521898743", "floor_number": 0, "text": "回复@上辈子是枕头:求个图", "disable_reply": 0, "restrictOperate": 0, "source_allowclick": 0, "source_type": 4, "source": "<a href=\"\" rel=\"nofollow\">来自四川</a>", "user": {"id": 5600474766, "idstr": "5600474766", "class": 1, "screen_name": "Yui之南", "name": "Yui之南", "province": "51", "city": "1000", "location": "四川", "description": "青春为什么不可以坐在海边发呆呢", "url": "", "profile_image_url": "https://tvax4.sinaimg.cn/crop.0.0.1080.1080.50/006711kaly8h6dbhk3s5aj30u00u03yv.jpg?KID=imgbed,tva&Expires=1670005670&ssig=jbS5RamZNg", "light_ring": false, "cover_image_phone": "http://ww1.sinaimg.cn/crop.0.0.640.640.640/9d44112bjw1f1xl1c10tuj20hs0hs0tw.jpg", "profile_url": "u/5600474766", "domain": "", "weihao": "", "gender": "f", "followers_count": 239, "followers_count_str": "239", "friends_count": 382, "pagefriends_count": 39, "statuses_count": 95, "video_status_count": 6, "video_play_count": 0, "super_topic_not_syn_count": 2, "favourites_count": 1854, "created_at": "Thu Apr 30 23:15:35 +0800 2015", "following": false, "allow_all_act_msg": false, "geo_enabled": true, "verified": false, "verified_type": -1, "remark": "", "insecurity": {"sexual_content": false}, "ptype": 0, "allow_all_comment": true, "avatar_large": "https://tvax4.sinaimg.cn/crop.0.0.1080.1080.180/006711kaly8h6dbhk3s5aj30u00u03yv.jpg?KID=imgbed,tva&Expires=1670005670&ssig=%2FdX1XInw8C", "avatar_hd": "https://tvax4.sinaimg.cn/crop.0.0.1080.1080.1024/006711kaly8h6dbhk3s5aj30u00u03yv.jpg?KID=imgbed,tva&Expires=1670005670&ssig=u0o4CH5GSC", "verified_reason": "", "verified_trade": "", "verified_reason_url": "", "verified_source": "", "verified_source_url": "", "follow_me": false, "like": false, "like_me": false, "online_status": 0, "bi_followers_count": 107, "lang": "zh-cn", "star": 0, "mbtype": 2, "mbrank": 1, "svip": 0, "mb_expire_time": 1664553599, "block_word": 0, "block_app": 0, "chaohua_ability": 0, "brand_ability": 0, "nft_ability": 0, "vplus_ability": 0, "wenda_ability": 0, "live_ability": 0, "gongyi_ability": 0, "paycolumn_ability": 0, "newbrand_ability": 0, "ecommerce_ability": 0, "hardfan_ability": 0, "credit_score": 80, "user_ability": 2360320, "avatargj_id": "gj_vip_660", "urank": 21, "story_read_state": -1, "vclub_member": 0, "is_teenager": 0, "is_guardian": 0, "is_teenager_list": 0, "pc_new": 0, "special_follow": false, "planet_video": 2, "video_mark": 15, "live_status": 0, "user_ability_extend": 0, "status_total_counter": {"total_cnt": 2126, "repost_cnt": 5, "comment_cnt": 593, "like_cnt": 1464, "comment_like_cnt": 64}, "video_total_counter": {"play_cnt": 5049}, "brand_account": 0, "hongbaofei": 0, "tab_manage": "[0, 0]", "reward_status": 0, "green_mode": 0, "urisk": 0, "avatar_type": 0}, "mid": "4785376524505319", "idstr": "4785376524505319", "status": {"visible": {"type": 0, "list_id": 0}, "created_at": "Fri Jun 24 14:52:06 +0800 2022", "id": 4783897580407069, "idstr": "4783897580407069", "mid": "4783897580407069", "can_edit": false, "version": 1, "show_additional_indication": 0, "text": "医院的日子都这样了，其它行业会怎样？ ​", "textLength": 36, "source_allowclick": 1, "source_type": 1, "source": "<a href=\"http://app.weibo.com/t/feed/4emt4J\" rel=\"nofollow\">荣耀X30i 5G</a>", "favorited": false, "truncated": false, "in_reply_to_status_id": "", "in_reply_to_user_id": "", "in_reply_to_screen_name": "", "pic_urls": [{"thumbnail_pic": "http://wx3.sinaimg.cn/thumbnail/008hE3Stly1h3jc45jklej30u01hok4r.jpg"}], "thumbnail_pic": "http://wx3.sinaimg.cn/thumbnail/008hE3Stly1h3jc45jklej30u01hok4r.jpg", "bmiddle_pic": "http://wx3.sinaimg.cn/bmiddle/008hE3Stly1h3jc45jklej30u01hok4r.jpg", "original_pic": "http://wx3.sinaimg.cn/large/008hE3Stly1h3jc45jklej30u01hok4r.jpg", "geo": null, "is_paid": false, "mblog_vip_type": 0, "user": {"id": 7589808397, "idstr": "7589808397", "class": 1, "screen_name": "唤醒Q-2021", "name": "唤醒Q-2021", "province": "100", "city": "1000", "location": "其他", "description": "没有偶像就没有伤害；不要拜兽和兽像……", "url": "", "profile_image_url": "https://tvax4.sinaimg.cn/crop.0.0.664.664.50/008hE3Stly8gsvvadffa4j30ig0igabq.jpg?KID=imgbed,tva&Expires=1670005670&ssig=Tz3VIU%2BVnk", "light_ring": false, "cover_image_phone": "http://ww1.sinaimg.cn/crop.0.0.640.640.640/549d0121tw1egm1kjly3jj20hs0hsq4f.jpg", "profile_url": "u/7589808397", "domain": "", "weihao": "", "gender": "f", "followers_count": 585, "followers_count_str": "585", "friends_count": 96, "pagefriends_count": 5, "statuses_count": 1138, "video_status_count": 55, "video_play_count": 0, "super_topic_not_syn_count": 0, "favourites_count": 7, "created_at": "Sat Apr 10 14:56:36 +0800 2021", "following": false, "allow_all_act_msg": false, "geo_enabled": true, "verified": false, "verified_type": -1, "remark": "", "insecurity": {"sexual_content": false}, "ptype": 0, "allow_all_comment": true, "avatar_large": "https://tvax4.sinaimg.cn/crop.0.0.664.664.180/008hE3Stly8gsvvadffa4j30ig0igabq.jpg?KID=imgbed,tva&Expires=1670005670&ssig=dipLuu6WUX", "avatar_hd": "https://tvax4.sinaimg.cn/crop.0.0.664.664.1024/008hE3Stly8gsvvadffa4j30ig0igabq.jpg?KID=imgbed,tva&Expires=1670005670&ssig=msaUVDM2dK", "verified_reason": "", "verified_trade": "", "verified_reason_url": "", "verified_source": "", "verified_source_url": "", "follow_me": false, "like": false, "like_me": false, "online_status": 0, "bi_followers_count": 4, "lang": "zh-cn", "star": 0, "mbtype": 12, "mbrank": 4, "svip": 0, "mb_expire_time": 1670947200, "block_word": 0, "block_app": 1, "chaohua_ability": 0, "brand_ability": 0, "nft_ability": 0, "vplus_ability": 0, "wenda_ability": 0, "live_ability": 0, "gongyi_ability": 0, "paycolumn_ability": 0, "newbrand_ability": 0, "ecommerce_ability": 0, "hardfan_ability": 0, "credit_score": 80, "user_ability": 10747904, "urank": 0, "story_read_state": -1, "vclub_member": 0, "is_teenager": 0, "is_guardian": 0, "is_teenager_list": 0, "pc_new": 0, "special_follow": false, "planet_video": 2, "video_mark": 0, "live_status": 0, "user_ability_extend": 0, "status_total_counter": {"total_cnt": 53072, "repost_cnt": 5569, "comment_cnt": 2057, "like_cnt": 3064, "comment_like_cnt": 42382}, "video_total_counter": {"play_cnt": 27113}, "brand_account": 0, "hongbaofei": 0, "tab_manage": "[4329441920, 0]", "reward_status": 0, "green_mode": 0, "urisk": 52076478464, "avatar_type": 0}, "annotations": [{"photo_sub_type": "0"}, {}, {"client_mblogid": "4912a5c9-963d-46c4-ad8a-8e4faa1feb32"}, {"mapi_request": true}], "picStatus": "0:1", "reposts_count": 0, "comments_count": 0, "reprint_cmt_count": 0, "attitudes_count": 0, "pending_approval_count": 0, "isLongText": false, "reward_exhibition_type": 0, "hide_flag": 0, "mlevel": 128, "show_mlevel": 0, "biz_feature": 4294967300, "hasActionTypeCard": 0, "darwin_tags": [], "hot_weibo_tags": [], "text_tag_tips": [], "mblogtype": 0, "userType": 0, "mlevelSource": "monitor", "more_info_type": 0, "number_display_strategy": {"apply_scenario_flag": 3, "display_text_min_number": 1000000, "display_text": "100万+"}, "positive_recom_flag": 0, "content_auth": 0, "gif_ids": "", "is_show_bulletin": 2, "comment_manage_info": {"comment_permission_type": -1, "approval_comment_type": 0, "comment_sort_type": 0, "ai_play_picture_type": 0}, "pic_num": 1, "can_reprint": false, "new_comment_style": 0}, "reply_comment": {"created_at": "Sun Jun 26 11:06:13 +0800 2022", "id": 4784565509690132, "rootid": 4784415521898743, "rootidstr": "4784415521898743", "floor_number": 0, "text": "回复@炸酱粉离了你我怎么活:私你了", "disable_reply": 0, "restrictOperate": 0, "user": {"id": 6370571201, "idstr": "6370571201", "class": 1, "screen_name": "上辈子是枕头", "name": "上辈子是枕头", "province": "100", "city": "1000", "location": "其他", "description": "我觉得我有前途", "url": "", "profile_image_url": "https://tvax4.sinaimg.cn/crop.0.0.615.615.50/006X8gAply8h3iewoudyoj30h30h30t8.jpg?KID=imgbed,tva&Expires=1670005670&ssig=RIC9GRzr5h", "light_ring": false, "cover_image_phone": "http://ww1.sinaimg.cn/crop.0.0.640.640.640/549d0121tw1egm1kjly3jj20hs0hsq4f.jpg", "profile_url": "u/6370571201", "domain": "", "weihao": "", "gender": "f", "followers_count": 0, "followers_count_str": "0", "friends_count": 1, "pagefriends_count": 1, "statuses_count": 226, "video_status_count": 0, "video_play_count": 0, "super_topic_not_syn_count": 0, "favourites_count": 0, "created_at": "Fri Nov 24 18:22:52 +0800 2017", "following": false, "allow_all_act_msg": false, "geo_enabled": true, "verified": false, "verified_type": -1, "remark": "", "insecurity": {"sexual_content": false}, "ptype": 0, "allow_all_comment": true, "avatar_large": "https://tvax4.sinaimg.cn/crop.0.0.615.615.180/006X8gAply8h3iewoudyoj30h30h30t8.jpg?KID=imgbed,tva&Expires=1670005670&ssig=NqpD63RTvc", "avatar_hd": "https://tvax4.sinaimg.cn/crop.0.0.615.615.1024/006X8gAply8h3iewoudyoj30h30h30t8.jpg?KID=imgbed,tva&Expires=1670005670&ssig=89fIOAS6Dj", "verified_reason": "", "verified_trade": "", "verified_reason_url": "", "verified_source": "", "verified_source_url": "", "follow_me": false, "like": false, "like_me": false, "online_status": 0, "bi_followers_count": 0, "lang": "zh-cn", "star": 0, "mbtype": 2, "mbrank": 1, "svip": 0, "mb_expire_time": 1591718399, "block_word": 0, "block_app": 0, "credit_score": 80, "user_ability": 2097152, "urank": 1, "story_read_state": -1, "vclub_member": 0, "is_teenager": 0, "is_guardian": 0, "is_teenager_list": 0, "pc_new": 0, "special_follow": false, "planet_video": 0, "video_mark": 0, "live_status": 0, "user_ability_extend": 0, "status_total_counter": {"total_cnt": 15, "repost_cnt": 6, "comment_cnt": 5, "like_cnt": 4, "comment_like_cnt": 0}, "video_total_counter": {"play_cnt": 0}, "brand_account": 0, "hongbaofei": 0, "tab_manage": "[0, 0]", "green_mode": 0, "urisk": 69256347648, "block": 0, "block_me": 0, "avatar_type": 0}, "mid": "4784565509690132", "idstr": "4784565509690132", "match_ai_play_picture": false}, "reply_original_text": "求个图", "readtimetype": "comment", "match_ai_play_picture": false}