{"created_at": "Tue Jun 28 02:50:32 +0800 2022", "id": 4785165542621728, "rootid": 4784024402269709, "rootidstr": "4784024402269709", "floor_number": 0, "text": "回复@黄苏苏Nora:那只是冰山一角角", "disable_reply": 0, "restrictOperate": 0, "source_allowclick": 0, "source_type": 4, "source": "<a href=\"\" rel=\"nofollow\">来自广东</a>", "user": {"id": 6468426296, "idstr": "6468426296", "class": 1, "screen_name": "shhhxmi", "name": "shhhxmi", "province": "44", "city": "1000", "location": "广东", "description": "话唠", "url": "", "profile_image_url": "https://tvax3.sinaimg.cn/crop.0.0.1002.1002.50/0073KRaoly8gum8dq7jttj60ru0ruwif02.jpg?KID=imgbed,tva&Expires=1670005670&ssig=JwGqa5usOF", "light_ring": false, "cover_image_phone": "http://ww1.sinaimg.cn/crop.0.0.640.640.640/549d0121tw1egm1kjly3jj20hs0hsq4f.jpg", "profile_url": "u/6468426296", "domain": "", "weihao": "", "gender": "m", "followers_count": 7, "followers_count_str": "7", "friends_count": 396, "pagefriends_count": 21, "statuses_count": 120, "video_status_count": 0, "video_play_count": 0, "super_topic_not_syn_count": 0, "favourites_count": 5, "created_at": "Mon Jan 22 21:33:47 +0800 2018", "following": false, "allow_all_act_msg": false, "geo_enabled": true, "verified": false, "verified_type": -1, "remark": "", "insecurity": {"sexual_content": false}, "ptype": 0, "allow_all_comment": false, "avatar_large": "https://tvax3.sinaimg.cn/crop.0.0.1002.1002.180/0073KRaoly8gum8dq7jttj60ru0ruwif02.jpg?KID=imgbed,tva&Expires=1670005670&ssig=m%2BJ3rRblEo", "avatar_hd": "https://tvax3.sinaimg.cn/crop.0.0.1002.1002.1024/0073KRaoly8gum8dq7jttj60ru0ruwif02.jpg?KID=imgbed,tva&Expires=1670005670&ssig=LZYKm%2FWaaq", "verified_reason": "", "verified_trade": "", "verified_reason_url": "", "verified_source": "", "verified_source_url": "", "follow_me": false, "like": false, "like_me": false, "online_status": 0, "bi_followers_count": 0, "lang": "zh-cn", "star": 0, "mbtype": 0, "mbrank": 0, "svip": 0, "mb_expire_time": 0, "block_word": 0, "block_app": 0, "chaohua_ability": 0, "brand_ability": 0, "nft_ability": 0, "vplus_ability": 0, "wenda_ability": 0, "live_ability": 0, "gongyi_ability": 0, "paycolumn_ability": 0, "newbrand_ability": 0, "ecommerce_ability": 0, "hardfan_ability": 0, "credit_score": 80, "user_ability": 10485760, "urank": 4, "story_read_state": -1, "vclub_member": 0, "is_teenager": 0, "is_guardian": 0, "is_teenager_list": 0, "pc_new": 0, "special_follow": false, "planet_video": 0, "video_mark": 0, "live_status": 0, "user_ability_extend": 0, "status_total_counter": {"total_cnt": 9, "repost_cnt": 0, "comment_cnt": 0, "like_cnt": 9, "comment_like_cnt": 0}, "video_total_counter": {"play_cnt": -1}, "brand_account": 0, "hongbaofei": 0, "tab_manage": "[0, 0]", "reward_status": 0, "green_mode": 0, "urisk": 0, "avatar_type": 0}, "mid": "4785165542621728", "idstr": "4785165542621728", "status": {"visible": {"type": 0, "list_id": 0}, "created_at": "Fri Jun 24 14:52:06 +0800 2022", "id": 4783897580407069, "idstr": "4783897580407069", "mid": "4783897580407069", "can_edit": false, "version": 1, "show_additional_indication": 0, "text": "医院的日子都这样了，其它行业会怎样？ ​", "textLength": 36, "source_allowclick": 1, "source_type": 1, "source": "<a href=\"http://app.weibo.com/t/feed/4emt4J\" rel=\"nofollow\">荣耀X30i 5G</a>", "favorited": false, "truncated": false, "in_reply_to_status_id": "", "in_reply_to_user_id": "", "in_reply_to_screen_name": "", "pic_urls": [{"thumbnail_pic": "http://wx3.sinaimg.cn/thumbnail/008hE3Stly1h3jc45jklej30u01hok4r.jpg"}], "thumbnail_pic": "http://wx3.sinaimg.cn/thumbnail/008hE3Stly1h3jc45jklej30u01hok4r.jpg", "bmiddle_pic": "http://wx3.sinaimg.cn/bmiddle/008hE3Stly1h3jc45jklej30u01hok4r.jpg", "original_pic": "http://wx3.sinaimg.cn/large/008hE3Stly1h3jc45jklej30u01hok4r.jpg", "geo": null, "is_paid": false, "mblog_vip_type": 0, "user": {"id": 7589808397, "idstr": "7589808397", "class": 1, "screen_name": "唤醒Q-2021", "name": "唤醒Q-2021", "province": "100", "city": "1000", "location": "其他", "description": "没有偶像就没有伤害；不要拜兽和兽像……", "url": "", "profile_image_url": "https://tvax4.sinaimg.cn/crop.0.0.664.664.50/008hE3Stly8gsvvadffa4j30ig0igabq.jpg?KID=imgbed,tva&Expires=1670005670&ssig=Tz3VIU%2BVnk", "light_ring": false, "cover_image_phone": "http://ww1.sinaimg.cn/crop.0.0.640.640.640/549d0121tw1egm1kjly3jj20hs0hsq4f.jpg", "profile_url": "u/7589808397", "domain": "", "weihao": "", "gender": "f", "followers_count": 585, "followers_count_str": "585", "friends_count": 96, "pagefriends_count": 5, "statuses_count": 1138, "video_status_count": 55, "video_play_count": 0, "super_topic_not_syn_count": 0, "favourites_count": 7, "created_at": "Sat Apr 10 14:56:36 +0800 2021", "following": false, "allow_all_act_msg": false, "geo_enabled": true, "verified": false, "verified_type": -1, "remark": "", "insecurity": {"sexual_content": false}, "ptype": 0, "allow_all_comment": true, "avatar_large": "https://tvax4.sinaimg.cn/crop.0.0.664.664.180/008hE3Stly8gsvvadffa4j30ig0igabq.jpg?KID=imgbed,tva&Expires=1670005670&ssig=dipLuu6WUX", "avatar_hd": "https://tvax4.sinaimg.cn/crop.0.0.664.664.1024/008hE3Stly8gsvvadffa4j30ig0igabq.jpg?KID=imgbed,tva&Expires=1670005670&ssig=msaUVDM2dK", "verified_reason": "", "verified_trade": "", "verified_reason_url": "", "verified_source": "", "verified_source_url": "", "follow_me": false, "like": false, "like_me": false, "online_status": 0, "bi_followers_count": 4, "lang": "zh-cn", "star": 0, "mbtype": 12, "mbrank": 4, "svip": 0, "mb_expire_time": 1670947200, "block_word": 0, "block_app": 1, "chaohua_ability": 0, "brand_ability": 0, "nft_ability": 0, "vplus_ability": 0, "wenda_ability": 0, "live_ability": 0, "gongyi_ability": 0, "paycolumn_ability": 0, "newbrand_ability": 0, "ecommerce_ability": 0, "hardfan_ability": 0, "credit_score": 80, "user_ability": 10747904, "urank": 0, "story_read_state": -1, "vclub_member": 0, "is_teenager": 0, "is_guardian": 0, "is_teenager_list": 0, "pc_new": 0, "special_follow": false, "planet_video": 2, "video_mark": 0, "live_status": 0, "user_ability_extend": 0, "status_total_counter": {"total_cnt": 53072, "repost_cnt": 5569, "comment_cnt": 2057, "like_cnt": 3064, "comment_like_cnt": 42382}, "video_total_counter": {"play_cnt": 27113}, "brand_account": 0, "hongbaofei": 0, "tab_manage": "[4329441920, 0]", "reward_status": 0, "green_mode": 0, "urisk": 52076478464, "avatar_type": 0}, "annotations": [{"photo_sub_type": "0"}, {}, {"client_mblogid": "4912a5c9-963d-46c4-ad8a-8e4faa1feb32"}, {"mapi_request": true}], "picStatus": "0:1", "reposts_count": 0, "comments_count": 0, "reprint_cmt_count": 0, "attitudes_count": 0, "pending_approval_count": 0, "isLongText": false, "reward_exhibition_type": 0, "hide_flag": 0, "mlevel": 128, "show_mlevel": 0, "biz_feature": 4294967300, "hasActionTypeCard": 0, "darwin_tags": [], "hot_weibo_tags": [], "text_tag_tips": [], "mblogtype": 0, "userType": 0, "mlevelSource": "monitor", "more_info_type": 0, "number_display_strategy": {"apply_scenario_flag": 3, "display_text_min_number": 1000000, "display_text": "100万+"}, "positive_recom_flag": 0, "content_auth": 0, "gif_ids": "", "is_show_bulletin": 2, "comment_manage_info": {"comment_permission_type": -1, "approval_comment_type": 0, "comment_sort_type": 0, "ai_play_picture_type": 0}, "pic_num": 1, "can_reprint": false, "new_comment_style": 0}, "reply_comment": {"created_at": "Fri Jun 24 23:26:10 +0800 2022", "id": 4784026949258308, "rootid": 4784024402269709, "rootidstr": "4784024402269709", "floor_number": 0, "text": "回复@钩子J200202:武汉同济骨科事件吗", "disable_reply": 0, "restrictOperate": 0, "user": {"id": 2179229732, "idstr": "2179229732", "class": 1, "screen_name": "黄苏苏Nora", "name": "黄苏苏Nora", "province": "32", "city": "2", "location": "江苏 无锡", "description": "这一生只愿只要平凡快乐。", "url": "", "profile_image_url": "https://tvax1.sinaimg.cn/crop.0.0.1080.1080.50/81e46824ly8g55iand7f0j20u00u0mz9.jpg?KID=imgbed,tva&Expires=1670005670&ssig=T302lFmUpq", "light_ring": false, "cover_image_phone": "http://ww2.sinaimg.cn/crop.0.0.640.640.640/a1d3feabjw1ecat8op0e1j20hs0hswgu.jpg", "profile_url": "sueh2mayday", "domain": "sueh2mayday", "weihao": "", "gender": "f", "followers_count": 721, "followers_count_str": "721", "friends_count": 592, "pagefriends_count": 3, "statuses_count": 792, "video_status_count": 4, "video_play_count": 0, "super_topic_not_syn_count": 1, "favourites_count": 2341, "created_at": "Fri Jun 17 19:38:17 +0800 2011", "following": false, "allow_all_act_msg": true, "geo_enabled": true, "verified": false, "verified_type": 220, "remark": "", "insecurity": {"sexual_content": false}, "ptype": 0, "allow_all_comment": false, "avatar_large": "https://tvax1.sinaimg.cn/crop.0.0.1080.1080.180/81e46824ly8g55iand7f0j20u00u0mz9.jpg?KID=imgbed,tva&Expires=1670005670&ssig=21qGUTfxXR", "avatar_hd": "https://tvax1.sinaimg.cn/crop.0.0.1080.1080.1024/81e46824ly8g55iand7f0j20u00u0mz9.jpg?KID=imgbed,tva&Expires=1670005670&ssig=HsPk%2BFyzZD", "verified_reason": "", "verified_trade": "", "verified_reason_url": "", "verified_source": "", "verified_source_url": "", "follow_me": false, "like": false, "like_me": false, "online_status": 0, "bi_followers_count": 89, "lang": "zh-cn", "star": 0, "mbtype": 2, "mbrank": 1, "svip": 0, "mb_expire_time": 1567353599, "block_word": 0, "block_app": 0, "credit_score": 80, "user_ability": 35914752, "cardid": "star_1106", "avatargj_id": "gj_vip_011", "urank": 37, "story_read_state": -1, "vclub_member": 0, "is_teenager": 0, "is_guardian": 0, "is_teenager_list": 0, "pc_new": 0, "special_follow": false, "planet_video": 0, "video_mark": 0, "live_status": 0, "user_ability_extend": 0, "status_total_counter": {"total_cnt": 2854, "repost_cnt": 29, "comment_cnt": 1598, "like_cnt": 1211, "comment_like_cnt": 16}, "video_total_counter": {"play_cnt": 901}, "brand_account": 0, "hongbaofei": 0, "tab_manage": "[16943748, 0]", "green_mode": 0, "urisk": 0, "block": 0, "block_me": 0, "avatar_type": 0}, "mid": "4784026949258308", "idstr": "4784026949258308", "match_ai_play_picture": false}, "reply_original_text": "那只是冰山一角角", "readtimetype": "comment", "match_ai_play_picture": false}