{"created_at": "Tue Jun 28 22:35:28 +0800 2022", "id": 4785463741123609, "rootid": 4783937787006006, "rootidstr": "4783937787006006", "floor_number": 0, "text": "回复@Uuffoooooooo:朝鲜都开放了。。。。就我们[允悲][允悲][允悲]", "disable_reply": 0, "restrictOperate": 0, "source_allowclick": 0, "source_type": 4, "source": "<a href=\"\" rel=\"nofollow\">来自广东</a>", "user": {"id": 2310844822, "idstr": "2310844822", "class": 1, "screen_name": "吃瓜群众警告", "name": "吃瓜群众警告", "province": "44", "city": "6", "location": "广东 佛山", "description": "", "url": "", "profile_image_url": "https://tvax4.sinaimg.cn/crop.0.0.1342.1342.50/89bcb196ly8fsytdbmo1nj211a11a416.jpg?KID=imgbed,tva&Expires=1670005670&ssig=HdX4HrZtih", "light_ring": false, "cover_image_phone": "http://ww4.sinaimg.cn/crop.0.0.640.640.640/a1d3feabjw1ez3ul46nlsj20hs0hsmz1.jpg", "profile_url": "eminemshaguosha", "domain": "eminemshaguosha", "weihao": "", "gender": "m", "followers_count": 223, "followers_count_str": "223", "friends_count": 254, "pagefriends_count": 7, "statuses_count": 10, "video_status_count": 0, "video_play_count": 0, "super_topic_not_syn_count": 0, "favourites_count": 6, "created_at": "Mon Aug 15 14:00:01 +0800 2011", "following": false, "allow_all_act_msg": false, "geo_enabled": true, "verified": false, "verified_type": -1, "remark": "", "insecurity": {"sexual_content": false}, "ptype": 0, "allow_all_comment": false, "avatar_large": "https://tvax4.sinaimg.cn/crop.0.0.1342.1342.180/89bcb196ly8fsytdbmo1nj211a11a416.jpg?KID=imgbed,tva&Expires=1670005670&ssig=vgEPNTSWqn", "avatar_hd": "https://tvax4.sinaimg.cn/crop.0.0.1342.1342.1024/89bcb196ly8fsytdbmo1nj211a11a416.jpg?KID=imgbed,tva&Expires=1670005670&ssig=kNUr4wMLGg", "verified_reason": "", "verified_trade": "", "verified_reason_url": "", "verified_source": "", "verified_source_url": "", "follow_me": false, "like": false, "like_me": false, "online_status": 0, "bi_followers_count": 126, "lang": "zh-cn", "star": 0, "mbtype": 0, "mbrank": 0, "svip": 0, "mb_expire_time": 0, "block_word": 0, "block_app": 0, "chaohua_ability": 0, "brand_ability": 0, "nft_ability": 0, "vplus_ability": 0, "wenda_ability": 0, "live_ability": 0, "gongyi_ability": 0, "paycolumn_ability": 0, "newbrand_ability": 0, "ecommerce_ability": 0, "hardfan_ability": 0, "credit_score": 80, "user_ability": 35652608, "urank": 27, "story_read_state": -1, "vclub_member": 0, "is_teenager": 0, "is_guardian": 0, "is_teenager_list": 0, "pc_new": 0, "special_follow": false, "planet_video": 0, "video_mark": 0, "live_status": 0, "user_ability_extend": 0, "status_total_counter": {"total_cnt": 22, "repost_cnt": 0, "comment_cnt": 1, "like_cnt": 21, "comment_like_cnt": 0}, "video_total_counter": {"play_cnt": -1}, "brand_account": 0, "hongbaofei": 0, "tab_manage": "[0, 0]", "reward_status": 0, "green_mode": 0, "urisk": 17179869184, "avatar_type": 0}, "mid": "4785463741123609", "idstr": "4785463741123609", "status": {"visible": {"type": 0, "list_id": 0}, "created_at": "Fri Jun 24 14:52:06 +0800 2022", "id": 4783897580407069, "idstr": "4783897580407069", "mid": "4783897580407069", "can_edit": false, "version": 1, "show_additional_indication": 0, "text": "医院的日子都这样了，其它行业会怎样？ ​", "textLength": 36, "source_allowclick": 1, "source_type": 1, "source": "<a href=\"http://app.weibo.com/t/feed/4emt4J\" rel=\"nofollow\">荣耀X30i 5G</a>", "favorited": false, "truncated": false, "in_reply_to_status_id": "", "in_reply_to_user_id": "", "in_reply_to_screen_name": "", "pic_urls": [{"thumbnail_pic": "http://wx3.sinaimg.cn/thumbnail/008hE3Stly1h3jc45jklej30u01hok4r.jpg"}], "thumbnail_pic": "http://wx3.sinaimg.cn/thumbnail/008hE3Stly1h3jc45jklej30u01hok4r.jpg", "bmiddle_pic": "http://wx3.sinaimg.cn/bmiddle/008hE3Stly1h3jc45jklej30u01hok4r.jpg", "original_pic": "http://wx3.sinaimg.cn/large/008hE3Stly1h3jc45jklej30u01hok4r.jpg", "geo": null, "is_paid": false, "mblog_vip_type": 0, "user": {"id": 7589808397, "idstr": "7589808397", "class": 1, "screen_name": "唤醒Q-2021", "name": "唤醒Q-2021", "province": "100", "city": "1000", "location": "其他", "description": "没有偶像就没有伤害；不要拜兽和兽像……", "url": "", "profile_image_url": "https://tvax4.sinaimg.cn/crop.0.0.664.664.50/008hE3Stly8gsvvadffa4j30ig0igabq.jpg?KID=imgbed,tva&Expires=1670005670&ssig=Tz3VIU%2BVnk", "light_ring": false, "cover_image_phone": "http://ww1.sinaimg.cn/crop.0.0.640.640.640/549d0121tw1egm1kjly3jj20hs0hsq4f.jpg", "profile_url": "u/7589808397", "domain": "", "weihao": "", "gender": "f", "followers_count": 585, "followers_count_str": "585", "friends_count": 96, "pagefriends_count": 5, "statuses_count": 1138, "video_status_count": 55, "video_play_count": 0, "super_topic_not_syn_count": 0, "favourites_count": 7, "created_at": "Sat Apr 10 14:56:36 +0800 2021", "following": false, "allow_all_act_msg": false, "geo_enabled": true, "verified": false, "verified_type": -1, "remark": "", "insecurity": {"sexual_content": false}, "ptype": 0, "allow_all_comment": true, "avatar_large": "https://tvax4.sinaimg.cn/crop.0.0.664.664.180/008hE3Stly8gsvvadffa4j30ig0igabq.jpg?KID=imgbed,tva&Expires=1670005670&ssig=dipLuu6WUX", "avatar_hd": "https://tvax4.sinaimg.cn/crop.0.0.664.664.1024/008hE3Stly8gsvvadffa4j30ig0igabq.jpg?KID=imgbed,tva&Expires=1670005670&ssig=msaUVDM2dK", "verified_reason": "", "verified_trade": "", "verified_reason_url": "", "verified_source": "", "verified_source_url": "", "follow_me": false, "like": false, "like_me": false, "online_status": 0, "bi_followers_count": 4, "lang": "zh-cn", "star": 0, "mbtype": 12, "mbrank": 4, "svip": 0, "mb_expire_time": 1670947200, "block_word": 0, "block_app": 1, "chaohua_ability": 0, "brand_ability": 0, "nft_ability": 0, "vplus_ability": 0, "wenda_ability": 0, "live_ability": 0, "gongyi_ability": 0, "paycolumn_ability": 0, "newbrand_ability": 0, "ecommerce_ability": 0, "hardfan_ability": 0, "credit_score": 80, "user_ability": 10747904, "urank": 0, "story_read_state": -1, "vclub_member": 0, "is_teenager": 0, "is_guardian": 0, "is_teenager_list": 0, "pc_new": 0, "special_follow": false, "planet_video": 2, "video_mark": 0, "live_status": 0, "user_ability_extend": 0, "status_total_counter": {"total_cnt": 53072, "repost_cnt": 5569, "comment_cnt": 2057, "like_cnt": 3064, "comment_like_cnt": 42382}, "video_total_counter": {"play_cnt": 27113}, "brand_account": 0, "hongbaofei": 0, "tab_manage": "[4329441920, 0]", "reward_status": 0, "green_mode": 0, "urisk": 52076478464, "avatar_type": 0}, "annotations": [{"photo_sub_type": "0"}, {}, {"client_mblogid": "4912a5c9-963d-46c4-ad8a-8e4faa1feb32"}, {"mapi_request": true}], "picStatus": "0:1", "reposts_count": 0, "comments_count": 0, "reprint_cmt_count": 0, "attitudes_count": 0, "pending_approval_count": 0, "isLongText": false, "reward_exhibition_type": 0, "hide_flag": 0, "mlevel": 128, "show_mlevel": 0, "biz_feature": 4294967300, "hasActionTypeCard": 0, "darwin_tags": [], "hot_weibo_tags": [], "text_tag_tips": [], "mblogtype": 0, "userType": 0, "mlevelSource": "monitor", "more_info_type": 0, "number_display_strategy": {"apply_scenario_flag": 3, "display_text_min_number": 1000000, "display_text": "100万+"}, "positive_recom_flag": 0, "content_auth": 0, "gif_ids": "", "is_show_bulletin": 2, "comment_manage_info": {"comment_permission_type": -1, "approval_comment_type": 0, "comment_sort_type": 0, "ai_play_picture_type": 0}, "pic_num": 1, "can_reprint": false, "new_comment_style": 0}, "reply_comment": {"created_at": "Sat Jun 25 13:02:36 +0800 2022", "id": 4784232411695409, "rootid": 4783937787006006, "rootidstr": "4783937787006006", "floor_number": 0, "text": "回复@顾培欣:对 ！全世界都是傻子 ！只有我们和朝鲜最聪明[太开心]", "disable_reply": 0, "restrictOperate": 0, "user": {"id": 1765507155, "idstr": "1765507155", "class": 1, "screen_name": "Uuffoooooooo", "name": "Uuffoooooooo", "province": "11", "city": "5", "location": "北京 朝阳区", "description": "", "url": "", "profile_image_url": "https://tvax2.sinaimg.cn/crop.0.0.512.512.50/693b8053ly8h3f3coa344j20e80e8my3.jpg?KID=imgbed,tva&Expires=1670005670&ssig=Uuplh5FsJq", "light_ring": false, "cover_image_phone": "http://ww4.sinaimg.cn/crop.0.0.640.640/6cf8d7ebjw1ehfr60whp7j20hs0hsacf.jpg", "profile_url": "u/1765507155", "domain": "", "weihao": "", "gender": "m", "followers_count": 514, "followers_count_str": "514", "friends_count": 142, "pagefriends_count": 12, "statuses_count": 744, "video_status_count": 5, "video_play_count": 0, "super_topic_not_syn_count": 0, "favourites_count": 635, "created_at": "Thu Jul 01 00:40:46 +0800 2010", "following": false, "allow_all_act_msg": false, "geo_enabled": true, "verified": true, "verified_type": 0, "remark": "", "insecurity": {"sexual_content": false}, "ptype": 0, "allow_all_comment": true, "avatar_large": "https://tvax2.sinaimg.cn/crop.0.0.512.512.180/693b8053ly8h3f3coa344j20e80e8my3.jpg?KID=imgbed,tva&Expires=1670005670&ssig=DC6%2BcTRcSO", "avatar_hd": "https://tvax2.sinaimg.cn/crop.0.0.512.512.1024/693b8053ly8h3f3coa344j20e80e8my3.jpg?KID=imgbed,tva&Expires=1670005670&ssig=sKe36Z11Cw", "verified_reason": "中国国际航空公司 乘务员", "verified_trade": "1241", "verified_reason_url": "", "verified_source": "", "verified_source_url": "", "verified_state": 0, "verified_level": 3, "verified_type_ext": 0, "has_service_tel": false, "verified_reason_modified": "", "verified_contact_name": "", "verified_contact_email": "", "verified_contact_mobile": "", "follow_me": false, "like": false, "like_me": false, "online_status": 0, "bi_followers_count": 74, "lang": "zh-cn", "star": 0, "mbtype": 0, "mbrank": 0, "svip": 0, "mb_expire_time": 0, "block_word": 0, "block_app": 0, "credit_score": 80, "user_ability": 3407872, "urank": 26, "story_read_state": -1, "verified_detail": {"custom": 0, "data": [{"key": 1, "weight": 100, "desc": "中国国际航空公司 乘务员"}]}, "vclub_member": 0, "is_teenager": 0, "is_guardian": 0, "is_teenager_list": 0, "pc_new": 0, "special_follow": false, "planet_video": 0, "video_mark": 0, "live_status": 0, "user_ability_extend": 0, "status_total_counter": {"total_cnt": 1123, "repost_cnt": 43, "comment_cnt": 654, "like_cnt": 426, "comment_like_cnt": 0}, "video_total_counter": {"play_cnt": 266}, "brand_account": 0, "hongbaofei": 0, "tab_manage": "[0, 0]", "green_mode": 0, "urisk": 0, "block": 0, "block_me": 0, "avatar_type": 0}, "mid": "4784232411695409", "idstr": "4784232411695409", "match_ai_play_picture": false}, "reply_original_text": "朝鲜都开放了。。。。就我们[允悲][允悲][允悲]", "readtimetype": "comment", "match_ai_play_picture": false}