{"created_at": "Sat Sep 03 16:41:39 +0800 2022", "id": 4809654686976283, "rootid": 4809591935732057, "rootidstr": "4809591935732057", "floor_number": 0, "text": "回复@凯琦琦琦biu:真的东北人说话不这么样啊", "disable_reply": 0, "restrictOperate": 0, "source_allowclick": 0, "source_type": 4, "source": "<a href=\"\" rel=\"nofollow\">来自黑龙江</a>", "user": {"id": 6891192708, "idstr": "6891192708", "class": 1, "screen_name": "迪迪的星光美人", "name": "迪迪的星光美人", "province": "23", "city": "1000", "location": "黑龙江", "description": "迪丽热巴的女人、", "url": "", "profile_image_url": "https://tvax4.sinaimg.cn/crop.0.0.996.996.50/007wmK1uly8gltgh25bumj30ro0rognq.jpg?KID=imgbed,tva&Expires=1674069717&ssig=FFVBAkurPf", "light_ring": false, "cover_image_phone": "https://ww1.sinaimg.cn/crop.0.0.640.640.640/9d44112bjw1f1xl1c10tuj20hs0hs0tw.jpg", "profile_url": "u/6891192708", "domain": "", "weihao": "", "gender": "f", "followers_count": 10, "followers_count_str": "10", "friends_count": 609, "pagefriends_count": 221, "statuses_count": 342, "video_status_count": 1, "video_play_count": 0, "super_topic_not_syn_count": 1, "favourites_count": 6, "created_at": "Wed Dec 19 06:50:13 +0800 2018", "following": false, "allow_all_act_msg": false, "geo_enabled": true, "verified": false, "verified_type": -1, "remark": "", "insecurity": {"sexual_content": false}, "ptype": 0, "allow_all_comment": true, "avatar_large": "https://tvax4.sinaimg.cn/crop.0.0.996.996.180/007wmK1uly8gltgh25bumj30ro0rognq.jpg?KID=imgbed,tva&Expires=1674069717&ssig=b43bUn38MF", "avatar_hd": "https://tvax4.sinaimg.cn/crop.0.0.996.996.1024/007wmK1uly8gltgh25bumj30ro0rognq.jpg?KID=imgbed,tva&Expires=1674069717&ssig=H1KR3I%2Bi1D", "verified_reason": "", "verified_trade": "", "verified_reason_url": "", "verified_source": "", "verified_source_url": "", "follow_me": false, "like": false, "like_me": false, "online_status": 0, "bi_followers_count": 6, "lang": "zh-cn", "star": 0, "mbtype": 2, "mbrank": 1, "svip": 0, "mb_expire_time": 1598543999, "block_word": 0, "block_app": 0, "chaohua_ability": 0, "brand_ability": 0, "nft_ability": 0, "vplus_ability": 0, "wenda_ability": 0, "live_ability": 0, "gongyi_ability": 0, "paycolumn_ability": 0, "newbrand_ability": 0, "ecommerce_ability": 0, "hardfan_ability": 0, "wbcolumn_ability": 0, "credit_score": 80, "user_ability": -2145124352, "cardid": "star_212", "avatargj_id": "gj_vip_5225", "urank": 4, "story_read_state": -1, "vclub_member": 0, "is_teenager": 0, "is_guardian": 0, "is_teenager_list": 0, "pc_new": 0, "special_follow": false, "planet_video": 0, "video_mark": 0, "live_status": 0, "user_ability_extend": 0, "status_total_counter": {"total_cnt": 914, "repost_cnt": 1, "comment_cnt": 294, "like_cnt": 409, "comment_like_cnt": 210}, "video_total_counter": {"play_cnt": -1}, "brand_account": 0, "hongbaofei": 0, "tab_manage": "[0, 0]", "reward_status": 0, "green_mode": 0, "urisk": 549756338176, "unfollowing_recom_switch": 1, "avatar_type": 0}, "mid": "4809654686976283", "idstr": "4809654686976283", "status": {"visible": {"type": 0, "list_id": 0}, "created_at": "Sat Sep 03 12:21:13 +0800 2022", "id": 4809589147832610, "idstr": "4809589147832610", "mid": "4809589147832610", "edit_count": 1, "can_edit": false, "edit_at": "Sat Sep 03 12:37:09 +0800 2022", "version": 4, "show_additional_indication": 0, "text": "来自大庆市民琳琳的朋友圈\n我何德何能呀啊？全是托你的福 应急指挥部的领导给我送东西还一声一声领导叫着 \n疫情面前我才看出权势的重要性，有钱也买不来的温暖和满满的安全感有个在乎你吃的好不好知你冷暖的人才是最大的财富\n看来人的悲喜并不互通\n\n#大庆疫情防控##大庆疫情# http://t.cn/A6SpenAK ​", "textLength": 276, "source_allowclick": 0, "source_type": 1, "source": "<a href=\"http://app.weibo.com/t/feed/3j1mnL\" rel=\"nofollow\">iPhone 13 Pro Max</a>", "favorited": false, "truncated": false, "in_reply_to_status_id": "", "in_reply_to_user_id": "", "in_reply_to_screen_name": "", "pic_urls": [], "geo": null, "is_paid": false, "mblog_vip_type": 0, "user": {"id": 5409311003, "idstr": "5409311003", "class": 1, "screen_name": "剋剋很忙", "name": "剋剋很忙", "province": "33", "city": "1000", "location": "浙江", "description": "这里什么都有", "url": "", "profile_image_url": "https://tvax2.sinaimg.cn/crop.0.0.994.994.50/005U4UTFly8h51nhskx76j30rm0rmjtd.jpg?KID=imgbed,tva&Expires=1674069717&ssig=5WkcE1aP5m", "light_ring": false, "cover_image_phone": "https://wx3.sinaimg.cn/crop.0.0.640.640.640/005U4UTFgy1gtbib9mhprj30yi0yigr1.jpg", "profile_url": "u/5409311003", "domain": "", "weihao": "", "gender": "m", "followers_count": 367109, "followers_count_str": "36.7万", "friends_count": 110, "pagefriends_count": 51, "statuses_count": 2559, "video_status_count": 1220, "video_play_count": 0, "super_topic_not_syn_count": 1, "favourites_count": 5, "created_at": "Sat Jan 03 23:21:56 +0800 2015", "following": false, "allow_all_act_msg": false, "geo_enabled": true, "verified": true, "verified_type": 0, "remark": "", "insecurity": {"sexual_content": false}, "ptype": 0, "allow_all_comment": true, "avatar_large": "https://tvax2.sinaimg.cn/crop.0.0.994.994.180/005U4UTFly8h51nhskx76j30rm0rmjtd.jpg?KID=imgbed,tva&Expires=1674069717&ssig=GFtepwjGBC", "avatar_hd": "https://tvax2.sinaimg.cn/crop.0.0.994.994.1024/005U4UTFly8h51nhskx76j30rm0rmjtd.jpg?KID=imgbed,tva&Expires=1674069717&ssig=xm40zU0Ca%2F", "verified_reason": "搞笑幽默博主 超话主持人（剋剋很忙超话）", "verified_trade": "", "verified_reason_url": "", "verified_source": "", "verified_source_url": "", "verified_state": 0, "verified_level": 3, "verified_type_ext": 1, "has_service_tel": false, "verified_reason_modified": "", "verified_contact_name": "", "verified_contact_email": "", "verified_contact_mobile": "", "follow_me": false, "like": false, "like_me": false, "online_status": 0, "bi_followers_count": 34, "lang": "zh-cn", "star": 0, "mbtype": 12, "mbrank": 8, "svip": 1, "mb_expire_time": 1699718400, "block_word": 1, "block_app": 1, "chaohua_ability": 0, "brand_ability": 0, "nft_ability": 0, "vplus_ability": 1, "wenda_ability": 0, "live_ability": 0, "gongyi_ability": 0, "paycolumn_ability": 1, "newbrand_ability": 0, "ecommerce_ability": 0, "hardfan_ability": 1, "wbcolumn_ability": 0, "credit_score": 80, "user_ability": -2136601076, "cardid": "star_1605", "avatargj_id": "gj_vip_422", "urank": 38, "story_read_state": -1, "verified_detail": {"custom": 1, "data": [{"key": 2, "sub_key": 0, "weight": 10, "desc": "搞笑幽默博主", "timestamp": 0}, {"key": 8, "sub_key": 0, "weight": 102, "desc": "超话主持人（剋剋很忙超话）", "timestamp": 1660409482}]}, "vclub_member": 0, "is_teenager": 0, "is_guardian": 0, "is_teenager_list": 0, "pc_new": 7, "special_follow": false, "planet_video": 2, "video_mark": 14, "live_status": 0, "user_ability_extend": 0, "video_cover": {"mid": 4793783411284752}, "status_total_counter": {"total_cnt": 2995686, "repost_cnt": 164416, "comment_cnt": 211340, "like_cnt": 1047178, "comment_like_cnt": 1572752}, "video_total_counter": {"play_cnt": 87270908}, "brand_account": 0, "hongbaofei": 0, "tab_manage": "[0, 0]", "reward_status": 0, "green_mode": 0, "urisk": 0, "unfollowing_recom_switch": 1, "avatar_type": 0}, "annotations": [{}, {"ann_ext": "ann_ext:search|t:3|creator_source:bottomsendweibo"}, {"client_mblogid": "iPhone-CFE666DF-7437-4740-A178-65FCA3769DFC"}, {"mapi_request": true}], "reposts_count": 0, "comments_count": 0, "reprint_cmt_count": 0, "attitudes_count": 0, "pending_approval_count": 0, "isLongText": false, "reward_exhibition_type": 0, "hide_flag": 0, "mlevel": 128, "show_mlevel": 0, "biz_ids": [230444], "biz_feature": 4294967304, "page_type": 64, "hasActionTypeCard": 0, "darwin_tags": [], "hot_weibo_tags": [], "text_tag_tips": [], "mblogtype": 0, "userType": 0, "mlevelSource": "monitor", "more_info_type": 0, "cardid": "star_1605", "number_display_strategy": {"apply_scenario_flag": 3, "display_text_min_number": 1000000, "display_text": "100万+"}, "positive_recom_flag": 0, "content_auth": 0, "gif_ids": "", "is_show_bulletin": 2, "comment_manage_info": {"comment_permission_type": -1, "approval_comment_type": 0, "comment_sort_type": 0, "ai_play_picture_type": 0}, "pic_num": 0, "fid": 4809588980580419, "can_reprint": false, "new_comment_style": 0}, "reply_comment": {"created_at": "Sat Sep 03 12:44:39 +0800 2022", "id": 4809595043976553, "rootid": 4809591935732057, "rootidstr": "4809591935732057", "floor_number": 0, "text": "回复@丁丁850723:东北真有女的说话这样么，我好像不是个东北人[允悲]", "disable_reply": 0, "restrictOperate": 0, "user": {"id": 1899171985, "idstr": "1899171985", "class": 1, "screen_name": "凯琦琦琦biu", "name": "凯琦琦琦biu", "province": "33", "city": "1", "location": "浙江 杭州", "description": "心想事成，万事如意", "url": "", "profile_image_url": "https://tvax1.sinaimg.cn/crop.0.0.828.828.50/71331091ly8gpax5gg5dyj20n00n0jsg.jpg?KID=imgbed,tva&Expires=1674069717&ssig=HMYdvmuzD9", "light_ring": false, "cover_image_phone": "https://ww1.sinaimg.cn/crop.0.0.640.640.640/549d0121tw1egm1kjly3jj20hs0hsq4f.jpg", "profile_url": "u/1899171985", "domain": "", "weihao": "", "gender": "f", "followers_count": 393, "followers_count_str": "393", "friends_count": 275, "pagefriends_count": 15, "statuses_count": 739, "video_status_count": 8, "video_play_count": 0, "super_topic_not_syn_count": 0, "favourites_count": 33, "created_at": "Tue Dec 21 19:02:55 +0800 2010", "following": false, "allow_all_act_msg": false, "geo_enabled": true, "verified": false, "verified_type": -1, "remark": "", "insecurity": {"sexual_content": false}, "ptype": 0, "allow_all_comment": true, "avatar_large": "https://tvax1.sinaimg.cn/crop.0.0.828.828.180/71331091ly8gpax5gg5dyj20n00n0jsg.jpg?KID=imgbed,tva&Expires=1674069717&ssig=7x27vHDMr1", "avatar_hd": "https://tvax1.sinaimg.cn/crop.0.0.828.828.1024/71331091ly8gpax5gg5dyj20n00n0jsg.jpg?KID=imgbed,tva&Expires=1674069717&ssig=GEJ4CtXjG%2B", "verified_reason": "", "verified_trade": "", "verified_reason_url": "", "verified_source": "", "verified_source_url": "", "follow_me": false, "like": false, "like_me": false, "online_status": 0, "bi_followers_count": 38, "lang": "zh-cn", "star": 0, "mbtype": 0, "mbrank": 0, "svip": 0, "mb_expire_time": 0, "block_word": 0, "block_app": 0, "credit_score": 80, "user_ability": 35913728, "cardid": "star_11247_common", "urank": 30, "story_read_state": -1, "vclub_member": 0, "is_teenager": 0, "is_guardian": 0, "is_teenager_list": 0, "pc_new": 0, "special_follow": false, "planet_video": 0, "video_mark": 0, "live_status": 0, "user_ability_extend": 0, "status_total_counter": {"total_cnt": 4314, "repost_cnt": 121, "comment_cnt": 985, "like_cnt": 2921, "comment_like_cnt": 287}, "video_total_counter": {"play_cnt": 6928}, "brand_account": 0, "hongbaofei": 0, "tab_manage": "[0, 0]", "green_mode": 0, "urisk": 8589934592, "unfollowing_recom_switch": 1, "block": 0, "block_me": 0, "avatar_type": 0}, "mid": "4809595043976553", "idstr": "4809595043976553", "match_ai_play_picture": false}, "reply_original_text": "真的东北人说话不这么样啊", "readtimetype": "comment", "match_ai_play_picture": false}