{"created_at": "Tue Sep 06 07:50:21 +0800 2022", "id": 4810608145335226, "rootid": 4809591935732057, "rootidstr": "4809591935732057", "floor_number": 0, "text": "回复@岸上小c:我龙凤的，我定到菜了，需要联系方式啥的不", "disable_reply": 0, "restrictOperate": 0, "source_allowclick": 0, "source_type": 4, "source": "<a href=\"\" rel=\"nofollow\">来自黑龙江</a>", "user": {"id": 3976949596, "idstr": "3976949596", "class": 1, "screen_name": "来喝温开水", "name": "来喝温开水", "province": "400", "city": "1000", "location": "海外", "description": "下班了快跑", "url": "", "profile_image_url": "https://tvax1.sinaimg.cn/crop.0.0.1080.1080.50/ed0b6f5cly8h8my9vfijmj20u00u0n0l.jpg?KID=imgbed,tva&Expires=1674069690&ssig=KmNDH6z4nz", "light_ring": false, "cover_image_phone": "https://ww1.sinaimg.cn/crop.0.0.640.640.640/9d44112bjw1f1xl1c10tuj20hs0hs0tw.jpg", "profile_url": "u/3976949596", "domain": "", "weihao": "", "gender": "f", "followers_count": 1031, "followers_count_str": "1031", "friends_count": 43, "pagefriends_count": 1, "statuses_count": 15, "video_status_count": 2, "video_play_count": 0, "super_topic_not_syn_count": 0, "favourites_count": 0, "created_at": "Sun Jan 12 12:14:03 +0800 2014", "following": false, "allow_all_act_msg": false, "geo_enabled": true, "verified": false, "verified_type": 200, "remark": "", "insecurity": {"sexual_content": false}, "ptype": 0, "allow_all_comment": true, "avatar_large": "https://tvax1.sinaimg.cn/crop.0.0.1080.1080.180/ed0b6f5cly8h8my9vfijmj20u00u0n0l.jpg?KID=imgbed,tva&Expires=1674069690&ssig=CRVjiGuUJz", "avatar_hd": "https://tvax1.sinaimg.cn/crop.0.0.1080.1080.1024/ed0b6f5cly8h8my9vfijmj20u00u0n0l.jpg?KID=imgbed,tva&Expires=1674069690&ssig=mb%2BZqukLtO", "verified_reason": "", "verified_trade": "", "verified_reason_url": "", "verified_source": "", "verified_source_url": "", "follow_me": false, "like": false, "like_me": false, "online_status": 0, "bi_followers_count": 33, "lang": "zh-cn", "star": 0, "mbtype": 2, "mbrank": 6, "svip": 0, "mb_expire_time": 1639411199, "block_word": 0, "block_app": 0, "chaohua_ability": 0, "brand_ability": 0, "nft_ability": 0, "vplus_ability": 0, "wenda_ability": 0, "live_ability": 0, "gongyi_ability": 0, "paycolumn_ability": 0, "newbrand_ability": 0, "ecommerce_ability": 0, "hardfan_ability": 0, "wbcolumn_ability": 0, "credit_score": 80, "user_ability": 2097152, "urank": 14, "story_read_state": -1, "vclub_member": 0, "is_teenager": 0, "is_guardian": 0, "is_teenager_list": 0, "pc_new": 7, "special_follow": false, "planet_video": 2, "video_mark": 2, "live_status": 0, "user_ability_extend": 0, "status_total_counter": {"total_cnt": 15, "repost_cnt": 0, "comment_cnt": 15, "like_cnt": 0, "comment_like_cnt": 0}, "video_total_counter": {"play_cnt": 563}, "brand_account": 0, "hongbaofei": 0, "tab_manage": "[4329441920, 0]", "reward_status": 0, "green_mode": 0, "urisk": 0, "unfollowing_recom_switch": 1, "avatar_type": 0}, "mid": "4810608145335226", "idstr": "4810608145335226", "status": {"visible": {"type": 0, "list_id": 0}, "created_at": "Sat Sep 03 12:21:13 +0800 2022", "id": 4809589147832610, "idstr": "4809589147832610", "mid": "4809589147832610", "edit_count": 1, "can_edit": false, "edit_at": "Sat Sep 03 12:37:09 +0800 2022", "version": 4, "show_additional_indication": 0, "text": "来自大庆市民琳琳的朋友圈\n我何德何能呀啊？全是托你的福 应急指挥部的领导给我送东西还一声一声领导叫着 \n疫情面前我才看出权势的重要性，有钱也买不来的温暖和满满的安全感有个在乎你吃的好不好知你冷暖的人才是最大的财富\n看来人的悲喜并不互通\n\n#大庆疫情防控##大庆疫情# http://t.cn/A6SpenAK ​", "textLength": 276, "source_allowclick": 0, "source_type": 1, "source": "<a href=\"http://app.weibo.com/t/feed/3j1mnL\" rel=\"nofollow\">iPhone 13 Pro Max</a>", "favorited": false, "truncated": false, "in_reply_to_status_id": "", "in_reply_to_user_id": "", "in_reply_to_screen_name": "", "pic_urls": [], "geo": null, "is_paid": false, "mblog_vip_type": 0, "user": {"id": 5409311003, "idstr": "5409311003", "class": 1, "screen_name": "剋剋很忙", "name": "剋剋很忙", "province": "33", "city": "1000", "location": "浙江", "description": "这里什么都有", "url": "", "profile_image_url": "https://tvax2.sinaimg.cn/crop.0.0.994.994.50/005U4UTFly8h51nhskx76j30rm0rmjtd.jpg?KID=imgbed,tva&Expires=1674069690&ssig=iomKIV9aXv", "light_ring": false, "cover_image_phone": "https://wx3.sinaimg.cn/crop.0.0.640.640.640/005U4UTFgy1gtbib9mhprj30yi0yigr1.jpg", "profile_url": "u/5409311003", "domain": "", "weihao": "", "gender": "m", "followers_count": 367108, "followers_count_str": "36.7万", "friends_count": 110, "pagefriends_count": 51, "statuses_count": 2559, "video_status_count": 1220, "video_play_count": 0, "super_topic_not_syn_count": 1, "favourites_count": 5, "created_at": "Sat Jan 03 23:21:56 +0800 2015", "following": false, "allow_all_act_msg": false, "geo_enabled": true, "verified": true, "verified_type": 0, "remark": "", "insecurity": {"sexual_content": false}, "ptype": 0, "allow_all_comment": true, "avatar_large": "https://tvax2.sinaimg.cn/crop.0.0.994.994.180/005U4UTFly8h51nhskx76j30rm0rmjtd.jpg?KID=imgbed,tva&Expires=1674069690&ssig=dncdg9AZzE", "avatar_hd": "https://tvax2.sinaimg.cn/crop.0.0.994.994.1024/005U4UTFly8h51nhskx76j30rm0rmjtd.jpg?KID=imgbed,tva&Expires=1674069690&ssig=IRJnX7ccSN", "verified_reason": "搞笑幽默博主 超话主持人（剋剋很忙超话）", "verified_trade": "", "verified_reason_url": "", "verified_source": "", "verified_source_url": "", "verified_state": 0, "verified_level": 3, "verified_type_ext": 1, "has_service_tel": false, "verified_reason_modified": "", "verified_contact_name": "", "verified_contact_email": "", "verified_contact_mobile": "", "follow_me": false, "like": false, "like_me": false, "online_status": 0, "bi_followers_count": 34, "lang": "zh-cn", "star": 0, "mbtype": 12, "mbrank": 8, "svip": 1, "mb_expire_time": 1699718400, "block_word": 1, "block_app": 1, "chaohua_ability": 0, "brand_ability": 0, "nft_ability": 0, "vplus_ability": 1, "wenda_ability": 0, "live_ability": 0, "gongyi_ability": 0, "paycolumn_ability": 1, "newbrand_ability": 0, "ecommerce_ability": 0, "hardfan_ability": 1, "wbcolumn_ability": 0, "credit_score": 80, "user_ability": -2136601076, "cardid": "star_1605", "avatargj_id": "gj_vip_422", "urank": 38, "story_read_state": -1, "verified_detail": {"custom": 1, "data": [{"key": 2, "sub_key": 0, "weight": 10, "desc": "搞笑幽默博主", "timestamp": 0}, {"key": 8, "sub_key": 0, "weight": 102, "desc": "超话主持人（剋剋很忙超话）", "timestamp": 1660409482}]}, "vclub_member": 0, "is_teenager": 0, "is_guardian": 0, "is_teenager_list": 0, "pc_new": 7, "special_follow": false, "planet_video": 2, "video_mark": 14, "live_status": 0, "user_ability_extend": 0, "video_cover": {"mid": 4793783411284752}, "status_total_counter": {"total_cnt": 2995686, "repost_cnt": 164416, "comment_cnt": 211340, "like_cnt": 1047178, "comment_like_cnt": 1572752}, "video_total_counter": {"play_cnt": 87270908}, "brand_account": 0, "hongbaofei": 0, "tab_manage": "[0, 0]", "reward_status": 0, "green_mode": 0, "urisk": 0, "unfollowing_recom_switch": 1, "avatar_type": 0}, "annotations": [{}, {"ann_ext": "ann_ext:search|t:3|creator_source:bottomsendweibo"}, {"client_mblogid": "iPhone-CFE666DF-7437-4740-A178-65FCA3769DFC"}, {"mapi_request": true}], "reposts_count": 0, "comments_count": 0, "reprint_cmt_count": 0, "attitudes_count": 0, "pending_approval_count": 0, "isLongText": false, "reward_exhibition_type": 0, "hide_flag": 0, "mlevel": 128, "show_mlevel": 0, "biz_ids": [230444], "biz_feature": 4294967304, "page_type": 64, "hasActionTypeCard": 0, "darwin_tags": [], "hot_weibo_tags": [], "text_tag_tips": [], "mblogtype": 0, "userType": 0, "mlevelSource": "monitor", "more_info_type": 0, "cardid": "star_1605", "number_display_strategy": {"apply_scenario_flag": 3, "display_text_min_number": 1000000, "display_text": "100万+"}, "positive_recom_flag": 0, "content_auth": 0, "gif_ids": "", "is_show_bulletin": 2, "comment_manage_info": {"comment_permission_type": -1, "approval_comment_type": 0, "comment_sort_type": 0, "ai_play_picture_type": 0}, "pic_num": 0, "fid": 4809588980580419, "can_reprint": false, "new_comment_style": 0}, "reply_comment": {"created_at": "Sun Sep 04 12:38:11 +0800 2022", "id": 4809955809165780, "rootid": 4809591935732057, "rootidstr": "4809591935732057", "floor_number": 0, "text": "回复@丁丁850723:[泪]我也是，龙凤区一次蔬菜包都没给，线上线下都订不到菜", "disable_reply": 0, "restrictOperate": 0, "comment_badge": [{"pic_url": "https://h5.sinaimg.cn/upload/114/962/2022/07/08/member_0_bigfan1_1.png", "name": "loyal_fans", "length": 1.33, "actionlog": {"act_code": "3671", "ext": "status:fans"}, "scheme": "https://kefu.weibo.com/faqdetail?id=20848", "new_icon": true}], "user": {"id": 7350804343, "idstr": "7350804343", "class": 1, "screen_name": "岸上小c", "name": "岸上小c", "province": "100", "city": "1000", "location": "其他", "description": "", "url": "", "profile_image_url": "https://tvax3.sinaimg.cn/crop.0.0.1080.1080.50/0081te0nly8h5keqyegivj30u00u0gor.jpg?KID=imgbed,tva&Expires=1674069690&ssig=hPcrDCC%2BYo", "light_ring": false, "profile_url": "u/7350804343", "domain": "", "weihao": "", "gender": "f", "followers_count": 1, "followers_count_str": "1", "friends_count": 130, "pagefriends_count": 5, "statuses_count": 565, "video_status_count": 1, "video_play_count": 0, "super_topic_not_syn_count": 0, "favourites_count": 2, "created_at": "Sun Dec 08 13:18:30 +0800 2019", "following": false, "allow_all_act_msg": false, "geo_enabled": true, "verified": false, "verified_type": -1, "remark": "", "insecurity": {"sexual_content": false}, "ptype": 0, "allow_all_comment": true, "avatar_large": "https://tvax3.sinaimg.cn/crop.0.0.1080.1080.180/0081te0nly8h5keqyegivj30u00u0gor.jpg?KID=imgbed,tva&Expires=1674069690&ssig=t1tUeKv%2BHD", "avatar_hd": "https://tvax3.sinaimg.cn/crop.0.0.1080.1080.1024/0081te0nly8h5keqyegivj30u00u0gor.jpg?KID=imgbed,tva&Expires=1674069690&ssig=tvC%2Bylnqt4", "verified_reason": "", "verified_trade": "", "verified_reason_url": "", "verified_source": "", "verified_source_url": "", "follow_me": false, "like": false, "like_me": false, "online_status": 0, "bi_followers_count": 0, "lang": "zh-cn", "star": 0, "mbtype": 0, "mbrank": 0, "svip": 0, "mb_expire_time": 0, "block_word": 0, "block_app": 0, "chaohua_ability": 0, "brand_ability": 0, "nft_ability": 0, "vplus_ability": 0, "wenda_ability": 0, "live_ability": 0, "gongyi_ability": 0, "paycolumn_ability": 0, "newbrand_ability": 0, "ecommerce_ability": 0, "hardfan_ability": 0, "wbcolumn_ability": 0, "credit_score": 80, "user_ability": 2359296, "urank": 0, "story_read_state": -1, "vclub_member": 0, "is_teenager": 0, "is_guardian": 0, "is_teenager_list": 0, "pc_new": 0, "special_follow": false, "planet_video": 2, "video_mark": 0, "live_status": 0, "user_ability_extend": 0, "status_total_counter": {"total_cnt": 29, "repost_cnt": 2, "comment_cnt": 12, "like_cnt": 14, "comment_like_cnt": 1}, "video_total_counter": {"play_cnt": 478}, "brand_account": 0, "hongbaofei": 0, "tab_manage": "[0, 0]", "reward_status": 0, "green_mode": 0, "urisk": 17180393472, "unfollowing_recom_switch": 1, "avatar_type": 0}, "mid": "4809955809165780", "idstr": "4809955809165780", "match_ai_play_picture": false}, "reply_original_text": "我龙凤的，我定到菜了，需要联系方式啥的不", "readtimetype": "comment", "match_ai_play_picture": false}