{"created_at": "Sun Sep 04 18:31:03 +0800 2022", "id": 4810044607039180, "rootid": 4810044607039180, "rootidstr": "4810044607039180", "floor_number": 220, "text": "我之前进来快3000了，现在800多，神奇神奇啊", "disable_reply": 0, "restrictOperate": 0, "source_allowclick": 0, "source_type": 4, "source": "<a href=\"\" rel=\"nofollow\">来自黑龙江</a>", "user": {"id": 2682771752, "idstr": "2682771752", "class": 1, "screen_name": "掌心里的流年-jiao", "name": "掌心里的流年-jiao", "province": "23", "city": "1", "location": "黑龙江 哈尔滨", "description": "爱自己，世界会更爱你！", "url": "", "profile_image_url": "https://tvax3.sinaimg.cn/crop.0.0.1080.1080.50/9fe7d928ly8h0h9fdccdmj20u00u0q9a.jpg?KID=imgbed,tva&Expires=1674069690&ssig=kj9p7y7Zn5", "light_ring": false, "cover_image_phone": "https://ww3.sinaimg.cn/crop.0.0.640.640/6ce2240djw1e9uwsjwemzj20hs0hs41z.jpg", "profile_url": "u/2682771752", "domain": "", "weihao": "", "gender": "f", "followers_count": 324, "followers_count_str": "324", "friends_count": 1131, "pagefriends_count": 76, "statuses_count": 3136, "video_status_count": 19, "video_play_count": 0, "super_topic_not_syn_count": 0, "favourites_count": 471, "created_at": "Tue Jan 24 14:41:36 +0800 2012", "following": false, "allow_all_act_msg": false, "geo_enabled": true, "verified": false, "verified_type": -1, "remark": "", "insecurity": {"sexual_content": false}, "ptype": 0, "allow_all_comment": true, "avatar_large": "https://tvax3.sinaimg.cn/crop.0.0.1080.1080.180/9fe7d928ly8h0h9fdccdmj20u00u0q9a.jpg?KID=imgbed,tva&Expires=1674069690&ssig=LDj26qK0TY", "avatar_hd": "https://tvax3.sinaimg.cn/crop.0.0.1080.1080.1024/9fe7d928ly8h0h9fdccdmj20u00u0q9a.jpg?KID=imgbed,tva&Expires=1674069690&ssig=JOjkSXL0bp", "verified_reason": "", "verified_trade": "", "verified_reason_url": "", "verified_source": "", "verified_source_url": "", "follow_me": false, "like": false, "like_me": false, "online_status": 0, "bi_followers_count": 69, "lang": "zh-cn", "star": 0, "mbtype": 0, "mbrank": 0, "svip": 0, "mb_expire_time": 0, "block_word": 0, "block_app": 0, "chaohua_ability": 0, "brand_ability": 0, "nft_ability": 0, "vplus_ability": 0, "wenda_ability": 0, "live_ability": 0, "gongyi_ability": 0, "paycolumn_ability": 0, "newbrand_ability": 0, "ecommerce_ability": 0, "hardfan_ability": 0, "wbcolumn_ability": 0, "credit_score": 80, "user_ability": 3407872, "cardid": "star_11247_common", "urank": 40, "story_read_state": -1, "vclub_member": 0, "is_teenager": 0, "is_guardian": 0, "is_teenager_list": 0, "pc_new": 7, "special_follow": false, "planet_video": 2, "video_mark": 2, "live_status": 0, "user_ability_extend": 0, "status_total_counter": {"total_cnt": 1629, "repost_cnt": 164, "comment_cnt": 385, "like_cnt": 1063, "comment_like_cnt": 17}, "video_total_counter": {"play_cnt": 2249}, "brand_account": 0, "hongbaofei": 0, "tab_manage": "[0, 0]", "reward_status": 0, "green_mode": 0, "urisk": 0, "unfollowing_recom_switch": 1, "avatar_type": 0}, "mid": "4810044607039180", "idstr": "4810044607039180", "status": {"visible": {"type": 0, "list_id": 0}, "created_at": "Sat Sep 03 12:21:13 +0800 2022", "id": 4809589147832610, "idstr": "4809589147832610", "mid": "4809589147832610", "edit_count": 1, "can_edit": false, "edit_at": "Sat Sep 03 12:37:09 +0800 2022", "version": 4, "show_additional_indication": 0, "text": "来自大庆市民琳琳的朋友圈\n我何德何能呀啊？全是托你的福 应急指挥部的领导给我送东西还一声一声领导叫着 \n疫情面前我才看出权势的重要性，有钱也买不来的温暖和满满的安全感有个在乎你吃的好不好知你冷暖的人才是最大的财富\n看来人的悲喜并不互通\n\n#大庆疫情防控##大庆疫情# http://t.cn/A6SpenAK ​", "textLength": 276, "source_allowclick": 0, "source_type": 1, "source": "<a href=\"http://app.weibo.com/t/feed/3j1mnL\" rel=\"nofollow\">iPhone 13 Pro Max</a>", "favorited": false, "truncated": false, "in_reply_to_status_id": "", "in_reply_to_user_id": "", "in_reply_to_screen_name": "", "pic_urls": [], "geo": null, "is_paid": false, "mblog_vip_type": 0, "user": {"id": 5409311003, "idstr": "5409311003", "class": 1, "screen_name": "剋剋很忙", "name": "剋剋很忙", "province": "33", "city": "1000", "location": "浙江", "description": "这里什么都有", "url": "", "profile_image_url": "https://tvax2.sinaimg.cn/crop.0.0.994.994.50/005U4UTFly8h51nhskx76j30rm0rmjtd.jpg?KID=imgbed,tva&Expires=1674069690&ssig=iomKIV9aXv", "light_ring": false, "cover_image_phone": "https://wx3.sinaimg.cn/crop.0.0.640.640.640/005U4UTFgy1gtbib9mhprj30yi0yigr1.jpg", "profile_url": "u/5409311003", "domain": "", "weihao": "", "gender": "m", "followers_count": 367108, "followers_count_str": "36.7万", "friends_count": 110, "pagefriends_count": 51, "statuses_count": 2559, "video_status_count": 1220, "video_play_count": 0, "super_topic_not_syn_count": 1, "favourites_count": 5, "created_at": "Sat Jan 03 23:21:56 +0800 2015", "following": false, "allow_all_act_msg": false, "geo_enabled": true, "verified": true, "verified_type": 0, "remark": "", "insecurity": {"sexual_content": false}, "ptype": 0, "allow_all_comment": true, "avatar_large": "https://tvax2.sinaimg.cn/crop.0.0.994.994.180/005U4UTFly8h51nhskx76j30rm0rmjtd.jpg?KID=imgbed,tva&Expires=1674069690&ssig=dncdg9AZzE", "avatar_hd": "https://tvax2.sinaimg.cn/crop.0.0.994.994.1024/005U4UTFly8h51nhskx76j30rm0rmjtd.jpg?KID=imgbed,tva&Expires=1674069690&ssig=IRJnX7ccSN", "verified_reason": "搞笑幽默博主 超话主持人（剋剋很忙超话）", "verified_trade": "", "verified_reason_url": "", "verified_source": "", "verified_source_url": "", "verified_state": 0, "verified_level": 3, "verified_type_ext": 1, "has_service_tel": false, "verified_reason_modified": "", "verified_contact_name": "", "verified_contact_email": "", "verified_contact_mobile": "", "follow_me": false, "like": false, "like_me": false, "online_status": 0, "bi_followers_count": 34, "lang": "zh-cn", "star": 0, "mbtype": 12, "mbrank": 8, "svip": 1, "mb_expire_time": 1699718400, "block_word": 1, "block_app": 1, "chaohua_ability": 0, "brand_ability": 0, "nft_ability": 0, "vplus_ability": 1, "wenda_ability": 0, "live_ability": 0, "gongyi_ability": 0, "paycolumn_ability": 1, "newbrand_ability": 0, "ecommerce_ability": 0, "hardfan_ability": 1, "wbcolumn_ability": 0, "credit_score": 80, "user_ability": -2136601076, "cardid": "star_1605", "avatargj_id": "gj_vip_422", "urank": 38, "story_read_state": -1, "verified_detail": {"custom": 1, "data": [{"key": 2, "sub_key": 0, "weight": 10, "desc": "搞笑幽默博主", "timestamp": 0}, {"key": 8, "sub_key": 0, "weight": 102, "desc": "超话主持人（剋剋很忙超话）", "timestamp": 1660409482}]}, "vclub_member": 0, "is_teenager": 0, "is_guardian": 0, "is_teenager_list": 0, "pc_new": 7, "special_follow": false, "planet_video": 2, "video_mark": 14, "live_status": 0, "user_ability_extend": 0, "video_cover": {"mid": 4793783411284752}, "status_total_counter": {"total_cnt": 2995686, "repost_cnt": 164416, "comment_cnt": 211340, "like_cnt": 1047178, "comment_like_cnt": 1572752}, "video_total_counter": {"play_cnt": 87270908}, "brand_account": 0, "hongbaofei": 0, "tab_manage": "[0, 0]", "reward_status": 0, "green_mode": 0, "urisk": 0, "unfollowing_recom_switch": 1, "avatar_type": 0}, "annotations": [{}, {"ann_ext": "ann_ext:search|t:3|creator_source:bottomsendweibo"}, {"client_mblogid": "iPhone-CFE666DF-7437-4740-A178-65FCA3769DFC"}, {"mapi_request": true}], "reposts_count": 0, "comments_count": 0, "reprint_cmt_count": 0, "attitudes_count": 0, "pending_approval_count": 0, "isLongText": false, "reward_exhibition_type": 0, "hide_flag": 0, "mlevel": 128, "show_mlevel": 0, "biz_ids": [230444], "biz_feature": 4294967304, "page_type": 64, "hasActionTypeCard": 0, "darwin_tags": [], "hot_weibo_tags": [], "text_tag_tips": [], "mblogtype": 0, "userType": 0, "mlevelSource": "monitor", "more_info_type": 0, "cardid": "star_1605", "number_display_strategy": {"apply_scenario_flag": 3, "display_text_min_number": 1000000, "display_text": "100万+"}, "positive_recom_flag": 0, "content_auth": 0, "gif_ids": "", "is_show_bulletin": 2, "comment_manage_info": {"comment_permission_type": -1, "approval_comment_type": 0, "comment_sort_type": 0, "ai_play_picture_type": 0}, "pic_num": 0, "fid": 4809588980580419, "can_reprint": false, "new_comment_style": 0}, "readtimetype": "comment", "match_ai_play_picture": false}