{"created_at": "Thu Dec 29 12:46:07 +0800 2022", "id": 4851994797802117, "rootid": 4851994797802117, "rootidstr": "4851994797802117", "floor_number": 24, "text": "来了", "disable_reply": 0, "restrictOperate": 0, "source_allowclick": 0, "source_type": 4, "source": "<a href=\"\" rel=\"nofollow\">来自青海</a>", "comment_badge": [{"pic_url": "https://h5.sinaimg.cn/upload/114/962/2022/07/08/member_2_bigfan1_2.png", "name": "loyal_fans", "length": 1.33, "actionlog": {"act_code": "3671", "ext": "status:fans"}, "scheme": "https://kefu.weibo.com/faqdetail?id=20848", "new_icon": true}], "user": {"id": 7725812921, "idstr": "7725812921", "class": 1, "screen_name": "情深东海", "name": "情深东海", "province": "100", "city": "1000", "location": "其他", "description": "爱生活，爱摄影，关注国防，关注美好，关注自己。珍惜每一次的相遇，与美好生活，与美丽风景，与充满正能量的你。", "url": "", "profile_image_url": "https://tvax3.sinaimg.cn/crop.0.0.132.99.50/008qQIRPly4gwzqzsn23cj303o02rq2s.jpg?KID=imgbed,tva&Expires=1673967643&ssig=G04i8bvWO8", "light_ring": false, "cover_image_phone": "https://ww1.sinaimg.cn/crop.0.0.640.640.640/549d0121tw1egm1kjly3jj20hs0hsq4f.jpg", "profile_url": "u/7725812921", "domain": "", "weihao": "", "gender": "m", "followers_count": 12250, "followers_count_str": "1.2万", "friends_count": 890, "pagefriends_count": 17, "statuses_count": 4196, "video_status_count": 114, "video_play_count": 0, "super_topic_not_syn_count": 0, "favourites_count": 68, "created_at": "Thu Dec 02 20:12:02 +0800 2021", "following": false, "allow_all_act_msg": false, "geo_enabled": true, "verified": true, "verified_type": 0, "remark": "", "insecurity": {"sexual_content": false}, "ptype": 0, "allow_all_comment": true, "avatar_large": "https://tvax3.sinaimg.cn/crop.0.0.132.99.180/008qQIRPly4gwzqzsn23cj303o02rq2s.jpg?KID=imgbed,tva&Expires=1673967643&ssig=7zYqasc0S4", "avatar_hd": "https://tvax3.sinaimg.cn/crop.0.0.132.99.1024/008qQIRPly4gwzqzsn23cj303o02rq2s.jpg?KID=imgbed,tva&Expires=1673967643&ssig=pl0meMM0KO", "verified_reason": "微博原创视频博主", "verified_trade": "", "verified_reason_url": "", "verified_source": "", "verified_source_url": "", "verified_state": 0, "verified_level": 3, "verified_type_ext": 0, "has_service_tel": false, "verified_reason_modified": "", "verified_contact_name": "", "verified_contact_email": "", "verified_contact_mobile": "", "follow_me": false, "like": false, "like_me": false, "online_status": 0, "bi_followers_count": 499, "lang": "zh-cn", "star": 0, "mbtype": 12, "mbrank": 2, "svip": 0, "mb_expire_time": 1703260800, "block_word": 0, "block_app": 1, "chaohua_ability": 0, "brand_ability": 0, "nft_ability": 0, "vplus_ability": 0, "wenda_ability": 0, "live_ability": 0, "gongyi_ability": 0, "paycolumn_ability": 0, "newbrand_ability": 0, "ecommerce_ability": 0, "hardfan_ability": 0, "wbcolumn_ability": 0, "credit_score": 80, "user_ability": 2359304, "cardid": "star_112474433694", "avatargj_id": "gj_vip_375", "urank": 0, "story_read_state": -1, "verified_detail": {"custom": 0, "data": [{"key": 16, "sub_key": 1, "weight": 103, "desc": "微博原创视频博主", "timestamp": 1673666900}]}, "vclub_member": 0, "is_teenager": 0, "is_guardian": 0, "is_teenager_list": 0, "pc_new": 7, "special_follow": false, "planet_video": 2, "video_mark": 0, "live_status": 0, "user_ability_extend": 0, "video_cover": {"mid": 4832169232433398}, "status_total_counter": {"total_cnt": 5258, "repost_cnt": 770, "comment_cnt": 1444, "like_cnt": 2242, "comment_like_cnt": 802}, "video_total_counter": {"play_cnt": 146457}, "brand_account": 0, "hongbaofei": 0, "tab_manage": "[0, 0]", "reward_status": 0, "green_mode": 0, "mb_like_privilege": {"like_id": "0041_111", "like_desc": ""}, "urisk": 8589934592, "avatar_type": 0}, "mid": "4851994797802117", "idstr": "4851994797802117", "status": {"visible": {"type": 0, "list_id": 0}, "created_at": "Thu Dec 29 10:46:33 +0800 2022", "id": 4851964704196946, "idstr": "4851964704196946", "mid": "4851964704196946", "can_edit": false, "version": 1, "show_additional_indication": 0, "text": "#老人感染新冠不要忽视胸闷气短症状#\n\n但有很多疾病会导致胸闷气短，最常见的是心血管疾病，胸闷气短也有可能是其他器官出现了病变。胸闷、气短，有可能与三类疾病有关，这些你知道吗?\n#尚学老兵# |#尚学中国##尚学[超话]#\n\n http://t.cn/A6K1Ui58 ​", "textLength": 229, "source_allowclick": 1, "source_type": 2, "source": "", "favorited": false, "truncated": false, "in_reply_to_status_id": "", "in_reply_to_user_id": "", "in_reply_to_screen_name": "", "pic_urls": [], "geo": null, "is_paid": false, "mblog_vip_type": 0, "user": {"id": 2363567645, "idstr": "2363567645", "class": 1, "screen_name": "娓娓道指", "name": "娓娓道指", "province": "14", "city": "1000", "location": "山西", "description": "免责声明:本博专注中华传统文化宣传，弘扬正能量。博文文案和视频大多转自网络，不代表本人观点，版权属于原作者，如有侵权，请联系小编删除。", "url": "", "profile_image_url": "https://tvax3.sinaimg.cn/crop.0.0.633.633.50/8ce12e1dly8h72j31g3rij20hl0hlaak.jpg?KID=imgbed,tva&Expires=1673967643&ssig=0q61eovxmo", "light_ring": false, "cover_image_phone": "https://ww1.sinaimg.cn/crop.0.0.640.640.640/549d0121tw1egm1kjly3jj20hs0hsq4f.jpg", "profile_url": "u/2363567645", "domain": "", "weihao": "", "gender": "m", "followers_count": 24273, "followers_count_str": "2.4万", "friends_count": 5897, "pagefriends_count": 30, "statuses_count": 4919, "video_status_count": 1670, "video_play_count": 0, "super_topic_not_syn_count": 17, "favourites_count": 14, "created_at": "Sat Sep 17 08:49:49 +0800 2011", "following": false, "allow_all_act_msg": false, "geo_enabled": true, "verified": true, "verified_type": 0, "remark": "", "insecurity": {"sexual_content": false}, "ptype": 0, "allow_all_comment": true, "avatar_large": "https://tvax3.sinaimg.cn/crop.0.0.633.633.180/8ce12e1dly8h72j31g3rij20hl0hlaak.jpg?KID=imgbed,tva&Expires=1673967643&ssig=cDDqfgGnMk", "avatar_hd": "https://tvax3.sinaimg.cn/crop.0.0.633.633.1024/8ce12e1dly8h72j31g3rij20hl0hlaak.jpg?KID=imgbed,tva&Expires=1673967643&ssig=ppc6h%2FphVg", "verified_reason": "超话主持人（尚学超话） 微博剪辑视频博主", "verified_trade": "", "verified_reason_url": "", "verified_source": "", "verified_source_url": "", "verified_state": 0, "verified_level": 3, "verified_type_ext": 1, "has_service_tel": false, "verified_reason_modified": "", "verified_contact_name": "", "verified_contact_email": "", "verified_contact_mobile": "", "follow_me": false, "like": false, "like_me": false, "online_status": 0, "bi_followers_count": 5827, "lang": "zh-cn", "star": 0, "mbtype": 12, "mbrank": 3, "svip": 1, "mb_expire_time": 1683388800, "block_word": 0, "block_app": 1, "chaohua_ability": 0, "brand_ability": 0, "nft_ability": 0, "vplus_ability": 0, "wenda_ability": 5, "live_ability": 0, "gongyi_ability": 0, "paycolumn_ability": 0, "newbrand_ability": 0, "ecommerce_ability": 0, "hardfan_ability": 1, "wbcolumn_ability": 0, "credit_score": 80, "user_ability": -2136733144, "cardid": "star_1628", "avatargj_id": "gj_vip_011", "urank": 9, "story_read_state": -1, "verified_detail": {"custom": 0, "data": [{"key": 8, "sub_key": 0, "weight": 102, "desc": "超话主持人（尚学超话）", "timestamp": 0}, {"key": 16, "sub_key": 4, "weight": 103, "desc": "微博剪辑视频博主", "timestamp": 1672387995}]}, "vclub_member": 0, "is_teenager": 0, "is_guardian": 0, "is_teenager_list": 0, "pc_new": 7, "special_follow": false, "planet_video": 2, "video_mark": 0, "live_status": 0, "user_ability_extend": 0, "video_cover": {"mid": 4840452849928407}, "status_total_counter": {"total_cnt": 96177, "repost_cnt": 5050, "comment_cnt": 33099, "like_cnt": 26641, "comment_like_cnt": 31387}, "video_total_counter": {"play_cnt": 1020002}, "brand_account": 0, "hongbaofei": 0, "tab_manage": "[0, 0]", "reward_status": 0, "green_mode": 0, "urisk": 0, "avatar_type": 0}, "annotations": [{}, {"oid": "1022:2309404851964700655843", "type": "article"}, {"super_exparams": "{\"system_pic_only\":0}"}, {"shooting": 1, "client_mblogid": "6548372e-a064-4e6c-b335-b861843c3b8d"}, {"mapi_request": true}], "reposts_count": 0, "comments_count": 0, "reprint_cmt_count": 0, "attitudes_count": 0, "pending_approval_count": 0, "isLongText": false, "reward_exhibition_type": 0, "hide_flag": 0, "mlevel": 0, "show_mlevel": 0, "biz_ids": [230940], "biz_feature": 0, "topic_id": "1022:1008080446cdc99663dfc42b4750b7a95244f5", "sync_mblog": true, "is_imported_topic": false, "page_type": 96, "hasActionTypeCard": 0, "darwin_tags": [], "hot_weibo_tags": [], "text_tag_tips": [], "mblogtype": 0, "userType": 0, "more_info_type": 0, "cardid": "star_1393", "number_display_strategy": {"apply_scenario_flag": 3, "display_text_min_number": 1000000, "display_text": "100万+"}, "positive_recom_flag": 0, "content_auth": 0, "gif_ids": "", "is_show_bulletin": 2, "bus_flag": 32, "comment_manage_info": {"comment_permission_type": -1, "approval_comment_type": 0, "comment_sort_type": 0, "ai_play_picture_type": 0}, "pic_num": 0, "can_reprint": false, "new_comment_style": 0}, "readtimetype": "comment", "match_ai_play_picture": false}