{"created_at": "Tue Jun 21 06:55:42 +0800 2022", "id": 4782690530492427, "rootid": 4782574821446293, "rootidstr": "4782574821446293", "floor_number": 0, "text": "回复@橘子味的巧克力_:哈哈哈哈哈哈哈笑死在这层", "disable_reply": 0, "restrictOperate": 0, "source_allowclick": 0, "source_type": 4, "source": "<a href=\"\" rel=\"nofollow\">来自山东</a>", "comment_badge": [{"pic_url": "https://h5.sinaimg.cn/upload/114/962/2022/07/08/member_0_bigfan1_4.png", "name": "loyal_fans", "length": 1.33, "actionlog": {"act_code": "3671", "ext": "status:fans"}, "scheme": "https://kefu.weibo.com/faqdetail?id=20848", "new_icon": true}], "user": {"id": 5772064016, "idstr": "5772064016", "class": 1, "screen_name": "Bonyny", "name": "Bonyny", "province": "37", "city": "2", "location": "山东 青岛", "description": "花粉过敏患者", "url": "", "profile_image_url": "https://tva1.sinaimg.cn/crop.0.0.664.664.50/006iCZwIjw8f28bzemieej30ig0igab9.jpg?KID=imgbed,tva&Expires=1674110101&ssig=iquyz5W9Fn", "light_ring": false, "cover_image_phone": "https://ww1.sinaimg.cn/crop.0.0.640.640.640/549d0121tw1egm1kjly3jj20hs0hsq4f.jpg", "profile_url": "u/5772064016", "domain": "", "weihao": "", "gender": "m", "followers_count": 931, "followers_count_str": "931", "friends_count": 364, "pagefriends_count": 6, "statuses_count": 452, "video_status_count": 8, "video_play_count": 0, "super_topic_not_syn_count": 0, "favourites_count": 86, "created_at": "Thu Nov 26 10:58:15 +0800 2015", "following": false, "allow_all_act_msg": false, "geo_enabled": true, "verified": false, "verified_type": -1, "remark": "", "insecurity": {"sexual_content": false}, "ptype": 0, "allow_all_comment": true, "avatar_large": "https://tva1.sinaimg.cn/crop.0.0.664.664.180/006iCZwIjw8f28bzemieej30ig0igab9.jpg?KID=imgbed,tva&Expires=1674110101&ssig=rxIJZKM8SU", "avatar_hd": "https://tva1.sinaimg.cn/crop.0.0.664.664.1024/006iCZwIjw8f28bzemieej30ig0igab9.jpg?KID=imgbed,tva&Expires=1674110101&ssig=wrZX2XVFDW", "verified_reason": "", "verified_trade": "", "verified_reason_url": "", "verified_source": "", "verified_source_url": "", "follow_me": false, "like": false, "like_me": false, "online_status": 0, "bi_followers_count": 105, "lang": "zh-cn", "star": 0, "mbtype": 2, "mbrank": 1, "svip": 0, "mb_expire_time": 1573747199, "block_word": 0, "block_app": 0, "chaohua_ability": 0, "brand_ability": 0, "nft_ability": 0, "vplus_ability": 0, "wenda_ability": 0, "live_ability": 0, "gongyi_ability": 0, "paycolumn_ability": 0, "newbrand_ability": 0, "ecommerce_ability": 0, "hardfan_ability": 0, "wbcolumn_ability": 0, "credit_score": 80, "user_ability": 35914752, "avatargj_id": "gj_vip_021", "urank": 27, "story_read_state": -1, "vclub_member": 0, "is_teenager": 0, "is_guardian": 0, "is_teenager_list": 0, "pc_new": 0, "special_follow": false, "planet_video": 2, "video_mark": 2, "live_status": 0, "user_ability_extend": 0, "status_total_counter": {"total_cnt": 3315, "repost_cnt": 377, "comment_cnt": 909, "like_cnt": 2010, "comment_like_cnt": 19}, "video_total_counter": {"play_cnt": 5934}, "brand_account": 0, "hongbaofei": 0, "tab_manage": "[16910976, 0]", "reward_status": 0, "green_mode": 0, "urisk": 17179869184, "unfollowing_recom_switch": 1, "avatar_type": 0}, "mid": "4782690530492427", "idstr": "4782690530492427", "status": {"visible": {"type": 0, "list_id": 0}, "created_at": "Mon Jun 20 22:55:21 +0800 2022", "id": 4782569642003618, "idstr": "4782569642003618", "mid": "4782569642003618", "can_edit": false, "version": 2, "show_additional_indication": 0, "text": "买奔驰送女销售？（网友投稿） ​", "textLength": 28, "source_allowclick": 0, "source_type": 1, "source": "<a href=\"http://app.weibo.com/t/feed/6odKO1\" rel=\"nofollow\">iPhone X</a>", "favorited": false, "truncated": false, "in_reply_to_status_id": "", "in_reply_to_user_id": "", "in_reply_to_screen_name": "", "pic_urls": [{"thumbnail_pic": "http://wx3.sinaimg.cn/thumbnail/0083btndly1h3f3n9f8hwj30om1geaj7.jpg"}, {"thumbnail_pic": "http://wx4.sinaimg.cn/thumbnail/0083btndly1h3f3n9zl87j30om1g713s.jpg"}, {"thumbnail_pic": "http://wx1.sinaimg.cn/thumbnail/0083btndly1h3f3naf51hj30om1g5dod.jpg"}, {"thumbnail_pic": "http://wx3.sinaimg.cn/thumbnail/0083btndly1h3f3nay661j30oo1fxtgq.jpg"}, {"thumbnail_pic": "http://wx3.sinaimg.cn/thumbnail/0083btndly1h3f3nbhgrtj30u01fzdnc.jpg"}, {"thumbnail_pic": "http://wx4.sinaimg.cn/thumbnail/0083btndly1h3f3nchljtj30j013ogs9.jpg"}, {"thumbnail_pic": "http://wx4.sinaimg.cn/thumbnail/0083btndly1h3f3n91744j30oo1ftjz6.jpg"}, {"thumbnail_pic": "http://wx3.sinaimg.cn/thumbnail/0083btndly1h3f3nc5dj1j30j2145n3p.jpg"}], "thumbnail_pic": "http://wx3.sinaimg.cn/thumbnail/0083btndly1h3f3n9f8hwj30om1geaj7.jpg", "bmiddle_pic": "http://wx3.sinaimg.cn/bmiddle/0083btndly1h3f3n9f8hwj30om1geaj7.jpg", "original_pic": "http://wx3.sinaimg.cn/large/0083btndly1h3f3n9f8hwj30om1geaj7.jpg", "geo": null, "is_paid": false, "mblog_vip_type": 0, "user": {"id": 7376126187, "idstr": "7376126187", "class": 1, "screen_name": "细思极恐的怪谈", "name": "细思极恐的怪谈", "province": "44", "city": "1000", "location": "广东", "description": "细思极恐的怪谈：一个可以救你一命的微博。（举报者你M今晚必炸，谢谢）", "url": "", "profile_image_url": "https://tvax2.sinaimg.cn/crop.0.0.1080.1080.50/0083btndly8gigue7popoj30u00u0dif.jpg?KID=imgbed,tva&Expires=1674110101&ssig=hMl7shg6WR", "light_ring": false, "cover_image_phone": "https://wx3.sinaimg.cn/crop.0.0.640.640.640/0083btndly1gxci18yuo7j30v90v9myy.jpg;https://wx1.sinaimg.cn/crop.0.0.640.640.640/0083btndgy1ghtobtb2iwj30v90v93zh.jpg;https://wx3.sinaimg.cn/crop.0.0.640.640.640/0083btndgy1ghx42gws92j30v90v9mzr.jpg", "profile_url": "u/7376126187", "domain": "", "weihao": "", "gender": "f", "followers_count": 320162, "followers_count_str": "32万", "friends_count": 155, "pagefriends_count": 4, "statuses_count": 19235, "video_status_count": 15288, "video_play_count": 0, "super_topic_not_syn_count": 0, "favourites_count": 574, "created_at": "Wed Jan 22 11:47:44 +0800 2020", "following": false, "allow_all_act_msg": false, "geo_enabled": true, "verified": true, "verified_type": 0, "remark": "", "insecurity": {"sexual_content": false}, "ptype": 0, "allow_all_comment": true, "avatar_large": "https://tvax2.sinaimg.cn/crop.0.0.1080.1080.180/0083btndly8gigue7popoj30u00u0dif.jpg?KID=imgbed,tva&Expires=1674110101&ssig=nzEab8m5%2Fc", "avatar_hd": "https://tvax2.sinaimg.cn/crop.0.0.1080.1080.1024/0083btndly8gigue7popoj30u00u0dif.jpg?KID=imgbed,tva&Expires=1674110101&ssig=dDkrMViD1S", "verified_reason": "搞笑幽默博主 微博VLOG博主 微博原创视频博主", "verified_trade": "", "verified_reason_url": "", "verified_source": "", "verified_source_url": "", "verified_state": 0, "verified_level": 3, "verified_type_ext": 1, "has_service_tel": false, "verified_reason_modified": "", "verified_contact_name": "", "verified_contact_email": "", "verified_contact_mobile": "", "follow_me": false, "like": false, "like_me": false, "online_status": 0, "bi_followers_count": 36, "lang": "zh-cn", "star": 0, "mbtype": 11, "mbrank": 7, "svip": 0, "mb_expire_time": 1674489600, "block_word": 1, "block_app": 1, "chaohua_ability": 0, "brand_ability": 0, "nft_ability": 0, "vplus_ability": 1, "wenda_ability": 0, "live_ability": 0, "gongyi_ability": 0, "paycolumn_ability": 0, "newbrand_ability": 0, "ecommerce_ability": 0, "hardfan_ability": 1, "wbcolumn_ability": 0, "credit_score": 80, "user_ability": -2143944184, "urank": 0, "story_read_state": -1, "verified_detail": {"custom": 0, "data": [{"key": 16, "sub_key": 2, "weight": 103, "desc": "微博VLOG博主"}, {"key": 16, "sub_key": 1, "weight": 103, "desc": "微博原创视频博主"}, {"key": 2, "sub_key": 0, "weight": 101, "desc": "搞笑幽默博主"}]}, "vclub_member": 0, "is_teenager": 0, "is_guardian": 0, "is_teenager_list": 0, "pc_new": 6, "special_follow": false, "planet_video": 2, "video_mark": 15, "live_status": 0, "user_ability_extend": 0, "status_total_counter": {"total_cnt": 11142085, "repost_cnt": 366382, "comment_cnt": 1726558, "like_cnt": 2157899, "comment_like_cnt": 6891246}, "video_total_counter": {"play_cnt": 941071017}, "brand_account": 0, "hongbaofei": 0, "tab_manage": "[0, 0]", "reward_status": 0, "green_mode": 0, "urisk": 0, "unfollowing_recom_switch": 1, "avatar_type": 0}, "annotations": [{"photo_sub_type": "0,0,0,0,0,0,0,0"}, {}, {"client_mblogid": "iPhone-C7997171-DFBB-461E-83A4-E4338977A614"}, {"mapi_request": true}], "picStatus": "0:1,1:1,2:1,3:1,4:1,5:1,6:1,7:1", "reposts_count": 0, "comments_count": 0, "reprint_cmt_count": 0, "attitudes_count": 0, "pending_approval_count": 0, "isLongText": false, "reward_exhibition_type": 0, "hide_flag": 0, "mlevel": 128, "show_mlevel": 0, "biz_feature": 4294967300, "hasActionTypeCard": 0, "darwin_tags": [], "hot_weibo_tags": [], "text_tag_tips": [], "mblogtype": 0, "userType": 0, "mlevelSource": "monitor", "more_info_type": 0, "number_display_strategy": {"apply_scenario_flag": 3, "display_text_min_number": 1000000, "display_text": "100万+"}, "positive_recom_flag": 0, "content_auth": 0, "gif_ids": "", "is_show_bulletin": 2, "comment_manage_info": {"comment_permission_type": -1, "approval_comment_type": 0, "comment_sort_type": 0, "ai_play_picture_type": 0}, "pic_num": 8, "can_reprint": false, "new_comment_style": 0}, "reply_comment": {"created_at": "Mon Jun 20 23:15:56 +0800 2022", "id": 4782574821446293, "rootid": 4782574821446293, "rootidstr": "4782574821446293", "floor_number": 7, "text": "dy是什么啊", "disable_reply": 0, "restrictOperate": 0, "user": {"id": 5138640444, "idstr": "5138640444", "class": 1, "screen_name": "用户5138640444", "name": "用户5138640444", "province": "31", "city": "4", "location": "上海 徐汇区", "description": "记录美好生活", "url": "", "profile_image_url": "https://tvax2.sinaimg.cn/crop.0.0.512.512.50/005BLd7uly8h5ujpyw8ocj30e80e8758.jpg?KID=imgbed,tva&Expires=1674110101&ssig=rk13uIxJyt", "light_ring": false, "cover_image_phone": "https://ww1.sinaimg.cn/crop.0.0.640.640.640/549d0121tw1egm1kjly3jj20hs0hsq4f.jpg", "profile_url": "u/5138640444", "domain": "", "weihao": "", "gender": "f", "followers_count": 26, "followers_count_str": "26", "friends_count": 319, "pagefriends_count": 20, "statuses_count": 34, "video_status_count": 0, "video_play_count": 0, "super_topic_not_syn_count": 0, "favourites_count": 4, "created_at": "Sat May 10 23:02:37 +0800 2014", "following": false, "allow_all_act_msg": false, "geo_enabled": true, "verified": false, "verified_type": -1, "remark": "", "insecurity": {"sexual_content": false}, "ptype": 0, "allow_all_comment": false, "avatar_large": "https://tvax2.sinaimg.cn/crop.0.0.512.512.180/005BLd7uly8h5ujpyw8ocj30e80e8758.jpg?KID=imgbed,tva&Expires=1674110101&ssig=xwFTL3X7sD", "avatar_hd": "https://tvax2.sinaimg.cn/crop.0.0.512.512.1024/005BLd7uly8h5ujpyw8ocj30e80e8758.jpg?KID=imgbed,tva&Expires=1674110101&ssig=kQWXack5T2", "verified_reason": "", "verified_trade": "", "verified_reason_url": "", "verified_source": "", "verified_source_url": "", "follow_me": false, "like": false, "like_me": false, "online_status": 0, "bi_followers_count": 1, "lang": "zh-cn", "star": 0, "mbtype": 0, "mbrank": 0, "svip": 0, "mb_expire_time": 0, "block_word": 0, "block_app": 0, "credit_score": 80, "user_ability": 2098176, "urank": 9, "story_read_state": -1, "vclub_member": 0, "is_teenager": 0, "is_guardian": 0, "is_teenager_list": 0, "pc_new": 0, "special_follow": false, "planet_video": 0, "video_mark": 0, "live_status": 0, "user_ability_extend": 0, "status_total_counter": {"total_cnt": 72, "repost_cnt": 0, "comment_cnt": 0, "like_cnt": 72, "comment_like_cnt": 0}, "video_total_counter": {"play_cnt": -1}, "brand_account": 0, "hongbaofei": 0, "tab_manage": "[0, 0]", "green_mode": 0, "urisk": 0, "unfollowing_recom_switch": 1, "block": 0, "block_me": 0, "avatar_type": 0}, "mid": "4782574821446293", "idstr": "4782574821446293", "match_ai_play_picture": false}, "reply_original_text": "哈哈哈哈哈哈哈笑死在这层", "readtimetype": "comment", "match_ai_play_picture": false}