{"created_at": "Tue Jun 21 08:00:21 +0800 2022", "id": 4782706795743298, "rootid": 4782581591052445, "rootidstr": "4782581591052445", "floor_number": 0, "text": "回复@Mister-9527:正常且好看[doge]", "disable_reply": 0, "restrictOperate": 0, "source_allowclick": 0, "source_type": 4, "source": "<a href=\"\" rel=\"nofollow\">来自广西</a>", "comment_badge": [{"pic_url": "https://h5.sinaimg.cn/upload/114/962/2022/07/08/member_0_bigfan3_1.png", "name": "loyal_fans", "length": 1.33, "actionlog": {"act_code": "3671", "ext": "status:fans"}, "scheme": "https://kefu.weibo.com/faqdetail?id=20848", "new_icon": true}], "user": {"id": 1233966943, "idstr": "1233966943", "class": 1, "screen_name": "小流氓花", "name": "小流氓花", "province": "45", "city": "1000", "location": "广西", "description": "", "url": "http://weibo.com/1233966943", "profile_image_url": "https://tvax2.sinaimg.cn/crop.12.0.726.726.50/498cd75fly8ff3xnz5lfnj20ku0k6gmf.jpg?KID=imgbed,tva&Expires=1674110101&ssig=I41Eyw3oca", "light_ring": false, "cover_image_phone": "https://ww1.sinaimg.cn/crop.0.0.640.640.640/549d0121tw1egm1kjly3jj20hs0hsq4f.jpg", "profile_url": "xcy4168786", "domain": "xcy4168786", "weihao": "", "gender": "m", "followers_count": 200, "followers_count_str": "200", "friends_count": 142, "pagefriends_count": 8, "statuses_count": 465, "video_status_count": 0, "video_play_count": 0, "super_topic_not_syn_count": 0, "favourites_count": 8, "created_at": "Thu Jun 23 17:51:30 +0800 2011", "following": false, "allow_all_act_msg": false, "geo_enabled": true, "verified": false, "verified_type": -1, "remark": "", "insecurity": {"sexual_content": false}, "ptype": 0, "allow_all_comment": true, "avatar_large": "https://tvax2.sinaimg.cn/crop.12.0.726.726.180/498cd75fly8ff3xnz5lfnj20ku0k6gmf.jpg?KID=imgbed,tva&Expires=1674110101&ssig=4WZme0g3sw", "avatar_hd": "https://tvax2.sinaimg.cn/crop.12.0.726.726.1024/498cd75fly8ff3xnz5lfnj20ku0k6gmf.jpg?KID=imgbed,tva&Expires=1674110101&ssig=QvTLCqG998", "verified_reason": "", "verified_trade": "", "verified_reason_url": "", "verified_source": "", "verified_source_url": "", "follow_me": false, "like": false, "like_me": false, "online_status": 0, "bi_followers_count": 15, "lang": "zh-cn", "star": 0, "mbtype": 0, "mbrank": 0, "svip": 0, "mb_expire_time": 0, "block_word": 0, "block_app": 0, "chaohua_ability": 0, "brand_ability": 0, "nft_ability": 0, "vplus_ability": 0, "wenda_ability": 0, "live_ability": 0, "gongyi_ability": 0, "paycolumn_ability": 0, "newbrand_ability": 0, "ecommerce_ability": 0, "hardfan_ability": 0, "wbcolumn_ability": 0, "credit_score": 78, "user_ability": 2097152, "urank": 11, "story_read_state": -1, "vclub_member": 0, "is_teenager": 0, "is_guardian": 0, "is_teenager_list": 0, "pc_new": 0, "special_follow": false, "planet_video": 0, "video_mark": 0, "live_status": 0, "user_ability_extend": 0, "status_total_counter": {"total_cnt": 165, "repost_cnt": 57, "comment_cnt": 89, "like_cnt": 19, "comment_like_cnt": 0}, "video_total_counter": {"play_cnt": -1}, "brand_account": 0, "hongbaofei": 0, "tab_manage": "[0, 0]", "reward_status": 0, "green_mode": 0, "urisk": 0, "unfollowing_recom_switch": 1, "avatar_type": 0}, "mid": "4782706795743298", "idstr": "4782706795743298", "status": {"visible": {"type": 0, "list_id": 0}, "created_at": "Mon Jun 20 22:55:21 +0800 2022", "id": 4782569642003618, "idstr": "4782569642003618", "mid": "4782569642003618", "can_edit": false, "version": 2, "show_additional_indication": 0, "text": "买奔驰送女销售？（网友投稿） ​", "textLength": 28, "source_allowclick": 0, "source_type": 1, "source": "<a href=\"http://app.weibo.com/t/feed/6odKO1\" rel=\"nofollow\">iPhone X</a>", "favorited": false, "truncated": false, "in_reply_to_status_id": "", "in_reply_to_user_id": "", "in_reply_to_screen_name": "", "pic_urls": [{"thumbnail_pic": "http://wx3.sinaimg.cn/thumbnail/0083btndly1h3f3n9f8hwj30om1geaj7.jpg"}, {"thumbnail_pic": "http://wx4.sinaimg.cn/thumbnail/0083btndly1h3f3n9zl87j30om1g713s.jpg"}, {"thumbnail_pic": "http://wx1.sinaimg.cn/thumbnail/0083btndly1h3f3naf51hj30om1g5dod.jpg"}, {"thumbnail_pic": "http://wx3.sinaimg.cn/thumbnail/0083btndly1h3f3nay661j30oo1fxtgq.jpg"}, {"thumbnail_pic": "http://wx3.sinaimg.cn/thumbnail/0083btndly1h3f3nbhgrtj30u01fzdnc.jpg"}, {"thumbnail_pic": "http://wx4.sinaimg.cn/thumbnail/0083btndly1h3f3nchljtj30j013ogs9.jpg"}, {"thumbnail_pic": "http://wx4.sinaimg.cn/thumbnail/0083btndly1h3f3n91744j30oo1ftjz6.jpg"}, {"thumbnail_pic": "http://wx3.sinaimg.cn/thumbnail/0083btndly1h3f3nc5dj1j30j2145n3p.jpg"}], "thumbnail_pic": "http://wx3.sinaimg.cn/thumbnail/0083btndly1h3f3n9f8hwj30om1geaj7.jpg", "bmiddle_pic": "http://wx3.sinaimg.cn/bmiddle/0083btndly1h3f3n9f8hwj30om1geaj7.jpg", "original_pic": "http://wx3.sinaimg.cn/large/0083btndly1h3f3n9f8hwj30om1geaj7.jpg", "geo": null, "is_paid": false, "mblog_vip_type": 0, "user": {"id": 7376126187, "idstr": "7376126187", "class": 1, "screen_name": "细思极恐的怪谈", "name": "细思极恐的怪谈", "province": "44", "city": "1000", "location": "广东", "description": "细思极恐的怪谈：一个可以救你一命的微博。（举报者你M今晚必炸，谢谢）", "url": "", "profile_image_url": "https://tvax2.sinaimg.cn/crop.0.0.1080.1080.50/0083btndly8gigue7popoj30u00u0dif.jpg?KID=imgbed,tva&Expires=1674110101&ssig=hMl7shg6WR", "light_ring": false, "cover_image_phone": "https://wx3.sinaimg.cn/crop.0.0.640.640.640/0083btndly1gxci18yuo7j30v90v9myy.jpg;https://wx1.sinaimg.cn/crop.0.0.640.640.640/0083btndgy1ghtobtb2iwj30v90v93zh.jpg;https://wx3.sinaimg.cn/crop.0.0.640.640.640/0083btndgy1ghx42gws92j30v90v9mzr.jpg", "profile_url": "u/7376126187", "domain": "", "weihao": "", "gender": "f", "followers_count": 320162, "followers_count_str": "32万", "friends_count": 155, "pagefriends_count": 4, "statuses_count": 19235, "video_status_count": 15288, "video_play_count": 0, "super_topic_not_syn_count": 0, "favourites_count": 574, "created_at": "Wed Jan 22 11:47:44 +0800 2020", "following": false, "allow_all_act_msg": false, "geo_enabled": true, "verified": true, "verified_type": 0, "remark": "", "insecurity": {"sexual_content": false}, "ptype": 0, "allow_all_comment": true, "avatar_large": "https://tvax2.sinaimg.cn/crop.0.0.1080.1080.180/0083btndly8gigue7popoj30u00u0dif.jpg?KID=imgbed,tva&Expires=1674110101&ssig=nzEab8m5%2Fc", "avatar_hd": "https://tvax2.sinaimg.cn/crop.0.0.1080.1080.1024/0083btndly8gigue7popoj30u00u0dif.jpg?KID=imgbed,tva&Expires=1674110101&ssig=dDkrMViD1S", "verified_reason": "搞笑幽默博主 微博VLOG博主 微博原创视频博主", "verified_trade": "", "verified_reason_url": "", "verified_source": "", "verified_source_url": "", "verified_state": 0, "verified_level": 3, "verified_type_ext": 1, "has_service_tel": false, "verified_reason_modified": "", "verified_contact_name": "", "verified_contact_email": "", "verified_contact_mobile": "", "follow_me": false, "like": false, "like_me": false, "online_status": 0, "bi_followers_count": 36, "lang": "zh-cn", "star": 0, "mbtype": 11, "mbrank": 7, "svip": 0, "mb_expire_time": 1674489600, "block_word": 1, "block_app": 1, "chaohua_ability": 0, "brand_ability": 0, "nft_ability": 0, "vplus_ability": 1, "wenda_ability": 0, "live_ability": 0, "gongyi_ability": 0, "paycolumn_ability": 0, "newbrand_ability": 0, "ecommerce_ability": 0, "hardfan_ability": 1, "wbcolumn_ability": 0, "credit_score": 80, "user_ability": -2143944184, "urank": 0, "story_read_state": -1, "verified_detail": {"custom": 0, "data": [{"key": 16, "sub_key": 2, "weight": 103, "desc": "微博VLOG博主"}, {"key": 16, "sub_key": 1, "weight": 103, "desc": "微博原创视频博主"}, {"key": 2, "sub_key": 0, "weight": 101, "desc": "搞笑幽默博主"}]}, "vclub_member": 0, "is_teenager": 0, "is_guardian": 0, "is_teenager_list": 0, "pc_new": 6, "special_follow": false, "planet_video": 2, "video_mark": 15, "live_status": 0, "user_ability_extend": 0, "status_total_counter": {"total_cnt": 11142085, "repost_cnt": 366382, "comment_cnt": 1726558, "like_cnt": 2157899, "comment_like_cnt": 6891246}, "video_total_counter": {"play_cnt": 941071017}, "brand_account": 0, "hongbaofei": 0, "tab_manage": "[0, 0]", "reward_status": 0, "green_mode": 0, "urisk": 0, "unfollowing_recom_switch": 1, "avatar_type": 0}, "annotations": [{"photo_sub_type": "0,0,0,0,0,0,0,0"}, {}, {"client_mblogid": "iPhone-C7997171-DFBB-461E-83A4-E4338977A614"}, {"mapi_request": true}], "picStatus": "0:1,1:1,2:1,3:1,4:1,5:1,6:1,7:1", "reposts_count": 0, "comments_count": 0, "reprint_cmt_count": 0, "attitudes_count": 0, "pending_approval_count": 0, "isLongText": false, "reward_exhibition_type": 0, "hide_flag": 0, "mlevel": 128, "show_mlevel": 0, "biz_feature": 4294967300, "hasActionTypeCard": 0, "darwin_tags": [], "hot_weibo_tags": [], "text_tag_tips": [], "mblogtype": 0, "userType": 0, "mlevelSource": "monitor", "more_info_type": 0, "number_display_strategy": {"apply_scenario_flag": 3, "display_text_min_number": 1000000, "display_text": "100万+"}, "positive_recom_flag": 0, "content_auth": 0, "gif_ids": "", "is_show_bulletin": 2, "comment_manage_info": {"comment_permission_type": -1, "approval_comment_type": 0, "comment_sort_type": 0, "ai_play_picture_type": 0}, "pic_num": 8, "can_reprint": false, "new_comment_style": 0}, "reply_comment": {"created_at": "Mon Jun 20 23:42:50 +0800 2022", "id": 4782581591052445, "rootid": 4782581591052445, "rootidstr": "4782581591052445", "floor_number": 14, "text": "很正常不是吗？大新闻吗？", "disable_reply": 0, "restrictOperate": 0, "user": {"id": 6227621719, "idstr": "6227621719", "class": 1, "screen_name": "Mister-9527", "name": "Mister-9527", "province": "15", "city": "4", "location": "内蒙古 赤峰", "description": "", "url": "", "profile_image_url": "https://tvax3.sinaimg.cn/crop.0.0.511.511.50/006NssTBly8fmrwccjcsnj30e70e8gly.jpg?KID=imgbed,tva&Expires=1674110101&ssig=T%2F3cW9gl3X", "light_ring": false, "cover_image": "https://wx1.sinaimg.cn/crop.0.0.920.300/006NssTBly1flyqfbg467j30pk08c416.jpg", "cover_image_phone": "https://wx2.sinaimg.cn/crop.0.0.640.640.640/006NssTBly8h8u89pavayj30e80e8ab0.jpg", "profile_url": "u/6227621719", "domain": "", "weihao": "", "gender": "m", "followers_count": 117, "followers_count_str": "117", "friends_count": 159, "pagefriends_count": 21, "statuses_count": 66, "video_status_count": 2, "video_play_count": 0, "super_topic_not_syn_count": 0, "favourites_count": 5, "created_at": "Fri May 05 21:33:59 +0800 2017", "following": false, "allow_all_act_msg": false, "geo_enabled": true, "verified": false, "verified_type": -1, "remark": "", "insecurity": {"sexual_content": false}, "ptype": 0, "allow_all_comment": false, "avatar_large": "https://tvax3.sinaimg.cn/crop.0.0.511.511.180/006NssTBly8fmrwccjcsnj30e70e8gly.jpg?KID=imgbed,tva&Expires=1674110101&ssig=EovZxT6oHq", "avatar_hd": "https://tvax3.sinaimg.cn/crop.0.0.511.511.1024/006NssTBly8fmrwccjcsnj30e70e8gly.jpg?KID=imgbed,tva&Expires=1674110101&ssig=bLdSjl1XfX", "verified_reason": "", "verified_trade": "", "verified_reason_url": "", "verified_source": "", "verified_source_url": "", "follow_me": false, "like": false, "like_me": false, "online_status": 0, "bi_followers_count": 2, "lang": "zh-cn", "star": 0, "mbtype": 12, "mbrank": 6, "svip": 0, "mb_expire_time": 1717344000, "block_word": 0, "block_app": 1, "chaohua_ability": 0, "brand_ability": 0, "nft_ability": 0, "vplus_ability": 0, "wenda_ability": 0, "live_ability": 0, "gongyi_ability": 0, "paycolumn_ability": 0, "newbrand_ability": 0, "ecommerce_ability": 0, "hardfan_ability": 0, "wbcolumn_ability": 0, "credit_score": 80, "user_ability": 2359296, "cardid": "star_424", "avatargj_id": "gj_vip_691", "urank": 13, "story_read_state": -1, "vclub_member": 0, "is_teenager": 0, "is_guardian": 0, "is_teenager_list": 0, "pc_new": 7, "special_follow": false, "planet_video": 2, "video_mark": 0, "live_status": 0, "user_ability_extend": 0, "status_total_counter": {"total_cnt": 6, "repost_cnt": 0, "comment_cnt": 0, "like_cnt": 6, "comment_like_cnt": 0}, "video_total_counter": {"play_cnt": 257}, "brand_account": 0, "hongbaofei": 0, "tab_manage": "[0, 0]", "reward_status": 0, "green_mode": 1, "urisk": 566935683072, "unfollowing_recom_switch": 1, "avatar_type": 0}, "mid": "4782581591052445", "idstr": "4782581591052445", "match_ai_play_picture": false}, "reply_original_text": "正常且好看[doge]", "readtimetype": "comment", "match_ai_play_picture": false}