{"created_at": "Tue Jun 21 00:22:48 +0800 2022", "id": 4782591649515326, "rootid": 4782574985287540, "rootidstr": "4782574985287540", "floor_number": 0, "text": "回复@可爱指挥官sugar:可以赶来我家吗[挖鼻]", "disable_reply": 0, "restrictOperate": 0, "source_allowclick": 0, "source_type": 4, "source": "<a href=\"\" rel=\"nofollow\">来自河南</a>", "comment_badge": [{"pic_url": "https://h5.sinaimg.cn/upload/114/962/2022/07/08/member_0_bigfan1_2.png", "name": "loyal_fans", "length": 1.33, "actionlog": {"act_code": "3671", "ext": "status:fans"}, "scheme": "https://kefu.weibo.com/faqdetail?id=20848", "new_icon": true}], "user": {"id": 6863689699, "idstr": "6863689699", "class": 1, "screen_name": "VikKIMI8", "name": "VikKIMI8", "province": "41", "city": "1000", "location": "河南", "description": "", "url": "", "profile_image_url": "https://tvax1.sinaimg.cn/crop.0.0.1008.1008.50/007uvlezly8gp6tmxwmzcj30s00s1tc5.jpg?KID=imgbed,tva&Expires=1674110101&ssig=JJJ6TEDWle", "light_ring": false, "cover_image_phone": "https://ww1.sinaimg.cn/crop.0.0.640.640.640/549d0121tw1egm1kjly3jj20hs0hsq4f.jpg", "profile_url": "u/6863689699", "domain": "", "weihao": "", "gender": "m", "followers_count": 8, "followers_count_str": "8", "friends_count": 216, "pagefriends_count": 14, "statuses_count": 12, "video_status_count": 0, "video_play_count": 0, "super_topic_not_syn_count": 0, "favourites_count": 9, "created_at": "Sat Nov 24 21:17:41 +0800 2018", "following": false, "allow_all_act_msg": false, "geo_enabled": true, "verified": false, "verified_type": -1, "remark": "", "insecurity": {"sexual_content": false}, "ptype": 0, "allow_all_comment": true, "avatar_large": "https://tvax1.sinaimg.cn/crop.0.0.1008.1008.180/007uvlezly8gp6tmxwmzcj30s00s1tc5.jpg?KID=imgbed,tva&Expires=1674110101&ssig=NEHyUYUuan", "avatar_hd": "https://tvax1.sinaimg.cn/crop.0.0.1008.1008.1024/007uvlezly8gp6tmxwmzcj30s00s1tc5.jpg?KID=imgbed,tva&Expires=1674110101&ssig=ObgRnF1m9j", "verified_reason": "", "verified_trade": "", "verified_reason_url": "", "verified_source": "", "verified_source_url": "", "follow_me": false, "like": false, "like_me": false, "online_status": 0, "bi_followers_count": 2, "lang": "zh-cn", "star": 0, "mbtype": 0, "mbrank": 0, "svip": 0, "mb_expire_time": 0, "block_word": 0, "block_app": 0, "chaohua_ability": 0, "brand_ability": 0, "nft_ability": 0, "vplus_ability": 0, "wenda_ability": 0, "live_ability": 0, "gongyi_ability": 0, "paycolumn_ability": 0, "newbrand_ability": 0, "ecommerce_ability": 0, "hardfan_ability": 0, "wbcolumn_ability": 0, "credit_score": 79, "user_ability": 2097152, "urank": 4, "story_read_state": -1, "vclub_member": 0, "is_teenager": 0, "is_guardian": 0, "is_teenager_list": 0, "pc_new": 0, "special_follow": false, "planet_video": 0, "video_mark": 0, "live_status": 0, "user_ability_extend": 0, "status_total_counter": {"total_cnt": 1, "repost_cnt": 0, "comment_cnt": 0, "like_cnt": 1, "comment_like_cnt": 0}, "video_total_counter": {"play_cnt": -1}, "brand_account": 0, "hongbaofei": 0, "tab_manage": "[0, 0]", "reward_status": 0, "green_mode": 0, "urisk": 0, "unfollowing_recom_switch": 1, "avatar_type": 0}, "mid": "4782591649515326", "idstr": "4782591649515326", "status": {"visible": {"type": 0, "list_id": 0}, "created_at": "Mon Jun 20 22:55:21 +0800 2022", "id": 4782569642003618, "idstr": "4782569642003618", "mid": "4782569642003618", "can_edit": false, "version": 2, "show_additional_indication": 0, "text": "买奔驰送女销售？（网友投稿） ​", "textLength": 28, "source_allowclick": 0, "source_type": 1, "source": "<a href=\"http://app.weibo.com/t/feed/6odKO1\" rel=\"nofollow\">iPhone X</a>", "favorited": false, "truncated": false, "in_reply_to_status_id": "", "in_reply_to_user_id": "", "in_reply_to_screen_name": "", "pic_urls": [{"thumbnail_pic": "http://wx3.sinaimg.cn/thumbnail/0083btndly1h3f3n9f8hwj30om1geaj7.jpg"}, {"thumbnail_pic": "http://wx4.sinaimg.cn/thumbnail/0083btndly1h3f3n9zl87j30om1g713s.jpg"}, {"thumbnail_pic": "http://wx1.sinaimg.cn/thumbnail/0083btndly1h3f3naf51hj30om1g5dod.jpg"}, {"thumbnail_pic": "http://wx3.sinaimg.cn/thumbnail/0083btndly1h3f3nay661j30oo1fxtgq.jpg"}, {"thumbnail_pic": "http://wx3.sinaimg.cn/thumbnail/0083btndly1h3f3nbhgrtj30u01fzdnc.jpg"}, {"thumbnail_pic": "http://wx4.sinaimg.cn/thumbnail/0083btndly1h3f3nchljtj30j013ogs9.jpg"}, {"thumbnail_pic": "http://wx4.sinaimg.cn/thumbnail/0083btndly1h3f3n91744j30oo1ftjz6.jpg"}, {"thumbnail_pic": "http://wx3.sinaimg.cn/thumbnail/0083btndly1h3f3nc5dj1j30j2145n3p.jpg"}], "thumbnail_pic": "http://wx3.sinaimg.cn/thumbnail/0083btndly1h3f3n9f8hwj30om1geaj7.jpg", "bmiddle_pic": "http://wx3.sinaimg.cn/bmiddle/0083btndly1h3f3n9f8hwj30om1geaj7.jpg", "original_pic": "http://wx3.sinaimg.cn/large/0083btndly1h3f3n9f8hwj30om1geaj7.jpg", "geo": null, "is_paid": false, "mblog_vip_type": 0, "user": {"id": 7376126187, "idstr": "7376126187", "class": 1, "screen_name": "细思极恐的怪谈", "name": "细思极恐的怪谈", "province": "44", "city": "1000", "location": "广东", "description": "细思极恐的怪谈：一个可以救你一命的微博。（举报者你M今晚必炸，谢谢）", "url": "", "profile_image_url": "https://tvax2.sinaimg.cn/crop.0.0.1080.1080.50/0083btndly8gigue7popoj30u00u0dif.jpg?KID=imgbed,tva&Expires=1674110101&ssig=hMl7shg6WR", "light_ring": false, "cover_image_phone": "https://wx3.sinaimg.cn/crop.0.0.640.640.640/0083btndly1gxci18yuo7j30v90v9myy.jpg;https://wx1.sinaimg.cn/crop.0.0.640.640.640/0083btndgy1ghtobtb2iwj30v90v93zh.jpg;https://wx3.sinaimg.cn/crop.0.0.640.640.640/0083btndgy1ghx42gws92j30v90v9mzr.jpg", "profile_url": "u/7376126187", "domain": "", "weihao": "", "gender": "f", "followers_count": 320162, "followers_count_str": "32万", "friends_count": 155, "pagefriends_count": 4, "statuses_count": 19235, "video_status_count": 15288, "video_play_count": 0, "super_topic_not_syn_count": 0, "favourites_count": 574, "created_at": "Wed Jan 22 11:47:44 +0800 2020", "following": false, "allow_all_act_msg": false, "geo_enabled": true, "verified": true, "verified_type": 0, "remark": "", "insecurity": {"sexual_content": false}, "ptype": 0, "allow_all_comment": true, "avatar_large": "https://tvax2.sinaimg.cn/crop.0.0.1080.1080.180/0083btndly8gigue7popoj30u00u0dif.jpg?KID=imgbed,tva&Expires=1674110101&ssig=nzEab8m5%2Fc", "avatar_hd": "https://tvax2.sinaimg.cn/crop.0.0.1080.1080.1024/0083btndly8gigue7popoj30u00u0dif.jpg?KID=imgbed,tva&Expires=1674110101&ssig=dDkrMViD1S", "verified_reason": "搞笑幽默博主 微博VLOG博主 微博原创视频博主", "verified_trade": "", "verified_reason_url": "", "verified_source": "", "verified_source_url": "", "verified_state": 0, "verified_level": 3, "verified_type_ext": 1, "has_service_tel": false, "verified_reason_modified": "", "verified_contact_name": "", "verified_contact_email": "", "verified_contact_mobile": "", "follow_me": false, "like": false, "like_me": false, "online_status": 0, "bi_followers_count": 36, "lang": "zh-cn", "star": 0, "mbtype": 11, "mbrank": 7, "svip": 0, "mb_expire_time": 1674489600, "block_word": 1, "block_app": 1, "chaohua_ability": 0, "brand_ability": 0, "nft_ability": 0, "vplus_ability": 1, "wenda_ability": 0, "live_ability": 0, "gongyi_ability": 0, "paycolumn_ability": 0, "newbrand_ability": 0, "ecommerce_ability": 0, "hardfan_ability": 1, "wbcolumn_ability": 0, "credit_score": 80, "user_ability": -2143944184, "urank": 0, "story_read_state": -1, "verified_detail": {"custom": 0, "data": [{"key": 16, "sub_key": 2, "weight": 103, "desc": "微博VLOG博主"}, {"key": 16, "sub_key": 1, "weight": 103, "desc": "微博原创视频博主"}, {"key": 2, "sub_key": 0, "weight": 101, "desc": "搞笑幽默博主"}]}, "vclub_member": 0, "is_teenager": 0, "is_guardian": 0, "is_teenager_list": 0, "pc_new": 6, "special_follow": false, "planet_video": 2, "video_mark": 15, "live_status": 0, "user_ability_extend": 0, "status_total_counter": {"total_cnt": 11142085, "repost_cnt": 366382, "comment_cnt": 1726558, "like_cnt": 2157899, "comment_like_cnt": 6891246}, "video_total_counter": {"play_cnt": 941071017}, "brand_account": 0, "hongbaofei": 0, "tab_manage": "[0, 0]", "reward_status": 0, "green_mode": 0, "urisk": 0, "unfollowing_recom_switch": 1, "avatar_type": 0}, "annotations": [{"photo_sub_type": "0,0,0,0,0,0,0,0"}, {}, {"client_mblogid": "iPhone-C7997171-DFBB-461E-83A4-E4338977A614"}, {"mapi_request": true}], "picStatus": "0:1,1:1,2:1,3:1,4:1,5:1,6:1,7:1", "reposts_count": 0, "comments_count": 0, "reprint_cmt_count": 0, "attitudes_count": 0, "pending_approval_count": 0, "isLongText": false, "reward_exhibition_type": 0, "hide_flag": 0, "mlevel": 128, "show_mlevel": 0, "biz_feature": 4294967300, "hasActionTypeCard": 0, "darwin_tags": [], "hot_weibo_tags": [], "text_tag_tips": [], "mblogtype": 0, "userType": 0, "mlevelSource": "monitor", "more_info_type": 0, "number_display_strategy": {"apply_scenario_flag": 3, "display_text_min_number": 1000000, "display_text": "100万+"}, "positive_recom_flag": 0, "content_auth": 0, "gif_ids": "", "is_show_bulletin": 2, "comment_manage_info": {"comment_permission_type": -1, "approval_comment_type": 0, "comment_sort_type": 0, "ai_play_picture_type": 0}, "pic_num": 8, "can_reprint": false, "new_comment_style": 0}, "reply_comment": {"created_at": "Mon Jun 20 23:30:00 +0800 2022", "id": 4782578361700742, "rootid": 4782574985287540, "rootidstr": "4782574985287540", "floor_number": 0, "text": "回复@德州中心精神院主任:我马上驱逐这个女的 天津扣完[怒]", "disable_reply": 0, "restrictOperate": 0, "comment_badge": [{"pic_url": "https://h5.sinaimg.cn/upload/114/962/2022/07/08/member_0_bigfan1_2.png", "name": "loyal_fans", "length": 1.33, "actionlog": {"act_code": "3671", "ext": "status:fans"}, "scheme": "https://kefu.weibo.com/faqdetail?id=20848", "new_icon": true}], "user": {"id": 7042512323, "idstr": "7042512323", "class": 1, "screen_name": "可爱指挥官sugar", "name": "可爱指挥官sugar", "province": "400", "city": "1000", "location": "海外", "description": "", "url": "", "profile_image_url": "https://tvax1.sinaimg.cn/crop.0.0.824.824.50/007GBFarly8h8rfvu2uexj30mw0mwac6.jpg?KID=imgbed,tva&Expires=1674110101&ssig=D7VD1Q6t%2FO", "light_ring": false, "cover_image_phone": "https://ww1.sinaimg.cn/crop.0.0.640.640.640/9d44112bjw1f1xl1c10tuj20hs0hs0tw.jpg", "profile_url": "u/7042512323", "domain": "", "weihao": "", "gender": "m", "followers_count": 63, "followers_count_str": "63", "friends_count": 394, "pagefriends_count": 3, "statuses_count": 2, "video_status_count": 0, "video_play_count": 0, "super_topic_not_syn_count": 0, "favourites_count": 333, "created_at": "Fri Mar 22 07:31:49 +0800 2019", "following": false, "allow_all_act_msg": false, "geo_enabled": true, "verified": false, "verified_type": -1, "remark": "", "insecurity": {"sexual_content": false}, "ptype": 0, "allow_all_comment": false, "avatar_large": "https://tvax1.sinaimg.cn/crop.0.0.824.824.180/007GBFarly8h8rfvu2uexj30mw0mwac6.jpg?KID=imgbed,tva&Expires=1674110101&ssig=aCGZFfEfvp", "avatar_hd": "https://tvax1.sinaimg.cn/crop.0.0.824.824.1024/007GBFarly8h8rfvu2uexj30mw0mwac6.jpg?KID=imgbed,tva&Expires=1674110101&ssig=xD3zd1xoVq", "verified_reason": "", "verified_trade": "", "verified_reason_url": "", "verified_source": "", "verified_source_url": "", "follow_me": false, "like": false, "like_me": false, "online_status": 0, "bi_followers_count": 6, "lang": "zh-cn", "star": 0, "mbtype": 2, "mbrank": 1, "svip": 0, "mb_expire_time": 1625155199, "block_word": 0, "block_app": 0, "chaohua_ability": 0, "brand_ability": 0, "nft_ability": 0, "vplus_ability": 0, "wenda_ability": 0, "live_ability": 0, "gongyi_ability": 0, "paycolumn_ability": 0, "newbrand_ability": 0, "ecommerce_ability": 0, "hardfan_ability": 0, "wbcolumn_ability": 0, "credit_score": 80, "user_ability": 2097152, "cardid": "star_1108", "urank": 9, "story_read_state": -1, "vclub_member": 0, "is_teenager": 0, "is_guardian": 0, "is_teenager_list": 0, "pc_new": 0, "special_follow": false, "planet_video": 2, "video_mark": 2, "live_status": 0, "user_ability_extend": 0, "status_total_counter": {"total_cnt": 0, "repost_cnt": 0, "comment_cnt": 0, "like_cnt": 0, "comment_like_cnt": 0}, "video_total_counter": {"play_cnt": 78}, "brand_account": 0, "hongbaofei": 0, "tab_manage": "[16912010, 0]", "reward_status": 0, "green_mode": 0, "urisk": 0, "unfollowing_recom_switch": 1, "avatar_type": 0}, "mid": "4782578361700742", "idstr": "4782578361700742", "match_ai_play_picture": false}, "reply_original_text": "可以赶来我家吗[挖鼻]", "readtimetype": "comment", "match_ai_play_picture": false}