{"mid": "2482740303", "uid": "Mlw3M2mcT", "name": "青白江区大同街道", "time": "2022-12-27 13:30:00", "local": "", "iphone": "微博视频号", "context": "【好美！#天山雪后云海是一幅水墨丹青#】近日，天山北麓出现壮丽的雪后云海景观。云雾在群峰之上逐渐升腾，时而风平浪静，时而波涛汹涌，犹如一幅水墨丹青的唯美画卷。@CCTV纪录http://t.cn/A6KQHuTm", "comment_num": "1", "like_num": "0", "user": {"focus": "380", "fans": "6947", "tweet": "11万"}}