{"created_at": "Thu Dec 29 20:04:52 +0800 2022", "id": 4852105208147041, "rootid": 4852105208147041, "rootidstr": "4852105208147041", "floor_number": 176, "text": "好棒[心]", "disable_reply": 0, "restrictOperate": 0, "source_allowclick": 0, "source_type": 4, "source": "<a href=\"\" rel=\"nofollow\">来自新疆</a>", "comment_badge": [{"pic_url": "https://h5.sinaimg.cn/upload/115/735/2022/10/12/svip_3_bigfan1_3.png", "name": "loyal_fans", "length": 1.33, "actionlog": {"act_code": "3671", "ext": "status:fans"}, "scheme": "https://kefu.weibo.com/faqdetail?id=20848", "new_icon": true}], "user": {"id": 7749744057, "idstr": "7749744057", "class": 1, "screen_name": "街頭抱紧亭", "name": "街頭抱紧亭", "province": "11", "city": "1000", "location": "北京", "description": "冬天龢你 ▸||I|I||", "url": "", "profile_image_url": "https://tvax1.sinaimg.cn/crop.0.0.1080.1080.50/008st8rTly8ha3dh3a4xzj30u00u0dja.jpg?KID=imgbed,tva&Expires=1674052111&ssig=ddruHKGK8x", "light_ring": false, "cover_image_phone": "https://wx3.sinaimg.cn/crop.0.0.640.640.640/008st8rTly1ha3ga1ghv4j30sg0sgdi1.jpg;https://wx2.sinaimg.cn/crop.0.0.640.640.640/008st8rTly1ha48nleyobj30u00u0n19.jpg;https://wx4.sinaimg.cn/crop.0.0.640.640.640/008st8rTly1ha48o2h03qj30u00u077r.jpg;https://wx4.sinaimg.cn/crop.0.0.640.640.640/008st8rTly1ha1wiijyyoj30j60j6746.jpg;https://wx4.sinaimg.cn/crop.0.0.640.640.640/008st8rTly1ha6t3kq8z8j30o20o240f.jpg;https://wx2.sinaimg.cn/crop.0.0.640.640.640/008st8rTly1ha6t3sqh1zj30u00u0dj0.jpg", "profile_url": "u/7749744057", "domain": "", "weihao": "", "gender": "f", "followers_count": 1220, "followers_count_str": "1220", "friends_count": 852, "pagefriends_count": 45, "statuses_count": 1627, "video_status_count": 25, "video_play_count": 0, "super_topic_not_syn_count": 581, "favourites_count": 88, "created_at": "Sun Mar 27 11:37:31 +0800 2022", "following": false, "allow_all_act_msg": false, "geo_enabled": true, "verified": true, "verified_type": 0, "remark": "", "insecurity": {"sexual_content": false}, "ptype": 0, "allow_all_comment": true, "avatar_large": "https://tvax1.sinaimg.cn/crop.0.0.1080.1080.180/008st8rTly8ha3dh3a4xzj30u00u0dja.jpg?KID=imgbed,tva&Expires=1674052111&ssig=a4cdmeCCO5", "avatar_hd": "https://tvax1.sinaimg.cn/crop.0.0.1080.1080.1024/008st8rTly8ha3dh3a4xzj30u00u0dja.jpg?KID=imgbed,tva&Expires=1674052111&ssig=JD7DXX14V2", "verified_reason": "超话粉丝大咖（白敬亭超话） 微博剪辑视频博主", "verified_trade": "", "verified_reason_url": "", "verified_source": "", "verified_source_url": "", "verified_state": 0, "verified_level": 3, "verified_type_ext": 0, "has_service_tel": false, "verified_reason_modified": "", "verified_contact_name": "", "verified_contact_email": "", "verified_contact_mobile": "", "follow_me": false, "like": false, "like_me": false, "online_status": 0, "bi_followers_count": 690, "lang": "zh-cn", "star": 0, "mbtype": 11, "mbrank": 3, "svip": 1, "mb_expire_time": 1678032000, "block_word": 0, "block_app": 1, "chaohua_ability": 0, "brand_ability": 0, "nft_ability": 0, "vplus_ability": 0, "wenda_ability": 0, "live_ability": 0, "gongyi_ability": 0, "paycolumn_ability": 0, "newbrand_ability": 0, "ecommerce_ability": 0, "hardfan_ability": 1, "wbcolumn_ability": 0, "credit_score": 80, "user_ability": 2359808, "cardid": "star_1638", "avatargj_id": "gj_vip_798", "urank": 0, "story_read_state": -1, "verified_detail": {"custom": 0, "data": [{"key": 16, "sub_key": 4, "weight": 103, "desc": "微博剪辑视频博主", "timestamp": 0}, {"key": 8, "sub_key": 0, "weight": 102, "desc": "超话粉丝大咖（白敬亭超话）", "timestamp": 1668485293}]}, "vclub_member": 0, "is_teenager": 0, "is_guardian": 0, "is_teenager_list": 0, "pc_new": 0, "special_follow": false, "planet_video": 2, "video_mark": 0, "live_status": 0, "user_ability_extend": 0, "status_total_counter": {"total_cnt": 73950, "repost_cnt": 725, "comment_cnt": 35537, "like_cnt": 9634, "comment_like_cnt": 28054}, "video_total_counter": {"play_cnt": 714271}, "brand_account": 0, "hongbaofei": 0, "tab_manage": "[0, 0]", "reward_status": 0, "green_mode": 0, "mb_like_privilege": {"like_id": "0058", "like_desc": "ᜊ•ᴗ•ᜊ谢谢宝贝"}, "urisk": 0, "unfollowing_recom_switch": 1, "avatar_type": 0}, "mid": "4852105208147041", "idstr": "4852105208147041", "status": {"visible": {"type": 0, "list_id": 0}, "created_at": "Thu Dec 29 19:37:36 +0800 2022", "id": 4852098347566964, "idstr": "4852098347566964", "mid": "4852098347566964", "can_edit": false, "show_additional_indication": 0, "text": "【燃！#震撼无人机拼出大国重器#】C919、003福建舰、歼20、中国天眼、中国空间站...由多架无人机组成的编队，在夜空上演一场“问天探海，大国重器”的超燃灯光秀。以星空为幕，致敬大国重器！戳视频，感受光影魅力↓↓↓ http://t.cn/A6K1RfCn ​", "textLength": 225, "source_allowclick": 0, "source_type": 1, "source": "<a href=\"http://app.weibo.com/t/feed/xEsRX\" rel=\"nofollow\">新版微博 weibo.com</a>", "favorited": false, "truncated": false, "in_reply_to_status_id": "", "in_reply_to_user_id": "", "in_reply_to_screen_name": "", "pic_urls": [], "geo": null, "is_paid": false, "mblog_vip_type": 0, "user": {"id": 2803301701, "idstr": "2803301701", "class": 1, "screen_name": "人民日报", "name": "人民日报", "province": "11", "city": "1000", "location": "北京", "description": "人民日报法人微博。参与、沟通、记录时代。", "url": "", "profile_image_url": "https://tvax4.sinaimg.cn/crop.0.0.1018.1018.50/0033ImPzly8h8vgemh8kxj60sa0sadgw02.jpg?KID=imgbed,tva&Expires=1674052111&ssig=BD%2B1RJIkXk", "light_ring": false, "cover_image": "https://wx4.sinaimg.cn/crop.0.0.920.300/0033ImPzly1gs66yzvybrj60pk08cgya02.jpg", "cover_image_phone": "https://wx1.sinaimg.cn/crop.0.0.640.640.640/0033ImPzly1gs64jwa7uyj60v90v9n1r02.jpg", "profile_url": "rmrb", "domain": "rmrb", "weihao": "", "gender": "m", "followers_count": 150806063, "followers_count_str": "1.51亿", "friends_count": 3063, "pagefriends_count": 2678, "statuses_count": 153136, "video_status_count": 9841, "video_play_count": 0, "super_topic_not_syn_count": 1, "favourites_count": 1031, "created_at": "Sun Jul 22 02:28:35 +0800 2012", "following": false, "allow_all_act_msg": false, "geo_enabled": false, "verified": true, "verified_type": 3, "remark": "", "insecurity": {"sexual_content": false}, "ptype": 0, "allow_all_comment": false, "avatar_large": "https://tvax4.sinaimg.cn/crop.0.0.1018.1018.180/0033ImPzly8h8vgemh8kxj60sa0sadgw02.jpg?KID=imgbed,tva&Expires=1674052111&ssig=r2%2B02%2FtXy8", "avatar_hd": "https://tvax4.sinaimg.cn/crop.0.0.1018.1018.1024/0033ImPzly8h8vgemh8kxj60sa0sadgw02.jpg?KID=imgbed,tva&Expires=1674052111&ssig=eowC5qQStZ", "verified_reason": "《人民日报》法人微博", "verified_trade": "", "verified_reason_url": "", "verified_source": "", "verified_source_url": "", "verified_state": 2, "verified_level": 3, "verified_type_ext": 0, "has_service_tel": false, "verified_reason_modified": "辽宁科技大学官方微博，教育官微联盟成员", "verified_contact_name": "", "verified_contact_email": "", "verified_contact_mobile": "", "follow_me": false, "like": false, "like_me": false, "online_status": 0, "bi_followers_count": 363, "lang": "zh-cn", "star": 0, "mbtype": 12, "mbrank": 7, "svip": 0, "mb_expire_time": 1884182400, "block_word": 0, "block_app": 1, "chaohua_ability": 0, "brand_ability": 0, "nft_ability": 0, "vplus_ability": 0, "wenda_ability": 0, "live_ability": 1, "gongyi_ability": 0, "paycolumn_ability": 0, "newbrand_ability": 0, "ecommerce_ability": 0, "hardfan_ability": 1, "wbcolumn_ability": 0, "credit_score": 80, "user_ability": -2135620852, "urank": 48, "story_read_state": -1, "vclub_member": 0, "is_teenager": 0, "is_guardian": 0, "is_teenager_list": 1, "pc_new": 7, "special_follow": false, "planet_video": 2, "video_mark": 15, "live_status": 2, "user_ability_extend": 1, "status_total_counter": {"total_cnt": 3365733252, "repost_cnt": 947596023, "comment_cnt": 234313159, "like_cnt": 1124880156, "comment_like_cnt": 1058943914}, "video_total_counter": {"play_cnt": 37850072923}, "brand_account": 0, "hongbaofei": 0, "tab_manage": "[283691264248460, 0]", "reward_status": 0, "green_mode": 0, "urisk": 0, "unfollowing_recom_switch": 1, "avatar_type": 0}, "annotations": [{}, {}, {"mapi_request": true}], "reposts_count": 0, "comments_count": 0, "reprint_cmt_count": 0, "attitudes_count": 0, "pending_approval_count": 0, "isLongText": false, "reward_exhibition_type": 0, "hide_flag": 0, "mlevel": 0, "show_mlevel": 0, "biz_ids": [230444], "biz_feature": 4294967304, "page_type": 64, "hasActionTypeCard": 0, "darwin_tags": [], "hot_weibo_tags": [], "text_tag_tips": [], "mblogtype": 0, "userType": 0, "more_info_type": 0, "positive_recom_flag": 0, "content_auth": 0, "gif_ids": "", "is_show_bulletin": 2, "comment_manage_info": {"comment_permission_type": -1, "approval_comment_type": 0, "comment_sort_type": 0, "ai_play_picture_type": 0}, "pic_num": 0, "fid": 4852098133917709, "can_reprint": false, "new_comment_style": 0}, "readtimetype": "comment", "comment_dynamic_message": {"id": "0052", "video_url": "http://tu.video.weibocdn.com/o1/003PDNaolx080geFWtSo010f02000Eyr0E011?Expires=1674044911&ssig=T4RZOrL9yR&KID=unistore,video", "media_id": "4828478026022927", "icon_url": "https://h5.sinaimg.cn/upload/1073/1841/2022/10/25/zao2.png", "tag_text": "SVIP", "start_color": "#00FEAD3A", "end_color": "#1AFEAD3A", "start_color_dark": "#00FEAD3A", "end_color_dark": "#1AFEAD3A", "name": {"zh_CN": "早餐时间", "zh_HK": "早餐時間", "en_US": "Breakfast time"}, "scheme": "https://new.vip.weibo.cn/bubble/mall?showmenu=0&decorateId=0052&uid=7749744057", "allow_vip_box_content": "用此评论气泡", "allow_vip_box_icon": "https://h5.sinaimg.cn/upload/100/1720/2022/08/08/icon_VIP_for_comment_bubble.png"}, "match_ai_play_picture": false}