{"created_at": "Fri Dec 30 15:45:40 +0800 2022", "id": 4852402366188953, "rootid": 4852103916563797, "rootidstr": "4852103916563797", "floor_number": 0, "text": "回复@波霸奶茶二分店:奶茶能[允悲]", "disable_reply": 0, "restrictOperate": 0, "source_allowclick": 0, "source_type": 4, "source": "<a href=\"\" rel=\"nofollow\">来自广西</a>", "user": {"id": 7092971289, "idstr": "7092971289", "class": 1, "screen_name": "冷水坪", "name": "冷水坪", "province": "45", "city": "1000", "location": "广西", "description": "", "url": "", "profile_image_url": "https://tvax3.sinaimg.cn/crop.0.0.996.996.50/007K1nQJly8g2bxaqmhtzj30ro0ro0u2.jpg?KID=imgbed,tva&Expires=1674052066&ssig=2dZZDZyHas", "light_ring": false, "cover_image_phone": "https://ww1.sinaimg.cn/crop.0.0.640.640.640/549d0121tw1egm1kjly3jj20hs0hsq4f.jpg", "profile_url": "u/7092971289", "domain": "", "weihao": "", "gender": "m", "followers_count": 0, "followers_count_str": "0", "friends_count": 1, "pagefriends_count": 0, "statuses_count": 1, "video_status_count": 0, "video_play_count": 0, "super_topic_not_syn_count": 0, "favourites_count": 0, "created_at": "Tue Apr 23 01:22:46 +0800 2019", "following": false, "allow_all_act_msg": false, "geo_enabled": true, "verified": false, "verified_type": -1, "remark": "", "insecurity": {"sexual_content": false}, "ptype": 0, "allow_all_comment": true, "avatar_large": "https://tvax3.sinaimg.cn/crop.0.0.996.996.180/007K1nQJly8g2bxaqmhtzj30ro0ro0u2.jpg?KID=imgbed,tva&Expires=1674052066&ssig=P3iKJoUp2P", "avatar_hd": "https://tvax3.sinaimg.cn/crop.0.0.996.996.1024/007K1nQJly8g2bxaqmhtzj30ro0ro0u2.jpg?KID=imgbed,tva&Expires=1674052066&ssig=QiPelkn6MF", "verified_reason": "", "verified_trade": "", "verified_reason_url": "", "verified_source": "", "verified_source_url": "", "follow_me": false, "like": false, "like_me": false, "online_status": 0, "bi_followers_count": 0, "lang": "zh-cn", "star": 0, "mbtype": 0, "mbrank": 0, "svip": 0, "mb_expire_time": 0, "block_word": 0, "block_app": 0, "chaohua_ability": 0, "brand_ability": 0, "nft_ability": 0, "vplus_ability": 0, "wenda_ability": 0, "live_ability": 0, "gongyi_ability": 0, "paycolumn_ability": 0, "newbrand_ability": 0, "ecommerce_ability": 0, "hardfan_ability": 0, "wbcolumn_ability": 0, "credit_score": 80, "user_ability": 0, "urank": 0, "story_read_state": -1, "vclub_member": 0, "is_teenager": 0, "is_guardian": 0, "is_teenager_list": 0, "pc_new": 0, "special_follow": false, "planet_video": 0, "video_mark": 0, "live_status": 0, "user_ability_extend": 0, "status_total_counter": {"total_cnt": 0, "repost_cnt": 0, "comment_cnt": 0, "like_cnt": 0, "comment_like_cnt": 0}, "video_total_counter": {"play_cnt": -1}, "brand_account": 0, "hongbaofei": 0, "tab_manage": "[0, 0]", "reward_status": 0, "green_mode": 0, "urisk": 0, "unfollowing_recom_switch": 1, "avatar_type": 0}, "mid": "4852402366188953", "idstr": "4852402366188953", "status": {"visible": {"type": 0, "list_id": 0}, "created_at": "Thu Dec 29 19:37:36 +0800 2022", "id": 4852098347566964, "idstr": "4852098347566964", "mid": "4852098347566964", "can_edit": false, "show_additional_indication": 0, "text": "【燃！#震撼无人机拼出大国重器#】C919、003福建舰、歼20、中国天眼、中国空间站...由多架无人机组成的编队，在夜空上演一场“问天探海，大国重器”的超燃灯光秀。以星空为幕，致敬大国重器！戳视频，感受光影魅力↓↓↓ http://t.cn/A6K1RfCn ​", "textLength": 225, "source_allowclick": 0, "source_type": 1, "source": "<a href=\"http://app.weibo.com/t/feed/xEsRX\" rel=\"nofollow\">新版微博 weibo.com</a>", "favorited": false, "truncated": false, "in_reply_to_status_id": "", "in_reply_to_user_id": "", "in_reply_to_screen_name": "", "pic_urls": [], "geo": null, "is_paid": false, "mblog_vip_type": 0, "user": {"id": 2803301701, "idstr": "2803301701", "class": 1, "screen_name": "人民日报", "name": "人民日报", "province": "11", "city": "1000", "location": "北京", "description": "人民日报法人微博。参与、沟通、记录时代。", "url": "", "profile_image_url": "https://tvax4.sinaimg.cn/crop.0.0.1018.1018.50/0033ImPzly8h8vgemh8kxj60sa0sadgw02.jpg?KID=imgbed,tva&Expires=1674052066&ssig=SW%2BgZMbfIH", "light_ring": false, "cover_image": "https://wx4.sinaimg.cn/crop.0.0.920.300/0033ImPzly1gs66yzvybrj60pk08cgya02.jpg", "cover_image_phone": "https://wx1.sinaimg.cn/crop.0.0.640.640.640/0033ImPzly1gs64jwa7uyj60v90v9n1r02.jpg", "profile_url": "rmrb", "domain": "rmrb", "weihao": "", "gender": "m", "followers_count": 150806063, "followers_count_str": "1.51亿", "friends_count": 3063, "pagefriends_count": 2678, "statuses_count": 153136, "video_status_count": 9841, "video_play_count": 0, "super_topic_not_syn_count": 1, "favourites_count": 1031, "created_at": "Sun Jul 22 02:28:35 +0800 2012", "following": false, "allow_all_act_msg": false, "geo_enabled": false, "verified": true, "verified_type": 3, "remark": "", "insecurity": {"sexual_content": false}, "ptype": 0, "allow_all_comment": false, "avatar_large": "https://tvax4.sinaimg.cn/crop.0.0.1018.1018.180/0033ImPzly8h8vgemh8kxj60sa0sadgw02.jpg?KID=imgbed,tva&Expires=1674052066&ssig=Ykdf94kOxS", "avatar_hd": "https://tvax4.sinaimg.cn/crop.0.0.1018.1018.1024/0033ImPzly8h8vgemh8kxj60sa0sadgw02.jpg?KID=imgbed,tva&Expires=1674052066&ssig=LdEZoKDpGA", "verified_reason": "《人民日报》法人微博", "verified_trade": "", "verified_reason_url": "", "verified_source": "", "verified_source_url": "", "verified_state": 2, "verified_level": 3, "verified_type_ext": 0, "has_service_tel": false, "verified_reason_modified": "辽宁科技大学官方微博，教育官微联盟成员", "verified_contact_name": "", "verified_contact_email": "", "verified_contact_mobile": "", "follow_me": false, "like": false, "like_me": false, "online_status": 0, "bi_followers_count": 363, "lang": "zh-cn", "star": 0, "mbtype": 12, "mbrank": 7, "svip": 0, "mb_expire_time": 1884182400, "block_word": 0, "block_app": 1, "chaohua_ability": 0, "brand_ability": 0, "nft_ability": 0, "vplus_ability": 0, "wenda_ability": 0, "live_ability": 1, "gongyi_ability": 0, "paycolumn_ability": 0, "newbrand_ability": 0, "ecommerce_ability": 0, "hardfan_ability": 1, "wbcolumn_ability": 0, "credit_score": 80, "user_ability": -2135620852, "urank": 48, "story_read_state": -1, "vclub_member": 0, "is_teenager": 0, "is_guardian": 0, "is_teenager_list": 1, "pc_new": 7, "special_follow": false, "planet_video": 2, "video_mark": 15, "live_status": 2, "user_ability_extend": 1, "status_total_counter": {"total_cnt": 3365733252, "repost_cnt": 947596023, "comment_cnt": 234313159, "like_cnt": 1124880156, "comment_like_cnt": 1058943914}, "video_total_counter": {"play_cnt": 37850072923}, "brand_account": 0, "hongbaofei": 0, "tab_manage": "[283691264248460, 0]", "reward_status": 0, "green_mode": 0, "urisk": 0, "unfollowing_recom_switch": 1, "avatar_type": 0}, "annotations": [{}, {}, {"mapi_request": true}], "reposts_count": 0, "comments_count": 0, "reprint_cmt_count": 0, "attitudes_count": 0, "pending_approval_count": 0, "isLongText": false, "reward_exhibition_type": 0, "hide_flag": 0, "mlevel": 0, "show_mlevel": 0, "biz_ids": [230444], "biz_feature": 4294967304, "page_type": 64, "hasActionTypeCard": 0, "darwin_tags": [], "hot_weibo_tags": [], "text_tag_tips": [], "mblogtype": 0, "userType": 0, "more_info_type": 0, "positive_recom_flag": 0, "content_auth": 0, "gif_ids": "", "is_show_bulletin": 2, "comment_manage_info": {"comment_permission_type": -1, "approval_comment_type": 0, "comment_sort_type": 0, "ai_play_picture_type": 0}, "pic_num": 0, "fid": 4852098133917709, "can_reprint": false, "new_comment_style": 0}, "reply_comment": {"created_at": "Thu Dec 29 19:59:44 +0800 2022", "id": 4852103916563797, "rootid": 4852103916563797, "rootidstr": "4852103916563797", "floor_number": 150, "text": "这能治新冠吗", "disable_reply": 0, "restrictOperate": 0, "user": {"id": 7184720585, "idstr": "7184720585", "class": 1, "screen_name": "波霸奶茶二分店", "name": "波霸奶茶二分店", "province": "100", "city": "1000", "location": "其他", "description": "记录自己的蜕变历程", "url": "", "profile_image_url": "https://tvax2.sinaimg.cn/crop.0.0.736.736.50/007Qem25ly8g3t2dguetcj30kg0kgtb2.jpg?KID=imgbed,tva&Expires=1674052066&ssig=b88%2FBNi%2B0U", "light_ring": false, "profile_url": "u/7184720585", "domain": "", "weihao": "", "gender": "f", "followers_count": 42, "followers_count_str": "42", "friends_count": 379, "pagefriends_count": 1, "statuses_count": 825, "video_status_count": 5, "video_play_count": 0, "super_topic_not_syn_count": 0, "favourites_count": 31, "created_at": "Sat Jun 08 00:03:09 +0800 2019", "following": false, "allow_all_act_msg": false, "geo_enabled": true, "verified": false, "verified_type": -1, "remark": "", "insecurity": {"sexual_content": false}, "ptype": 0, "allow_all_comment": true, "avatar_large": "https://tvax2.sinaimg.cn/crop.0.0.736.736.180/007Qem25ly8g3t2dguetcj30kg0kgtb2.jpg?KID=imgbed,tva&Expires=1674052066&ssig=aZhWnT8swY", "avatar_hd": "https://tvax2.sinaimg.cn/crop.0.0.736.736.1024/007Qem25ly8g3t2dguetcj30kg0kgtb2.jpg?KID=imgbed,tva&Expires=1674052066&ssig=nhy8Wgz1Yr", "verified_reason": "", "verified_trade": "", "verified_reason_url": "", "verified_source": "", "verified_source_url": "", "follow_me": false, "like": false, "like_me": false, "online_status": 0, "bi_followers_count": 4, "lang": "zh-hk", "star": 0, "mbtype": 0, "mbrank": 0, "svip": 0, "mb_expire_time": 0, "block_word": 0, "block_app": 0, "chaohua_ability": 0, "brand_ability": 0, "nft_ability": 0, "vplus_ability": 0, "wenda_ability": 0, "live_ability": 0, "gongyi_ability": 0, "paycolumn_ability": 0, "newbrand_ability": 0, "ecommerce_ability": 0, "hardfan_ability": 0, "wbcolumn_ability": 0, "credit_score": 80, "user_ability": 2359296, "urank": 7, "story_read_state": -1, "vclub_member": 0, "is_teenager": 0, "is_guardian": 0, "is_teenager_list": 0, "pc_new": 7, "special_follow": false, "planet_video": 2, "video_mark": 12, "live_status": 0, "user_ability_extend": 0, "status_total_counter": {"total_cnt": 707, "repost_cnt": 21, "comment_cnt": 391, "like_cnt": 238, "comment_like_cnt": 57}, "video_total_counter": {"play_cnt": 309}, "brand_account": 0, "hongbaofei": 0, "tab_manage": "[0, 0]", "reward_status": 0, "green_mode": 0, "urisk": 17179869184, "unfollowing_recom_switch": 1, "avatar_type": 0}, "mid": "4852103916563797", "idstr": "4852103916563797", "match_ai_play_picture": false}, "reply_original_text": "奶茶能[允悲]", "readtimetype": "comment", "match_ai_play_picture": false}