{"created_at": "Mon Jan 09 10:34:29 +0800 2023", "id": 4855947934308801, "rootid": 4855947934308801, "rootidstr": "4855947934308801", "floor_number": 19, "text": "[话筒][话筒]", "disable_reply": 0, "restrictOperate": 0, "user": {"id": 2661549585, "idstr": "2661549585", "class": 1, "screen_name": "历下检察", "name": "历下检察", "province": "37", "city": "1", "location": "山东 济南", "description": "这是济南市历下区人民检察院的官方微博，是一个交流沟通的平台，也是一个对策咨询的平台，更是一个联系群众、汇集民意的平台，大家共同努力，为建设法治中国尽一份力吧。", "url": "", "profile_image_url": "https://tvax1.sinaimg.cn/crop.0.0.972.972.50/9ea40611ly8h8w7xmyxo6j20r00r0wgp.jpg?KID=imgbed,tva&Expires=1674052466&ssig=m21B6DdnS6", "light_ring": false, "cover_image_phone": "https://wx1.sinaimg.cn/crop.0.0.640.640.640/56938c3ely1gdi6n9gm2hj20u00u0jtb.jpg", "profile_url": "u/2661549585", "domain": "", "weihao": "", "gender": "m", "followers_count": 37092, "followers_count_str": "3.7万", "friends_count": 479, "pagefriends_count": 0, "statuses_count": 72707, "video_status_count": 59, "video_play_count": 0, "super_topic_not_syn_count": 0, "favourites_count": 56, "created_at": "Mon Mar 12 15:10:06 +0800 2012", "following": false, "allow_all_act_msg": false, "geo_enabled": true, "verified": true, "verified_type": 1, "remark": "", "insecurity": {"sexual_content": false}, "ptype": 0, "allow_all_comment": true, "avatar_large": "https://tvax1.sinaimg.cn/crop.0.0.972.972.180/9ea40611ly8h8w7xmyxo6j20r00r0wgp.jpg?KID=imgbed,tva&Expires=1674052466&ssig=BqsfnRLnjM", "avatar_hd": "https://tvax1.sinaimg.cn/crop.0.0.972.972.1024/9ea40611ly8h8w7xmyxo6j20r00r0wgp.jpg?KID=imgbed,tva&Expires=1674052466&ssig=lZumEjRQ3g", "verified_reason": "济南市历下区人民检察院官方微博", "verified_trade": "", "verified_reason_url": "", "verified_source": "", "verified_source_url": "", "verified_state": 0, "verified_level": 3, "verified_type_ext": 0, "has_service_tel": false, "verified_reason_modified": "济南市历下区人民检察院官方微博", "verified_contact_name": "", "verified_contact_email": "", "verified_contact_mobile": "", "follow_me": false, "like": false, "like_me": false, "online_status": 0, "bi_followers_count": 432, "lang": "zh-cn", "star": 0, "mbtype": 12, "mbrank": 6, "svip": 0, "mb_expire_time": 1699891200, "block_word": 0, "block_app": 1, "chaohua_ability": 0, "brand_ability": 0, "nft_ability": 0, "vplus_ability": 0, "wenda_ability": 0, "live_ability": 0, "gongyi_ability": 0, "paycolumn_ability": 0, "newbrand_ability": 0, "ecommerce_ability": 0, "hardfan_ability": 1, "wbcolumn_ability": 0, "credit_score": 80, "user_ability": 10747912, "cardid": "star_1624", "avatargj_id": "gj_vip_660", "urank": 35, "story_read_state": -1, "vclub_member": 0, "is_teenager": 0, "is_guardian": 0, "is_teenager_list": 0, "pc_new": 7, "special_follow": false, "planet_video": 2, "video_mark": 15, "live_status": 0, "user_ability_extend": 0, "status_total_counter": {"total_cnt": 1699255, "repost_cnt": 456793, "comment_cnt": 603284, "like_cnt": 615865, "comment_like_cnt": 23313}, "video_total_counter": {"play_cnt": 56660}, "brand_account": 0, "hongbaofei": 0, "tab_manage": "[0, 0]", "reward_status": 0, "green_mode": 0, "urisk": 0, "unfollowing_recom_switch": 1, "avatar_type": 0}, "mid": "4855947934308801", "idstr": "4855947934308801", "status": {"visible": {"type": 0, "list_id": 0}, "created_at": "Mon Jan 09 08:46:30 +0800 2023", "id": 4855920759407842, "idstr": "4855920759407842", "mid": "4855920759407842", "can_edit": false, "version": 1, "show_additional_indication": 0, "text": "【#消防员手套被牢牢冻在栏杆上#】近日，辽宁铁岭消防员夜间出警处置火情。天气寒冷，消防员手扶栏杆以稳住冻麻的双脚，淋了水的手套不一会儿就结冰定型，牢牢冻在铁栏杆上，头盔也满是冰霜和杂草屑↓↓#致敬逆行消防英雄#，辛苦了！@中国消防【cr.检察日报】http://t.cn/A69vDROv ​", "textLength": 260, "source_allowclick": 0, "source_type": 1, "source": "<a href=\"http://app.weibo.com/t/feed/xEsRX\" rel=\"nofollow\">新版微博 weibo.com</a>", "favorited": false, "truncated": false, "in_reply_to_status_id": "", "in_reply_to_user_id": "", "in_reply_to_screen_name": "", "pic_urls": [], "geo": null, "is_paid": false, "mblog_vip_type": 0, "user": {"id": 5078785827, "idstr": "5078785827", "class": 1, "screen_name": "江汉检察", "name": "江汉检察", "province": "42", "city": "1", "location": "湖北 武汉", "description": "强化法律监督，维护公平正义", "url": "", "profile_image_url": "https://tvax3.sinaimg.cn/crop.0.0.600.600.50/005xI4crly8h8w44sbe59j30go0go75r.jpg?KID=imgbed,tva&Expires=1674052466&ssig=Km%2FKrkwagB", "light_ring": false, "cover_image_phone": "https://ww1.sinaimg.cn/crop.0.0.640.640.640/549d0121tw1egm1kjly3jj20hs0hsq4f.jpg", "profile_url": "u/5078785827", "domain": "", "weihao": "", "gender": "m", "followers_count": 1796, "followers_count_str": "1796", "friends_count": 347, "pagefriends_count": 0, "statuses_count": 11487, "video_status_count": 101, "video_play_count": 0, "super_topic_not_syn_count": 0, "favourites_count": 0, "created_at": "Thu Mar 20 09:40:39 +0800 2014", "following": false, "allow_all_act_msg": false, "geo_enabled": true, "verified": true, "verified_type": 1, "remark": "", "insecurity": {"sexual_content": false}, "ptype": 0, "allow_all_comment": false, "avatar_large": "https://tvax3.sinaimg.cn/crop.0.0.600.600.180/005xI4crly8h8w44sbe59j30go0go75r.jpg?KID=imgbed,tva&Expires=1674052466&ssig=UJTQPmL6MK", "avatar_hd": "https://tvax3.sinaimg.cn/crop.0.0.600.600.1024/005xI4crly8h8w44sbe59j30go0go75r.jpg?KID=imgbed,tva&Expires=1674052466&ssig=aj2L2crOQY", "verified_reason": "湖北省武汉市江汉区人民检察院官方微博", "verified_trade": "", "verified_reason_url": "", "verified_source": "", "verified_source_url": "", "verified_state": 0, "verified_level": 3, "verified_type_ext": 0, "has_service_tel": false, "verified_reason_modified": "", "verified_contact_name": "", "verified_contact_email": "", "verified_contact_mobile": "", "follow_me": false, "like": false, "like_me": false, "online_status": 0, "bi_followers_count": 309, "lang": "zh-cn", "star": 0, "mbtype": 0, "mbrank": 0, "svip": 0, "mb_expire_time": 0, "block_word": 0, "block_app": 0, "chaohua_ability": 0, "brand_ability": 0, "nft_ability": 0, "vplus_ability": 0, "wenda_ability": 0, "live_ability": 0, "gongyi_ability": 0, "paycolumn_ability": 0, "newbrand_ability": 0, "ecommerce_ability": 0, "hardfan_ability": 0, "wbcolumn_ability": 0, "credit_score": 80, "user_ability": 8650752, "urank": 23, "story_read_state": -1, "vclub_member": 0, "is_teenager": 0, "is_guardian": 0, "is_teenager_list": 0, "pc_new": 7, "special_follow": false, "planet_video": 2, "video_mark": 15, "live_status": 0, "user_ability_extend": 0, "status_total_counter": {"total_cnt": 305064, "repost_cnt": 8059, "comment_cnt": 199108, "like_cnt": 93310, "comment_like_cnt": 4587}, "video_total_counter": {"play_cnt": 43265}, "brand_account": 0, "hongbaofei": 0, "tab_manage": "[0, 0]", "reward_status": 0, "green_mode": 0, "urisk": 0, "unfollowing_recom_switch": 1, "avatar_type": 0}, "annotations": [{}, {}, {"shooting": 1}, {"mapi_request": true}], "reposts_count": 0, "comments_count": 0, "reprint_cmt_count": 0, "attitudes_count": 0, "pending_approval_count": 0, "isLongText": false, "reward_exhibition_type": 0, "hide_flag": 0, "mlevel": 0, "show_mlevel": 0, "biz_ids": [230444], "biz_feature": 4294967304, "page_type": 64, "hasActionTypeCard": 0, "darwin_tags": [], "hot_weibo_tags": [], "text_tag_tips": [], "mblogtype": 0, "userType": 0, "more_info_type": 0, "positive_recom_flag": 0, "content_auth": 0, "gif_ids": "", "is_show_bulletin": 2, "comment_manage_info": {"comment_permission_type": -1, "approval_comment_type": 0, "comment_sort_type": 0, "ai_play_picture_type": 0}, "pic_num": 0, "can_reprint": false, "new_comment_style": 0}, "readtimetype": "comment", "comment_dynamic_message": {"id": "0", "start_color": "#00FFFFFF", "end_color": "#1AFFFFFF", "start_color_dark": "#003A3A3A", "end_color_dark": "#333A3A3A", "name": {"zh_CN": "默认", "zh_HK": "默認", "en_US": "default"}, "scheme": "https://new.vip.weibo.cn/bubble/mall?showmenu=0&decorateId=0&uid=2661549585", "allow_vip_box_content": "用此评论气泡", "allow_vip_box_icon": "https://h5.sinaimg.cn/upload/100/1720/2022/08/08/icon_VIP_for_comment_bubble.png"}, "match_ai_play_picture": false}