{"created_at": "Mon Jul 04 10:54:32 +0800 2022", "id": 4787461676335478, "rootid": 4787461676335478, "rootidstr": "4787461676335478", "floor_number": 7, "text": "扯蛋，吉林没听说有这么高。", "disable_reply": 0, "restrictOperate": 0, "source_allowclick": 0, "source_type": 4, "source": "<a href=\"\" rel=\"nofollow\">来自吉林</a>", "user": {"id": 1096824080, "idstr": "1096824080", "class": 1, "screen_name": "上哪说理去", "name": "上哪说理去", "province": "22", "city": "1", "location": "吉林 长春", "description": "", "url": "http://blog.sina.com.cn/jbl317248653", "profile_image_url": "https://tva1.sinaimg.cn/crop.0.0.960.960.50/41603510jw8f1v9riu5r5j20qo0qona7.jpg?KID=imgbed,tva&Expires=1670006100&ssig=S7nVerVtZV", "light_ring": false, "cover_image_phone": "http://ww1.sinaimg.cn/crop.0.0.640.640.640/549d0121tw1egm1kjly3jj20hs0hsq4f.jpg", "profile_url": "u/1096824080", "domain": "", "weihao": "", "gender": "m", "followers_count": 153, "followers_count_str": "153", "friends_count": 255, "pagefriends_count": 3, "statuses_count": 328, "video_status_count": 3, "video_play_count": 0, "super_topic_not_syn_count": 0, "favourites_count": 4, "created_at": "Wed Jun 22 19:32:29 +0800 2011", "following": false, "allow_all_act_msg": false, "geo_enabled": true, "verified": false, "verified_type": -1, "remark": "", "insecurity": {"sexual_content": false}, "ptype": 0, "allow_all_comment": true, "avatar_large": "https://tva1.sinaimg.cn/crop.0.0.960.960.180/41603510jw8f1v9riu5r5j20qo0qona7.jpg?KID=imgbed,tva&Expires=1670006100&ssig=sKMaHlciPd", "avatar_hd": "https://tva1.sinaimg.cn/crop.0.0.960.960.1024/41603510jw8f1v9riu5r5j20qo0qona7.jpg?KID=imgbed,tva&Expires=1670006100&ssig=cdRdi92UDg", "verified_reason": "", "verified_trade": "", "verified_reason_url": "", "verified_source": "", "verified_source_url": "", "follow_me": false, "like": false, "like_me": false, "online_status": 0, "bi_followers_count": 109, "lang": "zh-cn", "star": 0, "mbtype": 0, "mbrank": 0, "svip": 0, "mb_expire_time": 0, "block_word": 0, "block_app": 0, "chaohua_ability": 0, "brand_ability": 0, "nft_ability": 0, "vplus_ability": 0, "wenda_ability": 0, "live_ability": 0, "gongyi_ability": 0, "paycolumn_ability": 0, "newbrand_ability": 0, "ecommerce_ability": 0, "hardfan_ability": 0, "credit_score": 80, "user_ability": 44302336, "urank": 15, "story_read_state": -1, "vclub_member": 0, "is_teenager": 0, "is_guardian": 0, "is_teenager_list": 0, "pc_new": 7, "special_follow": false, "planet_video": 2, "video_mark": 2, "live_status": 0, "user_ability_extend": 0, "status_total_counter": {"total_cnt": 182, "repost_cnt": 69, "comment_cnt": 81, "like_cnt": 30, "comment_like_cnt": 2}, "video_total_counter": {"play_cnt": 422}, "brand_account": 0, "hongbaofei": 0, "tab_manage": "[0, 0]", "reward_status": 0, "green_mode": 0, "urisk": 0, "avatar_type": 0}, "mid": "4787461676335478", "idstr": "4787461676335478", "status": {"visible": {"type": 0, "list_id": 0}, "created_at": "Mon Jul 04 10:33:54 +0800 2022", "id": 4787456479594094, "idstr": "4787456479594094", "mid": "4787456479594094", "can_edit": false, "version": 2, "show_additional_indication": 0, "text": "这个数据靠谱不？全国离婚率，东北最高，辽宁65.83%，黑龙江67.16%，吉林71.51%……[疑问][吃惊] ​​​", "textLength": 97, "source_allowclick": 1, "source_type": 1, "source": "<a href=\"http://app.weibo.com/t/feed/4lfQTu\" rel=\"nofollow\">三星A9s 颠覆性四摄</a>", "favorited": false, "truncated": false, "in_reply_to_status_id": "", "in_reply_to_user_id": "", "in_reply_to_screen_name": "", "pic_urls": [{"thumbnail_pic": "http://wx2.sinaimg.cn/thumbnail/6bbf8d3cgy1h3u4niqrorj20u0195doo.jpg"}], "thumbnail_pic": "http://wx2.sinaimg.cn/thumbnail/6bbf8d3cgy1h3u4niqrorj20u0195doo.jpg", "bmiddle_pic": "http://wx2.sinaimg.cn/bmiddle/6bbf8d3cgy1h3u4niqrorj20u0195doo.jpg", "original_pic": "http://wx2.sinaimg.cn/large/6bbf8d3cgy1h3u4niqrorj20u0195doo.jpg", "geo": null, "is_paid": false, "mblog_vip_type": 0, "user": {"id": 1807715644, "idstr": "1807715644", "class": 1, "screen_name": "段郎说事", "name": "段郎说事", "province": "36", "city": "1000", "location": "江西", "description": "全国“十大公务人员微博”、“十大政法官员有影响力微博”。联系微信：18679225958，本微博观点与官方无关。", "url": "http://t.sina.com.cn/1807715644/profile/", "profile_image_url": "https://tva3.sinaimg.cn/crop.91.213.533.533.50/6bbf8d3cjw8f9o68lyjj5j20jx0qodif.jpg?KID=imgbed,tva&Expires=1670006100&ssig=5l4D0QJyYa", "light_ring": false, "cover_image_phone": "http://ww1.sinaimg.cn/crop.0.0.640.640.640/9d44112bjw1f1xl1c10tuj20hs0hs0tw.jpg", "profile_url": "dxy5958", "domain": "dxy5958", "weihao": "", "gender": "m", "followers_count": 4008608, "followers_count_str": "400.9万", "friends_count": 1409, "pagefriends_count": 16, "statuses_count": 73166, "video_status_count": 617, "video_play_count": 0, "super_topic_not_syn_count": 0, "favourites_count": 13, "created_at": "Mon Sep 06 17:00:02 +0800 2010", "following": false, "allow_all_act_msg": true, "geo_enabled": true, "verified": true, "verified_type": 0, "remark": "", "insecurity": {"sexual_content": false}, "ptype": 8, "allow_all_comment": true, "avatar_large": "https://tva3.sinaimg.cn/crop.91.213.533.533.180/6bbf8d3cjw8f9o68lyjj5j20jx0qodif.jpg?KID=imgbed,tva&Expires=1670006100&ssig=hjCE%2BA%2B%2Bs4", "avatar_hd": "https://tva3.sinaimg.cn/crop.91.213.533.533.1024/6bbf8d3cjw8f9o68lyjj5j20jx0qodif.jpg?KID=imgbed,tva&Expires=1670006100&ssig=pR9tJstyLt", "verified_reason": "九江市公安局民警段兴焱 超话粉丝大咖（郎摘新闻超话）", "verified_trade": "1217", "verified_reason_url": "", "verified_source": "", "verified_source_url": "", "verified_state": 0, "verified_level": 3, "verified_type_ext": 1, "has_service_tel": false, "verified_reason_modified": "", "verified_contact_name": "", "verified_contact_email": "", "verified_contact_mobile": "", "follow_me": false, "like": false, "like_me": false, "online_status": 0, "bi_followers_count": 1334, "lang": "zh-cn", "star": 0, "mbtype": 12, "mbrank": 9, "svip": 1, "mb_expire_time": 1675526400, "block_word": 0, "block_app": 1, "chaohua_ability": 0, "brand_ability": 0, "nft_ability": 0, "vplus_ability": 3, "wenda_ability": 0, "live_ability": 0, "gongyi_ability": 0, "paycolumn_ability": 0, "newbrand_ability": 0, "ecommerce_ability": 0, "hardfan_ability": 0, "ability_tags": "公安", "credit_score": 80, "user_ability": 10889752, "cardid": "star_1545", "avatargj_id": "gj_vip_691", "urank": 48, "story_read_state": -1, "verified_detail": {"custom": 1, "data": [{"key": 1, "sub_key": 0, "weight": 10, "desc": "九江市公安局民警段兴焱", "timestamp": 0, "verify_extend": {"real_name_verified": "1"}}, {"key": 8, "sub_key": 0, "weight": 102, "desc": "超话粉丝大咖（郎摘新闻超话）", "timestamp": 0}]}, "vclub_member": 0, "is_teenager": 0, "is_guardian": 0, "is_teenager_list": 0, "pc_new": 7, "special_follow": false, "planet_video": 2, "video_mark": 15, "live_status": 0, "user_ability_extend": 0, "status_total_counter": {"total_cnt": 15315826, "repost_cnt": 4989703, "comment_cnt": 3671528, "like_cnt": 4340858, "comment_like_cnt": 2313737}, "video_total_counter": {"play_cnt": 51701077}, "brand_account": 0, "hongbaofei": 0, "tab_manage": "[0, 0]", "reward_status": 0, "green_mode": 0, "urisk": 34896609280, "avatar_type": 0}, "annotations": [{"photo_sub_type": "0"}, {}, {"client_mblogid": "d7a2cf0c-d116-4619-a1c4-02b97f3be0f2"}, {"mapi_request": true}], "picStatus": "0:1", "reposts_count": 0, "comments_count": 0, "reprint_cmt_count": 0, "attitudes_count": 0, "pending_approval_count": 0, "isLongText": false, "reward_exhibition_type": 0, "hide_flag": 0, "mlevel": 128, "show_mlevel": 0, "biz_feature": 4294967300, "hasActionTypeCard": 0, "darwin_tags": [], "hot_weibo_tags": [], "text_tag_tips": [], "mblogtype": 0, "userType": 0, "mlevelSource": "monitor", "more_info_type": 0, "cardid": "star_583", "number_display_strategy": {"apply_scenario_flag": 3, "display_text_min_number": 1000000, "display_text": "100万+"}, "positive_recom_flag": 0, "content_auth": 0, "gif_ids": "", "is_show_bulletin": 2, "comment_manage_info": {"comment_permission_type": -1, "approval_comment_type": 0, "comment_sort_type": 0, "ai_play_picture_type": 0}, "pic_num": 1, "can_reprint": false, "new_comment_style": 0}, "readtimetype": "comment", "match_ai_play_picture": false}