{"mid": "7756786365", "uid": "MncxGt8uW", "name": "文登融媒", "time": "2023-1-7 15:30:00", "local": "", "iphone": "微博视频号", "context": "【#解放军对过航台湾海峡美舰跟监警戒#】@东部战区新闻发言人施毅陆军大校表示，1月5日，美“钟云”号导弹驱逐舰过航台湾海峡并公开炒作，中国人民解放军东部战区组织兵力对美舰过航行动全程跟监警戒，一切动向尽在掌握。#美舰过航台湾海峡东部战区回应#东部战区的微博视频", "comment_num": "0", "like_num": "0", "user": {"focus": "230", "fans": "494", "tweet": "43753"}}