{"created_at": "Tue Sep 27 20:58:49 +0800 2022", "id": 4818416714388557, "rootid": 4809689369413024, "rootidstr": "4809689369413024", "floor_number": 0, "text": "回复@要坚强的坚坚:不管够不够，但是有案底了吧[喵喵]", "disable_reply": 0, "restrictOperate": 0, "source_allowclick": 0, "source_type": 4, "source": "<a href=\"\" rel=\"nofollow\">来自河南</a>", "user": {"id": 7348885477, "idstr": "7348885477", "class": 1, "screen_name": "心存善念福虽未至祸已远行", "name": "心存善念福虽未至祸已远行", "province": "31", "city": "1", "location": "上海 黄浦区", "description": "革命的本钱是身体，要养身；幸福的根本是平安，要保重；成功的基石是努力，要勤奋；快乐的源泉是开心，要微笑；生活的真谛是洒脱，要享受！", "url": "", "profile_image_url": "https://tvax4.sinaimg.cn/crop.0.0.1076.1076.50/0081laOVly8h64a0wfl6pj30tw0twwi8.jpg?KID=imgbed,tva&Expires=1674069209&ssig=tOmdN2Bjgb", "light_ring": false, "cover_image_phone": "https://ww1.sinaimg.cn/crop.0.0.640.640.640/549d0121tw1egm1kjly3jj20hs0hsq4f.jpg", "profile_url": "u/7348885477", "domain": "", "weihao": "", "gender": "f", "followers_count": 8, "followers_count_str": "8", "friends_count": 188, "pagefriends_count": 25, "statuses_count": 777, "video_status_count": 3, "video_play_count": 0, "super_topic_not_syn_count": 0, "favourites_count": 25, "created_at": "Wed Dec 04 12:45:50 +0800 2019", "following": false, "allow_all_act_msg": false, "geo_enabled": true, "verified": false, "verified_type": -1, "remark": "", "insecurity": {"sexual_content": false}, "ptype": 0, "allow_all_comment": true, "avatar_large": "https://tvax4.sinaimg.cn/crop.0.0.1076.1076.180/0081laOVly8h64a0wfl6pj30tw0twwi8.jpg?KID=imgbed,tva&Expires=1674069209&ssig=DdgdFXqJa7", "avatar_hd": "https://tvax4.sinaimg.cn/crop.0.0.1076.1076.1024/0081laOVly8h64a0wfl6pj30tw0twwi8.jpg?KID=imgbed,tva&Expires=1674069209&ssig=jT7qZ%2BT%2Bv3", "verified_reason": "", "verified_trade": "", "verified_reason_url": "", "verified_source": "", "verified_source_url": "", "follow_me": false, "like": false, "like_me": false, "online_status": 0, "bi_followers_count": 2, "lang": "zh-cn", "star": 0, "mbtype": 12, "mbrank": 2, "svip": 0, "mb_expire_time": 1700323200, "block_word": 0, "block_app": 1, "chaohua_ability": 0, "brand_ability": 0, "nft_ability": 0, "vplus_ability": 0, "wenda_ability": 0, "live_ability": 0, "gongyi_ability": 0, "paycolumn_ability": 0, "newbrand_ability": 0, "ecommerce_ability": 0, "hardfan_ability": 0, "wbcolumn_ability": 0, "credit_score": 80, "user_ability": 2359296, "avatargj_id": "gj_vip_660", "urank": 0, "story_read_state": -1, "vclub_member": 0, "is_teenager": 0, "is_guardian": 0, "is_teenager_list": 0, "pc_new": 0, "special_follow": false, "planet_video": 2, "video_mark": 2, "live_status": 0, "user_ability_extend": 0, "status_total_counter": {"total_cnt": 4975, "repost_cnt": 102, "comment_cnt": 1529, "like_cnt": 1976, "comment_like_cnt": 1368}, "video_total_counter": {"play_cnt": 19909}, "brand_account": 0, "hongbaofei": 0, "tab_manage": "[16912010, 0]", "reward_status": 0, "green_mode": 0, "urisk": 524288, "unfollowing_recom_switch": 1, "avatar_type": 0}, "mid": "4818416714388557", "idstr": "4818416714388557", "status": {"visible": {"type": 0, "list_id": 0}, "created_at": "Sat Sep 03 11:15:13 +0800 2022", "id": 4809572537603023, "idstr": "4809572537603023", "mid": "4809572537603023", "can_edit": false, "version": 4, "show_additional_indication": 0, "text": "小伙因没给男子让座，竟遭到男子猛踹！男子：我在教他给老人让座……[怒] http://t.cn/A6SprIyq ​", "textLength": 89, "source_allowclick": 1, "source_type": 1, "source": "<a href=\"http://app.weibo.com/t/feed/1qbOe6\" rel=\"nofollow\">荣耀20 PRO</a>", "favorited": false, "truncated": false, "in_reply_to_status_id": "", "in_reply_to_user_id": "", "in_reply_to_screen_name": "", "pic_urls": [], "geo": null, "is_paid": false, "mblog_vip_type": 0, "user": {"id": 5287516472, "idstr": "5287516472", "class": 1, "screen_name": "糗事乞丐君", "name": "糗事乞丐君", "province": "61", "city": "1000", "location": "陕西", "description": "每天更新高能预警的视频～", "url": "http://wozaigaofeng@qq.com", "profile_image_url": "https://tvax2.sinaimg.cn/crop.0.0.996.996.50/005LPSzKly8gu26jh32juj30ro0roabh.jpg?KID=imgbed,tva&Expires=1674069209&ssig=jURwcXW1%2BW", "light_ring": false, "cover_image_phone": "https://wx3.sinaimg.cn/crop.0.0.640.640.640/005LPSzKly1h5w0rgadu6j30tb0tbjv1.jpg", "profile_url": "u/5287516472", "domain": "", "weihao": "", "gender": "f", "followers_count": 107731, "followers_count_str": "10.8万", "friends_count": 3857, "pagefriends_count": 2, "statuses_count": 10129, "video_status_count": 9857, "video_play_count": 0, "super_topic_not_syn_count": 0, "favourites_count": 663, "created_at": "Mon Sep 08 14:01:10 +0800 2014", "following": false, "allow_all_act_msg": false, "geo_enabled": true, "verified": true, "verified_type": 0, "remark": "", "insecurity": {"sexual_content": false}, "ptype": 0, "allow_all_comment": true, "avatar_large": "https://tvax2.sinaimg.cn/crop.0.0.996.996.180/005LPSzKly8gu26jh32juj30ro0roabh.jpg?KID=imgbed,tva&Expires=1674069209&ssig=WanmKjL7zl", "avatar_hd": "https://tvax2.sinaimg.cn/crop.0.0.996.996.1024/005LPSzKly8gu26jh32juj30ro0roabh.jpg?KID=imgbed,tva&Expires=1674069209&ssig=KdX1xdxZ7N", "verified_reason": "电影博主 微博原创视频博主", "verified_trade": "", "verified_reason_url": "", "verified_source": "", "verified_source_url": "", "verified_state": 0, "verified_level": 3, "verified_type_ext": 0, "has_service_tel": false, "verified_reason_modified": "", "verified_contact_name": "", "verified_contact_email": "", "verified_contact_mobile": "", "follow_me": false, "like": false, "like_me": false, "online_status": 0, "bi_followers_count": 3293, "lang": "zh-cn", "star": 0, "mbtype": 11, "mbrank": 4, "svip": 0, "mb_expire_time": 1675699200, "block_word": 0, "block_app": 1, "chaohua_ability": 0, "brand_ability": 0, "nft_ability": 0, "vplus_ability": 0, "wenda_ability": 5, "live_ability": 0, "gongyi_ability": 0, "paycolumn_ability": 1, "newbrand_ability": 0, "ecommerce_ability": 0, "hardfan_ability": 1, "wbcolumn_ability": 0, "credit_score": 80, "user_ability": -2145122296, "cardid": "star_1108", "urank": 0, "story_read_state": -1, "verified_detail": {"custom": 0, "data": [{"key": 16, "sub_key": 1, "weight": 103, "desc": "微博原创视频博主"}, {"key": 2, "sub_key": 0, "weight": 101, "desc": "电影博主"}]}, "vclub_member": 0, "is_teenager": 0, "is_guardian": 0, "is_teenager_list": 0, "pc_new": 7, "special_follow": false, "planet_video": 2, "video_mark": 15, "live_status": 0, "user_ability_extend": 0, "status_total_counter": {"total_cnt": 1110045, "repost_cnt": 53846, "comment_cnt": 150380, "like_cnt": 457008, "comment_like_cnt": 448811}, "video_total_counter": {"play_cnt": 264929755}, "brand_account": 0, "hongbaofei": 0, "tab_manage": "[0, 0]", "reward_status": 0, "green_mode": 0, "urisk": 0, "unfollowing_recom_switch": 1, "avatar_type": 0}, "annotations": [{}, {}, {"client_mblogid": "572e4880-e567-4870-9ecd-03a51b91d3d2"}, {"mapi_request": true}], "reposts_count": 0, "comments_count": 0, "reprint_cmt_count": 0, "attitudes_count": 0, "pending_approval_count": 0, "isLongText": false, "reward_exhibition_type": 0, "hide_flag": 0, "mlevel": 128, "show_mlevel": 0, "biz_ids": [230444], "biz_feature": 4294967304, "hasActionTypeCard": 0, "darwin_tags": [], "hot_weibo_tags": [], "text_tag_tips": [], "mblogtype": 0, "userType": 0, "mlevelSource": "monitor", "more_info_type": 0, "number_display_strategy": {"apply_scenario_flag": 3, "display_text_min_number": 1000000, "display_text": "100万+"}, "positive_recom_flag": 0, "content_auth": 0, "gif_ids": "", "is_show_bulletin": 2, "comment_manage_info": {"comment_permission_type": -1, "approval_comment_type": 0, "comment_sort_type": 0, "ai_play_picture_type": 0}, "pic_num": 0, "fid": 4809572043980897, "can_reprint": false, "new_comment_style": 0}, "reply_comment": {"created_at": "Sat Sep 03 18:59:27 +0800 2022", "id": 4809689369413024, "rootid": 4809689369413024, "rootidstr": "4809689369413024", "floor_number": 285, "text": "我来后续吧，【南京地铁踹人者被行拘4天】据地铁警方通报，24日下午，38岁宿迁人孙某在从地铁三号线为老人让座后，不满身边17岁山东小伙樊某没让座，为发泄情绪对樊某胸部踢踹，构成寻衅滋事。结合主动投案的减轻情节，孙某被行政拘留4日。[思考]踹1脚=行拘4天，这处罚重吗？", "disable_reply": 0, "restrictOperate": 0, "user": {"id": 1991925801, "idstr": "1991925801", "class": 1, "screen_name": "要坚强的坚坚", "name": "要坚强的坚坚", "province": "31", "city": "15", "location": "上海 浦东新区", "description": "", "url": "", "profile_image_url": "https://tva2.sinaimg.cn/crop.0.0.180.180.50/76ba6029jw1e8qgp5bmzyj2050050aa8.jpg?KID=imgbed,tva&Expires=1674069209&ssig=FaR%2BNwz%2FOF", "light_ring": false, "cover_image_phone": "https://ww1.sinaimg.cn/crop.0.0.640.640.640/549d0121tw1egm1kjly3jj20hs0hsq4f.jpg", "profile_url": "jianqiang001", "domain": "jianqiang001", "weihao": "", "gender": "m", "followers_count": 988, "followers_count_str": "988", "friends_count": 1147, "pagefriends_count": 47, "statuses_count": 1919, "video_status_count": 1, "video_play_count": 0, "super_topic_not_syn_count": 0, "favourites_count": 12, "created_at": "Fri Feb 25 22:29:39 +0800 2011", "following": false, "allow_all_act_msg": false, "geo_enabled": true, "verified": false, "verified_type": -1, "remark": "", "insecurity": {"sexual_content": false}, "ptype": 0, "allow_all_comment": false, "avatar_large": "https://tva2.sinaimg.cn/crop.0.0.180.180.180/76ba6029jw1e8qgp5bmzyj2050050aa8.jpg?KID=imgbed,tva&Expires=1674069209&ssig=vCy4QNFQHt", "avatar_hd": "https://tva2.sinaimg.cn/crop.0.0.180.180.1024/76ba6029jw1e8qgp5bmzyj2050050aa8.jpg?KID=imgbed,tva&Expires=1674069209&ssig=y2KQMLR1sn", "verified_reason": "", "verified_trade": "", "verified_reason_url": "", "verified_source": "", "verified_source_url": "", "follow_me": false, "like": false, "like_me": false, "online_status": 0, "bi_followers_count": 155, "lang": "zh-cn", "star": 0, "mbtype": 0, "mbrank": 0, "svip": 0, "mb_expire_time": 0, "block_word": 0, "block_app": 0, "credit_score": 80, "user_ability": 2359296, "urank": 32, "story_read_state": -1, "vclub_member": 0, "is_teenager": 0, "is_guardian": 0, "is_teenager_list": 0, "pc_new": 0, "special_follow": false, "planet_video": 0, "video_mark": 0, "live_status": 0, "user_ability_extend": 0, "status_total_counter": {"total_cnt": 1906, "repost_cnt": 968, "comment_cnt": 624, "like_cnt": 274, "comment_like_cnt": 40}, "video_total_counter": {"play_cnt": 648}, "brand_account": 0, "hongbaofei": 0, "tab_manage": "[0, 0]", "green_mode": 0, "urisk": 0, "unfollowing_recom_switch": 1, "block": 0, "block_me": 0, "avatar_type": 0}, "mid": "4809689369413024", "idstr": "4809689369413024", "sync_id": 4809572043980897, "sync_uuid": 4809572043980897, "sync_generate_level": 1, "match_ai_play_picture": false}, "reply_original_text": "不管够不够，但是有案底了吧[喵喵]", "readtimetype": "comment", "sync_id": 4809689369413024, "sync_uuid": 4809572043980897, "sync_generate_level": 2, "match_ai_play_picture": false}