{"created_at": "Tue Sep 13 17:00:25 +0800 2022", "id": 4813283288159323, "rootid": 4810071084632820, "rootidstr": "4810071084632820", "floor_number": 0, "text": "回复@流泪龙龙头:多年前的", "disable_reply": 0, "restrictOperate": 0, "source_allowclick": 0, "source_type": 4, "source": "<a href=\"\" rel=\"nofollow\">来自北京</a>", "user": {"id": 1455545864, "idstr": "1455545864", "class": 1, "screen_name": "五柳书屋", "name": "五柳书屋", "province": "11", "city": "1000", "location": "北京", "description": "善恶终有报，天道好轮回。不信抬头看，苍天饶过谁。", "url": "", "profile_image_url": "https://tvax3.sinaimg.cn/crop.267.53.437.437.50/56c1de08ly8h7g99q94z5j20lw0eatac.jpg?KID=imgbed,tva&Expires=1674069469&ssig=fNj9q6Mrij", "light_ring": false, "cover_image_phone": "https://ww1.sinaimg.cn/crop.0.0.640.640.640/549d0121tw1egm1kjly3jj20hs0hsq4f.jpg", "profile_url": "u/1455545864", "domain": "", "weihao": "", "gender": "m", "followers_count": 974, "followers_count_str": "974", "friends_count": 987, "pagefriends_count": 4, "statuses_count": 7045, "video_status_count": 0, "video_play_count": 0, "super_topic_not_syn_count": 0, "favourites_count": 148, "created_at": "Sun Nov 08 11:09:44 +0800 2009", "following": false, "allow_all_act_msg": false, "geo_enabled": false, "verified": false, "verified_type": -1, "remark": "", "insecurity": {"sexual_content": false}, "ptype": 0, "allow_all_comment": true, "avatar_large": "https://tvax3.sinaimg.cn/crop.267.53.437.437.180/56c1de08ly8h7g99q94z5j20lw0eatac.jpg?KID=imgbed,tva&Expires=1674069469&ssig=GDdDPWCuYy", "avatar_hd": "https://tvax3.sinaimg.cn/crop.267.53.437.437.1024/56c1de08ly8h7g99q94z5j20lw0eatac.jpg?KID=imgbed,tva&Expires=1674069469&ssig=9EllknvWdz", "verified_reason": "", "verified_trade": "", "verified_reason_url": "", "verified_source": "", "verified_source_url": "", "follow_me": false, "like": false, "like_me": false, "online_status": 0, "bi_followers_count": 80, "lang": "zh-cn", "star": 0, "mbtype": 0, "mbrank": 0, "svip": 0, "mb_expire_time": 0, "block_word": 0, "block_app": 0, "chaohua_ability": 0, "brand_ability": 0, "nft_ability": 0, "vplus_ability": 0, "wenda_ability": 0, "live_ability": 0, "gongyi_ability": 0, "paycolumn_ability": 0, "newbrand_ability": 0, "ecommerce_ability": 0, "hardfan_ability": 0, "wbcolumn_ability": 0, "credit_score": 80, "user_ability": 10485760, "urank": 38, "story_read_state": -1, "vclub_member": 0, "is_teenager": 0, "is_guardian": 0, "is_teenager_list": 0, "pc_new": 7, "special_follow": false, "planet_video": 0, "video_mark": 0, "live_status": 0, "user_ability_extend": 0, "status_total_counter": {"total_cnt": 3332, "repost_cnt": 1098, "comment_cnt": 1877, "like_cnt": 335, "comment_like_cnt": 22}, "video_total_counter": {"play_cnt": -1}, "brand_account": 0, "hongbaofei": 0, "tab_manage": "[0, 0]", "reward_status": 0, "green_mode": 0, "urisk": 17179869184, "unfollowing_recom_switch": 1, "avatar_type": 0}, "mid": "4813283288159323", "idstr": "4813283288159323", "status": {"visible": {"type": 0, "list_id": 0}, "created_at": "Sat Sep 03 11:15:13 +0800 2022", "id": 4809572537603023, "idstr": "4809572537603023", "mid": "4809572537603023", "can_edit": false, "version": 4, "show_additional_indication": 0, "text": "小伙因没给男子让座，竟遭到男子猛踹！男子：我在教他给老人让座……[怒] http://t.cn/A6SprIyq ​", "textLength": 89, "source_allowclick": 1, "source_type": 1, "source": "<a href=\"http://app.weibo.com/t/feed/1qbOe6\" rel=\"nofollow\">荣耀20 PRO</a>", "favorited": false, "truncated": false, "in_reply_to_status_id": "", "in_reply_to_user_id": "", "in_reply_to_screen_name": "", "pic_urls": [], "geo": null, "is_paid": false, "mblog_vip_type": 0, "user": {"id": 5287516472, "idstr": "5287516472", "class": 1, "screen_name": "糗事乞丐君", "name": "糗事乞丐君", "province": "61", "city": "1000", "location": "陕西", "description": "每天更新高能预警的视频～", "url": "http://wozaigaofeng@qq.com", "profile_image_url": "https://tvax2.sinaimg.cn/crop.0.0.996.996.50/005LPSzKly8gu26jh32juj30ro0roabh.jpg?KID=imgbed,tva&Expires=1674069469&ssig=k6BVG5paC6", "light_ring": false, "cover_image_phone": "https://wx3.sinaimg.cn/crop.0.0.640.640.640/005LPSzKly1h5w0rgadu6j30tb0tbjv1.jpg", "profile_url": "u/5287516472", "domain": "", "weihao": "", "gender": "f", "followers_count": 107731, "followers_count_str": "10.8万", "friends_count": 3857, "pagefriends_count": 2, "statuses_count": 10129, "video_status_count": 9857, "video_play_count": 0, "super_topic_not_syn_count": 0, "favourites_count": 663, "created_at": "Mon Sep 08 14:01:10 +0800 2014", "following": false, "allow_all_act_msg": false, "geo_enabled": true, "verified": true, "verified_type": 0, "remark": "", "insecurity": {"sexual_content": false}, "ptype": 0, "allow_all_comment": true, "avatar_large": "https://tvax2.sinaimg.cn/crop.0.0.996.996.180/005LPSzKly8gu26jh32juj30ro0roabh.jpg?KID=imgbed,tva&Expires=1674069469&ssig=PrgRQokC72", "avatar_hd": "https://tvax2.sinaimg.cn/crop.0.0.996.996.1024/005LPSzKly8gu26jh32juj30ro0roabh.jpg?KID=imgbed,tva&Expires=1674069469&ssig=UKx4PzRSiQ", "verified_reason": "电影博主 微博原创视频博主", "verified_trade": "", "verified_reason_url": "", "verified_source": "", "verified_source_url": "", "verified_state": 0, "verified_level": 3, "verified_type_ext": 0, "has_service_tel": false, "verified_reason_modified": "", "verified_contact_name": "", "verified_contact_email": "", "verified_contact_mobile": "", "follow_me": false, "like": false, "like_me": false, "online_status": 0, "bi_followers_count": 3293, "lang": "zh-cn", "star": 0, "mbtype": 11, "mbrank": 4, "svip": 0, "mb_expire_time": 1675699200, "block_word": 0, "block_app": 1, "chaohua_ability": 0, "brand_ability": 0, "nft_ability": 0, "vplus_ability": 0, "wenda_ability": 5, "live_ability": 0, "gongyi_ability": 0, "paycolumn_ability": 1, "newbrand_ability": 0, "ecommerce_ability": 0, "hardfan_ability": 1, "wbcolumn_ability": 0, "credit_score": 80, "user_ability": -2145122296, "cardid": "star_1108", "urank": 0, "story_read_state": -1, "verified_detail": {"custom": 0, "data": [{"key": 16, "sub_key": 1, "weight": 103, "desc": "微博原创视频博主"}, {"key": 2, "sub_key": 0, "weight": 101, "desc": "电影博主"}]}, "vclub_member": 0, "is_teenager": 0, "is_guardian": 0, "is_teenager_list": 0, "pc_new": 7, "special_follow": false, "planet_video": 2, "video_mark": 15, "live_status": 0, "user_ability_extend": 0, "status_total_counter": {"total_cnt": 1110045, "repost_cnt": 53846, "comment_cnt": 150380, "like_cnt": 457008, "comment_like_cnt": 448811}, "video_total_counter": {"play_cnt": 264929755}, "brand_account": 0, "hongbaofei": 0, "tab_manage": "[0, 0]", "reward_status": 0, "green_mode": 0, "urisk": 0, "unfollowing_recom_switch": 1, "avatar_type": 0}, "annotations": [{}, {}, {"client_mblogid": "572e4880-e567-4870-9ecd-03a51b91d3d2"}, {"mapi_request": true}], "reposts_count": 0, "comments_count": 0, "reprint_cmt_count": 0, "attitudes_count": 0, "pending_approval_count": 0, "isLongText": false, "reward_exhibition_type": 0, "hide_flag": 0, "mlevel": 128, "show_mlevel": 0, "biz_ids": [230444], "biz_feature": 4294967304, "hasActionTypeCard": 0, "darwin_tags": [], "hot_weibo_tags": [], "text_tag_tips": [], "mblogtype": 0, "userType": 0, "mlevelSource": "monitor", "more_info_type": 0, "number_display_strategy": {"apply_scenario_flag": 3, "display_text_min_number": 1000000, "display_text": "100万+"}, "positive_recom_flag": 0, "content_auth": 0, "gif_ids": "", "is_show_bulletin": 2, "comment_manage_info": {"comment_permission_type": -1, "approval_comment_type": 0, "comment_sort_type": 0, "ai_play_picture_type": 0}, "pic_num": 0, "fid": 4809572043980897, "can_reprint": false, "new_comment_style": 0}, "reply_comment": {"created_at": "Sun Sep 04 20:16:16 +0800 2022", "id": 4810071084632820, "rootid": 4810071084632820, "rootidstr": "4810071084632820", "floor_number": 2296, "text": "这应该不是最近的吧？怎么都没戴口罩？", "disable_reply": 0, "restrictOperate": 0, "user": {"id": 7464702043, "idstr": "7464702043", "class": 1, "screen_name": "流泪龙龙头", "name": "流泪龙龙头", "province": "100", "city": "1000", "location": "其他", "description": "", "url": "", "profile_image_url": "https://tvax1.sinaimg.cn/default/images/default_avatar_female_50.gif?KID=imgbed,tva&Expires=1674069469&ssig=CIjYACFp%2Bf", "light_ring": false, "profile_url": "u/7464702043", "domain": "", "weihao": "", "gender": "f", "followers_count": 0, "followers_count_str": "0", "friends_count": 64, "pagefriends_count": 5, "statuses_count": 9, "video_status_count": 0, "video_play_count": 0, "super_topic_not_syn_count": 0, "favourites_count": 3, "created_at": "Sun Jul 19 16:49:26 +0800 2020", "following": false, "allow_all_act_msg": false, "geo_enabled": true, "verified": false, "verified_type": -1, "remark": "", "insecurity": {"sexual_content": false}, "ptype": 0, "allow_all_comment": true, "avatar_large": "https://tvax1.sinaimg.cn/default/images/default_avatar_female_180.gif?KID=imgbed,tva&Expires=1674069469&ssig=SDfUfYB%2BjC", "avatar_hd": "https://tvax1.sinaimg.cn/default/images/default_avatar_female_180.gif?KID=imgbed,tva&Expires=1674069469&ssig=SDfUfYB%2BjC", "verified_reason": "", "verified_trade": "", "verified_reason_url": "", "verified_source": "", "verified_source_url": "", "follow_me": false, "like": false, "like_me": false, "online_status": 0, "bi_followers_count": 0, "lang": "zh-cn", "star": 0, "mbtype": 0, "mbrank": 0, "svip": 0, "mb_expire_time": 0, "block_word": 0, "block_app": 0, "credit_score": 80, "user_ability": 2097152, "urank": 0, "story_read_state": -1, "vclub_member": 0, "is_teenager": 0, "is_guardian": 0, "is_teenager_list": 0, "pc_new": 0, "special_follow": false, "planet_video": 0, "video_mark": 0, "live_status": 0, "user_ability_extend": 0, "status_total_counter": {"total_cnt": 5, "repost_cnt": 0, "comment_cnt": 1, "like_cnt": 4, "comment_like_cnt": 0}, "video_total_counter": {"play_cnt": -1}, "brand_account": 0, "hongbaofei": 0, "tab_manage": "[0, 0]", "green_mode": 0, "urisk": 0, "unfollowing_recom_switch": 1, "block": 0, "block_me": 0, "avatar_type": 0}, "mid": "4810071084632820", "idstr": "4810071084632820", "match_ai_play_picture": false}, "reply_original_text": "多年前的", "readtimetype": "comment", "sync_id": 4810071084632820, "sync_uuid": 4809572043980897, "sync_generate_level": 2, "match_ai_play_picture": false}