{"created_at": "Tue Sep 27 00:11:55 +0800 2022", "id": 4818102921988715, "rootid": 4818102921988715, "rootidstr": "4818102921988715", "floor_number": 7023, "text": "要我就躺下口吐白沫[doge]", "disable_reply": 0, "restrictOperate": 0, "source_allowclick": 0, "source_type": 4, "source": "<a href=\"\" rel=\"nofollow\">来自广东</a>", "user": {"id": 5051377973, "idstr": "5051377973", "class": 1, "screen_name": "夜夏微凉呀", "name": "夜夏微凉呀", "province": "36", "city": "1", "location": "江西 南昌", "description": "那一场盛世流年，我们守着寂寞伤得面目全非。", "url": "", "profile_image_url": "https://tvax1.sinaimg.cn/crop.0.0.664.664.50/005vR4ahly8fpup2eyc5hj30ig0ihgmd.jpg?KID=imgbed,tva&Expires=1674069209&ssig=A%2FbFL%2BF5Nk", "light_ring": false, "cover_image_phone": "https://ww1.sinaimg.cn/crop.0.0.640.640.640/9d44112bjw1f1xl1c10tuj20hs0hs0tw.jpg", "profile_url": "u/5051377973", "domain": "", "weihao": "", "gender": "f", "followers_count": 204, "followers_count_str": "204", "friends_count": 208, "pagefriends_count": 16, "statuses_count": 49, "video_status_count": 0, "video_play_count": 0, "super_topic_not_syn_count": 0, "favourites_count": 17, "created_at": "Wed Feb 26 12:15:57 +0800 2014", "following": false, "allow_all_act_msg": false, "geo_enabled": false, "verified": false, "verified_type": -1, "remark": "", "insecurity": {"sexual_content": false}, "ptype": 0, "allow_all_comment": true, "avatar_large": "https://tvax1.sinaimg.cn/crop.0.0.664.664.180/005vR4ahly8fpup2eyc5hj30ig0ihgmd.jpg?KID=imgbed,tva&Expires=1674069209&ssig=nKrpI54Pf0", "avatar_hd": "https://tvax1.sinaimg.cn/crop.0.0.664.664.1024/005vR4ahly8fpup2eyc5hj30ig0ihgmd.jpg?KID=imgbed,tva&Expires=1674069209&ssig=00KGvDDyPi", "verified_reason": "", "verified_trade": "", "verified_reason_url": "", "verified_source": "", "verified_source_url": "", "follow_me": false, "like": false, "like_me": false, "online_status": 0, "bi_followers_count": 30, "lang": "zh-cn", "star": 0, "mbtype": 2, "mbrank": 1, "svip": 0, "mb_expire_time": 1636127999, "block_word": 0, "block_app": 0, "chaohua_ability": 0, "brand_ability": 0, "nft_ability": 0, "vplus_ability": 0, "wenda_ability": 0, "live_ability": 0, "gongyi_ability": 0, "paycolumn_ability": 0, "newbrand_ability": 0, "ecommerce_ability": 0, "hardfan_ability": 0, "wbcolumn_ability": 0, "credit_score": 80, "user_ability": -2145385472, "cardid": "star_1267", "avatargj_id": "gj_vip_455", "urank": 11, "story_read_state": -1, "vclub_member": 0, "is_teenager": 0, "is_guardian": 0, "is_teenager_list": 0, "pc_new": 7, "special_follow": false, "planet_video": 1, "video_mark": 12, "live_status": 0, "user_ability_extend": 0, "status_total_counter": {"total_cnt": 105, "repost_cnt": 0, "comment_cnt": 27, "like_cnt": 65, "comment_like_cnt": 13}, "video_total_counter": {"play_cnt": -1}, "brand_account": 0, "hongbaofei": 0, "tab_manage": "[0, 0]", "reward_status": 0, "green_mode": 0, "urisk": 17179869184, "unfollowing_recom_switch": 1, "avatar_type": 0}, "mid": "4818102921988715", "idstr": "4818102921988715", "status": {"visible": {"type": 0, "list_id": 0}, "created_at": "Sat Sep 03 11:15:13 +0800 2022", "id": 4809572537603023, "idstr": "4809572537603023", "mid": "4809572537603023", "can_edit": false, "version": 4, "show_additional_indication": 0, "text": "小伙因没给男子让座，竟遭到男子猛踹！男子：我在教他给老人让座……[怒] http://t.cn/A6SprIyq ​", "textLength": 89, "source_allowclick": 1, "source_type": 1, "source": "<a href=\"http://app.weibo.com/t/feed/1qbOe6\" rel=\"nofollow\">荣耀20 PRO</a>", "favorited": false, "truncated": false, "in_reply_to_status_id": "", "in_reply_to_user_id": "", "in_reply_to_screen_name": "", "pic_urls": [], "geo": null, "is_paid": false, "mblog_vip_type": 0, "user": {"id": 5287516472, "idstr": "5287516472", "class": 1, "screen_name": "糗事乞丐君", "name": "糗事乞丐君", "province": "61", "city": "1000", "location": "陕西", "description": "每天更新高能预警的视频～", "url": "http://wozaigaofeng@qq.com", "profile_image_url": "https://tvax2.sinaimg.cn/crop.0.0.996.996.50/005LPSzKly8gu26jh32juj30ro0roabh.jpg?KID=imgbed,tva&Expires=1674069209&ssig=jURwcXW1%2BW", "light_ring": false, "cover_image_phone": "https://wx3.sinaimg.cn/crop.0.0.640.640.640/005LPSzKly1h5w0rgadu6j30tb0tbjv1.jpg", "profile_url": "u/5287516472", "domain": "", "weihao": "", "gender": "f", "followers_count": 107731, "followers_count_str": "10.8万", "friends_count": 3857, "pagefriends_count": 2, "statuses_count": 10129, "video_status_count": 9857, "video_play_count": 0, "super_topic_not_syn_count": 0, "favourites_count": 663, "created_at": "Mon Sep 08 14:01:10 +0800 2014", "following": false, "allow_all_act_msg": false, "geo_enabled": true, "verified": true, "verified_type": 0, "remark": "", "insecurity": {"sexual_content": false}, "ptype": 0, "allow_all_comment": true, "avatar_large": "https://tvax2.sinaimg.cn/crop.0.0.996.996.180/005LPSzKly8gu26jh32juj30ro0roabh.jpg?KID=imgbed,tva&Expires=1674069209&ssig=WanmKjL7zl", "avatar_hd": "https://tvax2.sinaimg.cn/crop.0.0.996.996.1024/005LPSzKly8gu26jh32juj30ro0roabh.jpg?KID=imgbed,tva&Expires=1674069209&ssig=KdX1xdxZ7N", "verified_reason": "电影博主 微博原创视频博主", "verified_trade": "", "verified_reason_url": "", "verified_source": "", "verified_source_url": "", "verified_state": 0, "verified_level": 3, "verified_type_ext": 0, "has_service_tel": false, "verified_reason_modified": "", "verified_contact_name": "", "verified_contact_email": "", "verified_contact_mobile": "", "follow_me": false, "like": false, "like_me": false, "online_status": 0, "bi_followers_count": 3293, "lang": "zh-cn", "star": 0, "mbtype": 11, "mbrank": 4, "svip": 0, "mb_expire_time": 1675699200, "block_word": 0, "block_app": 1, "chaohua_ability": 0, "brand_ability": 0, "nft_ability": 0, "vplus_ability": 0, "wenda_ability": 5, "live_ability": 0, "gongyi_ability": 0, "paycolumn_ability": 1, "newbrand_ability": 0, "ecommerce_ability": 0, "hardfan_ability": 1, "wbcolumn_ability": 0, "credit_score": 80, "user_ability": -2145122296, "cardid": "star_1108", "urank": 0, "story_read_state": -1, "verified_detail": {"custom": 0, "data": [{"key": 16, "sub_key": 1, "weight": 103, "desc": "微博原创视频博主"}, {"key": 2, "sub_key": 0, "weight": 101, "desc": "电影博主"}]}, "vclub_member": 0, "is_teenager": 0, "is_guardian": 0, "is_teenager_list": 0, "pc_new": 7, "special_follow": false, "planet_video": 2, "video_mark": 15, "live_status": 0, "user_ability_extend": 0, "status_total_counter": {"total_cnt": 1110045, "repost_cnt": 53846, "comment_cnt": 150380, "like_cnt": 457008, "comment_like_cnt": 448811}, "video_total_counter": {"play_cnt": 264929755}, "brand_account": 0, "hongbaofei": 0, "tab_manage": "[0, 0]", "reward_status": 0, "green_mode": 0, "urisk": 0, "unfollowing_recom_switch": 1, "avatar_type": 0}, "annotations": [{}, {}, {"client_mblogid": "572e4880-e567-4870-9ecd-03a51b91d3d2"}, {"mapi_request": true}], "reposts_count": 0, "comments_count": 0, "reprint_cmt_count": 0, "attitudes_count": 0, "pending_approval_count": 0, "isLongText": false, "reward_exhibition_type": 0, "hide_flag": 0, "mlevel": 128, "show_mlevel": 0, "biz_ids": [230444], "biz_feature": 4294967304, "hasActionTypeCard": 0, "darwin_tags": [], "hot_weibo_tags": [], "text_tag_tips": [], "mblogtype": 0, "userType": 0, "mlevelSource": "monitor", "more_info_type": 0, "number_display_strategy": {"apply_scenario_flag": 3, "display_text_min_number": 1000000, "display_text": "100万+"}, "positive_recom_flag": 0, "content_auth": 0, "gif_ids": "", "is_show_bulletin": 2, "comment_manage_info": {"comment_permission_type": -1, "approval_comment_type": 0, "comment_sort_type": 0, "ai_play_picture_type": 0}, "pic_num": 0, "fid": 4809572043980897, "can_reprint": false, "new_comment_style": 0}, "readtimetype": "comment", "sync_id": 4809572043980897, "sync_uuid": 4809572043980897, "sync_generate_level": 1, "match_ai_play_picture": false}