{"created_at": "Fri Sep 23 23:32:46 +0800 2022", "id": 4817005904925757, "rootid": 4816600529636102, "rootidstr": "4816600529636102", "floor_number": 0, "text": "回复@流光8657:很多時候打不过他得还手，何况一车人都在帮他说话", "disable_reply": 0, "restrictOperate": 0, "source_allowclick": 0, "source_type": 4, "source": "<a href=\"\" rel=\"nofollow\">来自广东</a>", "user": {"id": 7615928499, "idstr": "7615928499", "class": 1, "screen_name": "刘超权2021", "name": "刘超权2021", "province": "100", "city": "1000", "location": "其他", "description": "", "url": "", "profile_image_url": "https://tvax1.sinaimg.cn/default/images/default_avatar_male_50.gif?KID=imgbed,tva&Expires=1674069288&ssig=KFS8WxJqS0", "light_ring": false, "cover_image_phone": "https://ww1.sinaimg.cn/crop.0.0.640.640.640/549d0121tw1egm1kjly3jj20hs0hsq4f.jpg", "profile_url": "u/7615928499", "domain": "", "weihao": "", "gender": "m", "followers_count": 1, "followers_count_str": "1", "friends_count": 9, "pagefriends_count": 0, "statuses_count": 5, "video_status_count": 0, "video_play_count": 0, "super_topic_not_syn_count": 0, "favourites_count": 0, "created_at": "Thu May 27 12:29:57 +0800 2021", "following": false, "allow_all_act_msg": false, "geo_enabled": true, "verified": false, "verified_type": -1, "remark": "", "insecurity": {"sexual_content": false}, "ptype": 0, "allow_all_comment": true, "avatar_large": "https://tvax1.sinaimg.cn/default/images/default_avatar_male_180.gif?KID=imgbed,tva&Expires=1674069288&ssig=twQkcXI8aR", "avatar_hd": "https://tvax1.sinaimg.cn/default/images/default_avatar_male_180.gif?KID=imgbed,tva&Expires=1674069288&ssig=twQkcXI8aR", "verified_reason": "", "verified_trade": "", "verified_reason_url": "", "verified_source": "", "verified_source_url": "", "follow_me": false, "like": false, "like_me": false, "online_status": 0, "bi_followers_count": 0, "lang": "zh-cn", "star": 0, "mbtype": 0, "mbrank": 0, "svip": 0, "mb_expire_time": 0, "block_word": 0, "block_app": 0, "chaohua_ability": 0, "brand_ability": 0, "nft_ability": 0, "vplus_ability": 0, "wenda_ability": 0, "live_ability": 0, "gongyi_ability": 0, "paycolumn_ability": 0, "newbrand_ability": 0, "ecommerce_ability": 0, "hardfan_ability": 0, "wbcolumn_ability": 0, "credit_score": 80, "user_ability": 0, "urank": 0, "story_read_state": -1, "vclub_member": 0, "is_teenager": 0, "is_guardian": 0, "is_teenager_list": 0, "pc_new": 0, "special_follow": false, "planet_video": 0, "video_mark": 0, "live_status": 0, "user_ability_extend": 0, "status_total_counter": {"total_cnt": 1, "repost_cnt": 0, "comment_cnt": 1, "like_cnt": 0, "comment_like_cnt": 0}, "video_total_counter": {"play_cnt": -1}, "brand_account": 0, "hongbaofei": 0, "tab_manage": "[0, 0]", "reward_status": 0, "green_mode": 0, "urisk": 0, "unfollowing_recom_switch": 1, "avatar_type": 0}, "mid": "4817005904925757", "idstr": "4817005904925757", "status": {"visible": {"type": 0, "list_id": 0}, "created_at": "Sat Sep 03 11:15:13 +0800 2022", "id": 4809572537603023, "idstr": "4809572537603023", "mid": "4809572537603023", "can_edit": false, "version": 4, "show_additional_indication": 0, "text": "小伙因没给男子让座，竟遭到男子猛踹！男子：我在教他给老人让座……[怒] http://t.cn/A6SprIyq ​", "textLength": 89, "source_allowclick": 1, "source_type": 1, "source": "<a href=\"http://app.weibo.com/t/feed/1qbOe6\" rel=\"nofollow\">荣耀20 PRO</a>", "favorited": false, "truncated": false, "in_reply_to_status_id": "", "in_reply_to_user_id": "", "in_reply_to_screen_name": "", "pic_urls": [], "geo": null, "is_paid": false, "mblog_vip_type": 0, "user": {"id": 5287516472, "idstr": "5287516472", "class": 1, "screen_name": "糗事乞丐君", "name": "糗事乞丐君", "province": "61", "city": "1000", "location": "陕西", "description": "每天更新高能预警的视频～", "url": "http://wozaigaofeng@qq.com", "profile_image_url": "https://tvax2.sinaimg.cn/crop.0.0.996.996.50/005LPSzKly8gu26jh32juj30ro0roabh.jpg?KID=imgbed,tva&Expires=1674069288&ssig=wWDmC1yVhE", "light_ring": false, "cover_image_phone": "https://wx3.sinaimg.cn/crop.0.0.640.640.640/005LPSzKly1h5w0rgadu6j30tb0tbjv1.jpg", "profile_url": "u/5287516472", "domain": "", "weihao": "", "gender": "f", "followers_count": 107731, "followers_count_str": "10.8万", "friends_count": 3857, "pagefriends_count": 2, "statuses_count": 10129, "video_status_count": 9857, "video_play_count": 0, "super_topic_not_syn_count": 0, "favourites_count": 663, "created_at": "Mon Sep 08 14:01:10 +0800 2014", "following": false, "allow_all_act_msg": false, "geo_enabled": true, "verified": true, "verified_type": 0, "remark": "", "insecurity": {"sexual_content": false}, "ptype": 0, "allow_all_comment": true, "avatar_large": "https://tvax2.sinaimg.cn/crop.0.0.996.996.180/005LPSzKly8gu26jh32juj30ro0roabh.jpg?KID=imgbed,tva&Expires=1674069288&ssig=CFOgKwyzl5", "avatar_hd": "https://tvax2.sinaimg.cn/crop.0.0.996.996.1024/005LPSzKly8gu26jh32juj30ro0roabh.jpg?KID=imgbed,tva&Expires=1674069288&ssig=nVyrK6xJy3", "verified_reason": "电影博主 微博原创视频博主", "verified_trade": "", "verified_reason_url": "", "verified_source": "", "verified_source_url": "", "verified_state": 0, "verified_level": 3, "verified_type_ext": 0, "has_service_tel": false, "verified_reason_modified": "", "verified_contact_name": "", "verified_contact_email": "", "verified_contact_mobile": "", "follow_me": false, "like": false, "like_me": false, "online_status": 0, "bi_followers_count": 3293, "lang": "zh-cn", "star": 0, "mbtype": 11, "mbrank": 4, "svip": 0, "mb_expire_time": 1675699200, "block_word": 0, "block_app": 1, "chaohua_ability": 0, "brand_ability": 0, "nft_ability": 0, "vplus_ability": 0, "wenda_ability": 5, "live_ability": 0, "gongyi_ability": 0, "paycolumn_ability": 1, "newbrand_ability": 0, "ecommerce_ability": 0, "hardfan_ability": 1, "wbcolumn_ability": 0, "credit_score": 80, "user_ability": -2145122296, "cardid": "star_1108", "urank": 0, "story_read_state": -1, "verified_detail": {"custom": 0, "data": [{"key": 16, "sub_key": 1, "weight": 103, "desc": "微博原创视频博主"}, {"key": 2, "sub_key": 0, "weight": 101, "desc": "电影博主"}]}, "vclub_member": 0, "is_teenager": 0, "is_guardian": 0, "is_teenager_list": 0, "pc_new": 7, "special_follow": false, "planet_video": 2, "video_mark": 15, "live_status": 0, "user_ability_extend": 0, "status_total_counter": {"total_cnt": 1110045, "repost_cnt": 53846, "comment_cnt": 150380, "like_cnt": 457008, "comment_like_cnt": 448811}, "video_total_counter": {"play_cnt": 264929755}, "brand_account": 0, "hongbaofei": 0, "tab_manage": "[0, 0]", "reward_status": 0, "green_mode": 0, "urisk": 0, "unfollowing_recom_switch": 1, "avatar_type": 0}, "annotations": [{}, {}, {"client_mblogid": "572e4880-e567-4870-9ecd-03a51b91d3d2"}, {"mapi_request": true}], "reposts_count": 0, "comments_count": 0, "reprint_cmt_count": 0, "attitudes_count": 0, "pending_approval_count": 0, "isLongText": false, "reward_exhibition_type": 0, "hide_flag": 0, "mlevel": 128, "show_mlevel": 0, "biz_ids": [230444], "biz_feature": 4294967304, "hasActionTypeCard": 0, "darwin_tags": [], "hot_weibo_tags": [], "text_tag_tips": [], "mblogtype": 0, "userType": 0, "mlevelSource": "monitor", "more_info_type": 0, "number_display_strategy": {"apply_scenario_flag": 3, "display_text_min_number": 1000000, "display_text": "100万+"}, "positive_recom_flag": 0, "content_auth": 0, "gif_ids": "", "is_show_bulletin": 2, "comment_manage_info": {"comment_permission_type": -1, "approval_comment_type": 0, "comment_sort_type": 0, "ai_play_picture_type": 0}, "pic_num": 0, "fid": 4809572043980897, "can_reprint": false, "new_comment_style": 0}, "reply_comment": {"created_at": "Fri Sep 23 14:31:31 +0800 2022", "id": 4816869695425483, "rootid": 4816600529636102, "rootidstr": "4816600529636102", "floor_number": 0, "text": "回复@我被爱判处终身孤寂不放手不放手:有一说一身材比例打不过吧[笑cry]", "disable_reply": 0, "restrictOperate": 0, "user": {"id": 5371730031, "idstr": "5371730031", "class": 1, "screen_name": "流光8657", "name": "流光8657", "province": "100", "city": "1000", "location": "其他", "description": "", "url": "", "profile_image_url": "https://tvax3.sinaimg.cn/crop.0.0.1002.1002.50/005RxemXly8gvhncbi9mfj60ru0ru77m02.jpg?KID=imgbed,tva&Expires=1674069288&ssig=gRYSqnNvob", "light_ring": false, "cover_image_phone": "https://ww1.sinaimg.cn/crop.0.0.640.640.640/549d0121tw1egm1kjly3jj20hs0hsq4f.jpg", "profile_url": "u/5371730031", "domain": "", "weihao": "", "gender": "m", "followers_count": 35, "followers_count_str": "35", "friends_count": 336, "pagefriends_count": 25, "statuses_count": 36, "video_status_count": 0, "video_play_count": 0, "super_topic_not_syn_count": 0, "favourites_count": 0, "created_at": "Sun Dec 14 11:07:01 +0800 2014", "following": false, "allow_all_act_msg": false, "geo_enabled": true, "verified": false, "verified_type": -1, "remark": "", "insecurity": {"sexual_content": false}, "ptype": 0, "allow_all_comment": false, "avatar_large": "https://tvax3.sinaimg.cn/crop.0.0.1002.1002.180/005RxemXly8gvhncbi9mfj60ru0ru77m02.jpg?KID=imgbed,tva&Expires=1674069288&ssig=zGFfiIsL%2F3", "avatar_hd": "https://tvax3.sinaimg.cn/crop.0.0.1002.1002.1024/005RxemXly8gvhncbi9mfj60ru0ru77m02.jpg?KID=imgbed,tva&Expires=1674069288&ssig=YVou5Gl3tn", "verified_reason": "", "verified_trade": "", "verified_reason_url": "", "verified_source": "", "verified_source_url": "", "follow_me": false, "like": false, "like_me": false, "online_status": 0, "bi_followers_count": 0, "lang": "zh-cn", "star": 0, "mbtype": 2, "mbrank": 1, "svip": 0, "mb_expire_time": 0, "block_word": 0, "block_app": 0, "chaohua_ability": 0, "brand_ability": 0, "nft_ability": 0, "vplus_ability": 0, "wenda_ability": 0, "live_ability": 0, "gongyi_ability": 0, "paycolumn_ability": 0, "newbrand_ability": 0, "ecommerce_ability": 0, "hardfan_ability": 0, "wbcolumn_ability": 0, "credit_score": 80, "user_ability": 2098176, "urank": 4, "story_read_state": -1, "vclub_member": 0, "is_teenager": 0, "is_guardian": 0, "is_teenager_list": 0, "pc_new": 0, "special_follow": false, "planet_video": 0, "video_mark": 0, "live_status": 0, "user_ability_extend": 0, "status_total_counter": {"total_cnt": 56, "repost_cnt": 1, "comment_cnt": 11, "like_cnt": 44, "comment_like_cnt": 0}, "video_total_counter": {"play_cnt": -1}, "brand_account": 0, "hongbaofei": 0, "tab_manage": "[0, 0]", "reward_status": 0, "green_mode": 0, "urisk": 549755813888, "unfollowing_recom_switch": 1, "avatar_type": 0}, "mid": "4816869695425483", "idstr": "4816869695425483", "sync_id": 4816600529636102, "sync_uuid": 4809572043980897, "sync_generate_level": 2, "match_ai_play_picture": false}, "reply_original_text": "很多時候打不过他得还手，何况一车人都在帮他说话", "readtimetype": "comment", "match_ai_play_picture": false}