{"created_at": "Fri Dec 30 22:12:07 +0800 2022", "id": 4852499620038991, "rootid": 4852499620038991, "rootidstr": "4852499620038991", "floor_number": 27, "text": "晚安[彩虹屁]", "disable_reply": 0, "restrictOperate": 0, "source_allowclick": 0, "source_type": 4, "source": "<a href=\"\" rel=\"nofollow\">来自上海</a>", "user": {"id": 1908792107, "idstr": "1908792107", "class": 1, "screen_name": "火火炏焱燚是小苹果_9291", "name": "火火炏焱燚是小苹果_9291", "province": "13", "city": "6", "location": "河北 保定", "description": "龚俊张哲瀚的粉丝🍎（又又又又又又又被🈲了）", "url": "", "profile_image_url": "https://tvax4.sinaimg.cn/crop.0.0.1023.1023.50/71c5db2bly8h9okz2nxpgj20sg0sf413.jpg?KID=imgbed,tva&Expires=1673960293&ssig=HpbHOuoOlT", "light_ring": false, "cover_image_phone": "https://wx1.sinaimg.cn/crop.0.0.640.640.640/71c5db2bly1h9hamqpn01j20u00u00ww.jpg;https://wx1.sinaimg.cn/crop.0.0.640.640.640/71c5db2bly1h9han2fc46j20u00u077r.jpg", "profile_url": "u/1908792107", "domain": "", "weihao": "", "gender": "m", "followers_count": 60, "followers_count_str": "60", "friends_count": 97, "pagefriends_count": 4, "statuses_count": 196, "video_status_count": 32, "video_play_count": 0, "super_topic_not_syn_count": 0, "favourites_count": 1, "created_at": "Sat Jan 01 15:09:16 +0800 2011", "following": false, "allow_all_act_msg": false, "geo_enabled": true, "verified": false, "verified_type": -1, "remark": "", "insecurity": {"sexual_content": false}, "ptype": 0, "allow_all_comment": true, "avatar_large": "https://tvax4.sinaimg.cn/crop.0.0.1023.1023.180/71c5db2bly8h9okz2nxpgj20sg0sf413.jpg?KID=imgbed,tva&Expires=1673960293&ssig=ssMUaYyl%2Bw", "avatar_hd": "https://tvax4.sinaimg.cn/crop.0.0.1023.1023.1024/71c5db2bly8h9okz2nxpgj20sg0sf413.jpg?KID=imgbed,tva&Expires=1673960293&ssig=O0t2P8GbFr", "verified_reason": "", "verified_trade": "", "verified_reason_url": "", "verified_source": "", "verified_source_url": "", "follow_me": false, "like": false, "like_me": false, "online_status": 0, "bi_followers_count": 20, "lang": "zh-cn", "star": 0, "mbtype": 11, "mbrank": 1, "svip": 0, "mb_expire_time": 1674662400, "block_word": 0, "block_app": 1, "chaohua_ability": 0, "brand_ability": 0, "nft_ability": 0, "vplus_ability": 0, "wenda_ability": 0, "live_ability": 0, "gongyi_ability": 0, "paycolumn_ability": 0, "newbrand_ability": 0, "ecommerce_ability": 0, "hardfan_ability": 0, "wbcolumn_ability": 0, "credit_score": 80, "user_ability": 2359296, "urank": 1, "story_read_state": -1, "vclub_member": 0, "is_teenager": 0, "is_guardian": 0, "is_teenager_list": 0, "pc_new": 0, "special_follow": false, "planet_video": 2, "video_mark": 0, "live_status": 0, "user_ability_extend": 0, "status_total_counter": {"total_cnt": 96, "repost_cnt": 6, "comment_cnt": 21, "like_cnt": 67, "comment_like_cnt": 2}, "video_total_counter": {"play_cnt": 19553}, "brand_account": 0, "hongbaofei": 0, "tab_manage": "[16912010, 0]", "reward_status": 0, "green_mode": 0, "urisk": 17180393472, "avatar_type": 0}, "mid": "4852499620038991", "idstr": "4852499620038991", "status": {"visible": {"type": 0, "list_id": 0}, "created_at": "Fri Dec 30 21:43:31 +0800 2022", "id": 4852492422614250, "idstr": "4852492422614250", "mid": "4852492422614250", "can_edit": false, "show_additional_indication": 0, "text": "#晚安天津# 【#冰天雪地里的腊八灯会#有多美？[打call]】今天腊八，在天津古文化街，春联、福字、窗花、灯笼等民俗节庆产品带来满满年味儿，舞龙、舞狮表演喜庆又欢腾；在辽宁沈阳，市民腌制腊八蒜、喝腊八粥、吃粘食、举办迎春灯会。过腊八还有啥讲究？一起看↓ http://t.cn/A6KBCxnG ​​​  ​", "textLength": 291, "source_allowclick": 1, "source_type": 2, "source": "", "favorited": false, "truncated": false, "in_reply_to_status_id": "", "in_reply_to_user_id": "", "in_reply_to_screen_name": "", "pic_urls": [], "geo": {"type": "Point", "coordinates": [39.11065, 117.21081]}, "is_paid": false, "mblog_vip_type": 0, "user": {"id": 3074181393, "idstr": "3074181393", "class": 1, "screen_name": "津彩青春", "name": "津彩青春", "province": "12", "city": "1000", "location": "天津", "description": "青年的需求，我们的追求！", "url": "", "profile_image_url": "https://tvax1.sinaimg.cn/crop.0.0.995.995.50/b73c4911ly8h8vgjleo3ej20rn0rndho.jpg?KID=imgbed,tva&Expires=1673960293&ssig=I9gUDuNVy0", "light_ring": false, "cover_image": "https://wx3.sinaimg.cn/crop.0.0.920.300/b73c4911ly1h8xj29smdlj20pk08c0u0.jpg", "cover_image_phone": "https://wx4.sinaimg.cn/crop.0.0.640.640.640/004isIazly1h76vj8mfkjj60u00u00v102.jpg;https://wx1.sinaimg.cn/crop.0.0.640.640.640/b73c4911ly1gz2qvhk1c8j20u00u0jwk.jpg", "profile_url": "u/3074181393", "domain": "", "weihao": "", "gender": "m", "followers_count": 1066992, "followers_count_str": "106.7万", "friends_count": 1004, "pagefriends_count": 193, "statuses_count": 98376, "video_status_count": 16497, "video_play_count": 0, "super_topic_not_syn_count": 0, "favourites_count": 424, "created_at": "Mon Oct 29 10:26:37 +0800 2012", "following": false, "allow_all_act_msg": false, "geo_enabled": true, "verified": true, "verified_type": 1, "remark": "", "insecurity": {"sexual_content": false}, "ptype": 0, "allow_all_comment": true, "avatar_large": "https://tvax1.sinaimg.cn/crop.0.0.995.995.180/b73c4911ly8h8vgjleo3ej20rn0rndho.jpg?KID=imgbed,tva&Expires=1673960293&ssig=SXevwDw6qv", "avatar_hd": "https://tvax1.sinaimg.cn/crop.0.0.995.995.1024/b73c4911ly8h8vgjleo3ej20rn0rndho.jpg?KID=imgbed,tva&Expires=1673960293&ssig=4ejUv1pjAI", "verified_reason": "共青团天津市委员会官方微博", "verified_trade": "", "verified_reason_url": "", "verified_source": "", "verified_source_url": "", "verified_state": 0, "verified_level": 3, "verified_type_ext": 0, "has_service_tel": false, "verified_reason_modified": "", "verified_contact_name": "团市委宣传部", "verified_contact_email": "tjtxcb@126.com", "verified_contact_mobile": "28226991", "follow_me": false, "like": false, "like_me": false, "online_status": 0, "bi_followers_count": 578, "lang": "zh-cn", "star": 0, "mbtype": 12, "mbrank": 7, "svip": 0, "mb_expire_time": 1971100800, "block_word": 0, "block_app": 1, "chaohua_ability": 0, "brand_ability": 0, "nft_ability": 0, "vplus_ability": 0, "wenda_ability": 0, "live_ability": 1, "gongyi_ability": 0, "paycolumn_ability": 0, "newbrand_ability": 0, "ecommerce_ability": 0, "hardfan_ability": 1, "wbcolumn_ability": 0, "credit_score": 80, "user_ability": -1599864312, "cardid": "star_1624", "avatargj_id": "gj_vip_375", "urank": 48, "story_read_state": -1, "vclub_member": 0, "is_teenager": 0, "is_guardian": 0, "is_teenager_list": 0, "pc_new": 7, "special_follow": false, "planet_video": 2, "video_mark": 15, "live_status": 0, "user_ability_extend": 1, "status_total_counter": {"total_cnt": 6602942, "repost_cnt": 533188, "comment_cnt": 368173, "like_cnt": 5111203, "comment_like_cnt": 590378}, "video_total_counter": {"play_cnt": 298831803}, "brand_account": 0, "hongbaofei": 0, "tab_manage": "[1108169263749, 0]", "reward_status": 0, "green_mode": 0, "urisk": 0, "avatar_type": 0}, "annotations": [{}, {"spot_type": "0"}, {"shooting": 1, "place": {"poiid": "8008612000000000000", "title": "天津", "type": "checkin", "spot_type": "0"}, "client_mblogid": "2b03f00f-5252-4dc0-a3a7-366f56ec1d4f"}, {"mapi_request": true}], "reposts_count": 0, "comments_count": 0, "reprint_cmt_count": 0, "attitudes_count": 0, "pending_approval_count": 0, "isLongText": true, "reward_exhibition_type": 0, "hide_flag": 0, "mlevel": 0, "show_mlevel": 0, "biz_ids": [232248, 100101], "biz_feature": 0, "page_type": 72, "hasActionTypeCard": 0, "darwin_tags": [], "hot_weibo_tags": [], "text_tag_tips": [], "mblogtype": 0, "userType": 0, "more_info_type": 0, "cardid": "star_1624", "positive_recom_flag": 0, "content_auth": 0, "gif_ids": "", "is_show_bulletin": 2, "bus_flag": 8, "comment_manage_info": {"comment_permission_type": -1, "approval_comment_type": 0, "comment_sort_type": 0, "ai_play_picture_type": 0}, "pic_num": 0, "can_reprint": false, "new_comment_style": 0}, "readtimetype": "comment", "match_ai_play_picture": false}