{"created_at": "Mon Dec 19 14:40:56 +0800 2022", "id": 4848399810046271, "rootid": 4848177020929152, "rootidstr": "4848177020929152", "floor_number": 0, "text": "回复@大强:反复的或许是没好利索[思考]", "disable_reply": 0, "restrictOperate": 0, "source_allowclick": 0, "source_type": 4, "source": "<a href=\"\" rel=\"nofollow\">来自山东</a>", "comment_badge": [{"pic_url": "https://h5.sinaimg.cn/upload/1007/25/2020/03/20/feed_icon_truelove.png", "name": "gold_fans", "length": 1.33, "actionlog": {"act_code": "3671", "ext": "status:fans"}, "scheme": "https://vipclub.weibo.com/goldfans/open?vuid=2272673835&F=privilege_weibo_comment&topnavstyle=1&bconf=3&portrait_only=1"}], "user": {"id": 2938403614, "idstr": "2938403614", "class": 1, "screen_name": "金色秋天209", "name": "金色秋天209", "province": "100", "city": "1000", "location": "其他", "description": "子非鱼安知鱼之乐？", "url": "", "profile_image_url": "https://tvax2.sinaimg.cn/crop.0.0.1080.1080.50/003cRf0Gly8gvquawjp16j60u00u0n0k02.jpg?KID=imgbed,tva&Expires=1674055696&ssig=L6t5nZb7Tm", "light_ring": false, "cover_image_phone": "https://ww1.sinaimg.cn/crop.0.0.640.640.640/549d0121tw1egm1kjly3jj20hs0hsq4f.jpg;https://wx4.sinaimg.cn/crop.0.0.640.640.640/af247b1ely1gq1sv1kejuj20yi0yiwmp.jpg", "profile_url": "u/2938403614", "domain": "", "weihao": "", "gender": "f", "followers_count": 6152, "followers_count_str": "6152", "friends_count": 2937, "pagefriends_count": 61, "statuses_count": 6454, "video_status_count": 147, "video_play_count": 0, "super_topic_not_syn_count": 3, "favourites_count": 78, "created_at": "Tue Sep 11 07:09:04 +0800 2012", "following": false, "allow_all_act_msg": false, "geo_enabled": true, "verified": true, "verified_type": 0, "remark": "", "insecurity": {"sexual_content": false}, "ptype": 0, "allow_all_comment": true, "avatar_large": "https://tvax2.sinaimg.cn/crop.0.0.1080.1080.180/003cRf0Gly8gvquawjp16j60u00u0n0k02.jpg?KID=imgbed,tva&Expires=1674055696&ssig=aMPazrmorV", "avatar_hd": "https://tvax2.sinaimg.cn/crop.0.0.1080.1080.1024/003cRf0Gly8gvquawjp16j60u00u0n0k02.jpg?KID=imgbed,tva&Expires=1674055696&ssig=A8vHO9zZGy", "verified_reason": "超话粉丝大咖（演员段奕宏超话）", "verified_trade": "", "verified_reason_url": "", "verified_source": "", "verified_source_url": "", "verified_state": 0, "verified_level": 3, "verified_type_ext": 0, "has_service_tel": false, "verified_reason_modified": "", "verified_contact_name": "", "verified_contact_email": "", "verified_contact_mobile": "", "follow_me": false, "like": false, "like_me": false, "online_status": 0, "bi_followers_count": 475, "lang": "zh-cn", "star": 0, "mbtype": 12, "mbrank": 6, "svip": 0, "mb_expire_time": 1730044800, "block_word": 0, "block_app": 1, "chaohua_ability": 0, "brand_ability": 0, "nft_ability": 0, "vplus_ability": 0, "wenda_ability": 0, "live_ability": 0, "gongyi_ability": 0, "paycolumn_ability": 0, "newbrand_ability": 0, "ecommerce_ability": 0, "hardfan_ability": 0, "wbcolumn_ability": 0, "credit_score": 80, "user_ability": -2144075264, "cardid": "star_1637", "avatargj_id": "gj_vip_786", "urank": 31, "story_read_state": -1, "verified_detail": {"custom": 0, "data": [{"key": 8, "sub_key": 0, "weight": 102, "desc": "超话粉丝大咖（演员段奕宏超话）"}]}, "vclub_member": 0, "is_teenager": 0, "is_guardian": 1, "is_teenager_list": 0, "pc_new": 0, "special_follow": false, "planet_video": 2, "video_mark": 2, "live_status": 0, "user_ability_extend": 0, "status_total_counter": {"total_cnt": 8742, "repost_cnt": 287, "comment_cnt": 5278, "like_cnt": 2930, "comment_like_cnt": 247}, "video_total_counter": {"play_cnt": 13820}, "brand_account": 0, "hongbaofei": 0, "tab_manage": "[0, 0]", "reward_status": 0, "green_mode": 0, "urisk": 17179869184, "unfollowing_recom_switch": 1, "avatar_type": 0}, "mid": "4848399810046271", "idstr": "4848399810046271", "status": {"visible": {"type": 0, "list_id": 0}, "created_at": "Sun Dec 18 23:06:33 +0800 2022", "id": 4848164664253232, "idstr": "4848164664253232", "mid": "4848164664253232", "can_edit": false, "show_additional_indication": 0, "text": "#阳过后的生活用品不用更换#早上我还在想这个问题，因为我也懒得换[笑cry] ​", "textLength": 69, "source_allowclick": 1, "source_type": 1, "source": "<a href=\"http://app.weibo.com/t/feed/1tfR1p\" rel=\"nofollow\">华为Mate40保时捷设计</a>", "favorited": false, "truncated": false, "in_reply_to_status_id": "", "in_reply_to_user_id": "", "in_reply_to_screen_name": "", "pic_urls": [{"thumbnail_pic": "http://wx3.sinaimg.cn/thumbnail/8776402bgy1h98d4imzqyj20uo0ymdok.jpg"}], "thumbnail_pic": "http://wx3.sinaimg.cn/thumbnail/8776402bgy1h98d4imzqyj20uo0ymdok.jpg", "bmiddle_pic": "http://wx3.sinaimg.cn/bmiddle/8776402bgy1h98d4imzqyj20uo0ymdok.jpg", "original_pic": "http://wx3.sinaimg.cn/large/8776402bgy1h98d4imzqyj20uo0ymdok.jpg", "geo": null, "is_paid": false, "mblog_vip_type": 0, "user": {"id": 2272673835, "idstr": "2272673835", "class": 1, "screen_name": "大强", "name": "大强", "province": "11", "city": "1000", "location": "北京", "description": "时事、互联网评论人。传播正能量，共创清朗网络环境", "url": "http://weibo.com/ljqiang911", "profile_image_url": "https://tvax2.sinaimg.cn/crop.0.0.1080.1080.50/8776402bly8gyfym3anjhj20u00u0q6d.jpg?KID=imgbed,tva&Expires=1674055696&ssig=RH4xIHjVWK", "light_ring": false, "cover_image_phone": "https://wx2.sinaimg.cn/crop.0.0.640.640.640/7d2acbe8ly1gdjb43fcfbj20yi0yi0x5.jpg", "profile_url": "206111807", "domain": "ljqiang911", "weihao": "206111807", "gender": "m", "followers_count": 1926256, "followers_count_str": "192.6万", "friends_count": 1343, "pagefriends_count": 3, "statuses_count": 9794, "video_status_count": 333, "video_play_count": 0, "super_topic_not_syn_count": 1, "favourites_count": 310, "created_at": "Wed Jul 27 22:58:02 +0800 2011", "following": false, "allow_all_act_msg": true, "geo_enabled": true, "verified": true, "verified_type": 0, "remark": "", "insecurity": {"sexual_content": false}, "ptype": 0, "allow_all_comment": true, "avatar_large": "https://tvax2.sinaimg.cn/crop.0.0.1080.1080.180/8776402bly8gyfym3anjhj20u00u0q6d.jpg?KID=imgbed,tva&Expires=1674055696&ssig=%2F%2FhwVpS1iP", "avatar_hd": "https://tvax2.sinaimg.cn/crop.0.0.1080.1080.1024/8776402bly8gyfym3anjhj20u00u0q6d.jpg?KID=imgbed,tva&Expires=1674055696&ssig=dE%2BeGxIZ%2BO", "verified_reason": "2022年辰星计划博主 视频自媒体", "verified_trade": "820", "verified_reason_url": "", "verified_source": "", "verified_source_url": "", "verified_state": 0, "verified_level": 3, "verified_type_ext": 1, "has_service_tel": false, "verified_reason_modified": "", "verified_contact_name": "", "verified_contact_email": "", "verified_contact_mobile": "", "follow_me": false, "like": false, "like_me": false, "online_status": 0, "bi_followers_count": 1273, "lang": "zh-cn", "star": 0, "mbtype": 12, "mbrank": 8, "svip": 1, "mb_expire_time": 1828022400, "block_word": 0, "block_app": 1, "chaohua_ability": 0, "brand_ability": 0, "nft_ability": 0, "vplus_ability": 1, "wenda_ability": 0, "live_ability": 0, "gongyi_ability": 0, "paycolumn_ability": 1, "newbrand_ability": 0, "ecommerce_ability": 0, "hardfan_ability": 1, "wbcolumn_ability": 0, "ability_tags": "记者,相机,街拍,中式烹饪", "credit_score": 80, "user_ability": -2135553524, "cardid": "star_1528", "avatargj_id": "gj_vip_242", "urank": 48, "story_read_state": -1, "verified_detail": {"custom": 1, "data": [{"key": 16, "sub_key": 10, "weight": 103, "desc": "视频自媒体", "timestamp": 0}, {"key": 1, "sub_key": 0, "weight": 100, "desc": "2022年辰星计划博主", "timestamp": 0}]}, "vclub_member": 0, "is_teenager": 0, "is_guardian": 0, "is_teenager_list": 0, "pc_new": 6, "special_follow": false, "planet_video": 2, "video_mark": 15, "live_status": 0, "user_ability_extend": 0, "status_total_counter": {"total_cnt": 4409197, "repost_cnt": 632288, "comment_cnt": 690821, "like_cnt": 2414311, "comment_like_cnt": 671777}, "video_total_counter": {"play_cnt": 20828107}, "brand_account": 0, "hongbaofei": 0, "tab_manage": "[0, 0]", "reward_status": 0, "green_mode": 0, "urisk": 0, "unfollowing_recom_switch": 1, "avatar_type": 0}, "annotations": [{"photo_sub_type": "0"}, {"ann_ext": "ann_ext:search|t:31|q:#阳过后的生活用品不用更换#|creator_source:bottomsendweibo|super_exparams=>{\"system_pic_only\":0}"}, {"client_mblogid": "aaa34004-cc1c-4d4a-a348-fdc714ea7c7d"}, {"mapi_request": true}], "picStatus": "0:1", "reposts_count": 0, "comments_count": 0, "reprint_cmt_count": 0, "attitudes_count": 0, "pending_approval_count": 0, "isLongText": false, "reward_exhibition_type": 0, "hide_flag": 0, "mlevel": 0, "show_mlevel": 0, "biz_feature": 4294967300, "page_type": 64, "hasActionTypeCard": 0, "darwin_tags": [], "hot_weibo_tags": [], "text_tag_tips": [], "mblogtype": 0, "userType": 0, "more_info_type": 0, "cardid": "star_1528", "number_display_strategy": {"apply_scenario_flag": 3, "display_text_min_number": 1000000, "display_text": "100万+"}, "positive_recom_flag": 0, "content_auth": 0, "gif_ids": "", "is_show_bulletin": 2, "comment_manage_info": {"comment_permission_type": -1, "approval_comment_type": 0, "comment_sort_type": 0, "ai_play_picture_type": 0}, "pic_num": 1, "can_reprint": false, "new_comment_style": 0}, "reply_comment": {"created_at": "Mon Dec 19 10:41:18 +0800 2022", "id": 4848339503558816, "rootid": 4848177020929152, "rootidstr": "4848177020929152", "floor_number": 0, "text": "回复@灿灿初夏:是的，可以这样理解", "disable_reply": 0, "is_mblog_author": true, "restrictOperate": 0, "comment_badge": [{"pic_url": "https://h5.sinaimg.cn/upload/1007/25/2019/05/17/feed_icon_poster_identity133low.png", "name": "blogger", "length": 1.33, "actionlog": {"act_code": "3671", "ext": "status:author"}, "scheme": "https://kefu.weibo.com/faqdetail?id=20848"}, {"pic_url": "https://h5.sinaimg.cn/upload/1007/25/2019/05/17/feed_icon_poster_identity133low.png", "name": "blogger", "length": 1.33, "actionlog": {"act_code": "3671", "ext": "status:author"}, "scheme": "https://kefu.weibo.com/faqdetail?id=20848"}, {"pic_url": "https://h5.sinaimg.cn/upload/1007/25/2019/05/17/feed_icon_poster_identity133low.png", "name": "blogger", "length": 1.33, "actionlog": {"act_code": "3671", "ext": "status:author"}, "scheme": "https://kefu.weibo.com/faqdetail?id=20848"}, {"pic_url": "https://h5.sinaimg.cn/upload/1007/25/2019/05/17/feed_icon_poster_identity133low.png", "name": "blogger", "length": 1.33, "actionlog": {"act_code": "3671", "ext": "status:author"}, "scheme": "https://kefu.weibo.com/faqdetail?id=20848"}, {"pic_url": "https://h5.sinaimg.cn/upload/1007/25/2019/05/17/feed_icon_poster_identity133low.png", "name": "blogger", "length": 1.33, "actionlog": {"act_code": "3671", "ext": "status:author"}, "scheme": "https://kefu.weibo.com/faqdetail?id=20848"}, {"pic_url": "https://h5.sinaimg.cn/upload/1007/25/2019/05/17/feed_icon_poster_identity133low.png", "name": "blogger", "length": 1.33, "actionlog": {"act_code": "3671", "ext": "status:author"}, "scheme": "https://kefu.weibo.com/faqdetail?id=20848"}, {"pic_url": "https://h5.sinaimg.cn/upload/1007/25/2019/05/17/feed_icon_poster_identity133low.png", "name": "blogger", "length": 1.33, "actionlog": {"act_code": "3671", "ext": "status:author"}, "scheme": "https://kefu.weibo.com/faqdetail?id=20848"}, {"pic_url": "https://h5.sinaimg.cn/upload/1007/25/2019/05/17/feed_icon_poster_identity133low.png", "name": "blogger", "length": 1.33, "actionlog": {"act_code": "3671", "ext": "status:author"}, "scheme": "https://kefu.weibo.com/faqdetail?id=20848"}, {"pic_url": "https://h5.sinaimg.cn/upload/1007/25/2019/05/17/feed_icon_poster_identity133low.png", "name": "blogger", "length": 1.33, "actionlog": {"act_code": "3671", "ext": "status:author"}, "scheme": "https://kefu.weibo.com/faqdetail?id=20848"}, {"pic_url": "https://h5.sinaimg.cn/upload/1007/25/2019/05/17/feed_icon_poster_identity133low.png", "name": "blogger", "length": 1.33, "actionlog": {"act_code": "3671", "ext": "status:author"}, "scheme": "https://kefu.weibo.com/faqdetail?id=20848"}, {"pic_url": "https://h5.sinaimg.cn/upload/1007/25/2019/05/17/feed_icon_poster_identity133low.png", "name": "blogger", "length": 1.33, "actionlog": {"act_code": "3671", "ext": "status:author"}, "scheme": "https://kefu.weibo.com/faqdetail?id=20848"}, {"pic_url": "https://h5.sinaimg.cn/upload/1007/25/2019/05/17/feed_icon_poster_identity133low.png", "name": "blogger", "length": 1.33, "actionlog": {"act_code": "3671", "ext": "status:author"}, "scheme": "https://kefu.weibo.com/faqdetail?id=20848"}, {"pic_url": "https://h5.sinaimg.cn/upload/1007/25/2019/05/17/feed_icon_poster_identity133low.png", "name": "blogger", "length": 1.33, "actionlog": {"act_code": "3671", "ext": "status:author"}, "scheme": "https://kefu.weibo.com/faqdetail?id=20848"}, {"pic_url": "https://h5.sinaimg.cn/upload/1007/25/2019/05/17/feed_icon_poster_identity133low.png", "name": "blogger", "length": 1.33, "actionlog": {"act_code": "3671", "ext": "status:author"}, "scheme": "https://kefu.weibo.com/faqdetail?id=20848"}, {"pic_url": "https://h5.sinaimg.cn/upload/1007/25/2019/05/17/feed_icon_poster_identity133low.png", "name": "blogger", "length": 1.33, "actionlog": {"act_code": "3671", "ext": "status:author"}, "scheme": "https://kefu.weibo.com/faqdetail?id=20848"}, {"pic_url": "https://h5.sinaimg.cn/upload/1007/25/2019/05/17/feed_icon_poster_identity133low.png", "name": "blogger", "length": 1.33, "actionlog": {"act_code": "3671", "ext": "status:author"}, "scheme": "https://kefu.weibo.com/faqdetail?id=20848"}, {"pic_url": "https://h5.sinaimg.cn/upload/1007/25/2019/05/17/feed_icon_poster_identity133low.png", "name": "blogger", "length": 1.33, "actionlog": {"act_code": "3671", "ext": "status:author"}, "scheme": "https://kefu.weibo.com/faqdetail?id=20848"}, {"pic_url": "https://h5.sinaimg.cn/upload/1007/25/2019/05/17/feed_icon_poster_identity133low.png", "name": "blogger", "length": 1.33, "actionlog": {"act_code": "3671", "ext": "status:author"}, "scheme": "https://kefu.weibo.com/faqdetail?id=20848"}, {"pic_url": "https://h5.sinaimg.cn/upload/1007/25/2019/05/17/feed_icon_poster_identity133low.png", "name": "blogger", "length": 1.33, "actionlog": {"act_code": "3671", "ext": "status:author"}, "scheme": "https://kefu.weibo.com/faqdetail?id=20848"}, {"pic_url": "https://h5.sinaimg.cn/upload/1007/25/2019/05/17/feed_icon_poster_identity133low.png", "name": "blogger", "length": 1.33, "actionlog": {"act_code": "3671", "ext": "status:author"}, "scheme": "https://kefu.weibo.com/faqdetail?id=20848"}, {"pic_url": "https://h5.sinaimg.cn/upload/1007/25/2019/05/17/feed_icon_poster_identity133low.png", "name": "blogger", "length": 1.33, "actionlog": {"act_code": "3671", "ext": "status:author"}, "scheme": "https://kefu.weibo.com/faqdetail?id=20848"}, {"pic_url": "https://h5.sinaimg.cn/upload/1007/25/2019/05/17/feed_icon_poster_identity133low.png", "name": "blogger", "length": 1.33, "actionlog": {"act_code": "3671", "ext": "status:author"}, "scheme": "https://kefu.weibo.com/faqdetail?id=20848"}, {"pic_url": "https://h5.sinaimg.cn/upload/1007/25/2019/05/17/feed_icon_poster_identity133low.png", "name": "blogger", "length": 1.33, "actionlog": {"act_code": "3671", "ext": "status:author"}, "scheme": "https://kefu.weibo.com/faqdetail?id=20848"}, {"pic_url": "https://h5.sinaimg.cn/upload/1007/25/2019/05/17/feed_icon_poster_identity133low.png", "name": "blogger", "length": 1.33, "actionlog": {"act_code": "3671", "ext": "status:author"}, "scheme": "https://kefu.weibo.com/faqdetail?id=20848"}, {"pic_url": "https://h5.sinaimg.cn/upload/1007/25/2019/05/17/feed_icon_poster_identity133low.png", "name": "blogger", "length": 1.33, "actionlog": {"act_code": "3671", "ext": "status:author"}, "scheme": "https://kefu.weibo.com/faqdetail?id=20848"}, {"pic_url": "https://h5.sinaimg.cn/upload/1007/25/2019/05/17/feed_icon_poster_identity133low.png", "name": "blogger", "length": 1.33, "actionlog": {"act_code": "3671", "ext": "status:author"}, "scheme": "https://kefu.weibo.com/faqdetail?id=20848"}, {"pic_url": "https://h5.sinaimg.cn/upload/1007/25/2019/05/17/feed_icon_poster_identity133low.png", "name": "blogger", "length": 1.33, "actionlog": {"act_code": "3671", "ext": "status:author"}, "scheme": "https://kefu.weibo.com/faqdetail?id=20848"}, {"pic_url": "https://h5.sinaimg.cn/upload/1007/25/2019/05/17/feed_icon_poster_identity133low.png", "name": "blogger", "length": 1.33, "actionlog": {"act_code": "3671", "ext": "status:author"}, "scheme": "https://kefu.weibo.com/faqdetail?id=20848"}, {"pic_url": "https://h5.sinaimg.cn/upload/1007/25/2019/05/17/feed_icon_poster_identity133low.png", "name": "blogger", "length": 1.33, "actionlog": {"act_code": "3671", "ext": "status:author"}, "scheme": "https://kefu.weibo.com/faqdetail?id=20848"}, {"pic_url": "https://h5.sinaimg.cn/upload/1007/25/2019/05/17/feed_icon_poster_identity133low.png", "name": "blogger", "length": 1.33, "actionlog": {"act_code": "3671", "ext": "status:author"}, "scheme": "https://kefu.weibo.com/faqdetail?id=20848"}, {"pic_url": "https://h5.sinaimg.cn/upload/1007/25/2019/05/17/feed_icon_poster_identity133low.png", "name": "blogger", "length": 1.33, "actionlog": {"act_code": "3671", "ext": "status:author"}, "scheme": "https://kefu.weibo.com/faqdetail?id=20848"}, {"pic_url": "https://h5.sinaimg.cn/upload/1007/25/2019/05/17/feed_icon_poster_identity133low.png", "name": "blogger", "length": 1.33, "actionlog": {"act_code": "3671", "ext": "status:author"}, "scheme": "https://kefu.weibo.com/faqdetail?id=20848"}, {"pic_url": "https://h5.sinaimg.cn/upload/1007/25/2019/05/17/feed_icon_poster_identity133low.png", "name": "blogger", "length": 1.33, "actionlog": {"act_code": "3671", "ext": "status:author"}, "scheme": "https://kefu.weibo.com/faqdetail?id=20848"}], "user": {"id": 2272673835, "idstr": "2272673835", "class": 1, "screen_name": "大强", "name": "大强", "province": "11", "city": "1000", "location": "北京", "description": "时事、互联网评论人。传播正能量，共创清朗网络环境", "url": "http://weibo.com/ljqiang911", "profile_image_url": "https://tvax2.sinaimg.cn/crop.0.0.1080.1080.50/8776402bly8gyfym3anjhj20u00u0q6d.jpg?KID=imgbed,tva&Expires=1674055696&ssig=RH4xIHjVWK", "light_ring": false, "cover_image_phone": "https://wx2.sinaimg.cn/crop.0.0.640.640.640/7d2acbe8ly1gdjb43fcfbj20yi0yi0x5.jpg", "profile_url": "206111807", "domain": "ljqiang911", "weihao": "206111807", "gender": "m", "followers_count": 1926256, "followers_count_str": "192.6万", "friends_count": 1343, "pagefriends_count": 3, "statuses_count": 9794, "video_status_count": 333, "video_play_count": 0, "super_topic_not_syn_count": 1, "favourites_count": 310, "created_at": "Wed Jul 27 22:58:02 +0800 2011", "following": false, "allow_all_act_msg": true, "geo_enabled": true, "verified": true, "verified_type": 0, "remark": "", "insecurity": {"sexual_content": false}, "ptype": 0, "allow_all_comment": true, "avatar_large": "https://tvax2.sinaimg.cn/crop.0.0.1080.1080.180/8776402bly8gyfym3anjhj20u00u0q6d.jpg?KID=imgbed,tva&Expires=1674055696&ssig=%2F%2FhwVpS1iP", "avatar_hd": "https://tvax2.sinaimg.cn/crop.0.0.1080.1080.1024/8776402bly8gyfym3anjhj20u00u0q6d.jpg?KID=imgbed,tva&Expires=1674055696&ssig=dE%2BeGxIZ%2BO", "verified_reason": "2022年辰星计划博主 视频自媒体", "verified_trade": "820", "verified_reason_url": "", "verified_source": "", "verified_source_url": "", "verified_state": 0, "verified_level": 3, "verified_type_ext": 1, "has_service_tel": false, "verified_reason_modified": "", "verified_contact_name": "", "verified_contact_email": "", "verified_contact_mobile": "", "follow_me": false, "like": false, "like_me": false, "online_status": 0, "bi_followers_count": 1273, "lang": "zh-cn", "star": 0, "mbtype": 12, "mbrank": 8, "svip": 1, "mb_expire_time": 1828022400, "block_word": 0, "block_app": 1, "chaohua_ability": 0, "brand_ability": 0, "nft_ability": 0, "vplus_ability": 1, "wenda_ability": 0, "live_ability": 0, "gongyi_ability": 0, "paycolumn_ability": 1, "newbrand_ability": 0, "ecommerce_ability": 0, "hardfan_ability": 1, "wbcolumn_ability": 0, "ability_tags": "记者,相机,街拍,中式烹饪", "credit_score": 80, "user_ability": -2135553524, "cardid": "star_1528", "avatargj_id": "gj_vip_242", "urank": 48, "story_read_state": -1, "verified_detail": {"custom": 1, "data": [{"key": 16, "sub_key": 10, "weight": 103, "desc": "视频自媒体", "timestamp": 0}, {"key": 1, "sub_key": 0, "weight": 100, "desc": "2022年辰星计划博主", "timestamp": 0}]}, "vclub_member": 0, "is_teenager": 0, "is_guardian": 0, "is_teenager_list": 0, "pc_new": 6, "special_follow": false, "planet_video": 2, "video_mark": 15, "live_status": 0, "user_ability_extend": 0, "status_total_counter": {"total_cnt": 4409197, "repost_cnt": 632288, "comment_cnt": 690821, "like_cnt": 2414311, "comment_like_cnt": 671777}, "video_total_counter": {"play_cnt": 20828107}, "brand_account": 0, "hongbaofei": 0, "tab_manage": "[0, 0]", "reward_status": 0, "green_mode": 0, "urisk": 0, "unfollowing_recom_switch": 1, "avatar_type": 0}, "mid": "4848339503558816", "idstr": "4848339503558816", "match_ai_play_picture": false}, "reply_original_text": "反复的或许是没好利索[思考]", "readtimetype": "comment", "match_ai_play_picture": false}