{"mid": "7756786365", "uid": "MlH0ze3Bl", "name": "文登融媒", "time": "2022-12-28 17:23:00", "local": "", "iphone": "微博视频号", "context": "#新华网#【#货车上坡困难热心小伙拔草相助#】#雪天路滑男子拔草助货车爬坡#近日，山东威海，雪天路滑，大货车车轮打滑无法爬坡，货车司机一筹莫展之际，一位热心小伙“拔草相助”，仗义出手，助大货车脱困。事后小伙默默离开，货车司机非常感激。@人民视频人民视频的微博视频", "comment_num": "14", "like_num": "14", "user": {"focus": "228", "fans": "491", "tweet": "40227"}}