{"created_at": "Mon Jun 27 18:08:24 +0800 2022", "id": 4785034143732973, "rootid": 4784752969912157, "rootidstr": "4784752969912157", "floor_number": 0, "text": "回复@二手铁匠:我也是这么认为，既然烈属有特殊政策，直接保送至清华北大，不要占用普通考生的指标就可以", "disable_reply": 0, "restrictOperate": 0, "source_allowclick": 0, "source_type": 4, "source": "<a href=\"\" rel=\"nofollow\">来自江西</a>", "user": {"id": 5065157694, "idstr": "5065157694", "class": 1, "screen_name": "EVA的初号机", "name": "EVA的初号机", "province": "100", "city": "1000", "location": "其他", "description": "", "url": "", "profile_image_url": "https://tvax2.sinaimg.cn/crop.0.0.664.664.50/005wMSTQly8fgwpvat7n3j30ig0igq2w.jpg?KID=imgbed,tva&Expires=1674067216&ssig=X0JMPwXoUf", "light_ring": false, "cover_image_phone": "https://ww1.sinaimg.cn/crop.0.0.640.640.640/549d0121tw1egm1kjly3jj20hs0hsq4f.jpg", "profile_url": "lx19840227", "domain": "lx19840227", "weihao": "", "gender": "m", "followers_count": 269, "followers_count_str": "269", "friends_count": 134, "pagefriends_count": 0, "statuses_count": 338, "video_status_count": 0, "video_play_count": 0, "super_topic_not_syn_count": 0, "favourites_count": 69, "created_at": "Sun Mar 09 12:44:59 +0800 2014", "following": false, "allow_all_act_msg": false, "geo_enabled": true, "verified": false, "verified_type": -1, "remark": "", "insecurity": {"sexual_content": false}, "ptype": 0, "allow_all_comment": true, "avatar_large": "https://tvax2.sinaimg.cn/crop.0.0.664.664.180/005wMSTQly8fgwpvat7n3j30ig0igq2w.jpg?KID=imgbed,tva&Expires=1674067216&ssig=%2BwRCtIAzg%2B", "avatar_hd": "https://tvax2.sinaimg.cn/crop.0.0.664.664.1024/005wMSTQly8fgwpvat7n3j30ig0igq2w.jpg?KID=imgbed,tva&Expires=1674067216&ssig=AI8Kqj%2BjZX", "verified_reason": "", "verified_trade": "", "verified_reason_url": "", "verified_source": "", "verified_source_url": "", "follow_me": false, "like": false, "like_me": false, "online_status": 0, "bi_followers_count": 1, "lang": "zh-cn", "star": 0, "mbtype": 0, "mbrank": 0, "svip": 0, "mb_expire_time": 0, "block_word": 0, "block_app": 0, "chaohua_ability": 0, "brand_ability": 0, "nft_ability": 0, "vplus_ability": 0, "wenda_ability": 0, "live_ability": 0, "gongyi_ability": 0, "paycolumn_ability": 0, "newbrand_ability": 0, "ecommerce_ability": 0, "hardfan_ability": 0, "wbcolumn_ability": 0, "credit_score": 80, "user_ability": 2097152, "urank": 9, "story_read_state": -1, "vclub_member": 0, "is_teenager": 0, "is_guardian": 0, "is_teenager_list": 0, "pc_new": 7, "special_follow": false, "planet_video": 0, "video_mark": 0, "live_status": 0, "user_ability_extend": 0, "status_total_counter": {"total_cnt": 22, "repost_cnt": 4, "comment_cnt": 4, "like_cnt": 14, "comment_like_cnt": 0}, "video_total_counter": {"play_cnt": -1}, "brand_account": 0, "hongbaofei": 0, "tab_manage": "[0, 0]", "reward_status": 0, "green_mode": 0, "urisk": 0, "unfollowing_recom_switch": 1, "avatar_type": 0}, "mid": "4785034143732973", "idstr": "4785034143732973", "status": {"visible": {"type": 0, "list_id": 0}, "created_at": "Sun Jun 26 22:07:56 +0800 2022", "id": 4784732036663917, "idstr": "4784732036663917", "mid": "4784732036663917", "can_edit": false, "version": 2, "show_additional_indication": 0, "text": "女孩哭诉：“我不要20分，你把爸爸还给我”。烈士子女高考加20分，引起了部分家长不满，看到这个消息，我很愤怒！ ​​​\n他们怕牺牲后，子女享受点优待会被喷特权。善待烈士子女，才能不让烈士活着的战友们心寒！[伤心] ​", "textLength": 204, "source_allowclick": 1, "source_type": 2, "source": "", "favorited": false, "truncated": false, "in_reply_to_status_id": "", "in_reply_to_user_id": "", "in_reply_to_screen_name": "", "pic_urls": [{"thumbnail_pic": "http://wx4.sinaimg.cn/thumbnail/007bF1bmly1h3lzlg7uruj30hs0hhdoi.jpg"}, {"thumbnail_pic": "http://wx4.sinaimg.cn/thumbnail/007bF1bmly1h3lzu0f4nej30hs0lj0vh.jpg"}, {"thumbnail_pic": "http://wx3.sinaimg.cn/thumbnail/007bF1bmly1h3lzlhecboj30u00x6jyf.jpg"}], "thumbnail_pic": "http://wx4.sinaimg.cn/thumbnail/007bF1bmly1h3lzlg7uruj30hs0hhdoi.jpg", "bmiddle_pic": "http://wx4.sinaimg.cn/bmiddle/007bF1bmly1h3lzlg7uruj30hs0hhdoi.jpg", "original_pic": "http://wx4.sinaimg.cn/large/007bF1bmly1h3lzlg7uruj30hs0hhdoi.jpg", "geo": null, "is_paid": false, "mblog_vip_type": 0, "user": {"id": 6585245516, "idstr": "6585245516", "class": 1, "screen_name": "张超微博", "name": "张超微博", "province": "41", "city": "1000", "location": "河南", "description": "致敬人民子弟兵，传承老兵精神！追寻先烈足迹！合作私信！", "url": "", "profile_image_url": "https://tvax2.sinaimg.cn/crop.0.0.996.996.50/007bF1bmly8gzvkx5tlgbj30ro0rognd.jpg?KID=imgbed,tva&Expires=1674067216&ssig=FKGU4c5OzC", "light_ring": false, "cover_image_phone": "https://wx4.sinaimg.cn/crop.0.0.640.640.640/007bF1bmly1h0opgyscm4j30u00u040b.jpg", "profile_url": "u/6585245516", "domain": "", "weihao": "", "gender": "m", "followers_count": 1381977, "followers_count_str": "138.2万", "friends_count": 219, "pagefriends_count": 57, "statuses_count": 9637, "video_status_count": 7234, "video_play_count": 0, "super_topic_not_syn_count": 1, "favourites_count": 13, "created_at": "Wed Jun 27 00:45:56 +0800 2018", "following": false, "allow_all_act_msg": false, "geo_enabled": true, "verified": true, "verified_type": 0, "remark": "", "insecurity": {"sexual_content": false}, "ptype": 0, "allow_all_comment": false, "avatar_large": "https://tvax2.sinaimg.cn/crop.0.0.996.996.180/007bF1bmly8gzvkx5tlgbj30ro0rognd.jpg?KID=imgbed,tva&Expires=1674067216&ssig=ol2zT5%2BnNS", "avatar_hd": "https://tvax2.sinaimg.cn/crop.0.0.996.996.1024/007bF1bmly8gzvkx5tlgbj30ro0rognd.jpg?KID=imgbed,tva&Expires=1674067216&ssig=hoaLtLpAcU", "verified_reason": "军事博主 超话主持人（英雄榜超话） 微博剪辑视频博主", "verified_trade": "", "verified_reason_url": "", "verified_source": "", "verified_source_url": "", "verified_state": 0, "verified_level": 3, "verified_type_ext": 0, "has_service_tel": false, "verified_reason_modified": "", "verified_contact_name": "", "verified_contact_email": "", "verified_contact_mobile": "", "follow_me": false, "like": false, "like_me": false, "online_status": 0, "bi_followers_count": 126, "lang": "zh-cn", "star": 0, "mbtype": 2, "mbrank": 6, "svip": 0, "mb_expire_time": 1664726399, "block_word": 0, "block_app": 0, "chaohua_ability": 0, "brand_ability": 0, "nft_ability": 0, "vplus_ability": 1, "wenda_ability": 0, "live_ability": 0, "gongyi_ability": 0, "paycolumn_ability": 0, "newbrand_ability": 0, "ecommerce_ability": 0, "hardfan_ability": 1, "wbcolumn_ability": 0, "credit_score": 80, "user_ability": -2143944184, "cardid": "star_1573", "avatargj_id": "gj_vip_027", "urank": 4, "story_read_state": -1, "verified_detail": {"custom": 0, "data": [{"key": 16, "sub_key": 4, "weight": 103, "desc": "微博剪辑视频博主"}, {"key": 8, "sub_key": 0, "weight": 102, "desc": "超话主持人（英雄榜超话）"}, {"key": 2, "sub_key": 0, "weight": 101, "desc": "军事博主"}]}, "vclub_member": 0, "is_teenager": 0, "is_guardian": 0, "is_teenager_list": 0, "pc_new": 7, "special_follow": false, "planet_video": 2, "video_mark": 15, "live_status": 0, "user_ability_extend": 0, "status_total_counter": {"total_cnt": 16486480, "repost_cnt": 790417, "comment_cnt": 778332, "like_cnt": 10620149, "comment_like_cnt": 4297582}, "video_total_counter": {"play_cnt": 512270112}, "brand_account": 0, "hongbaofei": 0, "tab_manage": "[0, 0]", "reward_status": 0, "green_mode": 0, "urisk": 1048576, "unfollowing_recom_switch": 1, "avatar_type": 0}, "annotations": [{"photo_sub_type": "0,0,0"}, {}, {"client_mblogid": "75f63589-fec7-4b5e-966e-583d9596394d"}, {"mapi_request": true}], "picStatus": "0:1,1:1,2:1", "reposts_count": 0, "comments_count": 0, "reprint_cmt_count": 0, "attitudes_count": 0, "pending_approval_count": 0, "isLongText": false, "reward_exhibition_type": 0, "hide_flag": 0, "mlevel": 128, "show_mlevel": 0, "biz_feature": 4294967300, "hasActionTypeCard": 0, "darwin_tags": [], "hot_weibo_tags": [], "text_tag_tips": [], "mblogtype": 0, "userType": 0, "mlevelSource": "monitor", "more_info_type": 0, "cardid": "star_1573", "number_display_strategy": {"apply_scenario_flag": 3, "display_text_min_number": 1000000, "display_text": "100万+"}, "positive_recom_flag": 0, "content_auth": 0, "gif_ids": "", "is_show_bulletin": 2, "comment_manage_info": {"comment_permission_type": -1, "approval_comment_type": 0, "comment_sort_type": 0, "ai_play_picture_type": 0}, "pic_num": 3, "can_reprint": false, "new_comment_style": 0}, "reply_comment": {"created_at": "Sun Jun 26 23:31:07 +0800 2022", "id": 4784752969912157, "rootid": 4784752969912157, "rootidstr": "4784752969912157", "floor_number": 10, "text": "烈属优抚政策一直有，如果还嫌不够，可以再给烈属货币补贴，实在不行接班、特招也行。可是如果烈士子女想要参加高考，选择走和其他孩子一样的道路，那么就请尊重并遵守现有的高考规则，否则对其他参加高考的孩子不公平。", "disable_reply": 0, "restrictOperate": 0, "user": {"id": 6469022573, "idstr": "6469022573", "class": 1, "screen_name": "二手鐵匠", "name": "二手鐵匠", "province": "100", "city": "1000", "location": "其他", "description": "仰望星空的人", "url": "", "profile_image_url": "https://tvax1.sinaimg.cn/crop.0.0.700.700.50/0073NmhLly8h4v6izmyj8j30jg0jgwff.jpg?KID=imgbed,tva&Expires=1674067216&ssig=SVH5kKzE7z", "light_ring": false, "cover_image_phone": "https://ww4.sinaimg.cn/crop.0.0.640.640.640/a1d3feabjw1ez3ul46nlsj20hs0hsmz1.jpg", "profile_url": "u/6469022573", "domain": "", "weihao": "", "gender": "m", "followers_count": 27, "followers_count_str": "27", "friends_count": 43, "pagefriends_count": 0, "statuses_count": 195, "video_status_count": 0, "video_play_count": 0, "super_topic_not_syn_count": 0, "favourites_count": 6, "created_at": "Tue Jan 23 14:56:30 +0800 2018", "following": false, "allow_all_act_msg": false, "geo_enabled": true, "verified": false, "verified_type": -1, "remark": "", "insecurity": {"sexual_content": false}, "ptype": 0, "allow_all_comment": true, "avatar_large": "https://tvax1.sinaimg.cn/crop.0.0.700.700.180/0073NmhLly8h4v6izmyj8j30jg0jgwff.jpg?KID=imgbed,tva&Expires=1674067216&ssig=cM6vyzInpn", "avatar_hd": "https://tvax1.sinaimg.cn/crop.0.0.700.700.1024/0073NmhLly8h4v6izmyj8j30jg0jgwff.jpg?KID=imgbed,tva&Expires=1674067216&ssig=%2FEqap9imud", "verified_reason": "", "verified_trade": "", "verified_reason_url": "", "verified_source": "", "verified_source_url": "", "follow_me": false, "like": false, "like_me": false, "online_status": 0, "bi_followers_count": 1, "lang": "zh-cn", "star": 0, "mbtype": 0, "mbrank": 0, "svip": 0, "mb_expire_time": 0, "block_word": 0, "block_app": 0, "chaohua_ability": 0, "brand_ability": 0, "nft_ability": 0, "vplus_ability": 0, "wenda_ability": 0, "live_ability": 0, "gongyi_ability": 0, "paycolumn_ability": 0, "newbrand_ability": 0, "ecommerce_ability": 0, "hardfan_ability": 0, "wbcolumn_ability": 0, "credit_score": 80, "user_ability": 0, "urank": 4, "story_read_state": -1, "vclub_member": 0, "is_teenager": 0, "is_guardian": 0, "is_teenager_list": 0, "pc_new": 0, "special_follow": false, "planet_video": 0, "video_mark": 0, "live_status": 0, "user_ability_extend": 0, "status_total_counter": {"total_cnt": 116, "repost_cnt": 7, "comment_cnt": 24, "like_cnt": 82, "comment_like_cnt": 3}, "video_total_counter": {"play_cnt": -1}, "brand_account": 0, "hongbaofei": 0, "tab_manage": "[0, 0]", "reward_status": 0, "green_mode": 0, "urisk": 17179869184, "unfollowing_recom_switch": 1, "avatar_type": 0}, "mid": "4784752969912157", "idstr": "4784752969912157", "match_ai_play_picture": false}, "reply_original_text": "我也是这么认为，既然烈属有特殊政策，直接保送至清华北大，不要占用普通考生的指标就可以", "readtimetype": "comment", "match_ai_play_picture": false}