{"created_at": "Mon Jun 27 19:34:20 +0800 2022", "id": 4785055769297952, "rootid": 4784904195278457, "rootidstr": "4784904195278457", "floor_number": 0, "text": "回复@诸葛孔明七星灯:你过劳死是为了自己，烈士则是为了其他人", "disable_reply": 0, "restrictOperate": 0, "source_allowclick": 0, "source_type": 4, "source": "<a href=\"\" rel=\"nofollow\">来自安徽</a>", "user": {"id": 3984608347, "idstr": "3984608347", "class": 1, "screen_name": "我的岁月是把杀猪刀", "name": "我的岁月是把杀猪刀", "province": "34", "city": "1000", "location": "安徽", "description": "", "url": "", "profile_image_url": "https://tvax4.sinaimg.cn/crop.0.0.996.996.50/ed804c5bly8gixi077cmaj20ro0ron0t.jpg?KID=imgbed,tva&Expires=1674067216&ssig=b6gDJ%2FsIkF", "light_ring": false, "cover_image_phone": "https://ww1.sinaimg.cn/crop.0.0.640.640.640/549d0121tw1egm1kjly3jj20hs0hsq4f.jpg", "profile_url": "u/3984608347", "domain": "", "weihao": "", "gender": "m", "followers_count": 65, "followers_count_str": "65", "friends_count": 83, "pagefriends_count": 10, "statuses_count": 153, "video_status_count": 0, "video_play_count": 0, "super_topic_not_syn_count": 0, "favourites_count": 55, "created_at": "Wed Apr 23 10:01:00 +0800 2014", "following": false, "allow_all_act_msg": false, "geo_enabled": true, "verified": false, "verified_type": -1, "remark": "", "insecurity": {"sexual_content": false}, "ptype": 0, "allow_all_comment": false, "avatar_large": "https://tvax4.sinaimg.cn/crop.0.0.996.996.180/ed804c5bly8gixi077cmaj20ro0ron0t.jpg?KID=imgbed,tva&Expires=1674067216&ssig=3ai6pK1ti%2F", "avatar_hd": "https://tvax4.sinaimg.cn/crop.0.0.996.996.1024/ed804c5bly8gixi077cmaj20ro0ron0t.jpg?KID=imgbed,tva&Expires=1674067216&ssig=Him8rloXUy", "verified_reason": "", "verified_trade": "", "verified_reason_url": "", "verified_source": "", "verified_source_url": "", "follow_me": false, "like": false, "like_me": false, "online_status": 0, "bi_followers_count": 1, "lang": "zh-cn", "star": 0, "mbtype": 0, "mbrank": 0, "svip": 0, "mb_expire_time": 0, "block_word": 0, "block_app": 0, "chaohua_ability": 0, "brand_ability": 0, "nft_ability": 0, "vplus_ability": 0, "wenda_ability": 0, "live_ability": 0, "gongyi_ability": 0, "paycolumn_ability": 0, "newbrand_ability": 0, "ecommerce_ability": 0, "hardfan_ability": 0, "wbcolumn_ability": 0, "credit_score": 78, "user_ability": 2097152, "urank": 4, "story_read_state": -1, "vclub_member": 0, "is_teenager": 0, "is_guardian": 0, "is_teenager_list": 0, "pc_new": 0, "special_follow": false, "planet_video": 2, "video_mark": 0, "live_status": 0, "user_ability_extend": 0, "status_total_counter": {"total_cnt": 46, "repost_cnt": 5, "comment_cnt": 12, "like_cnt": 28, "comment_like_cnt": 1}, "video_total_counter": {"play_cnt": 0}, "brand_account": 0, "hongbaofei": 0, "tab_manage": "[0, 0]", "reward_status": 0, "green_mode": 0, "urisk": 17179869184, "unfollowing_recom_switch": 1, "avatar_type": 0}, "mid": "4785055769297952", "idstr": "4785055769297952", "status": {"visible": {"type": 0, "list_id": 0}, "created_at": "Sun Jun 26 22:07:56 +0800 2022", "id": 4784732036663917, "idstr": "4784732036663917", "mid": "4784732036663917", "can_edit": false, "version": 2, "show_additional_indication": 0, "text": "女孩哭诉：“我不要20分，你把爸爸还给我”。烈士子女高考加20分，引起了部分家长不满，看到这个消息，我很愤怒！ ​​​\n他们怕牺牲后，子女享受点优待会被喷特权。善待烈士子女，才能不让烈士活着的战友们心寒！[伤心] ​", "textLength": 204, "source_allowclick": 1, "source_type": 2, "source": "", "favorited": false, "truncated": false, "in_reply_to_status_id": "", "in_reply_to_user_id": "", "in_reply_to_screen_name": "", "pic_urls": [{"thumbnail_pic": "http://wx4.sinaimg.cn/thumbnail/007bF1bmly1h3lzlg7uruj30hs0hhdoi.jpg"}, {"thumbnail_pic": "http://wx4.sinaimg.cn/thumbnail/007bF1bmly1h3lzu0f4nej30hs0lj0vh.jpg"}, {"thumbnail_pic": "http://wx3.sinaimg.cn/thumbnail/007bF1bmly1h3lzlhecboj30u00x6jyf.jpg"}], "thumbnail_pic": "http://wx4.sinaimg.cn/thumbnail/007bF1bmly1h3lzlg7uruj30hs0hhdoi.jpg", "bmiddle_pic": "http://wx4.sinaimg.cn/bmiddle/007bF1bmly1h3lzlg7uruj30hs0hhdoi.jpg", "original_pic": "http://wx4.sinaimg.cn/large/007bF1bmly1h3lzlg7uruj30hs0hhdoi.jpg", "geo": null, "is_paid": false, "mblog_vip_type": 0, "user": {"id": 6585245516, "idstr": "6585245516", "class": 1, "screen_name": "张超微博", "name": "张超微博", "province": "41", "city": "1000", "location": "河南", "description": "致敬人民子弟兵，传承老兵精神！追寻先烈足迹！合作私信！", "url": "", "profile_image_url": "https://tvax2.sinaimg.cn/crop.0.0.996.996.50/007bF1bmly8gzvkx5tlgbj30ro0rognd.jpg?KID=imgbed,tva&Expires=1674067216&ssig=FKGU4c5OzC", "light_ring": false, "cover_image_phone": "https://wx4.sinaimg.cn/crop.0.0.640.640.640/007bF1bmly1h0opgyscm4j30u00u040b.jpg", "profile_url": "u/6585245516", "domain": "", "weihao": "", "gender": "m", "followers_count": 1381977, "followers_count_str": "138.2万", "friends_count": 219, "pagefriends_count": 57, "statuses_count": 9637, "video_status_count": 7234, "video_play_count": 0, "super_topic_not_syn_count": 1, "favourites_count": 13, "created_at": "Wed Jun 27 00:45:56 +0800 2018", "following": false, "allow_all_act_msg": false, "geo_enabled": true, "verified": true, "verified_type": 0, "remark": "", "insecurity": {"sexual_content": false}, "ptype": 0, "allow_all_comment": false, "avatar_large": "https://tvax2.sinaimg.cn/crop.0.0.996.996.180/007bF1bmly8gzvkx5tlgbj30ro0rognd.jpg?KID=imgbed,tva&Expires=1674067216&ssig=ol2zT5%2BnNS", "avatar_hd": "https://tvax2.sinaimg.cn/crop.0.0.996.996.1024/007bF1bmly8gzvkx5tlgbj30ro0rognd.jpg?KID=imgbed,tva&Expires=1674067216&ssig=hoaLtLpAcU", "verified_reason": "军事博主 超话主持人（英雄榜超话） 微博剪辑视频博主", "verified_trade": "", "verified_reason_url": "", "verified_source": "", "verified_source_url": "", "verified_state": 0, "verified_level": 3, "verified_type_ext": 0, "has_service_tel": false, "verified_reason_modified": "", "verified_contact_name": "", "verified_contact_email": "", "verified_contact_mobile": "", "follow_me": false, "like": false, "like_me": false, "online_status": 0, "bi_followers_count": 126, "lang": "zh-cn", "star": 0, "mbtype": 2, "mbrank": 6, "svip": 0, "mb_expire_time": 1664726399, "block_word": 0, "block_app": 0, "chaohua_ability": 0, "brand_ability": 0, "nft_ability": 0, "vplus_ability": 1, "wenda_ability": 0, "live_ability": 0, "gongyi_ability": 0, "paycolumn_ability": 0, "newbrand_ability": 0, "ecommerce_ability": 0, "hardfan_ability": 1, "wbcolumn_ability": 0, "credit_score": 80, "user_ability": -2143944184, "cardid": "star_1573", "avatargj_id": "gj_vip_027", "urank": 4, "story_read_state": -1, "verified_detail": {"custom": 0, "data": [{"key": 16, "sub_key": 4, "weight": 103, "desc": "微博剪辑视频博主"}, {"key": 8, "sub_key": 0, "weight": 102, "desc": "超话主持人（英雄榜超话）"}, {"key": 2, "sub_key": 0, "weight": 101, "desc": "军事博主"}]}, "vclub_member": 0, "is_teenager": 0, "is_guardian": 0, "is_teenager_list": 0, "pc_new": 7, "special_follow": false, "planet_video": 2, "video_mark": 15, "live_status": 0, "user_ability_extend": 0, "status_total_counter": {"total_cnt": 16486480, "repost_cnt": 790417, "comment_cnt": 778332, "like_cnt": 10620149, "comment_like_cnt": 4297582}, "video_total_counter": {"play_cnt": 512270112}, "brand_account": 0, "hongbaofei": 0, "tab_manage": "[0, 0]", "reward_status": 0, "green_mode": 0, "urisk": 1048576, "unfollowing_recom_switch": 1, "avatar_type": 0}, "annotations": [{"photo_sub_type": "0,0,0"}, {}, {"client_mblogid": "75f63589-fec7-4b5e-966e-583d9596394d"}, {"mapi_request": true}], "picStatus": "0:1,1:1,2:1", "reposts_count": 0, "comments_count": 0, "reprint_cmt_count": 0, "attitudes_count": 0, "pending_approval_count": 0, "isLongText": false, "reward_exhibition_type": 0, "hide_flag": 0, "mlevel": 128, "show_mlevel": 0, "biz_feature": 4294967300, "hasActionTypeCard": 0, "darwin_tags": [], "hot_weibo_tags": [], "text_tag_tips": [], "mblogtype": 0, "userType": 0, "mlevelSource": "monitor", "more_info_type": 0, "cardid": "star_1573", "number_display_strategy": {"apply_scenario_flag": 3, "display_text_min_number": 1000000, "display_text": "100万+"}, "positive_recom_flag": 0, "content_auth": 0, "gif_ids": "", "is_show_bulletin": 2, "comment_manage_info": {"comment_permission_type": -1, "approval_comment_type": 0, "comment_sort_type": 0, "ai_play_picture_type": 0}, "pic_num": 3, "can_reprint": false, "new_comment_style": 0}, "reply_comment": {"created_at": "Mon Jun 27 09:32:02 +0800 2022", "id": 4784904195278457, "rootid": 4784904195278457, "rootidstr": "4784904195278457", "floor_number": 36, "text": "每一个为祖国发展牺牲的人都该被尊重，凭什么996过劳死的就不能加分", "disable_reply": 0, "restrictOperate": 0, "user": {"id": 6372159680, "idstr": "6372159680", "class": 1, "screen_name": "诸葛孔明七星灯", "name": "诸葛孔明七星灯", "province": "31", "city": "1000", "location": "上海", "description": "", "url": "", "profile_image_url": "https://tvax1.sinaimg.cn/crop.0.0.828.828.50/006XeVP2ly8gpoin80ax0j30n00n0aaw.jpg?KID=imgbed,tva&Expires=1674067216&ssig=C1UroPQaay", "light_ring": false, "profile_url": "u/6372159680", "domain": "", "weihao": "", "gender": "m", "followers_count": 13, "followers_count_str": "13", "friends_count": 352, "pagefriends_count": 9, "statuses_count": 21, "video_status_count": 0, "video_play_count": 0, "super_topic_not_syn_count": 0, "favourites_count": 0, "created_at": "Tue Sep 19 21:58:53 +0800 2017", "following": false, "allow_all_act_msg": false, "geo_enabled": true, "verified": false, "verified_type": -1, "remark": "", "insecurity": {"sexual_content": false}, "ptype": 0, "allow_all_comment": true, "avatar_large": "https://tvax1.sinaimg.cn/crop.0.0.828.828.180/006XeVP2ly8gpoin80ax0j30n00n0aaw.jpg?KID=imgbed,tva&Expires=1674067216&ssig=6ZjO6F8GTO", "avatar_hd": "https://tvax1.sinaimg.cn/crop.0.0.828.828.1024/006XeVP2ly8gpoin80ax0j30n00n0aaw.jpg?KID=imgbed,tva&Expires=1674067216&ssig=fYGbQXClFl", "verified_reason": "", "verified_trade": "", "verified_reason_url": "", "verified_source": "", "verified_source_url": "", "follow_me": false, "like": false, "like_me": false, "online_status": 0, "bi_followers_count": 1, "lang": "zh-cn", "star": 0, "mbtype": 0, "mbrank": 0, "svip": 0, "mb_expire_time": 0, "block_word": 0, "block_app": 0, "credit_score": 80, "user_ability": 2097152, "urank": 1, "story_read_state": -1, "vclub_member": 0, "is_teenager": 0, "is_guardian": 0, "is_teenager_list": 0, "pc_new": 0, "special_follow": false, "planet_video": 0, "video_mark": 0, "live_status": 0, "user_ability_extend": 0, "status_total_counter": {"total_cnt": 109, "repost_cnt": 0, "comment_cnt": 3, "like_cnt": 104, "comment_like_cnt": 2}, "video_total_counter": {"play_cnt": -1}, "brand_account": 0, "hongbaofei": 0, "tab_manage": "[0, 0]", "green_mode": 0, "urisk": 17179869184, "unfollowing_recom_switch": 1, "block": 0, "block_me": 0, "avatar_type": 0}, "mid": "4784904195278457", "idstr": "4784904195278457", "match_ai_play_picture": false}, "reply_original_text": "你过劳死是为了自己，烈士则是为了其他人", "readtimetype": "comment", "match_ai_play_picture": false}