{"mid": "2993310877", "uid": "MgGHgckrd", "name": "On-Target", "time": "2022-11-25 19:24:00", "local": "四川", "iphone": "iPhone客户端", "context": "#优化疫情防控的20条措施#..@人民日报...衡水在国务院高风险程序里面查询是低风险常态化防控，为什么衡水要封城，为什么要在乡村路上用土堆堵上？.凭什么，下面可以不执行国务院这个要求，那天天在网上新闻联播宣传有什么用呢？", "comment_num": "0", "like_num": "1"}