{"created_at": "Tue Jul 05 12:11:36 +0800 2022", "id": 4787843455783346, "rootid": 4787843455783346, "rootidstr": "4787843455783346", "floor_number": 52, "text": "没有四川？[doge]", "disable_reply": 0, "restrictOperate": 0, "source_allowclick": 0, "source_type": 4, "source": "<a href=\"\" rel=\"nofollow\">来自四川</a>", "comment_badge": [{"pic_url": "https://h5.sinaimg.cn/upload/114/962/2022/07/08/member_0_bigfan1_4.png", "name": "loyal_fans", "length": 1.33, "actionlog": {"act_code": "3671", "ext": "status:fans"}, "scheme": "https://kefu.weibo.com/faqdetail?id=20848", "new_icon": true}], "user": {"id": 2567953564, "idstr": "2567953564", "class": 1, "screen_name": "悟舍空", "name": "悟舍空", "province": "51", "city": "1", "location": "四川 成都", "description": "蒂尼。天下快意之事莫若友，快友之事莫若谈！", "url": "", "profile_image_url": "https://tva4.sinaimg.cn/crop.0.0.180.180.50/990fdc9cjw1e8qgp5bmzyj2050050aa8.jpg?KID=imgbed,tva&Expires=1670006051&ssig=zZTpXeTYUl", "light_ring": false, "cover_image_phone": "http://ww1.sinaimg.cn/crop.0.0.640.640.640/549d0121tw1egm1kjly3jj20hs0hsq4f.jpg", "profile_url": "u/2567953564", "domain": "", "weihao": "", "gender": "m", "followers_count": 155, "followers_count_str": "155", "friends_count": 552, "pagefriends_count": 17, "statuses_count": 600, "video_status_count": 0, "video_play_count": 0, "super_topic_not_syn_count": 0, "favourites_count": 1096, "created_at": "Sat Dec 24 03:43:19 +0800 2011", "following": false, "allow_all_act_msg": false, "geo_enabled": true, "verified": false, "verified_type": -1, "remark": "", "insecurity": {"sexual_content": false}, "ptype": 0, "allow_all_comment": true, "avatar_large": "https://tva4.sinaimg.cn/crop.0.0.180.180.180/990fdc9cjw1e8qgp5bmzyj2050050aa8.jpg?KID=imgbed,tva&Expires=1670006051&ssig=sj4zDXCkZv", "avatar_hd": "https://tva4.sinaimg.cn/crop.0.0.180.180.1024/990fdc9cjw1e8qgp5bmzyj2050050aa8.jpg?KID=imgbed,tva&Expires=1670006051&ssig=oAN9swkgO7", "verified_reason": "", "verified_trade": "", "verified_reason_url": "", "verified_source": "", "verified_source_url": "", "follow_me": false, "like": false, "like_me": false, "online_status": 0, "bi_followers_count": 14, "lang": "zh-cn", "star": 0, "mbtype": 0, "mbrank": 0, "svip": 0, "mb_expire_time": 0, "block_word": 0, "block_app": 0, "chaohua_ability": 0, "brand_ability": 0, "nft_ability": 0, "vplus_ability": 0, "wenda_ability": 0, "live_ability": 0, "gongyi_ability": 0, "paycolumn_ability": 0, "newbrand_ability": 0, "ecommerce_ability": 0, "hardfan_ability": 0, "credit_score": 80, "user_ability": 35651584, "urank": 31, "story_read_state": -1, "vclub_member": 0, "is_teenager": 0, "is_guardian": 0, "is_teenager_list": 0, "pc_new": 7, "special_follow": false, "planet_video": 0, "video_mark": 0, "live_status": 0, "user_ability_extend": 0, "status_total_counter": {"total_cnt": 237, "repost_cnt": 57, "comment_cnt": 131, "like_cnt": 49, "comment_like_cnt": 0}, "video_total_counter": {"play_cnt": -1}, "brand_account": 0, "hongbaofei": 0, "tab_manage": "[0, 0]", "reward_status": 0, "green_mode": 0, "urisk": 0, "avatar_type": 0}, "mid": "4787843455783346", "idstr": "4787843455783346", "status": {"visible": {"type": 0, "list_id": 0}, "created_at": "Tue Jul 05 11:03:15 +0800 2022", "id": 4787826254417431, "idstr": "4787826254417431", "mid": "4787826254417431", "can_edit": false, "version": 2, "show_additional_indication": 0, "text": "吉林离婚率达71.51%！重庆离婚率超过50%！这是怎么回事？\n\n#情感语录##在公司人缘很好是什么体验# ​", "textLength": 91, "source_allowclick": 1, "source_type": 2, "source": "", "favorited": false, "truncated": false, "in_reply_to_status_id": "", "in_reply_to_user_id": "", "in_reply_to_screen_name": "", "pic_urls": [{"thumbnail_pic": "http://wx1.sinaimg.cn/thumbnail/006V46pbgy1h3vv88n9n7j30u0195gtf.jpg"}], "thumbnail_pic": "http://wx1.sinaimg.cn/thumbnail/006V46pbgy1h3vv88n9n7j30u0195gtf.jpg", "bmiddle_pic": "http://wx1.sinaimg.cn/bmiddle/006V46pbgy1h3vv88n9n7j30u0195gtf.jpg", "original_pic": "http://wx1.sinaimg.cn/large/006V46pbgy1h3vv88n9n7j30u0195gtf.jpg", "geo": null, "is_paid": false, "mblog_vip_type": 0, "user": {"id": 6340026081, "idstr": "6340026081", "class": 1, "screen_name": "茂哥日记", "name": "茂哥日记", "province": "50", "city": "1000", "location": "重庆", "description": "见证中国崛起 ！", "url": "", "profile_image_url": "https://tvax1.sinaimg.cn/crop.3.0.107.107.50/006V46pbly8g2l1kuqmq6j303602zq2v.jpg?KID=imgbed,tva&Expires=1670006051&ssig=hM8OF3ARWG", "light_ring": false, "cover_image_phone": "http://ww1.sinaimg.cn/crop.0.0.640.640.640/549d0121tw1egm1kjly3jj20hs0hsq4f.jpg;http://wx1.sinaimg.cn/crop.0.0.640.640.640/006V46pbly1fvwui6kdztj30u00u0wzf.jpg", "profile_url": "mgrjmgrj", "domain": "mgrjmgrj", "weihao": "", "gender": "m", "followers_count": 1131891, "followers_count_str": "113.2万", "friends_count": 2158, "pagefriends_count": 4, "statuses_count": 20480, "video_status_count": 10174, "video_play_count": 0, "super_topic_not_syn_count": 0, "favourites_count": 141, "created_at": "Mon Aug 07 20:03:20 +0800 2017", "following": false, "allow_all_act_msg": false, "geo_enabled": false, "verified": true, "verified_type": 0, "remark": "", "insecurity": {"sexual_content": false}, "ptype": 0, "allow_all_comment": true, "avatar_large": "https://tvax1.sinaimg.cn/crop.3.0.107.107.180/006V46pbly8g2l1kuqmq6j303602zq2v.jpg?KID=imgbed,tva&Expires=1670006051&ssig=G7jxzgjwbO", "avatar_hd": "https://tvax1.sinaimg.cn/crop.3.0.107.107.1024/006V46pbly8g2l1kuqmq6j303602zq2v.jpg?KID=imgbed,tva&Expires=1670006051&ssig=SQqZL4IvD9", "verified_reason": "互联网科技博主", "verified_trade": "", "verified_reason_url": "", "verified_source": "", "verified_source_url": "", "verified_state": 0, "verified_level": 3, "verified_type_ext": 1, "has_service_tel": false, "verified_reason_modified": "", "verified_contact_name": "", "verified_contact_email": "", "verified_contact_mobile": "", "follow_me": false, "like": false, "like_me": false, "online_status": 0, "bi_followers_count": 2147, "lang": "zh-cn", "star": 0, "mbtype": 12, "mbrank": 7, "svip": 0, "mb_expire_time": 1731686400, "block_word": 0, "block_app": 1, "chaohua_ability": 0, "brand_ability": 0, "nft_ability": 0, "vplus_ability": 3, "wenda_ability": 5, "live_ability": 0, "gongyi_ability": 0, "paycolumn_ability": 1, "newbrand_ability": 0, "ecommerce_ability": 0, "hardfan_ability": 0, "credit_score": 80, "user_ability": -2136602104, "cardid": "star_1545", "urank": 33, "story_read_state": -1, "verified_detail": {"custom": 1, "data": [{"key": 2, "sub_key": 0, "weight": 10, "desc": "互联网科技博主", "timestamp": 0}]}, "vclub_member": 0, "is_teenager": 0, "is_guardian": 0, "is_teenager_list": 0, "pc_new": 6, "special_follow": false, "planet_video": 2, "video_mark": 15, "live_status": 0, "user_ability_extend": 0, "status_total_counter": {"total_cnt": 15454371, "repost_cnt": 904037, "comment_cnt": 1934893, "like_cnt": 5854871, "comment_like_cnt": 6760570}, "video_total_counter": {"play_cnt": 901452038}, "brand_account": 0, "hongbaofei": 0, "tab_manage": "[0, 0]", "reward_status": 0, "green_mode": 0, "urisk": 103616086016, "avatar_type": 0}, "annotations": [{"photo_sub_type": "0"}, {}, {"client_mblogid": "3f9c2820-f887-417c-aa9a-8722c0f5144a"}, {"mapi_request": true}], "picStatus": "0:1", "reposts_count": 0, "comments_count": 0, "reprint_cmt_count": 0, "attitudes_count": 0, "pending_approval_count": 0, "isLongText": false, "reward_exhibition_type": 0, "hide_flag": 0, "mlevel": 128, "show_mlevel": 0, "biz_feature": 4294967300, "page_type": 64, "hasActionTypeCard": 0, "darwin_tags": [], "hot_weibo_tags": [], "text_tag_tips": [], "mblogtype": 0, "userType": 0, "mlevelSource": "monitor", "more_info_type": 0, "cardid": "star_1545", "number_display_strategy": {"apply_scenario_flag": 3, "display_text_min_number": 1000000, "display_text": "100万+"}, "positive_recom_flag": 0, "content_auth": 0, "gif_ids": "", "is_show_bulletin": 2, "comment_manage_info": {"comment_permission_type": -1, "approval_comment_type": 0, "comment_sort_type": 0, "ai_play_picture_type": 0}, "pic_num": 1, "can_reprint": false, "new_comment_style": 0}, "readtimetype": "comment", "match_ai_play_picture": false}