{"created_at": "Sun Apr 03 10:43:12 +0800 2022", "id": 4754119136644237, "rootid": 4753863132843178, "rootidstr": "4753863132843178", "floor_number": 0, "text": "回复@D先生1234:笑死了，能不能多去世界看看？封城带来的次生危害明显大于新冠本身啊。你想一辈子戴口罩居家你就继续，不要像个井底之蛙一样说一些屁话，上海不是十八线城市[摊手]", "disable_reply": 0, "restrictOperate": 0, "user": {"id": 2364623440, "idstr": "2364623440", "class": 1, "screen_name": "西红柿不是小瘦子", "name": "西红柿不是小瘦子", "province": "31", "city": "1000", "location": "上海", "description": "你也是因为无法拯救世界而失眠的吗", "url": "", "profile_image_url": "https://tvax4.sinaimg.cn/crop.0.0.1066.1066.50/8cf14a50ly8h89o9vs5p4j20tm0tmtbm.jpg?KID=imgbed,tva&Expires=1674071278&ssig=dvSCF6bCP9", "light_ring": false, "cover_image_phone": "https://ww2.sinaimg.cn/crop.0.0.640.640.640/a1d3feabjw1ecasunmkncj20hs0hsq4j.jpg", "profile_url": "u/2364623440", "domain": "", "weihao": "", "gender": "f", "followers_count": 1187, "followers_count_str": "1187", "friends_count": 834, "pagefriends_count": 45, "statuses_count": 4352, "video_status_count": 11, "video_play_count": 0, "super_topic_not_syn_count": 2, "favourites_count": 1017, "created_at": "Thu Sep 01 10:40:11 +0800 2011", "following": false, "allow_all_act_msg": false, "geo_enabled": true, "verified": false, "verified_type": 220, "remark": "", "insecurity": {"sexual_content": false}, "ptype": 0, "allow_all_comment": false, "avatar_large": "https://tvax4.sinaimg.cn/crop.0.0.1066.1066.180/8cf14a50ly8h89o9vs5p4j20tm0tmtbm.jpg?KID=imgbed,tva&Expires=1674071278&ssig=xNqI%2FBNn4Y", "avatar_hd": "https://tvax4.sinaimg.cn/crop.0.0.1066.1066.1024/8cf14a50ly8h89o9vs5p4j20tm0tmtbm.jpg?KID=imgbed,tva&Expires=1674071278&ssig=X24PTGQlxT", "verified_reason": "", "verified_trade": "", "verified_reason_url": "", "verified_source": "", "verified_source_url": "", "follow_me": false, "like": false, "like_me": false, "online_status": 0, "bi_followers_count": 229, "lang": "zh-cn", "star": 0, "mbtype": 0, "mbrank": 0, "svip": 0, "mb_expire_time": 0, "block_word": 0, "block_app": 0, "chaohua_ability": 0, "brand_ability": 0, "nft_ability": 0, "vplus_ability": 0, "wenda_ability": 0, "live_ability": 0, "gongyi_ability": 0, "paycolumn_ability": 0, "newbrand_ability": 0, "ecommerce_ability": 0, "hardfan_ability": 0, "wbcolumn_ability": 0, "credit_score": 80, "user_ability": 2360320, "cardid": "star_11247_common", "urank": 36, "story_read_state": -1, "vclub_member": 0, "is_teenager": 0, "is_guardian": 0, "is_teenager_list": 0, "pc_new": 7, "special_follow": false, "planet_video": 2, "video_mark": 2, "live_status": 0, "user_ability_extend": 0, "video_cover": {"mid": 4847982199177502}, "status_total_counter": {"total_cnt": 14745, "repost_cnt": 726, "comment_cnt": 6565, "like_cnt": 6243, "comment_like_cnt": 1211}, "video_total_counter": {"play_cnt": 797}, "brand_account": 0, "hongbaofei": 0, "tab_manage": "[0, 0]", "reward_status": 0, "green_mode": 0, "urisk": 17179869184, "unfollowing_recom_switch": 1, "avatar_type": 0}, "mid": "4754119136644237", "idstr": "4754119136644237", "status": {"visible": {"type": 0, "list_id": 0}, "created_at": "Sat Apr 02 17:25:15 +0800 2022", "id": 4753857927974754, "idstr": "4753857927974754", "mid": "4753857927974754", "edit_count": 2, "can_edit": false, "edit_at": "Sat Apr 02 17:41:47 +0800 2022", "version": 4, "show_additional_indication": 0, "text": "为什么上海不能随便封城，看看上海港每天进出多少远洋货轮。港停了，原材料和产品无法到位，供应链就停了，产业链会严重受阻。进出口是双向的，影响的国内外的产业损失难以估量。不要叫物价上涨，后面还会涨。。。不要以为上海封了跟我们其他地方没关系，都是一条绳上的蚂蚱！\n\n#疫情防控##经济# ​", "textLength": 290, "source_allowclick": 0, "source_type": 1, "source": "<a href=\"http://app.weibo.com/t/feed/5hFtym\" rel=\"nofollow\">iPhone 12 Pro Max</a>", "favorited": false, "truncated": false, "in_reply_to_status_id": "", "in_reply_to_user_id": "", "in_reply_to_screen_name": "", "pic_urls": [{"thumbnail_pic": "http://wx3.sinaimg.cn/thumbnail/6eeeb0c7ly1h0vi26zgl4j20o70getcr.jpg"}, {"thumbnail_pic": "http://wx3.sinaimg.cn/thumbnail/6eeeb0c7ly1h0vi278isvj20jb0pntj7.jpg"}], "thumbnail_pic": "http://wx3.sinaimg.cn/thumbnail/6eeeb0c7ly1h0vi26zgl4j20o70getcr.jpg", "bmiddle_pic": "http://wx3.sinaimg.cn/bmiddle/6eeeb0c7ly1h0vi26zgl4j20o70getcr.jpg", "original_pic": "http://wx3.sinaimg.cn/large/6eeeb0c7ly1h0vi26zgl4j20o70getcr.jpg", "geo": null, "is_paid": false, "mblog_vip_type": 0, "user": {"id": 1861136583, "idstr": "1861136583", "class": 1, "screen_name": "巴黎野城", "name": "巴黎野城", "province": "11", "city": "1000", "location": "北京", "description": "野城建筑事务所创始人，创新思维跨界融合专家，微信公众号：野城", "url": "", "profile_image_url": "https://tva3.sinaimg.cn/crop.0.0.180.180.50/6eeeb0c7jw1e8qgp5bmzyj2050050aa8.jpg?KID=imgbed,tva&Expires=1674071278&ssig=ObfDG0h0ZV", "light_ring": false, "cover_image": "https://wx1.sinaimg.cn/crop.0.0.920.300/6eeeb0c7ly1fstr8hy9fvj20pk08cn8d.jpg", "cover_image_phone": "https://wx4.sinaimg.cn/crop.0.0.640.640.640/6eeeb0c7ly1fsvw8fl7vsj20yi0yin4c.jpg", "profile_url": "ecotopia", "domain": "ecotopia", "weihao": "", "gender": "m", "followers_count": 77576, "followers_count_str": "7.8万", "friends_count": 645, "pagefriends_count": 12, "statuses_count": 21099, "video_status_count": 484, "video_play_count": 0, "super_topic_not_syn_count": 0, "favourites_count": 30, "created_at": "Sat Nov 13 21:06:53 +0800 2010", "following": false, "allow_all_act_msg": false, "geo_enabled": false, "verified": true, "verified_type": 0, "remark": "", "insecurity": {"sexual_content": false}, "ptype": 0, "allow_all_comment": true, "avatar_large": "https://tva3.sinaimg.cn/crop.0.0.180.180.180/6eeeb0c7jw1e8qgp5bmzyj2050050aa8.jpg?KID=imgbed,tva&Expires=1674071278&ssig=Qfid36pZfQ", "avatar_hd": "https://tva3.sinaimg.cn/crop.0.0.180.180.1024/6eeeb0c7jw1e8qgp5bmzyj2050050aa8.jpg?KID=imgbed,tva&Expires=1674071278&ssig=0T4lCQc8aW", "verified_reason": "旅法建筑师 诗人 艺术家 评论家 策展人 设计美学博主 头条文章作者", "verified_trade": "962", "verified_reason_url": "", "verified_source": "", "verified_source_url": "", "verified_state": 0, "verified_level": 3, "verified_type_ext": 0, "has_service_tel": false, "verified_reason_modified": "", "verified_contact_name": "", "verified_contact_email": "", "verified_contact_mobile": "", "follow_me": false, "like": false, "like_me": false, "online_status": 0, "bi_followers_count": 423, "lang": "zh-cn", "star": 0, "mbtype": 12, "mbrank": 7, "svip": 0, "mb_expire_time": 1693584000, "block_word": 0, "block_app": 1, "chaohua_ability": 0, "brand_ability": 0, "nft_ability": 0, "vplus_ability": 1, "wenda_ability": 0, "live_ability": 0, "gongyi_ability": 0, "paycolumn_ability": 1, "newbrand_ability": 0, "ecommerce_ability": 0, "hardfan_ability": 1, "wbcolumn_ability": 0, "ability_tags": "建筑设计,工业设计,平面设计,室内设计,景观设计,创意设计", "credit_score": 80, "user_ability": -2136604152, "urank": 48, "story_read_state": -1, "verified_detail": {"custom": 1, "data": [{"key": 4, "sub_key": 9, "weight": 999, "desc": "头条文章作者"}, {"key": 1, "sub_key": 0, "weight": 10, "desc": "旅法建筑师 诗人 艺术家 评论家 策展人 设计美学博主"}]}, "vclub_member": 0, "is_teenager": 0, "is_guardian": 0, "is_teenager_list": 0, "pc_new": 7, "special_follow": false, "planet_video": 2, "video_mark": 15, "live_status": 0, "user_ability_extend": 1, "status_total_counter": {"total_cnt": 549127, "repost_cnt": 184633, "comment_cnt": 51454, "like_cnt": 119851, "comment_like_cnt": 193189}, "video_total_counter": {"play_cnt": 1988969}, "brand_account": 0, "hongbaofei": 0, "tab_manage": "[0, 0]", "reward_status": 0, "green_mode": 0, "urisk": 17179869184, "unfollowing_recom_switch": 1, "avatar_type": 0}, "annotations": [{"photo_sub_type": "0,0"}, {"type": "photo_tag", "uuid": 4753857929674964}, {}, {"client_mblogid": "iPhone-904D4B94-B0FF-44B4-8671-3703AF8745E3"}, {"mapi_request": true}], "picStatus": "0:1,1:1", "reposts_count": 0, "comments_count": 0, "reprint_cmt_count": 0, "attitudes_count": 0, "pending_approval_count": 0, "isLongText": true, "reward_exhibition_type": 0, "hide_flag": 0, "mlevel": 128, "show_mlevel": 0, "biz_feature": 4294967300, "page_type": 64, "hasActionTypeCard": 0, "darwin_tags": [], "hot_weibo_tags": [], "text_tag_tips": [], "mblogtype": 0, "userType": 0, "mlevelSource": "monitor", "more_info_type": 0, "number_display_strategy": {"apply_scenario_flag": 3, "display_text_min_number": 1000000, "display_text": "100万+"}, "positive_recom_flag": 0, "content_auth": 0, "gif_ids": "", "is_show_bulletin": 2, "comment_manage_info": {"comment_permission_type": -1, "approval_comment_type": 0, "comment_sort_type": 0, "ai_play_picture_type": 0}, "pic_num": 2, "can_reprint": false, "new_comment_style": 0}, "reply_comment": {"created_at": "Sat Apr 02 17:50:16 +0800 2022", "id": 4753864227554286, "rootid": 4753863132843178, "rootidstr": "4753863132843178", "floor_number": 0, "text": "回复@巴黎野城:对，这样就可以不顾全国人民的身体健康了，不封城是英明的，你说的啥都对", "disable_reply": 0, "restrictOperate": 0, "user": {"id": 6577424074, "idstr": "6577424074", "class": 1, "screen_name": "D先生1234", "name": "D先生1234", "province": "34", "city": "1000", "location": "安徽", "description": "", "url": "", "profile_image_url": "https://tvax4.sinaimg.cn/crop.0.0.940.940.50/007b8ct4ly8h9rmq1pthzj30q40q4taz.jpg?KID=imgbed,tva&Expires=1674071278&ssig=mkG%2B34zkFg", "light_ring": false, "cover_image_phone": "https://ww1.sinaimg.cn/crop.0.0.640.640.640/549d0121tw1egm1kjly3jj20hs0hsq4f.jpg", "profile_url": "u/6577424074", "domain": "", "weihao": "", "gender": "m", "followers_count": 28, "followers_count_str": "28", "friends_count": 158, "pagefriends_count": 5, "statuses_count": 59, "video_status_count": 0, "video_play_count": 0, "super_topic_not_syn_count": 0, "favourites_count": 1, "created_at": "Mon Jun 18 09:49:01 +0800 2018", "following": false, "allow_all_act_msg": false, "geo_enabled": true, "verified": false, "verified_type": -1, "remark": "", "insecurity": {"sexual_content": false}, "ptype": 0, "allow_all_comment": true, "avatar_large": "https://tvax4.sinaimg.cn/crop.0.0.940.940.180/007b8ct4ly8h9rmq1pthzj30q40q4taz.jpg?KID=imgbed,tva&Expires=1674071278&ssig=Hi0lerkkqd", "avatar_hd": "https://tvax4.sinaimg.cn/crop.0.0.940.940.1024/007b8ct4ly8h9rmq1pthzj30q40q4taz.jpg?KID=imgbed,tva&Expires=1674071278&ssig=K%2FuAGQlUCw", "verified_reason": "", "verified_trade": "", "verified_reason_url": "", "verified_source": "", "verified_source_url": "", "follow_me": false, "like": false, "like_me": false, "online_status": 0, "bi_followers_count": 8, "lang": "zh-cn", "star": 0, "mbtype": 0, "mbrank": 0, "svip": 0, "mb_expire_time": 0, "block_word": 0, "block_app": 0, "chaohua_ability": 0, "brand_ability": 0, "nft_ability": 0, "vplus_ability": 0, "wenda_ability": 0, "live_ability": 0, "gongyi_ability": 0, "paycolumn_ability": 0, "newbrand_ability": 0, "ecommerce_ability": 0, "hardfan_ability": 0, "wbcolumn_ability": 0, "credit_score": 80, "user_ability": 2097152, "urank": 5, "story_read_state": -1, "vclub_member": 0, "is_teenager": 0, "is_guardian": 0, "is_teenager_list": 0, "pc_new": 0, "special_follow": false, "planet_video": 0, "video_mark": 0, "live_status": 0, "user_ability_extend": 0, "status_total_counter": {"total_cnt": 57, "repost_cnt": 0, "comment_cnt": 32, "like_cnt": 25, "comment_like_cnt": 0}, "video_total_counter": {"play_cnt": -1}, "brand_account": 0, "hongbaofei": 0, "tab_manage": "[0, 0]", "reward_status": 0, "green_mode": 0, "urisk": 0, "unfollowing_recom_switch": 1, "avatar_type": 0}, "mid": "4753864227554286", "idstr": "4753864227554286", "match_ai_play_picture": false}, "reply_original_text": "笑死了，能不能多去世界看看？封城带来的次生危害明显大于新冠本身啊。你想一辈子戴口罩居家你就继续，不要像个井底之蛙一样说一些屁话，上海不是十八线城市[摊手]", "readtimetype": "comment", "match_ai_play_picture": false}