{"created_at": "Sat Jan 07 18:18:06 +0800 2023", "id": 4855339831530077, "rootid": 4855339831530077, "rootidstr": "4855339831530077", "floor_number": 27, "text": "这真的是太美了，好想去看一看", "disable_reply": 0, "restrictOperate": 0, "source_allowclick": 0, "source_type": 4, "source": "<a href=\"\" rel=\"nofollow\">来自辽宁</a>", "user": {"id": 7344335526, "idstr": "7344335526", "class": 1, "screen_name": "几首闲诗0_0", "name": "几首闲诗0_0", "province": "11", "city": "1000", "location": "北京", "description": "", "url": "", "profile_image_url": "https://tvax3.sinaimg.cn/crop.0.0.1080.1080.50/008125aCly8h85vfd5zfmj30u00u0djk.jpg?KID=imgbed,tva&Expires=1673965591&ssig=nu9%2FyxqOBZ", "light_ring": false, "profile_url": "u/7344335526", "domain": "", "weihao": "", "gender": "m", "followers_count": 4649, "followers_count_str": "4649", "friends_count": 4688, "pagefriends_count": 10, "statuses_count": 46749, "video_status_count": 67, "video_play_count": 0, "super_topic_not_syn_count": 1625, "favourites_count": 2, "created_at": "Wed Nov 27 21:38:49 +0800 2019", "following": false, "allow_all_act_msg": false, "geo_enabled": true, "verified": true, "verified_type": 0, "remark": "", "insecurity": {"sexual_content": false}, "ptype": 0, "allow_all_comment": true, "avatar_large": "https://tvax3.sinaimg.cn/crop.0.0.1080.1080.180/008125aCly8h85vfd5zfmj30u00u0djk.jpg?KID=imgbed,tva&Expires=1673965591&ssig=%2B21h85Y6gT", "avatar_hd": "https://tvax3.sinaimg.cn/crop.0.0.1080.1080.1024/008125aCly8h85vfd5zfmj30u00u0djk.jpg?KID=imgbed,tva&Expires=1673965591&ssig=vmsYFZnWSO", "verified_reason": "超话粉丝大咖（愿你有高跟鞋也有跑鞋超话）", "verified_trade": "", "verified_reason_url": "", "verified_source": "", "verified_source_url": "", "verified_state": 0, "verified_level": 3, "verified_type_ext": 0, "has_service_tel": false, "verified_reason_modified": "", "verified_contact_name": "", "verified_contact_email": "", "verified_contact_mobile": "", "follow_me": false, "like": false, "like_me": false, "online_status": 0, "bi_followers_count": 4043, "lang": "zh-cn", "star": 0, "mbtype": 0, "mbrank": 0, "svip": 0, "mb_expire_time": 0, "block_word": 0, "block_app": 0, "chaohua_ability": 0, "brand_ability": 0, "nft_ability": 0, "vplus_ability": 0, "wenda_ability": 0, "live_ability": 0, "gongyi_ability": 0, "paycolumn_ability": 0, "newbrand_ability": 0, "ecommerce_ability": 0, "hardfan_ability": 0, "wbcolumn_ability": 0, "credit_score": 80, "user_ability": 2359296, "urank": 0, "story_read_state": -1, "verified_detail": {"custom": 0, "data": [{"key": 8, "sub_key": 0, "weight": 102, "desc": "超话粉丝大咖（愿你有高跟鞋也有跑鞋超话）", "timestamp": 0}]}, "vclub_member": 0, "is_teenager": 0, "is_guardian": 0, "is_teenager_list": 0, "pc_new": 0, "special_follow": false, "planet_video": 2, "video_mark": 15, "live_status": 0, "user_ability_extend": 0, "video_cover": {"mid": 4740465960422962}, "status_total_counter": {"total_cnt": 28938, "repost_cnt": 7134, "comment_cnt": 11569, "like_cnt": 9785, "comment_like_cnt": 450}, "video_total_counter": {"play_cnt": 20980}, "brand_account": 0, "hongbaofei": 0, "tab_manage": "[0, 0]", "reward_status": 0, "green_mode": 0, "urisk": 0, "avatar_type": 0}, "mid": "4855339831530077", "idstr": "4855339831530077", "status": {"visible": {"type": 0, "list_id": 0}, "created_at": "Sat Jan 07 18:14:48 +0800 2023", "id": 4855339000531868, "idstr": "4855339000531868", "mid": "4855339000531868", "can_edit": false, "version": 1, "show_additional_indication": 0, "text": "#济南现多处冰瀑犹如冰水母# 济南九如山冰瀑，好多人认为是假的！因为真的太像童话世界里面的场景了～ http://t.cn/A69P1EDy ​", "textLength": 116, "source_allowclick": 1, "source_type": 1, "source": "<a href=\"http://app.weibo.com/t/feed/4A6nyS\" rel=\"nofollow\">荣耀Magic4 Pro</a>", "favorited": false, "truncated": false, "in_reply_to_status_id": "", "in_reply_to_user_id": "", "in_reply_to_screen_name": "", "pic_urls": [], "geo": null, "is_paid": false, "mblog_vip_type": 0, "user": {"id": 3816737087, "idstr": "3816737087", "class": 1, "screen_name": "全景一哥", "name": "全景一哥", "province": "11", "city": "1000", "location": "北京", "description": "全景一哥💫知名旅游达人，全景最早领导者，九日梦创始人。欢迎投稿，旅游咨询：549518195，线上推广 18741903450", "url": "", "profile_image_url": "https://tvax2.sinaimg.cn/crop.0.0.996.996.50/e37ec93fly8fj15zfyiadj20ro0ro76e.jpg?KID=imgbed,tva&Expires=1673965591&ssig=nw8s5ARLgP", "light_ring": false, "cover_image_phone": "https://wx2.sinaimg.cn/crop.0.0.640.640.640/a1d3feably1fks5zmmhdvj20hs0hstb3.jpg", "profile_url": "u/3816737087", "domain": "", "weihao": "", "gender": "m", "followers_count": 7010304, "followers_count_str": "701万", "friends_count": 429, "pagefriends_count": 40, "statuses_count": 5676, "video_status_count": 1010, "video_play_count": 0, "super_topic_not_syn_count": 35, "favourites_count": 5, "created_at": "Tue Sep 24 13:24:25 +0800 2013", "following": false, "allow_all_act_msg": false, "geo_enabled": true, "verified": true, "verified_type": 0, "remark": "", "insecurity": {"sexual_content": false}, "ptype": 0, "allow_all_comment": true, "avatar_large": "https://tvax2.sinaimg.cn/crop.0.0.996.996.180/e37ec93fly8fj15zfyiadj20ro0ro76e.jpg?KID=imgbed,tva&Expires=1673965591&ssig=ajr4yV7%2Fd0", "avatar_hd": "https://tvax2.sinaimg.cn/crop.0.0.996.996.1024/e37ec93fly8fj15zfyiadj20ro0ro76e.jpg?KID=imgbed,tva&Expires=1673965591&ssig=IDRk7EzBm7", "verified_reason": "知名旅游博主 旅行视频自媒体 潮流生活分享官", "verified_trade": "846", "verified_reason_url": "", "verified_source": "", "verified_source_url": "", "verified_state": 0, "verified_level": 3, "verified_type_ext": 0, "has_service_tel": false, "verified_reason_modified": "", "verified_contact_name": "", "verified_contact_email": "", "verified_contact_mobile": "", "follow_me": false, "like": false, "like_me": false, "online_status": 0, "bi_followers_count": 247, "lang": "zh-cn", "star": 0, "mbtype": 12, "mbrank": 7, "svip": 0, "mb_expire_time": 1964016000, "block_word": 0, "block_app": 1, "chaohua_ability": 0, "brand_ability": 0, "nft_ability": 0, "vplus_ability": 1, "wenda_ability": 0, "live_ability": 0, "gongyi_ability": 0, "paycolumn_ability": 0, "newbrand_ability": 0, "ecommerce_ability": 0, "hardfan_ability": 1, "wbcolumn_ability": 0, "credit_score": 80, "user_ability": -2135553272, "cardid": "star_1439", "avatargj_id": "gj_vip_148", "urank": 36, "story_read_state": -1, "verified_detail": {"custom": 1, "data": [{"key": 1, "sub_key": 0, "weight": 0, "desc": "《中国摄影》杂志社 时尚摄影师", "timestamp": 0}, {"key": 2, "sub_key": 0, "weight": 10, "desc": "知名旅游博主", "timestamp": 0}, {"key": 16, "sub_key": 10, "weight": 103, "desc": "旅行视频自媒体", "timestamp": 0}, {"key": 64, "sub_key": 0, "weight": 105, "desc": "潮流生活分享官", "timestamp": 0}]}, "vclub_member": 0, "is_teenager": 0, "is_guardian": 0, "is_teenager_list": 0, "pc_new": 6, "special_follow": false, "planet_video": 2, "video_mark": 15, "live_status": 0, "user_ability_extend": 1, "status_total_counter": {"total_cnt": 57013854, "repost_cnt": 51648199, "comment_cnt": 343754, "like_cnt": 4607554, "comment_like_cnt": 414347}, "video_total_counter": {"play_cnt": 206647148}, "brand_account": 0, "hongbaofei": 0, "tab_manage": "[0, 0]", "reward_status": 0, "green_mode": 0, "urisk": 0, "avatar_type": 0}, "annotations": [{}, {}, {"super_exparams": "{\"system_pic_only\":0}"}, {"client_mblogid": "0212e944-c080-4704-937d-09e4828abb86"}, {"mapi_request": true}], "reposts_count": 0, "comments_count": 0, "reprint_cmt_count": 0, "attitudes_count": 0, "pending_approval_count": 0, "isLongText": false, "reward_exhibition_type": 0, "hide_flag": 0, "mlevel": 0, "show_mlevel": 0, "biz_ids": [230444], "biz_feature": 4294967304, "topic_id": "1022:1008080b822fdbd3265334359d3f4a99c2d7dc", "sync_mblog": false, "is_imported_topic": false, "page_type": 64, "hasActionTypeCard": 0, "darwin_tags": [], "hot_weibo_tags": [], "text_tag_tips": [], "mblogtype": 0, "userType": 0, "more_info_type": 0, "cardid": "star_1439", "number_display_strategy": {"apply_scenario_flag": 3, "display_text_min_number": 1000000, "display_text": "100万+"}, "positive_recom_flag": 0, "content_auth": 0, "gif_ids": "", "is_show_bulletin": 2, "comment_manage_info": {"comment_permission_type": -1, "approval_comment_type": 0, "comment_sort_type": 0, "ai_play_picture_type": 0}, "pic_num": 0, "fid": 4855338544136223, "can_reprint": false, "new_comment_style": 0}, "readtimetype": "comment", "sync_id": 4855338544136223, "sync_uuid": 4855338544136223, "sync_generate_level": 1, "comment_dynamic_message": {"id": "0", "start_color": "#00FFFFFF", "end_color": "#1AFFFFFF", "start_color_dark": "#003A3A3A", "end_color_dark": "#333A3A3A", "name": {"zh_CN": "默认", "zh_HK": "默認", "en_US": "default"}, "scheme": "https://new.vip.weibo.cn/bubble/mall?showmenu=0&decorateId=0&uid=7344335526", "allow_vip_box_content": "用此评论气泡", "allow_vip_box_icon": "https://h5.sinaimg.cn/upload/100/1720/2022/08/08/icon_VIP_for_comment_bubble.png"}, "match_ai_play_picture": false}