{"created_at": "Mon Aug 08 18:30:32 +0800 2022", "id": 4800260003858822, "rootid": 4800260003858822, "rootidstr": "4800260003858822", "floor_number": 51, "text": "首都上学会不会需要排队摇号", "disable_reply": 0, "restrictOperate": 0, "source_allowclick": 0, "source_type": 4, "source": "<a href=\"\" rel=\"nofollow\">来自天津</a>", "user": {"id": 3297975855, "idstr": "3297975855", "class": 1, "screen_name": "左岸0822", "name": "左岸0822", "province": "13", "city": "1", "location": "河北 石家庄", "description": "一个人走。。。", "url": "", "profile_image_url": "https://tva1.sinaimg.cn/crop.0.106.428.428.50/c4931e2fjw8ecsjxnmrkfj20bw0hst9b.jpg?KID=imgbed,tva&Expires=1674068655&ssig=ciVMJM6F8T", "light_ring": false, "cover_image_phone": "https://ww1.sinaimg.cn/crop.0.0.640.640.640/549d0121tw1egm1kjly3jj20hs0hsq4f.jpg", "profile_url": "u/3297975855", "domain": "", "weihao": "", "gender": "m", "followers_count": 318, "followers_count_str": "318", "friends_count": 205, "pagefriends_count": 6, "statuses_count": 134, "video_status_count": 0, "video_play_count": 0, "super_topic_not_syn_count": 0, "favourites_count": 1, "created_at": "Sun May 05 09:59:45 +0800 2013", "following": false, "allow_all_act_msg": false, "geo_enabled": true, "verified": false, "verified_type": -1, "remark": "", "insecurity": {"sexual_content": false}, "ptype": 0, "allow_all_comment": true, "avatar_large": "https://tva1.sinaimg.cn/crop.0.106.428.428.180/c4931e2fjw8ecsjxnmrkfj20bw0hst9b.jpg?KID=imgbed,tva&Expires=1674068655&ssig=umpm8mjktY", "avatar_hd": "https://tva1.sinaimg.cn/crop.0.106.428.428.1024/c4931e2fjw8ecsjxnmrkfj20bw0hst9b.jpg?KID=imgbed,tva&Expires=1674068655&ssig=7PwRVp0JhF", "verified_reason": "", "verified_trade": "", "verified_reason_url": "", "verified_source": "", "verified_source_url": "", "follow_me": false, "like": false, "like_me": false, "online_status": 0, "bi_followers_count": 21, "lang": "zh-cn", "star": 0, "mbtype": 0, "mbrank": 0, "svip": 0, "mb_expire_time": 0, "block_word": 0, "block_app": 0, "chaohua_ability": 0, "brand_ability": 0, "nft_ability": 0, "vplus_ability": 0, "wenda_ability": 0, "live_ability": 0, "gongyi_ability": 0, "paycolumn_ability": 0, "newbrand_ability": 0, "ecommerce_ability": 0, "hardfan_ability": 0, "wbcolumn_ability": 0, "credit_score": 80, "user_ability": 35655680, "urank": 14, "story_read_state": -1, "vclub_member": 0, "is_teenager": 0, "is_guardian": 0, "is_teenager_list": 0, "pc_new": 0, "special_follow": false, "planet_video": 0, "video_mark": 0, "live_status": 0, "user_ability_extend": 0, "status_total_counter": {"total_cnt": 549, "repost_cnt": 16, "comment_cnt": 193, "like_cnt": 133, "comment_like_cnt": 207}, "video_total_counter": {"play_cnt": -1}, "brand_account": 0, "hongbaofei": 0, "tab_manage": "[0, 0]", "reward_status": 0, "green_mode": 0, "urisk": 17179869184, "unfollowing_recom_switch": 1, "avatar_type": 0}, "mid": "4800260003858822", "idstr": "4800260003858822", "status": {"visible": {"type": 0, "list_id": 0}, "created_at": "Mon Aug 08 15:42:08 +0800 2022", "id": 4800217628542906, "idstr": "4800217628542906", "mid": "4800217628542906", "can_edit": false, "version": 2, "show_additional_indication": 0, "text": "越南走在了前面 ​", "textLength": 14, "source_allowclick": 0, "source_type": 2, "source": "<a href=\"http://weibo.com/\" rel=\"nofollow\">iPhone 11 Pro Max</a>", "favorited": false, "truncated": false, "in_reply_to_status_id": "", "in_reply_to_user_id": "", "in_reply_to_screen_name": "", "pic_urls": [{"thumbnail_pic": "http://wx2.sinaimg.cn/thumbnail/6e876a26gy1h4zehoygctj20sr0zk425.jpg"}], "thumbnail_pic": "http://wx2.sinaimg.cn/thumbnail/6e876a26gy1h4zehoygctj20sr0zk425.jpg", "bmiddle_pic": "http://wx2.sinaimg.cn/bmiddle/6e876a26gy1h4zehoygctj20sr0zk425.jpg", "original_pic": "http://wx2.sinaimg.cn/large/6e876a26gy1h4zehoygctj20sr0zk425.jpg", "geo": null, "is_paid": false, "mblog_vip_type": 0, "user": {"id": 1854368294, "idstr": "1854368294", "class": 1, "screen_name": "投行泰山", "name": "投行泰山", "province": "400", "city": "1000", "location": "海外", "description": "关注投行泰山不迷路的两个小号：@投行人猿泰山 与 @投行泰山的次世代", "url": "", "profile_image_url": "https://tvax2.sinaimg.cn/crop.0.0.1080.1080.50/6e876a26ly8h7xynmnlm6j20u00u0wh1.jpg?KID=imgbed,tva&Expires=1674068655&ssig=88EiL%2B5LWJ", "light_ring": false, "cover_image_phone": "https://wx1.sinaimg.cn/crop.0.0.640.640.640/6e876a26gy1gecyoax0auj20e80e8gn0.jpg;https://wx4.sinaimg.cn/crop.0.0.640.640.640/6e876a26ly1gn914qoioej20e80e8gn8.jpg", "profile_url": "572779961", "domain": "helloxiewei", "weihao": "572779961", "gender": "m", "followers_count": 483039, "followers_count_str": "48.3万", "friends_count": 8, "pagefriends_count": 1, "statuses_count": 78374, "video_status_count": 275, "video_play_count": 0, "super_topic_not_syn_count": 0, "favourites_count": 385, "created_at": "Fri Oct 15 07:55:02 +0800 2010", "following": false, "allow_all_act_msg": false, "geo_enabled": false, "verified": true, "verified_type": 0, "remark": "", "insecurity": {"sexual_content": false}, "ptype": 0, "allow_all_comment": false, "avatar_large": "https://tvax2.sinaimg.cn/crop.0.0.1080.1080.180/6e876a26ly8h7xynmnlm6j20u00u0wh1.jpg?KID=imgbed,tva&Expires=1674068655&ssig=dIAluFwICv", "avatar_hd": "https://tvax2.sinaimg.cn/crop.0.0.1080.1080.1024/6e876a26ly8h7xynmnlm6j20u00u0wh1.jpg?KID=imgbed,tva&Expires=1674068655&ssig=ZX%2FLUa%2B7Ve", "verified_reason": "财经博主", "verified_trade": "", "verified_reason_url": "", "verified_source": "", "verified_source_url": "", "verified_state": 0, "verified_level": 3, "verified_type_ext": 1, "has_service_tel": false, "verified_reason_modified": "", "verified_contact_name": "", "verified_contact_email": "", "verified_contact_mobile": "", "follow_me": false, "like": false, "like_me": false, "online_status": 0, "bi_followers_count": 6, "lang": "zh-cn", "star": 0, "mbtype": 12, "mbrank": 7, "svip": 0, "mb_expire_time": 1724083200, "block_word": 0, "block_app": 1, "chaohua_ability": 0, "brand_ability": 0, "nft_ability": 0, "vplus_ability": 3, "wenda_ability": 5, "live_ability": 0, "gongyi_ability": 0, "paycolumn_ability": 0, "newbrand_ability": 0, "ecommerce_ability": 0, "hardfan_ability": 0, "wbcolumn_ability": 0, "dianping": "stock", "credit_score": 80, "user_ability": -2136602072, "cardid": "star_187", "urank": 48, "story_read_state": -1, "verified_detail": {"custom": 0, "data": [{"key": 2, "sub_key": 0, "weight": 101, "desc": "财经博主"}]}, "vclub_member": 0, "is_teenager": 0, "is_guardian": 0, "is_teenager_list": 0, "pc_new": 7, "special_follow": false, "planet_video": 2, "video_mark": 14, "live_status": 0, "user_ability_extend": 0, "status_total_counter": {"total_cnt": 4987573, "repost_cnt": 1249028, "comment_cnt": 492429, "like_cnt": 1706257, "comment_like_cnt": 1539859}, "video_total_counter": {"play_cnt": 12230951}, "brand_account": 0, "hongbaofei": 0, "tab_manage": "[0, 0]", "reward_status": 0, "green_mode": 0, "urisk": 309774516224, "unfollowing_recom_switch": 1, "avatar_type": 0}, "annotations": [{"photo_sub_type": "0"}, {}, {"client_mblogid": "iPhone-1F40DC19-9721-4176-B989-20EA0D1A62EB"}, {"mapi_request": true}], "picStatus": "0:1", "reposts_count": 0, "comments_count": 0, "reprint_cmt_count": 0, "attitudes_count": 0, "pending_approval_count": 0, "isLongText": false, "reward_exhibition_type": 0, "hide_flag": 0, "mlevel": 128, "show_mlevel": 0, "biz_feature": 4294967300, "hasActionTypeCard": 0, "darwin_tags": [], "hot_weibo_tags": [], "text_tag_tips": [], "mblogtype": 0, "userType": 0, "mlevelSource": "monitor", "more_info_type": 0, "cardid": "star_187", "number_display_strategy": {"apply_scenario_flag": 3, "display_text_min_number": 1000000, "display_text": "100万+"}, "positive_recom_flag": 0, "content_auth": 0, "gif_ids": "", "is_show_bulletin": 2, "comment_manage_info": {"comment_permission_type": -1, "approval_comment_type": 0, "comment_sort_type": 0, "ai_play_picture_type": 0}, "pic_num": 1, "can_reprint": false, "new_comment_style": 0}, "readtimetype": "comment", "match_ai_play_picture": false}