{"created_at": "Mon Aug 08 16:24:59 +0800 2022", "id": 4800228408170672, "rootid": 4800228408170672, "rootidstr": "4800228408170672", "floor_number": 25, "text": "唉", "disable_reply": 0, "restrictOperate": 0, "source_allowclick": 0, "source_type": 4, "source": "<a href=\"\" rel=\"nofollow\">来自上海</a>", "comment_badge": [{"pic_url": "https://h5.sinaimg.cn/upload/114/962/2022/07/08/member_0_bigfan1_5.png", "name": "loyal_fans", "length": 1.33, "actionlog": {"act_code": "3671", "ext": "status:fans"}, "scheme": "https://kefu.weibo.com/faqdetail?id=20848", "new_icon": true}], "user": {"id": 7582354495, "idstr": "7582354495", "class": 1, "screen_name": "北郡法师", "name": "北郡法师", "province": "100", "city": "1000", "location": "其他", "description": "", "url": "", "profile_image_url": "https://tvax4.sinaimg.cn/crop.0.0.996.996.50/008h8MMfly8gp1p994dl4j30ro0rojud.jpg?KID=imgbed,tva&Expires=1669975376&ssig=1OSa4kOHNj", "light_ring": false, "cover_image_phone": "http://ww1.sinaimg.cn/crop.0.0.640.640.640/549d0121tw1egm1kjly3jj20hs0hsq4f.jpg", "profile_url": "u/7582354495", "domain": "", "weihao": "", "gender": "m", "followers_count": 20, "followers_count_str": "20", "friends_count": 103, "pagefriends_count": 1, "statuses_count": 33, "video_status_count": 0, "video_play_count": 0, "super_topic_not_syn_count": 0, "favourites_count": 1, "created_at": "Tue Mar 30 09:57:20 +0800 2021", "following": false, "allow_all_act_msg": false, "geo_enabled": true, "verified": false, "verified_type": -1, "remark": "", "insecurity": {"sexual_content": false}, "ptype": 0, "allow_all_comment": true, "avatar_large": "https://tvax4.sinaimg.cn/crop.0.0.996.996.180/008h8MMfly8gp1p994dl4j30ro0rojud.jpg?KID=imgbed,tva&Expires=1669975376&ssig=2X447BfGw8", "avatar_hd": "https://tvax4.sinaimg.cn/crop.0.0.996.996.1024/008h8MMfly8gp1p994dl4j30ro0rojud.jpg?KID=imgbed,tva&Expires=1669975376&ssig=muXEUDEfzG", "verified_reason": "", "verified_trade": "", "verified_reason_url": "", "verified_source": "", "verified_source_url": "", "follow_me": false, "like": false, "like_me": false, "online_status": 0, "bi_followers_count": 1, "lang": "zh-cn", "star": 0, "mbtype": 0, "mbrank": 0, "svip": 0, "mb_expire_time": 0, "block_word": 0, "block_app": 0, "chaohua_ability": 0, "brand_ability": 0, "nft_ability": 0, "vplus_ability": 0, "wenda_ability": 0, "live_ability": 0, "gongyi_ability": 0, "paycolumn_ability": 0, "newbrand_ability": 0, "ecommerce_ability": 0, "hardfan_ability": 0, "credit_score": 80, "user_ability": 0, "avatargj_id": "gj_vip_422", "urank": 0, "story_read_state": -1, "vclub_member": 0, "is_teenager": 0, "is_guardian": 0, "is_teenager_list": 0, "pc_new": 7, "special_follow": false, "planet_video": 0, "video_mark": 0, "live_status": 0, "user_ability_extend": 0, "status_total_counter": {"total_cnt": 7, "repost_cnt": 1, "comment_cnt": 2, "like_cnt": 4, "comment_like_cnt": 0}, "video_total_counter": {"play_cnt": -1}, "brand_account": 0, "hongbaofei": 0, "tab_manage": "[0, 0]", "reward_status": 0, "green_mode": 0, "urisk": 17179869184, "avatar_type": 0}, "mid": "4800228408170672", "idstr": "4800228408170672", "status": {"visible": {"type": 0, "list_id": 0}, "created_at": "Mon Aug 08 15:42:08 +0800 2022", "id": 4800217628542906, "idstr": "4800217628542906", "mid": "4800217628542906", "can_edit": false, "version": 2, "show_additional_indication": 0, "text": "越南走在了前面 ​", "textLength": 14, "source_allowclick": 0, "source_type": 2, "source": "<a href=\"http://weibo.com/\" rel=\"nofollow\">iPhone 11 Pro Max</a>", "favorited": false, "truncated": false, "in_reply_to_status_id": "", "in_reply_to_user_id": "", "in_reply_to_screen_name": "", "pic_urls": [{"thumbnail_pic": "http://wx2.sinaimg.cn/thumbnail/6e876a26gy1h4zehoygctj20sr0zk425.jpg"}], "thumbnail_pic": "http://wx2.sinaimg.cn/thumbnail/6e876a26gy1h4zehoygctj20sr0zk425.jpg", "bmiddle_pic": "http://wx2.sinaimg.cn/bmiddle/6e876a26gy1h4zehoygctj20sr0zk425.jpg", "original_pic": "http://wx2.sinaimg.cn/large/6e876a26gy1h4zehoygctj20sr0zk425.jpg", "geo": null, "is_paid": false, "mblog_vip_type": 0, "user": {"id": 1854368294, "idstr": "1854368294", "class": 1, "screen_name": "投行泰山", "name": "投行泰山", "province": "400", "city": "1000", "location": "海外", "description": "关注投行泰山不迷路的两个小号：@投行人猿泰山 与 @投行泰山的次世代", "url": "", "profile_image_url": "https://tvax2.sinaimg.cn/crop.0.0.1080.1080.50/6e876a26ly8h7xynmnlm6j20u00u0wh1.jpg?KID=imgbed,tva&Expires=1669975376&ssig=FUaQPQQcEq", "light_ring": false, "cover_image_phone": "http://wx1.sinaimg.cn/crop.0.0.640.640.640/6e876a26gy1gecyoax0auj20e80e8gn0.jpg;http://wx4.sinaimg.cn/crop.0.0.640.640.640/6e876a26ly1gn914qoioej20e80e8gn8.jpg", "profile_url": "572779961", "domain": "helloxiewei", "weihao": "572779961", "gender": "m", "followers_count": 475860, "followers_count_str": "47.6万", "friends_count": 7, "pagefriends_count": 0, "statuses_count": 75683, "video_status_count": 273, "video_play_count": 0, "super_topic_not_syn_count": 0, "favourites_count": 385, "created_at": "Fri Oct 15 07:55:02 +0800 2010", "following": false, "allow_all_act_msg": false, "geo_enabled": false, "verified": true, "verified_type": 0, "remark": "", "insecurity": {"sexual_content": false}, "ptype": 0, "allow_all_comment": false, "avatar_large": "https://tvax2.sinaimg.cn/crop.0.0.1080.1080.180/6e876a26ly8h7xynmnlm6j20u00u0wh1.jpg?KID=imgbed,tva&Expires=1669975376&ssig=xcnKwA%2BNaA", "avatar_hd": "https://tvax2.sinaimg.cn/crop.0.0.1080.1080.1024/6e876a26ly8h7xynmnlm6j20u00u0wh1.jpg?KID=imgbed,tva&Expires=1669975376&ssig=1xA9KBATaN", "verified_reason": "财经博主", "verified_trade": "", "verified_reason_url": "", "verified_source": "", "verified_source_url": "", "verified_state": 0, "verified_level": 3, "verified_type_ext": 1, "has_service_tel": false, "verified_reason_modified": "", "verified_contact_name": "", "verified_contact_email": "", "verified_contact_mobile": "", "follow_me": false, "like": false, "like_me": false, "online_status": 0, "bi_followers_count": 6, "lang": "zh-cn", "star": 0, "mbtype": 12, "mbrank": 7, "svip": 0, "mb_expire_time": 1724083200, "block_word": 0, "block_app": 1, "chaohua_ability": 0, "brand_ability": 0, "nft_ability": 0, "vplus_ability": 3, "wenda_ability": 5, "live_ability": 0, "gongyi_ability": 0, "paycolumn_ability": 0, "newbrand_ability": 0, "ecommerce_ability": 0, "hardfan_ability": 0, "dianping": "stock", "credit_score": 80, "user_ability": -2138699224, "cardid": "star_187", "urank": 48, "story_read_state": -1, "verified_detail": {"custom": 0, "data": [{"key": 2, "sub_key": 0, "weight": 101, "desc": "财经博主"}]}, "vclub_member": 0, "is_teenager": 0, "is_guardian": 0, "is_teenager_list": 0, "pc_new": 6, "special_follow": false, "planet_video": 2, "video_mark": 14, "live_status": 0, "user_ability_extend": 0, "status_total_counter": {"total_cnt": 4861583, "repost_cnt": 1229885, "comment_cnt": 481924, "like_cnt": 1652251, "comment_like_cnt": 1497523}, "video_total_counter": {"play_cnt": 12199129}, "brand_account": 0, "hongbaofei": 0, "tab_manage": "[0, 0]", "reward_status": 0, "green_mode": 0, "urisk": 309774516224, "avatar_type": 0}, "annotations": [{"photo_sub_type": "0"}, {}, {"client_mblogid": "iPhone-1F40DC19-9721-4176-B989-20EA0D1A62EB"}, {"mapi_request": true}], "picStatus": "0:1", "reposts_count": 0, "comments_count": 0, "reprint_cmt_count": 0, "attitudes_count": 0, "pending_approval_count": 0, "isLongText": false, "reward_exhibition_type": 0, "hide_flag": 0, "mlevel": 128, "show_mlevel": 0, "biz_feature": 4294967300, "hasActionTypeCard": 0, "darwin_tags": [], "hot_weibo_tags": [], "text_tag_tips": [], "mblogtype": 0, "userType": 0, "mlevelSource": "monitor", "more_info_type": 0, "cardid": "star_187", "number_display_strategy": {"apply_scenario_flag": 3, "display_text_min_number": 1000000, "display_text": "100万+"}, "positive_recom_flag": 0, "content_auth": 0, "gif_ids": "", "is_show_bulletin": 2, "comment_manage_info": {"comment_permission_type": -1, "approval_comment_type": 0, "comment_sort_type": 0, "ai_play_picture_type": 0}, "pic_num": 1, "can_reprint": false, "new_comment_style": 0}, "readtimetype": "comment", "match_ai_play_picture": false}