{"created_at": "Wed Sep 07 20:26:01 +0800 2022", "id": 4811160707401173, "rootid": 4811160707401173, "rootidstr": "4811160707401173", "floor_number": 13, "text": "沉默的话Sh会在每个地方上演[泪]", "disable_reply": 0, "restrictOperate": 0, "source_allowclick": 0, "source_type": 4, "source": "<a href=\"\" rel=\"nofollow\">来自河北</a>", "comment_badge": [{"pic_url": "https://h5.sinaimg.cn/upload/114/962/2022/07/08/member_0_bigfan2_4.png", "name": "loyal_fans", "length": 1.33, "actionlog": {"act_code": "3671", "ext": "status:fans"}, "scheme": "https://kefu.weibo.com/faqdetail?id=20848", "new_icon": true}], "user": {"id": 7415120898, "idstr": "7415120898", "class": 1, "screen_name": "星火燃光", "name": "星火燃光", "province": "13", "city": "1000", "location": "河北", "description": "", "url": "", "profile_image_url": "https://tvax1.sinaimg.cn/default/images/default_avatar_female_50.gif?KID=imgbed,tva&Expires=1669886449&ssig=StsXP9M9YN", "light_ring": false, "cover_image_phone": "http://ww1.sinaimg.cn/crop.0.0.640.640.640/549d0121tw1egm1kjly3jj20hs0hsq4f.jpg", "profile_url": "u/7415120898", "domain": "", "weihao": "", "gender": "f", "followers_count": 1184, "followers_count_str": "1184", "friends_count": 1016, "pagefriends_count": 13, "statuses_count": 3814, "video_status_count": 51, "video_play_count": 0, "super_topic_not_syn_count": 0, "favourites_count": 319, "created_at": "Thu Mar 19 07:14:18 +0800 2020", "following": false, "allow_all_act_msg": false, "geo_enabled": true, "verified": false, "verified_type": -1, "remark": "", "insecurity": {"sexual_content": false}, "ptype": 0, "allow_all_comment": true, "avatar_large": "https://tvax1.sinaimg.cn/default/images/default_avatar_female_180.gif?KID=imgbed,tva&Expires=1669886449&ssig=EDp4i4m44r", "avatar_hd": "https://tvax1.sinaimg.cn/default/images/default_avatar_female_180.gif?KID=imgbed,tva&Expires=1669886449&ssig=EDp4i4m44r", "verified_reason": "", "verified_trade": "", "verified_reason_url": "", "verified_source": "", "verified_source_url": "", "follow_me": false, "like": false, "like_me": false, "online_status": 0, "bi_followers_count": 58, "lang": "zh-cn", "star": 0, "mbtype": 0, "mbrank": 0, "svip": 0, "mb_expire_time": 0, "block_word": 0, "block_app": 0, "chaohua_ability": 0, "brand_ability": 0, "nft_ability": 0, "vplus_ability": 0, "wenda_ability": 0, "live_ability": 0, "gongyi_ability": 0, "paycolumn_ability": 0, "newbrand_ability": 0, "ecommerce_ability": 0, "hardfan_ability": 0, "credit_score": 80, "user_ability": 2359296, "urank": 0, "story_read_state": -1, "vclub_member": 0, "is_teenager": 0, "is_guardian": 0, "is_teenager_list": 0, "pc_new": 0, "special_follow": false, "planet_video": 2, "video_mark": 0, "live_status": 0, "user_ability_extend": 0, "status_total_counter": {"total_cnt": 8322, "repost_cnt": 3090, "comment_cnt": 560, "like_cnt": 3734, "comment_like_cnt": 938}, "video_total_counter": {"play_cnt": 130516}, "brand_account": 0, "hongbaofei": 0, "tab_manage": "[0, 0]", "reward_status": 0, "green_mode": 0, "urisk": 17179869184, "avatar_type": 0}, "mid": "4811160707401173", "idstr": "4811160707401173", "status": {"visible": {"type": 0, "list_id": 0}, "created_at": "Wed Sep 07 18:49:10 +0800 2022", "id": 4811136329582098, "idstr": "4811136329582098", "mid": "4811136329582098", "edit_count": 2, "can_edit": false, "edit_at": "Wed Sep 07 18:54:09 +0800 2022", "version": 7, "show_additional_indication": 0, "text": "【#贵阳筛查到301例阳性感染者#】\n【#贵阳断粮，救救百姓#】\n恐怖的2022，屡次颠覆我的三观！其中的魔性让人不寒而栗！\n贵阳一老人不忍饥饿，上吊自杀！[泪]\n不信谣，不传谣，请官方解释，看官方如何解释！[怒]#北京海淀判定校内密接570人#\n http://t.cn/A6SjlZY8 ​", "textLength": 244, "source_allowclick": 1, "source_type": 2, "source": "", "favorited": false, "truncated": false, "in_reply_to_status_id": "", "in_reply_to_user_id": "", "in_reply_to_screen_name": "", "pic_urls": [], "geo": null, "is_paid": false, "mblog_vip_type": 0, "user": {"id": 2726979110, "idstr": "2726979110", "class": 1, "screen_name": "晓旋枫", "name": "晓旋枫", "province": "13", "city": "1000", "location": "河北", "description": "一个中医临证故事，余善治疑难危急重证及常证！中医药全科，内外方脉针灸正骨，中药鉴定炮制！ 行医格言：恫瘝在抱，仙神之晓，英雄智谋，无为而渡！", "url": "", "profile_image_url": "https://tvax1.sinaimg.cn/crop.0.0.996.996.50/a28a6626ly8gwy8uj3jy7j20ro0ro76c.jpg?KID=imgbed,tva&Expires=1669886449&ssig=a2%2Fm%2F1J1oy", "light_ring": false, "cover_image_phone": "http://ww1.sinaimg.cn/crop.0.0.640.640.640/549d0121tw1egm1kjly3jj20hs0hsq4f.jpg", "profile_url": "u/2726979110", "domain": "", "weihao": "", "gender": "m", "followers_count": 24379, "followers_count_str": "2.4万", "friends_count": 253, "pagefriends_count": 33, "statuses_count": 5847, "video_status_count": 1585, "video_play_count": 0, "super_topic_not_syn_count": 0, "favourites_count": 17, "created_at": "Sat Feb 25 17:14:43 +0800 2012", "following": false, "allow_all_act_msg": false, "geo_enabled": true, "verified": true, "verified_type": 0, "remark": "", "insecurity": {"sexual_content": false}, "ptype": 0, "allow_all_comment": false, "avatar_large": "https://tvax1.sinaimg.cn/crop.0.0.996.996.180/a28a6626ly8gwy8uj3jy7j20ro0ro76c.jpg?KID=imgbed,tva&Expires=1669886449&ssig=%2Bv8dfbCvmO", "avatar_hd": "https://tvax1.sinaimg.cn/crop.0.0.996.996.1024/a28a6626ly8gwy8uj3jy7j20ro0ro76c.jpg?KID=imgbed,tva&Expires=1669886449&ssig=NjieDMkZDW", "verified_reason": "中医医师 健康博主 微博原创视频博主", "verified_trade": "", "verified_reason_url": "", "verified_source": "", "verified_source_url": "", "verified_state": 0, "verified_level": 3, "verified_type_ext": 1, "has_service_tel": false, "verified_reason_modified": "", "verified_contact_name": "", "verified_contact_email": "", "verified_contact_mobile": "", "follow_me": false, "like": false, "like_me": false, "online_status": 0, "bi_followers_count": 104, "lang": "zh-cn", "star": 0, "mbtype": 12, "mbrank": 3, "svip": 0, "mb_expire_time": 1699804800, "block_word": 1, "block_app": 1, "chaohua_ability": 0, "brand_ability": 0, "nft_ability": 0, "vplus_ability": 0, "wenda_ability": 0, "live_ability": 0, "gongyi_ability": 0, "paycolumn_ability": 1, "newbrand_ability": 0, "ecommerce_ability": 0, "hardfan_ability": 1, "credit_score": 80, "user_ability": 10750504, "cardid": "star_1545", "avatargj_id": "gj_vip_526", "urank": 4, "story_read_state": -1, "verified_detail": {"custom": 0, "data": [{"key": 1, "sub_key": 0, "weight": 100, "desc": "中医医师", "timestamp": 0}, {"key": 2, "sub_key": 0, "weight": 101, "desc": "健康博主", "timestamp": 0}, {"key": 16, "sub_key": 1, "weight": 103, "desc": "微博原创视频博主", "timestamp": 1642572276}]}, "vclub_member": 0, "is_teenager": 0, "is_guardian": 0, "is_teenager_list": 0, "pc_new": 7, "special_follow": false, "planet_video": 2, "video_mark": 0, "live_status": 0, "user_ability_extend": 0, "video_cover": {"mid": 4687156352909712}, "status_total_counter": {"total_cnt": 921458, "repost_cnt": 181893, "comment_cnt": 72451, "like_cnt": 313432, "comment_like_cnt": 353682}, "video_total_counter": {"play_cnt": 39475519}, "brand_account": 0, "hongbaofei": 0, "tab_manage": "[1108337296778, 0]", "reward_status": 0, "green_mode": 0, "urisk": 120795955200, "avatar_type": 0}, "annotations": [{}, {"ann_ext": "ann_ext:search|t:31|creator_source:bottomsendweibo|super_exparams=>{\"system_pic_only\":0}"}, {"client_mblogid": "5bf76c38-a991-4577-874d-608cbc390d81"}, {"mapi_request": true}], "reposts_count": 0, "comments_count": 0, "reprint_cmt_count": 0, "attitudes_count": 0, "pending_approval_count": 0, "isLongText": false, "reward_exhibition_type": 0, "hide_flag": 0, "mlevel": 128, "show_mlevel": 0, "biz_ids": [230444], "biz_feature": 4294967304, "page_type": 64, "hasActionTypeCard": 0, "darwin_tags": [], "hot_weibo_tags": [], "text_tag_tips": [], "mblogtype": 0, "userType": 0, "mlevelSource": "monitor", "more_info_type": 0, "cardid": "star_1545", "number_display_strategy": {"apply_scenario_flag": 3, "display_text_min_number": 1000000, "display_text": "100万+"}, "positive_recom_flag": 0, "content_auth": 0, "gif_ids": "", "is_show_bulletin": 2, "comment_manage_info": {"comment_permission_type": -1, "approval_comment_type": 0, "comment_sort_type": 0, "ai_play_picture_type": 0}, "pic_num": 0, "fid": 4811136104136828, "can_reprint": false, "new_comment_style": 0}, "readtimetype": "comment", "match_ai_play_picture": false}