{"created_at": "Wed Dec 07 19:49:32 +0800 2022", "id": 4844128816861436, "rootid": 4844128816861436, "rootidstr": "4844128816861436", "floor_number": 62, "text": "@快给我传球 那跟啥有关 http://t.cn/A6K6PCYP", "disable_reply": 0, "restrictOperate": 0, "source_allowclick": 0, "source_type": 4, "source": "<a href=\"\" rel=\"nofollow\">来自甘肃</a>", "user": {"id": 6013609260, "idstr": "6013609260", "class": 1, "screen_name": "那是真滴好", "name": "那是真滴好", "province": "64", "city": "1", "location": "宁夏 银川", "description": "北碚的事儿估计要宣判了，这两天某侠士及其他禁欲系，某六螂及其计生系，还有数百个收割系要开始写文案了，没有利证据又不敢讲法，那只能多花维稳费了", "url": "", "profile_image_url": "https://tvax2.sinaimg.cn/crop.0.0.897.897.50/006yYutKly8h6ivz77bn7j30ox0oxgmh.jpg?KID=imgbed,tva&Expires=1674072131&ssig=3WkI8qOqzY", "light_ring": false, "cover_image_phone": "https://wx3.sinaimg.cn/crop.0.0.640.640.640/006yYutKly1h6iwf1tstgj30qy0orjty.jpg;https://wx1.sinaimg.cn/crop.0.0.640.640.640/006yYutKly1h6iwbqoupkj30qy0oewf4.jpg", "profile_url": "u/6013609260", "domain": "", "weihao": "", "gender": "m", "followers_count": 20, "followers_count_str": "20", "friends_count": 119, "pagefriends_count": 4, "statuses_count": 712, "video_status_count": 0, "video_play_count": 0, "super_topic_not_syn_count": 0, "favourites_count": 8, "created_at": "Fri Sep 09 07:57:40 +0800 2016", "following": false, "allow_all_act_msg": false, "geo_enabled": true, "verified": false, "verified_type": -1, "remark": "", "insecurity": {"sexual_content": false}, "ptype": 0, "allow_all_comment": true, "avatar_large": "https://tvax2.sinaimg.cn/crop.0.0.897.897.180/006yYutKly8h6ivz77bn7j30ox0oxgmh.jpg?KID=imgbed,tva&Expires=1674072131&ssig=utGU1jpCEN", "avatar_hd": "https://tvax2.sinaimg.cn/crop.0.0.897.897.1024/006yYutKly8h6ivz77bn7j30ox0oxgmh.jpg?KID=imgbed,tva&Expires=1674072131&ssig=qbrmj9DGMU", "verified_reason": "", "verified_trade": "", "verified_reason_url": "", "verified_source": "", "verified_source_url": "", "follow_me": false, "like": false, "like_me": false, "online_status": 0, "bi_followers_count": 0, "lang": "zh-cn", "star": 0, "mbtype": 12, "mbrank": 3, "svip": 0, "mb_expire_time": 1722700800, "block_word": 0, "block_app": 1, "chaohua_ability": 0, "brand_ability": 0, "nft_ability": 0, "vplus_ability": 0, "wenda_ability": 0, "live_ability": 0, "gongyi_ability": 0, "paycolumn_ability": 0, "newbrand_ability": 0, "ecommerce_ability": 0, "hardfan_ability": 0, "wbcolumn_ability": 0, "credit_score": 80, "user_ability": 2359296, "avatargj_id": "gj_vip_061", "urank": 2, "story_read_state": -1, "vclub_member": 0, "is_teenager": 0, "is_guardian": 0, "is_teenager_list": 0, "pc_new": 7, "special_follow": false, "planet_video": 2, "video_mark": 0, "live_status": 0, "user_ability_extend": 0, "status_total_counter": {"total_cnt": 645, "repost_cnt": 245, "comment_cnt": 219, "like_cnt": 164, "comment_like_cnt": 17}, "video_total_counter": {"play_cnt": 75}, "brand_account": 0, "hongbaofei": 0, "tab_manage": "[0, 0]", "reward_status": 0, "green_mode": 0, "urisk": 566935683072, "unfollowing_recom_switch": 1, "avatar_type": 0}, "mid": "4844128816861436", "idstr": "4844128816861436", "status": {"visible": {"type": 0, "list_id": 0}, "created_at": "Mon Dec 05 08:37:43 +0800 2022", "id": 4843234972408686, "idstr": "4843234972408686", "mid": "4843234972408686", "can_edit": false, "version": 2, "show_additional_indication": 0, "text": "分享视频 http://t.cn/A6KxLz2F ​", "textLength": 29, "source_allowclick": 1, "source_type": 1, "source": "<a href=\"http://app.weibo.com/t/feed/2I0NfL\" rel=\"nofollow\">荣耀X10 5G</a>", "favorited": false, "truncated": false, "in_reply_to_status_id": "", "in_reply_to_user_id": "", "in_reply_to_screen_name": "", "pic_urls": [], "geo": null, "is_paid": false, "mblog_vip_type": 0, "user": {"id": 1746830023, "idstr": "1746830023", "class": 1, "screen_name": "吃土长大反应慢", "name": "吃土长大反应慢", "province": "14", "city": "1", "location": "山西 太原", "description": "凌乱。", "url": "http://blog.sina.com.cn/u/1746830023", "profile_image_url": "https://tva3.sinaimg.cn/crop.0.0.180.180.50/681e82c7jw1e8qgp5bmzyj2050050aa8.jpg?KID=imgbed,tva&Expires=1674072131&ssig=Is8SHlEJcc", "light_ring": false, "cover_image_phone": "https://ww1.sinaimg.cn/crop.0.0.640.640.640/549d0121tw1egm1kjly3jj20hs0hsq4f.jpg", "profile_url": "laoheng12388", "domain": "laoheng12388", "weihao": "", "gender": "m", "followers_count": 5318, "followers_count_str": "5318", "friends_count": 2048, "pagefriends_count": 2, "statuses_count": 44814, "video_status_count": 5, "video_play_count": 0, "super_topic_not_syn_count": 0, "favourites_count": 23876, "created_at": "Sun Jun 06 11:40:37 +0800 2010", "following": false, "allow_all_act_msg": false, "geo_enabled": false, "verified": false, "verified_type": -1, "remark": "", "insecurity": {"sexual_content": false}, "ptype": 0, "allow_all_comment": true, "avatar_large": "https://tva3.sinaimg.cn/crop.0.0.180.180.180/681e82c7jw1e8qgp5bmzyj2050050aa8.jpg?KID=imgbed,tva&Expires=1674072131&ssig=7%2FOjyQ4OBp", "avatar_hd": "https://tva3.sinaimg.cn/crop.0.0.180.180.1024/681e82c7jw1e8qgp5bmzyj2050050aa8.jpg?KID=imgbed,tva&Expires=1674072131&ssig=umgRwreCWN", "verified_reason": "", "verified_trade": "", "verified_reason_url": "", "verified_source": "", "verified_source_url": "", "follow_me": false, "like": false, "like_me": false, "online_status": 0, "bi_followers_count": 655, "lang": "zh-cn", "star": 0, "mbtype": 0, "mbrank": 0, "svip": 0, "mb_expire_time": 0, "block_word": 0, "block_app": 0, "chaohua_ability": 0, "brand_ability": 0, "nft_ability": 0, "vplus_ability": 0, "wenda_ability": 0, "live_ability": 0, "gongyi_ability": 0, "paycolumn_ability": 0, "newbrand_ability": 0, "ecommerce_ability": 0, "hardfan_ability": 0, "wbcolumn_ability": 0, "credit_score": 78, "user_ability": 2359296, "urank": 46, "story_read_state": -1, "vclub_member": 0, "is_teenager": 0, "is_guardian": 0, "is_teenager_list": 0, "pc_new": 7, "special_follow": false, "planet_video": 2, "video_mark": 0, "live_status": 0, "user_ability_extend": 0, "status_total_counter": {"total_cnt": 53157, "repost_cnt": 41693, "comment_cnt": 6391, "like_cnt": 4491, "comment_like_cnt": 582}, "video_total_counter": {"play_cnt": 143104}, "brand_account": 0, "hongbaofei": 0, "tab_manage": "[0, 0]", "reward_status": 0, "green_mode": 0, "urisk": 17179869184, "unfollowing_recom_switch": 1, "avatar_type": 0}, "annotations": [{}, {}, {"client_mblogid": "9f06f3ec-fd20-4c0e-becd-4660140009d0"}, {"mapi_request": true}], "reposts_count": 0, "comments_count": 0, "reprint_cmt_count": 0, "attitudes_count": 0, "pending_approval_count": 0, "isLongText": false, "reward_exhibition_type": 0, "hide_flag": 0, "mlevel": 128, "show_mlevel": 0, "biz_ids": [230444], "biz_feature": 4294967304, "hasActionTypeCard": 0, "darwin_tags": [], "hot_weibo_tags": [], "text_tag_tips": [], "mblogtype": 0, "userType": 0, "mlevelSource": "monitor", "more_info_type": 0, "number_display_strategy": {"apply_scenario_flag": 3, "display_text_min_number": 1000000, "display_text": "100万+"}, "positive_recom_flag": 0, "content_auth": 0, "gif_ids": "", "is_show_bulletin": 2, "comment_manage_info": {"comment_permission_type": -1, "approval_comment_type": 0, "comment_sort_type": 0, "ai_play_picture_type": 0}, "pic_num": 0, "fid": 4843234789425189, "can_reprint": false, "new_comment_style": 0}, "readtimetype": "comment", "sync_id": 4843234789425189, "sync_uuid": 4843234789425189, "sync_generate_level": 1, "match_ai_play_picture": false}