{"created_at": "Wed Dec 07 19:11:31 +0800 2022", "id": 4844119253583388, "rootid": 4844119253583388, "rootidstr": "4844119253583388", "floor_number": 61, "text": "令人发指", "disable_reply": 0, "restrictOperate": 0, "source_allowclick": 0, "source_type": 4, "source": "<a href=\"\" rel=\"nofollow\">来自江苏</a>", "user": {"id": 7309249183, "idstr": "7309249183", "class": 1, "screen_name": "垚-SZ", "name": "垚-SZ", "province": "32", "city": "5", "location": "江苏 苏州", "description": "a quiet lady", "url": "", "profile_image_url": "https://tvax2.sinaimg.cn/crop.0.0.996.996.50/007YERBRly8h216i8hg3gj30ro0rojug.jpg?KID=imgbed,tva&Expires=1670938702&ssig=S0Y0RTUtR5", "light_ring": false, "cover_image_phone": "https://ww1.sinaimg.cn/crop.0.0.640.640.640/549d0121tw1egm1kjly3jj20hs0hsq4f.jpg", "profile_url": "u/7309249183", "domain": "", "weihao": "", "gender": "f", "followers_count": 23, "followers_count_str": "23", "friends_count": 225, "pagefriends_count": 7, "statuses_count": 2644, "video_status_count": 2, "video_play_count": 0, "super_topic_not_syn_count": 0, "favourites_count": 86, "created_at": "Sat Sep 21 20:42:23 +0800 2019", "following": false, "allow_all_act_msg": false, "geo_enabled": true, "verified": false, "verified_type": -1, "remark": "", "insecurity": {"sexual_content": false}, "ptype": 0, "allow_all_comment": false, "avatar_large": "https://tvax2.sinaimg.cn/crop.0.0.996.996.180/007YERBRly8h216i8hg3gj30ro0rojug.jpg?KID=imgbed,tva&Expires=1670938702&ssig=jPYaPGlTBS", "avatar_hd": "https://tvax2.sinaimg.cn/crop.0.0.996.996.1024/007YERBRly8h216i8hg3gj30ro0rojug.jpg?KID=imgbed,tva&Expires=1670938702&ssig=gYMAsv4XTW", "verified_reason": "", "verified_trade": "", "verified_reason_url": "", "verified_source": "", "verified_source_url": "", "follow_me": false, "like": false, "like_me": false, "online_status": 0, "bi_followers_count": 0, "lang": "zh-cn", "star": 0, "mbtype": 0, "mbrank": 0, "svip": 0, "mb_expire_time": 0, "block_word": 0, "block_app": 0, "chaohua_ability": 0, "brand_ability": 0, "nft_ability": 0, "vplus_ability": 0, "wenda_ability": 0, "live_ability": 0, "gongyi_ability": 0, "paycolumn_ability": 0, "newbrand_ability": 0, "ecommerce_ability": 0, "hardfan_ability": 0, "credit_score": 80, "user_ability": 2359296, "urank": 0, "story_read_state": -1, "vclub_member": 0, "is_teenager": 0, "is_guardian": 0, "is_teenager_list": 0, "pc_new": 0, "special_follow": false, "planet_video": 2, "video_mark": 2, "live_status": 0, "user_ability_extend": 0, "status_total_counter": {"total_cnt": 115, "repost_cnt": 0, "comment_cnt": 22, "like_cnt": 93, "comment_like_cnt": 0}, "video_total_counter": {"play_cnt": 33}, "brand_account": 0, "hongbaofei": 0, "tab_manage": "[0, 0]", "reward_status": 0, "green_mode": 0, "urisk": 566936207360, "avatar_type": 0}, "mid": "4844119253583388", "idstr": "4844119253583388", "status": {"visible": {"type": 0, "list_id": 0}, "created_at": "Mon Dec 05 08:37:43 +0800 2022", "id": 4843234972408686, "idstr": "4843234972408686", "mid": "4843234972408686", "can_edit": false, "version": 2, "show_additional_indication": 0, "text": "分享视频 http://t.cn/A6KxLz2F ​", "textLength": 29, "source_allowclick": 1, "source_type": 1, "source": "<a href=\"http://app.weibo.com/t/feed/2I0NfL\" rel=\"nofollow\">荣耀X10 5G</a>", "favorited": false, "truncated": false, "in_reply_to_status_id": "", "in_reply_to_user_id": "", "in_reply_to_screen_name": "", "pic_urls": [], "geo": null, "is_paid": false, "mblog_vip_type": 0, "user": {"id": 1746830023, "idstr": "1746830023", "class": 1, "screen_name": "吃土长大反应慢", "name": "吃土长大反应慢", "province": "14", "city": "1", "location": "山西 太原", "description": "凌乱。", "url": "http://blog.sina.com.cn/u/1746830023", "profile_image_url": "https://tva3.sinaimg.cn/crop.0.0.180.180.50/681e82c7jw1e8qgp5bmzyj2050050aa8.jpg?KID=imgbed,tva&Expires=1670938702&ssig=x34WGl6Si9", "light_ring": false, "cover_image_phone": "https://ww1.sinaimg.cn/crop.0.0.640.640.640/549d0121tw1egm1kjly3jj20hs0hsq4f.jpg", "profile_url": "laoheng12388", "domain": "laoheng12388", "weihao": "", "gender": "m", "followers_count": 5299, "followers_count_str": "5299", "friends_count": 1962, "pagefriends_count": 2, "statuses_count": 43807, "video_status_count": 5, "video_play_count": 0, "super_topic_not_syn_count": 0, "favourites_count": 23876, "created_at": "Sun Jun 06 11:40:37 +0800 2010", "following": false, "allow_all_act_msg": false, "geo_enabled": false, "verified": false, "verified_type": -1, "remark": "", "insecurity": {"sexual_content": false}, "ptype": 0, "allow_all_comment": true, "avatar_large": "https://tva3.sinaimg.cn/crop.0.0.180.180.180/681e82c7jw1e8qgp5bmzyj2050050aa8.jpg?KID=imgbed,tva&Expires=1670938702&ssig=AsrUyAm7NR", "avatar_hd": "https://tva3.sinaimg.cn/crop.0.0.180.180.1024/681e82c7jw1e8qgp5bmzyj2050050aa8.jpg?KID=imgbed,tva&Expires=1670938702&ssig=DPg2p282uT", "verified_reason": "", "verified_trade": "", "verified_reason_url": "", "verified_source": "", "verified_source_url": "", "follow_me": false, "like": false, "like_me": false, "online_status": 0, "bi_followers_count": 643, "lang": "zh-cn", "star": 0, "mbtype": 0, "mbrank": 0, "svip": 0, "mb_expire_time": 0, "block_word": 0, "block_app": 0, "chaohua_ability": 0, "brand_ability": 0, "nft_ability": 0, "vplus_ability": 0, "wenda_ability": 0, "live_ability": 0, "gongyi_ability": 0, "paycolumn_ability": 0, "newbrand_ability": 0, "ecommerce_ability": 0, "hardfan_ability": 0, "credit_score": 78, "user_ability": 2359296, "urank": 46, "story_read_state": -1, "vclub_member": 0, "is_teenager": 0, "is_guardian": 0, "is_teenager_list": 0, "pc_new": 7, "special_follow": false, "planet_video": 2, "video_mark": 0, "live_status": 0, "user_ability_extend": 0, "status_total_counter": {"total_cnt": 51047, "repost_cnt": 39992, "comment_cnt": 6275, "like_cnt": 4264, "comment_like_cnt": 516}, "video_total_counter": {"play_cnt": 117902}, "brand_account": 0, "hongbaofei": 0, "tab_manage": "[0, 0]", "reward_status": 0, "green_mode": 0, "urisk": 52076478464, "avatar_type": 0}, "annotations": [{}, {}, {"client_mblogid": "9f06f3ec-fd20-4c0e-becd-4660140009d0"}, {"mapi_request": true}], "reposts_count": 0, "comments_count": 0, "reprint_cmt_count": 0, "attitudes_count": 0, "pending_approval_count": 0, "isLongText": false, "reward_exhibition_type": 0, "hide_flag": 0, "mlevel": 128, "show_mlevel": 0, "biz_ids": [230444], "biz_feature": 4294967304, "hasActionTypeCard": 0, "darwin_tags": [], "hot_weibo_tags": [], "text_tag_tips": [], "mblogtype": 0, "userType": 0, "mlevelSource": "monitor", "more_info_type": 0, "number_display_strategy": {"apply_scenario_flag": 3, "display_text_min_number": 1000000, "display_text": "100万+"}, "positive_recom_flag": 0, "content_auth": 0, "gif_ids": "", "is_show_bulletin": 2, "comment_manage_info": {"comment_permission_type": -1, "approval_comment_type": 0, "comment_sort_type": 0, "ai_play_picture_type": 0}, "pic_num": 0, "fid": 4843234789425189, "can_reprint": false, "new_comment_style": 0}, "readtimetype": "comment", "comment_dynamic_message": {"id": "0", "start_color": "#00FFFFFF", "end_color": "#1AFFFFFF", "start_color_dark": "#003A3A3A", "end_color_dark": "#333A3A3A", "name": {"zh_CN": "默认", "zh_HK": "默認", "en_US": "default"}, "scheme": "https://new.vip.weibo.cn/bubble/mall?showmenu=0&decorateId=0&uid=7309249183", "allow_vip_box_content": "用此评论气泡", "allow_vip_box_icon": "https://h5.sinaimg.cn/upload/100/1720/2022/08/08/icon_VIP_for_comment_bubble.png"}, "match_ai_play_picture": false}