{"created_at": "Fri Dec 02 13:49:51 +0800 2022", "id": 4842226361044681, "rootid": 4842226361044681, "rootidstr": "4842226361044681", "floor_number": 1, "text": "你好，你感兴趣的“恒大”已开通了超话社区～ 超话社区是微博旗下兴趣互动社区，快来与志同道合的小伙伴们一起交流互动吧！ 戳我进入>> #恒大[超话]#", "disable_reply": 0, "restrictOperate": 0, "user": {"id": 5878659096, "idstr": "5878659096", "class": 1, "screen_name": "超话社区", "name": "超话社区", "province": "11", "city": "1000", "location": "北京", "description": "", "url": "", "profile_image_url": "https://tvax3.sinaimg.cn/crop.0.0.1080.1080.50/006pQfMcly8h8v3tovfguj60u00u0q3z02.jpg?KID=imgbed,tva&Expires=1670937882&ssig=8EUkNTQD0w", "light_ring": false, "cover_image": "https://wx3.sinaimg.cn/crop.0.0.920.300/006pQfMcly1fwaa1dlt9ej30pk08cn0a.jpg", "cover_image_phone": "https://ww1.sinaimg.cn/crop.0.0.640.640.640/549d0121tw1egm1kjly3jj20hs0hsq4f.jpg", "profile_url": "u/5878659096", "domain": "", "weihao": "", "gender": "m", "followers_count": 245166094, "followers_count_str": "2.45亿", "friends_count": 460, "pagefriends_count": 220, "statuses_count": 17277, "video_status_count": 102, "video_play_count": 0, "super_topic_not_syn_count": 18, "favourites_count": 84, "created_at": "Wed Mar 09 17:45:21 +0800 2016", "following": false, "allow_all_act_msg": false, "geo_enabled": true, "verified": true, "verified_type": 7, "remark": "", "insecurity": {"sexual_content": false}, "ptype": 0, "allow_all_comment": true, "avatar_large": "https://tvax3.sinaimg.cn/crop.0.0.1080.1080.180/006pQfMcly8h8v3tovfguj60u00u0q3z02.jpg?KID=imgbed,tva&Expires=1670937882&ssig=QzgDLzxZsQ", "avatar_hd": "https://tvax3.sinaimg.cn/crop.0.0.1080.1080.1024/006pQfMcly8h8v3tovfguj60u00u0q3z02.jpg?KID=imgbed,tva&Expires=1670937882&ssig=6k3FRS3E1U", "verified_reason": "超话社区官方微博", "verified_trade": "", "verified_reason_url": "", "verified_source": "", "verified_source_url": "", "verified_state": 0, "verified_level": 3, "verified_type_ext": 0, "pay_remind": 0, "pay_date": "", "has_service_tel": false, "verified_reason_modified": "超话社区官方微博", "verified_contact_name": "", "verified_contact_email": "", "verified_contact_mobile": "", "follow_me": false, "like": false, "like_me": false, "online_status": 0, "bi_followers_count": 209, "lang": "zh-cn", "star": 0, "mbtype": 12, "mbrank": 7, "svip": 0, "mb_expire_time": 1892649600, "block_word": 0, "block_app": 1, "chaohua_ability": 0, "brand_ability": 0, "nft_ability": 0, "vplus_ability": 0, "wenda_ability": 0, "live_ability": 0, "gongyi_ability": 0, "paycolumn_ability": 0, "newbrand_ability": 0, "ecommerce_ability": 0, "hardfan_ability": 0, "credit_score": 80, "user_ability": 10748424, "cardid": "star_1621", "urank": 39, "story_read_state": -1, "vclub_member": 0, "is_teenager": 0, "is_guardian": 0, "is_teenager_list": 0, "pc_new": 6, "special_follow": false, "planet_video": 2, "video_mark": 14, "live_status": 0, "user_ability_extend": 0, "status_total_counter": {"total_cnt": 46065474, "repost_cnt": 5038779, "comment_cnt": 2395338, "like_cnt": 34686279, "comment_like_cnt": 3945078}, "video_total_counter": {"play_cnt": 96753406}, "brand_account": 0, "hongbaofei": 0, "tab_manage": "[0, 0]", "reward_status": 0, "green_mode": 0, "urisk": 549755813888, "avatar_type": 0}, "mid": "4842226361044681", "idstr": "4842226361044681", "status": {"visible": {"type": 0, "list_id": 0}, "created_at": "Fri Dec 02 13:49:51 +0800 2022", "id": 4842226359993430, "idstr": "4842226359993430", "mid": "4842226359993430", "can_edit": false, "version": 2, "show_additional_indication": 0, "text": "不信谣，不传谣！\n#恒大##广州恒大##许家印##跳楼# http://t.cn/R2WxEin ​", "textLength": 67, "source_allowclick": 0, "source_type": 1, "source": "<a href=\"http://app.weibo.com/t/feed/3j1mnL\" rel=\"nofollow\">iPhone 13 Pro Max</a>", "favorited": false, "truncated": false, "in_reply_to_status_id": "", "in_reply_to_user_id": "", "in_reply_to_screen_name": "", "pic_urls": [{"thumbnail_pic": "http://wx3.sinaimg.cn/thumbnail/005XvjcRgy1h8pf3ka7x2j30tz1eltht.jpg"}], "thumbnail_pic": "http://wx3.sinaimg.cn/thumbnail/005XvjcRgy1h8pf3ka7x2j30tz1eltht.jpg", "bmiddle_pic": "http://wx3.sinaimg.cn/bmiddle/005XvjcRgy1h8pf3ka7x2j30tz1eltht.jpg", "original_pic": "http://wx3.sinaimg.cn/large/005XvjcRgy1h8pf3ka7x2j30tz1eltht.jpg", "geo": {"type": "Point", "coordinates": [22.530182, 113.935394]}, "is_paid": false, "mblog_vip_type": 0, "user": {"id": 5459929985, "idstr": "5459929985", "class": 1, "screen_name": "保时捷张宇亭", "name": "保时捷张宇亭", "province": "44", "city": "1000", "location": "广东", "description": "一年卖100辆911销冠. 两次朝圣纽北BMW驾驶培训. 巴伐利亚46船东. 991.2S车主. M4GTS车主（全国限量14辆） taycan turbo s车主. 国内首提梅花C68车主.", "url": "", "profile_image_url": "https://tvax1.sinaimg.cn/crop.0.0.1080.1080.50/005XvjcRly8h1qz9f49b5j30u00u0q5l.jpg?KID=imgbed,tva&Expires=1670937882&ssig=dpDlyrJYua", "light_ring": false, "cover_image_phone": "https://wx1.sinaimg.cn/crop.0.0.640.640.640/a45a7f57ly1g13ajhz0jrj20e80e80ub.jpg;https://ww4.sinaimg.cn/crop.0.0.640.640.640/a1d3feabjw1ecat3p2p2qj20hs0hsmz4.jpg;https://wx3.sinaimg.cn/crop.0.0.640.640.640/005XvjcRly1gjph2g0x54j30e80e8wfc.jpg", "profile_url": "u/5459929985", "domain": "", "weihao": "", "gender": "m", "followers_count": 238926, "followers_count_str": "23.9万", "friends_count": 846, "pagefriends_count": 8, "statuses_count": 23638, "video_status_count": 1827, "video_play_count": 0, "super_topic_not_syn_count": 0, "favourites_count": 568, "created_at": "Sun Jan 04 18:38:33 +0800 2015", "following": false, "allow_all_act_msg": false, "geo_enabled": true, "verified": true, "verified_type": 0, "remark": "", "insecurity": {"sexual_content": false}, "ptype": 0, "allow_all_comment": true, "avatar_large": "https://tvax1.sinaimg.cn/crop.0.0.1080.1080.180/005XvjcRly8h1qz9f49b5j30u00u0q5l.jpg?KID=imgbed,tva&Expires=1670937882&ssig=HwepeNbvMM", "avatar_hd": "https://tvax1.sinaimg.cn/crop.0.0.1080.1080.1024/005XvjcRly8h1qz9f49b5j30u00u0q5l.jpg?KID=imgbed,tva&Expires=1670937882&ssig=87sGRRtLEQ", "verified_reason": "知名汽车博主", "verified_trade": "", "verified_reason_url": "", "verified_source": "", "verified_source_url": "", "verified_state": 0, "verified_level": 3, "verified_type_ext": 1, "has_service_tel": false, "verified_reason_modified": "", "verified_contact_name": "", "verified_contact_email": "", "verified_contact_mobile": "", "follow_me": false, "like": false, "like_me": false, "online_status": 0, "bi_followers_count": 398, "lang": "zh-cn", "star": 0, "mbtype": 12, "mbrank": 7, "svip": 0, "mb_expire_time": 1712851200, "block_word": 0, "block_app": 1, "chaohua_ability": 0, "brand_ability": 0, "nft_ability": 0, "vplus_ability": 0, "wenda_ability": 0, "live_ability": 1, "gongyi_ability": 0, "paycolumn_ability": 0, "newbrand_ability": 0, "ecommerce_ability": 0, "hardfan_ability": 0, "credit_score": 80, "user_ability": -2135685624, "cardid": "star_1429", "avatargj_id": "gj_vip_691", "urank": 44, "story_read_state": -1, "verified_detail": {"custom": 0, "data": [{"key": 2, "weight": 10, "desc": "知名汽车博主"}]}, "vclub_member": 0, "is_teenager": 0, "is_guardian": 0, "is_teenager_list": 0, "pc_new": 0, "special_follow": false, "planet_video": 2, "video_mark": 15, "live_status": 0, "user_ability_extend": 1, "status_total_counter": {"total_cnt": 449435, "repost_cnt": 72676, "comment_cnt": 99813, "like_cnt": 195140, "comment_like_cnt": 81806}, "video_total_counter": {"play_cnt": 26305505}, "brand_account": 0, "hongbaofei": 0, "tab_manage": "[0, 0]", "reward_status": 0, "green_mode": 0, "urisk": 43486543872, "avatar_type": 0}, "annotations": [{"photo_sub_type": "0"}, {}, {"spot_type": "0"}, {"place": {"poiid": "8008644030000000000", "title": "深圳", "type": "checkin", "spot_type": "0"}, "client_mblogid": "iPhone-D7E2D1CC-24E3-4F94-B099-59152AD4B001"}, {"mapi_request": true}], "picStatus": "0:1", "reposts_count": 0, "comments_count": 0, "reprint_cmt_count": 0, "attitudes_count": 0, "pending_approval_count": 0, "isLongText": false, "reward_exhibition_type": 0, "hide_flag": 0, "mlevel": 128, "show_mlevel": 0, "biz_ids": [100101], "biz_feature": 4294967300, "page_type": 72, "hasActionTypeCard": 0, "darwin_tags": [], "hot_weibo_tags": [], "text_tag_tips": [], "mblogtype": 0, "userType": 0, "mlevelSource": "monitor", "more_info_type": 0, "cardid": "star_1429", "number_display_strategy": {"apply_scenario_flag": 3, "display_text_min_number": 1000000, "display_text": "100万+"}, "positive_recom_flag": 0, "content_auth": 0, "gif_ids": "", "is_show_bulletin": 2, "bus_flag": 8, "comment_manage_info": {"comment_permission_type": -1, "approval_comment_type": 0, "comment_sort_type": 0, "ai_play_picture_type": 0}, "pic_num": 1, "can_reprint": false, "new_comment_style": 0}, "readtimetype": "comment", "mark_type": 1, "match_ai_play_picture": false}