{"mid": "2461508674", "uid": "LmLfwkp6m", "name": "许有希光", "time": "2022-4-3 19:17:00", "local": "", "iphone": "微博 weibo.com", "context": "#灵璧渔沟中学事件#简单的说一下；站在老师的角度，学校绝对有不可妥协的责任：。。第一，监管失责；在学校宿舍内，活活把人打死，如果校园里任何一个老师能机警点，如果校园当天的值班老师没有疏于职守，流于表面，如果宿舍管理员没有死掉，这起悲剧压根儿就不会发生。。。打死一个人并非三两分钟的事儿，肯定要个把小时以上，这么漫长的时间，老师们，校领导们，他们此时哪去了？虽然学校的领导没有直接参与命案，但人在他们眼皮底下就这么没了，他们都是起到助纣为虐的作用，这就是间接杀人。。。第二，看守失责；九年义务教育阶段，孩子在学校，老师都有看守职责，看守孩子们的心理健康和身体健康，如果看守不到位，造成孩子心理和身理有不同程度的损害，完全可以追究当班班主任以及学校主要领导的刑事责任。这是教育法明确规定的。。。站在一个父亲的角度，我认为这名父亲已经相当克制了，如果换做他人，肯定早就秘密行动了。。。是的，没错，悄悄找出这七名孩子，哪怕以命抵命也在所不惜，也要让他们一个个都去死，一个都不留。这七名高中生，必须要为他们的行动付出惨痛的代价！。。千万不要低估为人父母守护幼崽的决心和勇气。。。我看到有网友分析，这属于是多人群殴事件，判死刑的可能性不大，那么我们就要他们接受法律惩处之前，以“正义”的名义悄悄送他们去见上帝，省的他们以后刑满释放了，再次危害人间。。。这件事儿，看的我真是很痛心，很难过，万万没有想到，在校园内还能任由他人打死人，这就是校园的不作为，校领导的懒政、惰政。。。有些孩子是孩子，有些孩子，一落地，就是魔鬼，对于他们千万不能拿人的眼光去看待。。。同时，这件事儿也告诉了我们一个道理，那就是孩子一定要跟在父母身边，不要把孩子单独留在乡下，更不要让大部分孩子走读的情况下，让自己的孩子去单独住宿。孩子除了会生出强烈的孤独感以外，甚至有些孩子会变得胆小内向，长期以往，孩子并没有变得很成熟很独立，相反，会越来越孤僻。。。赚钱的时日有很多，可孩子的成长只有一次，只有跟着爸爸妈妈的孩子，哪怕穷一点，苦一点，也是最幸福的。。。不知道说什么好，看到警方的通报，我一脸的郁闷。通报直接否定了死者父亲的说法，那么问题来了，我们到底该相信谁？。。按照警方说法，双方同为14岁，在宿舍发生了肢体冲突，致死者倒地，后因抢救无效离世。。。我思考的是如果是单纯的一对一肢体冲突，会要了对方的性命吗？通报是不是需要更详细一点儿，比如肢体冲突时，有没有使用器械加身，有没有恶意的暴击对方后脑勺等致命的部位呢？。。还有造成这么严重的校园命案，能用区区一个“琐事”来概括二人的矛盾吗？我好奇的是，怎样的琐事才会让对方下了死手，要置人于死地？。。警方通报的背后，让我看到了想迫切把这件事儿大事化小、小事化了，压下去的节奏。毕竟，发生这样的事儿，暴露了当地教育系统管理的漏洞和弊端，同时，当地政府的公信力也再一次陷入到了质疑和否定……如此负面的一场新闻舆论，肯定要尽量往平息众怒的地方去描写，只是可怜了逝去的孩子，死的不明不白。。。不管怎样，杀人偿命，希望打人者能够被判死刑。#安徽王鑫磊校园霸凌事件#", "comment_num": "320", "like_num": "1929", "user": {"focus": "1026", "fans": "31.2万", "tweet": "17136"}}