{"created_at": "Tue Nov 22 01:16:35 +0800 2022", "id": 4838412920291671, "rootid": 4838412920291671, "rootidstr": "4838412920291671", "floor_number": 4, "text": "去年我们这三岁的都拉去隔离，自己拿行李，就是这么变态，这让我重新认识了阿中政府。", "disable_reply": 0, "restrictOperate": 0, "source_allowclick": 0, "source_type": 4, "source": "<a href=\"\" rel=\"nofollow\">来自福建</a>", "comment_badge": [{"pic_url": "https://h5.sinaimg.cn/upload/114/962/2022/07/08/member_7_bigfan1_1.png", "name": "loyal_fans", "length": 1.33, "actionlog": {"act_code": "3671", "ext": "status:fans"}, "scheme": "https://kefu.weibo.com/faqdetail?id=20848", "new_icon": true}], "user": {"id": 6416658588, "idstr": "6416658588", "class": 1, "screen_name": "月残空晓", "name": "月残空晓", "province": "35", "city": "1000", "location": "福建", "description": "雄起╰(⇀‸↼)╯", "url": "", "profile_image_url": "https://tvax4.sinaimg.cn/crop.0.0.1026.1026.50/0070fE1mly8h6ipn7zl08j30si0siab4.jpg?KID=imgbed,tva&Expires=1669836366&ssig=nA35mgW%2F6r", "light_ring": false, "cover_image": "http://wx3.sinaimg.cn/crop.0.0.920.300/0070fE1mgy1fluc5dxnzsj30pk08c4a9.jpg", "cover_image_phone": "http://ww1.sinaimg.cn/crop.0.0.640.640.640/549d0121tw1egm1kjly3jj20hs0hsq4f.jpg;http://wx1.sinaimg.cn/crop.0.0.640.640.640/0070fE1mgy1fn4d3xalh9j30u00u0qd3.jpg", "profile_url": "u/6416658588", "domain": "", "weihao": "", "gender": "f", "followers_count": 6292, "followers_count_str": "6292", "friends_count": 173, "pagefriends_count": 41, "statuses_count": 2136, "video_status_count": 1, "video_play_count": 0, "super_topic_not_syn_count": 0, "favourites_count": 616, "created_at": "Fri Nov 24 10:46:45 +0800 2017", "following": false, "allow_all_act_msg": false, "geo_enabled": false, "verified": true, "verified_type": 0, "remark": "", "insecurity": {"sexual_content": false}, "ptype": 0, "allow_all_comment": true, "avatar_large": "https://tvax4.sinaimg.cn/crop.0.0.1026.1026.180/0070fE1mly8h6ipn7zl08j30si0siab4.jpg?KID=imgbed,tva&Expires=1669836366&ssig=I5CnYkTou8", "avatar_hd": "https://tvax4.sinaimg.cn/crop.0.0.1026.1026.1024/0070fE1mly8h6ipn7zl08j30si0siab4.jpg?KID=imgbed,tva&Expires=1669836366&ssig=O3ZeGINFou", "verified_reason": "头条文章作者", "verified_trade": "", "verified_reason_url": "", "verified_source": "", "verified_source_url": "", "verified_state": 0, "verified_level": 3, "verified_type_ext": 0, "has_service_tel": false, "verified_reason_modified": "", "verified_contact_name": "", "verified_contact_email": "", "verified_contact_mobile": "", "follow_me": false, "like": false, "like_me": false, "online_status": 0, "bi_followers_count": 2, "lang": "zh-cn", "star": 0, "mbtype": 12, "mbrank": 7, "svip": 0, "mb_expire_time": 1688313600, "block_word": 1, "block_app": 1, "chaohua_ability": 0, "brand_ability": 0, "nft_ability": 0, "vplus_ability": 0, "wenda_ability": 0, "live_ability": 0, "gongyi_ability": 0, "paycolumn_ability": 3, "newbrand_ability": 0, "ecommerce_ability": 0, "hardfan_ability": 0, "credit_score": 80, "user_ability": -2136735232, "cardid": "star_116207374284", "urank": 9, "story_read_state": -1, "verified_detail": {"custom": 1, "data": [{"key": 2, "sub_key": 0, "weight": 0, "desc": "读物博主"}, {"key": 4, "sub_key": 9, "weight": 999, "desc": "头条文章作者"}]}, "vclub_member": 0, "is_teenager": 0, "is_guardian": 0, "is_teenager_list": 0, "pc_new": 7, "special_follow": false, "planet_video": 2, "video_mark": 14, "live_status": 0, "user_ability_extend": 0, "status_total_counter": {"total_cnt": 45755, "repost_cnt": 793, "comment_cnt": 13517, "like_cnt": 27895, "comment_like_cnt": 3550}, "video_total_counter": {"play_cnt": 915}, "brand_account": 0, "hongbaofei": 0, "tab_manage": "[16909706, 0]", "reward_status": 0, "green_mode": 0, "urisk": 17179869184, "avatar_type": 0}, "mid": "4838412920291671", "idstr": "4838412920291671", "status": {"visible": {"type": 0, "list_id": 0}, "created_at": "Tue Nov 22 00:35:18 +0800 2022", "id": 4838402526809691, "idstr": "4838402526809691", "mid": "4838402526809691", "can_edit": false, "version": 3, "show_additional_indication": 0, "text": "5岁的孩子要拉去集中隔离，父母还不能一起去。听着孩子无助的哭声，此刻他的内心是何等的恐惧[泪]\n\n#中时[超话]# http://t.cn/A6KAARE5 ​", "textLength": 126, "source_allowclick": 1, "source_type": 2, "source": "<a href=\"http://weibo.com/\" rel=\"nofollow\">我是中事Android</a>", "favorited": false, "truncated": false, "in_reply_to_status_id": "", "in_reply_to_user_id": "", "in_reply_to_screen_name": "", "pic_urls": [], "geo": null, "is_paid": false, "mblog_vip_type": 0, "user": {"id": 7301722408, "idstr": "7301722408", "class": 1, "screen_name": "今事", "name": "今事", "province": "44", "city": "1000", "location": "广东", "description": "@中事 备用号，欢迎关注", "url": "", "profile_image_url": "https://tvax4.sinaimg.cn/crop.0.0.1080.1080.50/007Y9hygly8h8ngdu71fuj30u00u0jru.jpg?KID=imgbed,tva&Expires=1669836366&ssig=peah19g6u%2B", "light_ring": false, "cover_image_phone": "http://wx1.sinaimg.cn/crop.0.0.640.640.640/007Y9hyggy1h89vulppgbj30qo0qodl7.jpg", "profile_url": "u/7301722408", "domain": "", "weihao": "", "gender": "f", "followers_count": 23382, "followers_count_str": "2.3万", "friends_count": 264, "pagefriends_count": 4, "statuses_count": 2844, "video_status_count": 2061, "video_play_count": 0, "super_topic_not_syn_count": 5, "favourites_count": 2, "created_at": "Sat Sep 07 13:16:37 +0800 2019", "following": false, "allow_all_act_msg": false, "geo_enabled": true, "verified": true, "verified_type": 0, "remark": "", "insecurity": {"sexual_content": false}, "ptype": 0, "allow_all_comment": true, "avatar_large": "https://tvax4.sinaimg.cn/crop.0.0.1080.1080.180/007Y9hygly8h8ngdu71fuj30u00u0jru.jpg?KID=imgbed,tva&Expires=1669836366&ssig=tzS8kI9Oyu", "avatar_hd": "https://tvax4.sinaimg.cn/crop.0.0.1080.1080.1024/007Y9hygly8h8ngdu71fuj30u00u0jru.jpg?KID=imgbed,tva&Expires=1669836366&ssig=xIbCfyp8wM", "verified_reason": "超话主持人（中时超话）", "verified_trade": "", "verified_reason_url": "", "verified_source": "", "verified_source_url": "", "verified_state": 0, "verified_level": 3, "verified_type_ext": 1, "has_service_tel": false, "verified_reason_modified": "", "verified_contact_name": "", "verified_contact_email": "", "verified_contact_mobile": "", "follow_me": false, "like": false, "like_me": false, "online_status": 0, "bi_followers_count": 218, "lang": "zh-cn", "star": 0, "mbtype": 12, "mbrank": 3, "svip": 0, "mb_expire_time": 1692633600, "block_word": 0, "block_app": 1, "chaohua_ability": 0, "brand_ability": 0, "nft_ability": 0, "vplus_ability": 0, "wenda_ability": 0, "live_ability": 0, "gongyi_ability": 0, "paycolumn_ability": 0, "newbrand_ability": 0, "ecommerce_ability": 0, "hardfan_ability": 1, "credit_score": 80, "user_ability": -2144075256, "cardid": "star_1168", "urank": 0, "story_read_state": -1, "verified_detail": {"custom": 0, "data": [{"key": 8, "sub_key": 0, "weight": 102, "desc": "超话主持人（中时超话）", "timestamp": 1664583673}]}, "vclub_member": 0, "is_teenager": 0, "is_guardian": 0, "is_teenager_list": 0, "pc_new": 0, "special_follow": false, "planet_video": 2, "video_mark": 14, "live_status": 0, "user_ability_extend": 0, "video_cover": {"mid": 4798925733363985}, "status_total_counter": {"total_cnt": 527362, "repost_cnt": 28162, "comment_cnt": 45972, "like_cnt": 210628, "comment_like_cnt": 242600}, "video_total_counter": {"play_cnt": 44773208}, "brand_account": 0, "hongbaofei": 0, "tab_manage": "[0, 0]", "reward_status": 0, "green_mode": 0, "urisk": 34896609280, "avatar_type": 0}, "annotations": [{}, {}, {"super_exparams": "{\"system_pic_only\":0}"}, {"client_mblogid": "2d6fe3a8-30f2-4197-846d-fdd4bd3e8a5c"}, {"mapi_request": true}], "reposts_count": 0, "comments_count": 0, "reprint_cmt_count": 0, "attitudes_count": 0, "pending_approval_count": 0, "isLongText": false, "reward_exhibition_type": 0, "hide_flag": 0, "mlevel": 128, "show_mlevel": 0, "biz_ids": [230444], "biz_feature": 4294967304, "topic_id": "1022:100808fe394aa37ab6fad29ba1876505566f60", "sync_mblog": true, "is_imported_topic": false, "page_type": 32, "hasActionTypeCard": 0, "darwin_tags": [], "hot_weibo_tags": [], "text_tag_tips": [], "mblogtype": 0, "userType": 0, "mlevelSource": "monitor", "more_info_type": 0, "cardid": "star_1168", "number_display_strategy": {"apply_scenario_flag": 3, "display_text_min_number": 1000000, "display_text": "100万+"}, "positive_recom_flag": 0, "content_auth": 0, "gif_ids": "", "is_show_bulletin": 2, "comment_manage_info": {"comment_permission_type": -1, "approval_comment_type": 0, "comment_sort_type": 0, "ai_play_picture_type": 0}, "pic_num": 0, "fid": 4838401479278962, "can_reprint": false, "new_comment_style": 0}, "readtimetype": "comment", "comment_dynamic_message": {"id": "0043", "icon_url": "https://h5.sinaimg.cn/upload/1073/1841/2022/09/07/cat1.png", "tag_text": "年费", "start_color": "#00FF8F56", "end_color": "#1AFF8656", "start_color_dark": "#00FF8F56", "end_color_dark": "#1AFF8656", "name": {"zh_CN": "午睡喵", "zh_HK": "午睡喵", "en_US": "nap cat"}, "scheme": "https://new.vip.weibo.cn/bubble/mall?showmenu=0&decorateId=0043&uid=6416658588", "allow_vip_box_content": "用此评论气泡", "allow_vip_box_icon": "https://h5.sinaimg.cn/upload/100/1720/2022/08/08/icon_VIP_for_comment_bubble.png"}, "match_ai_play_picture": false}