{"created_at": "Thu Nov 24 09:58:12 +0800 2022", "id": 4839268965679180, "rootid": 4839268965679180, "rootidstr": "4839268965679180", "floor_number": 20, "text": "我们这里都是允许一位家长陪同", "disable_reply": 0, "restrictOperate": 0, "source_allowclick": 0, "source_type": 4, "source": "<a href=\"\" rel=\"nofollow\">来自北京</a>", "user": {"id": 6106510762, "idstr": "6106510762", "class": 1, "screen_name": "小跳517", "name": "小跳517", "province": "11", "city": "14", "location": "北京 昌平区", "description": "AB角色的我经常忘记自己是谁", "url": "", "profile_image_url": "https://tvax2.sinaimg.cn/crop.0.0.1002.1002.50/006Fgip4ly8g5q0gz0y21j30ru0rudj2.jpg?KID=imgbed,tva&Expires=1669836366&ssig=DTLa4p0%2BBJ", "light_ring": false, "cover_image_phone": "http://ww1.sinaimg.cn/crop.0.0.640.640.640/549d0121tw1egm1kjly3jj20hs0hsq4f.jpg", "profile_url": "u/6106510762", "domain": "", "weihao": "", "gender": "f", "followers_count": 29, "followers_count_str": "29", "friends_count": 836, "pagefriends_count": 71, "statuses_count": 773, "video_status_count": 27, "video_play_count": 0, "super_topic_not_syn_count": 0, "favourites_count": 21, "created_at": "Mon Feb 06 07:23:51 +0800 2017", "following": false, "allow_all_act_msg": false, "geo_enabled": true, "verified": false, "verified_type": -1, "remark": "", "insecurity": {"sexual_content": false}, "ptype": 0, "allow_all_comment": true, "avatar_large": "https://tvax2.sinaimg.cn/crop.0.0.1002.1002.180/006Fgip4ly8g5q0gz0y21j30ru0rudj2.jpg?KID=imgbed,tva&Expires=1669836366&ssig=N0w3GT7agy", "avatar_hd": "https://tvax2.sinaimg.cn/crop.0.0.1002.1002.1024/006Fgip4ly8g5q0gz0y21j30ru0rudj2.jpg?KID=imgbed,tva&Expires=1669836366&ssig=PVjvzeYwr5", "verified_reason": "", "verified_trade": "", "verified_reason_url": "", "verified_source": "", "verified_source_url": "", "follow_me": false, "like": false, "like_me": false, "online_status": 0, "bi_followers_count": 1, "lang": "zh-cn", "star": 0, "mbtype": 0, "mbrank": 0, "svip": 0, "mb_expire_time": 0, "block_word": 0, "block_app": 0, "chaohua_ability": 0, "brand_ability": 0, "nft_ability": 0, "vplus_ability": 0, "wenda_ability": 0, "live_ability": 0, "gongyi_ability": 0, "paycolumn_ability": 0, "newbrand_ability": 0, "ecommerce_ability": 0, "hardfan_ability": 0, "credit_score": 80, "user_ability": 2359296, "avatargj_id": "gj_vip_128", "urank": 4, "story_read_state": -1, "vclub_member": 0, "is_teenager": 0, "is_guardian": 0, "is_teenager_list": 0, "pc_new": 0, "special_follow": false, "planet_video": 1, "video_mark": 14, "live_status": 0, "user_ability_extend": 0, "status_total_counter": {"total_cnt": 526, "repost_cnt": 56, "comment_cnt": 72, "like_cnt": 385, "comment_like_cnt": 13}, "video_total_counter": {"play_cnt": 419}, "brand_account": 0, "hongbaofei": 0, "tab_manage": "[0, 0]", "reward_status": 0, "green_mode": 0, "urisk": 0, "avatar_type": 0}, "mid": "4839268965679180", "idstr": "4839268965679180", "status": {"visible": {"type": 0, "list_id": 0}, "created_at": "Tue Nov 22 00:35:18 +0800 2022", "id": 4838402526809691, "idstr": "4838402526809691", "mid": "4838402526809691", "can_edit": false, "version": 3, "show_additional_indication": 0, "text": "5岁的孩子要拉去集中隔离，父母还不能一起去。听着孩子无助的哭声，此刻他的内心是何等的恐惧[泪]\n\n#中时[超话]# http://t.cn/A6KAARE5 ​", "textLength": 126, "source_allowclick": 1, "source_type": 2, "source": "<a href=\"http://weibo.com/\" rel=\"nofollow\">我是中事Android</a>", "favorited": false, "truncated": false, "in_reply_to_status_id": "", "in_reply_to_user_id": "", "in_reply_to_screen_name": "", "pic_urls": [], "geo": null, "is_paid": false, "mblog_vip_type": 0, "user": {"id": 7301722408, "idstr": "7301722408", "class": 1, "screen_name": "今事", "name": "今事", "province": "44", "city": "1000", "location": "广东", "description": "@中事 备用号，欢迎关注", "url": "", "profile_image_url": "https://tvax4.sinaimg.cn/crop.0.0.1080.1080.50/007Y9hygly8h8ngdu71fuj30u00u0jru.jpg?KID=imgbed,tva&Expires=1669836366&ssig=peah19g6u%2B", "light_ring": false, "cover_image_phone": "http://wx1.sinaimg.cn/crop.0.0.640.640.640/007Y9hyggy1h89vulppgbj30qo0qodl7.jpg", "profile_url": "u/7301722408", "domain": "", "weihao": "", "gender": "f", "followers_count": 23382, "followers_count_str": "2.3万", "friends_count": 264, "pagefriends_count": 4, "statuses_count": 2844, "video_status_count": 2061, "video_play_count": 0, "super_topic_not_syn_count": 5, "favourites_count": 2, "created_at": "Sat Sep 07 13:16:37 +0800 2019", "following": false, "allow_all_act_msg": false, "geo_enabled": true, "verified": true, "verified_type": 0, "remark": "", "insecurity": {"sexual_content": false}, "ptype": 0, "allow_all_comment": true, "avatar_large": "https://tvax4.sinaimg.cn/crop.0.0.1080.1080.180/007Y9hygly8h8ngdu71fuj30u00u0jru.jpg?KID=imgbed,tva&Expires=1669836366&ssig=tzS8kI9Oyu", "avatar_hd": "https://tvax4.sinaimg.cn/crop.0.0.1080.1080.1024/007Y9hygly8h8ngdu71fuj30u00u0jru.jpg?KID=imgbed,tva&Expires=1669836366&ssig=xIbCfyp8wM", "verified_reason": "超话主持人（中时超话）", "verified_trade": "", "verified_reason_url": "", "verified_source": "", "verified_source_url": "", "verified_state": 0, "verified_level": 3, "verified_type_ext": 1, "has_service_tel": false, "verified_reason_modified": "", "verified_contact_name": "", "verified_contact_email": "", "verified_contact_mobile": "", "follow_me": false, "like": false, "like_me": false, "online_status": 0, "bi_followers_count": 218, "lang": "zh-cn", "star": 0, "mbtype": 12, "mbrank": 3, "svip": 0, "mb_expire_time": 1692633600, "block_word": 0, "block_app": 1, "chaohua_ability": 0, "brand_ability": 0, "nft_ability": 0, "vplus_ability": 0, "wenda_ability": 0, "live_ability": 0, "gongyi_ability": 0, "paycolumn_ability": 0, "newbrand_ability": 0, "ecommerce_ability": 0, "hardfan_ability": 1, "credit_score": 80, "user_ability": -2144075256, "cardid": "star_1168", "urank": 0, "story_read_state": -1, "verified_detail": {"custom": 0, "data": [{"key": 8, "sub_key": 0, "weight": 102, "desc": "超话主持人（中时超话）", "timestamp": 1664583673}]}, "vclub_member": 0, "is_teenager": 0, "is_guardian": 0, "is_teenager_list": 0, "pc_new": 0, "special_follow": false, "planet_video": 2, "video_mark": 14, "live_status": 0, "user_ability_extend": 0, "video_cover": {"mid": 4798925733363985}, "status_total_counter": {"total_cnt": 527362, "repost_cnt": 28162, "comment_cnt": 45972, "like_cnt": 210628, "comment_like_cnt": 242600}, "video_total_counter": {"play_cnt": 44773208}, "brand_account": 0, "hongbaofei": 0, "tab_manage": "[0, 0]", "reward_status": 0, "green_mode": 0, "urisk": 34896609280, "avatar_type": 0}, "annotations": [{}, {}, {"super_exparams": "{\"system_pic_only\":0}"}, {"client_mblogid": "2d6fe3a8-30f2-4197-846d-fdd4bd3e8a5c"}, {"mapi_request": true}], "reposts_count": 0, "comments_count": 0, "reprint_cmt_count": 0, "attitudes_count": 0, "pending_approval_count": 0, "isLongText": false, "reward_exhibition_type": 0, "hide_flag": 0, "mlevel": 128, "show_mlevel": 0, "biz_ids": [230444], "biz_feature": 4294967304, "topic_id": "1022:100808fe394aa37ab6fad29ba1876505566f60", "sync_mblog": true, "is_imported_topic": false, "page_type": 32, "hasActionTypeCard": 0, "darwin_tags": [], "hot_weibo_tags": [], "text_tag_tips": [], "mblogtype": 0, "userType": 0, "mlevelSource": "monitor", "more_info_type": 0, "cardid": "star_1168", "number_display_strategy": {"apply_scenario_flag": 3, "display_text_min_number": 1000000, "display_text": "100万+"}, "positive_recom_flag": 0, "content_auth": 0, "gif_ids": "", "is_show_bulletin": 2, "comment_manage_info": {"comment_permission_type": -1, "approval_comment_type": 0, "comment_sort_type": 0, "ai_play_picture_type": 0}, "pic_num": 0, "fid": 4838401479278962, "can_reprint": false, "new_comment_style": 0}, "readtimetype": "comment", "match_ai_play_picture": false}