{"created_at": "Sat Jan 07 19:22:21 +0800 2023", "id": 4855355999259497, "rootid": 4855355999259497, "rootidstr": "4855355999259497", "floor_number": 216, "text": "[心][心]", "disable_reply": 0, "restrictOperate": 0, "source_allowclick": 0, "source_type": 4, "source": "<a href=\"\" rel=\"nofollow\">来自安徽</a>", "user": {"id": 7493813732, "idstr": "7493813732", "class": 1, "screen_name": "咔酱酱子", "name": "咔酱酱子", "province": "100", "city": "1000", "location": "其他", "description": "总会相遇的！！！", "url": "", "profile_image_url": "https://tvax2.sinaimg.cn/crop.0.0.1003.1003.50/008b9hhqly8h9j7yx7gvaj30rw0rvjt8.jpg?KID=imgbed,tva&Expires=1673958756&ssig=2tu01XGeDQ", "light_ring": false, "cover_image_phone": "https://wx2.sinaimg.cn/crop.0.0.640.640.640/008b9hhqly1ha0s2trn1uj30u00u0472.jpg", "profile_url": "u/7493813732", "domain": "", "weihao": "", "gender": "f", "followers_count": 88, "followers_count_str": "88", "friends_count": 224, "pagefriends_count": 19, "statuses_count": 415, "video_status_count": 20, "video_play_count": 0, "super_topic_not_syn_count": 4, "favourites_count": 11, "created_at": "Tue Aug 18 18:05:54 +0800 2020", "following": false, "allow_all_act_msg": false, "geo_enabled": true, "verified": true, "verified_type": 0, "remark": "", "insecurity": {"sexual_content": false}, "ptype": 0, "allow_all_comment": true, "avatar_large": "https://tvax2.sinaimg.cn/crop.0.0.1003.1003.180/008b9hhqly8h9j7yx7gvaj30rw0rvjt8.jpg?KID=imgbed,tva&Expires=1673958756&ssig=NQ9vknFLqj", "avatar_hd": "https://tvax2.sinaimg.cn/crop.0.0.1003.1003.1024/008b9hhqly8h9j7yx7gvaj30rw0rvjt8.jpg?KID=imgbed,tva&Expires=1673958756&ssig=eRkA%2BfSW%2Bk", "verified_reason": "微博剪辑视频博主", "verified_trade": "", "verified_reason_url": "", "verified_source": "", "verified_source_url": "", "verified_state": 0, "verified_level": 3, "verified_type_ext": 0, "has_service_tel": false, "verified_reason_modified": "", "verified_contact_name": "", "verified_contact_email": "", "verified_contact_mobile": "", "follow_me": false, "like": false, "like_me": false, "online_status": 0, "bi_followers_count": 76, "lang": "zh-cn", "star": 0, "mbtype": 11, "mbrank": 3, "svip": 1, "mb_expire_time": 1683561600, "block_word": 0, "block_app": 1, "chaohua_ability": 0, "brand_ability": 0, "nft_ability": 0, "vplus_ability": 0, "wenda_ability": 0, "live_ability": 0, "gongyi_ability": 0, "paycolumn_ability": 0, "newbrand_ability": 0, "ecommerce_ability": 0, "hardfan_ability": 0, "wbcolumn_ability": 0, "credit_score": 80, "user_ability": 2359808, "avatargj_id": "gj_vip_021", "urank": 0, "story_read_state": -1, "verified_detail": {"custom": 0, "data": [{"key": 16, "sub_key": 4, "weight": 103, "desc": "微博剪辑视频博主", "timestamp": 1669445301}]}, "vclub_member": 0, "is_teenager": 0, "is_guardian": 0, "is_teenager_list": 0, "pc_new": 7, "special_follow": false, "planet_video": 2, "video_mark": 0, "live_status": 0, "user_ability_extend": 0, "status_total_counter": {"total_cnt": 41166, "repost_cnt": 40119, "comment_cnt": 437, "like_cnt": 499, "comment_like_cnt": 111}, "video_total_counter": {"play_cnt": 59329}, "brand_account": 0, "hongbaofei": 0, "tab_manage": "[0, 0]", "reward_status": 0, "green_mode": 0, "urisk": 0, "avatar_type": 0}, "mid": "4855355999259497", "idstr": "4855355999259497", "status": {"visible": {"type": 0, "list_id": 0}, "created_at": "Fri Jan 06 15:46:40 +0800 2023", "id": 4854939337360692, "idstr": "4854939337360692", "mid": "4854939337360692", "can_edit": false, "version": 1, "show_additional_indication": 0, "text": "【#90后小伙立志画中华美景千米长卷#】重庆一名“90后”小伙翟云川立志画遍中华美景，目前仍在继续。他表示，《景秀中华》千米长卷从上海出发，沿长江一路向西，现在已经画到了重庆主城，（这部分）画卷长度近180米，包含了朝天门大桥、弹子石老街、长嘉汇、朝天门码头等。 http://t.cn/A6KsEKMP ​", "textLength": 274, "source_allowclick": 0, "source_type": 2, "source": "<a href=\"http://weibo.com/\" rel=\"nofollow\">iPhone客户端</a>", "favorited": false, "truncated": false, "in_reply_to_status_id": "", "in_reply_to_user_id": "", "in_reply_to_screen_name": "", "pic_urls": [], "geo": null, "is_paid": false, "mblog_vip_type": 0, "user": {"id": 1750290692, "idstr": "1750290692", "class": 1, "screen_name": "重庆卫视", "name": "重庆卫视", "province": "50", "city": "1000", "location": "重庆", "description": "重庆卫视唯一官方认证微博，新媒体互动新平台。", "url": "", "profile_image_url": "https://tvax3.sinaimg.cn/crop.0.0.640.640.50/68535104ly8h8veypc4cnj20hs0hsmxl.jpg?KID=imgbed,tva&Expires=1673958756&ssig=TGGXhjVtFM", "light_ring": false, "cover_image": "https://wx4.sinaimg.cn/crop.0.0.920.300/68535104ly1g0qs23a4ufj20pk08cdi1.jpg", "cover_image_phone": "https://wx4.sinaimg.cn/crop.0.0.640.640.640/68535104ly1gdi6hbahy8j20e80e8dhd.jpg", "profile_url": "cqtv", "domain": "cqtv", "weihao": "", "gender": "f", "followers_count": 509424, "followers_count_str": "50.9万", "friends_count": 265, "pagefriends_count": 10, "statuses_count": 27213, "video_status_count": 2329, "video_play_count": 0, "super_topic_not_syn_count": 0, "favourites_count": 758, "created_at": "Thu Jun 03 14:25:10 +0800 2010", "following": false, "allow_all_act_msg": false, "geo_enabled": false, "verified": true, "verified_type": 3, "remark": "", "insecurity": {"sexual_content": false}, "ptype": 0, "allow_all_comment": true, "avatar_large": "https://tvax3.sinaimg.cn/crop.0.0.640.640.180/68535104ly8h8veypc4cnj20hs0hsmxl.jpg?KID=imgbed,tva&Expires=1673958756&ssig=85ugmiRix8", "avatar_hd": "https://tvax3.sinaimg.cn/crop.0.0.640.640.1024/68535104ly8h8veypc4cnj20hs0hsmxl.jpg?KID=imgbed,tva&Expires=1673958756&ssig=GW2HP5YqQp", "verified_reason": "重庆卫视官方微博", "verified_trade": "", "verified_reason_url": "", "verified_source": "", "verified_source_url": "", "verified_state": 0, "verified_level": 3, "verified_type_ext": 0, "has_service_tel": false, "verified_reason_modified": "", "verified_contact_name": "", "verified_contact_email": "", "verified_contact_mobile": "", "follow_me": false, "like": false, "like_me": false, "online_status": 0, "bi_followers_count": 57, "lang": "zh-cn", "star": 0, "mbtype": 11, "mbrank": 2, "svip": 0, "mb_expire_time": 1675872000, "block_word": 0, "block_app": 1, "chaohua_ability": 0, "brand_ability": 0, "nft_ability": 0, "vplus_ability": 0, "wenda_ability": 0, "live_ability": 0, "gongyi_ability": 0, "paycolumn_ability": 0, "newbrand_ability": 0, "ecommerce_ability": 0, "hardfan_ability": 0, "wbcolumn_ability": 0, "credit_score": 80, "user_ability": 11796488, "cardid": "star_1576", "urank": 43, "story_read_state": -1, "vclub_member": 0, "is_teenager": 0, "is_guardian": 0, "is_teenager_list": 0, "pc_new": 7, "special_follow": false, "planet_video": 2, "video_mark": 15, "live_status": 0, "user_ability_extend": 1, "status_total_counter": {"total_cnt": 2081961, "repost_cnt": 558258, "comment_cnt": 184132, "like_cnt": 428816, "comment_like_cnt": 910755}, "video_total_counter": {"play_cnt": 11427841}, "brand_account": 0, "hongbaofei": 0, "tab_manage": "[0, 0]", "reward_status": 0, "green_mode": 0, "urisk": 0, "avatar_type": 0}, "annotations": [{}, {"shooting": 1, "client_mblogid": "iPhone-61AA259D-2901-4916-B524-6BA378A3CA1C"}, {"mapi_request": true}], "reposts_count": 0, "comments_count": 0, "reprint_cmt_count": 0, "attitudes_count": 0, "pending_approval_count": 0, "isLongText": false, "reward_exhibition_type": 0, "hide_flag": 0, "mlevel": 0, "show_mlevel": 0, "biz_ids": [230444], "biz_feature": 4294967304, "page_type": 64, "hasActionTypeCard": 0, "darwin_tags": [], "hot_weibo_tags": [], "text_tag_tips": [], "mblogtype": 0, "userType": 0, "more_info_type": 0, "number_display_strategy": {"apply_scenario_flag": 3, "display_text_min_number": 1000000, "display_text": "100万+"}, "positive_recom_flag": 0, "content_auth": 0, "gif_ids": "", "is_show_bulletin": 2, "comment_manage_info": {"comment_permission_type": -1, "approval_comment_type": 0, "comment_sort_type": 0, "ai_play_picture_type": 0}, "pic_num": 0, "can_reprint": false, "new_comment_style": 0}, "readtimetype": "comment", "comment_dynamic_message": {"id": "0037", "icon_url": "https://h5.sinaimg.cn/upload/100/1720/2022/09/01/comment_bubble_noneback_0901.png", "tag_text": "会员", "start_color": "#00FF8F56", "end_color": "#1AFF8656", "start_color_dark": "#00FF8F56", "end_color_dark": "#1AFF8656", "name": {"zh_CN": "轻橙渐变", "zh_HK": "轻橙渐变", "en_US": "orange"}, "scheme": "https://new.vip.weibo.cn/bubble/mall?showmenu=0&decorateId=0037&uid=7493813732", "allow_vip_box_content": "用此评论气泡", "allow_vip_box_icon": "https://h5.sinaimg.cn/upload/100/1720/2022/08/08/icon_VIP_for_comment_bubble.png"}, "match_ai_play_picture": false}