{"created_at": "Sun Jan 08 00:13:27 +0800 2023", "id": 4855429258286476, "rootid": 4855429258286476, "rootidstr": "4855429258286476", "floor_number": 296, "text": "午后的阳光，冰冰的汽水，甜甜的你", "disable_reply": 0, "restrictOperate": 0, "source_allowclick": 0, "source_type": 4, "source": "<a href=\"\" rel=\"nofollow\">来自辽宁</a>", "comment_badge": [{"pic_url": "https://h5.sinaimg.cn/upload/114/962/2022/07/08/member_2_bigfan1_1.png", "name": "loyal_fans", "length": 1.33, "actionlog": {"act_code": "3671", "ext": "status:fans"}, "scheme": "https://kefu.weibo.com/faqdetail?id=20848", "new_icon": true}], "user": {"id": 5171723414, "idstr": "5171723414", "class": 1, "screen_name": "MaythepeopleIlike", "name": "MaythepeopleIlike", "province": "11", "city": "1000", "location": "北京", "description": "尖叫机器的好朋友转发机器", "url": "", "profile_image_url": "https://tvax4.sinaimg.cn/crop.0.0.1080.1080.50/005E01vMly8h82ajldcyij30u00u0tb7.jpg?KID=imgbed,tva&Expires=1673958756&ssig=vZiLy9xu9u", "light_ring": false, "cover_image_phone": "https://ww1.sinaimg.cn/crop.0.0.640.640.640/9d44112bjw1f1xl1c10tuj20hs0hs0tw.jpg", "profile_url": "u/5171723414", "domain": "", "weihao": "", "gender": "f", "followers_count": 10090, "followers_count_str": "1万", "friends_count": 491, "pagefriends_count": 80, "statuses_count": 11980, "video_status_count": 40, "video_play_count": 0, "super_topic_not_syn_count": 2, "favourites_count": 2, "created_at": "Sun Jun 08 09:17:23 +0800 2014", "following": false, "allow_all_act_msg": false, "geo_enabled": true, "verified": true, "verified_type": 0, "remark": "", "insecurity": {"sexual_content": false}, "ptype": 0, "allow_all_comment": true, "avatar_large": "https://tvax4.sinaimg.cn/crop.0.0.1080.1080.180/005E01vMly8h82ajldcyij30u00u0tb7.jpg?KID=imgbed,tva&Expires=1673958756&ssig=e4QehFKR%2Fh", "avatar_hd": "https://tvax4.sinaimg.cn/crop.0.0.1080.1080.1024/005E01vMly8h82ajldcyij30u00u0tb7.jpg?KID=imgbed,tva&Expires=1673958756&ssig=FYq5RK0YjG", "verified_reason": "超话粉丝大咖（孙亦航超话）", "verified_trade": "", "verified_reason_url": "", "verified_source": "", "verified_source_url": "", "verified_state": 0, "verified_level": 3, "verified_type_ext": 0, "has_service_tel": false, "verified_reason_modified": "", "verified_contact_name": "", "verified_contact_email": "", "verified_contact_mobile": "", "follow_me": false, "like": false, "like_me": false, "online_status": 0, "bi_followers_count": 176, "lang": "zh-cn", "star": 0, "mbtype": 11, "mbrank": 2, "svip": 0, "mb_expire_time": 1681401600, "block_word": 1, "block_app": 1, "chaohua_ability": 0, "brand_ability": 0, "nft_ability": 0, "vplus_ability": 0, "wenda_ability": 0, "live_ability": 0, "gongyi_ability": 0, "paycolumn_ability": 0, "newbrand_ability": 0, "ecommerce_ability": 0, "hardfan_ability": 1, "wbcolumn_ability": 0, "credit_score": 80, "user_ability": 3408392, "cardid": "star_322", "avatargj_id": "gj_vip_036", "urank": 39, "story_read_state": -1, "verified_detail": {"custom": 0, "data": [{"key": 8, "sub_key": 0, "weight": 102, "desc": "超话粉丝大咖（孙亦航超话）"}]}, "vclub_member": 0, "is_teenager": 0, "is_guardian": 1, "is_teenager_list": 0, "pc_new": 7, "special_follow": false, "planet_video": 2, "video_mark": 2, "live_status": 0, "user_ability_extend": 0, "video_cover": {"mid": 4856732121825618}, "status_total_counter": {"total_cnt": 58498, "repost_cnt": 26088, "comment_cnt": 10252, "like_cnt": 12310, "comment_like_cnt": 9848}, "video_total_counter": {"play_cnt": 38184}, "brand_account": 0, "hongbaofei": 0, "tab_manage": "[66186, 0]", "reward_status": 0, "green_mode": 0, "urisk": 262144, "avatar_type": 0}, "mid": "4855429258286476", "idstr": "4855429258286476", "status": {"visible": {"type": 0, "list_id": 0}, "created_at": "Fri Jan 06 15:46:40 +0800 2023", "id": 4854939337360692, "idstr": "4854939337360692", "mid": "4854939337360692", "can_edit": false, "version": 1, "show_additional_indication": 0, "text": "【#90后小伙立志画中华美景千米长卷#】重庆一名“90后”小伙翟云川立志画遍中华美景，目前仍在继续。他表示，《景秀中华》千米长卷从上海出发，沿长江一路向西，现在已经画到了重庆主城，（这部分）画卷长度近180米，包含了朝天门大桥、弹子石老街、长嘉汇、朝天门码头等。 http://t.cn/A6KsEKMP ​", "textLength": 274, "source_allowclick": 0, "source_type": 2, "source": "<a href=\"http://weibo.com/\" rel=\"nofollow\">iPhone客户端</a>", "favorited": false, "truncated": false, "in_reply_to_status_id": "", "in_reply_to_user_id": "", "in_reply_to_screen_name": "", "pic_urls": [], "geo": null, "is_paid": false, "mblog_vip_type": 0, "user": {"id": 1750290692, "idstr": "1750290692", "class": 1, "screen_name": "重庆卫视", "name": "重庆卫视", "province": "50", "city": "1000", "location": "重庆", "description": "重庆卫视唯一官方认证微博，新媒体互动新平台。", "url": "", "profile_image_url": "https://tvax3.sinaimg.cn/crop.0.0.640.640.50/68535104ly8h8veypc4cnj20hs0hsmxl.jpg?KID=imgbed,tva&Expires=1673958756&ssig=TGGXhjVtFM", "light_ring": false, "cover_image": "https://wx4.sinaimg.cn/crop.0.0.920.300/68535104ly1g0qs23a4ufj20pk08cdi1.jpg", "cover_image_phone": "https://wx4.sinaimg.cn/crop.0.0.640.640.640/68535104ly1gdi6hbahy8j20e80e8dhd.jpg", "profile_url": "cqtv", "domain": "cqtv", "weihao": "", "gender": "f", "followers_count": 509424, "followers_count_str": "50.9万", "friends_count": 265, "pagefriends_count": 10, "statuses_count": 27213, "video_status_count": 2329, "video_play_count": 0, "super_topic_not_syn_count": 0, "favourites_count": 758, "created_at": "Thu Jun 03 14:25:10 +0800 2010", "following": false, "allow_all_act_msg": false, "geo_enabled": false, "verified": true, "verified_type": 3, "remark": "", "insecurity": {"sexual_content": false}, "ptype": 0, "allow_all_comment": true, "avatar_large": "https://tvax3.sinaimg.cn/crop.0.0.640.640.180/68535104ly8h8veypc4cnj20hs0hsmxl.jpg?KID=imgbed,tva&Expires=1673958756&ssig=85ugmiRix8", "avatar_hd": "https://tvax3.sinaimg.cn/crop.0.0.640.640.1024/68535104ly8h8veypc4cnj20hs0hsmxl.jpg?KID=imgbed,tva&Expires=1673958756&ssig=GW2HP5YqQp", "verified_reason": "重庆卫视官方微博", "verified_trade": "", "verified_reason_url": "", "verified_source": "", "verified_source_url": "", "verified_state": 0, "verified_level": 3, "verified_type_ext": 0, "has_service_tel": false, "verified_reason_modified": "", "verified_contact_name": "", "verified_contact_email": "", "verified_contact_mobile": "", "follow_me": false, "like": false, "like_me": false, "online_status": 0, "bi_followers_count": 57, "lang": "zh-cn", "star": 0, "mbtype": 11, "mbrank": 2, "svip": 0, "mb_expire_time": 1675872000, "block_word": 0, "block_app": 1, "chaohua_ability": 0, "brand_ability": 0, "nft_ability": 0, "vplus_ability": 0, "wenda_ability": 0, "live_ability": 0, "gongyi_ability": 0, "paycolumn_ability": 0, "newbrand_ability": 0, "ecommerce_ability": 0, "hardfan_ability": 0, "wbcolumn_ability": 0, "credit_score": 80, "user_ability": 11796488, "cardid": "star_1576", "urank": 43, "story_read_state": -1, "vclub_member": 0, "is_teenager": 0, "is_guardian": 0, "is_teenager_list": 0, "pc_new": 7, "special_follow": false, "planet_video": 2, "video_mark": 15, "live_status": 0, "user_ability_extend": 1, "status_total_counter": {"total_cnt": 2081961, "repost_cnt": 558258, "comment_cnt": 184132, "like_cnt": 428816, "comment_like_cnt": 910755}, "video_total_counter": {"play_cnt": 11427841}, "brand_account": 0, "hongbaofei": 0, "tab_manage": "[0, 0]", "reward_status": 0, "green_mode": 0, "urisk": 0, "avatar_type": 0}, "annotations": [{}, {"shooting": 1, "client_mblogid": "iPhone-61AA259D-2901-4916-B524-6BA378A3CA1C"}, {"mapi_request": true}], "reposts_count": 0, "comments_count": 0, "reprint_cmt_count": 0, "attitudes_count": 0, "pending_approval_count": 0, "isLongText": false, "reward_exhibition_type": 0, "hide_flag": 0, "mlevel": 0, "show_mlevel": 0, "biz_ids": [230444], "biz_feature": 4294967304, "page_type": 64, "hasActionTypeCard": 0, "darwin_tags": [], "hot_weibo_tags": [], "text_tag_tips": [], "mblogtype": 0, "userType": 0, "more_info_type": 0, "number_display_strategy": {"apply_scenario_flag": 3, "display_text_min_number": 1000000, "display_text": "100万+"}, "positive_recom_flag": 0, "content_auth": 0, "gif_ids": "", "is_show_bulletin": 2, "comment_manage_info": {"comment_permission_type": -1, "approval_comment_type": 0, "comment_sort_type": 0, "ai_play_picture_type": 0}, "pic_num": 0, "can_reprint": false, "new_comment_style": 0}, "readtimetype": "comment", "comment_dynamic_message": {"id": "0", "start_color": "#00FFFFFF", "end_color": "#1AFFFFFF", "start_color_dark": "#003A3A3A", "end_color_dark": "#333A3A3A", "name": {"zh_CN": "默认", "zh_HK": "默認", "en_US": "default"}, "scheme": "https://new.vip.weibo.cn/bubble/mall?showmenu=0&decorateId=0&uid=5171723414", "allow_vip_box_content": "用此评论气泡", "allow_vip_box_icon": "https://h5.sinaimg.cn/upload/100/1720/2022/08/08/icon_VIP_for_comment_bubble.png"}, "match_ai_play_picture": false}