{"created_at": "Thu Jan 05 14:36:12 +0800 2023", "id": 4854559211522516, "rootid": 4854323840286757, "rootidstr": "4854323840286757", "floor_number": 0, "text": "回复@甘肃在线游:[作揖]", "disable_reply": 0, "is_mblog_author": true, "restrictOperate": 0, "comment_badge": [{"pic_url": "https://h5.sinaimg.cn/upload/1007/25/2019/05/17/feed_icon_poster_identity133low.png", "name": "blogger", "length": 1.33, "actionlog": {"act_code": "3671", "ext": "status:author"}, "scheme": "https://kefu.weibo.com/faqdetail?id=20848"}], "user": {"id": 5770755050, "idstr": "5770755050", "class": 1, "screen_name": "兰州文化旅游", "name": "兰州文化旅游", "province": "62", "city": "1000", "location": "甘肃", "description": "都会城市、精致兰州！“黄河之都，金城兰州”，欢迎您来兰州旅游！", "url": "", "profile_image_url": "https://tvax3.sinaimg.cn/crop.0.0.1080.1080.50/006ixv0mly8h8ufjrnigmj30u00u0myi.jpg?KID=imgbed,tva&Expires=1674052627&ssig=ZRNlrteUKx", "light_ring": false, "cover_image": "https://wx4.sinaimg.cn/crop.0.0.920.300/006ixv0mly1gditiane7zj30pk08cwtr.jpg", "cover_image_phone": "https://wx1.sinaimg.cn/crop.0.0.640.640.640/006ixv0mly1ggugep8p4cj30u00u0h3p.jpg", "profile_url": "u/5770755050", "domain": "", "weihao": "", "gender": "m", "followers_count": 1038944, "followers_count_str": "103.9万", "friends_count": 10077, "pagefriends_count": 20, "statuses_count": 39594, "video_status_count": 702, "video_play_count": 0, "super_topic_not_syn_count": 0, "favourites_count": 58, "created_at": "Tue Nov 24 16:42:31 +0800 2015", "following": false, "allow_all_act_msg": false, "geo_enabled": true, "verified": true, "verified_type": 1, "remark": "", "insecurity": {"sexual_content": false}, "ptype": 0, "allow_all_comment": true, "avatar_large": "https://tvax3.sinaimg.cn/crop.0.0.1080.1080.180/006ixv0mly8h8ufjrnigmj30u00u0myi.jpg?KID=imgbed,tva&Expires=1674052627&ssig=s5FwHEI6F%2F", "avatar_hd": "https://tvax3.sinaimg.cn/crop.0.0.1080.1080.1024/006ixv0mly8h8ufjrnigmj30u00u0myi.jpg?KID=imgbed,tva&Expires=1674052627&ssig=ClX8utlT%2FB", "verified_reason": "兰州市文化和旅游局官方微博", "verified_trade": "", "verified_reason_url": "", "verified_source": "", "verified_source_url": "", "verified_state": 0, "verified_level": 3, "verified_type_ext": 0, "has_service_tel": false, "verified_reason_modified": "兰州市文化和旅游局官方微博", "verified_contact_name": "张宪章", "verified_contact_email": "", "verified_contact_mobile": "", "follow_me": false, "like": false, "like_me": false, "online_status": 0, "bi_followers_count": 2776, "lang": "zh-cn", "star": 0, "mbtype": 2, "mbrank": 6, "svip": 0, "mb_expire_time": 1672243199, "block_word": 0, "block_app": 0, "chaohua_ability": 0, "brand_ability": 0, "nft_ability": 0, "vplus_ability": 0, "wenda_ability": 0, "live_ability": 0, "gongyi_ability": 0, "paycolumn_ability": 0, "newbrand_ability": 0, "ecommerce_ability": 0, "hardfan_ability": 1, "wbcolumn_ability": 0, "credit_score": 80, "user_ability": 11797512, "cardid": "star_1573", "avatargj_id": "gj_vip_739", "urank": 31, "story_read_state": -1, "vclub_member": 0, "is_teenager": 0, "is_guardian": 0, "is_teenager_list": 0, "pc_new": 6, "special_follow": false, "planet_video": 2, "video_mark": 15, "live_status": 0, "user_ability_extend": 0, "status_total_counter": {"total_cnt": 4354944, "repost_cnt": 789743, "comment_cnt": 2386303, "like_cnt": 1039531, "comment_like_cnt": 139367}, "video_total_counter": {"play_cnt": 23607891}, "brand_account": 0, "hongbaofei": 0, "tab_manage": "[0, 0]", "reward_status": 0, "green_mode": 0, "urisk": 0, "unfollowing_recom_switch": 1, "avatar_type": 0}, "mid": "4854559211522516", "idstr": "4854559211522516", "status": {"visible": {"type": 0, "list_id": 0}, "created_at": "Wed Jan 04 09:27:36 +0800 2023", "id": 4854119162970462, "idstr": "4854119162970462", "mid": "4854119162970462", "can_edit": false, "version": 1, "show_additional_indication": 0, "text": "#带着微博去旅行# 【“出溜滑”！哈尔滨冰雪大世界生图直出[雪花]】近日，第24届哈尔滨冰雪大世界如约而至。白天，纯净无瑕的冰雪景观熠熠生辉，夜晚，声光电与冰雪奇观交织，仿佛置身琉璃仙境。今年，500米长的哈尔滨冰雪大世界大滑梯，滑到终点不到50秒，1秒钟能滑10米远。戳↓↓带你体验一场祖国最 ​", "textLength": 326, "source_allowclick": 0, "source_type": 1, "source": "<a href=\"http://app.weibo.com/t/feed/6vtZb0\" rel=\"nofollow\">微博 weibo.com</a>", "favorited": false, "truncated": false, "in_reply_to_status_id": "", "in_reply_to_user_id": "", "in_reply_to_screen_name": "", "pic_urls": [{"thumbnail_pic": "http://wx2.sinaimg.cn/thumbnail/006ixv0mly1h9rczbbfu9j30j60c8t9y.jpg"}, {"thumbnail_pic": "http://wx1.sinaimg.cn/thumbnail/006ixv0mly1h9rczbbhumj30j60bkta8.jpg"}, {"thumbnail_pic": "http://wx2.sinaimg.cn/thumbnail/006ixv0mly1h9rczbbpgjj30j60ct0ug.jpg"}, {"thumbnail_pic": "http://wx3.sinaimg.cn/thumbnail/006ixv0mly1h9rczbeesgj30j60asdhb.jpg"}, {"thumbnail_pic": "http://wx1.sinaimg.cn/thumbnail/006ixv0mly1h9rczbb992j30j60ctwfg.jpg"}, {"thumbnail_pic": "http://wx4.sinaimg.cn/thumbnail/006ixv0mly1h9rczbbfh5j30j60csjs8.jpg"}, {"thumbnail_pic": "http://wx2.sinaimg.cn/thumbnail/006ixv0mly1h9rczbdxrdj30j60csq48.jpg"}, {"thumbnail_pic": "http://wx3.sinaimg.cn/thumbnail/006ixv0mly1h9rczbecqbj30j60as763.jpg"}, {"thumbnail_pic": "http://wx1.sinaimg.cn/thumbnail/006ixv0mly1h9rczbebeaj30j60asab2.jpg"}], "thumbnail_pic": "http://wx2.sinaimg.cn/thumbnail/006ixv0mly1h9rczbbfu9j30j60c8t9y.jpg", "bmiddle_pic": "http://wx2.sinaimg.cn/bmiddle/006ixv0mly1h9rczbbfu9j30j60c8t9y.jpg", "original_pic": "http://wx2.sinaimg.cn/large/006ixv0mly1h9rczbbfu9j30j60c8t9y.jpg", "geo": null, "is_paid": false, "mblog_vip_type": 0, "user": {"id": 5770755050, "idstr": "5770755050", "class": 1, "screen_name": "兰州文化旅游", "name": "兰州文化旅游", "province": "62", "city": "1000", "location": "甘肃", "description": "都会城市、精致兰州！“黄河之都，金城兰州”，欢迎您来兰州旅游！", "url": "", "profile_image_url": "https://tvax3.sinaimg.cn/crop.0.0.1080.1080.50/006ixv0mly8h8ufjrnigmj30u00u0myi.jpg?KID=imgbed,tva&Expires=1674052627&ssig=ZRNlrteUKx", "light_ring": false, "cover_image": "https://wx4.sinaimg.cn/crop.0.0.920.300/006ixv0mly1gditiane7zj30pk08cwtr.jpg", "cover_image_phone": "https://wx1.sinaimg.cn/crop.0.0.640.640.640/006ixv0mly1ggugep8p4cj30u00u0h3p.jpg", "profile_url": "u/5770755050", "domain": "", "weihao": "", "gender": "m", "followers_count": 1038944, "followers_count_str": "103.9万", "friends_count": 10077, "pagefriends_count": 20, "statuses_count": 39594, "video_status_count": 702, "video_play_count": 0, "super_topic_not_syn_count": 0, "favourites_count": 58, "created_at": "Tue Nov 24 16:42:31 +0800 2015", "following": false, "allow_all_act_msg": false, "geo_enabled": true, "verified": true, "verified_type": 1, "remark": "", "insecurity": {"sexual_content": false}, "ptype": 0, "allow_all_comment": true, "avatar_large": "https://tvax3.sinaimg.cn/crop.0.0.1080.1080.180/006ixv0mly8h8ufjrnigmj30u00u0myi.jpg?KID=imgbed,tva&Expires=1674052627&ssig=s5FwHEI6F%2F", "avatar_hd": "https://tvax3.sinaimg.cn/crop.0.0.1080.1080.1024/006ixv0mly8h8ufjrnigmj30u00u0myi.jpg?KID=imgbed,tva&Expires=1674052627&ssig=ClX8utlT%2FB", "verified_reason": "兰州市文化和旅游局官方微博", "verified_trade": "", "verified_reason_url": "", "verified_source": "", "verified_source_url": "", "verified_state": 0, "verified_level": 3, "verified_type_ext": 0, "has_service_tel": false, "verified_reason_modified": "兰州市文化和旅游局官方微博", "verified_contact_name": "张宪章", "verified_contact_email": "", "verified_contact_mobile": "", "follow_me": false, "like": false, "like_me": false, "online_status": 0, "bi_followers_count": 2776, "lang": "zh-cn", "star": 0, "mbtype": 2, "mbrank": 6, "svip": 0, "mb_expire_time": 1672243199, "block_word": 0, "block_app": 0, "chaohua_ability": 0, "brand_ability": 0, "nft_ability": 0, "vplus_ability": 0, "wenda_ability": 0, "live_ability": 0, "gongyi_ability": 0, "paycolumn_ability": 0, "newbrand_ability": 0, "ecommerce_ability": 0, "hardfan_ability": 1, "wbcolumn_ability": 0, "credit_score": 80, "user_ability": 11797512, "cardid": "star_1573", "avatargj_id": "gj_vip_739", "urank": 31, "story_read_state": -1, "vclub_member": 0, "is_teenager": 0, "is_guardian": 0, "is_teenager_list": 0, "pc_new": 6, "special_follow": false, "planet_video": 2, "video_mark": 15, "live_status": 0, "user_ability_extend": 0, "status_total_counter": {"total_cnt": 4354944, "repost_cnt": 789743, "comment_cnt": 2386303, "like_cnt": 1039531, "comment_like_cnt": 139367}, "video_total_counter": {"play_cnt": 23607891}, "brand_account": 0, "hongbaofei": 0, "tab_manage": "[0, 0]", "reward_status": 0, "green_mode": 0, "urisk": 0, "unfollowing_recom_switch": 1, "avatar_type": 0}, "picStatus": "1", "reposts_count": 0, "comments_count": 0, "reprint_cmt_count": 0, "attitudes_count": 0, "pending_approval_count": 0, "isLongText": true, "reward_exhibition_type": 0, "hide_flag": 0, "mlevel": 0, "show_mlevel": 0, "biz_feature": 0, "page_type": 64, "hasActionTypeCard": 0, "darwin_tags": [], "hot_weibo_tags": [], "text_tag_tips": [], "mblogtype": 0, "userType": 0, "more_info_type": 0, "positive_recom_flag": 0, "content_auth": 0, "gif_ids": "", "is_show_bulletin": 2, "comment_manage_info": {"comment_permission_type": -1, "approval_comment_type": 0, "comment_sort_type": 0, "ai_play_picture_type": 0}, "pic_num": 9, "can_reprint": false, "new_comment_style": 0}, "reply_comment": {"created_at": "Wed Jan 04 23:00:54 +0800 2023", "id": 4854323840286757, "rootid": 4854323840286757, "rootidstr": "4854323840286757", "floor_number": 40, "text": "[太阳][绿马][微风]🎄", "disable_reply": 0, "restrictOperate": 0, "comment_badge": [{"pic_url": "https://h5.sinaimg.cn/upload/114/962/2022/07/08/member_0_bigfan3_1.png", "name": "loyal_fans", "length": 1.33, "actionlog": {"act_code": "3671", "ext": "status:fans"}, "scheme": "https://kefu.weibo.com/faqdetail?id=20848", "new_icon": true}], "user": {"id": 3500261591, "idstr": "3500261591", "class": 1, "screen_name": "甘肃在线游", "name": "甘肃在线游", "province": "62", "city": "1", "location": "甘肃 兰州", "description": "说走就走，是人生最华美的奢侈，也是最灿烂的自由。", "url": "", "profile_image_url": "https://tvax3.sinaimg.cn/crop.0.0.996.996.50/d0a1c0d7ly8gqus7dvtlrj20ro0rotcn.jpg?KID=imgbed,tva&Expires=1674052627&ssig=Cm%2B3GJtbW6", "light_ring": false, "cover_image_phone": "https://ww1.sinaimg.cn/crop.0.0.640.640.640/9d44112bjw1f1xl1c10tuj20hs0hs0tw.jpg", "profile_url": "u/3500261591", "domain": "", "weihao": "", "gender": "f", "followers_count": 28968, "followers_count_str": "2.9万", "friends_count": 88, "pagefriends_count": 3, "statuses_count": 90932, "video_status_count": 17, "video_play_count": 0, "super_topic_not_syn_count": 0, "favourites_count": 2, "created_at": "Thu May 30 12:07:33 +0800 2013", "following": false, "allow_all_act_msg": false, "geo_enabled": true, "verified": false, "verified_type": -1, "remark": "", "insecurity": {"sexual_content": false}, "ptype": 0, "allow_all_comment": true, "avatar_large": "https://tvax3.sinaimg.cn/crop.0.0.996.996.180/d0a1c0d7ly8gqus7dvtlrj20ro0rotcn.jpg?KID=imgbed,tva&Expires=1674052627&ssig=SXWb%2Fo4p35", "avatar_hd": "https://tvax3.sinaimg.cn/crop.0.0.996.996.1024/d0a1c0d7ly8gqus7dvtlrj20ro0rotcn.jpg?KID=imgbed,tva&Expires=1674052627&ssig=vThI%2BKn2eR", "verified_reason": "", "verified_trade": "", "verified_reason_url": "", "verified_source": "", "verified_source_url": "", "follow_me": false, "like": false, "like_me": false, "online_status": 0, "bi_followers_count": 59, "lang": "zh-cn", "star": 0, "mbtype": 2, "mbrank": 5, "svip": 0, "mb_expire_time": 1639929599, "block_word": 0, "block_app": 0, "chaohua_ability": 0, "brand_ability": 0, "nft_ability": 0, "vplus_ability": 0, "wenda_ability": 0, "live_ability": 0, "gongyi_ability": 0, "paycolumn_ability": 0, "newbrand_ability": 0, "ecommerce_ability": 0, "hardfan_ability": 0, "wbcolumn_ability": 0, "credit_score": 80, "user_ability": 2359304, "cardid": "star_1241", "urank": 3, "story_read_state": -1, "vclub_member": 0, "is_teenager": 0, "is_guardian": 0, "is_teenager_list": 0, "pc_new": 7, "special_follow": false, "planet_video": 2, "video_mark": 0, "live_status": 0, "user_ability_extend": 0, "status_total_counter": {"total_cnt": 9621, "repost_cnt": 1298, "comment_cnt": 992, "like_cnt": 7331, "comment_like_cnt": 0}, "video_total_counter": {"play_cnt": 110024}, "brand_account": 0, "hongbaofei": 0, "tab_manage": "[0, 0]", "reward_status": 0, "green_mode": 0, "urisk": 0, "unfollowing_recom_switch": 1, "avatar_type": 0}, "mid": "4854323840286757", "idstr": "4854323840286757", "match_ai_play_picture": false}, "reply_original_text": "[作揖]", "readtimetype": "comment", "match_ai_play_picture": false}