{"created_at": "Wed Sep 21 20:03:29 +0800 2022", "id": 4816228461584131, "rootid": 4816228063641703, "rootidstr": "4816228063641703", "floor_number": 0, "text": "回复@onue85:找机会训斥罢了", "disable_reply": 0, "is_mblog_author": true, "restrictOperate": 0, "source_allowclick": 0, "source_type": 4, "source": "<a href=\"\" rel=\"nofollow\">来自河南</a>", "comment_badge": [{"pic_url": "https://h5.sinaimg.cn/upload/1007/25/2019/05/17/feed_icon_poster_identity133low.png", "name": "blogger", "length": 1.33, "actionlog": {"act_code": "3671", "ext": "status:author"}, "scheme": "https://kefu.weibo.com/faqdetail?id=20848"}], "user": {"id": 5365769881, "idstr": "5365769881", "class": 1, "screen_name": "赵铮新知创作者", "name": "赵铮新知创作者", "province": "100", "city": "1000", "location": "其他", "description": "心有马列毛，眼望新社会。", "url": "", "profile_image_url": "https://tvax4.sinaimg.cn/crop.0.0.1080.1080.50/005R8dRvly8h1g5k0blfsj30u00u0dgk.jpg?KID=imgbed,tva&Expires=1674109560&ssig=tmnUOqvaez", "light_ring": false, "cover_image_phone": "https://wx1.sinaimg.cn/crop.0.0.640.640.640/005R8dRvly1h22o2mt20cj30u00u0ae8.jpg;https://wx2.sinaimg.cn/crop.0.0.640.640.640/005R8dRvly1h22o0tj8tqj30u00u0q7d.jpg;https://wx2.sinaimg.cn/crop.0.0.640.640.640/005R8dRvly1h22o13b5iuj30u00u0afg.jpg;https://wx2.sinaimg.cn/crop.0.0.640.640.640/005R8dRvly1h22o1g431cj30u00u0td5.jpg;https://wx4.sinaimg.cn/crop.0.0.640.640.640/005R8dRvly1h22o1nbdh8j30u00u0ail.jpg", "profile_url": "u/5365769881", "domain": "", "weihao": "", "gender": "m", "followers_count": 184857, "followers_count_str": "18.5万", "friends_count": 434, "pagefriends_count": 12, "statuses_count": 1785, "video_status_count": 355, "video_play_count": 0, "super_topic_not_syn_count": 0, "favourites_count": 1645, "created_at": "Wed Jan 21 19:27:15 +0800 2015", "following": false, "allow_all_act_msg": false, "geo_enabled": true, "verified": true, "verified_type": 0, "remark": "", "insecurity": {"sexual_content": false}, "ptype": 0, "allow_all_comment": false, "avatar_large": "https://tvax4.sinaimg.cn/crop.0.0.1080.1080.180/005R8dRvly8h1g5k0blfsj30u00u0dgk.jpg?KID=imgbed,tva&Expires=1674109560&ssig=D6o%2FaJUp%2BG", "avatar_hd": "https://tvax4.sinaimg.cn/crop.0.0.1080.1080.1024/005R8dRvly8h1g5k0blfsj30u00u0dgk.jpg?KID=imgbed,tva&Expires=1674109560&ssig=Ecdd9wNA1G", "verified_reason": "互联网科技博主 微博原创视频博主", "verified_trade": "", "verified_reason_url": "", "verified_source": "", "verified_source_url": "", "verified_state": 0, "verified_level": 3, "verified_type_ext": 0, "has_service_tel": false, "verified_reason_modified": "", "verified_contact_name": "", "verified_contact_email": "", "verified_contact_mobile": "", "follow_me": false, "like": false, "like_me": false, "online_status": 0, "bi_followers_count": 91, "lang": "zh-cn", "star": 0, "mbtype": 12, "mbrank": 4, "svip": 0, "mb_expire_time": 1689177600, "block_word": 0, "block_app": 1, "chaohua_ability": 0, "brand_ability": 0, "nft_ability": 0, "vplus_ability": 1, "wenda_ability": 0, "live_ability": 1, "gongyi_ability": 0, "paycolumn_ability": 0, "newbrand_ability": 0, "ecommerce_ability": 0, "hardfan_ability": 0, "wbcolumn_ability": 0, "credit_score": 80, "user_ability": -2136604152, "cardid": "star_1408", "avatargj_id": "gj_vip_075", "urank": 0, "story_read_state": -1, "verified_detail": {"custom": 0, "data": [{"key": 16, "sub_key": 1, "weight": 103, "desc": "微博原创视频博主", "timestamp": 0}, {"key": 2, "sub_key": 0, "weight": 101, "desc": "互联网科技博主", "timestamp": 0}]}, "vclub_member": 0, "is_teenager": 0, "is_guardian": 0, "is_teenager_list": 0, "pc_new": 7, "special_follow": false, "planet_video": 2, "video_mark": 0, "live_status": 0, "user_ability_extend": 1, "video_cover": {"mid": 4767385833964904}, "status_total_counter": {"total_cnt": 1075025, "repost_cnt": 141799, "comment_cnt": 84771, "like_cnt": 274466, "comment_like_cnt": 573989}, "video_total_counter": {"play_cnt": 12775867}, "brand_account": 0, "hongbaofei": 0, "tab_manage": "[0, 0]", "reward_status": 0, "green_mode": 0, "urisk": 0, "unfollowing_recom_switch": 1, "avatar_type": 0}, "mid": "4816228461584131", "idstr": "4816228461584131", "status": {"visible": {"type": 0, "list_id": 0}, "created_at": "Wed Sep 21 19:52:09 +0800 2022", "id": 4816225609712448, "idstr": "4816225609712448", "mid": "4816225609712448", "can_edit": false, "version": 4, "show_additional_indication": 0, "text": "我的博文全程都在指责态度问题。女子被呵斥了三次，第一次是“不要等我动手”，第二次是“蹲下去”，第三次是“你口罩呢？”中间手指不断指指点点。\n\n根据《公安机关办理行政案件程序规定》，强制执行时应当当场告知当事人家属实施强制措施的公安机关、理由、地点和期限。\n\n法律要求把事情给当事人家属 ​", "textLength": 362, "source_allowclick": 1, "source_type": 2, "source": "<a href=\"http://weibo.com/\" rel=\"nofollow\">读书人的Android</a>", "favorited": false, "truncated": false, "in_reply_to_status_id": "", "in_reply_to_user_id": "", "in_reply_to_screen_name": "", "pic_urls": [{"thumbnail_pic": "http://wx3.sinaimg.cn/thumbnail/005R8dRvly1h6egpm2bn9j30qo1ar78l.jpg"}, {"thumbnail_pic": "http://wx4.sinaimg.cn/thumbnail/005R8dRvly1h6egwyit5kj30u01uc79q.jpg"}, {"thumbnail_pic": "http://wx4.sinaimg.cn/thumbnail/005R8dRvly1h6egwyx5tmj30u01ucwju.jpg"}, {"thumbnail_pic": "http://wx4.sinaimg.cn/thumbnail/005R8dRvly1h6egwzdrlwj30u01ucq4o.jpg"}], "thumbnail_pic": "http://wx3.sinaimg.cn/thumbnail/005R8dRvly1h6egpm2bn9j30qo1ar78l.jpg", "bmiddle_pic": "http://wx3.sinaimg.cn/bmiddle/005R8dRvly1h6egpm2bn9j30qo1ar78l.jpg", "original_pic": "http://wx3.sinaimg.cn/large/005R8dRvly1h6egpm2bn9j30qo1ar78l.jpg", "geo": null, "is_paid": false, "mblog_vip_type": 0, "user": {"id": 5365769881, "idstr": "5365769881", "class": 1, "screen_name": "赵铮新知创作者", "name": "赵铮新知创作者", "province": "100", "city": "1000", "location": "其他", "description": "心有马列毛，眼望新社会。", "url": "", "profile_image_url": "https://tvax4.sinaimg.cn/crop.0.0.1080.1080.50/005R8dRvly8h1g5k0blfsj30u00u0dgk.jpg?KID=imgbed,tva&Expires=1674109560&ssig=tmnUOqvaez", "light_ring": false, "cover_image_phone": "https://wx1.sinaimg.cn/crop.0.0.640.640.640/005R8dRvly1h22o2mt20cj30u00u0ae8.jpg;https://wx2.sinaimg.cn/crop.0.0.640.640.640/005R8dRvly1h22o0tj8tqj30u00u0q7d.jpg;https://wx2.sinaimg.cn/crop.0.0.640.640.640/005R8dRvly1h22o13b5iuj30u00u0afg.jpg;https://wx2.sinaimg.cn/crop.0.0.640.640.640/005R8dRvly1h22o1g431cj30u00u0td5.jpg;https://wx4.sinaimg.cn/crop.0.0.640.640.640/005R8dRvly1h22o1nbdh8j30u00u0ail.jpg", "profile_url": "u/5365769881", "domain": "", "weihao": "", "gender": "m", "followers_count": 184857, "followers_count_str": "18.5万", "friends_count": 434, "pagefriends_count": 12, "statuses_count": 1785, "video_status_count": 355, "video_play_count": 0, "super_topic_not_syn_count": 0, "favourites_count": 1645, "created_at": "Wed Jan 21 19:27:15 +0800 2015", "following": false, "allow_all_act_msg": false, "geo_enabled": true, "verified": true, "verified_type": 0, "remark": "", "insecurity": {"sexual_content": false}, "ptype": 0, "allow_all_comment": false, "avatar_large": "https://tvax4.sinaimg.cn/crop.0.0.1080.1080.180/005R8dRvly8h1g5k0blfsj30u00u0dgk.jpg?KID=imgbed,tva&Expires=1674109560&ssig=D6o%2FaJUp%2BG", "avatar_hd": "https://tvax4.sinaimg.cn/crop.0.0.1080.1080.1024/005R8dRvly8h1g5k0blfsj30u00u0dgk.jpg?KID=imgbed,tva&Expires=1674109560&ssig=Ecdd9wNA1G", "verified_reason": "互联网科技博主 微博原创视频博主", "verified_trade": "", "verified_reason_url": "", "verified_source": "", "verified_source_url": "", "verified_state": 0, "verified_level": 3, "verified_type_ext": 0, "has_service_tel": false, "verified_reason_modified": "", "verified_contact_name": "", "verified_contact_email": "", "verified_contact_mobile": "", "follow_me": false, "like": false, "like_me": false, "online_status": 0, "bi_followers_count": 91, "lang": "zh-cn", "star": 0, "mbtype": 12, "mbrank": 4, "svip": 0, "mb_expire_time": 1689177600, "block_word": 0, "block_app": 1, "chaohua_ability": 0, "brand_ability": 0, "nft_ability": 0, "vplus_ability": 1, "wenda_ability": 0, "live_ability": 1, "gongyi_ability": 0, "paycolumn_ability": 0, "newbrand_ability": 0, "ecommerce_ability": 0, "hardfan_ability": 0, "wbcolumn_ability": 0, "credit_score": 80, "user_ability": -2136604152, "cardid": "star_1408", "avatargj_id": "gj_vip_075", "urank": 0, "story_read_state": -1, "verified_detail": {"custom": 0, "data": [{"key": 16, "sub_key": 1, "weight": 103, "desc": "微博原创视频博主", "timestamp": 0}, {"key": 2, "sub_key": 0, "weight": 101, "desc": "互联网科技博主", "timestamp": 0}]}, "vclub_member": 0, "is_teenager": 0, "is_guardian": 0, "is_teenager_list": 0, "pc_new": 7, "special_follow": false, "planet_video": 2, "video_mark": 0, "live_status": 0, "user_ability_extend": 1, "video_cover": {"mid": 4767385833964904}, "status_total_counter": {"total_cnt": 1075025, "repost_cnt": 141799, "comment_cnt": 84771, "like_cnt": 274466, "comment_like_cnt": 573989}, "video_total_counter": {"play_cnt": 12775867}, "brand_account": 0, "hongbaofei": 0, "tab_manage": "[0, 0]", "reward_status": 0, "green_mode": 0, "urisk": 0, "unfollowing_recom_switch": 1, "avatar_type": 0}, "annotations": [{"photo_sub_type": "0,0,0,0"}, {}, {"client_mblogid": "5fdc3cea-8304-4c07-ac68-469229834d9a"}, {"mapi_request": true}], "picStatus": "0:1,1:1,2:1,3:1", "reposts_count": 0, "comments_count": 0, "reprint_cmt_count": 0, "attitudes_count": 0, "pending_approval_count": 0, "isLongText": true, "reward_exhibition_type": 0, "hide_flag": 0, "mlevel": 128, "show_mlevel": 0, "biz_feature": 4294967300, "hasActionTypeCard": 0, "darwin_tags": [], "hot_weibo_tags": [], "text_tag_tips": [], "mblogtype": 0, "userType": 0, "mlevelSource": "monitor", "more_info_type": 0, "cardid": "star_1408", "number_display_strategy": {"apply_scenario_flag": 3, "display_text_min_number": 1000000, "display_text": "100万+"}, "positive_recom_flag": 0, "content_auth": 0, "gif_ids": "", "is_show_bulletin": 2, "comment_manage_info": {"comment_permission_type": -1, "approval_comment_type": 0, "comment_sort_type": 0, "ai_play_picture_type": 0}, "pic_num": 4, "can_reprint": false, "new_comment_style": 0}, "reply_comment": {"created_at": "Wed Sep 21 20:01:53 +0800 2022", "id": 4816228063641703, "rootid": 4816228063641703, "rootidstr": "4816228063641703", "floor_number": 8, "text": "太过分了，都管到别人家里了。。。在家里带不带口罩你个警察管的着吗？警察自己在家里带口罩了？", "disable_reply": 0, "restrictOperate": 0, "comment_badge": [{"pic_url": "https://h5.sinaimg.cn/upload/114/962/2022/07/08/member_0_bigfan1_1.png", "name": "loyal_fans", "length": 1.33, "actionlog": {"act_code": "3671", "ext": "status:fans"}, "scheme": "https://kefu.weibo.com/faqdetail?id=20848", "new_icon": true}, {"pic_url": "https://h5.sinaimg.cn/upload/114/962/2022/07/08/member_0_bigfan1_1.png", "name": "loyal_fans", "length": 1.33, "actionlog": {"act_code": "3671", "ext": "status:fans"}, "scheme": "https://kefu.weibo.com/faqdetail?id=20848", "new_icon": true}], "user": {"id": 1928758973, "idstr": "1928758973", "class": 1, "screen_name": "onue85", "name": "onue85", "province": "31", "city": "1000", "location": "上海", "description": "爱在笑容里", "url": "", "profile_image_url": "https://tva1.sinaimg.cn/crop.0.0.180.180.50/72f686bdgw1f212z4t34vj205005074h.jpg?KID=imgbed,tva&Expires=1674109560&ssig=XsJw3nAACi", "light_ring": false, "cover_image_phone": "https://ww1.sinaimg.cn/crop.0.0.640.640.640/549d0121tw1egm1kjly3jj20hs0hsq4f.jpg", "profile_url": "taylordong", "domain": "taylordong", "weihao": "", "gender": "m", "followers_count": 263, "followers_count_str": "263", "friends_count": 1630, "pagefriends_count": 9, "statuses_count": 1592, "video_status_count": 0, "video_play_count": 0, "super_topic_not_syn_count": 0, "favourites_count": 5, "created_at": "Thu Jan 20 16:29:05 +0800 2011", "following": false, "allow_all_act_msg": false, "geo_enabled": true, "verified": false, "verified_type": -1, "remark": "", "insecurity": {"sexual_content": false}, "ptype": 0, "allow_all_comment": true, "avatar_large": "https://tva1.sinaimg.cn/crop.0.0.180.180.180/72f686bdgw1f212z4t34vj205005074h.jpg?KID=imgbed,tva&Expires=1674109560&ssig=66G%2B%2FGD2Wk", "avatar_hd": "https://tva1.sinaimg.cn/crop.0.0.180.180.1024/72f686bdgw1f212z4t34vj205005074h.jpg?KID=imgbed,tva&Expires=1674109560&ssig=lPt1uOOD1H", "verified_reason": "", "verified_trade": "", "verified_reason_url": "", "verified_source": "", "verified_source_url": "", "follow_me": false, "like": false, "like_me": false, "online_status": 0, "bi_followers_count": 16, "lang": "zh-cn", "star": 0, "mbtype": 2, "mbrank": 1, "svip": 0, "mb_expire_time": 1672588799, "block_word": 0, "block_app": 0, "chaohua_ability": 0, "brand_ability": 0, "nft_ability": 0, "vplus_ability": 0, "wenda_ability": 0, "live_ability": 0, "gongyi_ability": 0, "paycolumn_ability": 0, "newbrand_ability": 0, "ecommerce_ability": 0, "hardfan_ability": 0, "wbcolumn_ability": 0, "credit_score": 80, "user_ability": 2097152, "urank": 17, "story_read_state": -1, "vclub_member": 0, "is_teenager": 0, "is_guardian": 0, "is_teenager_list": 0, "pc_new": 7, "special_follow": false, "planet_video": 0, "video_mark": 0, "live_status": 0, "user_ability_extend": 0, "status_total_counter": {"total_cnt": 639, "repost_cnt": 88, "comment_cnt": 55, "like_cnt": 488, "comment_like_cnt": 8}, "video_total_counter": {"play_cnt": -1}, "brand_account": 0, "hongbaofei": 0, "tab_manage": "[0, 0]", "reward_status": 0, "green_mode": 0, "urisk": 566935683072, "unfollowing_recom_switch": 1, "avatar_type": 0}, "mid": "4816228063641703", "idstr": "4816228063641703", "match_ai_play_picture": false}, "reply_original_text": "找机会训斥罢了", "readtimetype": "comment", "match_ai_play_picture": false}