{"created_at": "Wed Sep 21 21:19:41 +0800 2022", "id": 4816247637673951, "rootid": 4816236343723947, "rootidstr": "4816236343723947", "floor_number": 0, "text": "回复@细语小草:有什么权力让没有犯罪的人蹲着？害怕袭警，就自己防范，你上街巡逻，害怕有人袭警，就可以让路人都蹲着吗？", "disable_reply": 0, "restrictOperate": 0, "source_allowclick": 0, "source_type": 4, "source": "<a href=\"\" rel=\"nofollow\">来自四川</a>", "user": {"id": 5701124304, "idstr": "5701124304", "class": 1, "screen_name": "疏勒飞泉", "name": "疏勒飞泉", "province": "100", "city": "1000", "location": "其他", "description": "", "url": "", "profile_image_url": "https://tvax3.sinaimg.cn/crop.0.0.1080.1080.50/006dPkROly8h5d4mgvjdaj30u00u0tcn.jpg?KID=imgbed,tva&Expires=1674109527&ssig=3UJ0DpeN13", "light_ring": false, "cover_image_phone": "https://ww1.sinaimg.cn/crop.0.0.640.640.640/549d0121tw1egm1kjly3jj20hs0hsq4f.jpg", "profile_url": "u/5701124304", "domain": "", "weihao": "", "gender": "m", "followers_count": 4, "followers_count_str": "4", "friends_count": 112, "pagefriends_count": 0, "statuses_count": 3, "video_status_count": 0, "video_play_count": 0, "super_topic_not_syn_count": 0, "favourites_count": 3, "created_at": "Thu Oct 01 19:43:56 +0800 2015", "following": false, "allow_all_act_msg": false, "geo_enabled": true, "verified": false, "verified_type": -1, "remark": "", "insecurity": {"sexual_content": false}, "ptype": 0, "allow_all_comment": true, "avatar_large": "https://tvax3.sinaimg.cn/crop.0.0.1080.1080.180/006dPkROly8h5d4mgvjdaj30u00u0tcn.jpg?KID=imgbed,tva&Expires=1674109527&ssig=8EkvD%2BX%2FgG", "avatar_hd": "https://tvax3.sinaimg.cn/crop.0.0.1080.1080.1024/006dPkROly8h5d4mgvjdaj30u00u0tcn.jpg?KID=imgbed,tva&Expires=1674109527&ssig=VPrrtbJJGR", "verified_reason": "", "verified_trade": "", "verified_reason_url": "", "verified_source": "", "verified_source_url": "", "follow_me": false, "like": false, "like_me": false, "online_status": 0, "bi_followers_count": 1, "lang": "zh-cn", "star": 0, "mbtype": 0, "mbrank": 0, "svip": 0, "mb_expire_time": 0, "block_word": 0, "block_app": 0, "chaohua_ability": 0, "brand_ability": 0, "nft_ability": 0, "vplus_ability": 0, "wenda_ability": 0, "live_ability": 0, "gongyi_ability": 0, "paycolumn_ability": 0, "newbrand_ability": 0, "ecommerce_ability": 0, "hardfan_ability": 0, "wbcolumn_ability": 0, "credit_score": 80, "user_ability": 0, "urank": 1, "story_read_state": -1, "vclub_member": 0, "is_teenager": 0, "is_guardian": 0, "is_teenager_list": 0, "pc_new": 0, "special_follow": false, "planet_video": 0, "video_mark": 0, "live_status": 0, "user_ability_extend": 0, "status_total_counter": {"total_cnt": 4, "repost_cnt": 0, "comment_cnt": 2, "like_cnt": 2, "comment_like_cnt": 0}, "video_total_counter": {"play_cnt": -1}, "brand_account": 0, "hongbaofei": 0, "tab_manage": "[0, 0]", "reward_status": 0, "green_mode": 0, "urisk": 566935683072, "unfollowing_recom_switch": 1, "avatar_type": 0}, "mid": "4816247637673951", "idstr": "4816247637673951", "status": {"visible": {"type": 0, "list_id": 0}, "created_at": "Wed Sep 21 19:52:09 +0800 2022", "id": 4816225609712448, "idstr": "4816225609712448", "mid": "4816225609712448", "can_edit": false, "version": 4, "show_additional_indication": 0, "text": "我的博文全程都在指责态度问题。女子被呵斥了三次，第一次是“不要等我动手”，第二次是“蹲下去”，第三次是“你口罩呢？”中间手指不断指指点点。\n\n根据《公安机关办理行政案件程序规定》，强制执行时应当当场告知当事人家属实施强制措施的公安机关、理由、地点和期限。\n\n法律要求把事情给当事人家属 ​", "textLength": 362, "source_allowclick": 1, "source_type": 2, "source": "<a href=\"http://weibo.com/\" rel=\"nofollow\">读书人的Android</a>", "favorited": false, "truncated": false, "in_reply_to_status_id": "", "in_reply_to_user_id": "", "in_reply_to_screen_name": "", "pic_urls": [{"thumbnail_pic": "http://wx3.sinaimg.cn/thumbnail/005R8dRvly1h6egpm2bn9j30qo1ar78l.jpg"}, {"thumbnail_pic": "http://wx4.sinaimg.cn/thumbnail/005R8dRvly1h6egwyit5kj30u01uc79q.jpg"}, {"thumbnail_pic": "http://wx4.sinaimg.cn/thumbnail/005R8dRvly1h6egwyx5tmj30u01ucwju.jpg"}, {"thumbnail_pic": "http://wx4.sinaimg.cn/thumbnail/005R8dRvly1h6egwzdrlwj30u01ucq4o.jpg"}], "thumbnail_pic": "http://wx3.sinaimg.cn/thumbnail/005R8dRvly1h6egpm2bn9j30qo1ar78l.jpg", "bmiddle_pic": "http://wx3.sinaimg.cn/bmiddle/005R8dRvly1h6egpm2bn9j30qo1ar78l.jpg", "original_pic": "http://wx3.sinaimg.cn/large/005R8dRvly1h6egpm2bn9j30qo1ar78l.jpg", "geo": null, "is_paid": false, "mblog_vip_type": 0, "user": {"id": 5365769881, "idstr": "5365769881", "class": 1, "screen_name": "赵铮新知创作者", "name": "赵铮新知创作者", "province": "100", "city": "1000", "location": "其他", "description": "心有马列毛，眼望新社会。", "url": "", "profile_image_url": "https://tvax4.sinaimg.cn/crop.0.0.1080.1080.50/005R8dRvly8h1g5k0blfsj30u00u0dgk.jpg?KID=imgbed,tva&Expires=1674109527&ssig=LlZXhigtzq", "light_ring": false, "cover_image_phone": "https://wx1.sinaimg.cn/crop.0.0.640.640.640/005R8dRvly1h22o2mt20cj30u00u0ae8.jpg;https://wx2.sinaimg.cn/crop.0.0.640.640.640/005R8dRvly1h22o0tj8tqj30u00u0q7d.jpg;https://wx2.sinaimg.cn/crop.0.0.640.640.640/005R8dRvly1h22o13b5iuj30u00u0afg.jpg;https://wx2.sinaimg.cn/crop.0.0.640.640.640/005R8dRvly1h22o1g431cj30u00u0td5.jpg;https://wx4.sinaimg.cn/crop.0.0.640.640.640/005R8dRvly1h22o1nbdh8j30u00u0ail.jpg", "profile_url": "u/5365769881", "domain": "", "weihao": "", "gender": "m", "followers_count": 184857, "followers_count_str": "18.5万", "friends_count": 434, "pagefriends_count": 12, "statuses_count": 1785, "video_status_count": 355, "video_play_count": 0, "super_topic_not_syn_count": 0, "favourites_count": 1645, "created_at": "Wed Jan 21 19:27:15 +0800 2015", "following": false, "allow_all_act_msg": false, "geo_enabled": true, "verified": true, "verified_type": 0, "remark": "", "insecurity": {"sexual_content": false}, "ptype": 0, "allow_all_comment": false, "avatar_large": "https://tvax4.sinaimg.cn/crop.0.0.1080.1080.180/005R8dRvly8h1g5k0blfsj30u00u0dgk.jpg?KID=imgbed,tva&Expires=1674109527&ssig=dhF%2FruZp3j", "avatar_hd": "https://tvax4.sinaimg.cn/crop.0.0.1080.1080.1024/005R8dRvly8h1g5k0blfsj30u00u0dgk.jpg?KID=imgbed,tva&Expires=1674109527&ssig=q8bTXFKCIc", "verified_reason": "互联网科技博主 微博原创视频博主", "verified_trade": "", "verified_reason_url": "", "verified_source": "", "verified_source_url": "", "verified_state": 0, "verified_level": 3, "verified_type_ext": 0, "has_service_tel": false, "verified_reason_modified": "", "verified_contact_name": "", "verified_contact_email": "", "verified_contact_mobile": "", "follow_me": false, "like": false, "like_me": false, "online_status": 0, "bi_followers_count": 91, "lang": "zh-cn", "star": 0, "mbtype": 12, "mbrank": 4, "svip": 0, "mb_expire_time": 1689177600, "block_word": 0, "block_app": 1, "chaohua_ability": 0, "brand_ability": 0, "nft_ability": 0, "vplus_ability": 1, "wenda_ability": 0, "live_ability": 1, "gongyi_ability": 0, "paycolumn_ability": 0, "newbrand_ability": 0, "ecommerce_ability": 0, "hardfan_ability": 0, "wbcolumn_ability": 0, "credit_score": 80, "user_ability": -2136604152, "cardid": "star_1408", "avatargj_id": "gj_vip_075", "urank": 0, "story_read_state": -1, "verified_detail": {"custom": 0, "data": [{"key": 16, "sub_key": 1, "weight": 103, "desc": "微博原创视频博主", "timestamp": 0}, {"key": 2, "sub_key": 0, "weight": 101, "desc": "互联网科技博主", "timestamp": 0}]}, "vclub_member": 0, "is_teenager": 0, "is_guardian": 0, "is_teenager_list": 0, "pc_new": 7, "special_follow": false, "planet_video": 2, "video_mark": 0, "live_status": 0, "user_ability_extend": 1, "video_cover": {"mid": 4767385833964904}, "status_total_counter": {"total_cnt": 1075025, "repost_cnt": 141799, "comment_cnt": 84771, "like_cnt": 274466, "comment_like_cnt": 573989}, "video_total_counter": {"play_cnt": 12775867}, "brand_account": 0, "hongbaofei": 0, "tab_manage": "[0, 0]", "reward_status": 0, "green_mode": 0, "urisk": 0, "unfollowing_recom_switch": 1, "avatar_type": 0}, "annotations": [{"photo_sub_type": "0,0,0,0"}, {}, {"client_mblogid": "5fdc3cea-8304-4c07-ac68-469229834d9a"}, {"mapi_request": true}], "picStatus": "0:1,1:1,2:1,3:1", "reposts_count": 0, "comments_count": 0, "reprint_cmt_count": 0, "attitudes_count": 0, "pending_approval_count": 0, "isLongText": true, "reward_exhibition_type": 0, "hide_flag": 0, "mlevel": 128, "show_mlevel": 0, "biz_feature": 4294967300, "hasActionTypeCard": 0, "darwin_tags": [], "hot_weibo_tags": [], "text_tag_tips": [], "mblogtype": 0, "userType": 0, "mlevelSource": "monitor", "more_info_type": 0, "cardid": "star_1408", "number_display_strategy": {"apply_scenario_flag": 3, "display_text_min_number": 1000000, "display_text": "100万+"}, "positive_recom_flag": 0, "content_auth": 0, "gif_ids": "", "is_show_bulletin": 2, "comment_manage_info": {"comment_permission_type": -1, "approval_comment_type": 0, "comment_sort_type": 0, "ai_play_picture_type": 0}, "pic_num": 4, "can_reprint": false, "new_comment_style": 0}, "reply_comment": {"created_at": "Wed Sep 21 20:34:47 +0800 2022", "id": 4816236343723947, "rootid": 4816236343723947, "rootidstr": "4816236343723947", "floor_number": 40, "text": "秦某某不戴口罩，就出门购物。并且，辱骂威胁殴打防疫志愿者。警察上门传唤，他拒绝配合。因此，警察强行把他带到派出所。", "disable_reply": 0, "restrictOperate": 0, "user": {"id": 1846916415, "idstr": "1846916415", "class": 1, "screen_name": "细语小草", "name": "细语小草", "province": "100", "city": "1000", "location": "其他", "description": "普通平凡，生命不息，微博不止。", "url": "", "profile_image_url": "https://tva4.sinaimg.cn/crop.116.24.176.176.50/6e15b53fjw8f57x3lgo8fj20b70640sq.jpg?KID=imgbed,tva&Expires=1674109527&ssig=mldGqPx5bO", "light_ring": false, "cover_image_phone": "https://ww1.sinaimg.cn/crop.0.0.640.640.640/549d0121tw1egm1kjly3jj20hs0hsq4f.jpg", "profile_url": "639345268", "domain": "ouzheng365", "weihao": "639345268", "gender": "m", "followers_count": 438, "followers_count_str": "438", "friends_count": 655, "pagefriends_count": 2, "statuses_count": 16493, "video_status_count": 19, "video_play_count": 0, "super_topic_not_syn_count": 0, "favourites_count": 45745, "created_at": "Thu Sep 13 08:51:01 +0800 2012", "following": false, "allow_all_act_msg": true, "geo_enabled": false, "verified": false, "verified_type": -1, "remark": "", "insecurity": {"sexual_content": false}, "ptype": 0, "allow_all_comment": false, "avatar_large": "https://tva4.sinaimg.cn/crop.116.24.176.176.180/6e15b53fjw8f57x3lgo8fj20b70640sq.jpg?KID=imgbed,tva&Expires=1674109527&ssig=bSBG9zFkmt", "avatar_hd": "https://tva4.sinaimg.cn/crop.116.24.176.176.1024/6e15b53fjw8f57x3lgo8fj20b70640sq.jpg?KID=imgbed,tva&Expires=1674109527&ssig=HLxGZL7jHN", "verified_reason": "", "verified_trade": "", "verified_reason_url": "", "verified_source": "", "verified_source_url": "", "follow_me": false, "like": false, "like_me": false, "online_status": 0, "bi_followers_count": 77, "lang": "zh-cn", "star": 0, "mbtype": 0, "mbrank": 0, "svip": 0, "mb_expire_time": 0, "block_word": 0, "block_app": 0, "chaohua_ability": 0, "brand_ability": 0, "nft_ability": 0, "vplus_ability": 0, "wenda_ability": 0, "live_ability": 0, "gongyi_ability": 0, "paycolumn_ability": 0, "newbrand_ability": 0, "ecommerce_ability": 0, "hardfan_ability": 0, "wbcolumn_ability": 0, "credit_score": 80, "user_ability": 8650752, "urank": 43, "story_read_state": -1, "vclub_member": 0, "is_teenager": 0, "is_guardian": 0, "is_teenager_list": 0, "pc_new": 6, "special_follow": false, "planet_video": 2, "video_mark": 14, "live_status": 0, "user_ability_extend": 0, "status_total_counter": {"total_cnt": 6355, "repost_cnt": 1051, "comment_cnt": 3964, "like_cnt": 1336, "comment_like_cnt": 4}, "video_total_counter": {"play_cnt": 16673}, "brand_account": 0, "hongbaofei": 0, "tab_manage": "[0, 0]", "reward_status": 0, "green_mode": 0, "urisk": 17179869184, "unfollowing_recom_switch": 1, "avatar_type": 0}, "mid": "4816236343723947", "idstr": "4816236343723947", "match_ai_play_picture": false}, "reply_original_text": "有什么权力让没有犯罪的人蹲着？害怕袭警，就自己防范，你上街巡逻，害怕有人袭警，就可以让路人都蹲着吗？", "readtimetype": "comment", "match_ai_play_picture": false}