{"created_at": "Fri Sep 23 11:37:03 +0800 2022", "id": 4816825789716412, "rootid": 4816825789716412, "rootidstr": "4816825789716412", "floor_number": 4, "text": "别造谣", "disable_reply": 0, "restrictOperate": 0, "source_allowclick": 0, "source_type": 4, "source": "<a href=\"\" rel=\"nofollow\">来自江苏</a>", "user": {"id": 5648969832, "idstr": "5648969832", "class": 1, "screen_name": "千葉寻w", "name": "千葉寻w", "province": "32", "city": "5", "location": "江苏 苏州", "description": "今天也要开心鸭！", "url": "", "profile_image_url": "https://tvax1.sinaimg.cn/crop.0.0.512.512.50/006aiv6Ely8h7xmt005r2j30e80e83yt.jpg?KID=imgbed,tva&Expires=1669717916&ssig=H3WC7gpJwt", "light_ring": false, "cover_image_phone": "http://ww1.sinaimg.cn/crop.0.0.640.640.640/9d44112bjw1f1xl1c10tuj20hs0hs0tw.jpg", "profile_url": "u/5648969832", "domain": "", "weihao": "", "gender": "f", "followers_count": 380, "followers_count_str": "380", "friends_count": 224, "pagefriends_count": 27, "statuses_count": 473, "video_status_count": 10, "video_play_count": 0, "super_topic_not_syn_count": 0, "favourites_count": 31, "created_at": "Wed Jul 08 22:11:43 +0800 2015", "following": false, "allow_all_act_msg": false, "geo_enabled": true, "verified": false, "verified_type": -1, "remark": "", "insecurity": {"sexual_content": false}, "ptype": 0, "allow_all_comment": true, "avatar_large": "https://tvax1.sinaimg.cn/crop.0.0.512.512.180/006aiv6Ely8h7xmt005r2j30e80e83yt.jpg?KID=imgbed,tva&Expires=1669717916&ssig=J9NJXWVbfg", "avatar_hd": "https://tvax1.sinaimg.cn/crop.0.0.512.512.1024/006aiv6Ely8h7xmt005r2j30e80e83yt.jpg?KID=imgbed,tva&Expires=1669717916&ssig=N2CKqi8hAV", "verified_reason": "", "verified_trade": "", "verified_reason_url": "", "verified_source": "", "verified_source_url": "", "follow_me": false, "like": false, "like_me": false, "online_status": 0, "bi_followers_count": 49, "lang": "zh-cn", "star": 0, "mbtype": 2, "mbrank": 6, "svip": 0, "mb_expire_time": 1603123199, "block_word": 0, "block_app": 0, "chaohua_ability": 0, "brand_ability": 0, "nft_ability": 0, "vplus_ability": 0, "wenda_ability": 0, "live_ability": 0, "gongyi_ability": 0, "paycolumn_ability": 0, "newbrand_ability": 0, "ecommerce_ability": 0, "hardfan_ability": 0, "credit_score": 80, "user_ability": 2360320, "cardid": "star_325", "avatargj_id": "gj_vip_280", "urank": 21, "story_read_state": -1, "vclub_member": 0, "is_teenager": 0, "is_guardian": 0, "is_teenager_list": 0, "pc_new": 0, "special_follow": false, "planet_video": 2, "video_mark": 2, "live_status": 0, "user_ability_extend": 0, "status_total_counter": {"total_cnt": 1613, "repost_cnt": 49, "comment_cnt": 566, "like_cnt": 972, "comment_like_cnt": 26}, "video_total_counter": {"play_cnt": 1986}, "brand_account": 0, "hongbaofei": 0, "tab_manage": "[0, 0]", "reward_status": 0, "green_mode": 0, "urisk": 8589934592, "avatar_type": 0}, "mid": "4816825789716412", "idstr": "4816825789716412", "status": {"visible": {"type": 0, "list_id": 0}, "created_at": "Thu Sep 22 15:09:14 +0800 2022", "id": 4816516800057028, "idstr": "4816516800057028", "mid": "4816516800057028", "can_edit": false, "version": 3, "show_additional_indication": 0, "text": "“一学生为去外地找女朋友，问妈妈要2000元未果，跳楼身亡”\n9月我21日，贵州遵义，一学生想要去外地找女朋友玩，于是就找到妈妈，想要拿2000块钱用来当路费去找女朋友，可是妈妈不同意，说是学生要好好上学，找什么女朋友，就不给钱。\n该学生于是就跟妈妈大吵一架，就在气头上就跳楼身亡。\n干货分析： ​", "textLength": 412, "source_allowclick": 0, "source_type": 1, "source": "<a href=\"http://app.weibo.com/t/feed/c66T5g\" rel=\"nofollow\">Android客户端</a>", "favorited": false, "truncated": false, "in_reply_to_status_id": "", "in_reply_to_user_id": "", "in_reply_to_screen_name": "", "pic_urls": [{"thumbnail_pic": "http://wx1.sinaimg.cn/thumbnail/006pR3sOly1h6fefbpnffg30a00hu4qt.gif"}], "thumbnail_pic": "http://wx1.sinaimg.cn/thumbnail/006pR3sOly1h6fefbpnffg30a00hu4qt.gif", "bmiddle_pic": "http://wx1.sinaimg.cn/bmiddle/006pR3sOly1h6fefbpnffg30a00hu4qt.gif", "original_pic": "http://wx1.sinaimg.cn/large/006pR3sOly1h6fefbpnffg30a00hu4qt.gif", "geo": null, "is_paid": false, "mblog_vip_type": 0, "user": {"id": 5878850094, "idstr": "5878850094", "class": 1, "screen_name": "123生机勃勃", "name": "123生机勃勃", "province": "14", "city": "1000", "location": "山西", "description": "精彩不断，热爱不断", "url": "", "profile_image_url": "https://tvax3.sinaimg.cn/crop.0.0.812.812.50/006pR3sOly8h8efq0w32qj30mk0mkwfb.jpg?KID=imgbed,tva&Expires=1669717916&ssig=Yik8Z3h8dd", "light_ring": false, "cover_image_phone": "http://ww1.sinaimg.cn/crop.0.0.640.640.640/549d0121tw1egm1kjly3jj20hs0hsq4f.jpg", "profile_url": "u/5878850094", "domain": "", "weihao": "", "gender": "f", "followers_count": 22417, "followers_count_str": "2.2万", "friends_count": 123, "pagefriends_count": 9, "statuses_count": 5350, "video_status_count": 4862, "video_play_count": 0, "super_topic_not_syn_count": 0, "favourites_count": 1, "created_at": "Fri Mar 11 14:29:54 +0800 2016", "following": false, "allow_all_act_msg": false, "geo_enabled": true, "verified": true, "verified_type": 0, "remark": "", "insecurity": {"sexual_content": false}, "ptype": 0, "allow_all_comment": true, "avatar_large": "https://tvax3.sinaimg.cn/crop.0.0.812.812.180/006pR3sOly8h8efq0w32qj30mk0mkwfb.jpg?KID=imgbed,tva&Expires=1669717916&ssig=JJXkffky15", "avatar_hd": "https://tvax3.sinaimg.cn/crop.0.0.812.812.1024/006pR3sOly8h8efq0w32qj30mk0mkwfb.jpg?KID=imgbed,tva&Expires=1669717916&ssig=DdWVk8IVEt", "verified_reason": "微博原创视频博主", "verified_trade": "", "verified_reason_url": "", "verified_source": "", "verified_source_url": "", "verified_state": 0, "verified_level": 3, "verified_type_ext": 0, "has_service_tel": false, "verified_reason_modified": "", "verified_contact_name": "", "verified_contact_email": "", "verified_contact_mobile": "", "follow_me": false, "like": false, "like_me": false, "online_status": 0, "bi_followers_count": 14, "lang": "zh-cn", "star": 0, "mbtype": 2, "mbrank": 2, "svip": 0, "mb_expire_time": 1632758399, "block_word": 0, "block_app": 0, "chaohua_ability": 0, "brand_ability": 0, "nft_ability": 0, "vplus_ability": 0, "wenda_ability": 1, "live_ability": 0, "gongyi_ability": 0, "paycolumn_ability": 0, "newbrand_ability": 0, "ecommerce_ability": 0, "hardfan_ability": 1, "credit_score": 80, "user_ability": -2136732664, "cardid": "star_1381", "avatargj_id": "gj_vip_568", "urank": 4, "story_read_state": -1, "verified_detail": {"custom": 0, "data": [{"key": 16, "sub_key": 1, "weight": 103, "desc": "微博原创视频博主"}]}, "vclub_member": 0, "is_teenager": 0, "is_guardian": 0, "is_teenager_list": 0, "pc_new": 7, "special_follow": false, "planet_video": 2, "video_mark": 15, "live_status": 0, "user_ability_extend": 1, "status_total_counter": {"total_cnt": 126914, "repost_cnt": 8563, "comment_cnt": 16157, "like_cnt": 83604, "comment_like_cnt": 18590}, "video_total_counter": {"play_cnt": 49323098}, "brand_account": 0, "hongbaofei": 0, "tab_manage": "[0, 0]", "reward_status": 0, "green_mode": 0, "urisk": 0, "avatar_type": 0}, "annotations": [{"photo_sub_type": "0"}, {}, {"client_mblogid": "ca40f226-c4fe-4d56-8b63-eb823c0beb0e"}, {"mapi_request": true}], "picStatus": "0:1", "reposts_count": 0, "comments_count": 0, "reprint_cmt_count": 0, "attitudes_count": 0, "pending_approval_count": 0, "isLongText": true, "reward_exhibition_type": 0, "hide_flag": 0, "mlevel": 128, "show_mlevel": 0, "biz_feature": 4294967300, "hasActionTypeCard": 0, "darwin_tags": [], "hot_weibo_tags": [], "text_tag_tips": [], "mblogtype": 0, "userType": 0, "mlevelSource": "monitor", "more_info_type": 0, "number_display_strategy": {"apply_scenario_flag": 3, "display_text_min_number": 1000000, "display_text": "100万+"}, "positive_recom_flag": 0, "content_auth": 0, "gif_ids": "006pR3sOly1h6fefbpnffg30a00hu4qt|o0/h8k7N8Z7lx07ZpACPJtK010412002gFW0E010|1022:2311284816516798152867|http%3A%2F%2Fg.us.sinaimg.cn%2Fo0%2Fh8k7N8Z7lx07ZpACPJtK010412002gFW0E010.mp4%3Flabel%3Dgif_mp4%26template%3D360x642.28.0", "is_show_bulletin": 2, "comment_manage_info": {"comment_permission_type": -1, "approval_comment_type": 0, "comment_sort_type": 0, "ai_play_picture_type": 0}, "pic_num": 1, "can_reprint": false, "new_comment_style": 0}, "readtimetype": "comment", "match_ai_play_picture": false}