{"mid": "1829555210", "uid": "MeMKkDuIP", "name": "一生廣州人一辈廣州魂", "time": "2022-11-13 07:07:00", "local": "广东", "iphone": "iPhone客户端", "context": "昨晚各个老师群，家长群都在传消息，说海珠区大多数中小学都要征用作为安置隔离区，部分学校已经布置完了，海珠区所有学生本学期基本不可能回校上课。这也罢了，据说，老师都全部或绝大多数都被征用为志愿者，学生可能连网课都安排不了，本学期可能到此结束，可能就地放寒假……1、不知此事是否如实？请相关部门给予回复。为什么事前没有通知？2、国家已经说了，不能随便停课。如果连网课都停，或者随便放个视频就算上课，班老师也没有，每天作业没人管，学习进度没人知道，放任自流，教学质量怎么保障？小学生也就罢了，中学生可是要面对全市竞争激烈的考试的。失去的半个学期从哪儿找回来？3、不用解释当前的防疫形势，大家都知道。请协调好长期利益和短期利益之间的矛盾，除了防疫抗疫，社会还要发展，人民还要生活，学生还要成长。绝对不能以一句防疫，压倒一切！同时也请政府相关部门、领导关注此事。老师首要任务是教学，志愿者完全可以有其他途径解决。.志愿者谁都能当，只要勤快，听指挥，一定做得好。但教师不同，教师是专业人士，不但自己是知识分子，还直接影响下一代，影响整个国家的未来。功能要分清，配置要合理，好钢要用在刀刃上！！.", "comment_num": "0", "like_num": "1"}