{"created_at": "Sat Sep 03 17:58:35 +0800 2022", "id": 4809674048930876, "rootid": 4809674048930876, "rootidstr": "4809674048930876", "floor_number": 5, "text": "这些p地方人就是这样子没得好搞成绩b倒是装等不错", "disable_reply": 0, "restrictOperate": 0, "source_allowclick": 0, "source_type": 4, "source": "<a href=\"\" rel=\"nofollow\">来自四川</a>", "user": {"id": 6262469807, "idstr": "6262469807", "class": 1, "screen_name": "最好的sai波", "name": "最好的sai波", "province": "100", "city": "1000", "location": "其他", "description": "这个人很懒什么也没留下", "url": "", "profile_image_url": "https://tvax2.sinaimg.cn/crop.0.0.996.996.50/006POGtxly8gpchza8x4rj30ro0roq56.jpg?KID=imgbed,tva&Expires=1669886846&ssig=YkMECu1EJm", "light_ring": false, "cover_image_phone": "http://ww1.sinaimg.cn/crop.0.0.640.640.640/549d0121tw1egm1kjly3jj20hs0hsq4f.jpg", "profile_url": "u/6262469807", "domain": "", "weihao": "", "gender": "m", "followers_count": 15, "followers_count_str": "15", "friends_count": 69, "pagefriends_count": 2, "statuses_count": 66, "video_status_count": 3, "video_play_count": 0, "super_topic_not_syn_count": 0, "favourites_count": 0, "created_at": "Sat May 27 14:46:20 +0800 2017", "following": false, "allow_all_act_msg": false, "geo_enabled": true, "verified": false, "verified_type": -1, "remark": "", "insecurity": {"sexual_content": false}, "ptype": 0, "allow_all_comment": true, "avatar_large": "https://tvax2.sinaimg.cn/crop.0.0.996.996.180/006POGtxly8gpchza8x4rj30ro0roq56.jpg?KID=imgbed,tva&Expires=1669886846&ssig=kRRSSRr75t", "avatar_hd": "https://tvax2.sinaimg.cn/crop.0.0.996.996.1024/006POGtxly8gpchza8x4rj30ro0roq56.jpg?KID=imgbed,tva&Expires=1669886846&ssig=s0qlx%2FCdKG", "verified_reason": "", "verified_trade": "", "verified_reason_url": "", "verified_source": "", "verified_source_url": "", "follow_me": false, "like": false, "like_me": false, "online_status": 0, "bi_followers_count": 4, "lang": "zh-cn", "star": 0, "mbtype": 0, "mbrank": 0, "svip": 0, "mb_expire_time": 0, "block_word": 0, "block_app": 0, "chaohua_ability": 0, "brand_ability": 0, "nft_ability": 0, "vplus_ability": 0, "wenda_ability": 0, "live_ability": 0, "gongyi_ability": 0, "paycolumn_ability": 0, "newbrand_ability": 0, "ecommerce_ability": 0, "hardfan_ability": 0, "credit_score": 80, "user_ability": 10747904, "urank": 3, "story_read_state": -1, "vclub_member": 0, "is_teenager": 0, "is_guardian": 0, "is_teenager_list": 0, "pc_new": 0, "special_follow": false, "planet_video": 2, "video_mark": 0, "live_status": 0, "user_ability_extend": 0, "status_total_counter": {"total_cnt": 88, "repost_cnt": 0, "comment_cnt": 38, "like_cnt": 49, "comment_like_cnt": 1}, "video_total_counter": {"play_cnt": 233}, "brand_account": 0, "hongbaofei": 0, "tab_manage": "[0, 0]", "reward_status": 0, "green_mode": 0, "urisk": 8589934592, "avatar_type": 0}, "mid": "4809674048930876", "idstr": "4809674048930876", "status": {"visible": {"type": 0, "list_id": 0}, "created_at": "Thu Sep 01 17:50:29 +0800 2022", "id": 4808947238438602, "idstr": "4808947238438602", "mid": "4808947238438602", "can_edit": false, "version": 3, "show_additional_indication": 0, "text": "9月1日，据岳阳日报，近日，网传贵阳一玉米田间交流活动专家铺地毯下地。网友质疑：这是把玉米砍了铺的路，难道专家的脚不能沾土吗？ http://t.cn/A6SCFcmM ​", "textLength": 145, "source_allowclick": 1, "source_type": 1, "source": "<a href=\"http://app.weibo.com/t/feed/696AJd\" rel=\"nofollow\">Xiaomi 12</a>", "favorited": false, "truncated": false, "in_reply_to_status_id": "", "in_reply_to_user_id": "", "in_reply_to_screen_name": "", "pic_urls": [], "geo": null, "is_paid": false, "mblog_vip_type": 0, "user": {"id": 7507249691, "idstr": "7507249691", "class": 1, "screen_name": "888柠檬小丸子zyy", "name": "888柠檬小丸子zyy", "province": "13", "city": "1000", "location": "河北", "description": "全网好看的影视剧，如有侵权联系删除", "url": "", "profile_image_url": "https://tvax4.sinaimg.cn/crop.0.0.1080.1080.50/008c3EArly8h8nc977i4qj30u00u07am.jpg?KID=imgbed,tva&Expires=1669886846&ssig=XAx%2BriYf4N", "light_ring": false, "cover_image_phone": "http://ww4.sinaimg.cn/crop.0.0.640.640.640/a1d3feabjw1ecat3p2p2qj20hs0hsmz4.jpg", "profile_url": "u/7507249691", "domain": "", "weihao": "", "gender": "f", "followers_count": 119374, "followers_count_str": "11.9万", "friends_count": 1335, "pagefriends_count": 69, "statuses_count": 36979, "video_status_count": 35452, "video_play_count": 0, "super_topic_not_syn_count": 0, "favourites_count": 0, "created_at": "Fri Sep 25 18:12:05 +0800 2020", "following": false, "allow_all_act_msg": false, "geo_enabled": true, "verified": true, "verified_type": 0, "remark": "", "insecurity": {"sexual_content": false}, "ptype": 0, "allow_all_comment": true, "avatar_large": "https://tvax4.sinaimg.cn/crop.0.0.1080.1080.180/008c3EArly8h8nc977i4qj30u00u07am.jpg?KID=imgbed,tva&Expires=1669886846&ssig=jsGd%2FZCI2%2F", "avatar_hd": "https://tvax4.sinaimg.cn/crop.0.0.1080.1080.1024/008c3EArly8h8nc977i4qj30u00u07am.jpg?KID=imgbed,tva&Expires=1669886846&ssig=vwX0HANevH", "verified_reason": "娱乐博主 微博原创视频博主", "verified_trade": "", "verified_reason_url": "", "verified_source": "", "verified_source_url": "", "verified_state": 0, "verified_level": 3, "verified_type_ext": 0, "has_service_tel": false, "verified_reason_modified": "", "verified_contact_name": "", "verified_contact_email": "", "verified_contact_mobile": "", "follow_me": false, "like": false, "like_me": false, "online_status": 0, "bi_followers_count": 785, "lang": "zh-cn", "star": 0, "mbtype": 12, "mbrank": 5, "svip": 1, "mb_expire_time": 1699027200, "block_word": 0, "block_app": 1, "chaohua_ability": 0, "brand_ability": 0, "nft_ability": 0, "vplus_ability": 0, "wenda_ability": 0, "live_ability": 0, "gongyi_ability": 0, "paycolumn_ability": 0, "newbrand_ability": 0, "ecommerce_ability": 0, "hardfan_ability": 1, "credit_score": 80, "user_ability": -2145123832, "cardid": "star_112478312993", "avatargj_id": "gj_vip_422", "urank": 0, "story_read_state": -1, "verified_detail": {"custom": 0, "data": [{"key": 2, "sub_key": 0, "weight": 101, "desc": "娱乐博主", "timestamp": 0}, {"key": 16, "sub_key": 1, "weight": 103, "desc": "微博原创视频博主", "timestamp": 0}]}, "vclub_member": 0, "is_teenager": 0, "is_guardian": 0, "is_teenager_list": 0, "pc_new": 7, "special_follow": false, "planet_video": 2, "video_mark": 0, "live_status": 0, "user_ability_extend": 0, "video_cover": {"mid": 4832190934027988}, "status_total_counter": {"total_cnt": 4269814, "repost_cnt": 99527, "comment_cnt": 177445, "like_cnt": 2170394, "comment_like_cnt": 1822448}, "video_total_counter": {"play_cnt": 861109691}, "brand_account": 0, "hongbaofei": 0, "tab_manage": "[0, 0]", "reward_status": 0, "green_mode": 0, "urisk": 0, "avatar_type": 0}, "annotations": [{}, {}, {"client_mblogid": "b21c6723-43aa-4f73-8858-da7e0fbee911"}, {"mapi_request": true}], "reposts_count": 0, "comments_count": 0, "reprint_cmt_count": 0, "attitudes_count": 0, "pending_approval_count": 0, "isLongText": false, "reward_exhibition_type": 0, "hide_flag": 0, "mlevel": 128, "show_mlevel": 0, "biz_ids": [230444], "biz_feature": 4294967304, "hasActionTypeCard": 0, "darwin_tags": [], "hot_weibo_tags": [], "text_tag_tips": [], "mblogtype": 0, "userType": 0, "mlevelSource": "monitor", "more_info_type": 0, "cardid": "star_112478312993", "number_display_strategy": {"apply_scenario_flag": 3, "display_text_min_number": 1000000, "display_text": "100万+"}, "positive_recom_flag": 0, "content_auth": 0, "gif_ids": "", "is_show_bulletin": 2, "comment_manage_info": {"comment_permission_type": -1, "approval_comment_type": 0, "comment_sort_type": 0, "ai_play_picture_type": 0}, "pic_num": 0, "fid": 4808947088490668, "can_reprint": false, "new_comment_style": 0}, "readtimetype": "comment", "sync_id": 4808947088490668, "sync_uuid": 4808947088490668, "sync_generate_level": 1, "match_ai_play_picture": false}