{"created_at": "Sat Aug 13 22:02:42 +0800 2022", "id": 4802125337728110, "rootid": 4802125337728110, "rootidstr": "4802125337728110", "floor_number": 1, "text": "都封怕了", "disable_reply": 0, "restrictOperate": 0, "source_allowclick": 0, "source_type": 4, "source": "<a href=\"\" rel=\"nofollow\">来自四川</a>", "comment_badge": [{"pic_url": "https://h5.sinaimg.cn/upload/114/962/2022/07/08/member_0_bigfan2_1.png", "name": "loyal_fans", "length": 1.33, "actionlog": {"act_code": "3671", "ext": "status:fans"}, "scheme": "https://kefu.weibo.com/faqdetail?id=20848", "new_icon": true}], "user": {"id": 6391444431, "idstr": "6391444431", "class": 1, "screen_name": "安琪儿她爹A", "name": "安琪儿她爹A", "province": "51", "city": "1000", "location": "四川", "description": "", "url": "", "profile_image_url": "https://tvax2.sinaimg.cn/crop.0.0.996.996.50/006YxQFply8gfa686azivj30ro0ro76k.jpg?KID=imgbed,tva&Expires=1669918267&ssig=Qs%2Bvg9Ox9L", "light_ring": false, "cover_image_phone": "http://ww1.sinaimg.cn/crop.0.0.640.640.640/549d0121tw1egm1kjly3jj20hs0hsq4f.jpg", "profile_url": "u/6391444431", "domain": "", "weihao": "", "gender": "m", "followers_count": 65, "followers_count_str": "65", "friends_count": 104, "pagefriends_count": 4, "statuses_count": 340, "video_status_count": 35, "video_play_count": 0, "super_topic_not_syn_count": 0, "favourites_count": 11, "created_at": "Wed Nov 01 15:32:23 +0800 2017", "following": false, "allow_all_act_msg": false, "geo_enabled": true, "verified": false, "verified_type": -1, "remark": "", "insecurity": {"sexual_content": false}, "ptype": 0, "allow_all_comment": false, "avatar_large": "https://tvax2.sinaimg.cn/crop.0.0.996.996.180/006YxQFply8gfa686azivj30ro0ro76k.jpg?KID=imgbed,tva&Expires=1669918267&ssig=qHLVs7V4yJ", "avatar_hd": "https://tvax2.sinaimg.cn/crop.0.0.996.996.1024/006YxQFply8gfa686azivj30ro0ro76k.jpg?KID=imgbed,tva&Expires=1669918267&ssig=EY%2FioeDIKp", "verified_reason": "", "verified_trade": "", "verified_reason_url": "", "verified_source": "", "verified_source_url": "", "follow_me": false, "like": false, "like_me": false, "online_status": 0, "bi_followers_count": 0, "lang": "zh-cn", "star": 0, "mbtype": 0, "mbrank": 0, "svip": 0, "mb_expire_time": 0, "block_word": 0, "block_app": 0, "chaohua_ability": 0, "brand_ability": 0, "nft_ability": 0, "vplus_ability": 0, "wenda_ability": 0, "live_ability": 0, "gongyi_ability": 0, "paycolumn_ability": 0, "newbrand_ability": 0, "ecommerce_ability": 0, "hardfan_ability": 0, "credit_score": 80, "user_ability": 35913728, "urank": 4, "story_read_state": -1, "vclub_member": 0, "is_teenager": 0, "is_guardian": 0, "is_teenager_list": 0, "pc_new": 0, "special_follow": false, "planet_video": 2, "video_mark": 2, "live_status": 0, "user_ability_extend": 0, "status_total_counter": {"total_cnt": 187, "repost_cnt": 2, "comment_cnt": 39, "like_cnt": 145, "comment_like_cnt": 1}, "video_total_counter": {"play_cnt": 9144}, "brand_account": 0, "hongbaofei": 0, "tab_manage": "[0, 0]", "reward_status": 0, "green_mode": 0, "urisk": 52076478464, "avatar_type": 0}, "mid": "4802125337728110", "idstr": "4802125337728110", "status": {"visible": {"type": 0, "list_id": 0}, "created_at": "Sat Aug 13 21:45:03 +0800 2022", "id": 4802120895433203, "idstr": "4802120895433203", "mid": "4802120895433203", "can_edit": false, "version": 3, "show_additional_indication": 0, "text": "网友投稿:今天早上在文化广场做核酸，有一个人打开健康码，发现红码，排队做核酸的人赶紧跑丢鞋子……[允悲][允悲][允悲] http://t.cn/A6Sy49Wu ​", "textLength": 134, "source_allowclick": 1, "source_type": 2, "source": "", "favorited": false, "truncated": false, "in_reply_to_status_id": "", "in_reply_to_user_id": "", "in_reply_to_screen_name": "", "pic_urls": [], "geo": null, "is_paid": false, "mblog_vip_type": 0, "user": {"id": 7004852653, "idstr": "7004852653", "class": 1, "screen_name": "老专员", "name": "老专员", "province": "400", "city": "1000", "location": "海外", "description": "分享一些有趣的事儿", "url": "", "profile_image_url": "https://tvax4.sinaimg.cn/crop.0.0.1002.1002.50/007E3Eaply8gw9ayzqzt2j30ru0rut9y.jpg?KID=imgbed,tva&Expires=1669918267&ssig=KNES3TXpIu", "light_ring": false, "cover_image_phone": "http://wx4.sinaimg.cn/crop.0.0.640.640.640/92b7a442gy1h4ikt8epw1j20u00u0tak.jpg;http://wx2.sinaimg.cn/crop.0.0.640.640.640/007E3Eaply1h0x3bdo4mgj30dw0dw3za.jpg", "profile_url": "u/7004852653", "domain": "", "weihao": "", "gender": "m", "followers_count": 180600, "followers_count_str": "18.1万", "friends_count": 194, "pagefriends_count": 4, "statuses_count": 21835, "video_status_count": 19443, "video_play_count": 0, "super_topic_not_syn_count": 0, "favourites_count": 0, "created_at": "Thu Feb 21 14:21:30 +0800 2019", "following": false, "allow_all_act_msg": false, "geo_enabled": true, "verified": false, "verified_type": -1, "remark": "", "insecurity": {"sexual_content": false}, "ptype": 0, "allow_all_comment": true, "avatar_large": "https://tvax4.sinaimg.cn/crop.0.0.1002.1002.180/007E3Eaply8gw9ayzqzt2j30ru0rut9y.jpg?KID=imgbed,tva&Expires=1669918267&ssig=X2psQjDuH1", "avatar_hd": "https://tvax4.sinaimg.cn/crop.0.0.1002.1002.1024/007E3Eaply8gw9ayzqzt2j30ru0rut9y.jpg?KID=imgbed,tva&Expires=1669918267&ssig=ssGF5zMy3K", "verified_reason": "", "verified_trade": "", "verified_reason_url": "", "verified_source": "", "verified_source_url": "", "follow_me": false, "like": false, "like_me": false, "online_status": 0, "bi_followers_count": 70, "lang": "zh-cn", "star": 0, "mbtype": 12, "mbrank": 6, "svip": 0, "mb_expire_time": 1703692800, "block_word": 0, "block_app": 1, "chaohua_ability": 0, "brand_ability": 0, "nft_ability": 0, "vplus_ability": 3, "wenda_ability": 5, "live_ability": 0, "gongyi_ability": 0, "paycolumn_ability": 0, "newbrand_ability": 0, "ecommerce_ability": 0, "hardfan_ability": 0, "credit_score": 80, "user_ability": -2143942136, "cardid": "star_058", "urank": 9, "story_read_state": -1, "vclub_member": 0, "is_teenager": 0, "is_guardian": 0, "is_teenager_list": 0, "pc_new": 7, "special_follow": false, "planet_video": 2, "video_mark": 15, "live_status": 0, "user_ability_extend": 0, "status_total_counter": {"total_cnt": 2326899, "repost_cnt": 175515, "comment_cnt": 234517, "like_cnt": 905801, "comment_like_cnt": 1011066}, "video_total_counter": {"play_cnt": 491657272}, "brand_account": 0, "hongbaofei": 0, "tab_manage": "[0, 0]", "reward_status": 0, "green_mode": 0, "urisk": 103616086080, "avatar_type": 0}, "annotations": [{}, {}, {"client_mblogid": "77148e5c-aea6-40b8-a677-a9dd2c720447"}, {"mapi_request": true}], "reposts_count": 0, "comments_count": 0, "reprint_cmt_count": 0, "attitudes_count": 0, "pending_approval_count": 0, "isLongText": false, "reward_exhibition_type": 0, "hide_flag": 0, "mlevel": 128, "show_mlevel": 0, "biz_ids": [230444], "biz_feature": 4294967304, "hasActionTypeCard": 0, "darwin_tags": [], "hot_weibo_tags": [], "text_tag_tips": [], "mblogtype": 0, "userType": 0, "mlevelSource": "monitor", "more_info_type": 0, "cardid": "star_1576", "number_display_strategy": {"apply_scenario_flag": 3, "display_text_min_number": 1000000, "display_text": "100万+"}, "positive_recom_flag": 0, "content_auth": 0, "gif_ids": "", "is_show_bulletin": 2, "comment_manage_info": {"comment_permission_type": -1, "approval_comment_type": 0, "comment_sort_type": 0, "ai_play_picture_type": 0}, "pic_num": 0, "fid": 4802120577712570, "can_reprint": false, "new_comment_style": 0}, "readtimetype": "comment", "mark_type": 1, "match_ai_play_picture": false}