{"created_at": "Mon Jan 02 22:53:16 +0800 2023", "id": 4853597139375127, "rootid": 4853597139375127, "rootidstr": "4853597139375127", "floor_number": 51, "text": "牢记", "disable_reply": 0, "restrictOperate": 0, "source_allowclick": 0, "source_type": 4, "source": "<a href=\"\" rel=\"nofollow\">来自内蒙古</a>", "user": {"id": 6612934619, "idstr": "6612934619", "class": 1, "screen_name": "爱德华Yvvvvv", "name": "爱德华Yvvvvv", "province": "100", "city": "1000", "location": "其他", "description": "", "url": "", "profile_image_url": "https://tvax2.sinaimg.cn/crop.0.0.1079.1079.50/007dxcnNly8h5lpifa2bjj30tz0tzgoh.jpg?KID=imgbed,tva&Expires=1673962121&ssig=M6OlSmSSAD", "light_ring": false, "cover_image_phone": "https://ww1.sinaimg.cn/crop.0.0.640.640.640/549d0121tw1egm1kjly3jj20hs0hsq4f.jpg", "profile_url": "u/6612934619", "domain": "", "weihao": "", "gender": "f", "followers_count": 0, "followers_count_str": "0", "friends_count": 78, "pagefriends_count": 8, "statuses_count": 3, "video_status_count": 2, "video_play_count": 0, "super_topic_not_syn_count": 0, "favourites_count": 0, "created_at": "Thu Jul 26 16:39:34 +0800 2018", "following": false, "allow_all_act_msg": false, "geo_enabled": true, "verified": false, "verified_type": -1, "remark": "", "insecurity": {"sexual_content": false}, "ptype": 0, "allow_all_comment": true, "avatar_large": "https://tvax2.sinaimg.cn/crop.0.0.1079.1079.180/007dxcnNly8h5lpifa2bjj30tz0tzgoh.jpg?KID=imgbed,tva&Expires=1673962121&ssig=E9fqHpAX2r", "avatar_hd": "https://tvax2.sinaimg.cn/crop.0.0.1079.1079.1024/007dxcnNly8h5lpifa2bjj30tz0tzgoh.jpg?KID=imgbed,tva&Expires=1673962121&ssig=v1ayaKUp2Q", "verified_reason": "", "verified_trade": "", "verified_reason_url": "", "verified_source": "", "verified_source_url": "", "follow_me": false, "like": false, "like_me": false, "online_status": 0, "bi_followers_count": 0, "lang": "zh-cn", "star": 0, "mbtype": 0, "mbrank": 0, "svip": 0, "mb_expire_time": 0, "block_word": 0, "block_app": 0, "chaohua_ability": 0, "brand_ability": 0, "nft_ability": 0, "vplus_ability": 0, "wenda_ability": 0, "live_ability": 0, "gongyi_ability": 0, "paycolumn_ability": 0, "newbrand_ability": 0, "ecommerce_ability": 0, "hardfan_ability": 0, "wbcolumn_ability": 0, "credit_score": 80, "user_ability": 2359296, "urank": 4, "story_read_state": -1, "vclub_member": 0, "is_teenager": 0, "is_guardian": 0, "is_teenager_list": 0, "pc_new": 0, "special_follow": false, "planet_video": 2, "video_mark": 2, "live_status": 0, "user_ability_extend": 0, "status_total_counter": {"total_cnt": 6, "repost_cnt": 0, "comment_cnt": 2, "like_cnt": 4, "comment_like_cnt": 0}, "video_total_counter": {"play_cnt": 370}, "brand_account": 0, "hongbaofei": 0, "tab_manage": "[0, 0]", "reward_status": 0, "green_mode": 0, "urisk": 0, "avatar_type": 0}, "mid": "4853597139375127", "idstr": "4853597139375127", "status": {"visible": {"type": 0, "list_id": 0}, "created_at": "Mon Jan 02 16:22:16 +0800 2023", "id": 4853498740998640, "idstr": "4853498740998640", "mid": "4853498740998640", "edit_count": 1, "can_edit": false, "edit_at": "Mon Jan 02 16:42:34 +0800 2023", "version": 1, "show_additional_indication": 0, "text": "#南京大屠杀在册幸存者仅剩49人#\n\n今日又灭一盏灯。[伤心][菊花][蜡烛]\n\n牢记与日本的血海深仇。 ​", "textLength": 90, "source_allowclick": 0, "source_type": 2, "source": "<a href=\"http://weibo.com/\" rel=\"nofollow\">很哇塞的博主</a>", "favorited": false, "truncated": false, "in_reply_to_status_id": "", "in_reply_to_user_id": "", "in_reply_to_screen_name": "", "pic_urls": [{"thumbnail_pic": "http://wx1.sinaimg.cn/thumbnail/005N9GuZly1h9pdqmeyoqj31660u07dr.jpg"}], "thumbnail_pic": "http://wx1.sinaimg.cn/thumbnail/005N9GuZly1h9pdqmeyoqj31660u07dr.jpg", "bmiddle_pic": "http://wx1.sinaimg.cn/bmiddle/005N9GuZly1h9pdqmeyoqj31660u07dr.jpg", "original_pic": "http://wx1.sinaimg.cn/large/005N9GuZly1h9pdqmeyoqj31660u07dr.jpg", "geo": null, "is_paid": false, "mblog_vip_type": 0, "user": {"id": 5307012945, "idstr": "5307012945", "class": 1, "screen_name": "-四分三十三秒-", "name": "-四分三十三秒-", "province": "37", "city": "1000", "location": "山东", "description": "就想当个最接地气的正能量博主。  商务合作私信。", "url": "", "profile_image_url": "https://tvax3.sinaimg.cn/crop.0.0.1080.1080.50/005N9GuZly8gt1shrxmwmj30u00u075l.jpg?KID=imgbed,tva&Expires=1673962121&ssig=ON7LT95KI0", "light_ring": false, "cover_image_phone": "https://wx1.sinaimg.cn/crop.0.0.640.640.640/005N9GuZly1h5q3d2c91wj30u00u0acr.jpg", "profile_url": "u/5307012945", "domain": "", "weihao": "", "gender": "m", "followers_count": 7431847, "followers_count_str": "743.2万", "friends_count": 784, "pagefriends_count": 34, "statuses_count": 45495, "video_status_count": 14091, "video_play_count": 0, "super_topic_not_syn_count": 0, "favourites_count": 12, "created_at": "Fri Sep 26 16:53:19 +0800 2014", "following": false, "allow_all_act_msg": false, "geo_enabled": true, "verified": true, "verified_type": 0, "remark": "", "insecurity": {"sexual_content": false}, "ptype": 0, "allow_all_comment": true, "avatar_large": "https://tvax3.sinaimg.cn/crop.0.0.1080.1080.180/005N9GuZly8gt1shrxmwmj30u00u075l.jpg?KID=imgbed,tva&Expires=1673962121&ssig=nrxH8D4Gai", "avatar_hd": "https://tvax3.sinaimg.cn/crop.0.0.1080.1080.1024/005N9GuZly8gt1shrxmwmj30u00u075l.jpg?KID=imgbed,tva&Expires=1673962121&ssig=2Z41atW80z", "verified_reason": "知名军事博主  退役军人  2022年辰星计划博主 微博原创视频博主", "verified_trade": "1809", "verified_reason_url": "", "verified_source": "", "verified_source_url": "", "verified_state": 0, "verified_level": 3, "verified_type_ext": 1, "has_service_tel": false, "verified_reason_modified": "", "verified_contact_name": "", "verified_contact_email": "", "verified_contact_mobile": "", "follow_me": false, "like": false, "like_me": false, "online_status": 0, "bi_followers_count": 675, "lang": "zh-cn", "star": 0, "mbtype": 12, "mbrank": 8, "svip": 1, "mb_expire_time": 1698940800, "block_word": 0, "block_app": 1, "chaohua_ability": 0, "brand_ability": 0, "nft_ability": 0, "vplus_ability": 1, "wenda_ability": 0, "live_ability": 0, "gongyi_ability": 0, "paycolumn_ability": 0, "newbrand_ability": 0, "ecommerce_ability": 0, "hardfan_ability": 1, "wbcolumn_ability": 0, "ability_tags": "军旅,武器装备", "credit_score": 80, "user_ability": -2135553508, "cardid": "star_1624", "avatargj_id": "gj_vip_027", "urank": 47, "story_read_state": -1, "verified_detail": {"custom": 1, "data": [{"key": 1, "sub_key": 0, "weight": 10, "desc": "知名军事博主  退役军人  2022年辰星计划博主", "timestamp": 0}, {"key": 2, "sub_key": 0, "weight": 0, "desc": "知名军事博主", "timestamp": 0}, {"key": 16, "sub_key": 1, "weight": 11, "desc": "微博原创视频博主", "timestamp": 0}]}, "vclub_member": 0, "is_teenager": 0, "is_guardian": 0, "is_teenager_list": 0, "pc_new": 6, "special_follow": false, "planet_video": 2, "video_mark": 15, "live_status": 0, "user_ability_extend": 0, "status_total_counter": {"total_cnt": 31729736, "repost_cnt": 2464315, "comment_cnt": 2296232, "like_cnt": 19789849, "comment_like_cnt": 7179340}, "video_total_counter": {"play_cnt": 1094943217}, "brand_account": 0, "hongbaofei": 0, "tab_manage": "[0, 0]", "reward_status": 0, "green_mode": 0, "mb_like_privilege": {"like_id": "0012", "like_desc": "秒叔在此谢过！"}, "urisk": 0, "avatar_type": 0}, "annotations": [{"photo_sub_type": "0"}, {"ann_ext": "ann_ext:search|t:1|q:#南京大屠杀在册幸存者仅剩49人#|creator_source:bottomsendweibo"}, {"client_mblogid": "iPhone-9D03C255-326F-43BF-976B-7219844B4228"}, {"mapi_request": true}], "picStatus": "0:1", "reposts_count": 0, "comments_count": 0, "reprint_cmt_count": 0, "attitudes_count": 0, "pending_approval_count": 0, "isLongText": false, "reward_exhibition_type": 0, "hide_flag": 0, "mlevel": 0, "show_mlevel": 0, "biz_feature": 4294967300, "hasActionTypeCard": 0, "darwin_tags": [], "hot_weibo_tags": [], "text_tag_tips": [], "mblogtype": 0, "userType": 0, "more_info_type": 0, "cardid": "star_1624", "number_display_strategy": {"apply_scenario_flag": 3, "display_text_min_number": 1000000, "display_text": "100万+"}, "positive_recom_flag": 0, "content_auth": 0, "gif_ids": "", "is_show_bulletin": 2, "comment_manage_info": {"comment_permission_type": -1, "approval_comment_type": 0, "comment_sort_type": 0, "ai_play_picture_type": 0}, "pic_num": 1, "can_reprint": false, "new_comment_style": 0}, "readtimetype": "comment", "match_ai_play_picture": false}