{"created_at": "Wed Jan 04 06:55:21 +0800 2023", "id": 4854080848266021, "rootid": 4854080848266021, "rootidstr": "4854080848266021", "floor_number": 75, "text": "了解新冠病毒毒株，有针对性的预防更有效。", "disable_reply": 0, "restrictOperate": 0, "source_allowclick": 0, "source_type": 4, "source": "<a href=\"\" rel=\"nofollow\">来自河北</a>", "user": {"id": 7779979071, "idstr": "7779979071", "class": 1, "screen_name": "井然啦", "name": "井然啦", "province": "13", "city": "6", "location": "河北 保定", "description": "", "url": "", "profile_image_url": "https://tvax2.sinaimg.cn/crop.0.0.1080.1080.50/008uvZXply8h5642i6utgj30u00u0jsb.jpg?KID=imgbed,tva&Expires=1674050717&ssig=Zfg%2BzmPRuT", "light_ring": false, "cover_image_phone": "https://ww1.sinaimg.cn/crop.0.0.640.640.640/549d0121tw1egm1kjly3jj20hs0hsq4f.jpg", "profile_url": "u/7779979071", "domain": "", "weihao": "", "gender": "m", "followers_count": 1080, "followers_count_str": "1080", "friends_count": 1403, "pagefriends_count": 64, "statuses_count": 1527, "video_status_count": 2, "video_play_count": 0, "super_topic_not_syn_count": 0, "favourites_count": 0, "created_at": "Mon Aug 08 13:37:57 +0800 2022", "following": false, "allow_all_act_msg": false, "geo_enabled": true, "verified": false, "verified_type": -1, "remark": "", "insecurity": {"sexual_content": false}, "ptype": 0, "allow_all_comment": true, "avatar_large": "https://tvax2.sinaimg.cn/crop.0.0.1080.1080.180/008uvZXply8h5642i6utgj30u00u0jsb.jpg?KID=imgbed,tva&Expires=1674050717&ssig=v%2FTIHXF%2Frv", "avatar_hd": "https://tvax2.sinaimg.cn/crop.0.0.1080.1080.1024/008uvZXply8h5642i6utgj30u00u0jsb.jpg?KID=imgbed,tva&Expires=1674050717&ssig=b5dGPi3UrQ", "verified_reason": "", "verified_trade": "", "verified_reason_url": "", "verified_source": "", "verified_source_url": "", "follow_me": false, "like": false, "like_me": false, "online_status": 0, "bi_followers_count": 1039, "lang": "zh-cn", "star": 0, "mbtype": 0, "mbrank": 0, "svip": 0, "mb_expire_time": 0, "block_word": 0, "block_app": 0, "chaohua_ability": 0, "brand_ability": 0, "nft_ability": 0, "vplus_ability": 0, "wenda_ability": 0, "live_ability": 0, "gongyi_ability": 0, "paycolumn_ability": 0, "newbrand_ability": 0, "ecommerce_ability": 0, "hardfan_ability": 0, "wbcolumn_ability": 0, "credit_score": 80, "user_ability": 2359808, "urank": 0, "story_read_state": -1, "vclub_member": 0, "is_teenager": 0, "is_guardian": 0, "is_teenager_list": 0, "pc_new": 0, "special_follow": false, "planet_video": 2, "video_mark": 0, "live_status": 0, "user_ability_extend": 0, "status_total_counter": {"total_cnt": 1441, "repost_cnt": 8, "comment_cnt": 489, "like_cnt": 917, "comment_like_cnt": 27}, "video_total_counter": {"play_cnt": 35}, "brand_account": 0, "hongbaofei": 0, "tab_manage": "[0, 0]", "reward_status": 0, "green_mode": 0, "urisk": 524288, "unfollowing_recom_switch": 1, "avatar_type": 0}, "mid": "4854080848266021", "idstr": "4854080848266021", "status": {"visible": {"type": 0, "list_id": 0}, "created_at": "Wed Jan 04 00:00:40 +0800 2023", "id": 4853976488478541, "idstr": "4853976488478541", "mid": "4853976488478541", "can_edit": false, "show_additional_indication": 0, "text": "#2分钟了解XBB毒株#\nXBB、BQ.1、BQ.1.1致病性和之前的毒株差不多，但免疫逃逸能力增加了。因此，病毒传播速度可能比之前更快。如果遇到这几种毒株，再次感染的概率主要取决于两方面：一方面是再次遇到的毒株与BA.5和BF.7有多少重叠，如果病毒一直变异，交叉保护作用降低了则可能造成感染；另一方面则是 ​", "textLength": 355, "source_allowclick": 0, "source_type": 2, "source": "<a href=\"http://weibo.com/\" rel=\"nofollow\">SVIP推荐官</a>", "favorited": false, "truncated": false, "in_reply_to_status_id": "", "in_reply_to_user_id": "", "in_reply_to_screen_name": "", "pic_urls": [], "geo": null, "is_paid": false, "mblog_vip_type": 0, "user": {"id": 6074770035, "idstr": "6074770035", "class": 1, "screen_name": "贾昱枫", "name": "贾昱枫", "province": "12", "city": "5", "location": "天津 河北区", "description": "死亡随时可能到来，我们唯一要做的就是爱和珍惜", "url": "", "profile_image_url": "https://tvax2.sinaimg.cn/crop.0.0.512.512.50/006D77bRly8h8vbi9o000j30e80e8dgh.jpg?KID=imgbed,tva&Expires=1674050717&ssig=GvqJV%2FSAYD", "light_ring": false, "cover_image_phone": "https://wx3.sinaimg.cn/crop.0.0.640.640.640/69ceeaebly8h9cni6bheoj20rs0rs0xn.jpg", "profile_url": "u/6074770035", "domain": "", "weihao": "", "gender": "m", "followers_count": 34141, "followers_count_str": "3.4万", "friends_count": 5709, "pagefriends_count": 58, "statuses_count": 5285, "video_status_count": 898, "video_play_count": 0, "super_topic_not_syn_count": 466, "favourites_count": 3, "created_at": "Sat Nov 26 20:30:27 +0800 2016", "following": false, "allow_all_act_msg": false, "geo_enabled": true, "verified": true, "verified_type": 0, "remark": "", "insecurity": {"sexual_content": false}, "ptype": 0, "allow_all_comment": true, "avatar_large": "https://tvax2.sinaimg.cn/crop.0.0.512.512.180/006D77bRly8h8vbi9o000j30e80e8dgh.jpg?KID=imgbed,tva&Expires=1674050717&ssig=CNCUfrlsmB", "avatar_hd": "https://tvax2.sinaimg.cn/crop.0.0.512.512.1024/006D77bRly8h8vbi9o000j30e80e8dgh.jpg?KID=imgbed,tva&Expires=1674050717&ssig=FSlgEDGFI0", "verified_reason": "法律博主 超话主持人（微博法律大讲堂超话） 微博剪辑视频博主", "verified_trade": "", "verified_reason_url": "", "verified_source": "", "verified_source_url": "", "verified_state": 0, "verified_level": 3, "verified_type_ext": 1, "has_service_tel": false, "verified_reason_modified": "", "verified_contact_name": "", "verified_contact_email": "", "verified_contact_mobile": "", "follow_me": false, "like": false, "like_me": false, "online_status": 0, "bi_followers_count": 5500, "lang": "zh-cn", "star": 0, "mbtype": 12, "mbrank": 6, "svip": 1, "mb_expire_time": 1846425600, "block_word": 0, "block_app": 1, "chaohua_ability": 0, "brand_ability": 0, "nft_ability": 0, "vplus_ability": 3, "wenda_ability": 5, "live_ability": 0, "gongyi_ability": 0, "paycolumn_ability": 1, "newbrand_ability": 0, "ecommerce_ability": 0, "hardfan_ability": 1, "wbcolumn_ability": 0, "credit_score": 80, "user_ability": -2135553496, "cardid": "raresvip_0032000830", "avatargj_id": "gj_raresvip_0032000830", "urank": 9, "story_read_state": -1, "verified_detail": {"custom": 0, "data": [{"key": 16, "sub_key": 4, "weight": 103, "desc": "微博剪辑视频博主", "timestamp": 0}, {"key": 2, "sub_key": 0, "weight": 101, "desc": "法律博主", "timestamp": 0}, {"key": 8, "sub_key": 0, "weight": 102, "desc": "超话主持人（微博法律大讲堂超话）", "timestamp": 0}]}, "vclub_member": 0, "is_teenager": 0, "is_guardian": 0, "is_teenager_list": 0, "pc_new": 7, "special_follow": false, "planet_video": 2, "video_mark": 0, "live_status": 0, "user_ability_extend": 0, "video_cover": {"mid": 4745565054702613}, "status_total_counter": {"total_cnt": 137250, "repost_cnt": 12446, "comment_cnt": 51911, "like_cnt": 60280, "comment_like_cnt": 12613}, "video_total_counter": {"play_cnt": 2250898}, "brand_account": 0, "hongbaofei": 0, "tab_manage": "[1108345718154, 0]", "reward_status": 0, "green_mode": 0, "mb_like_privilege": {"like_id": "0068_193", "like_desc": ""}, "urisk": 17179869184, "unfollowing_recom_switch": 1, "avatar_type": 0, "skin_profile_element": "000016", "skin_cover_poster": "000016", "skin_cover_image": "000016"}, "annotations": [{}, {"ann_ext": "ann_ext:search|t:31|q:#2分钟了解XBB毒株#|creator_source:bottomsendweibo"}, {"client_mblogid": "iPhone-6D5E8283-0274-4411-A052-D8768F676CDB"}, {"mapi_request": true}], "reposts_count": 0, "comments_count": 0, "reprint_cmt_count": 0, "attitudes_count": 0, "pending_approval_count": 0, "isLongText": true, "reward_exhibition_type": 0, "hide_flag": 0, "mlevel": 0, "show_mlevel": 0, "biz_ids": [230444], "biz_feature": 4294967304, "page_type": 64, "hasActionTypeCard": 0, "darwin_tags": [], "hot_weibo_tags": [], "text_tag_tips": [], "mblogtype": 0, "userType": 0, "more_info_type": 0, "cardid": "raresvip_0026000748", "number_display_strategy": {"apply_scenario_flag": 3, "display_text_min_number": 1000000, "display_text": "100万+"}, "positive_recom_flag": 0, "content_auth": 0, "gif_ids": "", "is_show_bulletin": 2, "comment_manage_info": {"comment_permission_type": -1, "approval_comment_type": 0, "comment_sort_type": 0, "ai_play_picture_type": 0}, "pic_num": 0, "fid": 4853975378821305, "can_reprint": false, "new_comment_style": 0}, "readtimetype": "comment", "comment_dynamic_message": {"id": "0", "start_color": "#00FFFFFF", "end_color": "#1AFFFFFF", "start_color_dark": "#003A3A3A", "end_color_dark": "#333A3A3A", "name": {"zh_CN": "默认", "zh_HK": "默認", "en_US": "default"}, "scheme": "https://new.vip.weibo.cn/bubble/mall?showmenu=0&decorateId=0&uid=7779979071", "allow_vip_box_content": "用此评论气泡", "allow_vip_box_icon": "https://h5.sinaimg.cn/upload/100/1720/2022/08/08/icon_VIP_for_comment_bubble.png"}, "match_ai_play_picture": false}