{"created_at": "Wed Jun 15 10:41:55 +0800 2022", "id": 4780573127872263, "rootid": 4780573127872263, "rootidstr": "4780573127872263", "floor_number": 6, "text": "图片评论 http://t.cn/A6avnZFy", "disable_reply": 0, "restrictOperate": 0, "source_allowclick": 0, "source_type": 4, "source": "<a href=\"\" rel=\"nofollow\">来自河南</a>", "user": {"id": 2955996801, "idstr": "2955996801", "class": 1, "screen_name": "越过山丘不止看海", "name": "越过山丘不止看海", "province": "41", "city": "6", "location": "河南 鹤壁", "description": "初心不变，恒兴久远", "url": "", "profile_image_url": "https://tvax4.sinaimg.cn/crop.0.0.1054.1054.50/b030ee81ly8h82cexzrb4j20ta0tawi9.jpg?KID=imgbed,tva&Expires=1670070380&ssig=2g2UkYASXd", "light_ring": false, "cover_image_phone": "http://ww1.sinaimg.cn/crop.0.0.640.640.640/549d0121tw1egm1kjly3jj20hs0hsq4f.jpg", "profile_url": "u/2955996801", "domain": "", "weihao": "", "gender": "m", "followers_count": 534, "followers_count_str": "534", "friends_count": 1515, "pagefriends_count": 17, "statuses_count": 3976, "video_status_count": 26, "video_play_count": 0, "super_topic_not_syn_count": 0, "favourites_count": 109, "created_at": "Sat Sep 22 21:54:14 +0800 2012", "following": false, "allow_all_act_msg": false, "geo_enabled": true, "verified": false, "verified_type": -1, "remark": "", "insecurity": {"sexual_content": false}, "ptype": 0, "allow_all_comment": true, "avatar_large": "https://tvax4.sinaimg.cn/crop.0.0.1054.1054.180/b030ee81ly8h82cexzrb4j20ta0tawi9.jpg?KID=imgbed,tva&Expires=1670070380&ssig=b8H3JdV7da", "avatar_hd": "https://tvax4.sinaimg.cn/crop.0.0.1054.1054.1024/b030ee81ly8h82cexzrb4j20ta0tawi9.jpg?KID=imgbed,tva&Expires=1670070380&ssig=XEXGt%2BWf8m", "verified_reason": "", "verified_trade": "", "verified_reason_url": "", "verified_source": "", "verified_source_url": "", "follow_me": false, "like": false, "like_me": false, "online_status": 0, "bi_followers_count": 121, "lang": "zh-cn", "star": 0, "mbtype": 2, "mbrank": 1, "svip": 0, "mb_expire_time": 1534003199, "block_word": 0, "block_app": 0, "chaohua_ability": 0, "brand_ability": 0, "nft_ability": 0, "vplus_ability": 0, "wenda_ability": 0, "live_ability": 0, "gongyi_ability": 0, "paycolumn_ability": 0, "newbrand_ability": 0, "ecommerce_ability": 0, "hardfan_ability": 0, "credit_score": 80, "user_ability": 10747904, "cardid": "star_104", "avatargj_id": "gj_vip_069", "urank": 33, "story_read_state": -1, "vclub_member": 0, "is_teenager": 0, "is_guardian": 0, "is_teenager_list": 0, "pc_new": 0, "special_follow": false, "planet_video": 2, "video_mark": 14, "live_status": 0, "user_ability_extend": 0, "status_total_counter": {"total_cnt": 1499, "repost_cnt": 187, "comment_cnt": 566, "like_cnt": 743, "comment_like_cnt": 3}, "video_total_counter": {"play_cnt": 13547}, "brand_account": 0, "hongbaofei": 0, "tab_manage": "[0, 0]", "reward_status": 0, "green_mode": 0, "urisk": 0, "avatar_type": 0}, "mid": "4780573127872263", "idstr": "4780573127872263", "status": {"visible": {"type": 0, "list_id": 0}, "created_at": "Tue Jun 14 17:30:26 +0800 2022", "id": 4780313546330481, "idstr": "4780313546330481", "mid": "4780313546330481", "can_edit": false, "version": 1, "show_additional_indication": 0, "text": "#女生网络举报河南鹤壁淇滨区庞村镇金山派出所张勇郑磊殴打其父亲致死#没热度啊，刷一下。 ​", "textLength": 84, "source_allowclick": 1, "source_type": 1, "source": "<a href=\"http://app.weibo.com/t/feed/4jAvJO\" rel=\"nofollow\">nova5Pro人像超级夜景</a>", "favorited": false, "truncated": false, "in_reply_to_status_id": "", "in_reply_to_user_id": "", "in_reply_to_screen_name": "", "pic_urls": [], "geo": null, "is_paid": false, "mblog_vip_type": 0, "user": {"id": 7317531142, "idstr": "7317531142", "class": 1, "screen_name": "萨嗎穌尕", "name": "萨嗎穌尕", "province": "41", "city": "7", "location": "河南 新乡", "description": "所有命运赠送的礼物，早已在暗中标好了价格。", "url": "", "profile_image_url": "https://tvax3.sinaimg.cn/crop.0.0.996.996.50/007ZdC7Qly8g7vsmmtufuj30ro0roq4n.jpg?KID=imgbed,tva&Expires=1670070380&ssig=f1mwNUE2v7", "light_ring": false, "cover_image_phone": "http://ww1.sinaimg.cn/crop.0.0.640.640.640/549d0121tw1egm1kjly3jj20hs0hsq4f.jpg", "profile_url": "u/7317531142", "domain": "", "weihao": "", "gender": "f", "followers_count": 5, "followers_count_str": "5", "friends_count": 164, "pagefriends_count": 18, "statuses_count": 150, "video_status_count": 0, "video_play_count": 0, "super_topic_not_syn_count": 3, "favourites_count": 4, "created_at": "Thu Oct 10 22:10:34 +0800 2019", "following": false, "allow_all_act_msg": false, "geo_enabled": true, "verified": false, "verified_type": -1, "remark": "", "insecurity": {"sexual_content": false}, "ptype": 0, "allow_all_comment": true, "avatar_large": "https://tvax3.sinaimg.cn/crop.0.0.996.996.180/007ZdC7Qly8g7vsmmtufuj30ro0roq4n.jpg?KID=imgbed,tva&Expires=1670070380&ssig=Kgw7iX4y7M", "avatar_hd": "https://tvax3.sinaimg.cn/crop.0.0.996.996.1024/007ZdC7Qly8g7vsmmtufuj30ro0roq4n.jpg?KID=imgbed,tva&Expires=1670070380&ssig=xxNu27KQQ0", "verified_reason": "", "verified_trade": "", "verified_reason_url": "", "verified_source": "", "verified_source_url": "", "follow_me": false, "like": false, "like_me": false, "online_status": 0, "bi_followers_count": 2, "lang": "zh-cn", "star": 0, "mbtype": 2, "mbrank": 1, "svip": 0, "mb_expire_time": 1584374399, "block_word": 0, "block_app": 0, "chaohua_ability": 0, "brand_ability": 0, "nft_ability": 0, "vplus_ability": 0, "wenda_ability": 0, "live_ability": 0, "gongyi_ability": 0, "paycolumn_ability": 0, "newbrand_ability": 0, "ecommerce_ability": 0, "hardfan_ability": 0, "credit_score": 80, "user_ability": 10485760, "urank": 0, "story_read_state": -1, "vclub_member": 0, "is_teenager": 0, "is_guardian": 0, "is_teenager_list": 0, "pc_new": 0, "special_follow": false, "planet_video": 0, "video_mark": 0, "live_status": 0, "user_ability_extend": 0, "status_total_counter": {"total_cnt": 251, "repost_cnt": 6, "comment_cnt": 81, "like_cnt": 161, "comment_like_cnt": 3}, "video_total_counter": {"play_cnt": -1}, "brand_account": 0, "hongbaofei": 0, "tab_manage": "[0, 0]", "reward_status": 0, "green_mode": 0, "urisk": 0, "avatar_type": 0}, "annotations": [{"ann_ext": "ann_ext:search|t:2|creator_source:bottomsendweibo"}, {"shooting": 1, "client_mblogid": "ee003403-7fb8-4664-af98-23e6348fec91"}, {"mapi_request": true}], "reposts_count": 0, "comments_count": 0, "reprint_cmt_count": 0, "attitudes_count": 0, "pending_approval_count": 0, "isLongText": false, "reward_exhibition_type": 0, "hide_flag": 0, "mlevel": 128, "show_mlevel": 0, "biz_feature": 0, "page_type": 64, "hasActionTypeCard": 0, "darwin_tags": [], "hot_weibo_tags": [], "text_tag_tips": [], "mblogtype": 0, "userType": 0, "mlevelSource": "monitor", "more_info_type": 0, "number_display_strategy": {"apply_scenario_flag": 3, "display_text_min_number": 1000000, "display_text": "100万+"}, "positive_recom_flag": 0, "content_auth": 0, "gif_ids": "", "is_show_bulletin": 2, "comment_manage_info": {"comment_permission_type": -1, "approval_comment_type": 0, "comment_sort_type": 0, "ai_play_picture_type": 0}, "pic_num": 0, "can_reprint": false, "new_comment_style": 0}, "readtimetype": "comment", "match_ai_play_picture": false}