{"created_at": "Fri Sep 02 14:06:37 +0800 2022", "id": 4809253283437079, "rootid": 4809253283437079, "rootidstr": "4809253283437079", "floor_number": 17, "text": "这叫土工布，防滑的，而且这是试验田，专门用于这些老专家为国家培育优质作物，老人是不能摔的，具体原因可以百度。博主缺乏相关领域的经验，还是不要臆测为妙🙏", "disable_reply": 0, "restrictOperate": 0, "source_allowclick": 0, "source_type": 4, "source": "<a href=\"\" rel=\"nofollow\">来自湖北</a>", "comment_badge": [{"pic_url": "https://h5.sinaimg.cn/upload/114/962/2022/07/08/member_0_bigfan1_1.png", "name": "loyal_fans", "length": 1.33, "actionlog": {"act_code": "3671", "ext": "status:fans"}, "scheme": "https://kefu.weibo.com/faqdetail?id=20848", "new_icon": true}], "user": {"id": 7770076518, "idstr": "7770076518", "class": 1, "screen_name": "辉瑞神药推销员张文宏", "name": "辉瑞神药推销员张文宏", "province": "100", "city": "1000", "location": "其他", "description": "", "url": "", "profile_image_url": "https://tvax2.sinaimg.cn/crop.0.0.511.511.50/008tQrQOly8h3lo83e8rtj30e70e774a.jpg?KID=imgbed,tva&Expires=1669917249&ssig=Ne3wiGLXT%2B", "light_ring": false, "profile_url": "u/7770076518", "domain": "", "weihao": "", "gender": "m", "followers_count": 1, "followers_count_str": "1", "friends_count": 21, "pagefriends_count": 0, "statuses_count": 12, "video_status_count": 0, "video_play_count": 0, "super_topic_not_syn_count": 0, "favourites_count": 0, "created_at": "Sat Jun 25 21:18:33 +0800 2022", "following": false, "allow_all_act_msg": false, "geo_enabled": true, "verified": false, "verified_type": -1, "remark": "", "insecurity": {"sexual_content": false}, "ptype": 0, "allow_all_comment": true, "avatar_large": "https://tvax2.sinaimg.cn/crop.0.0.511.511.180/008tQrQOly8h3lo83e8rtj30e70e774a.jpg?KID=imgbed,tva&Expires=1669917249&ssig=Z8fbt2WoGf", "avatar_hd": "https://tvax2.sinaimg.cn/crop.0.0.511.511.1024/008tQrQOly8h3lo83e8rtj30e70e774a.jpg?KID=imgbed,tva&Expires=1669917249&ssig=XcY9%2BsJhZY", "verified_reason": "", "verified_trade": "", "verified_reason_url": "", "verified_source": "", "verified_source_url": "", "follow_me": false, "like": false, "like_me": false, "online_status": 0, "bi_followers_count": 0, "lang": "zh-cn", "star": 0, "mbtype": 0, "mbrank": 0, "svip": 0, "mb_expire_time": 0, "block_word": 0, "block_app": 0, "chaohua_ability": 0, "brand_ability": 0, "nft_ability": 0, "vplus_ability": 0, "wenda_ability": 0, "live_ability": 0, "gongyi_ability": 0, "paycolumn_ability": 0, "newbrand_ability": 0, "ecommerce_ability": 0, "hardfan_ability": 0, "credit_score": 80, "user_ability": 0, "urank": 0, "story_read_state": -1, "vclub_member": 0, "is_teenager": 0, "is_guardian": 0, "is_teenager_list": 0, "pc_new": 0, "special_follow": false, "planet_video": 0, "video_mark": 0, "live_status": 0, "user_ability_extend": 0, "status_total_counter": {"total_cnt": 53, "repost_cnt": 0, "comment_cnt": 50, "like_cnt": 2, "comment_like_cnt": 1}, "video_total_counter": {"play_cnt": -1}, "brand_account": 0, "hongbaofei": 0, "tab_manage": "[0, 0]", "reward_status": 0, "green_mode": 0, "urisk": 0, "avatar_type": 0}, "mid": "4809253283437079", "idstr": "4809253283437079", "status": {"visible": {"type": 0, "list_id": 0}, "created_at": "Fri Sep 02 12:02:17 +0800 2022", "id": 4809221994185400, "idstr": "4809221994185400", "mid": "4809221994185400", "can_edit": false, "version": 2, "show_additional_indication": 0, "text": "没救了\n什么玩意都要铺红毯，搞一堆记者去作秀，就怕别人看不到。\n到了农民玉米地里还要铺地毯\n还要带着记者跟拍\n中间那块\n应该是把玉米直接砍掉了铺地毯的 ​", "textLength": 145, "source_allowclick": 1, "source_type": 2, "source": "", "favorited": false, "truncated": false, "in_reply_to_status_id": "", "in_reply_to_user_id": "", "in_reply_to_screen_name": "", "pic_urls": [{"thumbnail_pic": "http://wx1.sinaimg.cn/thumbnail/007ZNBdVgy1h5s4mk0akzj30qy0rm78n.jpg"}, {"thumbnail_pic": "http://wx1.sinaimg.cn/thumbnail/007ZNBdVgy1h5s4mmo8fej30qy140tcw.jpg"}], "thumbnail_pic": "http://wx1.sinaimg.cn/thumbnail/007ZNBdVgy1h5s4mk0akzj30qy0rm78n.jpg", "bmiddle_pic": "http://wx1.sinaimg.cn/bmiddle/007ZNBdVgy1h5s4mk0akzj30qy0rm78n.jpg", "original_pic": "http://wx1.sinaimg.cn/large/007ZNBdVgy1h5s4mk0akzj30qy0rm78n.jpg", "geo": null, "is_paid": false, "mblog_vip_type": 0, "user": {"id": 7326107483, "idstr": "7326107483", "class": 1, "screen_name": "柳佳衣", "name": "柳佳衣", "province": "32", "city": "1000", "location": "江苏", "description": "今夜会下雨吗🌧️", "url": "", "profile_image_url": "https://tvax3.sinaimg.cn/crop.0.0.512.512.50/007ZNBdVly8g88928xbhyj30e80e8dga.jpg?KID=imgbed,tva&Expires=1669917249&ssig=hXnFMCwyuo", "light_ring": false, "cover_image_phone": "http://wx3.sinaimg.cn/crop.0.0.640.640.640/007ZNBdVly1h0ret4vgpnj30u00u012l.jpg", "profile_url": "u/7326107483", "domain": "", "weihao": "", "gender": "f", "followers_count": 141126, "followers_count_str": "14.1万", "friends_count": 152, "pagefriends_count": 5, "statuses_count": 30091, "video_status_count": 1024, "video_play_count": 0, "super_topic_not_syn_count": 1, "favourites_count": 641, "created_at": "Wed Oct 23 17:06:53 +0800 2019", "following": false, "allow_all_act_msg": false, "geo_enabled": true, "verified": false, "verified_type": -1, "remark": "", "insecurity": {"sexual_content": false}, "ptype": 0, "allow_all_comment": true, "avatar_large": "https://tvax3.sinaimg.cn/crop.0.0.512.512.180/007ZNBdVly8g88928xbhyj30e80e8dga.jpg?KID=imgbed,tva&Expires=1669917249&ssig=cqyweTcmdg", "avatar_hd": "https://tvax3.sinaimg.cn/crop.0.0.512.512.1024/007ZNBdVly8g88928xbhyj30e80e8dga.jpg?KID=imgbed,tva&Expires=1669917249&ssig=08opuVMEnC", "verified_reason": "", "verified_trade": "", "verified_reason_url": "", "verified_source": "", "verified_source_url": "", "follow_me": false, "like": false, "like_me": false, "online_status": 0, "bi_followers_count": 18, "lang": "zh-cn", "star": 0, "mbtype": 12, "mbrank": 6, "svip": 0, "mb_expire_time": 1671206400, "block_word": 0, "block_app": 1, "chaohua_ability": 0, "brand_ability": 0, "nft_ability": 0, "vplus_ability": 0, "wenda_ability": 0, "live_ability": 0, "gongyi_ability": 0, "paycolumn_ability": 0, "newbrand_ability": 0, "ecommerce_ability": 0, "hardfan_ability": 1, "credit_score": 80, "user_ability": 10748424, "urank": 0, "story_read_state": -1, "vclub_member": 0, "is_teenager": 0, "is_guardian": 0, "is_teenager_list": 0, "pc_new": 6, "special_follow": false, "planet_video": 2, "video_mark": 15, "live_status": 0, "user_ability_extend": 0, "status_total_counter": {"total_cnt": 6651094, "repost_cnt": 520582, "comment_cnt": 721508, "like_cnt": 2127973, "comment_like_cnt": 3281031}, "video_total_counter": {"play_cnt": 47234374}, "brand_account": 0, "hongbaofei": 0, "tab_manage": "[0, 0]", "reward_status": 0, "green_mode": 0, "urisk": 34896937728, "avatar_type": 0}, "annotations": [{"photo_sub_type": "0,0"}, {}, {"client_mblogid": "a78dde4e-45da-4b44-89ab-c4381bca26ba"}, {"mapi_request": true}], "picStatus": "0:1,1:1", "reposts_count": 0, "comments_count": 0, "reprint_cmt_count": 0, "attitudes_count": 0, "pending_approval_count": 0, "isLongText": false, "reward_exhibition_type": 0, "hide_flag": 0, "mlevel": 128, "show_mlevel": 0, "biz_feature": 4294967300, "hasActionTypeCard": 0, "darwin_tags": [], "hot_weibo_tags": [], "text_tag_tips": [], "mblogtype": 0, "userType": 0, "mlevelSource": "monitor", "more_info_type": 0, "number_display_strategy": {"apply_scenario_flag": 3, "display_text_min_number": 1000000, "display_text": "100万+"}, "positive_recom_flag": 0, "content_auth": 0, "gif_ids": "", "is_show_bulletin": 2, "comment_manage_info": {"comment_permission_type": -1, "approval_comment_type": 0, "comment_sort_type": 0, "ai_play_picture_type": 0}, "pic_num": 2, "can_reprint": false, "new_comment_style": 0}, "readtimetype": "comment", "match_ai_play_picture": false}