{"created_at": "Sun Oct 30 21:13:49 +0800 2022", "id": 4830379289352293, "rootid": 4830379289352293, "rootidstr": "4830379289352293", "floor_number": 5, "text": "[蜡烛][蜡烛][蜡烛]", "disable_reply": 0, "restrictOperate": 0, "source_allowclick": 0, "source_type": 4, "source": "<a href=\"\" rel=\"nofollow\">来自广东</a>", "comment_badge": [{"pic_url": "https://h5.sinaimg.cn/upload/114/962/2022/07/08/member_0_bigfan1_1.png", "name": "loyal_fans", "length": 1.33, "actionlog": {"act_code": "3671", "ext": "status:fans"}, "scheme": "https://kefu.weibo.com/faqdetail?id=20848", "new_icon": true}], "user": {"id": 3298405311, "idstr": "3298405311", "class": 1, "screen_name": "六蚊贵族", "name": "六蚊贵族", "province": "44", "city": "1", "location": "广东 广州", "description": "。。。。。。。。。", "url": "", "profile_image_url": "https://tva3.sinaimg.cn/crop.0.0.79.79.50/c499abbfgw1ef8m0489hrj2028028dfo.jpg?KID=imgbed,tva&Expires=1670701680&ssig=kX0WesJWQf", "light_ring": false, "cover_image_phone": "https://ww1.sinaimg.cn/crop.0.0.640.640.640/549d0121tw1egm1kjly3jj20hs0hsq4f.jpg", "profile_url": "u/3298405311", "domain": "", "weihao": "", "gender": "m", "followers_count": 249, "followers_count_str": "249", "friends_count": 267, "pagefriends_count": 26, "statuses_count": 2211, "video_status_count": 16, "video_play_count": 0, "super_topic_not_syn_count": 0, "favourites_count": 7, "created_at": "Tue May 07 21:20:51 +0800 2013", "following": false, "allow_all_act_msg": false, "geo_enabled": true, "verified": false, "verified_type": -1, "remark": "", "insecurity": {"sexual_content": false}, "ptype": 0, "allow_all_comment": true, "avatar_large": "https://tva3.sinaimg.cn/crop.0.0.79.79.180/c499abbfgw1ef8m0489hrj2028028dfo.jpg?KID=imgbed,tva&Expires=1670701680&ssig=53WYRMoWwR", "avatar_hd": "https://tva3.sinaimg.cn/crop.0.0.79.79.1024/c499abbfgw1ef8m0489hrj2028028dfo.jpg?KID=imgbed,tva&Expires=1670701680&ssig=PKglJaQs5w", "verified_reason": "", "verified_trade": "", "verified_reason_url": "", "verified_source": "", "verified_source_url": "", "follow_me": false, "like": false, "like_me": false, "online_status": 0, "bi_followers_count": 19, "lang": "zh-cn", "star": 0, "mbtype": 0, "mbrank": 0, "svip": 0, "mb_expire_time": 0, "block_word": 0, "block_app": 0, "chaohua_ability": 0, "brand_ability": 0, "nft_ability": 0, "vplus_ability": 0, "wenda_ability": 0, "live_ability": 0, "gongyi_ability": 0, "paycolumn_ability": 0, "newbrand_ability": 0, "ecommerce_ability": 0, "hardfan_ability": 0, "credit_score": 80, "user_ability": 36962304, "urank": 9, "story_read_state": -1, "vclub_member": 0, "is_teenager": 0, "is_guardian": 0, "is_teenager_list": 0, "pc_new": 0, "special_follow": false, "planet_video": 2, "video_mark": 0, "live_status": 0, "user_ability_extend": 0, "status_total_counter": {"total_cnt": 574, "repost_cnt": 135, "comment_cnt": 205, "like_cnt": 234, "comment_like_cnt": 0}, "video_total_counter": {"play_cnt": 1049}, "brand_account": 0, "hongbaofei": 0, "tab_manage": "[0, 0]", "reward_status": 0, "green_mode": 0, "urisk": 0, "avatar_type": 0}, "mid": "4830379289352293", "idstr": "4830379289352293", "status": {"visible": {"type": 0, "list_id": 0}, "created_at": "Sun Oct 30 20:43:00 +0800 2022", "id": 4830371533556823, "idstr": "4830371533556823", "mid": "4830371533556823", "can_edit": false, "version": 1, "show_additional_indication": 0, "text": "【[蜡烛][蜡烛][蜡烛]英雄走好！#24岁消防员扑救山火不幸牺牲#】近日，四川省森林消防总队阿坝州支队消防员冯坪坪在湖南山火扑救过程中英勇负伤，因伤重不幸牺牲，年仅24岁。应急管理部森林消防局给其追记一等功，并批准为烈士。30日下午，冯坪坪烈士的遗体运抵重庆，魂归故里。一路走好！ ​", "textLength": 323, "source_allowclick": 0, "source_type": 2, "source": "", "favorited": false, "truncated": false, "in_reply_to_status_id": "", "in_reply_to_user_id": "", "in_reply_to_screen_name": "", "pic_urls": [], "geo": null, "is_paid": false, "mblog_vip_type": 0, "user": {"id": 5517771876, "idstr": "5517771876", "class": 1, "screen_name": "-西野呼啸鹰-", "name": "-西野呼啸鹰-", "province": "100", "city": "1000", "location": "其他", "description": "我们工作于黑暗，服务于光明。 我们来自于人民，服务于人民。曾用名：@西北野战军、@-西北野战军-、@西野_Northwest 等。", "url": "", "profile_image_url": "https://tvax4.sinaimg.cn/crop.0.0.1024.1024.50/0061q0wAly8h8uvqucphwj30sg0sgwhs.jpg?KID=imgbed,tva&Expires=1670701680&ssig=mgYNAAtCyU", "light_ring": false, "cover_image": "https://wx2.sinaimg.cn/crop.0.0.920.300/0061q0wAly1ge6esh2tc5j30pk08cmyp.jpg", "cover_image_phone": "https://wx1.sinaimg.cn/crop.0.0.640.640.640/0061q0wAly1gl9gwl5qujj30u00u0ti1.jpg", "profile_url": "u/5517771876", "domain": "", "weihao": "", "gender": "m", "followers_count": 350462, "followers_count_str": "35万", "friends_count": 1726, "pagefriends_count": 20, "statuses_count": 24989, "video_status_count": 1336, "video_play_count": 0, "super_topic_not_syn_count": 0, "favourites_count": 1123, "created_at": "Thu Feb 12 16:26:43 +0800 2015", "following": false, "allow_all_act_msg": false, "geo_enabled": false, "verified": true, "verified_type": 0, "remark": "", "insecurity": {"sexual_content": false}, "ptype": 0, "allow_all_comment": true, "avatar_large": "https://tvax4.sinaimg.cn/crop.0.0.1024.1024.180/0061q0wAly8h8uvqucphwj30sg0sgwhs.jpg?KID=imgbed,tva&Expires=1670701680&ssig=t4%2BwPuAOvs", "avatar_hd": "https://tvax4.sinaimg.cn/crop.0.0.1024.1024.1024/0061q0wAly8h8uvqucphwj30sg0sgwhs.jpg?KID=imgbed,tva&Expires=1670701680&ssig=1c28mdoFxF", "verified_reason": "军事博主 头条文章作者", "verified_trade": "", "verified_reason_url": "", "verified_source": "", "verified_source_url": "", "verified_state": 0, "verified_level": 3, "verified_type_ext": 1, "has_service_tel": false, "verified_reason_modified": "", "verified_contact_name": "", "verified_contact_email": "", "verified_contact_mobile": "", "follow_me": false, "like": false, "like_me": false, "online_status": 0, "bi_followers_count": 1542, "lang": "zh-cn", "star": 0, "mbtype": 12, "mbrank": 7, "svip": 0, "mb_expire_time": 1673539200, "block_word": 0, "block_app": 1, "chaohua_ability": 0, "brand_ability": 0, "nft_ability": 0, "vplus_ability": 3, "wenda_ability": 1, "live_ability": 1, "gongyi_ability": 0, "paycolumn_ability": 0, "newbrand_ability": 0, "ecommerce_ability": 0, "hardfan_ability": 1, "credit_score": 80, "user_ability": -2135552504, "cardid": "star_1624", "avatargj_id": "gj_vip_660", "urank": 37, "story_read_state": -1, "verified_detail": {"custom": 1, "data": [{"key": 2, "sub_key": 0, "weight": 11, "desc": "军事博主"}, {"key": 4, "sub_key": 9, "weight": 999, "desc": "头条文章作者"}]}, "vclub_member": 0, "is_teenager": 0, "is_guardian": 0, "is_teenager_list": 0, "pc_new": 6, "special_follow": false, "planet_video": 2, "video_mark": 15, "live_status": 0, "user_ability_extend": 1, "status_total_counter": {"total_cnt": 6598714, "repost_cnt": 1100482, "comment_cnt": 443627, "like_cnt": 2341959, "comment_like_cnt": 2712646}, "video_total_counter": {"play_cnt": 51486212}, "brand_account": 0, "hongbaofei": 0, "tab_manage": "[0, 0]", "reward_status": 0, "green_mode": 0, "urisk": 43486543872, "avatar_type": 0}, "annotations": [{}, {"shooting": 1, "client_mblogid": "iPhone-25574D95-A7B1-4F9A-9B75-D490015D0378"}, {"mapi_request": true}], "reposts_count": 0, "comments_count": 0, "reprint_cmt_count": 0, "attitudes_count": 0, "pending_approval_count": 0, "isLongText": true, "reward_exhibition_type": 0, "hide_flag": 0, "mlevel": 0, "show_mlevel": 0, "biz_ids": [230444], "biz_feature": 4294967304, "page_type": 64, "hasActionTypeCard": 0, "darwin_tags": [], "hot_weibo_tags": [], "text_tag_tips": [], "mblogtype": 0, "userType": 0, "more_info_type": 0, "cardid": "star_1624", "number_display_strategy": {"apply_scenario_flag": 3, "display_text_min_number": 1000000, "display_text": "100万+"}, "positive_recom_flag": 0, "content_auth": 0, "gif_ids": "", "is_show_bulletin": 2, "comment_manage_info": {"comment_permission_type": -1, "approval_comment_type": 0, "comment_sort_type": 0, "ai_play_picture_type": 0}, "pic_num": 0, "can_reprint": false, "new_comment_style": 0}, "readtimetype": "comment", "comment_dynamic_message": {"id": "0", "start_color": "#00FFFFFF", "end_color": "#1AFFFFFF", "start_color_dark": "#003A3A3A", "end_color_dark": "#333A3A3A", "name": {"zh_CN": "默认", "zh_HK": "默認", "en_US": "default"}, "scheme": "https://new.vip.weibo.cn/bubble/mall?showmenu=0&decorateId=0&uid=3298405311", "allow_vip_box_content": "用此评论气泡", "allow_vip_box_icon": "https://h5.sinaimg.cn/upload/100/1720/2022/08/08/icon_VIP_for_comment_bubble.png"}, "match_ai_play_picture": false}