{"created_at": "Tue Jun 14 14:04:07 +0800 2022", "id": 4780261625303954, "rootid": 4780261625303954, "rootidstr": "4780261625303954", "floor_number": 21, "text": "越爆越多，大晴天还开始变黑了", "disable_reply": 0, "restrictOperate": 0, "source_allowclick": 0, "source_type": 4, "source": "<a href=\"\" rel=\"nofollow\">来自福建</a>", "comment_badge": [{"pic_url": "https://h5.sinaimg.cn/upload/114/962/2022/07/08/member_0_bigfan1_5.png", "name": "loyal_fans", "length": 1.33, "actionlog": {"act_code": "3671", "ext": "status:fans"}, "scheme": "https://kefu.weibo.com/faqdetail?id=20848", "new_icon": true}], "user": {"id": 5760287934, "idstr": "5760287934", "class": 1, "screen_name": "瓶盖未开", "name": "瓶盖未开", "province": "35", "city": "7", "location": "福建 南平", "description": "。。。", "url": "", "profile_image_url": "https://tvax4.sinaimg.cn/crop.0.0.1080.1080.50/006hPA1Uly8h37wywn7joj30u00u0die.jpg?KID=imgbed,tva&Expires=1670069390&ssig=809lRHt5Lh", "light_ring": false, "cover_image_phone": "http://ww1.sinaimg.cn/crop.0.0.640.640.640/549d0121tw1egm1kjly3jj20hs0hsq4f.jpg", "profile_url": "u/5760287934", "domain": "", "weihao": "", "gender": "m", "followers_count": 238, "followers_count_str": "238", "friends_count": 1607, "pagefriends_count": 5, "statuses_count": 1321, "video_status_count": 0, "video_play_count": 0, "super_topic_not_syn_count": 0, "favourites_count": 269, "created_at": "Sat Nov 14 13:00:17 +0800 2015", "following": false, "allow_all_act_msg": false, "geo_enabled": true, "verified": false, "verified_type": -1, "remark": "", "insecurity": {"sexual_content": false}, "ptype": 0, "allow_all_comment": true, "avatar_large": "https://tvax4.sinaimg.cn/crop.0.0.1080.1080.180/006hPA1Uly8h37wywn7joj30u00u0die.jpg?KID=imgbed,tva&Expires=1670069390&ssig=ZlD3lowh1e", "avatar_hd": "https://tvax4.sinaimg.cn/crop.0.0.1080.1080.1024/006hPA1Uly8h37wywn7joj30u00u0die.jpg?KID=imgbed,tva&Expires=1670069390&ssig=L9qDs5%2B3cm", "verified_reason": "", "verified_trade": "", "verified_reason_url": "", "verified_source": "", "verified_source_url": "", "follow_me": false, "like": false, "like_me": false, "online_status": 0, "bi_followers_count": 9, "lang": "zh-cn", "star": 0, "mbtype": 0, "mbrank": 0, "svip": 0, "mb_expire_time": 0, "block_word": 0, "block_app": 0, "chaohua_ability": 0, "brand_ability": 0, "nft_ability": 0, "vplus_ability": 0, "wenda_ability": 0, "live_ability": 0, "gongyi_ability": 0, "paycolumn_ability": 0, "newbrand_ability": 0, "ecommerce_ability": 0, "hardfan_ability": 0, "credit_score": 80, "user_ability": 2097152, "urank": 9, "story_read_state": -1, "vclub_member": 0, "is_teenager": 0, "is_guardian": 0, "is_teenager_list": 0, "pc_new": 0, "special_follow": false, "planet_video": 0, "video_mark": 0, "live_status": 0, "user_ability_extend": 0, "status_total_counter": {"total_cnt": 250, "repost_cnt": 160, "comment_cnt": 23, "like_cnt": 64, "comment_like_cnt": 3}, "video_total_counter": {"play_cnt": -1}, "brand_account": 0, "hongbaofei": 0, "tab_manage": "[0, 0]", "reward_status": 0, "green_mode": 0, "urisk": 17179869184, "avatar_type": 0}, "mid": "4780261625303954", "idstr": "4780261625303954", "status": {"visible": {"type": 0, "list_id": 0}, "created_at": "Mon Jun 13 19:23:33 +0800 2022", "id": 4779979625466131, "idstr": "4779979625466131", "mid": "4779979625466131", "can_edit": false, "version": 2, "show_additional_indication": 0, "text": "江苏南通一女子称几个男人用钢管打人…… http://t.cn/A6XFuXkE ​", "textLength": 59, "source_allowclick": 0, "source_type": 1, "source": "<a href=\"http://app.weibo.com/t/feed/2Vvea9\" rel=\"nofollow\">iPhone 11</a>", "favorited": false, "truncated": false, "in_reply_to_status_id": "", "in_reply_to_user_id": "", "in_reply_to_screen_name": "", "pic_urls": [], "geo": null, "is_paid": false, "mblog_vip_type": 0, "user": {"id": 6078562289, "idstr": "6078562289", "class": 1, "screen_name": "月亮湖视频", "name": "月亮湖视频", "province": "42", "city": "1000", "location": "湖北", "description": "", "url": "", "profile_image_url": "https://tvax2.sinaimg.cn/crop.0.1.1125.1125.50/006Dn1Jfly8fgw4q98veij30v90vc40h.jpg?KID=imgbed,tva&Expires=1670069390&ssig=3P%2FjTUzUkq", "light_ring": false, "cover_image_phone": "http://ww1.sinaimg.cn/crop.0.0.640.640.640/549d0121tw1egm1kjly3jj20hs0hsq4f.jpg", "profile_url": "u/6078562289", "domain": "", "weihao": "", "gender": "m", "followers_count": 597608, "followers_count_str": "59.8万", "friends_count": 261, "pagefriends_count": 22, "statuses_count": 64647, "video_status_count": 52454, "video_play_count": 0, "super_topic_not_syn_count": 0, "favourites_count": 174, "created_at": "Tue Dec 06 13:14:46 +0800 2016", "following": false, "allow_all_act_msg": false, "geo_enabled": true, "verified": true, "verified_type": 0, "remark": "", "insecurity": {"sexual_content": false}, "ptype": 0, "allow_all_comment": true, "avatar_large": "https://tvax2.sinaimg.cn/crop.0.1.1125.1125.180/006Dn1Jfly8fgw4q98veij30v90vc40h.jpg?KID=imgbed,tva&Expires=1670069390&ssig=guYQOi1XhM", "avatar_hd": "https://tvax2.sinaimg.cn/crop.0.1.1125.1125.1024/006Dn1Jfly8fgw4q98veij30v90vc40h.jpg?KID=imgbed,tva&Expires=1670069390&ssig=fUTHotPUc%2F", "verified_reason": "互联网科技博主 超话粉丝大咖（月亮湖视频超话） 搞笑视频自媒体", "verified_trade": "", "verified_reason_url": "", "verified_source": "", "verified_source_url": "", "verified_state": 0, "verified_level": 3, "verified_type_ext": 0, "has_service_tel": false, "verified_reason_modified": "", "verified_contact_name": "", "verified_contact_email": "", "verified_contact_mobile": "", "follow_me": false, "like": false, "like_me": false, "online_status": 0, "bi_followers_count": 192, "lang": "zh-cn", "star": 0, "mbtype": 12, "mbrank": 6, "svip": 0, "mb_expire_time": 1670256000, "block_word": 0, "block_app": 1, "chaohua_ability": 0, "brand_ability": 0, "nft_ability": 0, "vplus_ability": 1, "wenda_ability": 1, "live_ability": 0, "gongyi_ability": 0, "paycolumn_ability": 1, "newbrand_ability": 0, "ecommerce_ability": 0, "hardfan_ability": 1, "credit_score": 65, "user_ability": -2143942136, "cardid": "star_1573", "avatargj_id": "gj_vip_719", "urank": 36, "story_read_state": -1, "verified_detail": {"custom": 1, "data": [{"key": 2, "sub_key": 0, "weight": 101, "desc": "互联网科技博主"}, {"key": 8, "sub_key": 0, "weight": 102, "desc": "超话粉丝大咖（月亮湖视频超话）"}, {"key": 16, "sub_key": 10, "weight": 103, "desc": "搞笑视频自媒体"}]}, "vclub_member": 0, "is_teenager": 0, "is_guardian": 0, "is_teenager_list": 0, "pc_new": 7, "special_follow": false, "planet_video": 2, "video_mark": 15, "live_status": 0, "user_ability_extend": 0, "status_total_counter": {"total_cnt": 11018172, "repost_cnt": 1008568, "comment_cnt": 1542118, "like_cnt": 3338126, "comment_like_cnt": 5129360}, "video_total_counter": {"play_cnt": 2252443653}, "brand_account": 0, "hongbaofei": 0, "tab_manage": "[0, 0]", "reward_status": 0, "green_mode": 0, "urisk": 43486543872, "avatar_type": 0}, "annotations": [{}, {}, {"client_mblogid": "iPhone-7CA0DD2E-3FB9-4FF5-B199-F230B7F1D90D"}, {"mapi_request": true}], "reposts_count": 0, "comments_count": 0, "reprint_cmt_count": 0, "attitudes_count": 0, "pending_approval_count": 0, "isLongText": false, "reward_exhibition_type": 0, "hide_flag": 0, "mlevel": 128, "show_mlevel": 0, "biz_ids": [230444], "biz_feature": 4294967304, "hasActionTypeCard": 0, "darwin_tags": [], "hot_weibo_tags": [], "text_tag_tips": [], "mblogtype": 0, "userType": 0, "mlevelSource": "monitor", "more_info_type": 0, "cardid": "star_1573", "number_display_strategy": {"apply_scenario_flag": 3, "display_text_min_number": 1000000, "display_text": "100万+"}, "positive_recom_flag": 0, "content_auth": 0, "gif_ids": "", "is_show_bulletin": 2, "comment_manage_info": {"comment_permission_type": -1, "approval_comment_type": 0, "comment_sort_type": 0, "ai_play_picture_type": 0}, "pic_num": 0, "fid": 4779978989502653, "can_reprint": false, "new_comment_style": 0}, "readtimetype": "comment", "sync_id": 4779978989502653, "sync_uuid": 4779978989502653, "sync_generate_level": 1, "match_ai_play_picture": false}