{"created_at": "Wed Nov 23 15:02:35 +0800 2022", "id": 4838983173151004, "rootid": 4838976651528759, "rootidstr": "4838976651528759", "floor_number": 0, "text": "回复@怡崽lxyyyy:如果海珠封到3月就5个月嘞[苦涩]", "disable_reply": 0, "restrictOperate": 0, "source_allowclick": 0, "source_type": 4, "source": "<a href=\"\" rel=\"nofollow\">来自广东</a>", "user": {"id": 5877171618, "idstr": "5877171618", "class": 1, "screen_name": "玉兔牌快乐水", "name": "玉兔牌快乐水", "province": "100", "city": "1000", "location": "其他", "description": "", "url": "", "profile_image_url": "https://tvax3.sinaimg.cn/crop.0.0.944.944.50/006pK0OCly8gz0n94uj6lj30q80q8gpc.jpg?KID=imgbed,tva&Expires=1669636673&ssig=qrmldDsTgl", "light_ring": false, "cover_image_phone": "http://ww1.sinaimg.cn/crop.0.0.640.640.640/549d0121tw1egm1kjly3jj20hs0hsq4f.jpg", "profile_url": "u/5877171618", "domain": "", "weihao": "", "gender": "f", "followers_count": 14, "followers_count_str": "14", "friends_count": 80, "pagefriends_count": 20, "statuses_count": 62, "video_status_count": 0, "video_play_count": 0, "super_topic_not_syn_count": 1, "favourites_count": 2, "created_at": "Fri Mar 25 23:29:47 +0800 2016", "following": false, "allow_all_act_msg": false, "geo_enabled": true, "verified": false, "verified_type": -1, "remark": "", "insecurity": {"sexual_content": false}, "ptype": 0, "allow_all_comment": true, "avatar_large": "https://tvax3.sinaimg.cn/crop.0.0.944.944.180/006pK0OCly8gz0n94uj6lj30q80q8gpc.jpg?KID=imgbed,tva&Expires=1669636673&ssig=8JrNsPkhqD", "avatar_hd": "https://tvax3.sinaimg.cn/crop.0.0.944.944.1024/006pK0OCly8gz0n94uj6lj30q80q8gpc.jpg?KID=imgbed,tva&Expires=1669636673&ssig=7yKrBIdyuJ", "verified_reason": "", "verified_trade": "", "verified_reason_url": "", "verified_source": "", "verified_source_url": "", "follow_me": false, "like": false, "like_me": false, "online_status": 0, "bi_followers_count": 6, "lang": "zh-cn", "star": 0, "mbtype": 0, "mbrank": 0, "svip": 0, "mb_expire_time": 0, "block_word": 0, "block_app": 0, "chaohua_ability": 0, "brand_ability": 0, "nft_ability": 0, "vplus_ability": 0, "wenda_ability": 0, "live_ability": 0, "gongyi_ability": 0, "paycolumn_ability": 0, "newbrand_ability": 0, "ecommerce_ability": 0, "hardfan_ability": 0, "credit_score": 80, "user_ability": 2097152, "urank": 4, "story_read_state": -1, "vclub_member": 0, "is_teenager": 0, "is_guardian": 0, "is_teenager_list": 0, "pc_new": 0, "special_follow": false, "planet_video": 0, "video_mark": 0, "live_status": 0, "user_ability_extend": 0, "status_total_counter": {"total_cnt": 215, "repost_cnt": 1, "comment_cnt": 142, "like_cnt": 71, "comment_like_cnt": 1}, "video_total_counter": {"play_cnt": -1}, "brand_account": 0, "hongbaofei": 0, "tab_manage": "[0, 0]", "reward_status": 0, "green_mode": 0, "urisk": 8589934592, "avatar_type": 0}, "mid": "4838983173151004", "idstr": "4838983173151004", "status": {"visible": {"type": 0, "list_id": 0}, "created_at": "Wed Nov 23 14:34:22 +0800 2022", "id": 4838976072450734, "idstr": "4838976072450734", "mid": "4838976072450734", "can_edit": false, "version": 2, "show_additional_indication": 0, "text": "#广州复课[超话]# 不知真假宝宝们 且看着咯 ​", "textLength": 40, "source_allowclick": 0, "source_type": 1, "source": "<a href=\"http://app.weibo.com/t/feed/56gdD1\" rel=\"nofollow\">iPhone 8 Plus</a>", "favorited": false, "truncated": false, "in_reply_to_status_id": "", "in_reply_to_user_id": "", "in_reply_to_screen_name": "", "pic_urls": [{"thumbnail_pic": "http://wx4.sinaimg.cn/thumbnail/008ln4togy1h8f1u3nibgj30bw05f74y.jpg"}], "thumbnail_pic": "http://wx4.sinaimg.cn/thumbnail/008ln4togy1h8f1u3nibgj30bw05f74y.jpg", "bmiddle_pic": "http://wx4.sinaimg.cn/bmiddle/008ln4togy1h8f1u3nibgj30bw05f74y.jpg", "original_pic": "http://wx4.sinaimg.cn/large/008ln4togy1h8f1u3nibgj30bw05f74y.jpg", "geo": null, "is_paid": false, "mblog_vip_type": 0, "user": {"id": 7644864454, "idstr": "7644864454", "class": 1, "screen_name": "怡崽lxyyyy", "name": "怡崽lxyyyy", "province": "44", "city": "1000", "location": "广东", "description": "墙头很多 都是最爱 喜欢的都关注超话了 内娱基本好感 雷xz", "url": "", "profile_image_url": "https://tvax2.sinaimg.cn/crop.0.0.996.996.50/008ln4toly8gse7nuaz9lj30ro0rognp.jpg?KID=imgbed,tva&Expires=1669636673&ssig=D%2BIph0r9qs", "light_ring": false, "cover_image_phone": "http://ww1.sinaimg.cn/crop.0.0.640.640.640/549d0121tw1egm1kjly3jj20hs0hsq4f.jpg", "profile_url": "u/7644864454", "domain": "", "weihao": "", "gender": "f", "followers_count": 33, "followers_count_str": "33", "friends_count": 103, "pagefriends_count": 29, "statuses_count": 136, "video_status_count": 10, "video_play_count": 0, "super_topic_not_syn_count": 19, "favourites_count": 14, "created_at": "Mon Jul 12 15:40:15 +0800 2021", "following": false, "allow_all_act_msg": false, "geo_enabled": true, "verified": false, "verified_type": -1, "remark": "", "insecurity": {"sexual_content": false}, "ptype": 0, "allow_all_comment": true, "avatar_large": "https://tvax2.sinaimg.cn/crop.0.0.996.996.180/008ln4toly8gse7nuaz9lj30ro0rognp.jpg?KID=imgbed,tva&Expires=1669636673&ssig=Pd8%2BjJDjkC", "avatar_hd": "https://tvax2.sinaimg.cn/crop.0.0.996.996.1024/008ln4toly8gse7nuaz9lj30ro0rognp.jpg?KID=imgbed,tva&Expires=1669636673&ssig=q1sK%2BoDEJp", "verified_reason": "", "verified_trade": "", "verified_reason_url": "", "verified_source": "", "verified_source_url": "", "follow_me": false, "like": false, "like_me": false, "online_status": 0, "bi_followers_count": 14, "lang": "zh-cn", "star": 0, "mbtype": 11, "mbrank": 2, "svip": 0, "mb_expire_time": 1667836800, "block_word": 0, "block_app": 1, "chaohua_ability": 0, "brand_ability": 0, "nft_ability": 0, "vplus_ability": 0, "wenda_ability": 0, "live_ability": 0, "gongyi_ability": 0, "paycolumn_ability": 0, "newbrand_ability": 0, "ecommerce_ability": 0, "hardfan_ability": 0, "credit_score": 80, "user_ability": 2359296, "urank": 0, "story_read_state": -1, "vclub_member": 0, "is_teenager": 0, "is_guardian": 0, "is_teenager_list": 0, "pc_new": 0, "special_follow": false, "planet_video": 2, "video_mark": 0, "live_status": 0, "user_ability_extend": 0, "status_total_counter": {"total_cnt": 3073, "repost_cnt": 25, "comment_cnt": 971, "like_cnt": 947, "comment_like_cnt": 1130}, "video_total_counter": {"play_cnt": 13638}, "brand_account": 0, "hongbaofei": 0, "tab_manage": "[0, 0]", "reward_status": 0, "green_mode": 0, "urisk": 52076478464, "avatar_type": 0}, "annotations": [{"photo_sub_type": "0"}, {}, {"client_mblogid": "iPhone-FF79672F-FE8A-4627-A907-B56D79651BAE"}, {"mapi_request": true}], "picStatus": "0:1", "reposts_count": 0, "comments_count": 0, "reprint_cmt_count": 0, "attitudes_count": 0, "pending_approval_count": 0, "isLongText": false, "reward_exhibition_type": 0, "hide_flag": 0, "mlevel": 128, "show_mlevel": 0, "biz_feature": 4294967300, "topic_id": "1022:10080833b34b16685a753d95b4f530c765d4c2", "sync_mblog": true, "is_imported_topic": false, "page_type": 32, "hasActionTypeCard": 0, "darwin_tags": [], "hot_weibo_tags": [], "text_tag_tips": [], "mblogtype": 0, "userType": 0, "mlevelSource": "monitor", "more_info_type": 0, "number_display_strategy": {"apply_scenario_flag": 3, "display_text_min_number": 1000000, "display_text": "100万+"}, "positive_recom_flag": 0, "content_auth": 0, "gif_ids": "", "is_show_bulletin": 2, "comment_manage_info": {"comment_permission_type": -1, "approval_comment_type": 0, "comment_sort_type": 0, "ai_play_picture_type": 0}, "pic_num": 1, "can_reprint": false, "new_comment_style": 0}, "reply_comment": {"created_at": "Wed Nov 23 14:54:46 +0800 2022", "id": 4838981205758270, "rootid": 4838976651528759, "rootidstr": "4838976651528759", "floor_number": 0, "text": "回复@玉兔牌快乐水:20年也停了四个月吧", "disable_reply": 0, "is_mblog_author": true, "restrictOperate": 0, "comment_badge": [{"pic_url": "https://h5.sinaimg.cn/upload/1007/25/2019/05/17/feed_icon_poster_identity133low.png", "name": "blogger", "length": 1.33, "actionlog": {"act_code": "3671", "ext": "status:author"}, "scheme": "https://kefu.weibo.com/faqdetail?id=20848"}], "user": {"id": 7644864454, "idstr": "7644864454", "class": 1, "screen_name": "怡崽lxyyyy", "name": "怡崽lxyyyy", "province": "44", "city": "1000", "location": "广东", "description": "墙头很多 都是最爱 喜欢的都关注超话了 内娱基本好感 雷xz", "url": "", "profile_image_url": "https://tvax2.sinaimg.cn/crop.0.0.996.996.50/008ln4toly8gse7nuaz9lj30ro0rognp.jpg?KID=imgbed,tva&Expires=1669636673&ssig=D%2BIph0r9qs", "light_ring": false, "cover_image_phone": "http://ww1.sinaimg.cn/crop.0.0.640.640.640/549d0121tw1egm1kjly3jj20hs0hsq4f.jpg", "profile_url": "u/7644864454", "domain": "", "weihao": "", "gender": "f", "followers_count": 33, "followers_count_str": "33", "friends_count": 103, "pagefriends_count": 29, "statuses_count": 136, "video_status_count": 10, "video_play_count": 0, "super_topic_not_syn_count": 19, "favourites_count": 14, "created_at": "Mon Jul 12 15:40:15 +0800 2021", "following": false, "allow_all_act_msg": false, "geo_enabled": true, "verified": false, "verified_type": -1, "remark": "", "insecurity": {"sexual_content": false}, "ptype": 0, "allow_all_comment": true, "avatar_large": "https://tvax2.sinaimg.cn/crop.0.0.996.996.180/008ln4toly8gse7nuaz9lj30ro0rognp.jpg?KID=imgbed,tva&Expires=1669636673&ssig=Pd8%2BjJDjkC", "avatar_hd": "https://tvax2.sinaimg.cn/crop.0.0.996.996.1024/008ln4toly8gse7nuaz9lj30ro0rognp.jpg?KID=imgbed,tva&Expires=1669636673&ssig=q1sK%2BoDEJp", "verified_reason": "", "verified_trade": "", "verified_reason_url": "", "verified_source": "", "verified_source_url": "", "follow_me": false, "like": false, "like_me": false, "online_status": 0, "bi_followers_count": 14, "lang": "zh-cn", "star": 0, "mbtype": 11, "mbrank": 2, "svip": 0, "mb_expire_time": 1667836800, "block_word": 0, "block_app": 1, "chaohua_ability": 0, "brand_ability": 0, "nft_ability": 0, "vplus_ability": 0, "wenda_ability": 0, "live_ability": 0, "gongyi_ability": 0, "paycolumn_ability": 0, "newbrand_ability": 0, "ecommerce_ability": 0, "hardfan_ability": 0, "credit_score": 80, "user_ability": 2359296, "urank": 0, "story_read_state": -1, "vclub_member": 0, "is_teenager": 0, "is_guardian": 0, "is_teenager_list": 0, "pc_new": 0, "special_follow": false, "planet_video": 2, "video_mark": 0, "live_status": 0, "user_ability_extend": 0, "status_total_counter": {"total_cnt": 3073, "repost_cnt": 25, "comment_cnt": 971, "like_cnt": 947, "comment_like_cnt": 1130}, "video_total_counter": {"play_cnt": 13638}, "brand_account": 0, "hongbaofei": 0, "tab_manage": "[0, 0]", "reward_status": 0, "green_mode": 0, "urisk": 52076478464, "avatar_type": 0}, "mid": "4838981205758270", "idstr": "4838981205758270", "match_ai_play_picture": false}, "reply_original_text": "如果海珠封到3月就5个月嘞[苦涩]", "readtimetype": "comment", "match_ai_play_picture": false}