{"created_at": "Tue Nov 29 14:05:25 +0800 2022", "id": 4841143113881483, "rootid": 4838212562063177, "rootidstr": "4838212562063177", "floor_number": 0, "text": "回复@弥赛亚的国:确实，所以小朋友是家人陪同的 http://t.cn/A6K5jZxI", "disable_reply": 0, "restrictOperate": 0, "source_allowclick": 0, "source_type": 4, "source": "<a href=\"\" rel=\"nofollow\">来自陕西</a>", "user": {"id": 6432967144, "idstr": "6432967144", "class": 1, "screen_name": "香锅火锅酸菜鱼", "name": "香锅火锅酸菜鱼", "province": "61", "city": "1000", "location": "陕西", "description": "↓↓↓", "url": "", "profile_image_url": "https://tvax2.sinaimg.cn/crop.0.0.1080.1080.50/0071m4CAly8h8n94386nhj30u00u0wfq.jpg?KID=imgbed,tva&Expires=1669837590&ssig=DOCJJdui1e", "light_ring": false, "cover_image_phone": "http://wx3.sinaimg.cn/crop.0.0.640.640.640/0071m4CAly1h7bxedy63jj30u00u010p.jpg", "profile_url": "u/6432967144", "domain": "", "weihao": "", "gender": "f", "followers_count": 324, "followers_count_str": "324", "friends_count": 451, "pagefriends_count": 47, "statuses_count": 287, "video_status_count": 0, "video_play_count": 0, "super_topic_not_syn_count": 37, "favourites_count": 478, "created_at": "Wed Dec 13 13:06:18 +0800 2017", "following": false, "allow_all_act_msg": false, "geo_enabled": true, "verified": false, "verified_type": -1, "remark": "", "insecurity": {"sexual_content": false}, "ptype": 0, "allow_all_comment": true, "avatar_large": "https://tvax2.sinaimg.cn/crop.0.0.1080.1080.180/0071m4CAly8h8n94386nhj30u00u0wfq.jpg?KID=imgbed,tva&Expires=1669837590&ssig=YcaFln8ELY", "avatar_hd": "https://tvax2.sinaimg.cn/crop.0.0.1080.1080.1024/0071m4CAly8h8n94386nhj30u00u0wfq.jpg?KID=imgbed,tva&Expires=1669837590&ssig=ej2kbAFMfg", "verified_reason": "", "verified_trade": "", "verified_reason_url": "", "verified_source": "", "verified_source_url": "", "follow_me": false, "like": false, "like_me": false, "online_status": 0, "bi_followers_count": 3, "lang": "zh-cn", "star": 0, "mbtype": 12, "mbrank": 6, "svip": 0, "mb_expire_time": 1712678400, "block_word": 1, "block_app": 1, "chaohua_ability": 0, "brand_ability": 0, "nft_ability": 0, "vplus_ability": 0, "wenda_ability": 0, "live_ability": 0, "gongyi_ability": 0, "paycolumn_ability": 0, "newbrand_ability": 0, "ecommerce_ability": 0, "hardfan_ability": 0, "credit_score": 80, "user_ability": 3407872, "cardid": "topic_100808292ba1566bb4a0dda4873c39e6e017f5_lv13", "avatargj_id": "gj_vip_422", "urank": 9, "story_read_state": -1, "vclub_member": 0, "is_teenager": 0, "is_guardian": 0, "is_teenager_list": 0, "pc_new": 0, "special_follow": false, "planet_video": 2, "video_mark": 0, "live_status": 0, "user_ability_extend": 0, "status_total_counter": {"total_cnt": 421, "repost_cnt": 102, "comment_cnt": 71, "like_cnt": 246, "comment_like_cnt": 2}, "video_total_counter": {"play_cnt": 1}, "brand_account": 0, "hongbaofei": 0, "tab_manage": "[0, 0]", "reward_status": 0, "green_mode": 0, "urisk": 17179869184, "avatar_type": 0}, "mid": "4841143113881483", "idstr": "4841143113881483", "status": {"visible": {"type": 0, "list_id": 0}, "created_at": "Mon Nov 21 03:17:43 +0800 2022", "id": 4838081016889681, "idstr": "4838081016889681", "mid": "4838081016889681", "can_edit": false, "version": 6, "show_additional_indication": 0, "text": "5岁的孩子要拉去集中隔离，父母还不能一起去。\n听着孩子恐惧的哭声，能大骂100句。\n靠！ http://t.cn/A6KZdllC ​", "textLength": 103, "source_allowclick": 0, "source_type": 2, "source": "<a href=\"http://weibo.com/\" rel=\"nofollow\">iPhone客户端</a>", "favorited": false, "truncated": false, "in_reply_to_status_id": "", "in_reply_to_user_id": "", "in_reply_to_screen_name": "", "pic_urls": [], "geo": null, "is_paid": false, "mblog_vip_type": 0, "user": {"id": 1003554877, "idstr": "1003554877", "class": 1, "screen_name": "装看见plus", "name": "装看见plus", "province": "100", "city": "1000", "location": "其他", "description": "这是“装看见”的小号", "url": "", "profile_image_url": "https://tvax2.sinaimg.cn/crop.0.0.440.440.50/3bd1083dly8h125k34a9wj20c80c80sp.jpg?KID=imgbed,tva&Expires=1669837590&ssig=miQDs2ddws", "light_ring": false, "cover_image_phone": "http://ww1.sinaimg.cn/crop.0.0.640.640.640/549d0121tw1egm1kjly3jj20hs0hsq4f.jpg", "profile_url": "u/1003554877", "domain": "", "weihao": "", "gender": "m", "followers_count": 14079, "followers_count_str": "1.4万", "friends_count": 624, "pagefriends_count": 1, "statuses_count": 461, "video_status_count": 124, "video_play_count": 0, "super_topic_not_syn_count": 0, "favourites_count": 362, "created_at": "Thu Mar 06 13:43:15 +0800 2014", "following": false, "allow_all_act_msg": false, "geo_enabled": true, "verified": false, "verified_type": -1, "remark": "", "insecurity": {"sexual_content": false}, "ptype": 0, "allow_all_comment": false, "avatar_large": "https://tvax2.sinaimg.cn/crop.0.0.440.440.180/3bd1083dly8h125k34a9wj20c80c80sp.jpg?KID=imgbed,tva&Expires=1669837590&ssig=yydEyf8Pui", "avatar_hd": "https://tvax2.sinaimg.cn/crop.0.0.440.440.1024/3bd1083dly8h125k34a9wj20c80c80sp.jpg?KID=imgbed,tva&Expires=1669837590&ssig=4WETZKH2u3", "verified_reason": "", "verified_trade": "", "verified_reason_url": "", "verified_source": "", "verified_source_url": "", "follow_me": false, "like": false, "like_me": false, "online_status": 0, "bi_followers_count": 13, "lang": "zh-cn", "star": 0, "mbtype": 2, "mbrank": 1, "svip": 0, "mb_expire_time": 1656086399, "block_word": 0, "block_app": 0, "chaohua_ability": 0, "brand_ability": 0, "nft_ability": 0, "vplus_ability": 0, "wenda_ability": 0, "live_ability": 0, "gongyi_ability": 0, "paycolumn_ability": 0, "newbrand_ability": 0, "ecommerce_ability": 0, "hardfan_ability": 0, "credit_score": 80, "user_ability": 262664, "urank": 0, "story_read_state": -1, "vclub_member": 0, "is_teenager": 0, "is_guardian": 0, "is_teenager_list": 0, "pc_new": 7, "special_follow": false, "planet_video": 2, "video_mark": 0, "live_status": 0, "user_ability_extend": 0, "status_total_counter": {"total_cnt": 250755, "repost_cnt": 35102, "comment_cnt": 5730, "like_cnt": 57977, "comment_like_cnt": 151946}, "video_total_counter": {"play_cnt": 10315651}, "brand_account": 0, "hongbaofei": 0, "tab_manage": "[0, 0]", "reward_status": 0, "green_mode": 0, "urisk": 52077527296, "avatar_type": 0}, "annotations": [{}, {}, {"client_mblogid": "iPhone-C5493CFE-3E9E-4ECB-8603-C5C96A47AD2A"}, {"mapi_request": true}], "reposts_count": 0, "comments_count": 0, "reprint_cmt_count": 0, "attitudes_count": 0, "pending_approval_count": 0, "isLongText": false, "reward_exhibition_type": 0, "hide_flag": 0, "mlevel": 128, "show_mlevel": 0, "biz_ids": [230444], "biz_feature": 4294967304, "hasActionTypeCard": 0, "darwin_tags": [], "hot_weibo_tags": [], "text_tag_tips": [], "mblogtype": 0, "userType": 0, "mlevelSource": "monitor", "more_info_type": 0, "number_display_strategy": {"apply_scenario_flag": 3, "display_text_min_number": 1000000, "display_text": "100万+"}, "positive_recom_flag": 0, "content_auth": 0, "gif_ids": "", "is_show_bulletin": 2, "comment_manage_info": {"comment_permission_type": -1, "approval_comment_type": 0, "comment_sort_type": 0, "ai_play_picture_type": 0}, "pic_num": 0, "fid": 4838080493387801, "can_reprint": false, "new_comment_style": 0}, "reply_comment": {"created_at": "Mon Nov 21 12:00:27 +0800 2022", "id": 4838212562063177, "rootid": 4838212562063177, "rootidstr": "4838212562063177", "floor_number": 33, "text": "只有禽兽不如的人才会干这种事。", "disable_reply": 0, "restrictOperate": 0, "user": {"id": 7670317961, "idstr": "7670317961", "class": 1, "screen_name": "弥赛亚的国", "name": "弥赛亚的国", "province": "32", "city": "5", "location": "江苏 苏州", "description": "律师", "url": "", "profile_image_url": "https://tvax1.sinaimg.cn/crop.0.0.637.637.50/008n5S5Ply8h3u4bmud1qj30hp0hpab6.jpg?KID=imgbed,tva&Expires=1669837590&ssig=fA7Tjo7KoQ", "light_ring": false, "cover_image_phone": "http://wx2.sinaimg.cn/crop.0.0.640.640.640/008n5S5Ply1h4jg1okhtcj30jk0jk3z7.jpg;http://wx3.sinaimg.cn/crop.0.0.640.640.640/008n5S5Ply1h49s4j5lr9j30e80e80tl.jpg;http://wx2.sinaimg.cn/crop.0.0.640.640.640/008n5S5Ply1h33koaw850j30k80k8gnp.jpg;http://wx3.sinaimg.cn/crop.0.0.640.640.640/008n5S5Ply1h0zyqgsqe6j30u00u03zp.jpg;http://wx4.sinaimg.cn/crop.0.0.640.640.640/008n5S5Ply1h1l7karzonj30qn0qnn1q.jpg;http://wx3.sinaimg.cn/crop.0.0.640.640.640/008n5S5Ply1gtnlf2xpgxj30n10n1764.jpg;http://wx3.sinaimg.cn/crop.0.0.640.640.640/008n5S5Ply1h31b7bqqrxj309z09z3z5.jpg;http://wx3.sinaimg.cn/crop.0.0.640.640.640/008n5S5Ply1gwn1df02kgj30n10n1jt9.jpg;http://wx2.sinaimg.cn/crop.0.0.640.640.640/008n5S5Ply1h1qfd60shqj30e30e33zl.jpg", "profile_url": "u/7670317961", "domain": "", "weihao": "", "gender": "m", "followers_count": 105, "followers_count_str": "105", "friends_count": 103, "pagefriends_count": 0, "statuses_count": 218, "video_status_count": 1, "video_play_count": 0, "super_topic_not_syn_count": 0, "favourites_count": 44, "created_at": "Fri Aug 13 10:41:09 +0800 2021", "following": false, "allow_all_act_msg": false, "geo_enabled": true, "verified": false, "verified_type": -1, "remark": "", "insecurity": {"sexual_content": false}, "ptype": 0, "allow_all_comment": true, "avatar_large": "https://tvax1.sinaimg.cn/crop.0.0.637.637.180/008n5S5Ply8h3u4bmud1qj30hp0hpab6.jpg?KID=imgbed,tva&Expires=1669837590&ssig=Z0F%2FTIE44G", "avatar_hd": "https://tvax1.sinaimg.cn/crop.0.0.637.637.1024/008n5S5Ply8h3u4bmud1qj30hp0hpab6.jpg?KID=imgbed,tva&Expires=1669837590&ssig=j%2B811GLUq2", "verified_reason": "", "verified_trade": "", "verified_reason_url": "", "verified_source": "", "verified_source_url": "", "follow_me": false, "like": false, "like_me": false, "online_status": 0, "bi_followers_count": 2, "lang": "zh-cn", "star": 0, "mbtype": 12, "mbrank": 5, "svip": 0, "mb_expire_time": 1709740800, "block_word": 0, "block_app": 1, "credit_score": 80, "user_ability": 262144, "urank": 0, "story_read_state": -1, "vclub_member": 0, "is_teenager": 0, "is_guardian": 0, "is_teenager_list": 0, "pc_new": 0, "special_follow": false, "planet_video": 0, "video_mark": 0, "live_status": 0, "user_ability_extend": 0, "status_total_counter": {"total_cnt": 268, "repost_cnt": 135, "comment_cnt": 43, "like_cnt": 89, "comment_like_cnt": 1}, "video_total_counter": {"play_cnt": 125}, "brand_account": 0, "hongbaofei": 0, "tab_manage": "[0, 0]", "green_mode": 0, "urisk": 17179869184, "block": 0, "block_me": 0, "avatar_type": 0}, "mid": "4838212562063177", "idstr": "4838212562063177", "match_ai_play_picture": false}, "reply_original_text": "确实，所以小朋友是家人陪同的 http://t.cn/A6K5jZxI", "readtimetype": "comment", "match_ai_play_picture": false}