{"created_at": "Tue Nov 29 14:06:32 +0800 2022", "id": 4841143395946411, "rootid": 4838253313928219, "rootidstr": "4838253313928219", "floor_number": 0, "text": "回复@大侠白玄临:这个小朋友也不是 http://t.cn/A6K5j2UJ", "disable_reply": 0, "restrictOperate": 0, "source_allowclick": 0, "source_type": 4, "source": "<a href=\"\" rel=\"nofollow\">来自陕西</a>", "user": {"id": 6432967144, "idstr": "6432967144", "class": 1, "screen_name": "香锅火锅酸菜鱼", "name": "香锅火锅酸菜鱼", "province": "61", "city": "1000", "location": "陕西", "description": "↓↓↓", "url": "", "profile_image_url": "https://tvax2.sinaimg.cn/crop.0.0.1080.1080.50/0071m4CAly8h8n94386nhj30u00u0wfq.jpg?KID=imgbed,tva&Expires=1669837590&ssig=DOCJJdui1e", "light_ring": false, "cover_image_phone": "http://wx3.sinaimg.cn/crop.0.0.640.640.640/0071m4CAly1h7bxedy63jj30u00u010p.jpg", "profile_url": "u/6432967144", "domain": "", "weihao": "", "gender": "f", "followers_count": 324, "followers_count_str": "324", "friends_count": 451, "pagefriends_count": 47, "statuses_count": 287, "video_status_count": 0, "video_play_count": 0, "super_topic_not_syn_count": 37, "favourites_count": 478, "created_at": "Wed Dec 13 13:06:18 +0800 2017", "following": false, "allow_all_act_msg": false, "geo_enabled": true, "verified": false, "verified_type": -1, "remark": "", "insecurity": {"sexual_content": false}, "ptype": 0, "allow_all_comment": true, "avatar_large": "https://tvax2.sinaimg.cn/crop.0.0.1080.1080.180/0071m4CAly8h8n94386nhj30u00u0wfq.jpg?KID=imgbed,tva&Expires=1669837590&ssig=YcaFln8ELY", "avatar_hd": "https://tvax2.sinaimg.cn/crop.0.0.1080.1080.1024/0071m4CAly8h8n94386nhj30u00u0wfq.jpg?KID=imgbed,tva&Expires=1669837590&ssig=ej2kbAFMfg", "verified_reason": "", "verified_trade": "", "verified_reason_url": "", "verified_source": "", "verified_source_url": "", "follow_me": false, "like": false, "like_me": false, "online_status": 0, "bi_followers_count": 3, "lang": "zh-cn", "star": 0, "mbtype": 12, "mbrank": 6, "svip": 0, "mb_expire_time": 1712678400, "block_word": 1, "block_app": 1, "chaohua_ability": 0, "brand_ability": 0, "nft_ability": 0, "vplus_ability": 0, "wenda_ability": 0, "live_ability": 0, "gongyi_ability": 0, "paycolumn_ability": 0, "newbrand_ability": 0, "ecommerce_ability": 0, "hardfan_ability": 0, "credit_score": 80, "user_ability": 3407872, "cardid": "topic_100808292ba1566bb4a0dda4873c39e6e017f5_lv13", "avatargj_id": "gj_vip_422", "urank": 9, "story_read_state": -1, "vclub_member": 0, "is_teenager": 0, "is_guardian": 0, "is_teenager_list": 0, "pc_new": 0, "special_follow": false, "planet_video": 2, "video_mark": 0, "live_status": 0, "user_ability_extend": 0, "status_total_counter": {"total_cnt": 421, "repost_cnt": 102, "comment_cnt": 71, "like_cnt": 246, "comment_like_cnt": 2}, "video_total_counter": {"play_cnt": 1}, "brand_account": 0, "hongbaofei": 0, "tab_manage": "[0, 0]", "reward_status": 0, "green_mode": 0, "urisk": 17179869184, "avatar_type": 0}, "mid": "4841143395946411", "idstr": "4841143395946411", "status": {"visible": {"type": 0, "list_id": 0}, "created_at": "Mon Nov 21 03:17:43 +0800 2022", "id": 4838081016889681, "idstr": "4838081016889681", "mid": "4838081016889681", "can_edit": false, "version": 6, "show_additional_indication": 0, "text": "5岁的孩子要拉去集中隔离，父母还不能一起去。\n听着孩子恐惧的哭声，能大骂100句。\n靠！ http://t.cn/A6KZdllC ​", "textLength": 103, "source_allowclick": 0, "source_type": 2, "source": "<a href=\"http://weibo.com/\" rel=\"nofollow\">iPhone客户端</a>", "favorited": false, "truncated": false, "in_reply_to_status_id": "", "in_reply_to_user_id": "", "in_reply_to_screen_name": "", "pic_urls": [], "geo": null, "is_paid": false, "mblog_vip_type": 0, "user": {"id": 1003554877, "idstr": "1003554877", "class": 1, "screen_name": "装看见plus", "name": "装看见plus", "province": "100", "city": "1000", "location": "其他", "description": "这是“装看见”的小号", "url": "", "profile_image_url": "https://tvax2.sinaimg.cn/crop.0.0.440.440.50/3bd1083dly8h125k34a9wj20c80c80sp.jpg?KID=imgbed,tva&Expires=1669837590&ssig=miQDs2ddws", "light_ring": false, "cover_image_phone": "http://ww1.sinaimg.cn/crop.0.0.640.640.640/549d0121tw1egm1kjly3jj20hs0hsq4f.jpg", "profile_url": "u/1003554877", "domain": "", "weihao": "", "gender": "m", "followers_count": 14079, "followers_count_str": "1.4万", "friends_count": 624, "pagefriends_count": 1, "statuses_count": 461, "video_status_count": 124, "video_play_count": 0, "super_topic_not_syn_count": 0, "favourites_count": 362, "created_at": "Thu Mar 06 13:43:15 +0800 2014", "following": false, "allow_all_act_msg": false, "geo_enabled": true, "verified": false, "verified_type": -1, "remark": "", "insecurity": {"sexual_content": false}, "ptype": 0, "allow_all_comment": false, "avatar_large": "https://tvax2.sinaimg.cn/crop.0.0.440.440.180/3bd1083dly8h125k34a9wj20c80c80sp.jpg?KID=imgbed,tva&Expires=1669837590&ssig=yydEyf8Pui", "avatar_hd": "https://tvax2.sinaimg.cn/crop.0.0.440.440.1024/3bd1083dly8h125k34a9wj20c80c80sp.jpg?KID=imgbed,tva&Expires=1669837590&ssig=4WETZKH2u3", "verified_reason": "", "verified_trade": "", "verified_reason_url": "", "verified_source": "", "verified_source_url": "", "follow_me": false, "like": false, "like_me": false, "online_status": 0, "bi_followers_count": 13, "lang": "zh-cn", "star": 0, "mbtype": 2, "mbrank": 1, "svip": 0, "mb_expire_time": 1656086399, "block_word": 0, "block_app": 0, "chaohua_ability": 0, "brand_ability": 0, "nft_ability": 0, "vplus_ability": 0, "wenda_ability": 0, "live_ability": 0, "gongyi_ability": 0, "paycolumn_ability": 0, "newbrand_ability": 0, "ecommerce_ability": 0, "hardfan_ability": 0, "credit_score": 80, "user_ability": 262664, "urank": 0, "story_read_state": -1, "vclub_member": 0, "is_teenager": 0, "is_guardian": 0, "is_teenager_list": 0, "pc_new": 7, "special_follow": false, "planet_video": 2, "video_mark": 0, "live_status": 0, "user_ability_extend": 0, "status_total_counter": {"total_cnt": 250755, "repost_cnt": 35102, "comment_cnt": 5730, "like_cnt": 57977, "comment_like_cnt": 151946}, "video_total_counter": {"play_cnt": 10315651}, "brand_account": 0, "hongbaofei": 0, "tab_manage": "[0, 0]", "reward_status": 0, "green_mode": 0, "urisk": 52077527296, "avatar_type": 0}, "annotations": [{}, {}, {"client_mblogid": "iPhone-C5493CFE-3E9E-4ECB-8603-C5C96A47AD2A"}, {"mapi_request": true}], "reposts_count": 0, "comments_count": 0, "reprint_cmt_count": 0, "attitudes_count": 0, "pending_approval_count": 0, "isLongText": false, "reward_exhibition_type": 0, "hide_flag": 0, "mlevel": 128, "show_mlevel": 0, "biz_ids": [230444], "biz_feature": 4294967304, "hasActionTypeCard": 0, "darwin_tags": [], "hot_weibo_tags": [], "text_tag_tips": [], "mblogtype": 0, "userType": 0, "mlevelSource": "monitor", "more_info_type": 0, "number_display_strategy": {"apply_scenario_flag": 3, "display_text_min_number": 1000000, "display_text": "100万+"}, "positive_recom_flag": 0, "content_auth": 0, "gif_ids": "", "is_show_bulletin": 2, "comment_manage_info": {"comment_permission_type": -1, "approval_comment_type": 0, "comment_sort_type": 0, "ai_play_picture_type": 0}, "pic_num": 0, "fid": 4838080493387801, "can_reprint": false, "new_comment_style": 0}, "reply_comment": {"created_at": "Mon Nov 21 14:42:23 +0800 2022", "id": 4838253313928219, "rootid": 4838253313928219, "rootidstr": "4838253313928219", "floor_number": 212, "text": "受苦的永远是普通人，我就不信哪个书记局长的5岁小孩被拉去单独集中隔离的", "disable_reply": 0, "restrictOperate": 0, "user": {"id": 5332068506, "idstr": "5332068506", "class": 1, "screen_name": "大侠白玄临", "name": "大侠白玄临", "province": "13", "city": "1", "location": "河北 石家庄", "description": "一个人的战争，注定单枪匹马。", "url": "", "profile_image_url": "https://tvax4.sinaimg.cn/crop.0.0.996.996.50/005OQOAWly8g0rr13g7x5j30ro0ro75f.jpg?KID=imgbed,tva&Expires=1669837590&ssig=F9ajTmsKcj", "light_ring": false, "cover_image_phone": "http://ww3.sinaimg.cn/crop.0.0.640.640.640/a1d3feabjw1eca1ktsx9tj20hs0hsjtk.jpg", "profile_url": "u/5332068506", "domain": "", "weihao": "", "gender": "f", "followers_count": 211, "followers_count_str": "211", "friends_count": 214, "pagefriends_count": 12, "statuses_count": 196, "video_status_count": 0, "video_play_count": 0, "super_topic_not_syn_count": 1, "favourites_count": 544, "created_at": "Fri Oct 17 13:35:19 +0800 2014", "following": false, "allow_all_act_msg": false, "geo_enabled": false, "verified": false, "verified_type": -1, "remark": "", "insecurity": {"sexual_content": false}, "ptype": 0, "allow_all_comment": true, "avatar_large": "https://tvax4.sinaimg.cn/crop.0.0.996.996.180/005OQOAWly8g0rr13g7x5j30ro0ro75f.jpg?KID=imgbed,tva&Expires=1669837590&ssig=X6l20%2F9uIY", "avatar_hd": "https://tvax4.sinaimg.cn/crop.0.0.996.996.1024/005OQOAWly8g0rr13g7x5j30ro0ro75f.jpg?KID=imgbed,tva&Expires=1669837590&ssig=8PTLqflTp9", "verified_reason": "", "verified_trade": "", "verified_reason_url": "", "verified_source": "", "verified_source_url": "", "follow_me": false, "like": false, "like_me": false, "online_status": 0, "bi_followers_count": 33, "lang": "zh-cn", "star": 0, "mbtype": 0, "mbrank": 0, "svip": 0, "mb_expire_time": 0, "block_word": 0, "block_app": 0, "credit_score": 80, "user_ability": 44041216, "urank": 17, "story_read_state": -1, "vclub_member": 0, "is_teenager": 0, "is_guardian": 0, "is_teenager_list": 0, "pc_new": 0, "special_follow": false, "planet_video": 0, "video_mark": 0, "live_status": 0, "user_ability_extend": 0, "status_total_counter": {"total_cnt": 192, "repost_cnt": 2, "comment_cnt": 94, "like_cnt": 96, "comment_like_cnt": 0}, "video_total_counter": {"play_cnt": 8}, "brand_account": 0, "hongbaofei": 0, "tab_manage": "[0, 0]", "green_mode": 0, "urisk": 17179869184, "block": 0, "block_me": 0, "avatar_type": 0}, "mid": "4838253313928219", "idstr": "4838253313928219", "match_ai_play_picture": false}, "reply_original_text": "这个小朋友也不是 http://t.cn/A6K5j2UJ", "readtimetype": "comment", "match_ai_play_picture": false}