{"created_at": "Wed Dec 14 22:38:29 +0800 2022", "id": 4846708049843239, "rootid": 4846708049843239, "rootidstr": "4846708049843239", "floor_number": 120, "text": "这个够厉害，烧的也有点高", "disable_reply": 0, "restrictOperate": 0, "source_allowclick": 0, "source_type": 4, "source": "<a href=\"\" rel=\"nofollow\">来自江西</a>", "comment_badge": [{"pic_url": "https://h5.sinaimg.cn/upload/1007/25/2020/03/20/feed_icon_truelove.png", "name": "gold_fans", "length": 1.33, "actionlog": {"act_code": "3671", "ext": "status:fans"}, "scheme": "https://vipclub.weibo.com/goldfans/open?vuid=2194868354&F=privilege_weibo_comment&topnavstyle=1&bconf=3&portrait_only=1"}], "user": {"id": 3860960991, "idstr": "3860960991", "class": 1, "screen_name": "我是那只呆头鹅", "name": "我是那只呆头鹅", "province": "11", "city": "1", "location": "北京 东城区", "description": "继续奋斗", "url": "", "profile_image_url": "https://tvax1.sinaimg.cn/crop.0.0.600.600.50/004dicknly8gurqyqo65ij60go0go75m02.jpg?KID=imgbed,tva&Expires=1674057234&ssig=Az3Ggp7kXU", "light_ring": false, "cover_image_phone": "https://ww1.sinaimg.cn/crop.0.0.640.640.640/549d0121tw1egm1kjly3jj20hs0hsq4f.jpg", "profile_url": "u/3860960991", "domain": "", "weihao": "", "gender": "m", "followers_count": 143, "followers_count_str": "143", "friends_count": 115, "pagefriends_count": 3, "statuses_count": 6252, "video_status_count": 0, "video_play_count": 0, "super_topic_not_syn_count": 0, "favourites_count": 5, "created_at": "Wed Oct 16 17:31:58 +0800 2013", "following": false, "allow_all_act_msg": false, "geo_enabled": true, "verified": false, "verified_type": -1, "remark": "", "insecurity": {"sexual_content": false}, "ptype": 0, "allow_all_comment": true, "avatar_large": "https://tvax1.sinaimg.cn/crop.0.0.600.600.180/004dicknly8gurqyqo65ij60go0go75m02.jpg?KID=imgbed,tva&Expires=1674057234&ssig=hdoCTDmnXv", "avatar_hd": "https://tvax1.sinaimg.cn/crop.0.0.600.600.1024/004dicknly8gurqyqo65ij60go0go75m02.jpg?KID=imgbed,tva&Expires=1674057234&ssig=2eBjHT25sO", "verified_reason": "", "verified_trade": "", "verified_reason_url": "", "verified_source": "", "verified_source_url": "", "follow_me": false, "like": false, "like_me": false, "online_status": 0, "bi_followers_count": 3, "lang": "zh-cn", "star": 0, "mbtype": 2, "mbrank": 1, "svip": 0, "mb_expire_time": 1644249599, "block_word": 0, "block_app": 0, "chaohua_ability": 0, "brand_ability": 0, "nft_ability": 0, "vplus_ability": 0, "wenda_ability": 0, "live_ability": 0, "gongyi_ability": 0, "paycolumn_ability": 0, "newbrand_ability": 0, "ecommerce_ability": 0, "hardfan_ability": 0, "wbcolumn_ability": 0, "credit_score": 80, "user_ability": 2359296, "avatargj_id": "gj_vip_660", "urank": 9, "story_read_state": -1, "vclub_member": 0, "is_teenager": 0, "is_guardian": 0, "is_teenager_list": 0, "pc_new": 7, "special_follow": false, "planet_video": 2, "video_mark": 2, "live_status": 0, "user_ability_extend": 0, "status_total_counter": {"total_cnt": 228, "repost_cnt": 7, "comment_cnt": 135, "like_cnt": 86, "comment_like_cnt": 0}, "video_total_counter": {"play_cnt": 6}, "brand_account": 0, "hongbaofei": 0, "tab_manage": "[0, 0]", "reward_status": 0, "green_mode": 0, "urisk": 17179869184, "unfollowing_recom_switch": 1, "avatar_type": 0}, "mid": "4846708049843239", "idstr": "4846708049843239", "status": {"visible": {"type": 0, "list_id": 0}, "created_at": "Wed Dec 14 19:36:19 +0800 2022", "id": 4846662205576787, "idstr": "4846662205576787", "mid": "4846662205576787", "can_edit": false, "version": 3, "show_additional_indication": 0, "text": "我看到有人手上直接出水蒸气\n应该免疫系统和病毒在决一死战[哈哈]\n#男子高烧近40度睡觉掀被子直冒烟# ​", "textLength": 94, "source_allowclick": 0, "source_type": 1, "source": "<a href=\"http://app.weibo.com/t/feed/6vtZb0\" rel=\"nofollow\">微博 weibo.com</a>", "favorited": false, "truncated": false, "in_reply_to_status_id": "", "in_reply_to_user_id": "", "in_reply_to_screen_name": "", "pic_urls": [{"thumbnail_pic": "http://wx3.sinaimg.cn/thumbnail/82d30882gy1h93kk62f17g20bt0bb1l2.gif"}], "thumbnail_pic": "http://wx3.sinaimg.cn/thumbnail/82d30882gy1h93kk62f17g20bt0bb1l2.gif", "bmiddle_pic": "http://wx3.sinaimg.cn/bmiddle/82d30882gy1h93kk62f17g20bt0bb1l2.gif", "original_pic": "http://wx3.sinaimg.cn/large/82d30882gy1h93kk62f17g20bt0bb1l2.gif", "geo": null, "is_paid": false, "mblog_vip_type": 0, "user": {"id": 2194868354, "idstr": "2194868354", "class": 1, "screen_name": "科技疯汇", "name": "科技疯汇", "province": "44", "city": "1", "location": "广东 广州", "description": "知名科技/数码/汽车博主，原创视频创作人", "url": "", "profile_image_url": "https://tvax4.sinaimg.cn/crop.0.0.690.690.50/82d30882ly8gdljvx4uurj20j60j60t2.jpg?KID=imgbed,tva&Expires=1674057234&ssig=D1ivecy4c4", "light_ring": false, "cover_image": "https://wx3.sinaimg.cn/crop.0.0.920.300/82d30882gy1fz4866zqhxj20pk08cgul.jpg", "cover_image_phone": "https://wx4.sinaimg.cn/crop.0.0.640.640.640/82d30882gy1fz48733eynj20u00u048t.jpg", "profile_url": "kejifh", "domain": "kejifh", "weihao": "", "gender": "m", "followers_count": 3798536, "followers_count_str": "379.9万", "friends_count": 1446, "pagefriends_count": 40, "statuses_count": 37078, "video_status_count": 3477, "video_play_count": 0, "super_topic_not_syn_count": 0, "favourites_count": 74, "created_at": "Sat Jun 25 23:51:24 +0800 2011", "following": false, "allow_all_act_msg": false, "geo_enabled": true, "verified": true, "verified_type": 0, "remark": "", "insecurity": {"sexual_content": false}, "ptype": 0, "allow_all_comment": true, "avatar_large": "https://tvax4.sinaimg.cn/crop.0.0.690.690.180/82d30882ly8gdljvx4uurj20j60j60t2.jpg?KID=imgbed,tva&Expires=1674057234&ssig=uzEktjX1aK", "avatar_hd": "https://tvax4.sinaimg.cn/crop.0.0.690.690.1024/82d30882ly8gdljvx4uurj20j60j60t2.jpg?KID=imgbed,tva&Expires=1674057234&ssig=CZywCeu%2FGZ", "verified_reason": "知名数码博主 2022年辰星计划博主", "verified_trade": "1186", "verified_reason_url": "", "verified_source": "", "verified_source_url": "", "verified_state": 0, "verified_level": 3, "verified_type_ext": 1, "has_service_tel": false, "verified_reason_modified": "", "verified_contact_name": "", "verified_contact_email": "", "verified_contact_mobile": "", "follow_me": false, "like": false, "like_me": false, "online_status": 0, "bi_followers_count": 615, "lang": "zh-cn", "star": 0, "mbtype": 12, "mbrank": 8, "svip": 1, "mb_expire_time": 1699459200, "block_word": 0, "block_app": 1, "chaohua_ability": 0, "brand_ability": 0, "nft_ability": 11, "vplus_ability": 1, "wenda_ability": 0, "live_ability": 0, "gongyi_ability": 0, "paycolumn_ability": 1, "newbrand_ability": 0, "ecommerce_ability": 0, "hardfan_ability": 1, "wbcolumn_ability": 0, "credit_score": 80, "user_ability": -2135552484, "cardid": "star_005", "avatargj_id": "gj_vip_027", "urank": 48, "story_read_state": -1, "verified_detail": {"custom": 1, "data": [{"key": 4, "sub_key": 9, "weight": 0, "desc": "头条文章作者", "timestamp": 0}, {"key": 2, "sub_key": 0, "weight": 10, "desc": "知名数码博主", "timestamp": 0}, {"key": 16, "sub_key": 1, "weight": 0, "desc": "微博原创视频博主", "timestamp": 0}, {"key": 1, "sub_key": 0, "weight": 100, "desc": "2022年辰星计划博主", "timestamp": 0}]}, "vclub_member": 0, "is_teenager": 0, "is_guardian": 0, "is_teenager_list": 0, "pc_new": 6, "special_follow": false, "planet_video": 2, "video_mark": 15, "live_status": 0, "user_ability_extend": 1, "status_total_counter": {"total_cnt": 16244503, "repost_cnt": 3763128, "comment_cnt": 2977224, "like_cnt": 6361995, "comment_like_cnt": 3142156}, "video_total_counter": {"play_cnt": 243029611}, "brand_account": 0, "hongbaofei": 0, "tab_manage": "[0, 0]", "reward_status": 0, "green_mode": 0, "urisk": 0, "unfollowing_recom_switch": 1, "avatar_type": 0}, "picStatus": "1", "reposts_count": 0, "comments_count": 0, "reprint_cmt_count": 0, "attitudes_count": 0, "pending_approval_count": 0, "isLongText": false, "reward_exhibition_type": 0, "hide_flag": 0, "mlevel": 0, "show_mlevel": 0, "biz_feature": 0, "page_type": 64, "hasActionTypeCard": 0, "darwin_tags": [], "hot_weibo_tags": [], "text_tag_tips": [], "mblogtype": 0, "userType": 0, "more_info_type": 0, "cardid": "star_005", "number_display_strategy": {"apply_scenario_flag": 3, "display_text_min_number": 1000000, "display_text": "100万+"}, "positive_recom_flag": 0, "content_auth": 0, "gif_ids": "82d30882gy1h93kk62f17g20bt0bb1l2|o0/xTFFTnrilx081ygTdeIo0104120007LH0E010|1022:2311284846662204719177", "is_show_bulletin": 2, "comment_manage_info": {"comment_permission_type": -1, "approval_comment_type": 0, "comment_sort_type": 0, "ai_play_picture_type": 0}, "pic_num": 1, "can_reprint": false, "new_comment_style": 0}, "readtimetype": "comment", "match_ai_play_picture": false}