{"created_at": "Wed Dec 14 20:43:13 +0800 2022", "id": 4846679041518025, "rootid": 4846664696999026, "rootidstr": "4846664696999026", "floor_number": 0, "text": "回复@科技疯汇:可以", "disable_reply": 0, "restrictOperate": 0, "source_allowclick": 0, "source_type": 4, "source": "<a href=\"\" rel=\"nofollow\">来自广东</a>", "comment_badge": [{"pic_url": "https://h5.sinaimg.cn/upload/114/962/2022/07/08/member_4_bigfan3_1.png", "name": "loyal_fans", "length": 1.33, "actionlog": {"act_code": "3671", "ext": "status:fans"}, "scheme": "https://kefu.weibo.com/faqdetail?id=20848", "new_icon": true}], "user": {"id": 2060852594, "idstr": "2060852594", "class": 1, "screen_name": "小呀小肉饼呀", "name": "小呀小肉饼呀", "province": "44", "city": "12", "location": "广东 肇庆", "description": "兔年大白兔🐰", "url": "", "profile_image_url": "https://tvax4.sinaimg.cn/crop.0.0.778.778.50/7ad61d72ly8h4dnsx9gazj20lm0lm75b.jpg?KID=imgbed,tva&Expires=1674057234&ssig=hKZIOWJ1eo", "light_ring": false, "cover_image_phone": "https://ww1.sinaimg.cn/crop.0.0.640.640.640/6ce2240djw1e9115xpahoj20hs0hsjsv.jpg", "profile_url": "u/2060852594", "domain": "", "weihao": "", "gender": "m", "followers_count": 1416, "followers_count_str": "1416", "friends_count": 208, "pagefriends_count": 11, "statuses_count": 29624, "video_status_count": 0, "video_play_count": 0, "super_topic_not_syn_count": 162, "favourites_count": 37, "created_at": "Sun Apr 03 13:00:44 +0800 2011", "following": false, "allow_all_act_msg": false, "geo_enabled": true, "verified": true, "verified_type": 0, "remark": "", "insecurity": {"sexual_content": false}, "ptype": 0, "allow_all_comment": true, "avatar_large": "https://tvax4.sinaimg.cn/crop.0.0.778.778.180/7ad61d72ly8h4dnsx9gazj20lm0lm75b.jpg?KID=imgbed,tva&Expires=1674057234&ssig=NDucClO9eM", "avatar_hd": "https://tvax4.sinaimg.cn/crop.0.0.778.778.1024/7ad61d72ly8h4dnsx9gazj20lm0lm75b.jpg?KID=imgbed,tva&Expires=1674057234&ssig=QLiynAQ6WU", "verified_reason": "超话小主持人（数码IT君超话）", "verified_trade": "", "verified_reason_url": "", "verified_source": "", "verified_source_url": "", "verified_state": 0, "verified_level": 3, "verified_type_ext": 0, "has_service_tel": false, "verified_reason_modified": "", "verified_contact_name": "", "verified_contact_email": "", "verified_contact_mobile": "", "follow_me": false, "like": false, "like_me": false, "online_status": 0, "bi_followers_count": 69, "lang": "zh-cn", "star": 0, "mbtype": 12, "mbrank": 4, "svip": 0, "mb_expire_time": 1719244800, "block_word": 0, "block_app": 1, "chaohua_ability": 0, "brand_ability": 0, "nft_ability": 0, "vplus_ability": 0, "wenda_ability": 0, "live_ability": 0, "gongyi_ability": 0, "paycolumn_ability": 0, "newbrand_ability": 0, "ecommerce_ability": 0, "hardfan_ability": 0, "wbcolumn_ability": 0, "credit_score": 80, "user_ability": 2098176, "cardid": "star_1185", "avatargj_id": "gj_vip_763", "urank": 13, "story_read_state": -1, "verified_detail": {"custom": 0, "data": [{"key": 8, "sub_key": 0, "weight": 102, "desc": "超话小主持人（数码IT君超话）", "timestamp": 1661987711}]}, "vclub_member": 0, "is_teenager": 0, "is_guardian": 0, "is_teenager_list": 0, "pc_new": 6, "special_follow": false, "planet_video": 2, "video_mark": 2, "live_status": 0, "user_ability_extend": 0, "status_total_counter": {"total_cnt": 187, "repost_cnt": 114, "comment_cnt": 24, "like_cnt": 49, "comment_like_cnt": 0}, "video_total_counter": {"play_cnt": 69}, "brand_account": 0, "hongbaofei": 0, "tab_manage": "[0, 0]", "reward_status": 0, "green_mode": 0, "urisk": 566935683072, "unfollowing_recom_switch": 1, "avatar_type": 0}, "mid": "4846679041518025", "idstr": "4846679041518025", "status": {"visible": {"type": 0, "list_id": 0}, "created_at": "Wed Dec 14 19:36:19 +0800 2022", "id": 4846662205576787, "idstr": "4846662205576787", "mid": "4846662205576787", "can_edit": false, "version": 3, "show_additional_indication": 0, "text": "我看到有人手上直接出水蒸气\n应该免疫系统和病毒在决一死战[哈哈]\n#男子高烧近40度睡觉掀被子直冒烟# ​", "textLength": 94, "source_allowclick": 0, "source_type": 1, "source": "<a href=\"http://app.weibo.com/t/feed/6vtZb0\" rel=\"nofollow\">微博 weibo.com</a>", "favorited": false, "truncated": false, "in_reply_to_status_id": "", "in_reply_to_user_id": "", "in_reply_to_screen_name": "", "pic_urls": [{"thumbnail_pic": "http://wx3.sinaimg.cn/thumbnail/82d30882gy1h93kk62f17g20bt0bb1l2.gif"}], "thumbnail_pic": "http://wx3.sinaimg.cn/thumbnail/82d30882gy1h93kk62f17g20bt0bb1l2.gif", "bmiddle_pic": "http://wx3.sinaimg.cn/bmiddle/82d30882gy1h93kk62f17g20bt0bb1l2.gif", "original_pic": "http://wx3.sinaimg.cn/large/82d30882gy1h93kk62f17g20bt0bb1l2.gif", "geo": null, "is_paid": false, "mblog_vip_type": 0, "user": {"id": 2194868354, "idstr": "2194868354", "class": 1, "screen_name": "科技疯汇", "name": "科技疯汇", "province": "44", "city": "1", "location": "广东 广州", "description": "知名科技/数码/汽车博主，原创视频创作人", "url": "", "profile_image_url": "https://tvax4.sinaimg.cn/crop.0.0.690.690.50/82d30882ly8gdljvx4uurj20j60j60t2.jpg?KID=imgbed,tva&Expires=1674057234&ssig=D1ivecy4c4", "light_ring": false, "cover_image": "https://wx3.sinaimg.cn/crop.0.0.920.300/82d30882gy1fz4866zqhxj20pk08cgul.jpg", "cover_image_phone": "https://wx4.sinaimg.cn/crop.0.0.640.640.640/82d30882gy1fz48733eynj20u00u048t.jpg", "profile_url": "kejifh", "domain": "kejifh", "weihao": "", "gender": "m", "followers_count": 3798536, "followers_count_str": "379.9万", "friends_count": 1446, "pagefriends_count": 40, "statuses_count": 37078, "video_status_count": 3477, "video_play_count": 0, "super_topic_not_syn_count": 0, "favourites_count": 74, "created_at": "Sat Jun 25 23:51:24 +0800 2011", "following": false, "allow_all_act_msg": false, "geo_enabled": true, "verified": true, "verified_type": 0, "remark": "", "insecurity": {"sexual_content": false}, "ptype": 0, "allow_all_comment": true, "avatar_large": "https://tvax4.sinaimg.cn/crop.0.0.690.690.180/82d30882ly8gdljvx4uurj20j60j60t2.jpg?KID=imgbed,tva&Expires=1674057234&ssig=uzEktjX1aK", "avatar_hd": "https://tvax4.sinaimg.cn/crop.0.0.690.690.1024/82d30882ly8gdljvx4uurj20j60j60t2.jpg?KID=imgbed,tva&Expires=1674057234&ssig=CZywCeu%2FGZ", "verified_reason": "知名数码博主 2022年辰星计划博主", "verified_trade": "1186", "verified_reason_url": "", "verified_source": "", "verified_source_url": "", "verified_state": 0, "verified_level": 3, "verified_type_ext": 1, "has_service_tel": false, "verified_reason_modified": "", "verified_contact_name": "", "verified_contact_email": "", "verified_contact_mobile": "", "follow_me": false, "like": false, "like_me": false, "online_status": 0, "bi_followers_count": 615, "lang": "zh-cn", "star": 0, "mbtype": 12, "mbrank": 8, "svip": 1, "mb_expire_time": 1699459200, "block_word": 0, "block_app": 1, "chaohua_ability": 0, "brand_ability": 0, "nft_ability": 11, "vplus_ability": 1, "wenda_ability": 0, "live_ability": 0, "gongyi_ability": 0, "paycolumn_ability": 1, "newbrand_ability": 0, "ecommerce_ability": 0, "hardfan_ability": 1, "wbcolumn_ability": 0, "credit_score": 80, "user_ability": -2135552484, "cardid": "star_005", "avatargj_id": "gj_vip_027", "urank": 48, "story_read_state": -1, "verified_detail": {"custom": 1, "data": [{"key": 4, "sub_key": 9, "weight": 0, "desc": "头条文章作者", "timestamp": 0}, {"key": 2, "sub_key": 0, "weight": 10, "desc": "知名数码博主", "timestamp": 0}, {"key": 16, "sub_key": 1, "weight": 0, "desc": "微博原创视频博主", "timestamp": 0}, {"key": 1, "sub_key": 0, "weight": 100, "desc": "2022年辰星计划博主", "timestamp": 0}]}, "vclub_member": 0, "is_teenager": 0, "is_guardian": 0, "is_teenager_list": 0, "pc_new": 6, "special_follow": false, "planet_video": 2, "video_mark": 15, "live_status": 0, "user_ability_extend": 1, "status_total_counter": {"total_cnt": 16244503, "repost_cnt": 3763128, "comment_cnt": 2977224, "like_cnt": 6361995, "comment_like_cnt": 3142156}, "video_total_counter": {"play_cnt": 243029611}, "brand_account": 0, "hongbaofei": 0, "tab_manage": "[0, 0]", "reward_status": 0, "green_mode": 0, "urisk": 0, "unfollowing_recom_switch": 1, "avatar_type": 0}, "picStatus": "1", "reposts_count": 0, "comments_count": 0, "reprint_cmt_count": 0, "attitudes_count": 0, "pending_approval_count": 0, "isLongText": false, "reward_exhibition_type": 0, "hide_flag": 0, "mlevel": 0, "show_mlevel": 0, "biz_feature": 0, "page_type": 64, "hasActionTypeCard": 0, "darwin_tags": [], "hot_weibo_tags": [], "text_tag_tips": [], "mblogtype": 0, "userType": 0, "more_info_type": 0, "cardid": "star_005", "number_display_strategy": {"apply_scenario_flag": 3, "display_text_min_number": 1000000, "display_text": "100万+"}, "positive_recom_flag": 0, "content_auth": 0, "gif_ids": "82d30882gy1h93kk62f17g20bt0bb1l2|o0/xTFFTnrilx081ygTdeIo0104120007LH0E010|1022:2311284846662204719177", "is_show_bulletin": 2, "comment_manage_info": {"comment_permission_type": -1, "approval_comment_type": 0, "comment_sort_type": 0, "ai_play_picture_type": 0}, "pic_num": 1, "can_reprint": false, "new_comment_style": 0}, "reply_comment": {"created_at": "Wed Dec 14 19:46:36 +0800 2022", "id": 4846664793984847, "rootid": 4846664696999026, "rootidstr": "4846664696999026", "floor_number": 0, "text": "回复@暴打猛男ov:[允悲][允悲]", "disable_reply": 0, "is_mblog_author": true, "restrictOperate": 0, "comment_badge": [{"pic_url": "https://h5.sinaimg.cn/upload/1007/25/2019/05/17/feed_icon_poster_identity133low.png", "name": "blogger", "length": 1.33, "actionlog": {"act_code": "3671", "ext": "status:author"}, "scheme": "https://kefu.weibo.com/faqdetail?id=20848"}], "user": {"id": 2194868354, "idstr": "2194868354", "class": 1, "screen_name": "科技疯汇", "name": "科技疯汇", "province": "44", "city": "1", "location": "广东 广州", "description": "知名科技/数码/汽车博主，原创视频创作人", "url": "", "profile_image_url": "https://tvax4.sinaimg.cn/crop.0.0.690.690.50/82d30882ly8gdljvx4uurj20j60j60t2.jpg?KID=imgbed,tva&Expires=1674057234&ssig=D1ivecy4c4", "light_ring": false, "cover_image": "https://wx3.sinaimg.cn/crop.0.0.920.300/82d30882gy1fz4866zqhxj20pk08cgul.jpg", "cover_image_phone": "https://wx4.sinaimg.cn/crop.0.0.640.640.640/82d30882gy1fz48733eynj20u00u048t.jpg", "profile_url": "kejifh", "domain": "kejifh", "weihao": "", "gender": "m", "followers_count": 3798536, "followers_count_str": "379.9万", "friends_count": 1446, "pagefriends_count": 40, "statuses_count": 37078, "video_status_count": 3477, "video_play_count": 0, "super_topic_not_syn_count": 0, "favourites_count": 74, "created_at": "Sat Jun 25 23:51:24 +0800 2011", "following": false, "allow_all_act_msg": false, "geo_enabled": true, "verified": true, "verified_type": 0, "remark": "", "insecurity": {"sexual_content": false}, "ptype": 0, "allow_all_comment": true, "avatar_large": "https://tvax4.sinaimg.cn/crop.0.0.690.690.180/82d30882ly8gdljvx4uurj20j60j60t2.jpg?KID=imgbed,tva&Expires=1674057234&ssig=uzEktjX1aK", "avatar_hd": "https://tvax4.sinaimg.cn/crop.0.0.690.690.1024/82d30882ly8gdljvx4uurj20j60j60t2.jpg?KID=imgbed,tva&Expires=1674057234&ssig=CZywCeu%2FGZ", "verified_reason": "知名数码博主 2022年辰星计划博主", "verified_trade": "1186", "verified_reason_url": "", "verified_source": "", "verified_source_url": "", "verified_state": 0, "verified_level": 3, "verified_type_ext": 1, "has_service_tel": false, "verified_reason_modified": "", "verified_contact_name": "", "verified_contact_email": "", "verified_contact_mobile": "", "follow_me": false, "like": false, "like_me": false, "online_status": 0, "bi_followers_count": 615, "lang": "zh-cn", "star": 0, "mbtype": 12, "mbrank": 8, "svip": 1, "mb_expire_time": 1699459200, "block_word": 0, "block_app": 1, "chaohua_ability": 0, "brand_ability": 0, "nft_ability": 11, "vplus_ability": 1, "wenda_ability": 0, "live_ability": 0, "gongyi_ability": 0, "paycolumn_ability": 1, "newbrand_ability": 0, "ecommerce_ability": 0, "hardfan_ability": 1, "wbcolumn_ability": 0, "credit_score": 80, "user_ability": -2135552484, "cardid": "star_005", "avatargj_id": "gj_vip_027", "urank": 48, "story_read_state": -1, "verified_detail": {"custom": 1, "data": [{"key": 4, "sub_key": 9, "weight": 0, "desc": "头条文章作者", "timestamp": 0}, {"key": 2, "sub_key": 0, "weight": 10, "desc": "知名数码博主", "timestamp": 0}, {"key": 16, "sub_key": 1, "weight": 0, "desc": "微博原创视频博主", "timestamp": 0}, {"key": 1, "sub_key": 0, "weight": 100, "desc": "2022年辰星计划博主", "timestamp": 0}]}, "vclub_member": 0, "is_teenager": 0, "is_guardian": 0, "is_teenager_list": 0, "pc_new": 6, "special_follow": false, "planet_video": 2, "video_mark": 15, "live_status": 0, "user_ability_extend": 1, "status_total_counter": {"total_cnt": 16244503, "repost_cnt": 3763128, "comment_cnt": 2977224, "like_cnt": 6361995, "comment_like_cnt": 3142156}, "video_total_counter": {"play_cnt": 243029611}, "brand_account": 0, "hongbaofei": 0, "tab_manage": "[0, 0]", "reward_status": 0, "green_mode": 0, "urisk": 0, "unfollowing_recom_switch": 1, "avatar_type": 0}, "mid": "4846664793984847", "idstr": "4846664793984847", "match_ai_play_picture": false}, "reply_original_text": "可以", "readtimetype": "comment", "match_ai_play_picture": false}