{"created_at": "Thu Dec 15 19:15:15 +0800 2022", "id": 4847019292888269, "rootid": 4847019292888269, "rootidstr": "4847019292888269", "floor_number": 154, "text": "北方病人，穷的没交取暖费，市内5、6度，在被窝里发烧出来当然这样了。", "disable_reply": 0, "restrictOperate": 0, "source_allowclick": 0, "source_type": 4, "source": "<a href=\"\" rel=\"nofollow\">来自辽宁</a>", "user": {"id": 2567273415, "idstr": "2567273415", "class": 1, "screen_name": "张金刚老师", "name": "张金刚老师", "province": "21", "city": "1000", "location": "辽宁", "description": "爱生活爱生命崇尚纯真的事物和一切善良真诚的生活方式，想自由飞翔和给予需要帮助的人。", "url": "http://blog.sina.com.cn/", "profile_image_url": "https://tvax3.sinaimg.cn/crop.0.0.800.800.50/99057bc7ly8h43d5i2jjxj20m80m8mxq.jpg?KID=imgbed,tva&Expires=1674057188&ssig=8kHbcSjTzg", "light_ring": false, "cover_image_phone": "https://ww1.sinaimg.cn/crop.0.0.640.640.640/9d44112bjw1f1xl1c10tuj20hs0hs0tw.jpg", "profile_url": "zjg1895", "domain": "zjg1895", "weihao": "", "gender": "m", "followers_count": 771, "followers_count_str": "771", "friends_count": 1505, "pagefriends_count": 29, "statuses_count": 3928, "video_status_count": 22, "video_play_count": 0, "super_topic_not_syn_count": 0, "favourites_count": 145, "created_at": "Sun Jan 08 10:16:36 +0800 2012", "following": false, "allow_all_act_msg": false, "geo_enabled": true, "verified": true, "verified_type": 0, "remark": "", "insecurity": {"sexual_content": false}, "ptype": 0, "allow_all_comment": true, "avatar_large": "https://tvax3.sinaimg.cn/crop.0.0.800.800.180/99057bc7ly8h43d5i2jjxj20m80m8mxq.jpg?KID=imgbed,tva&Expires=1674057188&ssig=f8ay6y05%2B1", "avatar_hd": "https://tvax3.sinaimg.cn/crop.0.0.800.800.1024/99057bc7ly8h43d5i2jjxj20m80m8mxq.jpg?KID=imgbed,tva&Expires=1674057188&ssig=Rj1IvhREqp", "verified_reason": "朝阳慕容街企业管理咨询有限公司总经理", "verified_trade": "1327", "verified_reason_url": "", "verified_source": "", "verified_source_url": "", "verified_state": 0, "verified_level": 3, "verified_type_ext": 0, "has_service_tel": false, "verified_reason_modified": "", "verified_contact_name": "", "verified_contact_email": "", "verified_contact_mobile": "", "follow_me": false, "like": false, "like_me": false, "online_status": 0, "bi_followers_count": 423, "lang": "zh-cn", "star": 0, "mbtype": 2, "mbrank": 4, "svip": 0, "mb_expire_time": 1592841599, "block_word": 0, "block_app": 0, "chaohua_ability": 0, "brand_ability": 0, "nft_ability": 0, "vplus_ability": 0, "wenda_ability": 0, "live_ability": 0, "gongyi_ability": 0, "paycolumn_ability": 0, "newbrand_ability": 0, "ecommerce_ability": 0, "hardfan_ability": 0, "wbcolumn_ability": 0, "credit_score": 80, "user_ability": 2359296, "cardid": "star_030", "avatargj_id": "gj_vip_011", "urank": 27, "story_read_state": -1, "verified_detail": {"custom": 0, "data": [{"key": 1, "sub_key": 0, "weight": 10, "desc": "朝阳慕容街企业管理咨询有限公司总经理", "timestamp": 0, "verify_extend": {"real_name_verified": "1"}}]}, "vclub_member": 0, "is_teenager": 0, "is_guardian": 0, "is_teenager_list": 0, "pc_new": 7, "special_follow": false, "planet_video": 2, "video_mark": 0, "live_status": 0, "user_ability_extend": 0, "status_total_counter": {"total_cnt": 649, "repost_cnt": 274, "comment_cnt": 179, "like_cnt": 196, "comment_like_cnt": 0}, "video_total_counter": {"play_cnt": 3742}, "brand_account": 0, "hongbaofei": 0, "tab_manage": "[0, 0]", "reward_status": 0, "green_mode": 0, "urisk": 0, "unfollowing_recom_switch": 1, "avatar_type": 0}, "mid": "4847019292888269", "idstr": "4847019292888269", "status": {"visible": {"type": 0, "list_id": 0}, "created_at": "Wed Dec 14 19:36:19 +0800 2022", "id": 4846662205576787, "idstr": "4846662205576787", "mid": "4846662205576787", "can_edit": false, "version": 3, "show_additional_indication": 0, "text": "我看到有人手上直接出水蒸气\n应该免疫系统和病毒在决一死战[哈哈]\n#男子高烧近40度睡觉掀被子直冒烟# ​", "textLength": 94, "source_allowclick": 0, "source_type": 1, "source": "<a href=\"http://app.weibo.com/t/feed/6vtZb0\" rel=\"nofollow\">微博 weibo.com</a>", "favorited": false, "truncated": false, "in_reply_to_status_id": "", "in_reply_to_user_id": "", "in_reply_to_screen_name": "", "pic_urls": [{"thumbnail_pic": "http://wx3.sinaimg.cn/thumbnail/82d30882gy1h93kk62f17g20bt0bb1l2.gif"}], "thumbnail_pic": "http://wx3.sinaimg.cn/thumbnail/82d30882gy1h93kk62f17g20bt0bb1l2.gif", "bmiddle_pic": "http://wx3.sinaimg.cn/bmiddle/82d30882gy1h93kk62f17g20bt0bb1l2.gif", "original_pic": "http://wx3.sinaimg.cn/large/82d30882gy1h93kk62f17g20bt0bb1l2.gif", "geo": null, "is_paid": false, "mblog_vip_type": 0, "user": {"id": 2194868354, "idstr": "2194868354", "class": 1, "screen_name": "科技疯汇", "name": "科技疯汇", "province": "44", "city": "1", "location": "广东 广州", "description": "知名科技/数码/汽车博主，原创视频创作人", "url": "", "profile_image_url": "https://tvax4.sinaimg.cn/crop.0.0.690.690.50/82d30882ly8gdljvx4uurj20j60j60t2.jpg?KID=imgbed,tva&Expires=1674057188&ssig=xy878P8j62", "light_ring": false, "cover_image": "https://wx3.sinaimg.cn/crop.0.0.920.300/82d30882gy1fz4866zqhxj20pk08cgul.jpg", "cover_image_phone": "https://wx4.sinaimg.cn/crop.0.0.640.640.640/82d30882gy1fz48733eynj20u00u048t.jpg", "profile_url": "kejifh", "domain": "kejifh", "weihao": "", "gender": "m", "followers_count": 3798536, "followers_count_str": "379.9万", "friends_count": 1446, "pagefriends_count": 40, "statuses_count": 37078, "video_status_count": 3477, "video_play_count": 0, "super_topic_not_syn_count": 0, "favourites_count": 74, "created_at": "Sat Jun 25 23:51:24 +0800 2011", "following": false, "allow_all_act_msg": false, "geo_enabled": true, "verified": true, "verified_type": 0, "remark": "", "insecurity": {"sexual_content": false}, "ptype": 0, "allow_all_comment": true, "avatar_large": "https://tvax4.sinaimg.cn/crop.0.0.690.690.180/82d30882ly8gdljvx4uurj20j60j60t2.jpg?KID=imgbed,tva&Expires=1674057188&ssig=Z%2Ft0RrVIOj", "avatar_hd": "https://tvax4.sinaimg.cn/crop.0.0.690.690.1024/82d30882ly8gdljvx4uurj20j60j60t2.jpg?KID=imgbed,tva&Expires=1674057188&ssig=C%2F2w%2FXEIka", "verified_reason": "知名数码博主 2022年辰星计划博主", "verified_trade": "1186", "verified_reason_url": "", "verified_source": "", "verified_source_url": "", "verified_state": 0, "verified_level": 3, "verified_type_ext": 1, "has_service_tel": false, "verified_reason_modified": "", "verified_contact_name": "", "verified_contact_email": "", "verified_contact_mobile": "", "follow_me": false, "like": false, "like_me": false, "online_status": 0, "bi_followers_count": 615, "lang": "zh-cn", "star": 0, "mbtype": 12, "mbrank": 8, "svip": 1, "mb_expire_time": 1699459200, "block_word": 0, "block_app": 1, "chaohua_ability": 0, "brand_ability": 0, "nft_ability": 11, "vplus_ability": 1, "wenda_ability": 0, "live_ability": 0, "gongyi_ability": 0, "paycolumn_ability": 1, "newbrand_ability": 0, "ecommerce_ability": 0, "hardfan_ability": 1, "wbcolumn_ability": 0, "credit_score": 80, "user_ability": -2135552484, "cardid": "star_005", "avatargj_id": "gj_vip_027", "urank": 48, "story_read_state": -1, "verified_detail": {"custom": 1, "data": [{"key": 4, "sub_key": 9, "weight": 0, "desc": "头条文章作者", "timestamp": 0}, {"key": 2, "sub_key": 0, "weight": 10, "desc": "知名数码博主", "timestamp": 0}, {"key": 16, "sub_key": 1, "weight": 0, "desc": "微博原创视频博主", "timestamp": 0}, {"key": 1, "sub_key": 0, "weight": 100, "desc": "2022年辰星计划博主", "timestamp": 0}]}, "vclub_member": 0, "is_teenager": 0, "is_guardian": 0, "is_teenager_list": 0, "pc_new": 6, "special_follow": false, "planet_video": 2, "video_mark": 15, "live_status": 0, "user_ability_extend": 1, "status_total_counter": {"total_cnt": 16244500, "repost_cnt": 3763128, "comment_cnt": 2977224, "like_cnt": 6361995, "comment_like_cnt": 3142153}, "video_total_counter": {"play_cnt": 243029609}, "brand_account": 0, "hongbaofei": 0, "tab_manage": "[0, 0]", "reward_status": 0, "green_mode": 0, "urisk": 0, "unfollowing_recom_switch": 1, "avatar_type": 0}, "picStatus": "1", "reposts_count": 0, "comments_count": 0, "reprint_cmt_count": 0, "attitudes_count": 0, "pending_approval_count": 0, "isLongText": false, "reward_exhibition_type": 0, "hide_flag": 0, "mlevel": 0, "show_mlevel": 0, "biz_feature": 0, "page_type": 64, "hasActionTypeCard": 0, "darwin_tags": [], "hot_weibo_tags": [], "text_tag_tips": [], "mblogtype": 0, "userType": 0, "more_info_type": 0, "cardid": "star_005", "number_display_strategy": {"apply_scenario_flag": 3, "display_text_min_number": 1000000, "display_text": "100万+"}, "positive_recom_flag": 0, "content_auth": 0, "gif_ids": "82d30882gy1h93kk62f17g20bt0bb1l2|o0/xTFFTnrilx081ygTdeIo0104120007LH0E010|1022:2311284846662204719177", "is_show_bulletin": 2, "comment_manage_info": {"comment_permission_type": -1, "approval_comment_type": 0, "comment_sort_type": 0, "ai_play_picture_type": 0}, "pic_num": 1, "can_reprint": false, "new_comment_style": 0}, "readtimetype": "comment", "match_ai_play_picture": false}