{"created_at": "Thu Dec 15 02:55:53 +0800 2022", "id": 4846772826146160, "rootid": 4846674566718968, "rootidstr": "4846674566718968", "floor_number": 0, "text": "回复@科技疯汇:666，比特效还特效", "disable_reply": 0, "restrictOperate": 0, "source_allowclick": 0, "source_type": 4, "source": "<a href=\"\" rel=\"nofollow\">来自四川</a>", "comment_badge": [{"pic_url": "https://h5.sinaimg.cn/upload/1007/25/2020/03/20/feed_icon_truelove.png", "name": "gold_fans", "length": 1.33, "actionlog": {"act_code": "3671", "ext": "status:fans"}, "scheme": "https://vipclub.weibo.com/goldfans/open?vuid=2194868354&F=privilege_weibo_comment&topnavstyle=1&bconf=3&portrait_only=1"}], "user": {"id": 6409976577, "idstr": "6409976577", "class": 1, "screen_name": "爆米花花不是花", "name": "爆米花花不是花", "province": "51", "city": "1000", "location": "四川", "description": "无需多言", "url": "", "profile_image_url": "https://tvax1.sinaimg.cn/crop.0.0.875.875.50/006ZNBIZly8gxxy7y83zej30ob0obdhq.jpg?KID=imgbed,tva&Expires=1674057188&ssig=SvqpNnZZaD", "light_ring": false, "cover_image": "https://wx1.sinaimg.cn/crop.0.0.920.300/006ZNBIZgy1fli15ecbboj30pk08cgrk.jpg", "cover_image_phone": "https://ww1.sinaimg.cn/crop.0.0.640.640.640/9d44112bjw1f1xl1c10tuj20hs0hs0tw.jpg", "profile_url": "u/6409976577", "domain": "", "weihao": "", "gender": "f", "followers_count": 760, "followers_count_str": "760", "friends_count": 1499, "pagefriends_count": 126, "statuses_count": 33880, "video_status_count": 58, "video_play_count": 0, "super_topic_not_syn_count": 80, "favourites_count": 10, "created_at": "Tue Nov 14 22:46:01 +0800 2017", "following": false, "allow_all_act_msg": false, "geo_enabled": true, "verified": true, "verified_type": 0, "remark": "", "insecurity": {"sexual_content": false}, "ptype": 0, "allow_all_comment": true, "avatar_large": "https://tvax1.sinaimg.cn/crop.0.0.875.875.180/006ZNBIZly8gxxy7y83zej30ob0obdhq.jpg?KID=imgbed,tva&Expires=1674057188&ssig=YCqACcw29d", "avatar_hd": "https://tvax1.sinaimg.cn/crop.0.0.875.875.1024/006ZNBIZly8gxxy7y83zej30ob0obdhq.jpg?KID=imgbed,tva&Expires=1674057188&ssig=PZXeHXr8b%2F", "verified_reason": "超话粉丝大咖（谢霆锋超话）", "verified_trade": "", "verified_reason_url": "", "verified_source": "", "verified_source_url": "", "verified_state": 0, "verified_level": 3, "verified_type_ext": 0, "has_service_tel": false, "verified_reason_modified": "", "verified_contact_name": "", "verified_contact_email": "", "verified_contact_mobile": "", "follow_me": false, "like": false, "like_me": false, "online_status": 0, "bi_followers_count": 148, "lang": "zh-cn", "star": 0, "mbtype": 12, "mbrank": 5, "svip": 0, "mb_expire_time": 1677513600, "block_word": 0, "block_app": 1, "chaohua_ability": 0, "brand_ability": 0, "nft_ability": 0, "vplus_ability": 0, "wenda_ability": 0, "live_ability": 0, "gongyi_ability": 0, "paycolumn_ability": 0, "newbrand_ability": 0, "ecommerce_ability": 0, "hardfan_ability": 0, "wbcolumn_ability": 0, "credit_score": 80, "user_ability": 2359328, "cardid": "star_1545", "avatargj_id": "gj_vip_691", "urank": 9, "story_read_state": -1, "verified_detail": {"custom": 0, "data": [{"key": 8, "sub_key": 0, "weight": 102, "desc": "超话粉丝大咖（谢霆锋超话）", "timestamp": 1655343201}]}, "vclub_member": 0, "is_teenager": 0, "is_guardian": 0, "is_teenager_list": 0, "pc_new": 7, "special_follow": false, "planet_video": 2, "video_mark": 2, "live_status": 0, "user_ability_extend": 0, "video_cover": {"mid": 4729017314050606}, "status_total_counter": {"total_cnt": 21753, "repost_cnt": 311, "comment_cnt": 9323, "like_cnt": 8334, "comment_like_cnt": 3785}, "video_total_counter": {"play_cnt": 22172}, "brand_account": 0, "hongbaofei": 0, "tab_manage": "[0, 0]", "reward_status": 0, "green_mode": 0, "urisk": 17179869184, "unfollowing_recom_switch": 1, "avatar_type": 0}, "mid": "4846772826146160", "idstr": "4846772826146160", "status": {"visible": {"type": 0, "list_id": 0}, "created_at": "Wed Dec 14 19:36:19 +0800 2022", "id": 4846662205576787, "idstr": "4846662205576787", "mid": "4846662205576787", "can_edit": false, "version": 3, "show_additional_indication": 0, "text": "我看到有人手上直接出水蒸气\n应该免疫系统和病毒在决一死战[哈哈]\n#男子高烧近40度睡觉掀被子直冒烟# ​", "textLength": 94, "source_allowclick": 0, "source_type": 1, "source": "<a href=\"http://app.weibo.com/t/feed/6vtZb0\" rel=\"nofollow\">微博 weibo.com</a>", "favorited": false, "truncated": false, "in_reply_to_status_id": "", "in_reply_to_user_id": "", "in_reply_to_screen_name": "", "pic_urls": [{"thumbnail_pic": "http://wx3.sinaimg.cn/thumbnail/82d30882gy1h93kk62f17g20bt0bb1l2.gif"}], "thumbnail_pic": "http://wx3.sinaimg.cn/thumbnail/82d30882gy1h93kk62f17g20bt0bb1l2.gif", "bmiddle_pic": "http://wx3.sinaimg.cn/bmiddle/82d30882gy1h93kk62f17g20bt0bb1l2.gif", "original_pic": "http://wx3.sinaimg.cn/large/82d30882gy1h93kk62f17g20bt0bb1l2.gif", "geo": null, "is_paid": false, "mblog_vip_type": 0, "user": {"id": 2194868354, "idstr": "2194868354", "class": 1, "screen_name": "科技疯汇", "name": "科技疯汇", "province": "44", "city": "1", "location": "广东 广州", "description": "知名科技/数码/汽车博主，原创视频创作人", "url": "", "profile_image_url": "https://tvax4.sinaimg.cn/crop.0.0.690.690.50/82d30882ly8gdljvx4uurj20j60j60t2.jpg?KID=imgbed,tva&Expires=1674057188&ssig=xy878P8j62", "light_ring": false, "cover_image": "https://wx3.sinaimg.cn/crop.0.0.920.300/82d30882gy1fz4866zqhxj20pk08cgul.jpg", "cover_image_phone": "https://wx4.sinaimg.cn/crop.0.0.640.640.640/82d30882gy1fz48733eynj20u00u048t.jpg", "profile_url": "kejifh", "domain": "kejifh", "weihao": "", "gender": "m", "followers_count": 3798536, "followers_count_str": "379.9万", "friends_count": 1446, "pagefriends_count": 40, "statuses_count": 37078, "video_status_count": 3477, "video_play_count": 0, "super_topic_not_syn_count": 0, "favourites_count": 74, "created_at": "Sat Jun 25 23:51:24 +0800 2011", "following": false, "allow_all_act_msg": false, "geo_enabled": true, "verified": true, "verified_type": 0, "remark": "", "insecurity": {"sexual_content": false}, "ptype": 0, "allow_all_comment": true, "avatar_large": "https://tvax4.sinaimg.cn/crop.0.0.690.690.180/82d30882ly8gdljvx4uurj20j60j60t2.jpg?KID=imgbed,tva&Expires=1674057188&ssig=Z%2Ft0RrVIOj", "avatar_hd": "https://tvax4.sinaimg.cn/crop.0.0.690.690.1024/82d30882ly8gdljvx4uurj20j60j60t2.jpg?KID=imgbed,tva&Expires=1674057188&ssig=C%2F2w%2FXEIka", "verified_reason": "知名数码博主 2022年辰星计划博主", "verified_trade": "1186", "verified_reason_url": "", "verified_source": "", "verified_source_url": "", "verified_state": 0, "verified_level": 3, "verified_type_ext": 1, "has_service_tel": false, "verified_reason_modified": "", "verified_contact_name": "", "verified_contact_email": "", "verified_contact_mobile": "", "follow_me": false, "like": false, "like_me": false, "online_status": 0, "bi_followers_count": 615, "lang": "zh-cn", "star": 0, "mbtype": 12, "mbrank": 8, "svip": 1, "mb_expire_time": 1699459200, "block_word": 0, "block_app": 1, "chaohua_ability": 0, "brand_ability": 0, "nft_ability": 11, "vplus_ability": 1, "wenda_ability": 0, "live_ability": 0, "gongyi_ability": 0, "paycolumn_ability": 1, "newbrand_ability": 0, "ecommerce_ability": 0, "hardfan_ability": 1, "wbcolumn_ability": 0, "credit_score": 80, "user_ability": -2135552484, "cardid": "star_005", "avatargj_id": "gj_vip_027", "urank": 48, "story_read_state": -1, "verified_detail": {"custom": 1, "data": [{"key": 4, "sub_key": 9, "weight": 0, "desc": "头条文章作者", "timestamp": 0}, {"key": 2, "sub_key": 0, "weight": 10, "desc": "知名数码博主", "timestamp": 0}, {"key": 16, "sub_key": 1, "weight": 0, "desc": "微博原创视频博主", "timestamp": 0}, {"key": 1, "sub_key": 0, "weight": 100, "desc": "2022年辰星计划博主", "timestamp": 0}]}, "vclub_member": 0, "is_teenager": 0, "is_guardian": 0, "is_teenager_list": 0, "pc_new": 6, "special_follow": false, "planet_video": 2, "video_mark": 15, "live_status": 0, "user_ability_extend": 1, "status_total_counter": {"total_cnt": 16244500, "repost_cnt": 3763128, "comment_cnt": 2977224, "like_cnt": 6361995, "comment_like_cnt": 3142153}, "video_total_counter": {"play_cnt": 243029609}, "brand_account": 0, "hongbaofei": 0, "tab_manage": "[0, 0]", "reward_status": 0, "green_mode": 0, "urisk": 0, "unfollowing_recom_switch": 1, "avatar_type": 0}, "picStatus": "1", "reposts_count": 0, "comments_count": 0, "reprint_cmt_count": 0, "attitudes_count": 0, "pending_approval_count": 0, "isLongText": false, "reward_exhibition_type": 0, "hide_flag": 0, "mlevel": 0, "show_mlevel": 0, "biz_feature": 0, "page_type": 64, "hasActionTypeCard": 0, "darwin_tags": [], "hot_weibo_tags": [], "text_tag_tips": [], "mblogtype": 0, "userType": 0, "more_info_type": 0, "cardid": "star_005", "number_display_strategy": {"apply_scenario_flag": 3, "display_text_min_number": 1000000, "display_text": "100万+"}, "positive_recom_flag": 0, "content_auth": 0, "gif_ids": "82d30882gy1h93kk62f17g20bt0bb1l2|o0/xTFFTnrilx081ygTdeIo0104120007LH0E010|1022:2311284846662204719177", "is_show_bulletin": 2, "comment_manage_info": {"comment_permission_type": -1, "approval_comment_type": 0, "comment_sort_type": 0, "ai_play_picture_type": 0}, "pic_num": 1, "can_reprint": false, "new_comment_style": 0}, "reply_comment": {"created_at": "Wed Dec 14 23:11:58 +0800 2022", "id": 4846716475416086, "rootid": 4846674566718968, "rootidstr": "4846674566718968", "floor_number": 0, "text": "回复@来自鲁的云:[偷乐][偷乐]", "disable_reply": 0, "is_mblog_author": true, "restrictOperate": 0, "comment_badge": [{"pic_url": "https://h5.sinaimg.cn/upload/1007/25/2019/05/17/feed_icon_poster_identity133low.png", "name": "blogger", "length": 1.33, "actionlog": {"act_code": "3671", "ext": "status:author"}, "scheme": "https://kefu.weibo.com/faqdetail?id=20848"}, {"pic_url": "https://h5.sinaimg.cn/upload/1007/25/2019/05/17/feed_icon_poster_identity133low.png", "name": "blogger", "length": 1.33, "actionlog": {"act_code": "3671", "ext": "status:author"}, "scheme": "https://kefu.weibo.com/faqdetail?id=20848"}, {"pic_url": "https://h5.sinaimg.cn/upload/1007/25/2019/05/17/feed_icon_poster_identity133low.png", "name": "blogger", "length": 1.33, "actionlog": {"act_code": "3671", "ext": "status:author"}, "scheme": "https://kefu.weibo.com/faqdetail?id=20848"}, {"pic_url": "https://h5.sinaimg.cn/upload/1007/25/2019/05/17/feed_icon_poster_identity133low.png", "name": "blogger", "length": 1.33, "actionlog": {"act_code": "3671", "ext": "status:author"}, "scheme": "https://kefu.weibo.com/faqdetail?id=20848"}, {"pic_url": "https://h5.sinaimg.cn/upload/1007/25/2019/05/17/feed_icon_poster_identity133low.png", "name": "blogger", "length": 1.33, "actionlog": {"act_code": "3671", "ext": "status:author"}, "scheme": "https://kefu.weibo.com/faqdetail?id=20848"}, {"pic_url": "https://h5.sinaimg.cn/upload/1007/25/2019/05/17/feed_icon_poster_identity133low.png", "name": "blogger", "length": 1.33, "actionlog": {"act_code": "3671", "ext": "status:author"}, "scheme": "https://kefu.weibo.com/faqdetail?id=20848"}, {"pic_url": "https://h5.sinaimg.cn/upload/1007/25/2019/05/17/feed_icon_poster_identity133low.png", "name": "blogger", "length": 1.33, "actionlog": {"act_code": "3671", "ext": "status:author"}, "scheme": "https://kefu.weibo.com/faqdetail?id=20848"}], "user": {"id": 2194868354, "idstr": "2194868354", "class": 1, "screen_name": "科技疯汇", "name": "科技疯汇", "province": "44", "city": "1", "location": "广东 广州", "description": "知名科技/数码/汽车博主，原创视频创作人", "url": "", "profile_image_url": "https://tvax4.sinaimg.cn/crop.0.0.690.690.50/82d30882ly8gdljvx4uurj20j60j60t2.jpg?KID=imgbed,tva&Expires=1674057188&ssig=xy878P8j62", "light_ring": false, "cover_image": "https://wx3.sinaimg.cn/crop.0.0.920.300/82d30882gy1fz4866zqhxj20pk08cgul.jpg", "cover_image_phone": "https://wx4.sinaimg.cn/crop.0.0.640.640.640/82d30882gy1fz48733eynj20u00u048t.jpg", "profile_url": "kejifh", "domain": "kejifh", "weihao": "", "gender": "m", "followers_count": 3798536, "followers_count_str": "379.9万", "friends_count": 1446, "pagefriends_count": 40, "statuses_count": 37078, "video_status_count": 3477, "video_play_count": 0, "super_topic_not_syn_count": 0, "favourites_count": 74, "created_at": "Sat Jun 25 23:51:24 +0800 2011", "following": false, "allow_all_act_msg": false, "geo_enabled": true, "verified": true, "verified_type": 0, "remark": "", "insecurity": {"sexual_content": false}, "ptype": 0, "allow_all_comment": true, "avatar_large": "https://tvax4.sinaimg.cn/crop.0.0.690.690.180/82d30882ly8gdljvx4uurj20j60j60t2.jpg?KID=imgbed,tva&Expires=1674057188&ssig=Z%2Ft0RrVIOj", "avatar_hd": "https://tvax4.sinaimg.cn/crop.0.0.690.690.1024/82d30882ly8gdljvx4uurj20j60j60t2.jpg?KID=imgbed,tva&Expires=1674057188&ssig=C%2F2w%2FXEIka", "verified_reason": "知名数码博主 2022年辰星计划博主", "verified_trade": "1186", "verified_reason_url": "", "verified_source": "", "verified_source_url": "", "verified_state": 0, "verified_level": 3, "verified_type_ext": 1, "has_service_tel": false, "verified_reason_modified": "", "verified_contact_name": "", "verified_contact_email": "", "verified_contact_mobile": "", "follow_me": false, "like": false, "like_me": false, "online_status": 0, "bi_followers_count": 615, "lang": "zh-cn", "star": 0, "mbtype": 12, "mbrank": 8, "svip": 1, "mb_expire_time": 1699459200, "block_word": 0, "block_app": 1, "chaohua_ability": 0, "brand_ability": 0, "nft_ability": 11, "vplus_ability": 1, "wenda_ability": 0, "live_ability": 0, "gongyi_ability": 0, "paycolumn_ability": 1, "newbrand_ability": 0, "ecommerce_ability": 0, "hardfan_ability": 1, "wbcolumn_ability": 0, "credit_score": 80, "user_ability": -2135552484, "cardid": "star_005", "avatargj_id": "gj_vip_027", "urank": 48, "story_read_state": -1, "verified_detail": {"custom": 1, "data": [{"key": 4, "sub_key": 9, "weight": 0, "desc": "头条文章作者", "timestamp": 0}, {"key": 2, "sub_key": 0, "weight": 10, "desc": "知名数码博主", "timestamp": 0}, {"key": 16, "sub_key": 1, "weight": 0, "desc": "微博原创视频博主", "timestamp": 0}, {"key": 1, "sub_key": 0, "weight": 100, "desc": "2022年辰星计划博主", "timestamp": 0}]}, "vclub_member": 0, "is_teenager": 0, "is_guardian": 0, "is_teenager_list": 0, "pc_new": 6, "special_follow": false, "planet_video": 2, "video_mark": 15, "live_status": 0, "user_ability_extend": 1, "status_total_counter": {"total_cnt": 16244500, "repost_cnt": 3763128, "comment_cnt": 2977224, "like_cnt": 6361995, "comment_like_cnt": 3142153}, "video_total_counter": {"play_cnt": 243029609}, "brand_account": 0, "hongbaofei": 0, "tab_manage": "[0, 0]", "reward_status": 0, "green_mode": 0, "urisk": 0, "unfollowing_recom_switch": 1, "avatar_type": 0}, "mid": "4846716475416086", "idstr": "4846716475416086", "match_ai_play_picture": false}, "reply_original_text": "666，比特效还特效", "readtimetype": "comment", "match_ai_play_picture": false}