{"created_at": "Sun Nov 13 00:36:09 +0800 2022", "id": 4835141250457166, "rootid": 4835140322197871, "rootidstr": "4835140322197871", "floor_number": 0, "text": "回复@-Char查查:三天后，如果城中村未解封，呢班人喺社会面自由活动？", "disable_reply": 0, "is_mblog_author": true, "restrictOperate": 0, "source_allowclick": 0, "source_type": 4, "source": "<a href=\"\" rel=\"nofollow\">来自广东</a>", "comment_badge": [{"pic_url": "https://h5.sinaimg.cn/upload/1007/25/2019/05/17/feed_icon_poster_identity133low.png", "name": "blogger", "length": 1.33, "actionlog": {"act_code": "3671", "ext": "status:author"}, "scheme": "https://kefu.weibo.com/faqdetail?id=20848"}], "user": {"id": 1769245392, "idstr": "1769245392", "class": 1, "screen_name": "Bruce-Shan", "name": "Bruce-Shan", "province": "44", "city": "1", "location": "广东 广州", "description": "今天你微笑了吗？^_^", "url": "", "profile_image_url": "https://tvax2.sinaimg.cn/crop.0.0.350.350.50/69748ad0ly8gha2ibqbbbj209q09qdg1.jpg?KID=imgbed,tva&Expires=1669660750&ssig=VWzLdWOX1a", "light_ring": false, "cover_image_phone": "http://ww1.sinaimg.cn/crop.0.0.640.640.640/549d0121tw1egm1kjly3jj20hs0hsq4f.jpg", "profile_url": "u/1769245392", "domain": "", "weihao": "", "gender": "m", "followers_count": 93, "followers_count_str": "93", "friends_count": 49, "pagefriends_count": 0, "statuses_count": 1314, "video_status_count": 0, "video_play_count": 0, "super_topic_not_syn_count": 0, "favourites_count": 14, "created_at": "Wed Jul 07 00:17:38 +0800 2010", "following": false, "allow_all_act_msg": false, "geo_enabled": true, "verified": false, "verified_type": -1, "remark": "", "insecurity": {"sexual_content": false}, "ptype": 0, "allow_all_comment": true, "avatar_large": "https://tvax2.sinaimg.cn/crop.0.0.350.350.180/69748ad0ly8gha2ibqbbbj209q09qdg1.jpg?KID=imgbed,tva&Expires=1669660750&ssig=1Cf3mUFLe9", "avatar_hd": "https://tvax2.sinaimg.cn/crop.0.0.350.350.1024/69748ad0ly8gha2ibqbbbj209q09qdg1.jpg?KID=imgbed,tva&Expires=1669660750&ssig=E1K57%2FGH%2Fx", "verified_reason": "", "verified_trade": "", "verified_reason_url": "", "verified_source": "", "verified_source_url": "", "follow_me": false, "like": false, "like_me": false, "online_status": 0, "bi_followers_count": 4, "lang": "zh-cn", "star": 0, "mbtype": 0, "mbrank": 0, "svip": 0, "mb_expire_time": 0, "block_word": 0, "block_app": 0, "chaohua_ability": 0, "brand_ability": 0, "nft_ability": 0, "vplus_ability": 0, "wenda_ability": 0, "live_ability": 0, "gongyi_ability": 0, "paycolumn_ability": 0, "newbrand_ability": 0, "ecommerce_ability": 0, "hardfan_ability": 0, "credit_score": 80, "user_ability": 33554432, "urank": 27, "story_read_state": -1, "vclub_member": 0, "is_teenager": 0, "is_guardian": 0, "is_teenager_list": 0, "pc_new": 6, "special_follow": false, "planet_video": 0, "video_mark": 0, "live_status": 0, "user_ability_extend": 0, "status_total_counter": {"total_cnt": 855, "repost_cnt": 72, "comment_cnt": 203, "like_cnt": 494, "comment_like_cnt": 86}, "video_total_counter": {"play_cnt": -1}, "brand_account": 0, "hongbaofei": 0, "tab_manage": "[0, 0]", "reward_status": 0, "green_mode": 0, "urisk": 262144, "avatar_type": 0}, "mid": "4835141250457166", "idstr": "4835141250457166", "status": {"visible": {"type": 0, "list_id": 0}, "created_at": "Sun Nov 13 00:05:59 +0800 2022", "id": 4835133658502338, "idstr": "4835133658502338", "mid": "4835133658502338", "can_edit": false, "version": 2, "show_additional_indication": 0, "text": "#广州海珠区疫情防控#网传：广州市海珠区将启用位于居民区内的中小学校舍作为已解除5天集中隔离人员的后续3天居家隔离场所，此举会对学校以后的开学复用有安全隐患吗？并且会不会再次造成社会面的反复感染？ ​", "textLength": 192, "source_allowclick": 0, "source_type": 1, "source": "<a href=\"http://app.weibo.com/t/feed/4JpANe\" rel=\"nofollow\">微博搜索</a>", "favorited": false, "truncated": false, "in_reply_to_status_id": "", "in_reply_to_user_id": "", "in_reply_to_screen_name": "", "pic_urls": [], "geo": null, "is_paid": false, "mblog_vip_type": 0, "user": {"id": 1769245392, "idstr": "1769245392", "class": 1, "screen_name": "Bruce-Shan", "name": "Bruce-Shan", "province": "44", "city": "1", "location": "广东 广州", "description": "今天你微笑了吗？^_^", "url": "", "profile_image_url": "https://tvax2.sinaimg.cn/crop.0.0.350.350.50/69748ad0ly8gha2ibqbbbj209q09qdg1.jpg?KID=imgbed,tva&Expires=1669660750&ssig=VWzLdWOX1a", "light_ring": false, "cover_image_phone": "http://ww1.sinaimg.cn/crop.0.0.640.640.640/549d0121tw1egm1kjly3jj20hs0hsq4f.jpg", "profile_url": "u/1769245392", "domain": "", "weihao": "", "gender": "m", "followers_count": 93, "followers_count_str": "93", "friends_count": 49, "pagefriends_count": 0, "statuses_count": 1314, "video_status_count": 0, "video_play_count": 0, "super_topic_not_syn_count": 0, "favourites_count": 14, "created_at": "Wed Jul 07 00:17:38 +0800 2010", "following": false, "allow_all_act_msg": false, "geo_enabled": true, "verified": false, "verified_type": -1, "remark": "", "insecurity": {"sexual_content": false}, "ptype": 0, "allow_all_comment": true, "avatar_large": "https://tvax2.sinaimg.cn/crop.0.0.350.350.180/69748ad0ly8gha2ibqbbbj209q09qdg1.jpg?KID=imgbed,tva&Expires=1669660750&ssig=1Cf3mUFLe9", "avatar_hd": "https://tvax2.sinaimg.cn/crop.0.0.350.350.1024/69748ad0ly8gha2ibqbbbj209q09qdg1.jpg?KID=imgbed,tva&Expires=1669660750&ssig=E1K57%2FGH%2Fx", "verified_reason": "", "verified_trade": "", "verified_reason_url": "", "verified_source": "", "verified_source_url": "", "follow_me": false, "like": false, "like_me": false, "online_status": 0, "bi_followers_count": 4, "lang": "zh-cn", "star": 0, "mbtype": 0, "mbrank": 0, "svip": 0, "mb_expire_time": 0, "block_word": 0, "block_app": 0, "chaohua_ability": 0, "brand_ability": 0, "nft_ability": 0, "vplus_ability": 0, "wenda_ability": 0, "live_ability": 0, "gongyi_ability": 0, "paycolumn_ability": 0, "newbrand_ability": 0, "ecommerce_ability": 0, "hardfan_ability": 0, "credit_score": 80, "user_ability": 33554432, "urank": 27, "story_read_state": -1, "vclub_member": 0, "is_teenager": 0, "is_guardian": 0, "is_teenager_list": 0, "pc_new": 6, "special_follow": false, "planet_video": 0, "video_mark": 0, "live_status": 0, "user_ability_extend": 0, "status_total_counter": {"total_cnt": 855, "repost_cnt": 72, "comment_cnt": 203, "like_cnt": 494, "comment_like_cnt": 86}, "video_total_counter": {"play_cnt": -1}, "brand_account": 0, "hongbaofei": 0, "tab_manage": "[0, 0]", "reward_status": 0, "green_mode": 0, "urisk": 262144, "avatar_type": 0}, "reposts_count": 0, "comments_count": 0, "reprint_cmt_count": 0, "attitudes_count": 0, "pending_approval_count": 0, "isLongText": false, "reward_exhibition_type": 0, "hide_flag": 0, "mlevel": 128, "show_mlevel": 0, "biz_feature": 0, "page_type": 64, "hasActionTypeCard": 0, "darwin_tags": [], "hot_weibo_tags": [], "text_tag_tips": [], "mblogtype": 0, "userType": 0, "mlevelSource": "monitor", "more_info_type": 0, "number_display_strategy": {"apply_scenario_flag": 3, "display_text_min_number": 1000000, "display_text": "100万+"}, "positive_recom_flag": 0, "content_auth": 0, "gif_ids": "", "is_show_bulletin": 2, "comment_manage_info": {"comment_permission_type": -1, "approval_comment_type": 0, "comment_sort_type": 0, "ai_play_picture_type": 0}, "pic_num": 0, "can_reprint": false, "new_comment_style": 0}, "reply_comment": {"created_at": "Sun Nov 13 00:32:27 +0800 2022", "id": 4835140322197871, "rootid": 4835140322197871, "rootidstr": "4835140322197871", "floor_number": 7, "text": "那么三天后呢？", "disable_reply": 0, "restrictOperate": 0, "user": {"id": 3276454561, "idstr": "3276454561", "class": 1, "screen_name": "-Char查查", "name": "-Char查查", "province": "81", "city": "4", "location": "香港 九龙城区", "description": "", "url": "", "profile_image_url": "https://tvax4.sinaimg.cn/crop.0.0.1080.1080.50/c34abaa1ly8geml8pziewj20u00u0dhz.jpg?KID=imgbed,tva&Expires=1669660750&ssig=Qjp%2FShOHPj", "light_ring": false, "cover_image_phone": "http://ww1.sinaimg.cn/crop.0.0.640.640.640/549d0121tw1egm1kjly3jj20hs0hsq4f.jpg", "profile_url": "u/3276454561", "domain": "", "weihao": "", "gender": "f", "followers_count": 48, "followers_count_str": "48", "friends_count": 275, "pagefriends_count": 17, "statuses_count": 344, "video_status_count": 0, "video_play_count": 0, "super_topic_not_syn_count": 0, "favourites_count": 12, "created_at": "Mon May 06 10:39:51 +0800 2013", "following": false, "allow_all_act_msg": false, "geo_enabled": true, "verified": false, "verified_type": -1, "remark": "", "insecurity": {"sexual_content": false}, "ptype": 0, "allow_all_comment": true, "avatar_large": "https://tvax4.sinaimg.cn/crop.0.0.1080.1080.180/c34abaa1ly8geml8pziewj20u00u0dhz.jpg?KID=imgbed,tva&Expires=1669660750&ssig=vOg6emYF8x", "avatar_hd": "https://tvax4.sinaimg.cn/crop.0.0.1080.1080.1024/c34abaa1ly8geml8pziewj20u00u0dhz.jpg?KID=imgbed,tva&Expires=1669660750&ssig=FYjhLWViaD", "verified_reason": "", "verified_trade": "", "verified_reason_url": "", "verified_source": "", "verified_source_url": "", "follow_me": false, "like": false, "like_me": false, "online_status": 0, "bi_followers_count": 2, "lang": "zh-cn", "star": 0, "mbtype": 0, "mbrank": 0, "svip": 0, "mb_expire_time": 0, "block_word": 0, "block_app": 0, "chaohua_ability": 0, "brand_ability": 0, "nft_ability": 0, "vplus_ability": 0, "wenda_ability": 0, "live_ability": 0, "gongyi_ability": 0, "paycolumn_ability": 0, "newbrand_ability": 0, "ecommerce_ability": 0, "hardfan_ability": 0, "credit_score": 80, "user_ability": 2097152, "urank": 11, "story_read_state": -1, "vclub_member": 0, "is_teenager": 0, "is_guardian": 1, "is_teenager_list": 0, "pc_new": 7, "special_follow": false, "planet_video": 0, "video_mark": 0, "live_status": 0, "user_ability_extend": 0, "status_total_counter": {"total_cnt": 133, "repost_cnt": 1, "comment_cnt": 56, "like_cnt": 70, "comment_like_cnt": 6}, "video_total_counter": {"play_cnt": -1}, "brand_account": 0, "hongbaofei": 0, "tab_manage": "[0, 0]", "reward_status": 0, "green_mode": 0, "urisk": 0, "avatar_type": 0}, "mid": "4835140322197871", "idstr": "4835140322197871", "match_ai_play_picture": false}, "reply_original_text": "三天后，如果城中村未解封，呢班人喺社会面自由活动？", "readtimetype": "comment", "match_ai_play_picture": false}