{"created_at": "Wed Nov 23 14:52:49 +0800 2022", "id": 4838980716070090, "rootid": 4838980535452026, "rootidstr": "4838980535452026", "floor_number": 0, "text": "回复@夏虫byb:真实的案例，不存在他们造谣", "disable_reply": 0, "is_mblog_author": true, "restrictOperate": 0, "source_allowclick": 0, "source_type": 4, "source": "<a href=\"\" rel=\"nofollow\">来自上海</a>", "comment_badge": [{"pic_url": "https://h5.sinaimg.cn/upload/1007/25/2019/05/17/feed_icon_poster_identity133low.png", "name": "blogger", "length": 1.33, "actionlog": {"act_code": "3671", "ext": "status:author"}, "scheme": "https://kefu.weibo.com/faqdetail?id=20848"}], "user": {"id": 5554962197, "idstr": "5554962197", "class": 1, "screen_name": "网红普陀霆锋", "name": "网红普陀霆锋", "province": "31", "city": "1000", "location": "上海", "description": "抖音骚锋（网红普陀霆锋）全能音乐人，虎牙、国服骚锋，全民K歌545646357，视频号，QQ音乐微博等入驻歌手张俊杰，环球小姐中国区上海网红男神嘉宾", "url": "", "profile_image_url": "https://tvax2.sinaimg.cn/crop.0.0.512.512.50/0063W3qtly8gwi3hw4w15j30e80e80to.jpg?KID=imgbed,tva&Expires=1669641873&ssig=DNWMPugT7u", "light_ring": false, "cover_image_phone": "http://ww1.sinaimg.cn/crop.0.0.640.640.640/549d0121tw1egm1kjly3jj20hs0hsq4f.jpg", "profile_url": "u/5554962197", "domain": "", "weihao": "", "gender": "m", "followers_count": 51188, "followers_count_str": "5.1万", "friends_count": 480, "pagefriends_count": 35, "statuses_count": 1486, "video_status_count": 314, "video_play_count": 0, "super_topic_not_syn_count": 0, "favourites_count": 1, "created_at": "Sun Apr 19 07:31:38 +0800 2015", "following": false, "allow_all_act_msg": false, "geo_enabled": true, "verified": true, "verified_type": 0, "remark": "", "insecurity": {"sexual_content": false}, "ptype": 0, "allow_all_comment": true, "avatar_large": "https://tvax2.sinaimg.cn/crop.0.0.512.512.180/0063W3qtly8gwi3hw4w15j30e80e80to.jpg?KID=imgbed,tva&Expires=1669641873&ssig=Gy6SZ3KO%2B%2B", "avatar_hd": "https://tvax2.sinaimg.cn/crop.0.0.512.512.1024/0063W3qtly8gwi3hw4w15j30e80e80to.jpg?KID=imgbed,tva&Expires=1669641873&ssig=JOHl69MyZA", "verified_reason": "歌手 代表作《美好》", "verified_trade": "", "verified_reason_url": "", "verified_source": "", "verified_source_url": "", "verified_state": 0, "verified_level": 3, "verified_type_ext": 0, "has_service_tel": false, "verified_reason_modified": "", "verified_contact_name": "", "verified_contact_email": "", "verified_contact_mobile": "", "follow_me": false, "like": false, "like_me": false, "online_status": 0, "bi_followers_count": 15, "lang": "zh-cn", "star": 0, "mbtype": 12, "mbrank": 3, "svip": 0, "mb_expire_time": 1687708800, "block_word": 0, "block_app": 1, "chaohua_ability": 0, "brand_ability": 0, "nft_ability": 0, "vplus_ability": 0, "wenda_ability": 0, "live_ability": 0, "gongyi_ability": 0, "paycolumn_ability": 0, "newbrand_ability": 0, "ecommerce_ability": 0, "hardfan_ability": 1, "credit_score": 80, "user_ability": 2359304, "cardid": "star_1526", "avatargj_id": "gj_vip_024", "urank": 4, "story_read_state": -1, "verified_detail": {"custom": 0, "data": [{"key": 1, "sub_key": 0, "weight": 100, "desc": "歌手 代表作《美好》", "timestamp": 0}]}, "vclub_member": 0, "is_teenager": 0, "is_guardian": 0, "is_teenager_list": 0, "pc_new": 7, "special_follow": false, "planet_video": 2, "video_mark": 0, "live_status": 0, "user_ability_extend": 0, "status_total_counter": {"total_cnt": 14375, "repost_cnt": 957, "comment_cnt": 3361, "like_cnt": 5409, "comment_like_cnt": 4648}, "video_total_counter": {"play_cnt": 556323}, "brand_account": 0, "hongbaofei": 0, "tab_manage": "[0, 0]", "reward_status": 0, "green_mode": 0, "mb_like_privilege": {"like_id": "0030_77", "like_desc": ""}, "urisk": 52076478464, "avatar_type": 0}, "mid": "4838980716070090", "idstr": "4838980716070090", "status": {"visible": {"type": 0, "list_id": 0}, "created_at": "Wed Nov 23 12:48:13 +0800 2022", "id": 4838949359718669, "idstr": "4838949359718669", "mid": "4838949359718669", "edit_count": 2, "can_edit": false, "edit_at": "Wed Nov 23 14:59:47 +0800 2022", "version": 3, "show_additional_indication": 0, "text": "免费洗油烟机的骗局大家注意了转发让更多人看到#老人遭免费洗油烟机套路一万五##套路##人贩子# ​", "textLength": 88, "source_allowclick": 0, "source_type": 1, "source": "<a href=\"http://app.weibo.com/t/feed/2Vvea9\" rel=\"nofollow\">iPhone 11</a>", "favorited": false, "truncated": false, "in_reply_to_status_id": "", "in_reply_to_user_id": "", "in_reply_to_screen_name": "", "pic_urls": [{"thumbnail_pic": "http://wx3.sinaimg.cn/thumbnail/0063W3qtly1h8eyqq1jacj30u01t1gq7.jpg"}, {"thumbnail_pic": "http://wx3.sinaimg.cn/thumbnail/0063W3qtly1h8eyqprbkbj30wr1z07bx.jpg"}, {"thumbnail_pic": "http://wx2.sinaimg.cn/thumbnail/0063W3qtly1h8eyqq96hoj30u01uo104.jpg"}, {"thumbnail_pic": "http://wx4.sinaimg.cn/thumbnail/0063W3qtly1h8eyqqfh87j30n01dswi6.jpg"}, {"thumbnail_pic": "http://wx4.sinaimg.cn/thumbnail/0063W3qtly1h8eyqqptpnj30u01hcafr.jpg"}, {"thumbnail_pic": "http://wx1.sinaimg.cn/thumbnail/0063W3qtly1h8eyqqxhycj30u01uojz9.jpg"}, {"thumbnail_pic": "http://wx4.sinaimg.cn/thumbnail/0063W3qtly1h8f2klf44aj31400u0dkb.jpg"}], "thumbnail_pic": "http://wx3.sinaimg.cn/thumbnail/0063W3qtly1h8eyqq1jacj30u01t1gq7.jpg", "bmiddle_pic": "http://wx3.sinaimg.cn/bmiddle/0063W3qtly1h8eyqq1jacj30u01t1gq7.jpg", "original_pic": "http://wx3.sinaimg.cn/large/0063W3qtly1h8eyqq1jacj30u01t1gq7.jpg", "geo": null, "is_paid": false, "mblog_vip_type": 0, "user": {"id": 5554962197, "idstr": "5554962197", "class": 1, "screen_name": "网红普陀霆锋", "name": "网红普陀霆锋", "province": "31", "city": "1000", "location": "上海", "description": "抖音骚锋（网红普陀霆锋）全能音乐人，虎牙、国服骚锋，全民K歌545646357，视频号，QQ音乐微博等入驻歌手张俊杰，环球小姐中国区上海网红男神嘉宾", "url": "", "profile_image_url": "https://tvax2.sinaimg.cn/crop.0.0.512.512.50/0063W3qtly8gwi3hw4w15j30e80e80to.jpg?KID=imgbed,tva&Expires=1669641873&ssig=DNWMPugT7u", "light_ring": false, "cover_image_phone": "http://ww1.sinaimg.cn/crop.0.0.640.640.640/549d0121tw1egm1kjly3jj20hs0hsq4f.jpg", "profile_url": "u/5554962197", "domain": "", "weihao": "", "gender": "m", "followers_count": 51188, "followers_count_str": "5.1万", "friends_count": 480, "pagefriends_count": 35, "statuses_count": 1486, "video_status_count": 314, "video_play_count": 0, "super_topic_not_syn_count": 0, "favourites_count": 1, "created_at": "Sun Apr 19 07:31:38 +0800 2015", "following": false, "allow_all_act_msg": false, "geo_enabled": true, "verified": true, "verified_type": 0, "remark": "", "insecurity": {"sexual_content": false}, "ptype": 0, "allow_all_comment": true, "avatar_large": "https://tvax2.sinaimg.cn/crop.0.0.512.512.180/0063W3qtly8gwi3hw4w15j30e80e80to.jpg?KID=imgbed,tva&Expires=1669641873&ssig=Gy6SZ3KO%2B%2B", "avatar_hd": "https://tvax2.sinaimg.cn/crop.0.0.512.512.1024/0063W3qtly8gwi3hw4w15j30e80e80to.jpg?KID=imgbed,tva&Expires=1669641873&ssig=JOHl69MyZA", "verified_reason": "歌手 代表作《美好》", "verified_trade": "", "verified_reason_url": "", "verified_source": "", "verified_source_url": "", "verified_state": 0, "verified_level": 3, "verified_type_ext": 0, "has_service_tel": false, "verified_reason_modified": "", "verified_contact_name": "", "verified_contact_email": "", "verified_contact_mobile": "", "follow_me": false, "like": false, "like_me": false, "online_status": 0, "bi_followers_count": 15, "lang": "zh-cn", "star": 0, "mbtype": 12, "mbrank": 3, "svip": 0, "mb_expire_time": 1687708800, "block_word": 0, "block_app": 1, "chaohua_ability": 0, "brand_ability": 0, "nft_ability": 0, "vplus_ability": 0, "wenda_ability": 0, "live_ability": 0, "gongyi_ability": 0, "paycolumn_ability": 0, "newbrand_ability": 0, "ecommerce_ability": 0, "hardfan_ability": 1, "credit_score": 80, "user_ability": 2359304, "cardid": "star_1526", "avatargj_id": "gj_vip_024", "urank": 4, "story_read_state": -1, "verified_detail": {"custom": 0, "data": [{"key": 1, "sub_key": 0, "weight": 100, "desc": "歌手 代表作《美好》", "timestamp": 0}]}, "vclub_member": 0, "is_teenager": 0, "is_guardian": 0, "is_teenager_list": 0, "pc_new": 7, "special_follow": false, "planet_video": 2, "video_mark": 0, "live_status": 0, "user_ability_extend": 0, "status_total_counter": {"total_cnt": 14375, "repost_cnt": 957, "comment_cnt": 3361, "like_cnt": 5409, "comment_like_cnt": 4648}, "video_total_counter": {"play_cnt": 556323}, "brand_account": 0, "hongbaofei": 0, "tab_manage": "[0, 0]", "reward_status": 0, "green_mode": 0, "mb_like_privilege": {"like_id": "0030_77", "like_desc": ""}, "urisk": 52076478464, "avatar_type": 0}, "annotations": [{"photo_sub_type": "0,0,0,0,0,0,0"}, {}, {"client_mblogid": "iPhone-B257C7A6-99D8-4265-A1FA-7D9521657D4F"}, {"mapi_request": true}], "picStatus": "0:1,1:1,2:1,3:1,4:1,5:1,6:1", "reposts_count": 0, "comments_count": 0, "reprint_cmt_count": 0, "attitudes_count": 0, "pending_approval_count": 0, "isLongText": false, "reward_exhibition_type": 0, "hide_flag": 0, "mlevel": 128, "show_mlevel": 0, "biz_feature": 4294967300, "page_type": 64, "hasActionTypeCard": 0, "darwin_tags": [], "hot_weibo_tags": [], "text_tag_tips": [], "mblogtype": 0, "userType": 0, "mlevelSource": "monitor", "more_info_type": 0, "cardid": "star_1526", "number_display_strategy": {"apply_scenario_flag": 3, "display_text_min_number": 1000000, "display_text": "100万+"}, "positive_recom_flag": 0, "content_auth": 0, "gif_ids": "", "is_show_bulletin": 2, "comment_manage_info": {"comment_permission_type": -1, "approval_comment_type": 0, "comment_sort_type": 0, "ai_play_picture_type": 0}, "pic_num": 7, "can_reprint": false, "new_comment_style": 0}, "reply_comment": {"created_at": "Wed Nov 23 14:52:05 +0800 2022", "id": 4838980535452026, "rootid": 4838980535452026, "rootidstr": "4838980535452026", "floor_number": 2, "text": "别造谣别传谣", "disable_reply": 0, "restrictOperate": 0, "user": {"id": 1787675925, "idstr": "1787675925", "class": 1, "screen_name": "夏虫byb", "name": "夏虫byb", "province": "400", "city": "5", "location": "海外 加拿大", "description": "来这里看热闹", "url": "", "profile_image_url": "https://tvax2.sinaimg.cn/crop.0.0.1080.1080.50/6a8dc515ly8h6iua83haaj20u00u0429.jpg?KID=imgbed,tva&Expires=1669641873&ssig=V%2Fdnf29s%2BH", "light_ring": false, "cover_image_phone": "http://ww1.sinaimg.cn/crop.0.0.640.640.640/549d0121tw1egm1kjly3jj20hs0hsq4f.jpg", "profile_url": "liuting1006", "domain": "liuting1006", "weihao": "", "gender": "f", "followers_count": 667, "followers_count_str": "667", "friends_count": 833, "pagefriends_count": 25, "statuses_count": 2342, "video_status_count": 0, "video_play_count": 0, "super_topic_not_syn_count": 0, "favourites_count": 151, "created_at": "Thu Aug 05 16:37:35 +0800 2010", "following": false, "allow_all_act_msg": false, "geo_enabled": false, "verified": false, "verified_type": -1, "remark": "", "insecurity": {"sexual_content": false}, "ptype": 0, "allow_all_comment": false, "avatar_large": "https://tvax2.sinaimg.cn/crop.0.0.1080.1080.180/6a8dc515ly8h6iua83haaj20u00u0429.jpg?KID=imgbed,tva&Expires=1669641873&ssig=%2BC0rkXKQCD", "avatar_hd": "https://tvax2.sinaimg.cn/crop.0.0.1080.1080.1024/6a8dc515ly8h6iua83haaj20u00u0429.jpg?KID=imgbed,tva&Expires=1669641873&ssig=7AQIJ8uUfn", "verified_reason": "", "verified_trade": "", "verified_reason_url": "", "verified_source": "", "verified_source_url": "", "follow_me": false, "like": false, "like_me": false, "online_status": 0, "bi_followers_count": 113, "lang": "zh-cn", "star": 0, "mbtype": 0, "mbrank": 0, "svip": 0, "mb_expire_time": 0, "block_word": 0, "block_app": 0, "chaohua_ability": 0, "brand_ability": 0, "nft_ability": 0, "vplus_ability": 0, "wenda_ability": 0, "live_ability": 0, "gongyi_ability": 0, "paycolumn_ability": 0, "newbrand_ability": 0, "ecommerce_ability": 0, "hardfan_ability": 0, "credit_score": 80, "user_ability": 2097152, "urank": 33, "story_read_state": -1, "vclub_member": 0, "is_teenager": 0, "is_guardian": 0, "is_teenager_list": 0, "pc_new": 7, "special_follow": false, "planet_video": 2, "video_mark": 0, "live_status": 0, "user_ability_extend": 0, "status_total_counter": {"total_cnt": 2245, "repost_cnt": 533, "comment_cnt": 1566, "like_cnt": 146, "comment_like_cnt": 0}, "video_total_counter": {"play_cnt": 672}, "brand_account": 0, "hongbaofei": 0, "tab_manage": "[0, 0]", "reward_status": 0, "green_mode": 0, "urisk": 0, "avatar_type": 0}, "mid": "4838980535452026", "idstr": "4838980535452026", "match_ai_play_picture": false}, "reply_original_text": "真实的案例，不存在他们造谣", "readtimetype": "comment", "match_ai_play_picture": false}