{"created_at": "Mon Dec 12 16:16:17 +0800 2022", "id": 4845887089804791, "rootid": 4845887089804791, "rootidstr": "4845887089804791", "floor_number": 8, "text": "可爱滴捏", "disable_reply": 0, "restrictOperate": 0, "source_allowclick": 0, "source_type": 4, "source": "<a href=\"\" rel=\"nofollow\">来自广东</a>", "user": {"id": 5953124869, "idstr": "5953124869", "class": 1, "screen_name": "笑语诗情晚", "name": "笑语诗情晚", "province": "44", "city": "1000", "location": "广东", "description": "", "url": "", "profile_image_url": "https://tvax1.sinaimg.cn/crop.0.0.1002.1002.50/006uSHJ3ly8frkj5h0x78j30ru0run32.jpg?KID=imgbed,tva&Expires=1670864935&ssig=xtRVNExf5d", "light_ring": false, "cover_image_phone": "https://ww1.sinaimg.cn/crop.0.0.640.640.640/549d0121tw1egm1kjly3jj20hs0hsq4f.jpg", "profile_url": "u/5953124869", "domain": "", "weihao": "", "gender": "m", "followers_count": 21, "followers_count_str": "21", "friends_count": 49, "pagefriends_count": 2, "statuses_count": 30, "video_status_count": 2, "video_play_count": 0, "super_topic_not_syn_count": 0, "favourites_count": 7, "created_at": "Mon Jun 13 19:07:11 +0800 2016", "following": false, "allow_all_act_msg": false, "geo_enabled": true, "verified": false, "verified_type": -1, "remark": "", "insecurity": {"sexual_content": false}, "ptype": 0, "allow_all_comment": true, "avatar_large": "https://tvax1.sinaimg.cn/crop.0.0.1002.1002.180/006uSHJ3ly8frkj5h0x78j30ru0run32.jpg?KID=imgbed,tva&Expires=1670864935&ssig=IDvTXtzUs6", "avatar_hd": "https://tvax1.sinaimg.cn/crop.0.0.1002.1002.1024/006uSHJ3ly8frkj5h0x78j30ru0run32.jpg?KID=imgbed,tva&Expires=1670864935&ssig=woAHZiEzlu", "verified_reason": "", "verified_trade": "", "verified_reason_url": "", "verified_source": "", "verified_source_url": "", "follow_me": false, "like": false, "like_me": false, "online_status": 0, "bi_followers_count": 0, "lang": "zh-cn", "star": 0, "mbtype": 2, "mbrank": 2, "svip": 0, "mb_expire_time": 0, "block_word": 0, "block_app": 0, "chaohua_ability": 0, "brand_ability": 0, "nft_ability": 0, "vplus_ability": 0, "wenda_ability": 0, "live_ability": 0, "gongyi_ability": 0, "paycolumn_ability": 0, "newbrand_ability": 0, "ecommerce_ability": 0, "hardfan_ability": 0, "credit_score": 80, "user_ability": 2359296, "urank": 4, "story_read_state": -1, "vclub_member": 0, "is_teenager": 0, "is_guardian": 0, "is_teenager_list": 0, "pc_new": 7, "special_follow": false, "planet_video": 2, "video_mark": 0, "live_status": 0, "user_ability_extend": 0, "status_total_counter": {"total_cnt": 18, "repost_cnt": 0, "comment_cnt": 10, "like_cnt": 8, "comment_like_cnt": 0}, "video_total_counter": {"play_cnt": 2099}, "brand_account": 0, "hongbaofei": 0, "tab_manage": "[0, 0]", "reward_status": 0, "green_mode": 0, "urisk": 0, "avatar_type": 0}, "mid": "4845887089804791", "idstr": "4845887089804791", "status": {"visible": {"type": 0, "list_id": 0}, "created_at": "Mon Dec 12 15:28:56 +0800 2022", "id": 4845875174312338, "idstr": "4845875174312338", "mid": "4845875174312338", "can_edit": false, "version": 17, "show_additional_indication": 0, "text": "#行程卡下线# 你们最想去哪儿玩？~#无二脑洞图[超话]# http://t.cn/A6JL2e1S http://t.cn/A6KKElB3 ​", "textLength": 92, "source_allowclick": 1, "source_type": 1, "source": "<a href=\"http://app.weibo.com/t/feed/6uaYFC\" rel=\"nofollow\">HUAWEI P40 Pro 5G</a>", "favorited": false, "truncated": false, "in_reply_to_status_id": "", "in_reply_to_user_id": "", "in_reply_to_screen_name": "", "pic_urls": [], "geo": {"type": "Point", "coordinates": [36.08649, 120.35836]}, "is_paid": false, "mblog_vip_type": 0, "user": {"id": 2031135145, "idstr": "2031135145", "class": 1, "screen_name": "浣熊无二", "name": "浣熊无二", "province": "37", "city": "2", "location": "山东 青岛", "description": "年龄过了保鲜期的幼稚鬼大叔", "url": "", "profile_image_url": "https://tvax2.sinaimg.cn/crop.94.109.510.510.50/7910a9a9ly8fu99ebp0ssj20it0ijwfi.jpg?KID=imgbed,tva&Expires=1670864935&ssig=FTlBa6zvSy", "light_ring": false, "cover_image": "https://wx3.sinaimg.cn/crop.0.0.920.300/7910a9a9ly1ga29auf3ypj20pk08cnb2.jpg", "cover_image_phone": "https://ww1.sinaimg.cn/crop.0.0.640.640.640/9d44112bjw1f1xl1c10tuj20hs0hs0tw.jpg", "profile_url": "michael0707", "domain": "michael0707", "weihao": "", "gender": "m", "followers_count": 1033358, "followers_count_str": "103.3万", "friends_count": 543, "pagefriends_count": 11, "statuses_count": 2177, "video_status_count": 93, "video_play_count": 0, "super_topic_not_syn_count": 0, "favourites_count": 3, "created_at": "Thu Mar 17 18:14:51 +0800 2011", "following": false, "allow_all_act_msg": false, "geo_enabled": false, "verified": true, "verified_type": 0, "remark": "", "insecurity": {"sexual_content": false}, "ptype": 0, "allow_all_comment": true, "avatar_large": "https://tvax2.sinaimg.cn/crop.94.109.510.510.180/7910a9a9ly8fu99ebp0ssj20it0ijwfi.jpg?KID=imgbed,tva&Expires=1670864935&ssig=h6r0Q2lWJf", "avatar_hd": "https://tvax2.sinaimg.cn/crop.94.109.510.510.1024/7910a9a9ly8fu99ebp0ssj20it0ijwfi.jpg?KID=imgbed,tva&Expires=1670864935&ssig=bfTqw6tUWt", "verified_reason": "漫画作者 代表作《别以为我不知道你们在天上干什么》", "verified_trade": "", "verified_reason_url": "", "verified_source": "", "verified_source_url": "", "verified_state": 0, "verified_level": 3, "verified_type_ext": 0, "has_service_tel": false, "verified_reason_modified": "", "verified_contact_name": "", "verified_contact_email": "", "verified_contact_mobile": "", "follow_me": false, "like": false, "like_me": false, "online_status": 0, "bi_followers_count": 249, "lang": "zh-cn", "star": 0, "mbtype": 2, "mbrank": 7, "svip": 0, "mb_expire_time": 1655135999, "block_word": 0, "block_app": 0, "chaohua_ability": 0, "brand_ability": 0, "nft_ability": 0, "vplus_ability": 1, "wenda_ability": 0, "live_ability": 0, "gongyi_ability": 0, "paycolumn_ability": 0, "newbrand_ability": 0, "ecommerce_ability": 0, "hardfan_ability": 1, "credit_score": 80, "user_ability": -2143927800, "cardid": "vip_003", "avatargj_id": "gj_vip_149", "urank": 44, "story_read_state": -1, "verified_detail": {"custom": 0, "data": [{"key": 1, "weight": 100, "desc": "漫画作者 代表作《别以为我不知道你们在天上干什么》"}]}, "vclub_member": 0, "is_teenager": 0, "is_guardian": 0, "is_teenager_list": 0, "pc_new": 6, "special_follow": false, "planet_video": 2, "video_mark": 15, "live_status": 0, "user_ability_extend": 0, "status_total_counter": {"total_cnt": 931307, "repost_cnt": 210232, "comment_cnt": 109293, "like_cnt": 585338, "comment_like_cnt": 26444}, "video_total_counter": {"play_cnt": 6527996}, "brand_account": 0, "hongbaofei": 0, "tab_manage": "[0, 0]", "reward_status": 0, "green_mode": 0, "urisk": 0, "avatar_type": 0}, "annotations": [{}, {}, {"spot_type": "0"}, {"place": {"poiid": "B2094252D565ABFF479F", "title": "浣熊无二甜菓屋", "type": "checkin", "spot_type": "0"}, "client_mblogid": "c71085c5-b0c4-40ff-af61-d768343c18fe"}, {"mapi_request": true}], "reposts_count": 0, "comments_count": 0, "reprint_cmt_count": 0, "attitudes_count": 0, "pending_approval_count": 0, "isLongText": false, "reward_exhibition_type": 0, "hide_flag": 0, "mlevel": 0, "show_mlevel": 0, "biz_ids": [100101, 230444], "biz_feature": 4294967304, "topic_id": "1022:1008085a6f54c75887648941866268993a6238", "sync_mblog": true, "is_imported_topic": true, "page_type": 104, "hasActionTypeCard": 0, "darwin_tags": [], "hot_weibo_tags": [], "text_tag_tips": [], "mblogtype": 0, "mark": "999_reallog_mark_ad:999|WeiboADNatural", "userType": 0, "extend_info": {"ad": {"url_marked": "true"}}, "more_info_type": 0, "number_display_strategy": {"apply_scenario_flag": 3, "display_text_min_number": 1000000, "display_text": "100万+"}, "positive_recom_flag": 0, "content_auth": 0, "gif_ids": "", "is_show_bulletin": 1, "bus_flag": 8, "comment_manage_info": {"comment_permission_type": -1, "approval_comment_type": 0, "comment_sort_type": 0, "ai_play_picture_type": 0}, "pic_num": 0, "fid": 4845874575573049, "can_reprint": false, "new_comment_style": 0}, "readtimetype": "comment", "match_ai_play_picture": false}