{"created_at": "Mon Dec 19 22:33:54 +0800 2022", "id": 4848518836262212, "rootid": 4848518836262212, "rootidstr": "4848518836262212", "floor_number": 3, "text": "这也太厉害也太可爱了[哇]", "disable_reply": 0, "restrictOperate": 0, "source_allowclick": 0, "source_type": 4, "source": "<a href=\"\" rel=\"nofollow\">来自海南</a>", "comment_badge": [{"pic_url": "https://h5.sinaimg.cn/upload/114/962/2022/07/08/member_6_bigfan2_2.png", "name": "loyal_fans", "length": 1.33, "actionlog": {"act_code": "3671", "ext": "status:fans"}, "scheme": "https://kefu.weibo.com/faqdetail?id=20848", "new_icon": true}], "user": {"id": 7415969084, "idstr": "7415969084", "class": 1, "screen_name": "是浅浅夏呀", "name": "是浅浅夏呀", "province": "400", "city": "39", "location": "海外 希腊", "description": "比人生还长的，是希望。", "url": "", "profile_image_url": "https://tvax3.sinaimg.cn/crop.0.0.1002.1002.50/0085SEkAly8gthx7hwwj5j30ru0rugmv.jpg?KID=imgbed,tva&Expires=1671527595&ssig=UTFmansSJU", "light_ring": false, "cover_image_phone": "https://wx4.sinaimg.cn/crop.0.0.640.640.640/008aC0N3ly1h544febujfj30e80e8ta0.jpg;https://wx4.sinaimg.cn/crop.0.0.640.640.640/008aC0N3ly1gyx0pgp4n3j30v90v942g.jpg;https://wx3.sinaimg.cn/crop.0.0.640.640.640/0085SEkAgy1gwqexf1js7j30u00u0q7s.jpg;https://wx1.sinaimg.cn/crop.0.0.640.640.640/0085SEkAgy1gwqix3zehrj30u00u0gq6.jpg", "profile_url": "u/7415969084", "domain": "", "weihao": "", "gender": "f", "followers_count": 967, "followers_count_str": "967", "friends_count": 1580, "pagefriends_count": 46, "statuses_count": 28773, "video_status_count": 21, "video_play_count": 0, "super_topic_not_syn_count": 68, "favourites_count": 42, "created_at": "Thu Mar 19 15:37:26 +0800 2020", "following": false, "allow_all_act_msg": false, "geo_enabled": true, "verified": true, "verified_type": 0, "remark": "", "insecurity": {"sexual_content": false}, "ptype": 0, "allow_all_comment": true, "avatar_large": "https://tvax3.sinaimg.cn/crop.0.0.1002.1002.180/0085SEkAly8gthx7hwwj5j30ru0rugmv.jpg?KID=imgbed,tva&Expires=1671527595&ssig=PC6HQ9HWEA", "avatar_hd": "https://tvax3.sinaimg.cn/crop.0.0.1002.1002.1024/0085SEkAly8gthx7hwwj5j30ru0rugmv.jpg?KID=imgbed,tva&Expires=1671527595&ssig=HmGU2GLWjp", "verified_reason": "超话粉丝大咖（王一博超话）", "verified_trade": "", "verified_reason_url": "", "verified_source": "", "verified_source_url": "", "verified_state": 0, "verified_level": 3, "verified_type_ext": 0, "has_service_tel": false, "verified_reason_modified": "", "verified_contact_name": "", "verified_contact_email": "", "verified_contact_mobile": "", "follow_me": false, "like": false, "like_me": false, "online_status": 0, "bi_followers_count": 926, "lang": "zh-cn", "star": 0, "mbtype": 12, "mbrank": 6, "svip": 0, "mb_expire_time": 1677340800, "block_word": 1, "block_app": 1, "chaohua_ability": 0, "brand_ability": 0, "nft_ability": 0, "vplus_ability": 0, "wenda_ability": 0, "live_ability": 0, "gongyi_ability": 0, "paycolumn_ability": 0, "newbrand_ability": 0, "ecommerce_ability": 0, "hardfan_ability": 0, "credit_score": 80, "user_ability": 2359296, "cardid": "star_1605", "avatargj_id": "gj_vip_043", "urank": 0, "story_read_state": -1, "verified_detail": {"custom": 0, "data": [{"key": 8, "sub_key": 0, "weight": 102, "desc": "超话粉丝大咖（王一博超话）"}]}, "vclub_member": 0, "is_teenager": 0, "is_guardian": 1, "is_teenager_list": 0, "pc_new": 7, "special_follow": false, "planet_video": 1, "video_mark": 2, "live_status": 0, "user_ability_extend": 0, "status_total_counter": {"total_cnt": 30960, "repost_cnt": 1204, "comment_cnt": 26373, "like_cnt": 3074, "comment_like_cnt": 309}, "video_total_counter": {"play_cnt": 10}, "brand_account": 0, "hongbaofei": 0, "tab_manage": "[0, 0]", "reward_status": 0, "green_mode": 0, "urisk": 0, "avatar_type": 0}, "mid": "4848518836262212", "idstr": "4848518836262212", "status": {"visible": {"type": 0, "list_id": 0}, "created_at": "Mon Dec 19 22:00:28 +0800 2022", "id": 4848510422223229, "idstr": "4848510422223229", "mid": "4848510422223229", "can_edit": false, "show_additional_indication": 0, "text": "【细节满满！10个人8天雕出40米长冰雪童话】近日，黑龙江哈尔滨，冰雪雕塑制作者雕出一个巨型“童话故事”，小兔子和鼹鼠争萝卜，雪雕栩栩如生，十分 可爱。据了解，整个冰雕作品长40米、高7米，总面积1800立方，十个人耗时八天完工。南方网友：实名羡慕！ http://t.cn/A6Kja9jO ​", "textLength": 258, "source_allowclick": 0, "source_type": 1, "source": "<a href=\"http://app.weibo.com/t/feed/xEsRX\" rel=\"nofollow\">新版微博 weibo.com</a>", "favorited": false, "truncated": false, "in_reply_to_status_id": "", "in_reply_to_user_id": "", "in_reply_to_screen_name": "", "pic_urls": [], "geo": null, "is_paid": false, "mblog_vip_type": 0, "user": {"id": 1909250714, "idstr": "1909250714", "class": 1, "screen_name": "双流发布", "name": "双流发布", "province": "51", "city": "1000", "location": "四川", "description": "最权威的双流声音，最生动的双流故事！", "url": "", "profile_image_url": "https://tvax2.sinaimg.cn/crop.0.0.749.749.50/71ccda9aly8h8vjcutuf0j20kt0ktaal.jpg?KID=imgbed,tva&Expires=1671527595&ssig=h0%2BwThydYR", "light_ring": false, "cover_image": "https://ww4.sinaimg.cn/crop.0.0.920.300/71ccda9agw1ervj8qfhutj20pk08c41j.jpg", "cover_image_phone": "https://ww1.sinaimg.cn/crop.0.0.640.640.640/549d0121tw1egm1kjly3jj20hs0hsq4f.jpg", "profile_url": "220100925", "domain": "", "weihao": "220100925", "gender": "f", "followers_count": 1032734, "followers_count_str": "103.3万", "friends_count": 6166, "pagefriends_count": 317, "statuses_count": 194559, "video_status_count": 5162, "video_play_count": 0, "super_topic_not_syn_count": 3766, "favourites_count": 1369, "created_at": "Mon Dec 27 11:01:55 +0800 2010", "following": false, "allow_all_act_msg": false, "geo_enabled": false, "verified": true, "verified_type": 1, "remark": "", "insecurity": {"sexual_content": false}, "ptype": 0, "allow_all_comment": true, "avatar_large": "https://tvax2.sinaimg.cn/crop.0.0.749.749.180/71ccda9aly8h8vjcutuf0j20kt0ktaal.jpg?KID=imgbed,tva&Expires=1671527595&ssig=5GzXd8uMpL", "avatar_hd": "https://tvax2.sinaimg.cn/crop.0.0.749.749.1024/71ccda9aly8h8vjcutuf0j20kt0ktaal.jpg?KID=imgbed,tva&Expires=1671527595&ssig=PxoGCbOpVn", "verified_reason": "成都市双流区互联网新闻信息中心", "verified_trade": "", "verified_reason_url": "", "verified_source": "", "verified_source_url": "", "verified_state": 2, "verified_level": 3, "verified_type_ext": 50, "has_service_tel": false, "verified_reason_modified": "成都市双流新闻中心", "verified_contact_name": "", "verified_contact_email": "", "verified_contact_mobile": "", "follow_me": false, "like": false, "like_me": false, "online_status": 0, "bi_followers_count": 4621, "lang": "zh-cn", "star": 0, "mbtype": 12, "mbrank": 7, "svip": 0, "mb_expire_time": 0, "block_word": 0, "block_app": 1, "chaohua_ability": 0, "brand_ability": 0, "nft_ability": 0, "vplus_ability": 0, "wenda_ability": 0, "live_ability": 1, "gongyi_ability": 0, "paycolumn_ability": 0, "newbrand_ability": 0, "ecommerce_ability": 0, "hardfan_ability": 1, "credit_score": 80, "user_ability": 10747916, "urank": 48, "story_read_state": -1, "vclub_member": 0, "is_teenager": 0, "is_guardian": 0, "is_teenager_list": 0, "pc_new": 6, "special_follow": false, "planet_video": 2, "video_mark": 15, "live_status": 0, "user_ability_extend": 1, "brand_account": 0, "hongbaofei": 0, "tab_manage": "[4329440650, 0]", "reward_status": 0, "green_mode": 0, "urisk": 0, "avatar_type": 0}, "annotations": [{"mapi_request": true}], "reposts_count": 0, "comments_count": 0, "reprint_cmt_count": 0, "attitudes_count": 0, "pending_approval_count": 0, "isLongText": false, "reward_exhibition_type": 0, "hide_flag": 0, "mlevel": 0, "show_mlevel": 0, "biz_ids": [230444], "biz_feature": 4294967304, "hasActionTypeCard": 0, "darwin_tags": [], "hot_weibo_tags": [], "text_tag_tips": [], "mblogtype": 0, "userType": 0, "more_info_type": 0, "positive_recom_flag": 0, "content_auth": 0, "gif_ids": "", "is_show_bulletin": 2, "comment_manage_info": {"comment_permission_type": -1, "approval_comment_type": 0, "comment_sort_type": 0, "ai_play_picture_type": 0}, "pic_num": 0, "fid": 4848128439353440, "can_reprint": false, "new_comment_style": 0}, "readtimetype": "comment", "comment_dynamic_message": {"id": "0", "start_color": "#00FFFFFF", "end_color": "#1AFFFFFF", "start_color_dark": "#003A3A3A", "end_color_dark": "#333A3A3A", "name": {"zh_CN": "默认", "zh_HK": "默認", "en_US": "default"}, "scheme": "https://new.vip.weibo.cn/bubble/mall?showmenu=0&decorateId=0&uid=7415969084", "allow_vip_box_content": "用此评论气泡", "allow_vip_box_icon": "https://h5.sinaimg.cn/upload/100/1720/2022/08/08/icon_VIP_for_comment_bubble.png"}, "match_ai_play_picture": false}