{"created_at": "Mon Dec 12 17:36:21 +0800 2022", "id": 4845907239509062, "rootid": 4845907239509062, "rootidstr": "4845907239509062", "floor_number": 14, "text": "吴青峰写的《相信》很好听", "disable_reply": 0, "restrictOperate": 0, "source_allowclick": 0, "source_type": 4, "source": "<a href=\"\" rel=\"nofollow\">来自山西</a>", "user": {"id": 3190602840, "idstr": "3190602840", "class": 1, "screen_name": "失焦的星", "name": "失焦的星", "province": "71", "city": "1000", "location": "台湾", "description": "", "url": "", "profile_image_url": "https://tvax3.sinaimg.cn/crop.0.0.1080.1080.50/be2cbc58ly8h8htjp1jiuj20u00u0ab8.jpg?KID=imgbed,tva&Expires=1670945293&ssig=Lg3bNyGeK5", "light_ring": false, "cover_image": "https://wx3.sinaimg.cn/crop.0.0.920.300/be2cbc58ly1g0qvp5cqnjj20pk08cahz.jpg", "cover_image_phone": "https://ww2.sinaimg.cn/crop.0.0.640.640.640/68f96449jw1ergqx79rw4j20hs0hswh0.jpg", "profile_url": "u/3190602840", "domain": "", "weihao": "", "gender": "f", "followers_count": 1230, "followers_count_str": "1230", "friends_count": 245, "pagefriends_count": 9, "statuses_count": 12994, "video_status_count": 107, "video_play_count": 0, "super_topic_not_syn_count": 0, "favourites_count": 1317, "created_at": "Thu Feb 14 19:08:02 +0800 2013", "following": false, "allow_all_act_msg": false, "geo_enabled": false, "verified": true, "verified_type": 0, "remark": "", "insecurity": {"sexual_content": false}, "ptype": 0, "allow_all_comment": true, "avatar_large": "https://tvax3.sinaimg.cn/crop.0.0.1080.1080.180/be2cbc58ly8h8htjp1jiuj20u00u0ab8.jpg?KID=imgbed,tva&Expires=1670945293&ssig=trRHM9cFoY", "avatar_hd": "https://tvax3.sinaimg.cn/crop.0.0.1080.1080.1024/be2cbc58ly8h8htjp1jiuj20u00u0ab8.jpg?KID=imgbed,tva&Expires=1670945293&ssig=OmETyhqucM", "verified_reason": "娱乐博主", "verified_trade": "", "verified_reason_url": "", "verified_source": "", "verified_source_url": "", "verified_state": 0, "verified_level": 3, "verified_type_ext": 0, "has_service_tel": false, "verified_reason_modified": "", "verified_contact_name": "", "verified_contact_email": "", "verified_contact_mobile": "", "follow_me": false, "like": false, "like_me": false, "online_status": 0, "bi_followers_count": 76, "lang": "zh-cn", "star": 0, "mbtype": 2, "mbrank": 5, "svip": 1, "mb_expire_time": 1667577599, "block_word": 0, "block_app": 0, "chaohua_ability": 0, "brand_ability": 0, "nft_ability": 0, "vplus_ability": 0, "wenda_ability": 0, "live_ability": 0, "gongyi_ability": 0, "paycolumn_ability": 0, "newbrand_ability": 0, "ecommerce_ability": 0, "hardfan_ability": 0, "credit_score": 80, "user_ability": -2144074752, "cardid": "star_028", "urank": 26, "story_read_state": -1, "verified_detail": {"custom": 1, "data": [{"key": 2, "sub_key": 0, "weight": 10, "desc": "娱乐博主"}]}, "vclub_member": 0, "is_teenager": 0, "is_guardian": 1, "is_teenager_list": 0, "pc_new": 7, "special_follow": false, "planet_video": 2, "video_mark": 14, "live_status": 0, "user_ability_extend": 0, "status_total_counter": {"total_cnt": 93052, "repost_cnt": 26162, "comment_cnt": 16413, "like_cnt": 46297, "comment_like_cnt": 4180}, "video_total_counter": {"play_cnt": 234681}, "brand_account": 0, "hongbaofei": 0, "tab_manage": "[16912010, 0]", "reward_status": 0, "green_mode": 0, "urisk": 0, "avatar_type": 0}, "mid": "4845907239509062", "idstr": "4845907239509062", "status": {"visible": {"type": 0, "list_id": 0}, "created_at": "Mon Dec 12 16:02:03 +0800 2022", "id": 4845883507869117, "idstr": "4845883507869117", "mid": "4845883507869117", "can_edit": false, "version": 1, "show_additional_indication": 0, "text": "【战吗？战啊！卡塔尔#世界杯半决赛现场将播放孤勇者#】世界杯FIFA官方宣布，由陈奕迅演唱的《孤勇者》将在卡塔尔世界杯的半决赛现场播放！除此之外由苏打绿演唱的《相信》也将在半决赛现场播放。http://t.cn/A6KKEDS7 http://t.cn/A6KKmihw ​", "textLength": 223, "source_allowclick": 0, "source_type": 1, "source": "<a href=\"http://app.weibo.com/t/feed/xEsRX\" rel=\"nofollow\">新版微博 weibo.com</a>", "favorited": false, "truncated": false, "in_reply_to_status_id": "", "in_reply_to_user_id": "", "in_reply_to_screen_name": "", "pic_urls": [], "geo": null, "is_paid": false, "mblog_vip_type": 0, "user": {"id": 5044281310, "idstr": "5044281310", "class": 1, "screen_name": "澎湃新闻", "name": "澎湃新闻", "province": "31", "city": "6", "location": "上海 静安区", "description": "有内涵的时政新媒体", "url": "", "profile_image_url": "https://tvax1.sinaimg.cn/crop.11.10.275.275.50/005vnhZYly8ftjmwo0bx4j308c08cq32.jpg?KID=imgbed,tva&Expires=1670945293&ssig=cYbmrVp1dU", "light_ring": false, "cover_image": "https://wx1.sinaimg.cn/crop.0.0.920.300/005vnhZYgy1gp8442bdxlj60pk08cqhc02.jpg", "cover_image_phone": "https://wx4.sinaimg.cn/crop.0.0.640.640.640/005vnhZYly1gdiv83cmc9j30yi0yiwgh.jpg", "profile_url": "thepapernewsapp", "domain": "thepapernewsapp", "weihao": "", "gender": "m", "followers_count": 30937887, "followers_count_str": "3093.8万", "friends_count": 711, "pagefriends_count": 229, "statuses_count": 115855, "video_status_count": 37399, "video_play_count": 0, "super_topic_not_syn_count": 0, "favourites_count": 36, "created_at": "Wed Feb 19 17:22:28 +0800 2014", "following": false, "allow_all_act_msg": false, "geo_enabled": false, "verified": true, "verified_type": 3, "remark": "", "insecurity": {"sexual_content": false}, "ptype": 0, "allow_all_comment": true, "avatar_large": "https://tvax1.sinaimg.cn/crop.11.10.275.275.180/005vnhZYly8ftjmwo0bx4j308c08cq32.jpg?KID=imgbed,tva&Expires=1670945293&ssig=wbf4kk0XAD", "avatar_hd": "https://tvax1.sinaimg.cn/crop.11.10.275.275.1024/005vnhZYly8ftjmwo0bx4j308c08cq32.jpg?KID=imgbed,tva&Expires=1670945293&ssig=z9G6ABl%2B91", "verified_reason": "澎湃新闻官方微博", "verified_trade": "", "verified_reason_url": "", "verified_source": "", "verified_source_url": "", "verified_state": 0, "verified_level": 3, "verified_type_ext": 0, "has_service_tel": false, "verified_reason_modified": "", "verified_contact_name": "爆料热线", "verified_contact_email": "", "verified_contact_mobile": "021-962866", "follow_me": false, "like": false, "like_me": false, "online_status": 0, "bi_followers_count": 367, "lang": "zh-cn", "star": 0, "mbtype": 12, "mbrank": 7, "svip": 0, "mb_expire_time": 1692288000, "block_word": 0, "block_app": 1, "chaohua_ability": 0, "brand_ability": 0, "nft_ability": 0, "vplus_ability": 0, "wenda_ability": 0, "live_ability": 1, "gongyi_ability": 0, "paycolumn_ability": 0, "newbrand_ability": 0, "ecommerce_ability": 0, "hardfan_ability": 1, "credit_score": 80, "user_ability": -2135620856, "cardid": "star_1624", "urank": 48, "story_read_state": -1, "vclub_member": 0, "is_teenager": 0, "is_guardian": 0, "is_teenager_list": 1, "pc_new": 7, "special_follow": false, "planet_video": 2, "video_mark": 15, "live_status": 2, "user_ability_extend": 1, "status_total_counter": {"total_cnt": 510910791, "repost_cnt": 28258650, "comment_cnt": 51801034, "like_cnt": 109451150, "comment_like_cnt": 321399957}, "video_total_counter": {"play_cnt": 16694953994}, "brand_account": 0, "hongbaofei": 0, "tab_manage": "[0, 0]", "reward_status": 0, "green_mode": 0, "urisk": 0, "avatar_type": 0}, "annotations": [{"mapi_request": true}], "reposts_count": 0, "comments_count": 0, "reprint_cmt_count": 0, "attitudes_count": 0, "pending_approval_count": 0, "isLongText": false, "reward_exhibition_type": 0, "hide_flag": 0, "mlevel": 0, "show_mlevel": 0, "biz_ids": [230444], "biz_feature": 4294967304, "page_type": 64, "hasActionTypeCard": 0, "darwin_tags": [], "hot_weibo_tags": [], "text_tag_tips": [], "mblogtype": 0, "userType": 0, "more_info_type": 0, "cardid": "star_1624", "positive_recom_flag": 0, "content_auth": 0, "gif_ids": "", "is_show_bulletin": 2, "comment_manage_info": {"comment_permission_type": -1, "approval_comment_type": 1, "approval_op_from": 1, "comment_sort_type": 0, "ai_play_picture_type": 0}, "pic_num": 0, "fid": 4845876529856547, "can_reprint": false, "new_comment_style": 0}, "readtimetype": "comment", "comment_dynamic_message": {"id": "0", "start_color": "#00FFFFFF", "end_color": "#1AFFFFFF", "start_color_dark": "#003A3A3A", "end_color_dark": "#333A3A3A", "name": {"zh_CN": "默认", "zh_HK": "默認", "en_US": "default"}, "scheme": "https://new.vip.weibo.cn/bubble/mall?showmenu=0&decorateId=0&uid=3190602840", "allow_vip_box_content": "用此评论气泡", "allow_vip_box_icon": "https://h5.sinaimg.cn/upload/100/1720/2022/08/08/icon_VIP_for_comment_bubble.png"}, "match_ai_play_picture": false}