{"mid": "5724118920", "uid": "MnjXObJ6G", "name": "葫芦岛建昌县检察院", "time": "2023-1-8 10:23:00", "local": "", "iphone": "微博视频号", "context": "【#男子醉酒驾车遇检查竟狂喝6缸水#】近日，内蒙古通辽，一男子醉酒驾驶机动车，遇查竟狂喝6缸水。最终司法鉴定机构出具的检测报告显示，其血液酒精含量达210.33mg/100ml，目前，此案件在进一步办理中。九派新闻的微博视频", "comment_num": "0", "like_num": "1", "user": {"focus": "32", "fans": "1.4万", "tweet": "43557"}}