{"created_at": "Wed Jun 15 10:12:39 +0800 2022", "id": 4780565767915478, "rootid": 4780360153697855, "rootidstr": "4780360153697855", "floor_number": 0, "text": "回复@乐莜_:平安鹤壁通报了", "disable_reply": 0, "restrictOperate": 0, "source_allowclick": 0, "source_type": 4, "source": "<a href=\"\" rel=\"nofollow\">来自河南</a>", "user": {"id": 5626267262, "idstr": "5626267262", "class": 1, "screen_name": "肥水不流外人l田女士", "name": "肥水不流外人l田女士", "province": "100", "city": "1000", "location": "其他", "description": "我是这片沃土里长出来的大号玫瑰花🌹", "url": "", "profile_image_url": "https://tvax1.sinaimg.cn/crop.0.0.1062.1062.50/0068Lf8aly8h4zf7urqi1j30ti0tiabs.jpg?KID=imgbed,tva&Expires=1670069264&ssig=gFLbnKW8jo", "light_ring": false, "cover_image_phone": "http://wx1.sinaimg.cn/crop.0.0.640.640.640/6c496823ly1fxht9wp9mxj20v90v9q9h.jpg", "profile_url": "u/5626267262", "domain": "", "weihao": "", "gender": "f", "followers_count": 108, "followers_count_str": "108", "friends_count": 53, "pagefriends_count": 8, "statuses_count": 299, "video_status_count": 4, "video_play_count": 0, "super_topic_not_syn_count": 0, "favourites_count": 15, "created_at": "Mon Jun 08 22:56:55 +0800 2015", "following": false, "allow_all_act_msg": false, "geo_enabled": true, "verified": false, "verified_type": -1, "remark": "", "insecurity": {"sexual_content": false}, "ptype": 0, "allow_all_comment": true, "avatar_large": "https://tvax1.sinaimg.cn/crop.0.0.1062.1062.180/0068Lf8aly8h4zf7urqi1j30ti0tiabs.jpg?KID=imgbed,tva&Expires=1670069264&ssig=6eweTRt1rd", "avatar_hd": "https://tvax1.sinaimg.cn/crop.0.0.1062.1062.1024/0068Lf8aly8h4zf7urqi1j30ti0tiabs.jpg?KID=imgbed,tva&Expires=1670069264&ssig=8xzPF4Ig2g", "verified_reason": "", "verified_trade": "", "verified_reason_url": "", "verified_source": "", "verified_source_url": "", "follow_me": false, "like": false, "like_me": false, "online_status": 0, "bi_followers_count": 12, "lang": "zh-cn", "star": 0, "mbtype": 2, "mbrank": 1, "svip": 0, "mb_expire_time": 0, "block_word": 0, "block_app": 0, "chaohua_ability": 0, "brand_ability": 0, "nft_ability": 0, "vplus_ability": 0, "wenda_ability": 0, "live_ability": 0, "gongyi_ability": 0, "paycolumn_ability": 0, "newbrand_ability": 0, "ecommerce_ability": 0, "hardfan_ability": 0, "credit_score": 80, "user_ability": 2360320, "urank": 9, "story_read_state": -1, "vclub_member": 0, "is_teenager": 0, "is_guardian": 0, "is_teenager_list": 0, "pc_new": 0, "special_follow": false, "planet_video": 2, "video_mark": 2, "live_status": 0, "user_ability_extend": 0, "status_total_counter": {"total_cnt": 1422, "repost_cnt": 30, "comment_cnt": 927, "like_cnt": 464, "comment_like_cnt": 1}, "video_total_counter": {"play_cnt": 395}, "brand_account": 0, "hongbaofei": 0, "tab_manage": "[0, 0]", "reward_status": 0, "green_mode": 0, "urisk": 8589934592, "avatar_type": 0}, "mid": "4780565767915478", "idstr": "4780565767915478", "status": {"visible": {"type": 0, "list_id": 0}, "created_at": "Tue Jun 14 17:28:45 +0800 2022", "id": 4780313123490073, "idstr": "4780313123490073", "mid": "4780313123490073", "can_edit": false, "version": 1, "show_additional_indication": 0, "text": "#女生网络举报河南鹤壁淇滨区庞村镇金山派出所张勇郑磊殴打其父亲致死#我不理解 河南鹤壁派出所把一个小女孩父亲殴打致死的事情一点热度没有 看了看那个女孩年纪比我还小一岁[泪] ​", "textLength": 166, "source_allowclick": 0, "source_type": 2, "source": "<a href=\"http://weibo.com/\" rel=\"nofollow\">iPhone客户端</a>", "favorited": false, "truncated": false, "in_reply_to_status_id": "", "in_reply_to_user_id": "", "in_reply_to_screen_name": "", "pic_urls": [], "geo": null, "is_paid": false, "mblog_vip_type": 0, "user": {"id": 5188359102, "idstr": "5188359102", "class": 1, "screen_name": "今天也好困唉", "name": "今天也好困唉", "province": "37", "city": "2", "location": "山东 青岛", "description": "陌生朋友圈", "url": "", "profile_image_url": "https://tvax4.sinaimg.cn/crop.0.0.1024.1024.50/005F7Pdkly8h828zkk9emj30sg0sgmz2.jpg?KID=imgbed,tva&Expires=1670069264&ssig=oInBUBo%2BzI", "light_ring": false, "cover_image_phone": "http://wx2.sinaimg.cn/crop.0.0.640.640.640/005F7Pdkly1h824i6p861j30j60j6q5i.jpg", "profile_url": "u/5188359102", "domain": "", "weihao": "", "gender": "f", "followers_count": 103, "followers_count_str": "103", "friends_count": 266, "pagefriends_count": 17, "statuses_count": 183, "video_status_count": 1, "video_play_count": 0, "super_topic_not_syn_count": 2, "favourites_count": 78, "created_at": "Sun Jun 22 10:56:12 +0800 2014", "following": false, "allow_all_act_msg": false, "geo_enabled": true, "verified": false, "verified_type": -1, "remark": "", "insecurity": {"sexual_content": false}, "ptype": 0, "allow_all_comment": true, "avatar_large": "https://tvax4.sinaimg.cn/crop.0.0.1024.1024.180/005F7Pdkly8h828zkk9emj30sg0sgmz2.jpg?KID=imgbed,tva&Expires=1670069264&ssig=ACLRAZnDG3", "avatar_hd": "https://tvax4.sinaimg.cn/crop.0.0.1024.1024.1024/005F7Pdkly8h828zkk9emj30sg0sgmz2.jpg?KID=imgbed,tva&Expires=1670069264&ssig=h12o%2F609tb", "verified_reason": "", "verified_trade": "", "verified_reason_url": "", "verified_source": "", "verified_source_url": "", "follow_me": false, "like": false, "like_me": false, "online_status": 0, "bi_followers_count": 8, "lang": "zh-cn", "star": 0, "mbtype": 12, "mbrank": 2, "svip": 0, "mb_expire_time": 1700323200, "block_word": 0, "block_app": 1, "chaohua_ability": 0, "brand_ability": 0, "nft_ability": 0, "vplus_ability": 0, "wenda_ability": 0, "live_ability": 0, "gongyi_ability": 0, "paycolumn_ability": 0, "newbrand_ability": 0, "ecommerce_ability": 0, "hardfan_ability": 0, "credit_score": 80, "user_ability": 2360320, "cardid": "vip_012", "urank": 9, "story_read_state": -1, "vclub_member": 0, "is_teenager": 0, "is_guardian": 0, "is_teenager_list": 0, "pc_new": 0, "special_follow": false, "planet_video": 2, "video_mark": 0, "live_status": 0, "user_ability_extend": 0, "status_total_counter": {"total_cnt": 1363, "repost_cnt": 8, "comment_cnt": 343, "like_cnt": 893, "comment_like_cnt": 119}, "video_total_counter": {"play_cnt": 120}, "brand_account": 0, "hongbaofei": 0, "tab_manage": "[0, 0]", "reward_status": 0, "green_mode": 0, "urisk": 0, "avatar_type": 0}, "annotations": [{"ann_ext": "ann_ext:search|t:3|creator_source:bottomsendweibo"}, {"shooting": 1, "client_mblogid": "iPhone-C621F650-E139-4D21-8588-EF48D90091AE"}, {"mapi_request": true}], "reposts_count": 0, "comments_count": 0, "reprint_cmt_count": 0, "attitudes_count": 0, "pending_approval_count": 0, "isLongText": false, "reward_exhibition_type": 0, "hide_flag": 0, "mlevel": 128, "show_mlevel": 0, "biz_feature": 0, "page_type": 64, "hasActionTypeCard": 0, "darwin_tags": [], "hot_weibo_tags": [], "text_tag_tips": [], "mblogtype": 0, "userType": 0, "mlevelSource": "monitor", "more_info_type": 0, "number_display_strategy": {"apply_scenario_flag": 3, "display_text_min_number": 1000000, "display_text": "100万+"}, "positive_recom_flag": 0, "content_auth": 0, "gif_ids": "", "is_show_bulletin": 2, "comment_manage_info": {"comment_permission_type": -1, "approval_comment_type": 0, "comment_sort_type": 0, "ai_play_picture_type": 0}, "pic_num": 0, "can_reprint": false, "new_comment_style": 0}, "reply_comment": {"created_at": "Tue Jun 14 20:35:38 +0800 2022", "id": 4780360153697855, "rootid": 4780360153697855, "rootidstr": "4780360153697855", "floor_number": 4, "text": "我们河南鹤壁的事情还是在dy青岛焦点看到的[泪]我们这边一点动静都没有[泪]", "disable_reply": 0, "restrictOperate": 0, "user": {"id": 7347162500, "idstr": "7347162500", "class": 1, "screen_name": "乐莜_", "name": "乐莜_", "province": "100", "city": "1000", "location": "其他", "description": "", "url": "", "profile_image_url": "https://tvax4.sinaimg.cn/crop.0.0.996.996.50/0081dWAYly8gvt0i2pe08j30ro0rodhd.jpg?KID=imgbed,tva&Expires=1670069264&ssig=po4gnT6Hbu", "light_ring": false, "cover_image_phone": "http://wx2.sinaimg.cn/crop.0.0.640.640.640/a1d3feably1fkjy2wvv45j20hs0hs40v.jpg", "profile_url": "u/7347162500", "domain": "", "weihao": "", "gender": "f", "followers_count": 4, "followers_count_str": "4", "friends_count": 76, "pagefriends_count": 12, "statuses_count": 64, "video_status_count": 1, "video_play_count": 0, "super_topic_not_syn_count": 0, "favourites_count": 2, "created_at": "Mon Dec 02 01:14:12 +0800 2019", "following": false, "allow_all_act_msg": false, "geo_enabled": true, "verified": false, "verified_type": -1, "remark": "", "insecurity": {"sexual_content": false}, "ptype": 0, "allow_all_comment": true, "avatar_large": "https://tvax4.sinaimg.cn/crop.0.0.996.996.180/0081dWAYly8gvt0i2pe08j30ro0rodhd.jpg?KID=imgbed,tva&Expires=1670069264&ssig=QP3P5dVaC2", "avatar_hd": "https://tvax4.sinaimg.cn/crop.0.0.996.996.1024/0081dWAYly8gvt0i2pe08j30ro0rodhd.jpg?KID=imgbed,tva&Expires=1670069264&ssig=BgyBfFB2O7", "verified_reason": "", "verified_trade": "", "verified_reason_url": "", "verified_source": "", "verified_source_url": "", "follow_me": false, "like": false, "like_me": false, "online_status": 0, "bi_followers_count": 2, "lang": "zh-cn", "star": 0, "mbtype": 0, "mbrank": 0, "svip": 0, "mb_expire_time": 0, "block_word": 0, "block_app": 0, "chaohua_ability": 0, "brand_ability": 0, "nft_ability": 0, "vplus_ability": 0, "wenda_ability": 0, "live_ability": 0, "gongyi_ability": 0, "paycolumn_ability": 0, "newbrand_ability": 0, "ecommerce_ability": 0, "hardfan_ability": 0, "credit_score": 80, "user_ability": 2359296, "urank": 0, "story_read_state": -1, "vclub_member": 0, "is_teenager": 0, "is_guardian": 0, "is_teenager_list": 0, "pc_new": 0, "special_follow": false, "planet_video": 0, "video_mark": 0, "live_status": 0, "user_ability_extend": 0, "status_total_counter": {"total_cnt": 12, "repost_cnt": 0, "comment_cnt": 1, "like_cnt": 11, "comment_like_cnt": 0}, "video_total_counter": {"play_cnt": 1}, "brand_account": 0, "hongbaofei": 0, "tab_manage": "[0, 0]", "reward_status": 0, "green_mode": 0, "urisk": 0, "avatar_type": 0}, "mid": "4780360153697855", "idstr": "4780360153697855", "match_ai_play_picture": false}, "reply_original_text": "平安鹤壁通报了", "readtimetype": "comment", "match_ai_play_picture": false}