{"created_at": "Sat Jul 02 00:19:19 +0800 2022", "id": 4786577039689896, "rootid": 4786577039689896, "rootidstr": "4786577039689896", "floor_number": 4, "text": "大聪明 特意用僵尸号 微博搜索来发相关微博啊", "disable_reply": 0, "restrictOperate": 0, "source_allowclick": 0, "source_type": 4, "source": "<a href=\"\" rel=\"nofollow\">来自山东</a>", "user": {"id": 2679182847, "idstr": "2679182847", "class": 1, "screen_name": "Evermore_21", "name": "Evermore_21", "province": "32", "city": "1", "location": "江苏 南京", "description": "爱自己", "url": "", "profile_image_url": "https://tvax2.sinaimg.cn/crop.0.0.828.828.50/002VjzQzly8gv91o51nzpj60n00n0wg202.jpg?KID=imgbed,tva&Expires=1670005003&ssig=EOUJQRJUD%2B", "light_ring": false, "cover_image_phone": "http://ww1.sinaimg.cn/crop.0.0.640.640.640/9d44112bjw1f1xl1c10tuj20hs0hs0tw.jpg", "profile_url": "u/2679182847", "domain": "", "weihao": "", "gender": "m", "followers_count": 149, "followers_count_str": "149", "friends_count": 382, "pagefriends_count": 28, "statuses_count": 912, "video_status_count": 11, "video_play_count": 0, "super_topic_not_syn_count": 1, "favourites_count": 109, "created_at": "Tue May 07 20:39:04 +0800 2013", "following": false, "allow_all_act_msg": false, "geo_enabled": true, "verified": false, "verified_type": -1, "remark": "", "insecurity": {"sexual_content": false}, "ptype": 0, "allow_all_comment": false, "avatar_large": "https://tvax2.sinaimg.cn/crop.0.0.828.828.180/002VjzQzly8gv91o51nzpj60n00n0wg202.jpg?KID=imgbed,tva&Expires=1670005003&ssig=IMjPoqAIEI", "avatar_hd": "https://tvax2.sinaimg.cn/crop.0.0.828.828.1024/002VjzQzly8gv91o51nzpj60n00n0wg202.jpg?KID=imgbed,tva&Expires=1670005003&ssig=Tnqs0pQP6Z", "verified_reason": "", "verified_trade": "", "verified_reason_url": "", "verified_source": "", "verified_source_url": "", "follow_me": false, "like": false, "like_me": false, "online_status": 0, "bi_followers_count": 63, "lang": "zh-cn", "star": 0, "mbtype": 12, "mbrank": 1, "svip": 0, "mb_expire_time": 1700150400, "block_word": 0, "block_app": 1, "chaohua_ability": 0, "brand_ability": 0, "nft_ability": 0, "vplus_ability": 0, "wenda_ability": 0, "live_ability": 0, "gongyi_ability": 0, "paycolumn_ability": 0, "newbrand_ability": 0, "ecommerce_ability": 0, "hardfan_ability": 0, "credit_score": 80, "user_ability": 3408896, "cardid": "star_1576", "avatargj_id": "gj_vip_5192", "urank": 27, "story_read_state": -1, "vclub_member": 0, "is_teenager": 0, "is_guardian": 0, "is_teenager_list": 0, "pc_new": 0, "special_follow": false, "planet_video": 2, "video_mark": 2, "live_status": 0, "user_ability_extend": 0, "status_total_counter": {"total_cnt": 3844, "repost_cnt": 53, "comment_cnt": 1262, "like_cnt": 2081, "comment_like_cnt": 448}, "video_total_counter": {"play_cnt": 6093}, "brand_account": 0, "hongbaofei": 0, "tab_manage": "[0, 0]", "reward_status": 0, "green_mode": 0, "urisk": 25769803776, "avatar_type": 0}, "mid": "4786577039689896", "idstr": "4786577039689896", "status": {"visible": {"type": 0, "list_id": 0}, "created_at": "Fri Jul 01 22:44:16 +0800 2022", "id": 4786553120097947, "idstr": "4786553120097947", "mid": "4786553120097947", "can_edit": false, "version": 1, "show_additional_indication": 0, "text": "#南京银行声明#换行长换公章，不良资产公司老总接手。河南银行第二来了。 ​", "textLength": 68, "source_allowclick": 0, "source_type": 1, "source": "<a href=\"http://app.weibo.com/t/feed/4JpANe\" rel=\"nofollow\">微博搜索</a>", "favorited": false, "truncated": false, "in_reply_to_status_id": "", "in_reply_to_user_id": "", "in_reply_to_screen_name": "", "pic_urls": [], "geo": null, "is_paid": false, "mblog_vip_type": 0, "user": {"id": 1664374815, "idstr": "1664374815", "class": 1, "screen_name": "滴嘀哒哒啦", "name": "滴嘀哒哒啦", "province": "61", "city": "4", "location": "陕西 咸阳", "description": "迟到的正义", "url": "", "profile_image_url": "https://tvax4.sinaimg.cn/crop.0.5.272.272.50/6334581fly1gpv1ymkfigj207k07uq31.jpg?KID=imgbed,tva&Expires=1670005003&ssig=Lq0FRKLxR6", "light_ring": false, "cover_image_phone": "http://ww1.sinaimg.cn/crop.0.0.640.640.640/549d0121tw1egm1kjly3jj20hs0hsq4f.jpg", "profile_url": "u/1664374815", "domain": "", "weihao": "", "gender": "m", "followers_count": 35, "followers_count_str": "35", "friends_count": 328, "pagefriends_count": 1, "statuses_count": 75, "video_status_count": 0, "video_play_count": 0, "super_topic_not_syn_count": 0, "favourites_count": 0, "created_at": "Thu May 05 12:22:08 +0800 2011", "following": false, "allow_all_act_msg": false, "geo_enabled": true, "verified": false, "verified_type": -1, "remark": "", "insecurity": {"sexual_content": false}, "ptype": 0, "allow_all_comment": true, "avatar_large": "https://tvax4.sinaimg.cn/crop.0.5.272.272.180/6334581fly1gpv1ymkfigj207k07uq31.jpg?KID=imgbed,tva&Expires=1670005003&ssig=4QFOmPWhps", "avatar_hd": "https://tvax4.sinaimg.cn/crop.0.5.272.272.1024/6334581fly1gpv1ymkfigj207k07uq31.jpg?KID=imgbed,tva&Expires=1670005003&ssig=DVqrz7ZS7i", "verified_reason": "", "verified_trade": "", "verified_reason_url": "", "verified_source": "", "verified_source_url": "", "follow_me": false, "like": false, "like_me": false, "online_status": 0, "bi_followers_count": 5, "lang": "zh-cn", "star": 0, "mbtype": 0, "mbrank": 0, "svip": 0, "mb_expire_time": 0, "block_word": 0, "block_app": 0, "chaohua_ability": 0, "brand_ability": 0, "nft_ability": 0, "vplus_ability": 0, "wenda_ability": 0, "live_ability": 0, "gongyi_ability": 0, "paycolumn_ability": 0, "newbrand_ability": 0, "ecommerce_ability": 0, "hardfan_ability": 0, "credit_score": 80, "user_ability": 35651584, "urank": 9, "story_read_state": -1, "vclub_member": 0, "is_teenager": 0, "is_guardian": 0, "is_teenager_list": 0, "pc_new": 7, "special_follow": false, "planet_video": 0, "video_mark": 0, "live_status": 0, "user_ability_extend": 0, "status_total_counter": {"total_cnt": 578, "repost_cnt": 3, "comment_cnt": 72, "like_cnt": 366, "comment_like_cnt": 137}, "video_total_counter": {"play_cnt": -1}, "brand_account": 0, "hongbaofei": 0, "tab_manage": "[0, 0]", "reward_status": 0, "green_mode": 0, "urisk": 0, "avatar_type": 0}, "reposts_count": 0, "comments_count": 0, "reprint_cmt_count": 0, "attitudes_count": 0, "pending_approval_count": 0, "isLongText": false, "reward_exhibition_type": 0, "hide_flag": 0, "mlevel": 128, "show_mlevel": 0, "biz_feature": 0, "page_type": 64, "hasActionTypeCard": 0, "darwin_tags": [], "hot_weibo_tags": [], "text_tag_tips": [], "mblogtype": 0, "userType": 0, "mlevelSource": "monitor", "more_info_type": 0, "number_display_strategy": {"apply_scenario_flag": 3, "display_text_min_number": 1000000, "display_text": "100万+"}, "positive_recom_flag": 0, "content_auth": 0, "gif_ids": "", "is_show_bulletin": 2, "comment_manage_info": {"comment_permission_type": -1, "approval_comment_type": 0, "comment_sort_type": 0, "ai_play_picture_type": 0}, "pic_num": 0, "can_reprint": false, "new_comment_style": 0}, "readtimetype": "comment", "match_ai_play_picture": false}