{"created_at": "Tue Nov 15 23:50:00 +0800 2022", "id": 4836216799761394, "rootid": 4836216799761394, "rootidstr": "4836216799761394", "floor_number": 79, "text": "[good]", "disable_reply": 0, "restrictOperate": 0, "source_allowclick": 0, "source_type": 4, "source": "<a href=\"\" rel=\"nofollow\">来自北京</a>", "user": {"id": 1286223054, "idstr": "1286223054", "class": 1, "screen_name": "崔尔雪夫斯基", "name": "崔尔雪夫斯基", "province": "11", "city": "6", "location": "北京 丰台区", "description": "🇦🇫🇺🇦", "url": "http://blog.sina.com.cn/cuiwei1971324", "profile_image_url": "https://tva3.sinaimg.cn/crop.0.0.640.640.50/4caa34cejw8ehjbxcyk23j20hs0hsgmc.jpg?KID=imgbed,tva&Expires=1669638309&ssig=7bYL7Erv%2BA", "light_ring": false, "cover_image_phone": "http://ww1.sinaimg.cn/crop.0.0.640.640/549d0121tw1egm1kjly3jj20hs0hsq4f.jpg", "profile_url": "cuiwei1971324", "domain": "cuiwei1971324", "weihao": "", "gender": "m", "followers_count": 2751, "followers_count_str": "2751", "friends_count": 4983, "pagefriends_count": 26, "statuses_count": 67645, "video_status_count": 0, "video_play_count": 0, "super_topic_not_syn_count": 0, "favourites_count": 2159, "created_at": "Fri Sep 04 21:45:00 +0800 2009", "following": false, "allow_all_act_msg": false, "geo_enabled": true, "verified": false, "verified_type": -1, "remark": "", "insecurity": {"sexual_content": false}, "ptype": 0, "allow_all_comment": true, "avatar_large": "https://tva3.sinaimg.cn/crop.0.0.640.640.180/4caa34cejw8ehjbxcyk23j20hs0hsgmc.jpg?KID=imgbed,tva&Expires=1669638309&ssig=FR2xD1pqAv", "avatar_hd": "https://tva3.sinaimg.cn/crop.0.0.640.640.1024/4caa34cejw8ehjbxcyk23j20hs0hsgmc.jpg?KID=imgbed,tva&Expires=1669638309&ssig=VgqMxXRR3x", "verified_reason": "", "verified_trade": "", "verified_reason_url": "", "verified_source": "", "verified_source_url": "", "follow_me": false, "like": false, "like_me": false, "online_status": 0, "bi_followers_count": 285, "lang": "zh-cn", "star": 0, "mbtype": 0, "mbrank": 0, "svip": 0, "mb_expire_time": 0, "block_word": 0, "block_app": 0, "chaohua_ability": 0, "brand_ability": 0, "nft_ability": 0, "vplus_ability": 0, "wenda_ability": 0, "live_ability": 0, "gongyi_ability": 0, "paycolumn_ability": 0, "newbrand_ability": 0, "ecommerce_ability": 0, "hardfan_ability": 0, "credit_score": 80, "user_ability": 2097152, "urank": 47, "story_read_state": -1, "vclub_member": 0, "is_teenager": 0, "is_guardian": 0, "is_teenager_list": 0, "pc_new": 0, "special_follow": false, "planet_video": 0, "video_mark": 0, "live_status": 0, "user_ability_extend": 0, "status_total_counter": {"total_cnt": 53237, "repost_cnt": 27046, "comment_cnt": 19796, "like_cnt": 6236, "comment_like_cnt": 159}, "video_total_counter": {"play_cnt": -1}, "brand_account": 0, "hongbaofei": 0, "tab_manage": "[0, 0]", "reward_status": 0, "green_mode": 0, "urisk": 17179869184, "avatar_type": 0}, "mid": "4836216799761394", "idstr": "4836216799761394", "status": {"visible": {"type": 0, "list_id": 0}, "created_at": "Tue Nov 15 16:33:50 +0800 2022", "id": 4836107033776251, "idstr": "4836107033776251", "mid": "4836107033776251", "edit_count": 5, "can_edit": false, "edit_at": "Tue Nov 15 17:53:49 +0800 2022", "version": 17, "show_additional_indication": 0, "text": "据加拿大总理发表的消息，伊朗这次决定将抗议者判处死刑，人数接近15000人。\n\n根据联合国官网报道，伊朗法庭判处8人死刑，伊朗议会声称要将所有抗议者处死，这一决议高票通过。http://t.cn/A6odSuPE ​", "textLength": 184, "source_allowclick": 0, "source_type": 2, "source": "<a href=\"http://weibo.com/\" rel=\"nofollow\">iPhone客户端</a>", "favorited": false, "truncated": false, "in_reply_to_status_id": "", "in_reply_to_user_id": "", "in_reply_to_screen_name": "", "pic_urls": [{"thumbnail_pic": "http://wx4.sinaimg.cn/thumbnail/005BQcKBly1h85wbzersbj30u00v8agu.jpg"}, {"thumbnail_pic": "http://wx3.sinaimg.cn/thumbnail/005BQcKBly1h85yn7f2jvj30ye0q14iy.jpg"}, {"thumbnail_pic": "http://wx4.sinaimg.cn/thumbnail/005BQcKBly1h85yn7nm5oj30s80qjtvs.jpg"}], "thumbnail_pic": "http://wx4.sinaimg.cn/thumbnail/005BQcKBly1h85wbzersbj30u00v8agu.jpg", "bmiddle_pic": "http://wx4.sinaimg.cn/bmiddle/005BQcKBly1h85wbzersbj30u00v8agu.jpg", "original_pic": "http://wx4.sinaimg.cn/large/005BQcKBly1h85wbzersbj30u00v8agu.jpg", "geo": null, "is_paid": false, "mblog_vip_type": 0, "user": {"id": 5139830665, "idstr": "5139830665", "class": 1, "screen_name": "齐都督", "name": "齐都督", "province": "11", "city": "1000", "location": "北京", "description": "历史爱好者", "url": "", "profile_image_url": "https://tvax2.sinaimg.cn/crop.0.11.419.419.50/005BQcKBly8gty6lfuhj8j30bs0go400.jpg?KID=imgbed,tva&Expires=1669638309&ssig=IPowLUj8SG", "light_ring": false, "cover_image": "http://wx4.sinaimg.cn/crop.0.0.920.300/005BQcKBgy1fyrjysixoyj30pk08c1e0.jpg", "cover_image_phone": "http://ww1.sinaimg.cn/crop.0.0.640.640.640/9d44112bjw1f1xl1c10tuj20hs0hs0tw.jpg", "profile_url": "u/5139830665", "domain": "", "weihao": "", "gender": "m", "followers_count": 132176, "followers_count_str": "13.2万", "friends_count": 407, "pagefriends_count": 2, "statuses_count": 4254, "video_status_count": 250, "video_play_count": 0, "super_topic_not_syn_count": 0, "favourites_count": 16, "created_at": "Fri May 16 17:17:10 +0800 2014", "following": false, "allow_all_act_msg": false, "geo_enabled": true, "verified": true, "verified_type": 0, "remark": "", "insecurity": {"sexual_content": false}, "ptype": 0, "allow_all_comment": false, "avatar_large": "https://tvax2.sinaimg.cn/crop.0.11.419.419.180/005BQcKBly8gty6lfuhj8j30bs0go400.jpg?KID=imgbed,tva&Expires=1669638309&ssig=wyrm3t6G9j", "avatar_hd": "https://tvax2.sinaimg.cn/crop.0.11.419.419.1024/005BQcKBly8gty6lfuhj8j30bs0go400.jpg?KID=imgbed,tva&Expires=1669638309&ssig=%2BlKbrkv60u", "verified_reason": "历史博主", "verified_trade": "", "verified_reason_url": "", "verified_source": "", "verified_source_url": "", "verified_state": 0, "verified_level": 3, "verified_type_ext": 1, "has_service_tel": false, "verified_reason_modified": "", "verified_contact_name": "", "verified_contact_email": "", "verified_contact_mobile": "", "follow_me": false, "like": false, "like_me": false, "online_status": 0, "bi_followers_count": 169, "lang": "zh-cn", "star": 0, "mbtype": 12, "mbrank": 6, "svip": 0, "mb_expire_time": 1669996800, "block_word": 0, "block_app": 1, "chaohua_ability": 0, "brand_ability": 0, "nft_ability": 0, "vplus_ability": 1, "wenda_ability": 0, "live_ability": 0, "gongyi_ability": 0, "paycolumn_ability": 0, "newbrand_ability": 0, "ecommerce_ability": 0, "hardfan_ability": 1, "credit_score": 80, "user_ability": 10879496, "urank": 16, "story_read_state": -1, "verified_detail": {"custom": 0, "data": [{"key": 2, "weight": 101, "desc": "历史博主"}]}, "vclub_member": 0, "is_teenager": 0, "is_guardian": 0, "is_teenager_list": 0, "pc_new": 6, "special_follow": false, "planet_video": 2, "video_mark": 14, "live_status": 0, "user_ability_extend": 0, "status_total_counter": {"total_cnt": 3647509, "repost_cnt": 514339, "comment_cnt": 228791, "like_cnt": 681383, "comment_like_cnt": 2222996}, "video_total_counter": {"play_cnt": 20547830}, "brand_account": 0, "hongbaofei": 0, "tab_manage": "[0, 0]", "reward_status": 0, "green_mode": 0, "urisk": 120795955208, "avatar_type": 0}, "annotations": [{"photo_sub_type": "0,0,0"}, {}, {"client_mblogid": "iPhone-2786D61D-D2FF-484F-8355-7DD0B9D14A0C"}, {"mapi_request": true}], "picStatus": "0:1,1:1,2:1", "reposts_count": 0, "comments_count": 0, "reprint_cmt_count": 0, "attitudes_count": 0, "pending_approval_count": 0, "isLongText": false, "reward_exhibition_type": 0, "hide_flag": 0, "mlevel": 128, "show_mlevel": 0, "biz_feature": 4294967300, "hasActionTypeCard": 0, "darwin_tags": [], "hot_weibo_tags": [], "text_tag_tips": [], "mblogtype": 0, "userType": 0, "mlevelSource": "monitor", "more_info_type": 0, "number_display_strategy": {"apply_scenario_flag": 3, "display_text_min_number": 1000000, "display_text": "100万+"}, "positive_recom_flag": 0, "content_auth": 0, "gif_ids": "", "is_show_bulletin": 2, "comment_manage_info": {"comment_permission_type": -1, "approval_comment_type": 0, "comment_sort_type": 0, "ai_play_picture_type": 0}, "pic_num": 3, "can_reprint": false, "new_comment_style": 0}, "readtimetype": "comment", "comment_dynamic_message": {"id": "0", "start_color": "#00FFFFFF", "end_color": "#1AFFFFFF", "start_color_dark": "#003A3A3A", "end_color_dark": "#333A3A3A", "name": {"zh_CN": "默认", "zh_HK": "默認", "en_US": "default"}, "scheme": "https://new.vip.weibo.cn/bubble/mall?showmenu=0&decorateId=0&uid=1286223054", "allow_vip_box_content": "用此评论气泡", "allow_vip_box_icon": "https://h5.sinaimg.cn/upload/100/1720/2022/08/08/icon_VIP_for_comment_bubble.png"}, "match_ai_play_picture": false}