{"created_at": "Tue Nov 15 16:37:38 +0800 2022", "id": 4836107990862918, "rootid": 4836107990862918, "rootidstr": "4836107990862918", "floor_number": 7, "text": "杀掉人口的万分之二[哆啦A梦害怕][哆啦A梦害怕]", "disable_reply": 0, "restrictOperate": 0, "source_allowclick": 0, "source_type": 4, "source": "<a href=\"\" rel=\"nofollow\">来自河南</a>", "user": {"id": 3240013270, "idstr": "3240013270", "class": 1, "screen_name": "Aquitaine01", "name": "Aquitaine01", "province": "22", "city": "1", "location": "吉林 长春", "description": "天地四方為宇，古往今來為宙。", "url": "", "profile_image_url": "https://tvax2.sinaimg.cn/crop.0.0.996.996.50/c11eadd6ly8fq8fybzbjjj20ro0rodhu.jpg?KID=imgbed,tva&Expires=1674071534&ssig=o7%2FXvYBRk2", "light_ring": false, "cover_image_phone": "https://ww1.sinaimg.cn/crop.0.0.640.640.640/549d0121tw1egm1kjly3jj20hs0hsq4f.jpg", "profile_url": "u/3240013270", "domain": "", "weihao": "", "gender": "m", "followers_count": 135, "followers_count_str": "135", "friends_count": 169, "pagefriends_count": 0, "statuses_count": 110, "video_status_count": 0, "video_play_count": 0, "super_topic_not_syn_count": 0, "favourites_count": 113, "created_at": "Wed Mar 27 06:47:33 +0800 2013", "following": false, "allow_all_act_msg": false, "geo_enabled": true, "verified": false, "verified_type": -1, "remark": "", "insecurity": {"sexual_content": false}, "ptype": 0, "allow_all_comment": true, "avatar_large": "https://tvax2.sinaimg.cn/crop.0.0.996.996.180/c11eadd6ly8fq8fybzbjjj20ro0rodhu.jpg?KID=imgbed,tva&Expires=1674071534&ssig=8tgtv%2BDFlu", "avatar_hd": "https://tvax2.sinaimg.cn/crop.0.0.996.996.1024/c11eadd6ly8fq8fybzbjjj20ro0rodhu.jpg?KID=imgbed,tva&Expires=1674071534&ssig=gLaan2wN21", "verified_reason": "", "verified_trade": "", "verified_reason_url": "", "verified_source": "", "verified_source_url": "", "follow_me": false, "like": false, "like_me": false, "online_status": 0, "bi_followers_count": 20, "lang": "zh-cn", "star": 0, "mbtype": 0, "mbrank": 0, "svip": 0, "mb_expire_time": 0, "block_word": 0, "block_app": 0, "chaohua_ability": 0, "brand_ability": 0, "nft_ability": 0, "vplus_ability": 0, "wenda_ability": 0, "live_ability": 0, "gongyi_ability": 0, "paycolumn_ability": 0, "newbrand_ability": 0, "ecommerce_ability": 0, "hardfan_ability": 0, "wbcolumn_ability": 0, "credit_score": 80, "user_ability": 1024, "urank": 14, "story_read_state": -1, "vclub_member": 0, "is_teenager": 0, "is_guardian": 0, "is_teenager_list": 0, "pc_new": 7, "special_follow": false, "planet_video": 0, "video_mark": 0, "live_status": 0, "user_ability_extend": 0, "status_total_counter": {"total_cnt": 38, "repost_cnt": 10, "comment_cnt": 6, "like_cnt": 22, "comment_like_cnt": 0}, "video_total_counter": {"play_cnt": -1}, "brand_account": 0, "hongbaofei": 0, "tab_manage": "[0, 0]", "reward_status": 0, "green_mode": 0, "urisk": 8589934592, "unfollowing_recom_switch": 1, "avatar_type": 0}, "mid": "4836107990862918", "idstr": "4836107990862918", "status": {"visible": {"type": 0, "list_id": 0}, "created_at": "Tue Nov 15 16:33:50 +0800 2022", "id": 4836107033776251, "idstr": "4836107033776251", "mid": "4836107033776251", "edit_count": 5, "can_edit": false, "edit_at": "Tue Nov 15 17:53:49 +0800 2022", "version": 17, "show_additional_indication": 0, "text": "据加拿大总理发表的消息，伊朗这次决定将抗议者判处死刑，人数接近15000人。\n\n根据联合国官网报道，伊朗法庭判处8人死刑，伊朗议会声称要将所有抗议者处死，这一决议高票通过。http://t.cn/A6odSuPE ​", "textLength": 184, "source_allowclick": 0, "source_type": 2, "source": "<a href=\"http://weibo.com/\" rel=\"nofollow\">iPhone客户端</a>", "favorited": false, "truncated": false, "in_reply_to_status_id": "", "in_reply_to_user_id": "", "in_reply_to_screen_name": "", "pic_urls": [{"thumbnail_pic": "http://wx4.sinaimg.cn/thumbnail/005BQcKBly1h85wbzersbj30u00v8agu.jpg"}, {"thumbnail_pic": "http://wx3.sinaimg.cn/thumbnail/005BQcKBly1h85yn7f2jvj30ye0q14iy.jpg"}, {"thumbnail_pic": "http://wx4.sinaimg.cn/thumbnail/005BQcKBly1h85yn7nm5oj30s80qjtvs.jpg"}], "thumbnail_pic": "http://wx4.sinaimg.cn/thumbnail/005BQcKBly1h85wbzersbj30u00v8agu.jpg", "bmiddle_pic": "http://wx4.sinaimg.cn/bmiddle/005BQcKBly1h85wbzersbj30u00v8agu.jpg", "original_pic": "http://wx4.sinaimg.cn/large/005BQcKBly1h85wbzersbj30u00v8agu.jpg", "geo": null, "is_paid": false, "mblog_vip_type": 0, "user": {"id": 5139830665, "idstr": "5139830665", "class": 1, "screen_name": "齐都督", "name": "齐都督", "province": "11", "city": "1000", "location": "北京", "description": "历史爱好者", "url": "", "profile_image_url": "https://tvax2.sinaimg.cn/crop.0.11.419.419.50/005BQcKBly8gty6lfuhj8j30bs0go400.jpg?KID=imgbed,tva&Expires=1674071534&ssig=MF5TScfD2u", "light_ring": false, "cover_image": "https://wx4.sinaimg.cn/crop.0.0.920.300/005BQcKBgy1fyrjysixoyj30pk08c1e0.jpg", "cover_image_phone": "https://wx4.sinaimg.cn/crop.0.0.640.640.640/005BQcKBly1h9du8ye90xj30np0np42d.jpg", "profile_url": "u/5139830665", "domain": "", "weihao": "", "gender": "m", "followers_count": 134313, "followers_count_str": "13.4万", "friends_count": 403, "pagefriends_count": 2, "statuses_count": 5329, "video_status_count": 403, "video_play_count": 0, "super_topic_not_syn_count": 0, "favourites_count": 22, "created_at": "Fri May 16 17:17:10 +0800 2014", "following": false, "allow_all_act_msg": false, "geo_enabled": true, "verified": true, "verified_type": 0, "remark": "", "insecurity": {"sexual_content": false}, "ptype": 0, "allow_all_comment": false, "avatar_large": "https://tvax2.sinaimg.cn/crop.0.11.419.419.180/005BQcKBly8gty6lfuhj8j30bs0go400.jpg?KID=imgbed,tva&Expires=1674071534&ssig=cAAMmLiQpY", "avatar_hd": "https://tvax2.sinaimg.cn/crop.0.11.419.419.1024/005BQcKBly8gty6lfuhj8j30bs0go400.jpg?KID=imgbed,tva&Expires=1674071534&ssig=SnQvjFa63v", "verified_reason": "历史博主", "verified_trade": "", "verified_reason_url": "", "verified_source": "", "verified_source_url": "", "verified_state": 0, "verified_level": 3, "verified_type_ext": 1, "has_service_tel": false, "verified_reason_modified": "", "verified_contact_name": "", "verified_contact_email": "", "verified_contact_mobile": "", "follow_me": false, "like": false, "like_me": false, "online_status": 0, "bi_followers_count": 173, "lang": "zh-cn", "star": 0, "mbtype": 12, "mbrank": 6, "svip": 0, "mb_expire_time": 1675353600, "block_word": 0, "block_app": 1, "chaohua_ability": 0, "brand_ability": 0, "nft_ability": 0, "vplus_ability": 1, "wenda_ability": 0, "live_ability": 0, "gongyi_ability": 0, "paycolumn_ability": 0, "newbrand_ability": 0, "ecommerce_ability": 0, "hardfan_ability": 1, "wbcolumn_ability": 0, "credit_score": 80, "user_ability": 10879496, "urank": 16, "story_read_state": -1, "verified_detail": {"custom": 0, "data": [{"key": 2, "weight": 101, "desc": "历史博主"}]}, "vclub_member": 0, "is_teenager": 0, "is_guardian": 0, "is_teenager_list": 0, "pc_new": 7, "special_follow": false, "planet_video": 2, "video_mark": 14, "live_status": 0, "user_ability_extend": 0, "status_total_counter": {"total_cnt": 3979512, "repost_cnt": 570108, "comment_cnt": 247233, "like_cnt": 788980, "comment_like_cnt": 2373191}, "video_total_counter": {"play_cnt": 25825040}, "brand_account": 0, "hongbaofei": 0, "tab_manage": "[0, 0]", "reward_status": 0, "green_mode": 0, "urisk": 52076740608, "unfollowing_recom_switch": 1, "avatar_type": 0}, "annotations": [{"photo_sub_type": "0,0,0"}, {}, {"client_mblogid": "iPhone-2786D61D-D2FF-484F-8355-7DD0B9D14A0C"}, {"mapi_request": true}], "picStatus": "0:1,1:1,2:1", "reposts_count": 0, "comments_count": 0, "reprint_cmt_count": 0, "attitudes_count": 0, "pending_approval_count": 0, "isLongText": false, "reward_exhibition_type": 0, "hide_flag": 0, "mlevel": 128, "show_mlevel": 0, "biz_feature": 4294967300, "hasActionTypeCard": 0, "darwin_tags": [], "hot_weibo_tags": [], "text_tag_tips": [], "mblogtype": 0, "userType": 0, "mlevelSource": "monitor", "more_info_type": 0, "number_display_strategy": {"apply_scenario_flag": 3, "display_text_min_number": 1000000, "display_text": "100万+"}, "positive_recom_flag": 0, "content_auth": 0, "gif_ids": "", "is_show_bulletin": 2, "comment_manage_info": {"comment_permission_type": -1, "approval_comment_type": 0, "comment_sort_type": 0, "ai_play_picture_type": 0}, "pic_num": 3, "can_reprint": false, "new_comment_style": 0}, "readtimetype": "comment", "match_ai_play_picture": false}