{"created_at": "Sat Nov 19 10:53:42 +0800 2022", "id": 4837470988930411, "rootid": 4837470988930411, "rootidstr": "4837470988930411", "floor_number": 12, "text": "街道的发这个时间感觉有点……", "disable_reply": 0, "restrictOperate": 0, "source_allowclick": 0, "source_type": 4, "source": "<a href=\"\" rel=\"nofollow\">来自重庆</a>", "user": {"id": 5518965831, "idstr": "5518965831", "class": 1, "screen_name": "清风扮夏", "name": "清风扮夏", "province": "100", "city": "1000", "location": "其他", "description": "", "url": "", "profile_image_url": "https://tvax1.sinaimg.cn/crop.0.0.614.614.50/0061v17Vly8gz2kujgb1aj30h20h2dh4.jpg?KID=imgbed,tva&Expires=1669636119&ssig=oQu9o2JeiT", "light_ring": false, "cover_image_phone": "http://ww1.sinaimg.cn/crop.0.0.640.640.640/549d0121tw1egm1kjly3jj20hs0hsq4f.jpg", "profile_url": "u/5518965831", "domain": "", "weihao": "", "gender": "m", "followers_count": 27, "followers_count_str": "27", "friends_count": 662, "pagefriends_count": 23, "statuses_count": 1222, "video_status_count": 0, "video_play_count": 0, "super_topic_not_syn_count": 0, "favourites_count": 2, "created_at": "Sun Mar 22 14:22:52 +0800 2015", "following": false, "allow_all_act_msg": false, "geo_enabled": true, "verified": false, "verified_type": -1, "remark": "", "insecurity": {"sexual_content": false}, "ptype": 0, "allow_all_comment": true, "avatar_large": "https://tvax1.sinaimg.cn/crop.0.0.614.614.180/0061v17Vly8gz2kujgb1aj30h20h2dh4.jpg?KID=imgbed,tva&Expires=1669636119&ssig=yapk%2Fy%2Fe5K", "avatar_hd": "https://tvax1.sinaimg.cn/crop.0.0.614.614.1024/0061v17Vly8gz2kujgb1aj30h20h2dh4.jpg?KID=imgbed,tva&Expires=1669636119&ssig=k5QCoPRvGx", "verified_reason": "", "verified_trade": "", "verified_reason_url": "", "verified_source": "", "verified_source_url": "", "follow_me": false, "like": false, "like_me": false, "online_status": 0, "bi_followers_count": 2, "lang": "zh-cn", "star": 0, "mbtype": 0, "mbrank": 0, "svip": 0, "mb_expire_time": 0, "block_word": 0, "block_app": 0, "chaohua_ability": 0, "brand_ability": 0, "nft_ability": 0, "vplus_ability": 0, "wenda_ability": 0, "live_ability": 0, "gongyi_ability": 0, "paycolumn_ability": 0, "newbrand_ability": 0, "ecommerce_ability": 0, "hardfan_ability": 0, "credit_score": 80, "user_ability": 2097152, "cardid": "star_11247_common", "urank": 7, "story_read_state": -1, "vclub_member": 0, "is_teenager": 0, "is_guardian": 0, "is_teenager_list": 0, "pc_new": 0, "special_follow": false, "planet_video": 2, "video_mark": 0, "live_status": 0, "user_ability_extend": 0, "status_total_counter": {"total_cnt": 90, "repost_cnt": 4, "comment_cnt": 31, "like_cnt": 52, "comment_like_cnt": 3}, "video_total_counter": {"play_cnt": 0}, "brand_account": 0, "hongbaofei": 0, "tab_manage": "[0, 0]", "reward_status": 0, "green_mode": 0, "urisk": 0, "avatar_type": 0}, "mid": "4837470988930411", "idstr": "4837470988930411", "status": {"visible": {"type": 0, "list_id": 0}, "created_at": "Fri Nov 18 23:05:01 +0800 2022", "id": 4837292642144647, "idstr": "4837292642144647", "mid": "4837292642144647", "edit_count": 1, "can_edit": false, "edit_at": "Fri Nov 18 23:08:23 +0800 2022", "version": 3, "show_additional_indication": 0, "text": "#重庆疫情# 石马河街道的小区应该都收到了[单身狗][单身狗]\n📣重要通知❗❗❗\n👉根据江北区新冠肺炎疫情防控措施的通知，根据疫情防控要求做如下安排：\n⏰\n一、管控时间：2022年11月19日00:00-2022年11月30日（暂定，待官方信息做相对应调整)\n#重庆新增本土感染者4666例##重庆扎起#  ​", "textLength": 304, "source_allowclick": 0, "source_type": 1, "source": "<a href=\"http://app.weibo.com/t/feed/3xkagA\" rel=\"nofollow\">iPhone 14</a>", "favorited": false, "truncated": false, "in_reply_to_status_id": "", "in_reply_to_user_id": "", "in_reply_to_screen_name": "", "pic_urls": [{"thumbnail_pic": "http://wx3.sinaimg.cn/thumbnail/006fiWYugy1h89ogcohopj30r81j213d.jpg"}], "thumbnail_pic": "http://wx3.sinaimg.cn/thumbnail/006fiWYugy1h89ogcohopj30r81j213d.jpg", "bmiddle_pic": "http://wx3.sinaimg.cn/bmiddle/006fiWYugy1h89ogcohopj30r81j213d.jpg", "original_pic": "http://wx3.sinaimg.cn/large/006fiWYugy1h89ogcohopj30r81j213d.jpg", "geo": null, "is_paid": false, "mblog_vip_type": 0, "user": {"id": 5722958638, "idstr": "5722958638", "class": 1, "screen_name": "耿直人在重庆", "name": "耿直人在重庆", "province": "50", "city": "1000", "location": "重庆", "description": "重庆身边事，还原真实重庆。", "url": "", "profile_image_url": "https://tvax1.sinaimg.cn/crop.0.0.1080.1080.50/006fiWYuly8h5lb8meh7xj30u00u0dkp.jpg?KID=imgbed,tva&Expires=1669636119&ssig=YUXqn5qflp", "light_ring": false, "cover_image_phone": "http://ww1.sinaimg.cn/crop.0.0.640.640.640/549d0121tw1egm1kjly3jj20hs0hsq4f.jpg", "profile_url": "u/5722958638", "domain": "", "weihao": "", "gender": "f", "followers_count": 11097, "followers_count_str": "1.1万", "friends_count": 113, "pagefriends_count": 7, "statuses_count": 617, "video_status_count": 46, "video_play_count": 0, "super_topic_not_syn_count": 28, "favourites_count": 0, "created_at": "Sat Oct 10 19:53:28 +0800 2015", "following": false, "allow_all_act_msg": false, "geo_enabled": true, "verified": false, "verified_type": -1, "remark": "", "insecurity": {"sexual_content": false}, "ptype": 0, "allow_all_comment": true, "avatar_large": "https://tvax1.sinaimg.cn/crop.0.0.1080.1080.180/006fiWYuly8h5lb8meh7xj30u00u0dkp.jpg?KID=imgbed,tva&Expires=1669636119&ssig=2DwmezfqWy", "avatar_hd": "https://tvax1.sinaimg.cn/crop.0.0.1080.1080.1024/006fiWYuly8h5lb8meh7xj30u00u0dkp.jpg?KID=imgbed,tva&Expires=1669636119&ssig=ddUrQ%2BLGpR", "verified_reason": "", "verified_trade": "", "verified_reason_url": "", "verified_source": "", "verified_source_url": "", "follow_me": false, "like": false, "like_me": false, "online_status": 0, "bi_followers_count": 9, "lang": "zh-cn", "star": 0, "mbtype": 12, "mbrank": 2, "svip": 0, "mb_expire_time": 1700064000, "block_word": 0, "block_app": 1, "chaohua_ability": 0, "brand_ability": 0, "nft_ability": 0, "vplus_ability": 0, "wenda_ability": 0, "live_ability": 0, "gongyi_ability": 0, "paycolumn_ability": 0, "newbrand_ability": 0, "ecommerce_ability": 0, "hardfan_ability": 0, "credit_score": 80, "user_ability": 2359304, "avatargj_id": "gj_vip_358", "urank": 0, "story_read_state": -1, "vclub_member": 0, "is_teenager": 0, "is_guardian": 0, "is_teenager_list": 0, "pc_new": 0, "special_follow": false, "planet_video": 2, "video_mark": 0, "live_status": 0, "user_ability_extend": 0, "status_total_counter": {"total_cnt": 6913, "repost_cnt": 141, "comment_cnt": 4301, "like_cnt": 1626, "comment_like_cnt": 845}, "video_total_counter": {"play_cnt": 442716}, "brand_account": 0, "hongbaofei": 0, "tab_manage": "[0, 0]", "reward_status": 0, "green_mode": 0, "urisk": 0, "avatar_type": 0}, "annotations": [{"photo_sub_type": "0"}, {}, {"client_mblogid": "iPhone-AE1E968B-5B63-48A1-ACC2-8A9BF7516DED"}, {"mapi_request": true}], "picStatus": "0:1", "reposts_count": 0, "comments_count": 0, "reprint_cmt_count": 0, "attitudes_count": 0, "pending_approval_count": 0, "isLongText": true, "reward_exhibition_type": 0, "hide_flag": 0, "mlevel": 128, "show_mlevel": 0, "biz_feature": 4294967300, "page_type": 64, "hasActionTypeCard": 0, "darwin_tags": [], "hot_weibo_tags": [], "text_tag_tips": [], "mblogtype": 0, "userType": 0, "mlevelSource": "monitor", "more_info_type": 0, "number_display_strategy": {"apply_scenario_flag": 3, "display_text_min_number": 1000000, "display_text": "100万+"}, "positive_recom_flag": 0, "content_auth": 0, "gif_ids": "", "is_show_bulletin": 2, "comment_manage_info": {"comment_permission_type": -1, "approval_comment_type": 0, "comment_sort_type": 0, "ai_play_picture_type": 0}, "pic_num": 1, "can_reprint": false, "new_comment_style": 0}, "readtimetype": "comment", "match_ai_play_picture": false}