{"mid": "1217900313", "uid": "MkJBJ126y", "name": "黄冈检察", "time": "2022-12-22 10:10:00", "local": "", "iphone": "微博视频号", "context": "【#东北虎被反光板里的自己帅到了#】黑龙江东北虎林园，是世界上最大的东北虎繁育和饲养基地，今年这里共诞生了18只虎年虎宝。当小家伙看到有人来，兴奋得直撒欢。#给虎宝宝喂食是什么体验#？“虎爸虎妈”如何训练小萌崽？看视频↓↓#一起探秘国家公园#@央视新闻央视新闻的微博视频", "comment_num": "12", "like_num": "4", "user": {"focus": "318", "fans": "3.3万", "tweet": "12201"}}