{"created_at": "Mon Jan 09 15:51:01 +0800 2023", "id": 4856027592527005, "rootid": 4855959149875311, "rootidstr": "4855959149875311", "floor_number": 0, "text": "回复@春空千鹤若幻梦_boice:[哈哈]新房子不打算买电视了，虽说免费安装，但还会有支架啥的费用", "disable_reply": 0, "restrictOperate": 0, "source_allowclick": 0, "source_type": 4, "source": "<a href=\"\" rel=\"nofollow\">来自江苏</a>", "user": {"id": 5902839584, "idstr": "5902839584", "class": 1, "screen_name": "肉丸子乐悠悠", "name": "肉丸子乐悠悠", "province": "32", "city": "2", "location": "江苏 无锡", "description": "愿你精致到老，眼里长着太阳，笑里全是坦荡", "url": "", "profile_image_url": "https://tva1.sinaimg.cn/crop.0.3.750.750.50/006rtIe4jw8fa5y3o5nkmj30ku0l074u.jpg?KID=imgbed,tva&Expires=1674044253&ssig=kd7KDPophA", "light_ring": false, "cover_image_phone": "https://ww1.sinaimg.cn/crop.0.0.640.640.640/549d0121tw1egm1kjly3jj20hs0hsq4f.jpg", "profile_url": "u/5902839584", "domain": "", "weihao": "", "gender": "f", "followers_count": 311, "followers_count_str": "311", "friends_count": 527, "pagefriends_count": 35, "statuses_count": 8263, "video_status_count": 2, "video_play_count": 0, "super_topic_not_syn_count": 0, "favourites_count": 266, "created_at": "Wed Apr 20 13:39:59 +0800 2016", "following": false, "allow_all_act_msg": false, "geo_enabled": true, "verified": false, "verified_type": -1, "remark": "", "insecurity": {"sexual_content": false}, "ptype": 0, "allow_all_comment": true, "avatar_large": "https://tva1.sinaimg.cn/crop.0.3.750.750.180/006rtIe4jw8fa5y3o5nkmj30ku0l074u.jpg?KID=imgbed,tva&Expires=1674044253&ssig=B3%2BKAr6hgv", "avatar_hd": "https://tva1.sinaimg.cn/crop.0.3.750.750.1024/006rtIe4jw8fa5y3o5nkmj30ku0l074u.jpg?KID=imgbed,tva&Expires=1674044253&ssig=k0gl7i3f4j", "verified_reason": "", "verified_trade": "", "verified_reason_url": "", "verified_source": "", "verified_source_url": "", "follow_me": false, "like": false, "like_me": false, "online_status": 0, "bi_followers_count": 17, "lang": "zh-cn", "star": 0, "mbtype": 2, "mbrank": 1, "svip": 0, "mb_expire_time": 0, "block_word": 0, "block_app": 0, "chaohua_ability": 0, "brand_ability": 0, "nft_ability": 0, "vplus_ability": 0, "wenda_ability": 0, "live_ability": 0, "gongyi_ability": 0, "paycolumn_ability": 0, "newbrand_ability": 0, "ecommerce_ability": 0, "hardfan_ability": 0, "wbcolumn_ability": 0, "credit_score": 80, "user_ability": 35913728, "avatargj_id": "gj_vip_701", "urank": 14, "story_read_state": -1, "vclub_member": 0, "is_teenager": 0, "is_guardian": 0, "is_teenager_list": 0, "pc_new": 0, "special_follow": false, "planet_video": 0, "video_mark": 0, "live_status": 0, "user_ability_extend": 0, "status_total_counter": {"total_cnt": 190, "repost_cnt": 9, "comment_cnt": 50, "like_cnt": 131, "comment_like_cnt": 0}, "video_total_counter": {"play_cnt": 51}, "brand_account": 0, "hongbaofei": 0, "tab_manage": "[0, 0]", "reward_status": 0, "green_mode": 0, "urisk": 0, "unfollowing_recom_switch": 1, "avatar_type": 0}, "mid": "4856027592527005", "idstr": "4856027592527005", "status": {"visible": {"type": 0, "list_id": 0}, "created_at": "Mon Jan 09 10:47:35 +0800 2023", "id": 4855951230763700, "idstr": "4855951230763700", "mid": "4855951230763700", "edit_count": 1, "can_edit": false, "edit_at": "Mon Jan 09 11:30:21 +0800 2023", "version": 5, "show_additional_indication": 0, "text": "【#智能电视充多个会员一年花近千元#，#智能电视套娃式充会员让消费者闹心#】\n近日，山东济南消费者赵先生家中新买了一台智能电视，但各种付费观看的内容让他感觉如此收费有些“吃相难看”，“我为了看一部新电视剧充了连续包月的会员，充完会员后发现再想看综艺节目还得再充一个会员。另外，还存在多 ​", "textLength": 595, "source_allowclick": 0, "source_type": 1, "source": "<a href=\"http://app.weibo.com/t/feed/xEsRX\" rel=\"nofollow\">新版微博 weibo.com</a>", "favorited": false, "truncated": false, "in_reply_to_status_id": "", "in_reply_to_user_id": "", "in_reply_to_screen_name": "", "pic_urls": [], "geo": null, "is_paid": false, "mblog_vip_type": 0, "user": {"id": 1988800805, "idstr": "1988800805", "class": 1, "screen_name": "凤凰网财经", "name": "凤凰网财经", "province": "11", "city": "1000", "location": "北京", "description": "离用户最近的财经媒体！", "url": "http://finance.ifeng.com/", "profile_image_url": "https://tvax3.sinaimg.cn/crop.0.0.1024.1024.50/002aANWlly8h0p9h64ugrj60sg0sg75m02.jpg?KID=imgbed,tva&Expires=1674044253&ssig=t2Pk0S7y%2FR", "light_ring": false, "cover_image": "https://wx1.sinaimg.cn/crop.0.0.920.300/002aANWlly1gkpxgbybnkj60pk08c43n02.jpg", "cover_image_phone": "https://wx4.sinaimg.cn/crop.0.0.640.640.640/768ab125ly1g2g4j0i5c3j20e80e80tv.jpg", "profile_url": "financeifeng", "domain": "financeifeng", "weihao": "", "gender": "m", "followers_count": 12740704, "followers_count_str": "1274.1万", "friends_count": 1052, "pagefriends_count": 95, "statuses_count": 141785, "video_status_count": 1991, "video_play_count": 0, "super_topic_not_syn_count": 0, "favourites_count": 1, "created_at": "Thu Feb 24 14:45:17 +0800 2011", "following": false, "allow_all_act_msg": true, "geo_enabled": false, "verified": true, "verified_type": 3, "remark": "", "insecurity": {"sexual_content": false}, "ptype": 0, "allow_all_comment": true, "avatar_large": "https://tvax3.sinaimg.cn/crop.0.0.1024.1024.180/002aANWlly8h0p9h64ugrj60sg0sg75m02.jpg?KID=imgbed,tva&Expires=1674044253&ssig=1FwOlvka2P", "avatar_hd": "https://tvax3.sinaimg.cn/crop.0.0.1024.1024.1024/002aANWlly8h0p9h64ugrj60sg0sg75m02.jpg?KID=imgbed,tva&Expires=1674044253&ssig=DXA0DNkkPC", "verified_reason": "凤凰财经官方微博", "verified_trade": "", "verified_reason_url": "", "verified_source": "", "verified_source_url": "", "verified_state": 0, "verified_level": 3, "verified_type_ext": 50, "has_service_tel": false, "verified_reason_modified": "凤凰财经官方微博", "verified_contact_name": "", "verified_contact_email": "", "verified_contact_mobile": "", "follow_me": false, "like": false, "like_me": false, "online_status": 0, "bi_followers_count": 560, "lang": "zh-cn", "star": 0, "mbtype": 12, "mbrank": 6, "svip": 0, "mb_expire_time": 1704124800, "block_word": 1, "block_app": 1, "chaohua_ability": 0, "brand_ability": 0, "nft_ability": 0, "vplus_ability": 0, "wenda_ability": 0, "live_ability": 1, "gongyi_ability": 0, "paycolumn_ability": 0, "newbrand_ability": 0, "ecommerce_ability": 0, "hardfan_ability": 0, "wbcolumn_ability": 0, "dianping": "stock", "credit_score": 80, "user_ability": 10813964, "cardid": "star_1600", "avatargj_id": "gj_vip_719", "urank": 48, "story_read_state": -1, "vclub_member": 0, "is_teenager": 0, "is_guardian": 0, "is_teenager_list": 0, "pc_new": 7, "special_follow": false, "planet_video": 2, "video_mark": 15, "live_status": 2, "user_ability_extend": 1, "status_total_counter": {"total_cnt": 60425887, "repost_cnt": 9790349, "comment_cnt": 8573346, "like_cnt": 15429480, "comment_like_cnt": 26632712}, "video_total_counter": {"play_cnt": 693476740}, "brand_account": 0, "hongbaofei": 0, "tab_manage": "[0, 0]", "reward_status": 0, "green_mode": 0, "urisk": 0, "unfollowing_recom_switch": 1, "avatar_type": 0}, "annotations": [{}, {}, {"mapi_request": true}], "reposts_count": 0, "comments_count": 0, "reprint_cmt_count": 0, "attitudes_count": 0, "pending_approval_count": 0, "isLongText": true, "reward_exhibition_type": 0, "hide_flag": 0, "mlevel": 0, "show_mlevel": 0, "biz_ids": [230444], "biz_feature": 4294967304, "expire_time": 1673322128, "page_type": 64, "hasActionTypeCard": 0, "darwin_tags": [], "hot_weibo_tags": [], "text_tag_tips": [], "mblogtype": 0, "mark": "999_reallog_mark_ad:999|WeiboADNatural", "userType": 0, "extend_info": {"ad": {"url_marked": "true"}}, "more_info_type": 0, "positive_recom_flag": 0, "content_auth": 0, "gif_ids": "", "is_show_bulletin": 2, "comment_manage_info": {"comment_permission_type": -1, "approval_comment_type": 0, "comment_sort_type": 0, "ai_play_picture_type": 0}, "pic_num": 0, "fid": 4855950988279811, "can_reprint": false, "new_comment_style": 0}, "reply_comment": {"created_at": "Mon Jan 09 11:20:12 +0800 2023", "id": 4855959442948217, "rootid": 4855959149875311, "rootidstr": "4855959149875311", "floor_number": 0, "text": "回复@肉丸子乐悠悠:说出来你可能不信，我开电视仅仅是用来投屏", "disable_reply": 0, "restrictOperate": 0, "user": {"id": 3050755720, "idstr": "3050755720", "class": 1, "screen_name": "春空千鹤若幻梦_boice", "name": "春空千鹤若幻梦_boice", "province": "32", "city": "1", "location": "江苏 南京", "description": "还好吧，有点点宅。。。比较喜欢看NBA。。。", "url": "", "profile_image_url": "https://tvax4.sinaimg.cn/crop.0.0.1080.1080.50/b5d6d688ly8h94fb21gshj20u00u0dmy.jpg?KID=imgbed,tva&Expires=1674044253&ssig=qxDW1yi5S%2F", "light_ring": false, "cover_image_phone": "https://ww4.sinaimg.cn/crop.0.0.640.640.640/a1d3feabjw1ecasp2d0b2j20hs0hsdgn.jpg", "profile_url": "u/3050755720", "domain": "", "weihao": "", "gender": "m", "followers_count": 300, "followers_count_str": "300", "friends_count": 588, "pagefriends_count": 1, "statuses_count": 2834, "video_status_count": 2, "video_play_count": 0, "super_topic_not_syn_count": 0, "favourites_count": 19, "created_at": "Tue Jan 01 06:39:22 +0800 2013", "following": false, "allow_all_act_msg": false, "geo_enabled": true, "verified": false, "verified_type": -1, "remark": "", "insecurity": {"sexual_content": false}, "ptype": 0, "allow_all_comment": true, "avatar_large": "https://tvax4.sinaimg.cn/crop.0.0.1080.1080.180/b5d6d688ly8h94fb21gshj20u00u0dmy.jpg?KID=imgbed,tva&Expires=1674044253&ssig=NARdlFgErl", "avatar_hd": "https://tvax4.sinaimg.cn/crop.0.0.1080.1080.1024/b5d6d688ly8h94fb21gshj20u00u0dmy.jpg?KID=imgbed,tva&Expires=1674044253&ssig=HQwYUS1Ogr", "verified_reason": "", "verified_trade": "", "verified_reason_url": "", "verified_source": "", "verified_source_url": "", "follow_me": false, "like": false, "like_me": false, "online_status": 0, "bi_followers_count": 7, "lang": "zh-cn", "star": 0, "mbtype": 0, "mbrank": 0, "svip": 0, "mb_expire_time": 0, "block_word": 0, "block_app": 0, "credit_score": 80, "user_ability": 3146752, "urank": 33, "story_read_state": -1, "vclub_member": 0, "is_teenager": 0, "is_guardian": 0, "is_teenager_list": 0, "pc_new": 0, "special_follow": false, "planet_video": 0, "video_mark": 0, "live_status": 0, "user_ability_extend": 0, "status_total_counter": {"total_cnt": 312, "repost_cnt": 28, "comment_cnt": 122, "like_cnt": 162, "comment_like_cnt": 0}, "video_total_counter": {"play_cnt": 7}, "brand_account": 0, "hongbaofei": 0, "tab_manage": "[0, 0]", "green_mode": 0, "urisk": 0, "unfollowing_recom_switch": 1, "block": 0, "block_me": 0, "avatar_type": 0}, "mid": "4855959442948217", "idstr": "4855959442948217", "match_ai_play_picture": false}, "reply_original_text": "[哈哈]新房子不打算买电视了，虽说免费安装，但还会有支架啥的费用", "readtimetype": "comment", "match_ai_play_picture": false}