{"created_at": "Sun Sep 18 21:21:43 +0800 2022", "id": 4815160989975919, "rootid": 4815160989975919, "rootidstr": "4815160989975919", "floor_number": 58, "text": "打，使劲打回去，报警，让她坐牢", "disable_reply": 0, "restrictOperate": 0, "source_allowclick": 0, "source_type": 4, "source": "<a href=\"\" rel=\"nofollow\">来自山东</a>", "user": {"id": 3228155512, "idstr": "3228155512", "class": 1, "screen_name": "浮生若梦7ing", "name": "浮生若梦7ing", "province": "37", "city": "5", "location": "山东 东营", "description": "学会释然，浅笑而安", "url": "", "profile_image_url": "https://tvax2.sinaimg.cn/crop.0.0.996.996.50/c069be78ly8gks6u5u9klj20ro0roq4v.jpg?KID=imgbed,tva&Expires=1674110616&ssig=ai1MRt1suH", "light_ring": false, "cover_image_phone": "https://ww1.sinaimg.cn/crop.0.0.640.640.640/549d0121tw1egm1kjly3jj20hs0hsq4f.jpg", "profile_url": "u/3228155512", "domain": "", "weihao": "", "gender": "f", "followers_count": 79, "followers_count_str": "79", "friends_count": 581, "pagefriends_count": 67, "statuses_count": 890, "video_status_count": 0, "video_play_count": 0, "super_topic_not_syn_count": 0, "favourites_count": 3, "created_at": "Tue Mar 19 13:26:52 +0800 2013", "following": false, "allow_all_act_msg": false, "geo_enabled": true, "verified": false, "verified_type": -1, "remark": "", "insecurity": {"sexual_content": false}, "ptype": 0, "allow_all_comment": true, "avatar_large": "https://tvax2.sinaimg.cn/crop.0.0.996.996.180/c069be78ly8gks6u5u9klj20ro0roq4v.jpg?KID=imgbed,tva&Expires=1674110616&ssig=%2F5mK22wAaw", "avatar_hd": "https://tvax2.sinaimg.cn/crop.0.0.996.996.1024/c069be78ly8gks6u5u9klj20ro0roq4v.jpg?KID=imgbed,tva&Expires=1674110616&ssig=4doZ4cx8kz", "verified_reason": "", "verified_trade": "", "verified_reason_url": "", "verified_source": "", "verified_source_url": "", "follow_me": false, "like": false, "like_me": false, "online_status": 0, "bi_followers_count": 0, "lang": "zh-cn", "star": 0, "mbtype": 0, "mbrank": 0, "svip": 0, "mb_expire_time": 0, "block_word": 0, "block_app": 0, "chaohua_ability": 0, "brand_ability": 0, "nft_ability": 0, "vplus_ability": 0, "wenda_ability": 0, "live_ability": 0, "gongyi_ability": 0, "paycolumn_ability": 0, "newbrand_ability": 0, "ecommerce_ability": 0, "hardfan_ability": 0, "wbcolumn_ability": 0, "credit_score": 80, "user_ability": 2097152, "cardid": "star_1377", "urank": 9, "story_read_state": -1, "vclub_member": 0, "is_teenager": 0, "is_guardian": 0, "is_teenager_list": 0, "pc_new": 0, "special_follow": false, "planet_video": 0, "video_mark": 0, "live_status": 0, "user_ability_extend": 0, "status_total_counter": {"total_cnt": 85, "repost_cnt": 51, "comment_cnt": 15, "like_cnt": 19, "comment_like_cnt": 0}, "video_total_counter": {"play_cnt": -1}, "brand_account": 0, "hongbaofei": 0, "tab_manage": "[0, 0]", "reward_status": 0, "green_mode": 0, "urisk": 0, "unfollowing_recom_switch": 1, "avatar_type": 0}, "mid": "4815160989975919", "idstr": "4815160989975919", "status": {"visible": {"type": 0, "list_id": 0}, "created_at": "Sun Sep 18 18:29:00 +0800 2022", "id": 4815117521523428, "idstr": "4815117521523428", "mid": "4815117521523428", "can_edit": false, "version": 3, "show_additional_indication": 0, "text": "湖南李先生送5岁女儿上幼儿园，担心孩子哭闹，他站在教室外看监控屏，突然看到老师打了女儿一耳光。李先生冲进教室扇了老师一巴掌，他要求回看监控，没想到老师还用围兜蒙住女儿的头摇晃。这时，李先生再次对老师拳打脚踢。如果是你的女儿遇到这种情况你会怎么做？ http://t.cn/A6SBq99m ​", "textLength": 266, "source_allowclick": 0, "source_type": 1, "source": "<a href=\"http://app.weibo.com/t/feed/xEsRX\" rel=\"nofollow\">新版微博 weibo.com</a>", "favorited": false, "truncated": false, "in_reply_to_status_id": "", "in_reply_to_user_id": "", "in_reply_to_screen_name": "", "pic_urls": [], "geo": null, "is_paid": false, "mblog_vip_type": 0, "user": {"id": 1142648704, "idstr": "1142648704", "class": 1, "screen_name": "鲁国平先生", "name": "鲁国平先生", "province": "31", "city": "1000", "location": "上海", "description": "联系微信luguoping69（新）QQ：2482689003（新）微信公号：ksaaa112111122", "url": "http://blog.sina.com.cn/xzp9hmvmvhskcf8q", "profile_image_url": "https://tvax1.sinaimg.cn/crop.0.0.1080.1080.50/441b6f80ly8gcsqrpmgi0j20u00u0n5g.jpg?KID=imgbed,tva&Expires=1674110616&ssig=OjcP89vOUy", "light_ring": false, "cover_image": "https://ww4.sinaimg.cn/crop.0.0.920.300/441b6f80gw1eoq0yp4c5ej20pk08cjt5.jpg", "cover_image_phone": "https://wx1.sinaimg.cn/crop.0.0.640.640.640/441b6f80ly1h14stfyeigj20ku0dptai.jpg;https://wx3.sinaimg.cn/crop.0.0.640.640.640/441b6f80ly1h14st1s15yj20af08pq35.jpg", "profile_url": "xzp9hmvmvhskcf8q", "domain": "xzp9hmvmvhskcf8q", "weihao": "", "gender": "m", "followers_count": 1879901, "followers_count_str": "188万", "friends_count": 3025, "pagefriends_count": 8, "statuses_count": 109960, "video_status_count": 1354, "video_play_count": 0, "super_topic_not_syn_count": 0, "favourites_count": 20, "created_at": "Fri Aug 28 16:14:24 +0800 2009", "following": false, "allow_all_act_msg": true, "geo_enabled": false, "verified": true, "verified_type": 0, "remark": "", "insecurity": {"sexual_content": false}, "ptype": 1, "allow_all_comment": true, "avatar_large": "https://tvax1.sinaimg.cn/crop.0.0.1080.1080.180/441b6f80ly8gcsqrpmgi0j20u00u0n5g.jpg?KID=imgbed,tva&Expires=1674110616&ssig=FRCydjR2i%2B", "avatar_hd": "https://tvax1.sinaimg.cn/crop.0.0.1080.1080.1024/441b6f80ly8gcsqrpmgi0j20u00u0n5g.jpg?KID=imgbed,tva&Expires=1674110616&ssig=ozeIKFWMym", "verified_reason": "专栏作家，媒体人，新浪名博，微博区域专家团专家", "verified_trade": "1115", "verified_reason_url": "", "verified_source": "", "verified_source_url": "", "verified_state": 0, "verified_level": 3, "verified_type_ext": 1, "has_service_tel": false, "verified_reason_modified": "", "verified_contact_name": "", "verified_contact_email": "", "verified_contact_mobile": "", "follow_me": false, "like": false, "like_me": false, "online_status": 0, "bi_followers_count": 2515, "lang": "zh-cn", "star": 0, "mbtype": 12, "mbrank": 7, "svip": 0, "mb_expire_time": 1751126400, "block_word": 0, "block_app": 1, "chaohua_ability": 0, "brand_ability": 0, "nft_ability": 0, "vplus_ability": 1, "wenda_ability": 0, "live_ability": 0, "gongyi_ability": 0, "paycolumn_ability": 1, "newbrand_ability": 0, "ecommerce_ability": 0, "hardfan_ability": 1, "wbcolumn_ability": 0, "credit_score": 80, "user_ability": -2136602100, "cardid": "star_1624", "avatargj_id": "gj_vip_691", "urank": 48, "story_read_state": -1, "verified_detail": {"custom": 0, "data": [{"key": 1, "sub_key": 0, "weight": 10, "desc": "专栏作家，媒体人，新浪名博，微博区域专家团专家", "timestamp": 0, "verify_extend": {"real_name_verified": "1"}}]}, "vclub_member": 0, "is_teenager": 0, "is_guardian": 0, "is_teenager_list": 0, "pc_new": 7, "special_follow": false, "planet_video": 2, "video_mark": 15, "live_status": 0, "user_ability_extend": 1, "status_total_counter": {"total_cnt": 36241110, "repost_cnt": 14032516, "comment_cnt": 5522784, "like_cnt": 11231632, "comment_like_cnt": 5454178}, "video_total_counter": {"play_cnt": 57453401}, "brand_account": 0, "hongbaofei": 0, "tab_manage": "[0, 0]", "reward_status": 0, "green_mode": 0, "urisk": 0, "unfollowing_recom_switch": 1, "avatar_type": 0}, "annotations": [{}, {}, {"mapi_request": true}], "reposts_count": 0, "comments_count": 0, "reprint_cmt_count": 0, "attitudes_count": 0, "pending_approval_count": 0, "isLongText": false, "reward_exhibition_type": 0, "hide_flag": 0, "mlevel": 128, "show_mlevel": 0, "biz_ids": [230444], "biz_feature": 4294967304, "hasActionTypeCard": 0, "darwin_tags": [], "hot_weibo_tags": [], "text_tag_tips": [], "mblogtype": 0, "userType": 0, "mlevelSource": "monitor", "more_info_type": 0, "cardid": "star_1545", "number_display_strategy": {"apply_scenario_flag": 3, "display_text_min_number": 1000000, "display_text": "100万+"}, "positive_recom_flag": 0, "content_auth": 0, "gif_ids": "", "is_show_bulletin": 2, "comment_manage_info": {"comment_permission_type": -1, "approval_comment_type": 0, "comment_sort_type": 0, "ai_play_picture_type": 0}, "pic_num": 0, "fid": 4815116640976923, "can_reprint": false, "new_comment_style": 0}, "readtimetype": "comment", "match_ai_play_picture": false}