{"created_at": "Thu Dec 08 16:46:24 +0800 2022", "id": 4844445117973805, "rootid": 4844445117973805, "rootidstr": "4844445117973805", "floor_number": 7, "text": "首先你没有", "disable_reply": 0, "restrictOperate": 0, "source_allowclick": 0, "source_type": 4, "source": "<a href=\"\" rel=\"nofollow\">来自广东</a>", "comment_badge": [{"pic_url": "https://h5.sinaimg.cn/upload/115/735/2022/10/12/svip_3_bigfan1_2.png", "name": "loyal_fans", "length": 1.33, "actionlog": {"act_code": "3671", "ext": "status:fans"}, "scheme": "https://kefu.weibo.com/faqdetail?id=20848", "new_icon": true}], "user": {"id": 1913701740, "idstr": "1913701740", "class": 1, "screen_name": "cbdsaa", "name": "cbdsaa", "province": "44", "city": "1000", "location": "广东", "description": "", "url": "", "profile_image_url": "https://tvax4.sinaimg.cn/crop.0.0.1024.1024.50/7210c56cly8h7t8qry3agj20sg0sgn0f.jpg?KID=imgbed,tva&Expires=1670525344&ssig=zM%2FZBzmId0", "light_ring": false, "cover_image_phone": "https://wx1.sinaimg.cn/crop.0.0.640.640.640/002kXRnxly1gvn1kq5n3zj60yi0yimzo02.jpg;https://ww1.sinaimg.cn/crop.0.0.640.640.640/549d0121tw1egm1kjly3jj20hs0hsq4f.jpg", "profile_url": "u/1913701740", "domain": "", "weihao": "", "gender": "f", "followers_count": 10310, "followers_count_str": "1万", "friends_count": 587, "pagefriends_count": 35, "statuses_count": 689, "video_status_count": 13, "video_play_count": 0, "super_topic_not_syn_count": 690, "favourites_count": 16, "created_at": "Mon Jan 03 19:08:49 +0800 2011", "following": false, "allow_all_act_msg": false, "geo_enabled": true, "verified": true, "verified_type": 0, "remark": "", "insecurity": {"sexual_content": false}, "ptype": 0, "allow_all_comment": true, "avatar_large": "https://tvax4.sinaimg.cn/crop.0.0.1024.1024.180/7210c56cly8h7t8qry3agj20sg0sgn0f.jpg?KID=imgbed,tva&Expires=1670525344&ssig=IC4YhpULs2", "avatar_hd": "https://tvax4.sinaimg.cn/crop.0.0.1024.1024.1024/7210c56cly8h7t8qry3agj20sg0sgn0f.jpg?KID=imgbed,tva&Expires=1670525344&ssig=APZMCJFDE6", "verified_reason": "超话小主持人（阿娘挑剔超话）", "verified_trade": "", "verified_reason_url": "", "verified_source": "", "verified_source_url": "", "verified_state": 0, "verified_level": 3, "verified_type_ext": 0, "has_service_tel": false, "verified_reason_modified": "", "verified_contact_name": "", "verified_contact_email": "", "verified_contact_mobile": "", "follow_me": false, "like": false, "like_me": false, "online_status": 0, "bi_followers_count": 178, "lang": "zh-cn", "star": 0, "mbtype": 12, "mbrank": 3, "svip": 1, "mb_expire_time": 1680192000, "block_word": 0, "block_app": 1, "chaohua_ability": 0, "brand_ability": 0, "nft_ability": 0, "vplus_ability": 0, "wenda_ability": 0, "live_ability": 0, "gongyi_ability": 0, "paycolumn_ability": 0, "newbrand_ability": 0, "ecommerce_ability": 0, "hardfan_ability": 1, "credit_score": 80, "user_ability": 2360328, "cardid": "star_1631", "avatargj_id": "gj_vip_784", "urank": 14, "story_read_state": -1, "verified_detail": {"custom": 0, "data": [{"key": 8, "sub_key": 0, "weight": 102, "desc": "超话小主持人（阿娘挑剔超话）", "timestamp": 1647685412}]}, "vclub_member": 0, "is_teenager": 0, "is_guardian": 1, "is_teenager_list": 0, "pc_new": 7, "special_follow": false, "planet_video": 2, "video_mark": 0, "live_status": 0, "user_ability_extend": 0, "status_total_counter": {"total_cnt": 3862, "repost_cnt": 105, "comment_cnt": 1158, "like_cnt": 2198, "comment_like_cnt": 401}, "video_total_counter": {"play_cnt": 22712}, "brand_account": 0, "hongbaofei": 0, "tab_manage": "[0, 0]", "reward_status": 0, "green_mode": 0, "mb_like_privilege": {"like_id": "0059", "like_desc": "666"}, "urisk": 0, "avatar_type": 0}, "mid": "4844445117973805", "idstr": "4844445117973805", "status": {"visible": {"type": 0, "list_id": 0}, "created_at": "Thu Dec 08 16:39:41 +0800 2022", "id": 4844443427933024, "idstr": "4844443427933024", "mid": "4844443427933024", "can_edit": false, "version": 1, "show_additional_indication": 0, "text": "#爸爸自制300平米冰场供儿子训练#\n\n首先家里要有三百平的地\n我不羡慕我不羡慕我不羡慕 ​", "textLength": 80, "source_allowclick": 1, "source_type": 1, "source": "<a href=\"http://app.weibo.com/t/feed/203zs1\" rel=\"nofollow\">真我X7 Pro 5G</a>", "favorited": false, "truncated": false, "in_reply_to_status_id": "", "in_reply_to_user_id": "", "in_reply_to_screen_name": "", "pic_urls": [{"thumbnail_pic": "http://wx2.sinaimg.cn/thumbnail/da971675gy1h8whr62tmmg20b40b4x6q.gif"}], "thumbnail_pic": "http://wx2.sinaimg.cn/thumbnail/da971675gy1h8whr62tmmg20b40b4x6q.gif", "bmiddle_pic": "http://wx2.sinaimg.cn/bmiddle/da971675gy1h8whr62tmmg20b40b4x6q.gif", "original_pic": "http://wx2.sinaimg.cn/large/da971675gy1h8whr62tmmg20b40b4x6q.gif", "geo": null, "is_paid": false, "mblog_vip_type": 0, "user": {"id": 3667334773, "idstr": "3667334773", "class": 1, "screen_name": "今天你背单词了吗-", "name": "今天你背单词了吗-", "province": "44", "city": "1", "location": "广东 广州", "description": "💚💜👓🏃🏻‍♂️/偏爱🍔（对 就是那个她）/冲浪少女的异想天开🏄🏻/ 话唠博", "url": "", "profile_image_url": "https://tvax1.sinaimg.cn/crop.0.0.1023.1023.50/da971675ly8h7bv1iw2rfj20sg0sf3yu.jpg?KID=imgbed,tva&Expires=1670525344&ssig=U2T28hm90J", "light_ring": false, "cover_image_phone": "https://wx4.sinaimg.cn/crop.0.0.640.640.640/da971675gy1h6aykn91e2j20u00u00tj.jpg", "profile_url": "u/3667334773", "domain": "", "weihao": "", "gender": "f", "followers_count": 12164, "followers_count_str": "1.2万", "friends_count": 1323, "pagefriends_count": 77, "statuses_count": 8645, "video_status_count": 28, "video_play_count": 0, "super_topic_not_syn_count": 674, "favourites_count": 1095, "created_at": "Sat Jul 27 11:20:30 +0800 2013", "following": false, "allow_all_act_msg": false, "geo_enabled": true, "verified": true, "verified_type": 0, "remark": "", "insecurity": {"sexual_content": false}, "ptype": 0, "allow_all_comment": true, "avatar_large": "https://tvax1.sinaimg.cn/crop.0.0.1023.1023.180/da971675ly8h7bv1iw2rfj20sg0sf3yu.jpg?KID=imgbed,tva&Expires=1670525344&ssig=t8Z9440gGa", "avatar_hd": "https://tvax1.sinaimg.cn/crop.0.0.1023.1023.1024/da971675ly8h7bv1iw2rfj20sg0sf3yu.jpg?KID=imgbed,tva&Expires=1670525344&ssig=DD4vsYz8We", "verified_reason": "微博剪辑视频博主", "verified_trade": "", "verified_reason_url": "", "verified_source": "", "verified_source_url": "", "verified_state": 0, "verified_level": 3, "verified_type_ext": 1, "has_service_tel": false, "verified_reason_modified": "", "verified_contact_name": "", "verified_contact_email": "", "verified_contact_mobile": "", "follow_me": false, "like": false, "like_me": false, "online_status": 0, "bi_followers_count": 296, "lang": "zh-cn", "star": 0, "mbtype": 12, "mbrank": 2, "svip": 0, "mb_expire_time": 1708617600, "block_word": 0, "block_app": 1, "chaohua_ability": 0, "brand_ability": 0, "nft_ability": 0, "vplus_ability": 0, "wenda_ability": 0, "live_ability": 0, "gongyi_ability": 0, "paycolumn_ability": 0, "newbrand_ability": 0, "ecommerce_ability": 0, "hardfan_ability": 0, "credit_score": 80, "user_ability": 35914760, "cardid": "star_188", "avatargj_id": "gj_vip_011", "urank": 35, "story_read_state": -1, "verified_detail": {"custom": 0, "data": [{"key": 16, "sub_key": 4, "weight": 103, "desc": "微博剪辑视频博主", "timestamp": 1666429817}]}, "vclub_member": 0, "is_teenager": 0, "is_guardian": 1, "is_teenager_list": 0, "pc_new": 7, "special_follow": false, "planet_video": 2, "video_mark": 2, "live_status": 0, "user_ability_extend": 0, "status_total_counter": {"total_cnt": 87802, "repost_cnt": 58331, "comment_cnt": 9897, "like_cnt": 14254, "comment_like_cnt": 5320}, "video_total_counter": {"play_cnt": 98174}, "brand_account": 0, "hongbaofei": 0, "tab_manage": "[4329441920, 0]", "reward_status": 0, "green_mode": 0, "urisk": 8589934592, "avatar_type": 0}, "annotations": [{"photo_sub_type": "0"}, {}, {"client_mblogid": "778d50f0-8731-4878-870b-84014a4ba583"}, {"mapi_request": true}], "picStatus": "0:1", "reposts_count": 0, "comments_count": 0, "reprint_cmt_count": 0, "attitudes_count": 0, "pending_approval_count": 0, "isLongText": false, "reward_exhibition_type": 0, "hide_flag": 0, "mlevel": 0, "show_mlevel": 0, "biz_feature": 4294967300, "page_type": 64, "hasActionTypeCard": 0, "darwin_tags": [], "hot_weibo_tags": [], "text_tag_tips": [], "mblogtype": 0, "userType": 0, "more_info_type": 0, "number_display_strategy": {"apply_scenario_flag": 3, "display_text_min_number": 1000000, "display_text": "100万+"}, "positive_recom_flag": 0, "content_auth": 0, "gif_ids": "da971675gy1h8whr62tmmg20b40b4x6q|o0/pPeBrMFclx081ovpSQmA010412000in90E010|1022:2311284844443426291777|http%3A%2F%2Fg.us.sinaimg.cn%2Fo0%2FpPeBrMFclx081ovpSQmA010412000in90E010.mp4%3Flabel%3Dgif_mp4%26template%3D400x400.28.0", "is_show_bulletin": 2, "comment_manage_info": {"comment_permission_type": -1, "approval_comment_type": 0, "comment_sort_type": 0, "ai_play_picture_type": 0}, "pic_num": 1, "can_reprint": false, "new_comment_style": 0}, "readtimetype": "comment", "comment_dynamic_message": {"id": "0035", "icon_url": "https://h5.sinaimg.cn/upload/100/1720/2022/09/01/comment_bubble_noneback_0901.png", "tag_text": "会员", "start_color": "#00D04666", "end_color": "#1AD04666", "start_color_dark": "#00D04666", "end_color_dark": "#1AD04666", "name": {"zh_CN": "轻紫渐变", "zh_HK": "輕紫漸變", "en_US": "purple"}, "scheme": "https://new.vip.weibo.cn/bubble/mall?showmenu=0&decorateId=0035&uid=1913701740", "allow_vip_box_content": "用此评论气泡", "allow_vip_box_icon": "https://h5.sinaimg.cn/upload/100/1720/2022/08/08/icon_VIP_for_comment_bubble.png"}, "match_ai_play_picture": false}