{"created_at": "Mon Sep 05 13:48:35 +0800 2022", "id": 4810335908791685, "rootid": 4810335724248515, "rootidstr": "4810335724248515", "floor_number": 0, "text": "回复@5867656215_160:确实[笑cry]", "disable_reply": 0, "is_mblog_author": true, "restrictOperate": 0, "source_allowclick": 0, "source_type": 4, "source": "<a href=\"\" rel=\"nofollow\">来自四川</a>", "comment_badge": [{"pic_url": "https://h5.sinaimg.cn/upload/1007/25/2019/05/17/feed_icon_poster_identity133low.png", "name": "blogger", "length": 1.33, "actionlog": {"act_code": "3671", "ext": "status:author"}, "scheme": "https://kefu.weibo.com/faqdetail?id=20848"}], "user": {"id": 7414906305, "idstr": "7414906305", "class": 1, "screen_name": "·晚安稻草熊·", "name": "·晚安稻草熊·", "province": "400", "city": "20", "location": "海外 意大利", "description": "小年小年", "url": "", "profile_image_url": "https://tvax2.sinaimg.cn/crop.0.0.1080.1080.50/0085ObQZly8h8bojjaft4j30u00u041s.jpg?KID=imgbed,tva&Expires=1669917528&ssig=zEutt7SoSI", "light_ring": false, "cover_image_phone": "http://wx4.sinaimg.cn/crop.0.0.640.640.640/0085ObQZgy1h6teelp4zij30u00u041l.jpg;http://wx2.sinaimg.cn/crop.0.0.640.640.640/0085ObQZgy1h8bonytl0zj30u00u00wi.jpg", "profile_url": "u/7414906305", "domain": "", "weihao": "", "gender": "f", "followers_count": 293, "followers_count_str": "293", "friends_count": 384, "pagefriends_count": 52, "statuses_count": 578, "video_status_count": 20, "video_play_count": 0, "super_topic_not_syn_count": 2, "favourites_count": 14, "created_at": "Wed Mar 18 12:51:45 +0800 2020", "following": false, "allow_all_act_msg": false, "geo_enabled": true, "verified": false, "verified_type": -1, "remark": "", "insecurity": {"sexual_content": false}, "ptype": 0, "allow_all_comment": true, "avatar_large": "https://tvax2.sinaimg.cn/crop.0.0.1080.1080.180/0085ObQZly8h8bojjaft4j30u00u041s.jpg?KID=imgbed,tva&Expires=1669917528&ssig=JjpVDKIuLr", "avatar_hd": "https://tvax2.sinaimg.cn/crop.0.0.1080.1080.1024/0085ObQZly8h8bojjaft4j30u00u041s.jpg?KID=imgbed,tva&Expires=1669917528&ssig=0oF0pfQMcX", "verified_reason": "", "verified_trade": "", "verified_reason_url": "", "verified_source": "", "verified_source_url": "", "follow_me": false, "like": false, "like_me": false, "online_status": 0, "bi_followers_count": 270, "lang": "zh-cn", "star": 0, "mbtype": 11, "mbrank": 2, "svip": 1, "mb_expire_time": 1670169600, "block_word": 0, "block_app": 1, "chaohua_ability": 0, "brand_ability": 0, "nft_ability": 0, "vplus_ability": 0, "wenda_ability": 0, "live_ability": 0, "gongyi_ability": 0, "paycolumn_ability": 0, "newbrand_ability": 0, "ecommerce_ability": 0, "hardfan_ability": 1, "credit_score": 80, "user_ability": -2145124320, "cardid": "topic_10080834d7e2a94cd7cd73bb74c5e4ff86ef3e_lv9", "avatargj_id": "gj_vip_011", "urank": 0, "story_read_state": -1, "vclub_member": 0, "is_teenager": 0, "is_guardian": 0, "is_teenager_list": 0, "pc_new": 7, "special_follow": false, "planet_video": 2, "video_mark": 0, "live_status": 0, "user_ability_extend": 0, "status_total_counter": {"total_cnt": 111687, "repost_cnt": 108141, "comment_cnt": 1578, "like_cnt": 1058, "comment_like_cnt": 910}, "video_total_counter": {"play_cnt": 309358}, "brand_account": 0, "hongbaofei": 0, "tab_manage": "[0, 0]", "reward_status": 0, "green_mode": 0, "mb_like_privilege": {"like_id": "0039", "like_desc": "丁程鑫的小宝贝收到啦"}, "urisk": 0, "avatar_type": 0}, "mid": "4810335908791685", "idstr": "4810335908791685", "status": {"visible": {"type": 0, "list_id": 0}, "created_at": "Mon Sep 05 13:44:20 +0800 2022", "id": 4810334839509201, "idstr": "4810334839509201", "mid": "4810334839509201", "can_edit": false, "version": 2, "show_additional_indication": 0, "text": "#成都震感#跳伞哪位留个联系方式教教我[doge] ​", "textLength": 42, "source_allowclick": 0, "source_type": 2, "source": "<a href=\"http://weibo.com/\" rel=\"nofollow\">iPhone客户端</a>", "favorited": false, "truncated": false, "in_reply_to_status_id": "", "in_reply_to_user_id": "", "in_reply_to_screen_name": "", "pic_urls": [{"thumbnail_pic": "http://wx2.sinaimg.cn/thumbnail/0085ObQZgy1h5vofd7lv4j30c80cc0t1.jpg"}], "thumbnail_pic": "http://wx2.sinaimg.cn/thumbnail/0085ObQZgy1h5vofd7lv4j30c80cc0t1.jpg", "bmiddle_pic": "http://wx2.sinaimg.cn/bmiddle/0085ObQZgy1h5vofd7lv4j30c80cc0t1.jpg", "original_pic": "http://wx2.sinaimg.cn/large/0085ObQZgy1h5vofd7lv4j30c80cc0t1.jpg", "geo": null, "is_paid": false, "mblog_vip_type": 0, "user": {"id": 7414906305, "idstr": "7414906305", "class": 1, "screen_name": "·晚安稻草熊·", "name": "·晚安稻草熊·", "province": "400", "city": "20", "location": "海外 意大利", "description": "小年小年", "url": "", "profile_image_url": "https://tvax2.sinaimg.cn/crop.0.0.1080.1080.50/0085ObQZly8h8bojjaft4j30u00u041s.jpg?KID=imgbed,tva&Expires=1669917528&ssig=zEutt7SoSI", "light_ring": false, "cover_image_phone": "http://wx4.sinaimg.cn/crop.0.0.640.640.640/0085ObQZgy1h6teelp4zij30u00u041l.jpg;http://wx2.sinaimg.cn/crop.0.0.640.640.640/0085ObQZgy1h8bonytl0zj30u00u00wi.jpg", "profile_url": "u/7414906305", "domain": "", "weihao": "", "gender": "f", "followers_count": 293, "followers_count_str": "293", "friends_count": 384, "pagefriends_count": 52, "statuses_count": 578, "video_status_count": 20, "video_play_count": 0, "super_topic_not_syn_count": 2, "favourites_count": 14, "created_at": "Wed Mar 18 12:51:45 +0800 2020", "following": false, "allow_all_act_msg": false, "geo_enabled": true, "verified": false, "verified_type": -1, "remark": "", "insecurity": {"sexual_content": false}, "ptype": 0, "allow_all_comment": true, "avatar_large": "https://tvax2.sinaimg.cn/crop.0.0.1080.1080.180/0085ObQZly8h8bojjaft4j30u00u041s.jpg?KID=imgbed,tva&Expires=1669917528&ssig=JjpVDKIuLr", "avatar_hd": "https://tvax2.sinaimg.cn/crop.0.0.1080.1080.1024/0085ObQZly8h8bojjaft4j30u00u041s.jpg?KID=imgbed,tva&Expires=1669917528&ssig=0oF0pfQMcX", "verified_reason": "", "verified_trade": "", "verified_reason_url": "", "verified_source": "", "verified_source_url": "", "follow_me": false, "like": false, "like_me": false, "online_status": 0, "bi_followers_count": 270, "lang": "zh-cn", "star": 0, "mbtype": 11, "mbrank": 2, "svip": 1, "mb_expire_time": 1670169600, "block_word": 0, "block_app": 1, "chaohua_ability": 0, "brand_ability": 0, "nft_ability": 0, "vplus_ability": 0, "wenda_ability": 0, "live_ability": 0, "gongyi_ability": 0, "paycolumn_ability": 0, "newbrand_ability": 0, "ecommerce_ability": 0, "hardfan_ability": 1, "credit_score": 80, "user_ability": -2145124320, "cardid": "topic_10080834d7e2a94cd7cd73bb74c5e4ff86ef3e_lv9", "avatargj_id": "gj_vip_011", "urank": 0, "story_read_state": -1, "vclub_member": 0, "is_teenager": 0, "is_guardian": 0, "is_teenager_list": 0, "pc_new": 7, "special_follow": false, "planet_video": 2, "video_mark": 0, "live_status": 0, "user_ability_extend": 0, "status_total_counter": {"total_cnt": 111687, "repost_cnt": 108141, "comment_cnt": 1578, "like_cnt": 1058, "comment_like_cnt": 910}, "video_total_counter": {"play_cnt": 309358}, "brand_account": 0, "hongbaofei": 0, "tab_manage": "[0, 0]", "reward_status": 0, "green_mode": 0, "mb_like_privilege": {"like_id": "0039", "like_desc": "丁程鑫的小宝贝收到啦"}, "urisk": 0, "avatar_type": 0}, "annotations": [{"photo_sub_type": "0"}, {"ann_ext": "ann_ext:search|t:6|creator_source:bottomsendweibo"}, {"client_mblogid": "iPhone-A70076BC-192F-4926-9372-2240FF780FCE"}, {"mapi_request": true}], "reposts_count": 0, "comments_count": 0, "reprint_cmt_count": 0, "attitudes_count": 0, "pending_approval_count": 0, "isLongText": false, "reward_exhibition_type": 0, "hide_flag": 0, "mlevel": 128, "show_mlevel": 0, "biz_feature": 4294967300, "page_type": 64, "hasActionTypeCard": 0, "darwin_tags": [], "hot_weibo_tags": [], "text_tag_tips": [], "mblogtype": 0, "userType": 0, "extend_info": {"discuss_room": {"oid": "1022:232622eadab1a0886d90d66a87d4cbf272ae6b"}}, "mlevelSource": "monitor", "more_info_type": 0, "number_display_strategy": {"apply_scenario_flag": 3, "display_text_min_number": 1000000, "display_text": "100万+"}, "positive_recom_flag": 0, "content_auth": 0, "gif_ids": "", "is_show_bulletin": 2, "comment_manage_info": {"comment_permission_type": -1, "approval_comment_type": 0, "comment_sort_type": 0, "ai_play_picture_type": 0}, "pic_num": 1, "can_reprint": false, "new_comment_style": 0}, "reply_comment": {"created_at": "Mon Sep 05 13:47:51 +0800 2022", "id": 4810335724248515, "rootid": 4810335724248515, "rootidstr": "4810335724248515", "floor_number": 7, "text": "这起码是10年前的图了[允悲][允悲]", "disable_reply": 0, "restrictOperate": 0, "user": {"id": 5867656215, "idstr": "5867656215", "class": 1, "screen_name": "5867656215_160", "name": "5867656215_160", "province": "51", "city": "1000", "location": "四川", "description": "老司机一个", "url": "", "profile_image_url": "https://tvax4.sinaimg.cn/crop.0.0.641.641.50/006p65qnly8fi9spckceoj30ht0htact.jpg?KID=imgbed,tva&Expires=1669917528&ssig=rtDRYUUMEq", "light_ring": false, "cover_image_phone": "http://ww1.sinaimg.cn/crop.0.0.640.640.640/549d0121tw1egm1kjly3jj20hs0hsq4f.jpg", "profile_url": "u/5867656215", "domain": "", "weihao": "", "gender": "m", "followers_count": 96, "followers_count_str": "96", "friends_count": 293, "pagefriends_count": 19, "statuses_count": 25, "video_status_count": 1, "video_play_count": 0, "super_topic_not_syn_count": 0, "favourites_count": 38, "created_at": "Thu Feb 25 22:31:08 +0800 2016", "following": false, "allow_all_act_msg": false, "geo_enabled": true, "verified": false, "verified_type": -1, "remark": "", "insecurity": {"sexual_content": false}, "ptype": 0, "allow_all_comment": false, "avatar_large": "https://tvax4.sinaimg.cn/crop.0.0.641.641.180/006p65qnly8fi9spckceoj30ht0htact.jpg?KID=imgbed,tva&Expires=1669917528&ssig=MtMsiBXCBR", "avatar_hd": "https://tvax4.sinaimg.cn/crop.0.0.641.641.1024/006p65qnly8fi9spckceoj30ht0htact.jpg?KID=imgbed,tva&Expires=1669917528&ssig=QPnN8qLwEu", "verified_reason": "", "verified_trade": "", "verified_reason_url": "", "verified_source": "", "verified_source_url": "", "follow_me": false, "like": false, "like_me": false, "online_status": 0, "bi_followers_count": 0, "lang": "zh-cn", "star": 0, "mbtype": 0, "mbrank": 0, "svip": 0, "mb_expire_time": 0, "block_word": 0, "block_app": 0, "chaohua_ability": 0, "brand_ability": 0, "nft_ability": 0, "vplus_ability": 0, "wenda_ability": 0, "live_ability": 0, "gongyi_ability": 0, "paycolumn_ability": 0, "newbrand_ability": 0, "ecommerce_ability": 0, "hardfan_ability": 0, "credit_score": 80, "user_ability": 35913728, "urank": 9, "story_read_state": -1, "vclub_member": 0, "is_teenager": 0, "is_guardian": 0, "is_teenager_list": 0, "pc_new": 0, "special_follow": false, "planet_video": 1, "video_mark": 2, "live_status": 0, "user_ability_extend": 0, "status_total_counter": {"total_cnt": 54, "repost_cnt": 0, "comment_cnt": 28, "like_cnt": 25, "comment_like_cnt": 1}, "video_total_counter": {"play_cnt": 1}, "brand_account": 0, "hongbaofei": 0, "tab_manage": "[0, 0]", "reward_status": 0, "green_mode": 0, "urisk": 8589934592, "avatar_type": 0}, "mid": "4810335724248515", "idstr": "4810335724248515", "match_ai_play_picture": false}, "reply_original_text": "确实[笑cry]", "readtimetype": "comment", "match_ai_play_picture": false}