{"mid": "7572390845", "uid": "MghDln4E5", "name": "1111vba", "time": "2022-11-23 03:35:00", "local": "河南", "iphone": "iPhone客户端", "context": "郑州西亚斯学院超话.想告诉西亚斯的姐妹.我是从郑州回来的，今天凌晨十二点，高速，中华北路，郑新路已经全部封了，去就是劝返，看到好多滞留的学生在路边，一定要确保你能出卡点在离开学校，宾馆不让住啊，注意保暖.", "comment_num": "3", "like_num": "12", "user": {"focus": "48", "fans": "3", "tweet": "5"}}