{"created_at": "Tue Jun 21 12:26:40 +0800 2022", "id": 4782773820721078, "rootid": 4782773820721078, "rootidstr": "4782773820721078", "floor_number": 307, "text": "//@用户华安9527:高考是每个学子尤其是寒门学子改变命运比较公平公正的渠道，反对一切形式的加分。烈士的子女应该由国家发放补助资金和抚恤金以体现国家政府对烈士或英雄的英勇事迹的肯定和生活扶持的", "disable_reply": 0, "restrictOperate": 0, "source_allowclick": 0, "source_type": 4, "source": "<a href=\"\" rel=\"nofollow\">来自山东</a>", "user": {"id": 7260247394, "idstr": "7260247394", "class": 1, "screen_name": "公益小微", "name": "公益小微", "province": "100", "city": "1000", "location": "其他", "description": "免费提供法律咨询（商标知识产权），有一说一，让公平正义之光来照亮弱势者前行路程。", "url": "", "profile_image_url": "https://tvax2.sinaimg.cn/crop.0.0.959.959.50/007Vlg0qly8h1tsqnh1i7j30qn0qnq3k.jpg?KID=imgbed,tva&Expires=1672142607&ssig=AAupPQTdP%2B", "light_ring": false, "profile_url": "u/7260247394", "domain": "", "weihao": "", "gender": "m", "followers_count": 74, "followers_count_str": "74", "friends_count": 225, "pagefriends_count": 15, "statuses_count": 1617, "video_status_count": 0, "video_play_count": 0, "super_topic_not_syn_count": 0, "favourites_count": 0, "created_at": "Thu Jul 25 18:00:20 +0800 2019", "following": false, "allow_all_act_msg": false, "geo_enabled": true, "verified": false, "verified_type": -1, "remark": "", "insecurity": {"sexual_content": false}, "ptype": 0, "allow_all_comment": true, "avatar_large": "https://tvax2.sinaimg.cn/crop.0.0.959.959.180/007Vlg0qly8h1tsqnh1i7j30qn0qnq3k.jpg?KID=imgbed,tva&Expires=1672142607&ssig=z%2FM%2BSYJcD3", "avatar_hd": "https://tvax2.sinaimg.cn/crop.0.0.959.959.1024/007Vlg0qly8h1tsqnh1i7j30qn0qnq3k.jpg?KID=imgbed,tva&Expires=1672142607&ssig=QBWoE%2BzIMx", "verified_reason": "", "verified_trade": "", "verified_reason_url": "", "verified_source": "", "verified_source_url": "", "follow_me": false, "like": false, "like_me": false, "online_status": 0, "bi_followers_count": 42, "lang": "zh-cn", "star": 0, "mbtype": 12, "mbrank": 4, "svip": 0, "mb_expire_time": 1700323200, "block_word": 0, "block_app": 1, "chaohua_ability": 0, "brand_ability": 0, "nft_ability": 0, "vplus_ability": 0, "wenda_ability": 0, "live_ability": 0, "gongyi_ability": 0, "paycolumn_ability": 0, "newbrand_ability": 0, "ecommerce_ability": 0, "hardfan_ability": 0, "credit_score": 80, "user_ability": 2097152, "urank": 2, "story_read_state": -1, "vclub_member": 0, "is_teenager": 0, "is_guardian": 0, "is_teenager_list": 0, "pc_new": 7, "special_follow": false, "planet_video": 0, "video_mark": 0, "live_status": 0, "user_ability_extend": 0, "status_total_counter": {"total_cnt": 1230, "repost_cnt": 523, "comment_cnt": 61, "like_cnt": 638, "comment_like_cnt": 8}, "video_total_counter": {"play_cnt": -1}, "brand_account": 0, "hongbaofei": 0, "tab_manage": "[0, 0]", "reward_status": 0, "green_mode": 0, "urisk": 17180393472, "avatar_type": 0}, "mid": "4782773820721078", "idstr": "4782773820721078", "status": {"visible": {"type": 0, "list_id": 0}, "created_at": "Fri Jun 17 08:43:41 +0800 2022", "id": 4781268150257121, "idstr": "4781268150257121", "mid": "4781268150257121", "edit_count": 3, "can_edit": false, "edit_at": "Thu Jun 23 16:49:30 +0800 2022", "version": 11, "show_additional_indication": 0, "text": "烈士的子女高考加20分，引起众多家长不满。\n女孩一句话，让大家沉默了，女孩说:“我可以把二十分给你，你能把爸爸还给我吗？”\n\n女孩答得好[赞]，应该加分，对烈士的子女，政审没问题的应该保送，这是对烈士最好的致敬。\n\n应该是保送到大学，不是加分这么简单！工作还要国家包安排！有没有同意我的观点 ​", "textLength": 296, "source_allowclick": 1, "source_type": 2, "source": "<a href=\"http://weibo.com/\" rel=\"nofollow\">一本学长的HarmonyOS设备</a>", "favorited": false, "truncated": false, "in_reply_to_status_id": "", "in_reply_to_user_id": "", "in_reply_to_screen_name": "", "pic_urls": [{"thumbnail_pic": "http://wx4.sinaimg.cn/thumbnail/006rQp7egy1h3i80t2pghj30u010cq90.jpg"}], "thumbnail_pic": "http://wx4.sinaimg.cn/thumbnail/006rQp7egy1h3i80t2pghj30u010cq90.jpg", "bmiddle_pic": "http://wx4.sinaimg.cn/bmiddle/006rQp7egy1h3i80t2pghj30u010cq90.jpg", "original_pic": "http://wx4.sinaimg.cn/large/006rQp7egy1h3i80t2pghj30u010cq90.jpg", "geo": null, "is_paid": false, "mblog_vip_type": 0, "user": {"id": 5908247668, "idstr": "5908247668", "class": 1, "screen_name": "一本学长", "name": "一本学长", "province": "35", "city": "1000", "location": "福建", "description": "", "url": "", "profile_image_url": "https://tvax3.sinaimg.cn/crop.0.0.600.600.50/006rQp7ely8h2lyhvfna5j30go0go74m.jpg?KID=imgbed,tva&Expires=1672142607&ssig=ePWUmcXdJW", "light_ring": false, "cover_image_phone": "https://wx2.sinaimg.cn/crop.0.0.640.640.640/5c939ccbly1gqsknbtmn5j20u00u0k1g.jpg;https://wx1.sinaimg.cn/crop.0.0.640.640.640/006rQp7egy1gv4s5qcb7yj60yi0yiaey02.jpg", "profile_url": "u/5908247668", "domain": "", "weihao": "", "gender": "m", "followers_count": 1102268, "followers_count_str": "110.2万", "friends_count": 498, "pagefriends_count": 11, "statuses_count": 96425, "video_status_count": 59875, "video_play_count": 0, "super_topic_not_syn_count": 0, "favourites_count": 77, "created_at": "Tue Apr 26 00:07:04 +0800 2016", "following": false, "allow_all_act_msg": false, "geo_enabled": true, "verified": true, "verified_type": 0, "remark": "", "insecurity": {"sexual_content": false}, "ptype": 0, "allow_all_comment": true, "avatar_large": "https://tvax3.sinaimg.cn/crop.0.0.600.600.180/006rQp7ely8h2lyhvfna5j30go0go74m.jpg?KID=imgbed,tva&Expires=1672142607&ssig=lZDWAiFlHb", "avatar_hd": "https://tvax3.sinaimg.cn/crop.0.0.600.600.1024/006rQp7ely8h2lyhvfna5j30go0go74m.jpg?KID=imgbed,tva&Expires=1672142607&ssig=48Ai9oMxuS", "verified_reason": "搞笑幽默博主 2022年辰星计划博主 搞笑视频自媒体", "verified_trade": "", "verified_reason_url": "", "verified_source": "", "verified_source_url": "", "verified_state": 0, "verified_level": 3, "verified_type_ext": 1, "has_service_tel": false, "verified_reason_modified": "", "verified_contact_name": "", "verified_contact_email": "", "verified_contact_mobile": "", "follow_me": false, "like": false, "like_me": false, "online_status": 0, "bi_followers_count": 130, "lang": "zh-cn", "star": 0, "mbtype": 12, "mbrank": 7, "svip": 1, "mb_expire_time": 1674057600, "block_word": 0, "block_app": 1, "chaohua_ability": 0, "brand_ability": 0, "nft_ability": 0, "vplus_ability": 1, "wenda_ability": 0, "live_ability": 0, "gongyi_ability": 0, "paycolumn_ability": 1, "newbrand_ability": 0, "ecommerce_ability": 0, "hardfan_ability": 1, "credit_score": 80, "user_ability": -2143942104, "cardid": "star_1408", "avatargj_id": "gj_vip_027", "urank": 37, "story_read_state": -1, "verified_detail": {"custom": 1, "data": [{"key": 2, "sub_key": 0, "weight": 10, "desc": "搞笑幽默博主", "timestamp": 0}, {"key": 16, "sub_key": 10, "weight": 103, "desc": "搞笑视频自媒体", "timestamp": 0}, {"key": 1, "sub_key": 0, "weight": 100, "desc": "2022年辰星计划博主", "timestamp": 0}]}, "vclub_member": 0, "is_teenager": 0, "is_guardian": 0, "is_teenager_list": 0, "pc_new": 6, "special_follow": false, "planet_video": 2, "video_mark": 15, "live_status": 0, "user_ability_extend": 0, "status_total_counter": {"total_cnt": 7645847, "repost_cnt": 578312, "comment_cnt": 857627, "like_cnt": 2852720, "comment_like_cnt": 3357188}, "video_total_counter": {"play_cnt": 946659938}, "brand_account": 0, "hongbaofei": 0, "tab_manage": "[0, 0]", "reward_status": 0, "green_mode": 0, "urisk": 0, "avatar_type": 0}, "annotations": [{"photo_sub_type": "0"}, {}, {"client_mblogid": "3ff437e0-0606-48cf-b5c5-08f3b1ac5d33"}, {"mapi_request": true}], "picStatus": "0:1", "reposts_count": 0, "comments_count": 0, "reprint_cmt_count": 0, "attitudes_count": 0, "pending_approval_count": 0, "isLongText": true, "reward_exhibition_type": 0, "hide_flag": 0, "mlevel": 128, "show_mlevel": 0, "biz_feature": 4294967300, "hasActionTypeCard": 0, "darwin_tags": [], "hot_weibo_tags": [], "text_tag_tips": [], "mblogtype": 0, "userType": 0, "mlevelSource": "monitor", "more_info_type": 0, "cardid": "star_656", "number_display_strategy": {"apply_scenario_flag": 3, "display_text_min_number": 1000000, "display_text": "100万+"}, "positive_recom_flag": 0, "content_auth": 0, "gif_ids": "", "is_show_bulletin": 2, "comment_manage_info": {"comment_permission_type": -1, "approval_comment_type": 0, "comment_sort_type": 0, "ai_play_picture_type": 0}, "pic_num": 1, "can_reprint": false, "new_comment_style": 0}, "readtimetype": "comment", "match_ai_play_picture": false}