{"created_at": "Tue Jun 21 09:52:35 +0800 2022", "id": 4782735040448149, "rootid": 4781269848951679, "rootidstr": "4781269848951679", "floor_number": 0, "text": "回复@比美芽美:因为救人死亡的人民也有不少的，他们没有评为烈士的可能，自然加不了分", "disable_reply": 0, "restrictOperate": 0, "source_allowclick": 0, "source_type": 4, "source": "<a href=\"\" rel=\"nofollow\">来自广东</a>", "user": {"id": 7381196172, "idstr": "7381196172", "class": 1, "screen_name": "紫墨云火22177", "name": "紫墨云火22177", "province": "100", "city": "1000", "location": "其他", "description": "", "url": "", "profile_image_url": "https://tvax1.sinaimg.cn/default/images/default_avatar_male_50.gif?KID=imgbed,tva&Expires=1674067861&ssig=nDnkHWbYm7", "light_ring": false, "cover_image_phone": "https://ww1.sinaimg.cn/crop.0.0.640.640.640/549d0121tw1egm1kjly3jj20hs0hsq4f.jpg", "profile_url": "u/7381196172", "domain": "", "weihao": "", "gender": "m", "followers_count": 11, "followers_count_str": "11", "friends_count": 50, "pagefriends_count": 8, "statuses_count": 15, "video_status_count": 0, "video_play_count": 0, "super_topic_not_syn_count": 0, "favourites_count": 0, "created_at": "Wed Jan 29 07:10:04 +0800 2020", "following": false, "allow_all_act_msg": false, "geo_enabled": true, "verified": false, "verified_type": -1, "remark": "", "insecurity": {"sexual_content": false}, "ptype": 0, "allow_all_comment": true, "avatar_large": "https://tvax1.sinaimg.cn/default/images/default_avatar_male_180.gif?KID=imgbed,tva&Expires=1674067861&ssig=k%2FJgDvv6A6", "avatar_hd": "https://tvax1.sinaimg.cn/default/images/default_avatar_male_180.gif?KID=imgbed,tva&Expires=1674067861&ssig=k%2FJgDvv6A6", "verified_reason": "", "verified_trade": "", "verified_reason_url": "", "verified_source": "", "verified_source_url": "", "follow_me": false, "like": false, "like_me": false, "online_status": 0, "bi_followers_count": 0, "lang": "zh-cn", "star": 0, "mbtype": 2, "mbrank": 1, "svip": 0, "mb_expire_time": 1670255999, "block_word": 0, "block_app": 0, "chaohua_ability": 0, "brand_ability": 0, "nft_ability": 0, "vplus_ability": 0, "wenda_ability": 0, "live_ability": 0, "gongyi_ability": 0, "paycolumn_ability": 0, "newbrand_ability": 0, "ecommerce_ability": 0, "hardfan_ability": 0, "wbcolumn_ability": 0, "credit_score": 80, "user_ability": 2097152, "urank": 0, "story_read_state": -1, "vclub_member": 0, "is_teenager": 0, "is_guardian": 0, "is_teenager_list": 0, "pc_new": 0, "special_follow": false, "planet_video": 0, "video_mark": 0, "live_status": 0, "user_ability_extend": 0, "status_total_counter": {"total_cnt": 0, "repost_cnt": 0, "comment_cnt": 0, "like_cnt": 0, "comment_like_cnt": 0}, "video_total_counter": {"play_cnt": -1}, "brand_account": 0, "hongbaofei": 0, "tab_manage": "[0, 0]", "reward_status": 0, "green_mode": 0, "urisk": 0, "unfollowing_recom_switch": 1, "avatar_type": 0}, "mid": "4782735040448149", "idstr": "4782735040448149", "status": {"visible": {"type": 0, "list_id": 0}, "created_at": "Fri Jun 17 08:43:41 +0800 2022", "id": 4781268150257121, "idstr": "4781268150257121", "mid": "4781268150257121", "edit_count": 3, "can_edit": false, "edit_at": "Thu Jun 23 16:49:30 +0800 2022", "version": 11, "show_additional_indication": 0, "text": "烈士的子女高考加20分，引起众多家长不满。\n女孩一句话，让大家沉默了，女孩说:“我可以把二十分给你，你能把爸爸还给我吗？”\n\n女孩答得好[赞]，应该加分，对烈士的子女，政审没问题的应该保送，这是对烈士最好的致敬。\n\n应该是保送到大学，不是加分这么简单！工作还要国家包安排！有没有同意我的观点 ​", "textLength": 296, "source_allowclick": 1, "source_type": 2, "source": "<a href=\"http://weibo.com/\" rel=\"nofollow\">一本学长的HarmonyOS设备</a>", "favorited": false, "truncated": false, "in_reply_to_status_id": "", "in_reply_to_user_id": "", "in_reply_to_screen_name": "", "pic_urls": [{"thumbnail_pic": "http://wx4.sinaimg.cn/thumbnail/006rQp7egy1h3i80t2pghj30u010cq90.jpg"}], "thumbnail_pic": "http://wx4.sinaimg.cn/thumbnail/006rQp7egy1h3i80t2pghj30u010cq90.jpg", "bmiddle_pic": "http://wx4.sinaimg.cn/bmiddle/006rQp7egy1h3i80t2pghj30u010cq90.jpg", "original_pic": "http://wx4.sinaimg.cn/large/006rQp7egy1h3i80t2pghj30u010cq90.jpg", "geo": null, "is_paid": false, "mblog_vip_type": 0, "user": {"id": 5908247668, "idstr": "5908247668", "class": 1, "screen_name": "一本学长", "name": "一本学长", "province": "35", "city": "1000", "location": "福建", "description": "", "url": "", "profile_image_url": "https://tvax3.sinaimg.cn/crop.0.0.600.600.50/006rQp7ely8h2lyhvfna5j30go0go74m.jpg?KID=imgbed,tva&Expires=1674067861&ssig=r7A%2Bmb2b1U", "light_ring": false, "cover_image_phone": "https://wx1.sinaimg.cn/crop.0.0.640.640.640/006rQp7egy1gv4s5qcb7yj60yi0yiaey02.jpg", "profile_url": "u/5908247668", "domain": "", "weihao": "", "gender": "m", "followers_count": 1105035, "followers_count_str": "110.5万", "friends_count": 494, "pagefriends_count": 0, "statuses_count": 97516, "video_status_count": 60481, "video_play_count": 0, "super_topic_not_syn_count": 0, "favourites_count": 86, "created_at": "Tue Apr 26 00:07:04 +0800 2016", "following": false, "allow_all_act_msg": false, "geo_enabled": true, "verified": true, "verified_type": 0, "remark": "", "insecurity": {"sexual_content": false}, "ptype": 0, "allow_all_comment": true, "avatar_large": "https://tvax3.sinaimg.cn/crop.0.0.600.600.180/006rQp7ely8h2lyhvfna5j30go0go74m.jpg?KID=imgbed,tva&Expires=1674067861&ssig=u2ZIuKIzrp", "avatar_hd": "https://tvax3.sinaimg.cn/crop.0.0.600.600.1024/006rQp7ely8h2lyhvfna5j30go0go74m.jpg?KID=imgbed,tva&Expires=1674067861&ssig=%2FkhSrGhNqw", "verified_reason": "搞笑幽默博主 2022年辰星计划博主 搞笑视频自媒体", "verified_trade": "", "verified_reason_url": "", "verified_source": "", "verified_source_url": "", "verified_state": 0, "verified_level": 3, "verified_type_ext": 1, "has_service_tel": false, "verified_reason_modified": "", "verified_contact_name": "", "verified_contact_email": "", "verified_contact_mobile": "", "follow_me": false, "like": false, "like_me": false, "online_status": 0, "bi_followers_count": 134, "lang": "zh-cn", "star": 0, "mbtype": 12, "mbrank": 7, "svip": 1, "mb_expire_time": 1674057600, "block_word": 0, "block_app": 1, "chaohua_ability": 0, "brand_ability": 0, "nft_ability": 0, "vplus_ability": 1, "wenda_ability": 0, "live_ability": 0, "gongyi_ability": 0, "paycolumn_ability": 1, "newbrand_ability": 0, "ecommerce_ability": 0, "hardfan_ability": 1, "wbcolumn_ability": 0, "credit_score": 80, "user_ability": -2143942104, "cardid": "star_1408", "avatargj_id": "gj_vip_027", "urank": 37, "story_read_state": -1, "verified_detail": {"custom": 1, "data": [{"key": 2, "sub_key": 0, "weight": 10, "desc": "搞笑幽默博主", "timestamp": 0}, {"key": 16, "sub_key": 10, "weight": 103, "desc": "搞笑视频自媒体", "timestamp": 0}, {"key": 1, "sub_key": 0, "weight": 100, "desc": "2022年辰星计划博主", "timestamp": 0}]}, "vclub_member": 0, "is_teenager": 0, "is_guardian": 0, "is_teenager_list": 0, "pc_new": 6, "special_follow": false, "planet_video": 2, "video_mark": 15, "live_status": 0, "user_ability_extend": 0, "status_total_counter": {"total_cnt": 7816371, "repost_cnt": 599008, "comment_cnt": 881168, "like_cnt": 2921090, "comment_like_cnt": 3415105}, "video_total_counter": {"play_cnt": 953390367}, "brand_account": 0, "hongbaofei": 0, "tab_manage": "[0, 0]", "reward_status": 0, "green_mode": 0, "urisk": 0, "unfollowing_recom_switch": 1, "avatar_type": 0}, "annotations": [{"photo_sub_type": "0"}, {}, {"client_mblogid": "3ff437e0-0606-48cf-b5c5-08f3b1ac5d33"}, {"mapi_request": true}], "picStatus": "0:1", "reposts_count": 0, "comments_count": 0, "reprint_cmt_count": 0, "attitudes_count": 0, "pending_approval_count": 0, "isLongText": true, "reward_exhibition_type": 0, "hide_flag": 0, "mlevel": 128, "show_mlevel": 0, "biz_feature": 4294967300, "hasActionTypeCard": 0, "darwin_tags": [], "hot_weibo_tags": [], "text_tag_tips": [], "mblogtype": 0, "userType": 0, "mlevelSource": "monitor", "more_info_type": 0, "cardid": "star_656", "number_display_strategy": {"apply_scenario_flag": 3, "display_text_min_number": 1000000, "display_text": "100万+"}, "positive_recom_flag": 0, "content_auth": 0, "gif_ids": "", "is_show_bulletin": 2, "comment_manage_info": {"comment_permission_type": -1, "approval_comment_type": 0, "comment_sort_type": 0, "ai_play_picture_type": 0}, "pic_num": 1, "can_reprint": false, "new_comment_style": 0}, "reply_comment": {"created_at": "Fri Jun 17 08:50:26 +0800 2022", "id": 4781269848951679, "rootid": 4781269848951679, "rootidstr": "4781269848951679", "floor_number": 1, "text": "就问问他愿不愿意为了给子女多20分，舍了自己的命。当不当的烈士另说。", "disable_reply": 0, "restrictOperate": 0, "user": {"id": 1058748125, "idstr": "1058748125", "class": 1, "screen_name": "比美芽美", "name": "比美芽美", "province": "33", "city": "1", "location": "浙江 杭州", "description": "", "url": "http://blog.sina.com.cn/u/1058748125", "profile_image_url": "https://tvax4.sinaimg.cn/crop.0.0.1080.1080.50/3f1b36ddly8h8pf0erl3aj20u00u0n37.jpg?KID=imgbed,tva&Expires=1674067861&ssig=RKOiKWnAbl", "light_ring": false, "cover_image_phone": "https://ww1.sinaimg.cn/crop.0.0.640.640.640/549d0121tw1egm1kjly3jj20hs0hsq4f.jpg", "profile_url": "u/1058748125", "domain": "", "weihao": "", "gender": "f", "followers_count": 257, "followers_count_str": "257", "friends_count": 1047, "pagefriends_count": 27, "statuses_count": 1129, "video_status_count": 12, "video_play_count": 0, "super_topic_not_syn_count": 0, "favourites_count": 74, "created_at": "Thu Nov 18 12:42:56 +0800 2010", "following": false, "allow_all_act_msg": false, "geo_enabled": true, "verified": false, "verified_type": -1, "remark": "", "insecurity": {"sexual_content": false}, "ptype": 0, "allow_all_comment": true, "avatar_large": "https://tvax4.sinaimg.cn/crop.0.0.1080.1080.180/3f1b36ddly8h8pf0erl3aj20u00u0n37.jpg?KID=imgbed,tva&Expires=1674067861&ssig=BM5mOZbUjb", "avatar_hd": "https://tvax4.sinaimg.cn/crop.0.0.1080.1080.1024/3f1b36ddly8h8pf0erl3aj20u00u0n37.jpg?KID=imgbed,tva&Expires=1674067861&ssig=N4likvSkFA", "verified_reason": "", "verified_trade": "", "verified_reason_url": "", "verified_source": "", "verified_source_url": "", "follow_me": false, "like": false, "like_me": false, "online_status": 0, "bi_followers_count": 9, "lang": "zh-cn", "star": 0, "mbtype": 12, "mbrank": 3, "svip": 0, "mb_expire_time": 1702915200, "block_word": 0, "block_app": 1, "credit_score": 80, "user_ability": 45350912, "cardid": "star_1279", "avatargj_id": "gj_vip_162", "urank": 14, "story_read_state": -1, "vclub_member": 0, "is_teenager": 0, "is_guardian": 0, "is_teenager_list": 0, "pc_new": 0, "special_follow": false, "planet_video": 0, "video_mark": 0, "live_status": 0, "user_ability_extend": 0, "status_total_counter": {"total_cnt": 439, "repost_cnt": 71, "comment_cnt": 172, "like_cnt": 181, "comment_like_cnt": 15}, "video_total_counter": {"play_cnt": 547}, "brand_account": 0, "hongbaofei": 0, "tab_manage": "[0, 0]", "green_mode": 0, "urisk": 0, "unfollowing_recom_switch": 1, "block": 0, "block_me": 0, "avatar_type": 0}, "mid": "4781269848951679", "idstr": "4781269848951679", "match_ai_play_picture": false}, "reply_original_text": "因为救人死亡的人民也有不少的，他们没有评为烈士的可能，自然加不了分", "readtimetype": "comment", "match_ai_play_picture": false}