{"created_at": "Thu Jun 23 18:52:58 +0800 2022", "id": 4783595808359220, "rootid": 4781283194699941, "rootidstr": "4781283194699941", "floor_number": 0, "text": "回复@打工人王大锤:当兵是每个公民应尽的义务，你先把这个义务尽了再说职业行吗", "disable_reply": 0, "restrictOperate": 0, "source_allowclick": 0, "source_type": 4, "source": "<a href=\"\" rel=\"nofollow\">来自山东</a>", "user": {"id": 3923621198, "idstr": "3923621198", "class": 1, "screen_name": "凰十九", "name": "凰十九", "province": "100", "city": "1000", "location": "其他", "description": "", "url": "", "profile_image_url": "https://tvax2.sinaimg.cn/crop.0.0.512.512.50/e9ddb54ely8gftesi8u1zj20e80e8dfv.jpg?KID=imgbed,tva&Expires=1674067767&ssig=2iA%2B5Pst%2Bb", "light_ring": false, "cover_image_phone": "https://ww1.sinaimg.cn/crop.0.0.640.640.640/9d44112bjw1f1xl1c10tuj20hs0hs0tw.jpg", "profile_url": "u/3923621198", "domain": "", "weihao": "", "gender": "f", "followers_count": 30, "followers_count_str": "30", "friends_count": 42, "pagefriends_count": 6, "statuses_count": 653, "video_status_count": 0, "video_play_count": 0, "super_topic_not_syn_count": 0, "favourites_count": 2, "created_at": "Fri Nov 29 19:36:25 +0800 2013", "following": false, "allow_all_act_msg": false, "geo_enabled": true, "verified": false, "verified_type": -1, "remark": "", "insecurity": {"sexual_content": false}, "ptype": 0, "allow_all_comment": true, "avatar_large": "https://tvax2.sinaimg.cn/crop.0.0.512.512.180/e9ddb54ely8gftesi8u1zj20e80e8dfv.jpg?KID=imgbed,tva&Expires=1674067767&ssig=Sm6rRoHIPu", "avatar_hd": "https://tvax2.sinaimg.cn/crop.0.0.512.512.1024/e9ddb54ely8gftesi8u1zj20e80e8dfv.jpg?KID=imgbed,tva&Expires=1674067767&ssig=u%2FF8hDfn3b", "verified_reason": "", "verified_trade": "", "verified_reason_url": "", "verified_source": "", "verified_source_url": "", "follow_me": false, "like": false, "like_me": false, "online_status": 0, "bi_followers_count": 1, "lang": "zh-cn", "star": 0, "mbtype": 2, "mbrank": 1, "svip": 0, "mb_expire_time": 1644335999, "block_word": 0, "block_app": 0, "chaohua_ability": 0, "brand_ability": 0, "nft_ability": 0, "vplus_ability": 0, "wenda_ability": 0, "live_ability": 0, "gongyi_ability": 0, "paycolumn_ability": 0, "newbrand_ability": 0, "ecommerce_ability": 0, "hardfan_ability": 0, "wbcolumn_ability": 0, "credit_score": 80, "user_ability": 2097152, "cardid": "star_1193", "avatargj_id": "gj_vip_660", "urank": 4, "story_read_state": -1, "vclub_member": 0, "is_teenager": 0, "is_guardian": 0, "is_teenager_list": 0, "pc_new": 0, "special_follow": false, "planet_video": 0, "video_mark": 0, "live_status": 0, "user_ability_extend": 0, "status_total_counter": {"total_cnt": 64, "repost_cnt": 21, "comment_cnt": 42, "like_cnt": 1, "comment_like_cnt": 0}, "video_total_counter": {"play_cnt": -1}, "brand_account": 0, "hongbaofei": 0, "tab_manage": "[0, 0]", "reward_status": 0, "green_mode": 0, "urisk": 0, "unfollowing_recom_switch": 1, "avatar_type": 0}, "mid": "4783595808359220", "idstr": "4783595808359220", "status": {"visible": {"type": 0, "list_id": 0}, "created_at": "Fri Jun 17 08:43:41 +0800 2022", "id": 4781268150257121, "idstr": "4781268150257121", "mid": "4781268150257121", "edit_count": 3, "can_edit": false, "edit_at": "Thu Jun 23 16:49:30 +0800 2022", "version": 11, "show_additional_indication": 0, "text": "烈士的子女高考加20分，引起众多家长不满。\n女孩一句话，让大家沉默了，女孩说:“我可以把二十分给你，你能把爸爸还给我吗？”\n\n女孩答得好[赞]，应该加分，对烈士的子女，政审没问题的应该保送，这是对烈士最好的致敬。\n\n应该是保送到大学，不是加分这么简单！工作还要国家包安排！有没有同意我的观点 ​", "textLength": 296, "source_allowclick": 1, "source_type": 2, "source": "<a href=\"http://weibo.com/\" rel=\"nofollow\">一本学长的HarmonyOS设备</a>", "favorited": false, "truncated": false, "in_reply_to_status_id": "", "in_reply_to_user_id": "", "in_reply_to_screen_name": "", "pic_urls": [{"thumbnail_pic": "http://wx4.sinaimg.cn/thumbnail/006rQp7egy1h3i80t2pghj30u010cq90.jpg"}], "thumbnail_pic": "http://wx4.sinaimg.cn/thumbnail/006rQp7egy1h3i80t2pghj30u010cq90.jpg", "bmiddle_pic": "http://wx4.sinaimg.cn/bmiddle/006rQp7egy1h3i80t2pghj30u010cq90.jpg", "original_pic": "http://wx4.sinaimg.cn/large/006rQp7egy1h3i80t2pghj30u010cq90.jpg", "geo": null, "is_paid": false, "mblog_vip_type": 0, "user": {"id": 5908247668, "idstr": "5908247668", "class": 1, "screen_name": "一本学长", "name": "一本学长", "province": "35", "city": "1000", "location": "福建", "description": "", "url": "", "profile_image_url": "https://tvax3.sinaimg.cn/crop.0.0.600.600.50/006rQp7ely8h2lyhvfna5j30go0go74m.jpg?KID=imgbed,tva&Expires=1674067767&ssig=oq2Fl%2BbCtR", "light_ring": false, "cover_image_phone": "https://wx1.sinaimg.cn/crop.0.0.640.640.640/006rQp7egy1gv4s5qcb7yj60yi0yiaey02.jpg", "profile_url": "u/5908247668", "domain": "", "weihao": "", "gender": "m", "followers_count": 1105035, "followers_count_str": "110.5万", "friends_count": 494, "pagefriends_count": 0, "statuses_count": 97516, "video_status_count": 60481, "video_play_count": 0, "super_topic_not_syn_count": 0, "favourites_count": 86, "created_at": "Tue Apr 26 00:07:04 +0800 2016", "following": false, "allow_all_act_msg": false, "geo_enabled": true, "verified": true, "verified_type": 0, "remark": "", "insecurity": {"sexual_content": false}, "ptype": 0, "allow_all_comment": true, "avatar_large": "https://tvax3.sinaimg.cn/crop.0.0.600.600.180/006rQp7ely8h2lyhvfna5j30go0go74m.jpg?KID=imgbed,tva&Expires=1674067767&ssig=XJsWbvmrt5", "avatar_hd": "https://tvax3.sinaimg.cn/crop.0.0.600.600.1024/006rQp7ely8h2lyhvfna5j30go0go74m.jpg?KID=imgbed,tva&Expires=1674067767&ssig=fr5wFc4EhH", "verified_reason": "搞笑幽默博主 2022年辰星计划博主 搞笑视频自媒体", "verified_trade": "", "verified_reason_url": "", "verified_source": "", "verified_source_url": "", "verified_state": 0, "verified_level": 3, "verified_type_ext": 1, "has_service_tel": false, "verified_reason_modified": "", "verified_contact_name": "", "verified_contact_email": "", "verified_contact_mobile": "", "follow_me": false, "like": false, "like_me": false, "online_status": 0, "bi_followers_count": 134, "lang": "zh-cn", "star": 0, "mbtype": 12, "mbrank": 7, "svip": 1, "mb_expire_time": 1674057600, "block_word": 0, "block_app": 1, "chaohua_ability": 0, "brand_ability": 0, "nft_ability": 0, "vplus_ability": 1, "wenda_ability": 0, "live_ability": 0, "gongyi_ability": 0, "paycolumn_ability": 1, "newbrand_ability": 0, "ecommerce_ability": 0, "hardfan_ability": 1, "wbcolumn_ability": 0, "credit_score": 80, "user_ability": -2143942104, "cardid": "star_1408", "avatargj_id": "gj_vip_027", "urank": 37, "story_read_state": -1, "verified_detail": {"custom": 1, "data": [{"key": 2, "sub_key": 0, "weight": 10, "desc": "搞笑幽默博主", "timestamp": 0}, {"key": 16, "sub_key": 10, "weight": 103, "desc": "搞笑视频自媒体", "timestamp": 0}, {"key": 1, "sub_key": 0, "weight": 100, "desc": "2022年辰星计划博主", "timestamp": 0}]}, "vclub_member": 0, "is_teenager": 0, "is_guardian": 0, "is_teenager_list": 0, "pc_new": 6, "special_follow": false, "planet_video": 2, "video_mark": 15, "live_status": 0, "user_ability_extend": 0, "status_total_counter": {"total_cnt": 7816371, "repost_cnt": 599008, "comment_cnt": 881168, "like_cnt": 2921090, "comment_like_cnt": 3415105}, "video_total_counter": {"play_cnt": 953390367}, "brand_account": 0, "hongbaofei": 0, "tab_manage": "[0, 0]", "reward_status": 0, "green_mode": 0, "urisk": 0, "unfollowing_recom_switch": 1, "avatar_type": 0}, "annotations": [{"photo_sub_type": "0"}, {}, {"client_mblogid": "3ff437e0-0606-48cf-b5c5-08f3b1ac5d33"}, {"mapi_request": true}], "picStatus": "0:1", "reposts_count": 0, "comments_count": 0, "reprint_cmt_count": 0, "attitudes_count": 0, "pending_approval_count": 0, "isLongText": true, "reward_exhibition_type": 0, "hide_flag": 0, "mlevel": 128, "show_mlevel": 0, "biz_feature": 4294967300, "hasActionTypeCard": 0, "darwin_tags": [], "hot_weibo_tags": [], "text_tag_tips": [], "mblogtype": 0, "userType": 0, "mlevelSource": "monitor", "more_info_type": 0, "cardid": "star_656", "number_display_strategy": {"apply_scenario_flag": 3, "display_text_min_number": 1000000, "display_text": "100万+"}, "positive_recom_flag": 0, "content_auth": 0, "gif_ids": "", "is_show_bulletin": 2, "comment_manage_info": {"comment_permission_type": -1, "approval_comment_type": 0, "comment_sort_type": 0, "ai_play_picture_type": 0}, "pic_num": 1, "can_reprint": false, "new_comment_style": 0}, "reply_comment": {"created_at": "Tue Jun 21 13:35:37 +0800 2022", "id": 4782791173341543, "rootid": 4781283194699941, "rootidstr": "4781283194699941", "floor_number": 0, "text": "回复@要做一条开心的鱼:有人同样为国家牺牲了，一条命只值20万，比如矿工。挖矿的当兵的，都是社会主义的职业，应该一律平等。", "disable_reply": 0, "restrictOperate": 0, "user": {"id": 3177104344, "idstr": "3177104344", "class": 1, "screen_name": "打工人王大锤", "name": "打工人王大锤", "province": "11", "city": "1000", "location": "北京", "description": "", "url": "", "profile_image_url": "https://tva1.sinaimg.cn/crop.0.0.180.180.50/bd5ec3d8jw1e8qgp5bmzyj2050050aa8.jpg?KID=imgbed,tva&Expires=1674067767&ssig=jkjXoSaW8K", "light_ring": false, "cover_image_phone": "https://ww1.sinaimg.cn/crop.0.0.640.640.640/549d0121tw1egm1kjly3jj20hs0hsq4f.jpg", "profile_url": "u/3177104344", "domain": "", "weihao": "", "gender": "f", "followers_count": 3891, "followers_count_str": "3891", "friends_count": 431, "pagefriends_count": 4, "statuses_count": 3646, "video_status_count": 0, "video_play_count": 0, "super_topic_not_syn_count": 0, "favourites_count": 426, "created_at": "Wed Feb 20 13:03:25 +0800 2013", "following": false, "allow_all_act_msg": true, "geo_enabled": true, "verified": false, "verified_type": -1, "remark": "", "insecurity": {"sexual_content": false}, "ptype": 0, "allow_all_comment": true, "avatar_large": "https://tva1.sinaimg.cn/crop.0.0.180.180.180/bd5ec3d8jw1e8qgp5bmzyj2050050aa8.jpg?KID=imgbed,tva&Expires=1674067767&ssig=X7RPOPXUBL", "avatar_hd": "https://tva1.sinaimg.cn/crop.0.0.180.180.1024/bd5ec3d8jw1e8qgp5bmzyj2050050aa8.jpg?KID=imgbed,tva&Expires=1674067767&ssig=jnky8hEJwW", "verified_reason": "", "verified_trade": "", "verified_reason_url": "", "verified_source": "", "verified_source_url": "", "follow_me": false, "like": false, "like_me": false, "online_status": 0, "bi_followers_count": 243, "lang": "zh-cn", "star": 0, "mbtype": 0, "mbrank": 0, "svip": 0, "mb_expire_time": 0, "block_word": 0, "block_app": 0, "credit_score": 80, "user_ability": 2359296, "urank": 25, "story_read_state": -1, "vclub_member": 0, "is_teenager": 0, "is_guardian": 0, "is_teenager_list": 0, "pc_new": 0, "special_follow": false, "planet_video": 0, "video_mark": 0, "live_status": 0, "user_ability_extend": 0, "status_total_counter": {"total_cnt": 20079, "repost_cnt": 14364, "comment_cnt": 4060, "like_cnt": 1633, "comment_like_cnt": 22}, "video_total_counter": {"play_cnt": 1}, "brand_account": 0, "hongbaofei": 0, "tab_manage": "[0, 0]", "green_mode": 0, "urisk": 8589934592, "unfollowing_recom_switch": 1, "block": 0, "block_me": 0, "avatar_type": 0}, "mid": "4782791173341543", "idstr": "4782791173341543", "match_ai_play_picture": false}, "reply_original_text": "当兵是每个公民应尽的义务，你先把这个义务尽了再说职业行吗", "readtimetype": "comment", "match_ai_play_picture": false}