{"created_at": "Wed Jun 22 08:43:02 +0800 2022", "id": 4783079929938681, "rootid": 4781269848951679, "rootidstr": "4781269848951679", "floor_number": 0, "text": "回复@草民斗个胆:钱会给，分也会加。一是烈士子女父母（一方或全部）为国捐躯，缺失家庭教育，和一般人竞争，对烈士子女来说不公平。二是如果单给名额的话，对其他人不公平。三是通过考试也能对烈士子女德才进行筛选。所以对烈士子女适当加分才是最公平的。谁如果眼馋烈士子女的加分，那就让自己变成烈士子女。", "disable_reply": 0, "restrictOperate": 0, "source_allowclick": 0, "source_type": 4, "source": "<a href=\"\" rel=\"nofollow\">来自北京</a>", "user": {"id": 7747359229, "idstr": "7747359229", "class": 1, "screen_name": "机智的完达山一号", "name": "机智的完达山一号", "province": "11", "city": "1000", "location": "北京", "description": "", "url": "", "profile_image_url": "https://tvax4.sinaimg.cn/crop.0.0.996.996.50/008sj82Vly8h0bsva0uvjj30ro0ron0r.jpg?KID=imgbed,tva&Expires=1674067834&ssig=IKHFJbusfn", "light_ring": false, "cover_image_phone": "https://ww1.sinaimg.cn/crop.0.0.640.640.640/549d0121tw1egm1kjly3jj20hs0hsq4f.jpg", "profile_url": "u/7747359229", "domain": "", "weihao": "", "gender": "m", "followers_count": 5, "followers_count_str": "5", "friends_count": 81, "pagefriends_count": 1, "statuses_count": 3, "video_status_count": 0, "video_play_count": 0, "super_topic_not_syn_count": 0, "favourites_count": 1, "created_at": "Wed Mar 16 16:22:29 +0800 2022", "following": false, "allow_all_act_msg": false, "geo_enabled": true, "verified": false, "verified_type": -1, "remark": "", "insecurity": {"sexual_content": false}, "ptype": 0, "allow_all_comment": true, "avatar_large": "https://tvax4.sinaimg.cn/crop.0.0.996.996.180/008sj82Vly8h0bsva0uvjj30ro0ron0r.jpg?KID=imgbed,tva&Expires=1674067834&ssig=hXrAs65FrR", "avatar_hd": "https://tvax4.sinaimg.cn/crop.0.0.996.996.1024/008sj82Vly8h0bsva0uvjj30ro0ron0r.jpg?KID=imgbed,tva&Expires=1674067834&ssig=rMs8k0IOwy", "verified_reason": "", "verified_trade": "", "verified_reason_url": "", "verified_source": "", "verified_source_url": "", "follow_me": false, "like": false, "like_me": false, "online_status": 0, "bi_followers_count": 0, "lang": "zh-cn", "star": 0, "mbtype": 0, "mbrank": 0, "svip": 0, "mb_expire_time": 0, "block_word": 0, "block_app": 0, "chaohua_ability": 0, "brand_ability": 0, "nft_ability": 0, "vplus_ability": 0, "wenda_ability": 0, "live_ability": 0, "gongyi_ability": 0, "paycolumn_ability": 0, "newbrand_ability": 0, "ecommerce_ability": 0, "hardfan_ability": 0, "wbcolumn_ability": 0, "credit_score": 80, "user_ability": 2097152, "urank": 0, "story_read_state": -1, "vclub_member": 0, "is_teenager": 0, "is_guardian": 0, "is_teenager_list": 0, "pc_new": 0, "special_follow": false, "planet_video": 0, "video_mark": 0, "live_status": 0, "user_ability_extend": 0, "status_total_counter": {"total_cnt": 28, "repost_cnt": 0, "comment_cnt": 6, "like_cnt": 0, "comment_like_cnt": 22}, "video_total_counter": {"play_cnt": -1}, "brand_account": 0, "hongbaofei": 0, "tab_manage": "[0, 0]", "reward_status": 0, "green_mode": 0, "urisk": 17179869184, "unfollowing_recom_switch": 1, "avatar_type": 0}, "mid": "4783079929938681", "idstr": "4783079929938681", "status": {"visible": {"type": 0, "list_id": 0}, "created_at": "Fri Jun 17 08:43:41 +0800 2022", "id": 4781268150257121, "idstr": "4781268150257121", "mid": "4781268150257121", "edit_count": 3, "can_edit": false, "edit_at": "Thu Jun 23 16:49:30 +0800 2022", "version": 11, "show_additional_indication": 0, "text": "烈士的子女高考加20分，引起众多家长不满。\n女孩一句话，让大家沉默了，女孩说:“我可以把二十分给你，你能把爸爸还给我吗？”\n\n女孩答得好[赞]，应该加分，对烈士的子女，政审没问题的应该保送，这是对烈士最好的致敬。\n\n应该是保送到大学，不是加分这么简单！工作还要国家包安排！有没有同意我的观点 ​", "textLength": 296, "source_allowclick": 1, "source_type": 2, "source": "<a href=\"http://weibo.com/\" rel=\"nofollow\">一本学长的HarmonyOS设备</a>", "favorited": false, "truncated": false, "in_reply_to_status_id": "", "in_reply_to_user_id": "", "in_reply_to_screen_name": "", "pic_urls": [{"thumbnail_pic": "http://wx4.sinaimg.cn/thumbnail/006rQp7egy1h3i80t2pghj30u010cq90.jpg"}], "thumbnail_pic": "http://wx4.sinaimg.cn/thumbnail/006rQp7egy1h3i80t2pghj30u010cq90.jpg", "bmiddle_pic": "http://wx4.sinaimg.cn/bmiddle/006rQp7egy1h3i80t2pghj30u010cq90.jpg", "original_pic": "http://wx4.sinaimg.cn/large/006rQp7egy1h3i80t2pghj30u010cq90.jpg", "geo": null, "is_paid": false, "mblog_vip_type": 0, "user": {"id": 5908247668, "idstr": "5908247668", "class": 1, "screen_name": "一本学长", "name": "一本学长", "province": "35", "city": "1000", "location": "福建", "description": "", "url": "", "profile_image_url": "https://tvax3.sinaimg.cn/crop.0.0.600.600.50/006rQp7ely8h2lyhvfna5j30go0go74m.jpg?KID=imgbed,tva&Expires=1674067834&ssig=%2ByMWzwI528", "light_ring": false, "cover_image_phone": "https://wx1.sinaimg.cn/crop.0.0.640.640.640/006rQp7egy1gv4s5qcb7yj60yi0yiaey02.jpg", "profile_url": "u/5908247668", "domain": "", "weihao": "", "gender": "m", "followers_count": 1105035, "followers_count_str": "110.5万", "friends_count": 494, "pagefriends_count": 0, "statuses_count": 97516, "video_status_count": 60481, "video_play_count": 0, "super_topic_not_syn_count": 0, "favourites_count": 86, "created_at": "Tue Apr 26 00:07:04 +0800 2016", "following": false, "allow_all_act_msg": false, "geo_enabled": true, "verified": true, "verified_type": 0, "remark": "", "insecurity": {"sexual_content": false}, "ptype": 0, "allow_all_comment": true, "avatar_large": "https://tvax3.sinaimg.cn/crop.0.0.600.600.180/006rQp7ely8h2lyhvfna5j30go0go74m.jpg?KID=imgbed,tva&Expires=1674067834&ssig=HBGBXXCnyz", "avatar_hd": "https://tvax3.sinaimg.cn/crop.0.0.600.600.1024/006rQp7ely8h2lyhvfna5j30go0go74m.jpg?KID=imgbed,tva&Expires=1674067834&ssig=FoNcsyldiI", "verified_reason": "搞笑幽默博主 2022年辰星计划博主 搞笑视频自媒体", "verified_trade": "", "verified_reason_url": "", "verified_source": "", "verified_source_url": "", "verified_state": 0, "verified_level": 3, "verified_type_ext": 1, "has_service_tel": false, "verified_reason_modified": "", "verified_contact_name": "", "verified_contact_email": "", "verified_contact_mobile": "", "follow_me": false, "like": false, "like_me": false, "online_status": 0, "bi_followers_count": 134, "lang": "zh-cn", "star": 0, "mbtype": 12, "mbrank": 7, "svip": 1, "mb_expire_time": 1674057600, "block_word": 0, "block_app": 1, "chaohua_ability": 0, "brand_ability": 0, "nft_ability": 0, "vplus_ability": 1, "wenda_ability": 0, "live_ability": 0, "gongyi_ability": 0, "paycolumn_ability": 1, "newbrand_ability": 0, "ecommerce_ability": 0, "hardfan_ability": 1, "wbcolumn_ability": 0, "credit_score": 80, "user_ability": -2143942104, "cardid": "star_1408", "avatargj_id": "gj_vip_027", "urank": 37, "story_read_state": -1, "verified_detail": {"custom": 1, "data": [{"key": 2, "sub_key": 0, "weight": 10, "desc": "搞笑幽默博主", "timestamp": 0}, {"key": 16, "sub_key": 10, "weight": 103, "desc": "搞笑视频自媒体", "timestamp": 0}, {"key": 1, "sub_key": 0, "weight": 100, "desc": "2022年辰星计划博主", "timestamp": 0}]}, "vclub_member": 0, "is_teenager": 0, "is_guardian": 0, "is_teenager_list": 0, "pc_new": 6, "special_follow": false, "planet_video": 2, "video_mark": 15, "live_status": 0, "user_ability_extend": 0, "status_total_counter": {"total_cnt": 7816371, "repost_cnt": 599008, "comment_cnt": 881168, "like_cnt": 2921090, "comment_like_cnt": 3415105}, "video_total_counter": {"play_cnt": 953390367}, "brand_account": 0, "hongbaofei": 0, "tab_manage": "[0, 0]", "reward_status": 0, "green_mode": 0, "urisk": 0, "unfollowing_recom_switch": 1, "avatar_type": 0}, "annotations": [{"photo_sub_type": "0"}, {}, {"client_mblogid": "3ff437e0-0606-48cf-b5c5-08f3b1ac5d33"}, {"mapi_request": true}], "picStatus": "0:1", "reposts_count": 0, "comments_count": 0, "reprint_cmt_count": 0, "attitudes_count": 0, "pending_approval_count": 0, "isLongText": true, "reward_exhibition_type": 0, "hide_flag": 0, "mlevel": 128, "show_mlevel": 0, "biz_feature": 4294967300, "hasActionTypeCard": 0, "darwin_tags": [], "hot_weibo_tags": [], "text_tag_tips": [], "mblogtype": 0, "userType": 0, "mlevelSource": "monitor", "more_info_type": 0, "cardid": "star_656", "number_display_strategy": {"apply_scenario_flag": 3, "display_text_min_number": 1000000, "display_text": "100万+"}, "positive_recom_flag": 0, "content_auth": 0, "gif_ids": "", "is_show_bulletin": 2, "comment_manage_info": {"comment_permission_type": -1, "approval_comment_type": 0, "comment_sort_type": 0, "ai_play_picture_type": 0}, "pic_num": 1, "can_reprint": false, "new_comment_style": 0}, "reply_comment": {"created_at": "Sun Jun 19 18:47:26 +0800 2022", "id": 4782144863342687, "rootid": 4781269848951679, "rootidstr": "4781269848951679", "floor_number": 0, "text": "回复@比美芽美:直接给1000万，不比加分公平嘛？各种理由加分，对烈士子女不公平，对别的孩子更不公平。", "disable_reply": 0, "restrictOperate": 0, "user": {"id": 6242311204, "idstr": "6242311204", "class": 1, "screen_name": "草民斗个胆", "name": "草民斗个胆", "province": "44", "city": "1", "location": "广东 广州", "description": "武夫书生随我来～", "url": "", "profile_image_url": "https://tvax1.sinaimg.cn/crop.0.0.996.996.50/006Os6iMly8gf9qnch4c2j30ro0rotbc.jpg?KID=imgbed,tva&Expires=1674067834&ssig=shQVTLb0Dj", "light_ring": false, "cover_image_phone": "https://ww1.sinaimg.cn/crop.0.0.640.640.640/549d0121tw1egm1kjly3jj20hs0hsq4f.jpg", "profile_url": "u/6242311204", "domain": "", "weihao": "", "gender": "m", "followers_count": 30, "followers_count_str": "30", "friends_count": 600, "pagefriends_count": 12, "statuses_count": 700, "video_status_count": 1, "video_play_count": 0, "super_topic_not_syn_count": 0, "favourites_count": 11, "created_at": "Tue May 23 18:16:05 +0800 2017", "following": false, "allow_all_act_msg": false, "geo_enabled": true, "verified": false, "verified_type": -1, "remark": "", "insecurity": {"sexual_content": false}, "ptype": 0, "allow_all_comment": false, "avatar_large": "https://tvax1.sinaimg.cn/crop.0.0.996.996.180/006Os6iMly8gf9qnch4c2j30ro0rotbc.jpg?KID=imgbed,tva&Expires=1674067834&ssig=IQJJPWYnT9", "avatar_hd": "https://tvax1.sinaimg.cn/crop.0.0.996.996.1024/006Os6iMly8gf9qnch4c2j30ro0rotbc.jpg?KID=imgbed,tva&Expires=1674067834&ssig=CfSXanhCTg", "verified_reason": "", "verified_trade": "", "verified_reason_url": "", "verified_source": "", "verified_source_url": "", "follow_me": false, "like": false, "like_me": false, "online_status": 0, "bi_followers_count": 3, "lang": "zh-cn", "star": 0, "mbtype": 0, "mbrank": 0, "svip": 0, "mb_expire_time": 0, "block_word": 0, "block_app": 0, "credit_score": 80, "user_ability": 2359296, "urank": 4, "story_read_state": -1, "vclub_member": 0, "is_teenager": 0, "is_guardian": 0, "is_teenager_list": 0, "pc_new": 0, "special_follow": false, "planet_video": 0, "video_mark": 0, "live_status": 0, "user_ability_extend": 0, "status_total_counter": {"total_cnt": 126, "repost_cnt": 9, "comment_cnt": 11, "like_cnt": 105, "comment_like_cnt": 1}, "video_total_counter": {"play_cnt": 8}, "brand_account": 0, "hongbaofei": 0, "tab_manage": "[0, 0]", "green_mode": 0, "urisk": 17179869184, "unfollowing_recom_switch": 1, "block": 0, "block_me": 0, "avatar_type": 0}, "mid": "4782144863342687", "idstr": "4782144863342687", "match_ai_play_picture": false}, "reply_original_text": "钱会给，分也会加。一是烈士子女父母（一方或全部）为国捐躯，缺失家庭教育，和一般人竞争，对烈士子女来说不公平。二是如果单给名额的话，对其他人不公平。三是通过考试也能对烈士子女德才进行筛选。所以对烈士子女适当加分才是最公平的。谁如果眼馋烈士子女的加分，那就让自己变成烈士子女。", "readtimetype": "comment", "match_ai_play_picture": false}