{"created_at": "Wed Dec 14 13:31:26 +0800 2022", "id": 4846570379413577, "rootid": 4846566227053014, "rootidstr": "4846566227053014", "floor_number": 0, "text": "回复@言自喻:基本训练≠畸形的压榨式训练，你能明白吗？如果让你打三年白工，就算你出来以后可能有不错的前途，这三年还是难熬的。更何况现在正式职工一线医护其实也没多少工资。", "disable_reply": 0, "restrictOperate": 0, "source_allowclick": 0, "source_type": 4, "source": "<a href=\"\" rel=\"nofollow\">来自湖南</a>", "comment_badge": [{"pic_url": "https://h5.sinaimg.cn/upload/114/962/2022/07/08/member_0_bigfan1_1.png", "name": "loyal_fans", "length": 1.33, "actionlog": {"act_code": "3671", "ext": "status:fans"}, "scheme": "https://kefu.weibo.com/faqdetail?id=20848", "new_icon": true}], "user": {"id": 5129694499, "idstr": "5129694499", "class": 1, "screen_name": "还未足够还未消失", "name": "还未足够还未消失", "province": "100", "city": "1000", "location": "其他", "description": "开心重要", "url": "", "profile_image_url": "https://tvax1.sinaimg.cn/crop.15.0.1094.1094.50/005B9FS3ly8fnfazcgt3ej30v90uewfl.jpg?KID=imgbed,tva&Expires=1671276262&ssig=GDVXTRZUuK", "light_ring": false, "cover_image": "https://ww4.sinaimg.cn/crop.0.0.920.300/005B9FS3gw1f4yicnwyqwj30pk08cq4y.jpg", "cover_image_phone": "https://ww1.sinaimg.cn/crop.0.0.640.640.640/9d44112bjw1f1xl1c10tuj20hs0hs0tw.jpg", "profile_url": "u/5129694499", "domain": "", "weihao": "", "gender": "m", "followers_count": 206, "followers_count_str": "206", "friends_count": 310, "pagefriends_count": 1, "statuses_count": 1542, "video_status_count": 0, "video_play_count": 0, "super_topic_not_syn_count": 0, "favourites_count": 178, "created_at": "Sat May 03 14:03:28 +0800 2014", "following": false, "allow_all_act_msg": false, "geo_enabled": false, "verified": false, "verified_type": -1, "remark": "", "insecurity": {"sexual_content": false}, "ptype": 0, "allow_all_comment": true, "avatar_large": "https://tvax1.sinaimg.cn/crop.15.0.1094.1094.180/005B9FS3ly8fnfazcgt3ej30v90uewfl.jpg?KID=imgbed,tva&Expires=1671276262&ssig=lP%2F2I6nY%2B%2B", "avatar_hd": "https://tvax1.sinaimg.cn/crop.15.0.1094.1094.1024/005B9FS3ly8fnfazcgt3ej30v90uewfl.jpg?KID=imgbed,tva&Expires=1671276262&ssig=9HYoQMkW1B", "verified_reason": "", "verified_trade": "", "verified_reason_url": "", "verified_source": "", "verified_source_url": "", "follow_me": false, "like": false, "like_me": false, "online_status": 0, "bi_followers_count": 72, "lang": "zh-cn", "star": 0, "mbtype": 2, "mbrank": 7, "svip": 0, "mb_expire_time": 1667059199, "block_word": 0, "block_app": 0, "chaohua_ability": 0, "brand_ability": 0, "nft_ability": 0, "vplus_ability": 0, "wenda_ability": 0, "live_ability": 0, "gongyi_ability": 0, "paycolumn_ability": 0, "newbrand_ability": 0, "ecommerce_ability": 0, "hardfan_ability": 0, "credit_score": 80, "user_ability": 10485760, "urank": 39, "story_read_state": -1, "vclub_member": 0, "is_teenager": 0, "is_guardian": 0, "is_teenager_list": 0, "pc_new": 0, "special_follow": false, "planet_video": 0, "video_mark": 0, "live_status": 0, "user_ability_extend": 0, "status_total_counter": {"total_cnt": 1527, "repost_cnt": 76, "comment_cnt": 769, "like_cnt": 679, "comment_like_cnt": 3}, "video_total_counter": {"play_cnt": -1}, "brand_account": 0, "hongbaofei": 0, "tab_manage": "[0, 0]", "reward_status": 0, "green_mode": 0, "urisk": 558345748480, "avatar_type": 0}, "mid": "4846570379413577", "idstr": "4846570379413577", "status": {"visible": {"type": 0, "list_id": 0}, "created_at": "Wed Dec 14 13:10:56 +0800 2022", "id": 4846565220419928, "idstr": "4846565220419928", "mid": "4846565220419928", "edit_count": 3, "can_edit": false, "edit_at": "Thu Dec 15 08:07:05 +0800 2022", "version": 11, "show_additional_indication": 0, "text": "#医院回应医学生阳性带病上岗猝死#\n\n“第一，这个学生没有去世。第二，这个学生也没有发烧三天还在上班，他实际上是当天下午才发烧进的抢救室，具体原因未知。”\n\n按照我此前讲的回应标准，这个回应是不合规的，最起码起不到平息舆情的效果。\n\n因为，这个回应发布后，形成的链接点上又会嫁接新的链接点 ​", "textLength": 543, "source_allowclick": 0, "source_type": 1, "source": "<a href=\"http://app.weibo.com/t/feed/xEsRX\" rel=\"nofollow\">新版微博 weibo.com</a>", "favorited": false, "truncated": false, "in_reply_to_status_id": "", "in_reply_to_user_id": "", "in_reply_to_screen_name": "", "pic_urls": [], "geo": null, "is_paid": false, "mblog_vip_type": 0, "user": {"id": 6059492811, "idstr": "6059492811", "class": 1, "screen_name": "拆台CT", "name": "拆台CT", "province": "11", "city": "1", "location": "北京 东城区", "description": "关注热点，解读真相，没更新可以看👉@拆台的拆。", "url": "", "profile_image_url": "https://tvax2.sinaimg.cn/crop.0.0.800.800.50/006C50T1ly8h8weif5vyjj30m80m8wge.jpg?KID=imgbed,tva&Expires=1671276262&ssig=wi0cOIU4Fz", "light_ring": false, "cover_image": "https://wx4.sinaimg.cn/crop.0.0.920.300/006C50T1gy1fiy6cslbaxj30pk08c7c6.jpg", "cover_image_phone": "https://wx1.sinaimg.cn/crop.0.0.640.640.640/006C50T1ly1h4cml0fp7wj30qc0qc3zi.jpg", "profile_url": "ctchaitai", "domain": "ctchaitai", "weihao": "", "gender": "m", "followers_count": 586907, "followers_count_str": "58.7万", "friends_count": 605, "pagefriends_count": 15, "statuses_count": 41698, "video_status_count": 3606, "video_play_count": 0, "super_topic_not_syn_count": 0, "favourites_count": 30886, "created_at": "Sun Nov 06 09:19:34 +0800 2016", "following": false, "allow_all_act_msg": false, "geo_enabled": true, "verified": true, "verified_type": 0, "remark": "", "insecurity": {"sexual_content": false}, "ptype": 0, "allow_all_comment": false, "avatar_large": "https://tvax2.sinaimg.cn/crop.0.0.800.800.180/006C50T1ly8h8weif5vyjj30m80m8wge.jpg?KID=imgbed,tva&Expires=1671276262&ssig=HtGsb3DJlh", "avatar_hd": "https://tvax2.sinaimg.cn/crop.0.0.800.800.1024/006C50T1ly8h8weif5vyjj30m80m8wge.jpg?KID=imgbed,tva&Expires=1671276262&ssig=qafg5qmSfW", "verified_reason": "互联网科技博主 2022年辰星计划博主 超话主持人（拆拆的台超话） 微博原创视频博主 头条文章作者", "verified_trade": "", "verified_reason_url": "", "verified_source": "", "verified_source_url": "", "verified_state": 0, "verified_level": 3, "verified_type_ext": 1, "has_service_tel": false, "verified_reason_modified": "", "verified_contact_name": "", "verified_contact_email": "", "verified_contact_mobile": "", "follow_me": false, "like": false, "like_me": false, "online_status": 0, "bi_followers_count": 555, "lang": "zh-cn", "star": 0, "mbtype": 12, "mbrank": 8, "svip": 1, "mb_expire_time": 1698940800, "block_word": 1, "block_app": 1, "chaohua_ability": 0, "brand_ability": 0, "nft_ability": 0, "vplus_ability": 1, "wenda_ability": 0, "live_ability": 0, "gongyi_ability": 0, "paycolumn_ability": 3, "newbrand_ability": 0, "ecommerce_ability": 0, "hardfan_ability": 1, "credit_score": 80, "user_ability": -2135553496, "cardid": "flag_36059492811007518", "avatargj_id": "gj_vip_094", "urank": 34, "story_read_state": -1, "verified_detail": {"custom": 1, "data": [{"key": 2, "sub_key": 0, "weight": 10, "desc": "互联网科技博主", "timestamp": 0}, {"key": 4, "sub_key": 9, "weight": 999, "desc": "头条文章作者", "timestamp": 0}, {"key": 16, "sub_key": 1, "weight": 103, "desc": "微博原创视频博主", "timestamp": 0}, {"key": 8, "sub_key": 0, "weight": 102, "desc": "超话主持人（拆拆的台超话）", "timestamp": 0}, {"key": 1, "sub_key": 0, "weight": 100, "desc": "2022年辰星计划博主", "timestamp": 0}]}, "vclub_member": 0, "is_teenager": 0, "is_guardian": 1, "is_teenager_list": 0, "pc_new": 6, "special_follow": false, "planet_video": 2, "video_mark": 15, "live_status": 0, "user_ability_extend": 1, "status_total_counter": {"total_cnt": 28092017, "repost_cnt": 2039636, "comment_cnt": 1999039, "like_cnt": 6426897, "comment_like_cnt": 17626445}, "video_total_counter": {"play_cnt": 718568406}, "brand_account": 0, "hongbaofei": 0, "tab_manage": "[283736454038927, 0]", "reward_status": 0, "green_mode": 0, "mb_like_privilege": {"like_id": "0016_36", "like_desc": ""}, "urisk": 657666867712, "avatar_type": 0}, "annotations": [{}, {}, {"mapi_request": true}], "reposts_count": 0, "comments_count": 0, "reprint_cmt_count": 0, "attitudes_count": 0, "pending_approval_count": 0, "isLongText": true, "reward_exhibition_type": 0, "hide_flag": 0, "mlevel": 0, "show_mlevel": 0, "biz_ids": [230444], "biz_feature": 4294967304, "page_type": 64, "hasActionTypeCard": 0, "darwin_tags": [], "hot_weibo_tags": [], "text_tag_tips": [], "mblogtype": 0, "userType": 0, "more_info_type": 0, "cardid": "flag_36059492811007518", "number_display_strategy": {"apply_scenario_flag": 3, "display_text_min_number": 1000000, "display_text": "100万+"}, "positive_recom_flag": 0, "content_auth": 0, "gif_ids": "", "is_show_bulletin": 2, "comment_manage_info": {"comment_permission_type": -1, "approval_comment_type": 0, "comment_sort_type": 0, "ai_play_picture_type": 0}, "pic_num": 0, "fid": 4846564945428525, "can_reprint": false, "new_comment_style": 0}, "reply_comment": {"created_at": "Wed Dec 14 13:28:27 +0800 2022", "id": 4846569629946613, "rootid": 4846566227053014, "rootidstr": "4846566227053014", "floor_number": 0, "text": "回复@小草还要继续努力叭:畸形规培制度？没经过规培的，，刚毕业的医学生会不会有人又说连基本训练都没有的生瓜蛋？", "disable_reply": 0, "restrictOperate": 0, "comment_badge": [{"pic_url": "https://h5.sinaimg.cn/upload/114/962/2022/07/08/member_0_bigfan1_1.png", "name": "loyal_fans", "length": 1.33, "actionlog": {"act_code": "3671", "ext": "status:fans"}, "scheme": "https://kefu.weibo.com/faqdetail?id=20848", "new_icon": true}, {"pic_url": "https://h5.sinaimg.cn/upload/114/962/2022/07/08/member_0_bigfan1_1.png", "name": "loyal_fans", "length": 1.33, "actionlog": {"act_code": "3671", "ext": "status:fans"}, "scheme": "https://kefu.weibo.com/faqdetail?id=20848", "new_icon": true}, {"pic_url": "https://h5.sinaimg.cn/upload/114/962/2022/07/08/member_0_bigfan1_1.png", "name": "loyal_fans", "length": 1.33, "actionlog": {"act_code": "3671", "ext": "status:fans"}, "scheme": "https://kefu.weibo.com/faqdetail?id=20848", "new_icon": true}, {"pic_url": "https://h5.sinaimg.cn/upload/114/962/2022/07/08/member_0_bigfan1_1.png", "name": "loyal_fans", "length": 1.33, "actionlog": {"act_code": "3671", "ext": "status:fans"}, "scheme": "https://kefu.weibo.com/faqdetail?id=20848", "new_icon": true}, {"pic_url": "https://h5.sinaimg.cn/upload/114/962/2022/07/08/member_0_bigfan1_1.png", "name": "loyal_fans", "length": 1.33, "actionlog": {"act_code": "3671", "ext": "status:fans"}, "scheme": "https://kefu.weibo.com/faqdetail?id=20848", "new_icon": true}, {"pic_url": "https://h5.sinaimg.cn/upload/114/962/2022/07/08/member_0_bigfan1_1.png", "name": "loyal_fans", "length": 1.33, "actionlog": {"act_code": "3671", "ext": "status:fans"}, "scheme": "https://kefu.weibo.com/faqdetail?id=20848", "new_icon": true}, {"pic_url": "https://h5.sinaimg.cn/upload/114/962/2022/07/08/member_0_bigfan1_1.png", "name": "loyal_fans", "length": 1.33, "actionlog": {"act_code": "3671", "ext": "status:fans"}, "scheme": "https://kefu.weibo.com/faqdetail?id=20848", "new_icon": true}, {"pic_url": "https://h5.sinaimg.cn/upload/114/962/2022/07/08/member_0_bigfan1_1.png", "name": "loyal_fans", "length": 1.33, "actionlog": {"act_code": "3671", "ext": "status:fans"}, "scheme": "https://kefu.weibo.com/faqdetail?id=20848", "new_icon": true}], "user": {"id": 6466751103, "idstr": "6466751103", "class": 1, "screen_name": "言自喻", "name": "言自喻", "province": "44", "city": "1000", "location": "广东", "description": "好奇心爆棚，喜欢美好真诚用心的人，对毛茸茸的球球完全没有抵抗力", "url": "", "profile_image_url": "https://tvax2.sinaimg.cn/crop.0.0.664.664.50/0073DPn9ly8fyxah0ffg0j30ig0igju8.jpg?KID=imgbed,tva&Expires=1671276262&ssig=YqSLF%2B8Sjh", "light_ring": false, "cover_image_phone": "https://ww1.sinaimg.cn/crop.0.0.640.640.640/549d0121tw1egm1kjly3jj20hs0hsq4f.jpg", "profile_url": "u/6466751103", "domain": "", "weihao": "", "gender": "m", "followers_count": 170, "followers_count_str": "170", "friends_count": 430, "pagefriends_count": 58, "statuses_count": 17711, "video_status_count": 1, "video_play_count": 0, "super_topic_not_syn_count": 1, "favourites_count": 50, "created_at": "Sun Feb 04 15:17:22 +0800 2018", "following": false, "allow_all_act_msg": false, "geo_enabled": true, "verified": false, "verified_type": -1, "remark": "", "insecurity": {"sexual_content": false}, "ptype": 0, "allow_all_comment": true, "avatar_large": "https://tvax2.sinaimg.cn/crop.0.0.664.664.180/0073DPn9ly8fyxah0ffg0j30ig0igju8.jpg?KID=imgbed,tva&Expires=1671276262&ssig=Q5Ew6795Q%2B", "avatar_hd": "https://tvax2.sinaimg.cn/crop.0.0.664.664.1024/0073DPn9ly8fyxah0ffg0j30ig0igju8.jpg?KID=imgbed,tva&Expires=1671276262&ssig=a5uvfKOU3c", "verified_reason": "", "verified_trade": "", "verified_reason_url": "", "verified_source": "", "verified_source_url": "", "follow_me": false, "like": false, "like_me": false, "online_status": 0, "bi_followers_count": 8, "lang": "zh-cn", "star": 0, "mbtype": 0, "mbrank": 0, "svip": 0, "mb_expire_time": 0, "block_word": 0, "block_app": 0, "chaohua_ability": 0, "brand_ability": 0, "nft_ability": 0, "vplus_ability": 0, "wenda_ability": 0, "live_ability": 0, "gongyi_ability": 0, "paycolumn_ability": 0, "newbrand_ability": 0, "ecommerce_ability": 0, "hardfan_ability": 0, "credit_score": 80, "user_ability": 10747936, "avatargj_id": "gj_vip_375", "urank": 9, "story_read_state": -1, "vclub_member": 0, "is_teenager": 0, "is_guardian": 0, "is_teenager_list": 0, "pc_new": 0, "special_follow": false, "planet_video": 2, "video_mark": 0, "live_status": 0, "user_ability_extend": 0, "video_cover": {"mid": 0}, "status_total_counter": {"total_cnt": 2098, "repost_cnt": 255, "comment_cnt": 758, "like_cnt": 1005, "comment_like_cnt": 80}, "video_total_counter": {"play_cnt": 11}, "brand_account": 0, "hongbaofei": 0, "tab_manage": "[0, 0]", "reward_status": 0, "green_mode": 0, "urisk": 17179869184, "avatar_type": 0}, "mid": "4846569629946613", "idstr": "4846569629946613", "match_ai_play_picture": false}, "reply_original_text": "基本训练≠畸形的压榨式训练，你能明白吗？如果让你打三年白工，就算你出来以后可能有不错的前途，这三年还是难熬的。更何况现在正式职工一线医护其实也没多少工资。", "readtimetype": "comment", "match_ai_play_picture": false}