{"created_at": "Wed Dec 14 15:08:11 +0800 2022", "id": 4846594728136136, "rootid": 4846573605628489, "rootidstr": "4846573605628489", "floor_number": 0, "text": "回复@桃之夭夭-t-z-y-y:#医学生不是逃兵#！！！", "disable_reply": 0, "restrictOperate": 0, "source_allowclick": 0, "source_type": 4, "source": "<a href=\"\" rel=\"nofollow\">来自山西</a>", "user": {"id": 5254058450, "idstr": "5254058450", "class": 1, "screen_name": "安然yumi", "name": "安然yumi", "province": "14", "city": "23", "location": "山西 吕梁", "description": "是安然安然(ღ˘⌣˘ღ)", "url": "", "profile_image_url": "https://tvax1.sinaimg.cn/crop.0.0.200.200.50/005JzuCely8gdjt07rn90j305k05k0sn.jpg?KID=imgbed,tva&Expires=1671276228&ssig=tI3%2BuCtM7l", "light_ring": false, "cover_image_phone": "https://ww1.sinaimg.cn/crop.0.0.640.640.640/549d0121tw1egm1kjly3jj20hs0hsq4f.jpg", "profile_url": "u/5254058450", "domain": "", "weihao": "", "gender": "f", "followers_count": 25, "followers_count_str": "25", "friends_count": 1168, "pagefriends_count": 121, "statuses_count": 1864, "video_status_count": 0, "video_play_count": 0, "super_topic_not_syn_count": 8, "favourites_count": 1106, "created_at": "Sat Aug 16 15:27:30 +0800 2014", "following": false, "allow_all_act_msg": false, "geo_enabled": true, "verified": false, "verified_type": -1, "remark": "", "insecurity": {"sexual_content": false}, "ptype": 0, "allow_all_comment": true, "avatar_large": "https://tvax1.sinaimg.cn/crop.0.0.200.200.180/005JzuCely8gdjt07rn90j305k05k0sn.jpg?KID=imgbed,tva&Expires=1671276228&ssig=kr3vcdW7Im", "avatar_hd": "https://tvax1.sinaimg.cn/crop.0.0.200.200.1024/005JzuCely8gdjt07rn90j305k05k0sn.jpg?KID=imgbed,tva&Expires=1671276228&ssig=UnjzCohjFH", "verified_reason": "", "verified_trade": "", "verified_reason_url": "", "verified_source": "", "verified_source_url": "", "follow_me": false, "like": false, "like_me": false, "online_status": 0, "bi_followers_count": 16, "lang": "zh-cn", "star": 0, "mbtype": 0, "mbrank": 0, "svip": 0, "mb_expire_time": 0, "block_word": 0, "block_app": 0, "chaohua_ability": 0, "brand_ability": 0, "nft_ability": 0, "vplus_ability": 0, "wenda_ability": 0, "live_ability": 0, "gongyi_ability": 0, "paycolumn_ability": 0, "newbrand_ability": 0, "ecommerce_ability": 0, "hardfan_ability": 0, "credit_score": 80, "user_ability": 2097152, "urank": 4, "story_read_state": -1, "vclub_member": 0, "is_teenager": 0, "is_guardian": 0, "is_teenager_list": 0, "pc_new": 7, "special_follow": false, "planet_video": 0, "video_mark": 0, "live_status": 0, "user_ability_extend": 0, "status_total_counter": {"total_cnt": 669, "repost_cnt": 31, "comment_cnt": 274, "like_cnt": 341, "comment_like_cnt": 23}, "video_total_counter": {"play_cnt": -1}, "brand_account": 0, "hongbaofei": 0, "tab_manage": "[0, 0]", "reward_status": 0, "green_mode": 0, "urisk": 0, "avatar_type": 0}, "mid": "4846594728136136", "idstr": "4846594728136136", "status": {"visible": {"type": 0, "list_id": 0}, "created_at": "Wed Dec 14 13:10:56 +0800 2022", "id": 4846565220419928, "idstr": "4846565220419928", "mid": "4846565220419928", "edit_count": 3, "can_edit": false, "edit_at": "Thu Dec 15 08:07:05 +0800 2022", "version": 11, "show_additional_indication": 0, "text": "#医院回应医学生阳性带病上岗猝死#\n\n“第一，这个学生没有去世。第二，这个学生也没有发烧三天还在上班，他实际上是当天下午才发烧进的抢救室，具体原因未知。”\n\n按照我此前讲的回应标准，这个回应是不合规的，最起码起不到平息舆情的效果。\n\n因为，这个回应发布后，形成的链接点上又会嫁接新的链接点 ​", "textLength": 543, "source_allowclick": 0, "source_type": 1, "source": "<a href=\"http://app.weibo.com/t/feed/xEsRX\" rel=\"nofollow\">新版微博 weibo.com</a>", "favorited": false, "truncated": false, "in_reply_to_status_id": "", "in_reply_to_user_id": "", "in_reply_to_screen_name": "", "pic_urls": [], "geo": null, "is_paid": false, "mblog_vip_type": 0, "user": {"id": 6059492811, "idstr": "6059492811", "class": 1, "screen_name": "拆台CT", "name": "拆台CT", "province": "11", "city": "1", "location": "北京 东城区", "description": "关注热点，解读真相，没更新可以看👉@拆台的拆。", "url": "", "profile_image_url": "https://tvax2.sinaimg.cn/crop.0.0.800.800.50/006C50T1ly8h8weif5vyjj30m80m8wge.jpg?KID=imgbed,tva&Expires=1671276228&ssig=W0tw4zuhft", "light_ring": false, "cover_image": "https://wx4.sinaimg.cn/crop.0.0.920.300/006C50T1gy1fiy6cslbaxj30pk08c7c6.jpg", "cover_image_phone": "https://wx1.sinaimg.cn/crop.0.0.640.640.640/006C50T1ly1h4cml0fp7wj30qc0qc3zi.jpg", "profile_url": "ctchaitai", "domain": "ctchaitai", "weihao": "", "gender": "m", "followers_count": 586907, "followers_count_str": "58.7万", "friends_count": 605, "pagefriends_count": 15, "statuses_count": 41698, "video_status_count": 3606, "video_play_count": 0, "super_topic_not_syn_count": 0, "favourites_count": 30886, "created_at": "Sun Nov 06 09:19:34 +0800 2016", "following": false, "allow_all_act_msg": false, "geo_enabled": true, "verified": true, "verified_type": 0, "remark": "", "insecurity": {"sexual_content": false}, "ptype": 0, "allow_all_comment": false, "avatar_large": "https://tvax2.sinaimg.cn/crop.0.0.800.800.180/006C50T1ly8h8weif5vyjj30m80m8wge.jpg?KID=imgbed,tva&Expires=1671276228&ssig=CqUsPFuCCn", "avatar_hd": "https://tvax2.sinaimg.cn/crop.0.0.800.800.1024/006C50T1ly8h8weif5vyjj30m80m8wge.jpg?KID=imgbed,tva&Expires=1671276228&ssig=7VBdCzoxVo", "verified_reason": "互联网科技博主 2022年辰星计划博主 超话主持人（拆拆的台超话） 微博原创视频博主 头条文章作者", "verified_trade": "", "verified_reason_url": "", "verified_source": "", "verified_source_url": "", "verified_state": 0, "verified_level": 3, "verified_type_ext": 1, "has_service_tel": false, "verified_reason_modified": "", "verified_contact_name": "", "verified_contact_email": "", "verified_contact_mobile": "", "follow_me": false, "like": false, "like_me": false, "online_status": 0, "bi_followers_count": 555, "lang": "zh-cn", "star": 0, "mbtype": 12, "mbrank": 8, "svip": 1, "mb_expire_time": 1698940800, "block_word": 1, "block_app": 1, "chaohua_ability": 0, "brand_ability": 0, "nft_ability": 0, "vplus_ability": 1, "wenda_ability": 0, "live_ability": 0, "gongyi_ability": 0, "paycolumn_ability": 3, "newbrand_ability": 0, "ecommerce_ability": 0, "hardfan_ability": 1, "credit_score": 80, "user_ability": -2135553496, "cardid": "flag_36059492811007518", "avatargj_id": "gj_vip_094", "urank": 34, "story_read_state": -1, "verified_detail": {"custom": 1, "data": [{"key": 2, "sub_key": 0, "weight": 10, "desc": "互联网科技博主", "timestamp": 0}, {"key": 4, "sub_key": 9, "weight": 999, "desc": "头条文章作者", "timestamp": 0}, {"key": 16, "sub_key": 1, "weight": 103, "desc": "微博原创视频博主", "timestamp": 0}, {"key": 8, "sub_key": 0, "weight": 102, "desc": "超话主持人（拆拆的台超话）", "timestamp": 0}, {"key": 1, "sub_key": 0, "weight": 100, "desc": "2022年辰星计划博主", "timestamp": 0}]}, "vclub_member": 0, "is_teenager": 0, "is_guardian": 1, "is_teenager_list": 0, "pc_new": 6, "special_follow": false, "planet_video": 2, "video_mark": 15, "live_status": 0, "user_ability_extend": 1, "status_total_counter": {"total_cnt": 28092017, "repost_cnt": 2039636, "comment_cnt": 1999039, "like_cnt": 6426897, "comment_like_cnt": 17626445}, "video_total_counter": {"play_cnt": 718568406}, "brand_account": 0, "hongbaofei": 0, "tab_manage": "[283736454038927, 0]", "reward_status": 0, "green_mode": 0, "mb_like_privilege": {"like_id": "0016_36", "like_desc": ""}, "urisk": 657666867712, "avatar_type": 0}, "annotations": [{}, {}, {"mapi_request": true}], "reposts_count": 0, "comments_count": 0, "reprint_cmt_count": 0, "attitudes_count": 0, "pending_approval_count": 0, "isLongText": true, "reward_exhibition_type": 0, "hide_flag": 0, "mlevel": 0, "show_mlevel": 0, "biz_ids": [230444], "biz_feature": 4294967304, "page_type": 64, "hasActionTypeCard": 0, "darwin_tags": [], "hot_weibo_tags": [], "text_tag_tips": [], "mblogtype": 0, "userType": 0, "more_info_type": 0, "cardid": "flag_36059492811007518", "number_display_strategy": {"apply_scenario_flag": 3, "display_text_min_number": 1000000, "display_text": "100万+"}, "positive_recom_flag": 0, "content_auth": 0, "gif_ids": "", "is_show_bulletin": 2, "comment_manage_info": {"comment_permission_type": -1, "approval_comment_type": 0, "comment_sort_type": 0, "ai_play_picture_type": 0}, "pic_num": 0, "fid": 4846564945428525, "can_reprint": false, "new_comment_style": 0}, "reply_comment": {"created_at": "Wed Dec 14 13:44:15 +0800 2022", "id": 4846573605628489, "rootid": 4846573605628489, "rootidstr": "4846573605628489", "floor_number": 54, "text": "已经开始说学生有基础疾病了[抓狂][抓狂][抓狂] http://t.cn/A6KNvrVK", "disable_reply": 0, "restrictOperate": 0, "user": {"id": 5909268913, "idstr": "5909268913", "class": 1, "screen_name": "桃之夭夭-t-z-y-y", "name": "桃之夭夭-t-z-y-y", "province": "11", "city": "1000", "location": "北京", "description": "在“动荡”的世界里，好好生活", "url": "", "profile_image_url": "https://tvax4.sinaimg.cn/crop.0.0.1023.1023.50/006rUGMVly8h7iwtuoy18j30sg0sf0wq.jpg?KID=imgbed,tva&Expires=1671276228&ssig=oCbthcy6EA", "light_ring": false, "cover_image_phone": "https://wx1.sinaimg.cn/crop.0.0.640.640.640/006rUGMVly1gxafinp84vj30u00u0403.jpg", "profile_url": "u/5909268913", "domain": "", "weihao": "", "gender": "f", "followers_count": 537, "followers_count_str": "537", "friends_count": 613, "pagefriends_count": 88, "statuses_count": 10532, "video_status_count": 43, "video_play_count": 0, "super_topic_not_syn_count": 0, "favourites_count": 222, "created_at": "Wed Apr 27 12:50:28 +0800 2016", "following": false, "allow_all_act_msg": false, "geo_enabled": true, "verified": true, "verified_type": 0, "remark": "", "insecurity": {"sexual_content": false}, "ptype": 0, "allow_all_comment": true, "avatar_large": "https://tvax4.sinaimg.cn/crop.0.0.1023.1023.180/006rUGMVly8h7iwtuoy18j30sg0sf0wq.jpg?KID=imgbed,tva&Expires=1671276228&ssig=sWGtSg6SOQ", "avatar_hd": "https://tvax4.sinaimg.cn/crop.0.0.1023.1023.1024/006rUGMVly8h7iwtuoy18j30sg0sf0wq.jpg?KID=imgbed,tva&Expires=1671276228&ssig=jGl0iFdyOW", "verified_reason": "超话粉丝大咖（朱一龙超话） 微博VLOG博主", "verified_trade": "", "verified_reason_url": "", "verified_source": "", "verified_source_url": "", "verified_state": 0, "verified_level": 3, "verified_type_ext": 0, "has_service_tel": false, "verified_reason_modified": "", "verified_contact_name": "", "verified_contact_email": "", "verified_contact_mobile": "", "follow_me": false, "like": false, "like_me": false, "online_status": 0, "bi_followers_count": 146, "lang": "zh-cn", "star": 0, "mbtype": 12, "mbrank": 6, "svip": 0, "mb_expire_time": 1680105600, "block_word": 0, "block_app": 1, "credit_score": 80, "user_ability": 2360320, "cardid": "star_1419", "avatargj_id": "gj_vip_023", "urank": 27, "story_read_state": -1, "verified_detail": {"custom": 0, "data": [{"key": 16, "sub_key": 2, "weight": 103, "desc": "微博VLOG博主", "timestamp": 0}, {"key": 8, "sub_key": 0, "weight": 102, "desc": "超话粉丝大咖（朱一龙超话）", "timestamp": 1631204653}]}, "vclub_member": 0, "is_teenager": 0, "is_guardian": 0, "is_teenager_list": 0, "pc_new": 0, "special_follow": false, "planet_video": 0, "video_mark": 0, "live_status": 0, "user_ability_extend": 0, "video_cover": {"mid": 4760776138818905}, "status_total_counter": {"total_cnt": 21703, "repost_cnt": 2134, "comment_cnt": 8940, "like_cnt": 9642, "comment_like_cnt": 987}, "video_total_counter": {"play_cnt": 16826}, "brand_account": 0, "hongbaofei": 0, "tab_manage": "[0, 0]", "green_mode": 0, "urisk": 34896609280, "block": 0, "block_me": 0, "avatar_type": 0}, "mid": "4846573605628489", "idstr": "4846573605628489", "match_ai_play_picture": false}, "reply_original_text": "#医学生不是逃兵#！！！", "readtimetype": "comment", "match_ai_play_picture": false}