{"created_at": "Thu Dec 22 10:44:24 +0800 2022", "id": 4849427447816668, "rootid": 4849427447816668, "rootidstr": "4849427447816668", "floor_number": 19, "text": "关注", "disable_reply": 0, "restrictOperate": 0, "comment_badge": [{"pic_url": "https://h5.sinaimg.cn/upload/114/962/2022/07/08/member_0_bigfan1_4.png", "name": "loyal_fans", "length": 1.33, "actionlog": {"act_code": "3671", "ext": "status:fans"}, "scheme": "https://kefu.weibo.com/faqdetail?id=20848", "new_icon": true}], "user": {"id": 3053410827, "idstr": "3053410827", "class": 1, "screen_name": "洪泽区法院", "name": "洪泽区法院", "province": "32", "city": "1000", "location": "江苏", "description": "", "url": "", "profile_image_url": "https://tvax2.sinaimg.cn/crop.0.0.178.178.50/b5ff5a0bly8h8vhyv2eyfj204y04yjrd.jpg?KID=imgbed,tva&Expires=1671867442&ssig=N6jiHK7UqE", "light_ring": false, "cover_image_phone": "https://ww1.sinaimg.cn/crop.0.0.640.640.640/549d0121tw1egm1kjly3jj20hs0hsq4f.jpg", "profile_url": "u/3053410827", "domain": "", "weihao": "", "gender": "m", "followers_count": 8020, "followers_count_str": "8020", "friends_count": 3086, "pagefriends_count": 42, "statuses_count": 11112, "video_status_count": 43, "video_play_count": 0, "super_topic_not_syn_count": 2, "favourites_count": 11, "created_at": "Thu Oct 18 14:03:52 +0800 2012", "following": false, "allow_all_act_msg": false, "geo_enabled": true, "verified": true, "verified_type": 1, "remark": "", "insecurity": {"sexual_content": false}, "ptype": 221, "allow_all_comment": true, "avatar_large": "https://tvax2.sinaimg.cn/crop.0.0.178.178.180/b5ff5a0bly8h8vhyv2eyfj204y04yjrd.jpg?KID=imgbed,tva&Expires=1671867442&ssig=%2F5dLfGeqyZ", "avatar_hd": "https://tvax2.sinaimg.cn/crop.0.0.178.178.1024/b5ff5a0bly8h8vhyv2eyfj204y04yjrd.jpg?KID=imgbed,tva&Expires=1671867442&ssig=SzMQX3CQUR", "verified_reason": "江苏省淮安市洪泽区人民法院官方微博", "verified_trade": "", "verified_reason_url": "", "verified_source": "", "verified_source_url": "", "verified_state": 0, "verified_level": 3, "verified_type_ext": 0, "has_service_tel": false, "verified_reason_modified": "", "verified_contact_name": "", "verified_contact_email": "", "verified_contact_mobile": "", "follow_me": false, "like": false, "like_me": false, "online_status": 0, "bi_followers_count": 2730, "lang": "zh-cn", "star": 0, "mbtype": 2, "mbrank": 1, "svip": 0, "mb_expire_time": 1656086399, "block_word": 0, "block_app": 0, "chaohua_ability": 0, "brand_ability": 0, "nft_ability": 0, "vplus_ability": 0, "wenda_ability": 0, "live_ability": 1, "gongyi_ability": 0, "paycolumn_ability": 0, "newbrand_ability": 0, "ecommerce_ability": 0, "hardfan_ability": 1, "credit_score": 80, "user_ability": 10747904, "cardid": "star_1624", "urank": 29, "story_read_state": -1, "vclub_member": 0, "is_teenager": 0, "is_guardian": 0, "is_teenager_list": 0, "pc_new": 6, "special_follow": false, "planet_video": 2, "video_mark": 14, "live_status": 0, "user_ability_extend": 1, "status_total_counter": {"total_cnt": 174197, "repost_cnt": 5774, "comment_cnt": 97767, "like_cnt": 56388, "comment_like_cnt": 14268}, "video_total_counter": {"play_cnt": 55975}, "brand_account": 0, "hongbaofei": 0, "tab_manage": "[0, 0]", "reward_status": 0, "green_mode": 0, "urisk": 0, "avatar_type": 0}, "mid": "4849427447816668", "idstr": "4849427447816668", "status": {"visible": {"type": 0, "list_id": 0}, "created_at": "Wed Dec 21 23:31:00 +0800 2022", "id": 4849257980626662, "idstr": "4849257980626662", "mid": "4849257980626662", "can_edit": false, "version": 1, "show_additional_indication": 0, "text": "【点赞！#市民将退烧药挂防盗窗分发邻居#[赞]】 近日，济南居民王旭辉把自己家里备的退烧药都拿了出来，做了分装，挂在防盗窗上，供需要的邻居选用。他说，都是自己头痛时备的药，拿出来共享。“见面了还得来回感谢，这个没必要”，最朴实的话，最感人的行动！http://t.cn/A6Kji4XV ​", "textLength": 261, "source_allowclick": 0, "source_type": 1, "source": "<a href=\"http://app.weibo.com/t/feed/6vtZb0\" rel=\"nofollow\">微博 weibo.com</a>", "favorited": false, "truncated": false, "in_reply_to_status_id": "", "in_reply_to_user_id": "", "in_reply_to_screen_name": "", "pic_urls": [], "geo": null, "is_paid": false, "mblog_vip_type": 0, "user": {"id": 2616360197, "idstr": "2616360197", "class": 1, "screen_name": "潍坊公安", "name": "潍坊公安", "province": "37", "city": "7", "location": "山东 潍坊", "description": "潍坊市公安局是潍坊市人民政府主管全市公安工作的职能部门，是全市人民警察的领导和指挥机关。", "url": "", "profile_image_url": "https://tvax2.sinaimg.cn/crop.153.97.383.383.50/002R3YO1ly8h8xkwp3ji2j60j60g2q4f02.jpg?KID=imgbed,tva&Expires=1671867442&ssig=fiK6G6Tzdo", "light_ring": false, "cover_image": "https://wx4.sinaimg.cn/crop.0.0.920.300/9bf27d05ly1g1ysacrzp9j20pk08ck2o.jpg", "cover_image_phone": "https://wx2.sinaimg.cn/crop.0.0.640.640.640/002R3YO1ly8gregcp6b7jj60e80e80sy02.jpg", "profile_url": "wfsgaj", "domain": "wfsgaj", "weihao": "", "gender": "m", "followers_count": 2645038, "followers_count_str": "264.5万", "friends_count": 1312, "pagefriends_count": 43, "statuses_count": 98049, "video_status_count": 887, "video_play_count": 0, "super_topic_not_syn_count": 0, "favourites_count": 733, "created_at": "Thu Feb 09 11:36:06 +0800 2012", "following": false, "allow_all_act_msg": true, "geo_enabled": true, "verified": true, "verified_type": 1, "remark": "", "insecurity": {"sexual_content": false}, "ptype": 0, "allow_all_comment": true, "avatar_large": "https://tvax2.sinaimg.cn/crop.153.97.383.383.180/002R3YO1ly8h8xkwp3ji2j60j60g2q4f02.jpg?KID=imgbed,tva&Expires=1671867442&ssig=nK8YzOoBn5", "avatar_hd": "https://tvax2.sinaimg.cn/crop.153.97.383.383.1024/002R3YO1ly8h8xkwp3ji2j60j60g2q4f02.jpg?KID=imgbed,tva&Expires=1671867442&ssig=vDjRdzdBxz", "verified_reason": "山东省潍坊市公安局官方微博", "verified_trade": "", "verified_reason_url": "", "verified_source": "", "verified_source_url": "", "verified_state": 0, "verified_level": 3, "verified_type_ext": 0, "has_service_tel": false, "verified_reason_modified": "", "verified_contact_name": "", "verified_contact_email": "", "verified_contact_mobile": "0536-8783400", "follow_me": false, "like": false, "like_me": false, "online_status": 0, "bi_followers_count": 939, "lang": "zh-cn", "star": 0, "mbtype": 2, "mbrank": 1, "svip": 0, "mb_expire_time": 1656086399, "block_word": 0, "block_app": 0, "chaohua_ability": 0, "brand_ability": 0, "nft_ability": 0, "vplus_ability": 0, "wenda_ability": 0, "live_ability": 1, "gongyi_ability": 0, "paycolumn_ability": 0, "newbrand_ability": 0, "ecommerce_ability": 0, "hardfan_ability": 1, "credit_score": 80, "user_ability": 11797004, "cardid": "star_1624", "avatargj_id": "gj_vip_660", "urank": 47, "story_read_state": -1, "vclub_member": 0, "is_teenager": 0, "is_guardian": 0, "is_teenager_list": 0, "pc_new": 6, "special_follow": false, "planet_video": 2, "video_mark": 15, "live_status": 0, "user_ability_extend": 1, "status_total_counter": {"total_cnt": 1554825, "repost_cnt": 491599, "comment_cnt": 472942, "like_cnt": 474361, "comment_like_cnt": 115923}, "video_total_counter": {"play_cnt": 9678279}, "brand_account": 0, "hongbaofei": 0, "tab_manage": "[0, 0]", "reward_status": 0, "green_mode": 0, "urisk": 0, "avatar_type": 0}, "reposts_count": 0, "comments_count": 0, "reprint_cmt_count": 0, "attitudes_count": 0, "pending_approval_count": 0, "isLongText": false, "reward_exhibition_type": 0, "hide_flag": 0, "mlevel": 0, "show_mlevel": 0, "biz_ids": [230444], "biz_feature": 4294967304, "page_type": 64, "hasActionTypeCard": 0, "darwin_tags": [], "hot_weibo_tags": [], "text_tag_tips": [], "mblogtype": 0, "userType": 0, "more_info_type": 0, "cardid": "star_1624", "positive_recom_flag": 0, "content_auth": 0, "gif_ids": "", "is_show_bulletin": 2, "comment_manage_info": {"comment_permission_type": -1, "approval_comment_type": 0, "comment_sort_type": 0, "ai_play_picture_type": 0}, "pic_num": 0, "can_reprint": false, "new_comment_style": 0}, "readtimetype": "comment", "comment_dynamic_message": {"id": "0", "start_color": "#00FFFFFF", "end_color": "#1AFFFFFF", "start_color_dark": "#003A3A3A", "end_color_dark": "#333A3A3A", "name": {"zh_CN": "默认", "zh_HK": "默認", "en_US": "default"}, "scheme": "https://new.vip.weibo.cn/bubble/mall?showmenu=0&decorateId=0&uid=3053410827", "allow_vip_box_content": "用此评论气泡", "allow_vip_box_icon": "https://h5.sinaimg.cn/upload/100/1720/2022/08/08/icon_VIP_for_comment_bubble.png"}, "match_ai_play_picture": false}