{"created_at": "Mon Oct 31 00:40:23 +0800 2022", "id": 4830431273288361, "rootid": 4830431273288361, "rootidstr": "4830431273288361", "floor_number": 60, "text": "[蜡烛]", "disable_reply": 0, "restrictOperate": 0, "source_allowclick": 0, "source_type": 4, "source": "<a href=\"\" rel=\"nofollow\">来自广东</a>", "comment_badge": [{"pic_url": "https://h5.sinaimg.cn/upload/114/962/2022/07/08/member_0_bigfan1_5.png", "name": "loyal_fans", "length": 1.33, "actionlog": {"act_code": "3671", "ext": "status:fans"}, "scheme": "https://kefu.weibo.com/faqdetail?id=20848", "new_icon": true}], "user": {"id": 1221704445, "idstr": "1221704445", "class": 1, "screen_name": "大盘子和小篮子", "name": "大盘子和小篮子", "province": "44", "city": "1", "location": "广东 广州", "description": "人生天地之间，若白驹过隙，忽然而已", "url": "http://blog.sina.com.cn/u/1221704445", "profile_image_url": "https://tvax1.sinaimg.cn/crop.0.0.1080.1080.50/48d1bafdly8h8nhs5t1g7j20u00u0788.jpg?KID=imgbed,tva&Expires=1673967961&ssig=nA7a4aoMiF", "light_ring": false, "cover_image_phone": "https://ww1.sinaimg.cn/crop.0.0.640.640.640/549d0121tw1egm1kjly3jj20hs0hsq4f.jpg", "profile_url": "u/1221704445", "domain": "", "weihao": "", "gender": "m", "followers_count": 685, "followers_count_str": "685", "friends_count": 1660, "pagefriends_count": 54, "statuses_count": 9402, "video_status_count": 14, "video_play_count": 0, "super_topic_not_syn_count": 0, "favourites_count": 780, "created_at": "Tue Oct 13 16:52:47 +0800 2009", "following": false, "allow_all_act_msg": false, "geo_enabled": true, "verified": false, "verified_type": 220, "remark": "", "insecurity": {"sexual_content": false}, "ptype": 0, "allow_all_comment": false, "avatar_large": "https://tvax1.sinaimg.cn/crop.0.0.1080.1080.180/48d1bafdly8h8nhs5t1g7j20u00u0788.jpg?KID=imgbed,tva&Expires=1673967961&ssig=e9nfYEMcEs", "avatar_hd": "https://tvax1.sinaimg.cn/crop.0.0.1080.1080.1024/48d1bafdly8h8nhs5t1g7j20u00u0788.jpg?KID=imgbed,tva&Expires=1673967961&ssig=Sg2WWwlokb", "verified_reason": "", "verified_trade": "", "verified_reason_url": "", "verified_source": "", "verified_source_url": "", "follow_me": false, "like": false, "like_me": false, "online_status": 0, "bi_followers_count": 114, "lang": "zh-cn", "star": 0, "mbtype": 0, "mbrank": 0, "svip": 0, "mb_expire_time": 0, "block_word": 0, "block_app": 0, "chaohua_ability": 0, "brand_ability": 0, "nft_ability": 0, "vplus_ability": 0, "wenda_ability": 0, "live_ability": 0, "gongyi_ability": 0, "paycolumn_ability": 0, "newbrand_ability": 0, "ecommerce_ability": 0, "hardfan_ability": 0, "wbcolumn_ability": 0, "credit_score": 80, "user_ability": 36962336, "avatargj_id": "gj_vip_422", "urank": 39, "story_read_state": -1, "vclub_member": 0, "is_teenager": 0, "is_guardian": 0, "is_teenager_list": 0, "pc_new": 0, "special_follow": false, "planet_video": 2, "video_mark": 2, "live_status": 0, "user_ability_extend": 0, "status_total_counter": {"total_cnt": 4109, "repost_cnt": 672, "comment_cnt": 3059, "like_cnt": 378, "comment_like_cnt": 0}, "video_total_counter": {"play_cnt": 676}, "brand_account": 0, "hongbaofei": 0, "tab_manage": "[0, 0]", "reward_status": 0, "green_mode": 0, "urisk": 17179869184, "avatar_type": 0}, "mid": "4830431273288361", "idstr": "4830431273288361", "status": {"visible": {"type": 0, "list_id": 0}, "created_at": "Sun Oct 30 20:30:55 +0800 2022", "id": 4830368497402188, "idstr": "4830368497402188", "mid": "4830368497402188", "edit_count": 2, "can_edit": false, "edit_at": "Sun Oct 30 20:39:43 +0800 2022", "version": 2, "show_additional_indication": 0, "text": "#重庆籍消防员扑救湖南山火不幸牺牲#他叫冯坪坪，重庆永川人，是阿坝森林消防员，和蔡茂强烈士是同批到湖南永州新田县扑救山火的，在扑救过程中突遇山火爆燃，严重烧伤，经过七天的救治不幸牺牲，年仅24岁。 ​", "textLength": 192, "source_allowclick": 0, "source_type": 2, "source": "", "favorited": false, "truncated": false, "in_reply_to_status_id": "", "in_reply_to_user_id": "", "in_reply_to_screen_name": "", "pic_urls": [{"thumbnail_pic": "http://wx4.sinaimg.cn/thumbnail/005N9GuZly1h7nl9qxojcj30zo1ho45q.jpg"}], "thumbnail_pic": "http://wx4.sinaimg.cn/thumbnail/005N9GuZly1h7nl9qxojcj30zo1ho45q.jpg", "bmiddle_pic": "http://wx4.sinaimg.cn/bmiddle/005N9GuZly1h7nl9qxojcj30zo1ho45q.jpg", "original_pic": "http://wx4.sinaimg.cn/large/005N9GuZly1h7nl9qxojcj30zo1ho45q.jpg", "geo": null, "is_paid": false, "mblog_vip_type": 0, "user": {"id": 5307012945, "idstr": "5307012945", "class": 1, "screen_name": "-四分三十三秒-", "name": "-四分三十三秒-", "province": "37", "city": "1000", "location": "山东", "description": "就想当个最接地气的正能量博主。  商务合作私信。", "url": "", "profile_image_url": "https://tvax3.sinaimg.cn/crop.0.0.1080.1080.50/005N9GuZly8gt1shrxmwmj30u00u075l.jpg?KID=imgbed,tva&Expires=1673967961&ssig=2Zn5x%2BoOQ8", "light_ring": false, "cover_image_phone": "https://wx1.sinaimg.cn/crop.0.0.640.640.640/005N9GuZly1h5q3d2c91wj30u00u0acr.jpg", "profile_url": "u/5307012945", "domain": "", "weihao": "", "gender": "m", "followers_count": 7431828, "followers_count_str": "743.2万", "friends_count": 784, "pagefriends_count": 34, "statuses_count": 45498, "video_status_count": 14092, "video_play_count": 0, "super_topic_not_syn_count": 0, "favourites_count": 12, "created_at": "Fri Sep 26 16:53:19 +0800 2014", "following": false, "allow_all_act_msg": false, "geo_enabled": true, "verified": true, "verified_type": 0, "remark": "", "insecurity": {"sexual_content": false}, "ptype": 0, "allow_all_comment": true, "avatar_large": "https://tvax3.sinaimg.cn/crop.0.0.1080.1080.180/005N9GuZly8gt1shrxmwmj30u00u075l.jpg?KID=imgbed,tva&Expires=1673967961&ssig=XemTBsEJEx", "avatar_hd": "https://tvax3.sinaimg.cn/crop.0.0.1080.1080.1024/005N9GuZly8gt1shrxmwmj30u00u075l.jpg?KID=imgbed,tva&Expires=1673967961&ssig=ru%2FH11ffJe", "verified_reason": "知名军事博主  退役军人  2022年辰星计划博主 微博原创视频博主", "verified_trade": "1809", "verified_reason_url": "", "verified_source": "", "verified_source_url": "", "verified_state": 0, "verified_level": 3, "verified_type_ext": 1, "has_service_tel": false, "verified_reason_modified": "", "verified_contact_name": "", "verified_contact_email": "", "verified_contact_mobile": "", "follow_me": false, "like": false, "like_me": false, "online_status": 0, "bi_followers_count": 675, "lang": "zh-cn", "star": 0, "mbtype": 12, "mbrank": 8, "svip": 1, "mb_expire_time": 1698940800, "block_word": 0, "block_app": 1, "chaohua_ability": 0, "brand_ability": 0, "nft_ability": 0, "vplus_ability": 1, "wenda_ability": 0, "live_ability": 0, "gongyi_ability": 0, "paycolumn_ability": 0, "newbrand_ability": 0, "ecommerce_ability": 0, "hardfan_ability": 1, "wbcolumn_ability": 0, "ability_tags": "军旅,武器装备", "credit_score": 80, "user_ability": -2135553508, "cardid": "star_1624", "avatargj_id": "gj_vip_027", "urank": 47, "story_read_state": -1, "verified_detail": {"custom": 1, "data": [{"key": 1, "sub_key": 0, "weight": 10, "desc": "知名军事博主  退役军人  2022年辰星计划博主", "timestamp": 0}, {"key": 2, "sub_key": 0, "weight": 0, "desc": "知名军事博主", "timestamp": 0}, {"key": 16, "sub_key": 1, "weight": 11, "desc": "微博原创视频博主", "timestamp": 0}]}, "vclub_member": 0, "is_teenager": 0, "is_guardian": 0, "is_teenager_list": 0, "pc_new": 6, "special_follow": false, "planet_video": 2, "video_mark": 15, "live_status": 0, "user_ability_extend": 0, "status_total_counter": {"total_cnt": 31730421, "repost_cnt": 2464337, "comment_cnt": 2296268, "like_cnt": 19790401, "comment_like_cnt": 7179415}, "video_total_counter": {"play_cnt": 1094964350}, "brand_account": 0, "hongbaofei": 0, "tab_manage": "[0, 0]", "reward_status": 0, "green_mode": 0, "mb_like_privilege": {"like_id": "0012", "like_desc": "秒叔在此谢过！"}, "urisk": 0, "avatar_type": 0}, "annotations": [{"photo_sub_type": "0"}, {"ann_ext": "ann_ext:search|t:1|creator_source:bottomsendweibo"}, {"client_mblogid": "iPhone-3E92ED50-AD54-4199-8686-9CD50065890C"}, {"mapi_request": true}], "picStatus": "0:1", "reposts_count": 0, "comments_count": 0, "reprint_cmt_count": 0, "attitudes_count": 0, "pending_approval_count": 0, "isLongText": false, "reward_exhibition_type": 0, "hide_flag": 0, "mlevel": 0, "show_mlevel": 0, "biz_feature": 4294967300, "page_type": 64, "hasActionTypeCard": 0, "darwin_tags": [], "hot_weibo_tags": [], "text_tag_tips": [], "mblogtype": 0, "userType": 0, "more_info_type": 0, "cardid": "star_1624", "number_display_strategy": {"apply_scenario_flag": 3, "display_text_min_number": 1000000, "display_text": "100万+"}, "positive_recom_flag": 0, "content_auth": 0, "gif_ids": "", "is_show_bulletin": 2, "comment_manage_info": {"comment_permission_type": -1, "approval_comment_type": 0, "comment_sort_type": 0, "ai_play_picture_type": 0}, "pic_num": 1, "can_reprint": false, "new_comment_style": 0}, "readtimetype": "comment", "match_ai_play_picture": false}