{"created_at": "Tue Jun 14 07:03:36 +0800 2022", "id": 4780155799339986, "rootid": 4780073410626942, "rootidstr": "4780073410626942", "floor_number": 0, "text": "回复@珊珊等于酒:我们国家，不允许坏人存在，谁说有坏人就先处理谁", "disable_reply": 0, "restrictOperate": 0, "source_allowclick": 0, "source_type": 4, "source": "<a href=\"\" rel=\"nofollow\">来自四川</a>", "user": {"id": 3860573548, "idstr": "3860573548", "class": 1, "screen_name": "萝卜白菜3860573548", "name": "萝卜白菜3860573548", "province": "50", "city": "6", "location": "重庆 沙坪坝区", "description": "远方，归处", "url": "", "profile_image_url": "https://tvax4.sinaimg.cn/crop.0.0.996.996.50/e61bad6cly8fn8vzg8tilj20ro0roaah.jpg?KID=imgbed,tva&Expires=1674109967&ssig=pebX4V9uib", "light_ring": false, "cover_image_phone": "https://ww1.sinaimg.cn/crop.0.0.640.640.640/549d0121tw1egm1kjly3jj20hs0hsq4f.jpg", "profile_url": "u/3860573548", "domain": "", "weihao": "", "gender": "m", "followers_count": 234, "followers_count_str": "234", "friends_count": 779, "pagefriends_count": 62, "statuses_count": 1229, "video_status_count": 0, "video_play_count": 0, "super_topic_not_syn_count": 1, "favourites_count": 715, "created_at": "Fri Oct 18 17:46:11 +0800 2013", "following": false, "allow_all_act_msg": false, "geo_enabled": true, "verified": false, "verified_type": -1, "remark": "", "insecurity": {"sexual_content": false}, "ptype": 0, "allow_all_comment": true, "avatar_large": "https://tvax4.sinaimg.cn/crop.0.0.996.996.180/e61bad6cly8fn8vzg8tilj20ro0roaah.jpg?KID=imgbed,tva&Expires=1674109967&ssig=RIt5cnyipg", "avatar_hd": "https://tvax4.sinaimg.cn/crop.0.0.996.996.1024/e61bad6cly8fn8vzg8tilj20ro0roaah.jpg?KID=imgbed,tva&Expires=1674109967&ssig=10y0NGai6K", "verified_reason": "", "verified_trade": "", "verified_reason_url": "", "verified_source": "", "verified_source_url": "", "follow_me": false, "like": false, "like_me": false, "online_status": 0, "bi_followers_count": 72, "lang": "zh-cn", "star": 0, "mbtype": 0, "mbrank": 0, "svip": 0, "mb_expire_time": 0, "block_word": 0, "block_app": 0, "chaohua_ability": 0, "brand_ability": 0, "nft_ability": 0, "vplus_ability": 0, "wenda_ability": 0, "live_ability": 0, "gongyi_ability": 0, "paycolumn_ability": 0, "newbrand_ability": 0, "ecommerce_ability": 0, "hardfan_ability": 0, "wbcolumn_ability": 0, "credit_score": 80, "user_ability": 35652608, "urank": 23, "story_read_state": -1, "vclub_member": 0, "is_teenager": 0, "is_guardian": 0, "is_teenager_list": 0, "pc_new": 0, "special_follow": false, "planet_video": 0, "video_mark": 0, "live_status": 0, "user_ability_extend": 0, "status_total_counter": {"total_cnt": 1509, "repost_cnt": 37, "comment_cnt": 425, "like_cnt": 1042, "comment_like_cnt": 5}, "video_total_counter": {"play_cnt": -1}, "brand_account": 0, "hongbaofei": 0, "tab_manage": "[0, 0]", "reward_status": 0, "green_mode": 0, "urisk": 17179869184, "unfollowing_recom_switch": 1, "avatar_type": 0}, "mid": "4780155799339986", "idstr": "4780155799339986", "status": {"visible": {"type": 0, "list_id": 0}, "created_at": "Mon Jun 13 22:54:20 +0800 2022", "id": 4780032670566047, "idstr": "4780032670566047", "mid": "4780032670566047", "can_edit": false, "version": 2, "show_additional_indication": 0, "text": "#瑜伽馆老板实名举报遭同行5人打进ICU#\n\n大家看看这个！！！\n原博@念心思阳 ​", "textLength": 70, "source_allowclick": 1, "source_type": 1, "source": "<a href=\"http://app.weibo.com/t/feed/13mmrA\" rel=\"nofollow\">OPPO智能手机</a>", "favorited": false, "truncated": false, "in_reply_to_status_id": "", "in_reply_to_user_id": "", "in_reply_to_screen_name": "", "pic_urls": [{"thumbnail_pic": "http://wx2.sinaimg.cn/thumbnail/0088vVx5gy1h370a4h75mj30k00zktlp.jpg"}], "thumbnail_pic": "http://wx2.sinaimg.cn/thumbnail/0088vVx5gy1h370a4h75mj30k00zktlp.jpg", "bmiddle_pic": "http://wx2.sinaimg.cn/bmiddle/0088vVx5gy1h370a4h75mj30k00zktlp.jpg", "original_pic": "http://wx2.sinaimg.cn/large/0088vVx5gy1h370a4h75mj30k00zktlp.jpg", "geo": null, "is_paid": false, "mblog_vip_type": 0, "user": {"id": 7454882671, "idstr": "7454882671", "class": 1, "screen_name": "·雾栖野苏·", "name": "·雾栖野苏·", "province": "50", "city": "8", "location": "重庆 南岸区", "description": "一起过秋天冬天然后过年吧", "url": "", "profile_image_url": "https://tvax3.sinaimg.cn/crop.0.0.1080.1080.50/0088vVx5ly8gz1917qonrj30u00u00tz.jpg?KID=imgbed,tva&Expires=1674109967&ssig=DIYKSEAQYJ", "light_ring": false, "cover_image_phone": "https://ww1.sinaimg.cn/crop.0.0.640.640.640/9d44112bjw1f1xl1c10tuj20hs0hs0tw.jpg", "profile_url": "u/7454882671", "domain": "", "weihao": "", "gender": "f", "followers_count": 206, "followers_count_str": "206", "friends_count": 191, "pagefriends_count": 74, "statuses_count": 2326, "video_status_count": 29, "video_play_count": 0, "super_topic_not_syn_count": 357, "favourites_count": 13, "created_at": "Tue May 12 17:58:43 +0800 2020", "following": false, "allow_all_act_msg": false, "geo_enabled": true, "verified": false, "verified_type": -1, "remark": "", "insecurity": {"sexual_content": false}, "ptype": 0, "allow_all_comment": true, "avatar_large": "https://tvax3.sinaimg.cn/crop.0.0.1080.1080.180/0088vVx5ly8gz1917qonrj30u00u00tz.jpg?KID=imgbed,tva&Expires=1674109967&ssig=2bEigTAqT%2F", "avatar_hd": "https://tvax3.sinaimg.cn/crop.0.0.1080.1080.1024/0088vVx5ly8gz1917qonrj30u00u00tz.jpg?KID=imgbed,tva&Expires=1674109967&ssig=IwC6kvYWUJ", "verified_reason": "", "verified_trade": "", "verified_reason_url": "", "verified_source": "", "verified_source_url": "", "follow_me": false, "like": false, "like_me": false, "online_status": 0, "bi_followers_count": 33, "lang": "zh-cn", "star": 0, "mbtype": 2, "mbrank": 1, "svip": 0, "mb_expire_time": 1634918399, "block_word": 0, "block_app": 0, "chaohua_ability": 0, "brand_ability": 0, "nft_ability": 0, "vplus_ability": 0, "wenda_ability": 0, "live_ability": 0, "gongyi_ability": 0, "paycolumn_ability": 0, "newbrand_ability": 0, "ecommerce_ability": 0, "hardfan_ability": 0, "wbcolumn_ability": 0, "credit_score": 80, "user_ability": 2359296, "cardid": "star_658", "avatargj_id": "gj_vip_5506", "urank": 0, "story_read_state": -1, "vclub_member": 0, "is_teenager": 0, "is_guardian": 0, "is_teenager_list": 0, "pc_new": 0, "special_follow": false, "planet_video": 2, "video_mark": 2, "live_status": 0, "user_ability_extend": 0, "video_cover": {"mid": 4832871481609846}, "status_total_counter": {"total_cnt": 11413, "repost_cnt": 399, "comment_cnt": 3939, "like_cnt": 5029, "comment_like_cnt": 2046}, "video_total_counter": {"play_cnt": 26132}, "brand_account": 0, "hongbaofei": 0, "tab_manage": "[0, 0]", "reward_status": 0, "green_mode": 0, "urisk": 524288, "unfollowing_recom_switch": 1, "avatar_type": 0}, "annotations": [{"photo_sub_type": "0"}, {"ann_ext": "ann_ext:search|t:31|creator_source:bottomsendweibo"}, {"client_mblogid": "fb4eccc4-ff35-4b40-9a98-00b1b0d9568f"}, {"mapi_request": true}], "picStatus": "0:1", "reposts_count": 0, "comments_count": 0, "reprint_cmt_count": 0, "attitudes_count": 0, "pending_approval_count": 0, "isLongText": false, "reward_exhibition_type": 0, "hide_flag": 0, "mlevel": 128, "show_mlevel": 0, "biz_feature": 4294967300, "page_type": 64, "hasActionTypeCard": 0, "darwin_tags": [], "hot_weibo_tags": [], "text_tag_tips": [], "mblogtype": 0, "userType": 0, "mlevelSource": "monitor", "more_info_type": 0, "cardid": "star_658", "number_display_strategy": {"apply_scenario_flag": 3, "display_text_min_number": 1000000, "display_text": "100万+"}, "positive_recom_flag": 0, "content_auth": 0, "gif_ids": "", "is_show_bulletin": 2, "comment_manage_info": {"comment_permission_type": -1, "approval_comment_type": 0, "comment_sort_type": 0, "ai_play_picture_type": 0}, "pic_num": 1, "can_reprint": false, "new_comment_style": 0}, "reply_comment": {"created_at": "Tue Jun 14 01:36:13 +0800 2022", "id": 4780073410626942, "rootid": 4780073410626942, "rootidstr": "4780073410626942", "floor_number": 45, "text": "这个国家怎么了 为什么不能把坏人 与坏人同流合污之人绳之于法", "disable_reply": 0, "restrictOperate": 0, "user": {"id": 6068847118, "idstr": "6068847118", "class": 1, "screen_name": "珊珊等于酒", "name": "珊珊等于酒", "province": "44", "city": "3", "location": "广东 深圳", "description": "", "url": "", "profile_image_url": "https://tvax4.sinaimg.cn/crop.1.0.1078.1078.50/006CIgmWly8h35mfmx27mj30u00ty78m.jpg?KID=imgbed,tva&Expires=1674109967&ssig=MsETZIaWva", "light_ring": false, "cover_image_phone": "https://ww1.sinaimg.cn/crop.0.0.640.640.640/9d44112bjw1f1xl1c10tuj20hs0hs0tw.jpg", "profile_url": "u/6068847118", "domain": "", "weihao": "", "gender": "f", "followers_count": 173, "followers_count_str": "173", "friends_count": 774, "pagefriends_count": 46, "statuses_count": 1272, "video_status_count": 4, "video_play_count": 0, "super_topic_not_syn_count": 0, "favourites_count": 5, "created_at": "Mon Nov 14 18:55:53 +0800 2016", "following": false, "allow_all_act_msg": false, "geo_enabled": true, "verified": false, "verified_type": -1, "remark": "", "insecurity": {"sexual_content": false}, "ptype": 0, "allow_all_comment": false, "avatar_large": "https://tvax4.sinaimg.cn/crop.1.0.1078.1078.180/006CIgmWly8h35mfmx27mj30u00ty78m.jpg?KID=imgbed,tva&Expires=1674109967&ssig=A%2F0FcTQttv", "avatar_hd": "https://tvax4.sinaimg.cn/crop.1.0.1078.1078.1024/006CIgmWly8h35mfmx27mj30u00ty78m.jpg?KID=imgbed,tva&Expires=1674109967&ssig=ig%2Bp%2FhuwA4", "verified_reason": "", "verified_trade": "", "verified_reason_url": "", "verified_source": "", "verified_source_url": "", "follow_me": false, "like": false, "like_me": false, "online_status": 0, "bi_followers_count": 71, "lang": "zh-cn", "star": 0, "mbtype": 2, "mbrank": 6, "svip": 0, "mb_expire_time": 1660060799, "block_word": 0, "block_app": 0, "chaohua_ability": 0, "brand_ability": 0, "nft_ability": 0, "vplus_ability": 0, "wenda_ability": 0, "live_ability": 0, "gongyi_ability": 0, "paycolumn_ability": 0, "newbrand_ability": 0, "ecommerce_ability": 0, "hardfan_ability": 0, "wbcolumn_ability": 0, "credit_score": 80, "user_ability": 2097152, "avatargj_id": "gj_vip_280", "urank": 30, "story_read_state": -1, "vclub_member": 0, "is_teenager": 0, "is_guardian": 0, "is_teenager_list": 0, "pc_new": 0, "special_follow": false, "planet_video": 0, "video_mark": 12, "live_status": 0, "user_ability_extend": 0, "status_total_counter": {"total_cnt": 3365, "repost_cnt": 47, "comment_cnt": 901, "like_cnt": 2417, "comment_like_cnt": 0}, "video_total_counter": {"play_cnt": 39}, "brand_account": 0, "hongbaofei": 0, "tab_manage": "[0, 0]", "reward_status": 0, "green_mode": 0, "urisk": 0, "unfollowing_recom_switch": 1, "avatar_type": 0}, "mid": "4780073410626942", "idstr": "4780073410626942", "match_ai_play_picture": false}, "reply_original_text": "我们国家，不允许坏人存在，谁说有坏人就先处理谁", "readtimetype": "comment", "match_ai_play_picture": false}