{"created_at": "Tue Jun 14 08:27:05 +0800 2022", "id": 4780176808872425, "rootid": 4780085871903651, "rootidstr": "4780085871903651", "floor_number": 0, "text": "回复@lizhiweihaoyun:不发微博我问随便查 可以赚中介费", "disable_reply": 0, "restrictOperate": 0, "source_allowclick": 0, "source_type": 4, "source": "<a href=\"\" rel=\"nofollow\">来自上海</a>", "user": {"id": 5055256902, "idstr": "5055256902", "class": 1, "screen_name": "阿基米德阿成子", "name": "阿基米德阿成子", "province": "100", "city": "1000", "location": "其他", "description": "", "url": "", "profile_image_url": "https://tvax1.sinaimg.cn/crop.0.0.884.884.50/005w7lfEly8gllgrsmi33j30ok0oktal.jpg?KID=imgbed,tva&Expires=1674109925&ssig=gU2VsHi3KD", "light_ring": false, "cover_image_phone": "https://ww1.sinaimg.cn/crop.0.0.640.640.640/9d44112bjw1f1xl1c10tuj20hs0hs0tw.jpg", "profile_url": "u/5055256902", "domain": "", "weihao": "", "gender": "m", "followers_count": 51, "followers_count_str": "51", "friends_count": 22, "pagefriends_count": 9, "statuses_count": 87, "video_status_count": 10, "video_play_count": 0, "super_topic_not_syn_count": 0, "favourites_count": 0, "created_at": "Mon Mar 03 00:05:07 +0800 2014", "following": false, "allow_all_act_msg": false, "geo_enabled": true, "verified": false, "verified_type": -1, "remark": "", "insecurity": {"sexual_content": false}, "ptype": 0, "allow_all_comment": false, "avatar_large": "https://tvax1.sinaimg.cn/crop.0.0.884.884.180/005w7lfEly8gllgrsmi33j30ok0oktal.jpg?KID=imgbed,tva&Expires=1674109925&ssig=yc5albTB81", "avatar_hd": "https://tvax1.sinaimg.cn/crop.0.0.884.884.1024/005w7lfEly8gllgrsmi33j30ok0oktal.jpg?KID=imgbed,tva&Expires=1674109925&ssig=qvR0PxSfco", "verified_reason": "", "verified_trade": "", "verified_reason_url": "", "verified_source": "", "verified_source_url": "", "follow_me": false, "like": false, "like_me": false, "online_status": 0, "bi_followers_count": 0, "lang": "zh-cn", "star": 0, "mbtype": 2, "mbrank": 2, "svip": 0, "mb_expire_time": 1596988799, "block_word": 0, "block_app": 0, "chaohua_ability": 0, "brand_ability": 0, "nft_ability": 0, "vplus_ability": 0, "wenda_ability": 0, "live_ability": 0, "gongyi_ability": 0, "paycolumn_ability": 0, "newbrand_ability": 0, "ecommerce_ability": 0, "hardfan_ability": 0, "wbcolumn_ability": 0, "credit_score": 60, "user_ability": -2145124320, "cardid": "star_1230", "urank": 1, "story_read_state": -1, "vclub_member": 0, "is_teenager": 0, "is_guardian": 0, "is_teenager_list": 0, "pc_new": 7, "special_follow": false, "planet_video": 2, "video_mark": 15, "live_status": 0, "user_ability_extend": 0, "status_total_counter": {"total_cnt": 19, "repost_cnt": 1, "comment_cnt": 12, "like_cnt": 6, "comment_like_cnt": 0}, "video_total_counter": {"play_cnt": 1194}, "brand_account": 0, "hongbaofei": 0, "tab_manage": "[0, 0]", "reward_status": 0, "green_mode": 0, "urisk": 0, "unfollowing_recom_switch": 1, "avatar_type": 0}, "mid": "4780176808872425", "idstr": "4780176808872425", "status": {"visible": {"type": 0, "list_id": 0}, "created_at": "Mon Jun 13 22:54:20 +0800 2022", "id": 4780032670566047, "idstr": "4780032670566047", "mid": "4780032670566047", "can_edit": false, "version": 2, "show_additional_indication": 0, "text": "#瑜伽馆老板实名举报遭同行5人打进ICU#\n\n大家看看这个！！！\n原博@念心思阳 ​", "textLength": 70, "source_allowclick": 1, "source_type": 1, "source": "<a href=\"http://app.weibo.com/t/feed/13mmrA\" rel=\"nofollow\">OPPO智能手机</a>", "favorited": false, "truncated": false, "in_reply_to_status_id": "", "in_reply_to_user_id": "", "in_reply_to_screen_name": "", "pic_urls": [{"thumbnail_pic": "http://wx2.sinaimg.cn/thumbnail/0088vVx5gy1h370a4h75mj30k00zktlp.jpg"}], "thumbnail_pic": "http://wx2.sinaimg.cn/thumbnail/0088vVx5gy1h370a4h75mj30k00zktlp.jpg", "bmiddle_pic": "http://wx2.sinaimg.cn/bmiddle/0088vVx5gy1h370a4h75mj30k00zktlp.jpg", "original_pic": "http://wx2.sinaimg.cn/large/0088vVx5gy1h370a4h75mj30k00zktlp.jpg", "geo": null, "is_paid": false, "mblog_vip_type": 0, "user": {"id": 7454882671, "idstr": "7454882671", "class": 1, "screen_name": "·雾栖野苏·", "name": "·雾栖野苏·", "province": "50", "city": "8", "location": "重庆 南岸区", "description": "一起过秋天冬天然后过年吧", "url": "", "profile_image_url": "https://tvax3.sinaimg.cn/crop.0.0.1080.1080.50/0088vVx5ly8gz1917qonrj30u00u00tz.jpg?KID=imgbed,tva&Expires=1674109925&ssig=DBzLYOqi0%2F", "light_ring": false, "cover_image_phone": "https://ww1.sinaimg.cn/crop.0.0.640.640.640/9d44112bjw1f1xl1c10tuj20hs0hs0tw.jpg", "profile_url": "u/7454882671", "domain": "", "weihao": "", "gender": "f", "followers_count": 206, "followers_count_str": "206", "friends_count": 191, "pagefriends_count": 74, "statuses_count": 2326, "video_status_count": 29, "video_play_count": 0, "super_topic_not_syn_count": 357, "favourites_count": 13, "created_at": "Tue May 12 17:58:43 +0800 2020", "following": false, "allow_all_act_msg": false, "geo_enabled": true, "verified": false, "verified_type": -1, "remark": "", "insecurity": {"sexual_content": false}, "ptype": 0, "allow_all_comment": true, "avatar_large": "https://tvax3.sinaimg.cn/crop.0.0.1080.1080.180/0088vVx5ly8gz1917qonrj30u00u00tz.jpg?KID=imgbed,tva&Expires=1674109925&ssig=ELAdfeyyX%2F", "avatar_hd": "https://tvax3.sinaimg.cn/crop.0.0.1080.1080.1024/0088vVx5ly8gz1917qonrj30u00u00tz.jpg?KID=imgbed,tva&Expires=1674109925&ssig=co1zjMTmk1", "verified_reason": "", "verified_trade": "", "verified_reason_url": "", "verified_source": "", "verified_source_url": "", "follow_me": false, "like": false, "like_me": false, "online_status": 0, "bi_followers_count": 33, "lang": "zh-cn", "star": 0, "mbtype": 2, "mbrank": 1, "svip": 0, "mb_expire_time": 1634918399, "block_word": 0, "block_app": 0, "chaohua_ability": 0, "brand_ability": 0, "nft_ability": 0, "vplus_ability": 0, "wenda_ability": 0, "live_ability": 0, "gongyi_ability": 0, "paycolumn_ability": 0, "newbrand_ability": 0, "ecommerce_ability": 0, "hardfan_ability": 0, "wbcolumn_ability": 0, "credit_score": 80, "user_ability": 2359296, "cardid": "star_658", "avatargj_id": "gj_vip_5506", "urank": 0, "story_read_state": -1, "vclub_member": 0, "is_teenager": 0, "is_guardian": 0, "is_teenager_list": 0, "pc_new": 0, "special_follow": false, "planet_video": 2, "video_mark": 2, "live_status": 0, "user_ability_extend": 0, "video_cover": {"mid": 4832871481609846}, "status_total_counter": {"total_cnt": 11413, "repost_cnt": 399, "comment_cnt": 3939, "like_cnt": 5029, "comment_like_cnt": 2046}, "video_total_counter": {"play_cnt": 26132}, "brand_account": 0, "hongbaofei": 0, "tab_manage": "[0, 0]", "reward_status": 0, "green_mode": 0, "urisk": 524288, "unfollowing_recom_switch": 1, "avatar_type": 0}, "annotations": [{"photo_sub_type": "0"}, {"ann_ext": "ann_ext:search|t:31|creator_source:bottomsendweibo"}, {"client_mblogid": "fb4eccc4-ff35-4b40-9a98-00b1b0d9568f"}, {"mapi_request": true}], "picStatus": "0:1", "reposts_count": 0, "comments_count": 0, "reprint_cmt_count": 0, "attitudes_count": 0, "pending_approval_count": 0, "isLongText": false, "reward_exhibition_type": 0, "hide_flag": 0, "mlevel": 128, "show_mlevel": 0, "biz_feature": 4294967300, "page_type": 64, "hasActionTypeCard": 0, "darwin_tags": [], "hot_weibo_tags": [], "text_tag_tips": [], "mblogtype": 0, "userType": 0, "mlevelSource": "monitor", "more_info_type": 0, "cardid": "star_658", "number_display_strategy": {"apply_scenario_flag": 3, "display_text_min_number": 1000000, "display_text": "100万+"}, "positive_recom_flag": 0, "content_auth": 0, "gif_ids": "", "is_show_bulletin": 2, "comment_manage_info": {"comment_permission_type": -1, "approval_comment_type": 0, "comment_sort_type": 0, "ai_play_picture_type": 0}, "pic_num": 1, "can_reprint": false, "new_comment_style": 0}, "reply_comment": {"created_at": "Tue Jun 14 07:36:09 +0800 2022", "id": 4780163991079461, "rootid": 4780085871903651, "rootidstr": "4780085871903651", "floor_number": 0, "text": "回复@红花油又双叒叕在干饭:这么牛逼，不发微博他们就不查了", "disable_reply": 0, "restrictOperate": 0, "user": {"id": 2542469325, "idstr": "2542469325", "class": 1, "screen_name": "lizhiweihaoyun", "name": "lizhiweihaoyun", "province": "13", "city": "1", "location": "河北 石家庄", "description": "", "url": "", "profile_image_url": "https://tvax1.sinaimg.cn/crop.0.0.1002.1002.50/978b00cdly8g7qpsr4vtyj20ru0ru0u9.jpg?KID=imgbed,tva&Expires=1674109925&ssig=1ujeUI0pb2", "light_ring": false, "cover_image_phone": "https://ww1.sinaimg.cn/crop.0.0.640.640.640/549d0121tw1egm1kjly3jj20hs0hsq4f.jpg", "profile_url": "u/2542469325", "domain": "", "weihao": "", "gender": "m", "followers_count": 18, "followers_count_str": "18", "friends_count": 373, "pagefriends_count": 7, "statuses_count": 42, "video_status_count": 0, "video_play_count": 0, "super_topic_not_syn_count": 0, "favourites_count": 5, "created_at": "Sat Mar 24 10:18:33 +0800 2012", "following": false, "allow_all_act_msg": false, "geo_enabled": true, "verified": false, "verified_type": -1, "remark": "", "insecurity": {"sexual_content": false}, "ptype": 0, "allow_all_comment": true, "avatar_large": "https://tvax1.sinaimg.cn/crop.0.0.1002.1002.180/978b00cdly8g7qpsr4vtyj20ru0ru0u9.jpg?KID=imgbed,tva&Expires=1674109925&ssig=OO0wdgRqf7", "avatar_hd": "https://tvax1.sinaimg.cn/crop.0.0.1002.1002.1024/978b00cdly8g7qpsr4vtyj20ru0ru0u9.jpg?KID=imgbed,tva&Expires=1674109925&ssig=I3A9imdqwC", "verified_reason": "", "verified_trade": "", "verified_reason_url": "", "verified_source": "", "verified_source_url": "", "follow_me": false, "like": false, "like_me": false, "online_status": 0, "bi_followers_count": 3, "lang": "zh-cn", "star": 0, "mbtype": 0, "mbrank": 0, "svip": 0, "mb_expire_time": 0, "block_word": 0, "block_app": 0, "chaohua_ability": 0, "brand_ability": 0, "nft_ability": 0, "vplus_ability": 0, "wenda_ability": 0, "live_ability": 0, "gongyi_ability": 0, "paycolumn_ability": 0, "newbrand_ability": 0, "ecommerce_ability": 0, "hardfan_ability": 0, "wbcolumn_ability": 0, "credit_score": 80, "user_ability": 2097152, "urank": 6, "story_read_state": -1, "vclub_member": 0, "is_teenager": 0, "is_guardian": 0, "is_teenager_list": 0, "pc_new": 0, "special_follow": false, "planet_video": 0, "video_mark": 0, "live_status": 0, "user_ability_extend": 0, "status_total_counter": {"total_cnt": 24, "repost_cnt": 8, "comment_cnt": 6, "like_cnt": 10, "comment_like_cnt": 0}, "video_total_counter": {"play_cnt": -1}, "brand_account": 0, "hongbaofei": 0, "tab_manage": "[0, 0]", "reward_status": 0, "green_mode": 0, "urisk": 17179869184, "unfollowing_recom_switch": 1, "avatar_type": 0}, "mid": "4780163991079461", "idstr": "4780163991079461", "match_ai_play_picture": false}, "reply_original_text": "不发微博我问随便查 可以赚中介费", "readtimetype": "comment", "match_ai_play_picture": false}