{"mid": "1913382117", "uid": "Mkr8gtsD2", "name": "深圳晚报", "time": "2022-12-20 11:07:00", "local": "", "iphone": "新版微博 weibo.com", "context": "#国考重启#【国考笔试下月举行考试地点可以重选】根据最新公告，中央机关及其直属机构2023年度考试录用公务员笔试定于2023年1月7日、8日举行。。。公共科目笔试时间定于2023年1月8日，9时至11时进行行政职业能力测验，14时至17时进行申论；专业科目笔试时间定于2023年1月7日，14时至16时进行8个非通用语职位外语水平测试，中国银保监会及其派出机构职位、中国证监会及其派出机构职位以及公安机关人民警察职位专业科目笔试。。。需要注意的是，考生可以重新选择（确认）考试地点，已完成报名确认并缴费的报考者应于2022年12月19日0时至12月21日24时，登录“中央机关及其直属机构2023年度考试录用公务员专题网站（网页链接）”，进入“考生考务入口”栏目，对考试地点进行重新选择（确认），放弃参加本次笔试的，可于2022年12月19日0时至12月21日24时，在线提交退费申请，经审核后退返已缴纳的考试费用。未在规定时间内对考试地点进行重新选择（确认）或者提交退费申请的，视为在初始选择的考试地点参加考试。报考者可于2023年1月3日0时至1月8日15时，登录“中央机关及其直属机构2023年度考试录用公务员专题网站”打印准考证。。。笔试成绩将于2023年3月上中旬公布。（深圳晚报记者许娇蛟）#国考考点今日起重新选择确认##国考考点##2013国考1月7日8日举行##国考时间确定#", "comment_num": "0", "like_num": "15", "user": {"focus": "1631", "fans": "775.1万", "tweet": "10万"}}