{"created_at": "Thu Sep 01 12:34:09 +0800 2022", "id": 4808867625570603, "rootid": 4808867625570603, "rootidstr": "4808867625570603", "floor_number": 21, "text": "还是个老年舞厅[笑cry]", "disable_reply": 0, "restrictOperate": 0, "source_allowclick": 0, "source_type": 4, "source": "<a href=\"\" rel=\"nofollow\">来自广东</a>", "user": {"id": 7503270356, "idstr": "7503270356", "class": 1, "screen_name": "伊兹密尔的喵呜", "name": "伊兹密尔的喵呜", "province": "44", "city": "1000", "location": "广东", "description": "", "url": "", "profile_image_url": "https://tvax1.sinaimg.cn/default/images/default_avatar_male_50.gif?KID=imgbed,tva&Expires=1669918410&ssig=YU3zmmv3xL", "light_ring": false, "cover_image_phone": "http://ww1.sinaimg.cn/crop.0.0.640.640.640/549d0121tw1egm1kjly3jj20hs0hsq4f.jpg", "profile_url": "u/7503270356", "domain": "", "weihao": "", "gender": "m", "followers_count": 25, "followers_count_str": "25", "friends_count": 210, "pagefriends_count": 2, "statuses_count": 708, "video_status_count": 1, "video_play_count": 0, "super_topic_not_syn_count": 0, "favourites_count": 29, "created_at": "Sun Sep 13 19:10:57 +0800 2020", "following": false, "allow_all_act_msg": false, "geo_enabled": true, "verified": false, "verified_type": -1, "remark": "", "insecurity": {"sexual_content": false}, "ptype": 0, "allow_all_comment": true, "avatar_large": "https://tvax1.sinaimg.cn/default/images/default_avatar_male_180.gif?KID=imgbed,tva&Expires=1669918410&ssig=j4XiVmmYh9", "avatar_hd": "https://tvax1.sinaimg.cn/default/images/default_avatar_male_180.gif?KID=imgbed,tva&Expires=1669918410&ssig=j4XiVmmYh9", "verified_reason": "", "verified_trade": "", "verified_reason_url": "", "verified_source": "", "verified_source_url": "", "follow_me": false, "like": false, "like_me": false, "online_status": 0, "bi_followers_count": 0, "lang": "zh-cn", "star": 0, "mbtype": 2, "mbrank": 1, "svip": 0, "mb_expire_time": 1664380799, "block_word": 0, "block_app": 0, "chaohua_ability": 0, "brand_ability": 0, "nft_ability": 0, "vplus_ability": 0, "wenda_ability": 0, "live_ability": 0, "gongyi_ability": 0, "paycolumn_ability": 0, "newbrand_ability": 0, "ecommerce_ability": 0, "hardfan_ability": 0, "credit_score": 80, "user_ability": 2359296, "urank": 0, "story_read_state": -1, "vclub_member": 0, "is_teenager": 0, "is_guardian": 0, "is_teenager_list": 0, "pc_new": 6, "special_follow": false, "planet_video": 2, "video_mark": 0, "live_status": 0, "user_ability_extend": 0, "status_total_counter": {"total_cnt": 70, "repost_cnt": 13, "comment_cnt": 23, "like_cnt": 32, "comment_like_cnt": 2}, "video_total_counter": {"play_cnt": 553}, "brand_account": 0, "hongbaofei": 0, "tab_manage": "[0, 0]", "reward_status": 0, "green_mode": 0, "urisk": 17179869184, "avatar_type": 0}, "mid": "4808867625570603", "idstr": "4808867625570603", "status": {"visible": {"type": 0, "list_id": 0}, "created_at": "Thu Sep 01 11:36:47 +0800 2022", "id": 4808853188778036, "idstr": "4808853188778036", "mid": "4808853188778036", "can_edit": false, "version": 5, "show_additional_indication": 0, "text": "#深圳福田区华星舞蹈艺术中心被立案调查# 还以为是教学生跳舞的地方，想不到是野歌舞厅……~[允悲] http://t.cn/A6SCH0IT ​", "textLength": 113, "source_allowclick": 1, "source_type": 2, "source": "<a href=\"http://weibo.com/\" rel=\"nofollow\">奶妈的Android</a>", "favorited": false, "truncated": false, "in_reply_to_status_id": "", "in_reply_to_user_id": "", "in_reply_to_screen_name": "", "pic_urls": [], "geo": null, "is_paid": false, "mblog_vip_type": 0, "user": {"id": 1609962335, "idstr": "1609962335", "class": 1, "screen_name": "曦阳思慕", "name": "曦阳思慕", "province": "31", "city": "1", "location": "上海 黄浦区", "description": "擅长说段子，炒股是副业。以上是段子......", "url": "http://blog.sina.com.cn/xiyangsimu", "profile_image_url": "https://tvax4.sinaimg.cn/crop.0.0.183.183.50/5ff6135fly8h6inqe1qmdj2053053dfs.jpg?KID=imgbed,tva&Expires=1669918410&ssig=sW8Tda45L6", "light_ring": false, "cover_image_phone": "http://wx1.sinaimg.cn/crop.0.0.640.640.640/5ff6135fgy1fpnqqw4mtcj20v90v945n.jpg;http://ww1.sinaimg.cn/crop.0.0.640.640.640/549d0121tw1egm1kjly3jj20hs0hsq4f.jpg", "profile_url": "277226388", "domain": "xiyangsimu", "weihao": "277226388", "gender": "m", "followers_count": 1259101, "followers_count_str": "125.9万", "friends_count": 181, "pagefriends_count": 5, "statuses_count": 35400, "video_status_count": 738, "video_play_count": 0, "super_topic_not_syn_count": 0, "favourites_count": 1462, "created_at": "Sun Oct 10 21:27:42 +0800 2010", "following": false, "allow_all_act_msg": false, "geo_enabled": true, "verified": true, "verified_type": 0, "remark": "", "insecurity": {"sexual_content": false}, "ptype": 0, "allow_all_comment": false, "avatar_large": "https://tvax4.sinaimg.cn/crop.0.0.183.183.180/5ff6135fly8h6inqe1qmdj2053053dfs.jpg?KID=imgbed,tva&Expires=1669918410&ssig=vfLMTZFaw%2F", "avatar_hd": "https://tvax4.sinaimg.cn/crop.0.0.183.183.1024/5ff6135fly8h6inqe1qmdj2053053dfs.jpg?KID=imgbed,tva&Expires=1669918410&ssig=Ma%2FJvo1Rk7", "verified_reason": "职业投资人 知名财经博主", "verified_trade": "943", "verified_reason_url": "", "verified_source": "", "verified_source_url": "", "verified_state": 0, "verified_level": 3, "verified_type_ext": 1, "has_service_tel": false, "verified_reason_modified": "", "verified_contact_name": "", "verified_contact_email": "", "verified_contact_mobile": "", "follow_me": false, "like": false, "like_me": false, "online_status": 0, "bi_followers_count": 102, "lang": "zh-cn", "star": 0, "mbtype": 12, "mbrank": 8, "svip": 1, "mb_expire_time": 1699286400, "block_word": 1, "block_app": 1, "chaohua_ability": 0, "brand_ability": 0, "nft_ability": 11, "vplus_ability": 3, "wenda_ability": 5, "live_ability": 0, "gongyi_ability": 0, "paycolumn_ability": 1, "newbrand_ability": 0, "ecommerce_ability": 0, "hardfan_ability": 1, "ability_tags": "股票分析,A股,投资,基金,理财师", "credit_score": 80, "user_ability": -2136593860, "cardid": "star_1489", "urank": 48, "story_read_state": -1, "verified_detail": {"custom": 1, "data": [{"key": 1, "sub_key": 0, "weight": 11, "desc": "职业投资人"}, {"key": 2, "sub_key": 0, "weight": 101, "desc": "知名财经博主"}]}, "vclub_member": 0, "is_teenager": 0, "is_guardian": 0, "is_teenager_list": 0, "pc_new": 6, "special_follow": false, "planet_video": 2, "video_mark": 15, "live_status": 0, "user_ability_extend": 0, "status_total_counter": {"total_cnt": 10756100, "repost_cnt": 265374, "comment_cnt": 1504574, "like_cnt": 7970820, "comment_like_cnt": 1015332}, "video_total_counter": {"play_cnt": 44606228}, "brand_account": 0, "hongbaofei": 0, "tab_manage": "[0, 0]", "reward_status": 0, "green_mode": 0, "urisk": 34896609280, "avatar_type": 0}, "annotations": [{}, {"ann_ext": "ann_ext:search|t:31|creator_source:bottomsendweibo|super_exparams=>{\"system_pic_only\":0}"}, {"client_mblogid": "d29dc393-01c3-47e5-bdb4-8436d066dc49"}, {"mapi_request": true}], "reposts_count": 0, "comments_count": 0, "reprint_cmt_count": 0, "attitudes_count": 0, "pending_approval_count": 0, "isLongText": false, "reward_exhibition_type": 0, "hide_flag": 0, "mlevel": 128, "show_mlevel": 0, "biz_ids": [230444], "biz_feature": 4294967304, "page_type": 64, "hasActionTypeCard": 0, "darwin_tags": [], "hot_weibo_tags": [], "text_tag_tips": [], "mblogtype": 0, "userType": 0, "mlevelSource": "monitor", "more_info_type": 0, "cardid": "star_1576", "number_display_strategy": {"apply_scenario_flag": 3, "display_text_min_number": 1000000, "display_text": "100万+"}, "positive_recom_flag": 0, "content_auth": 0, "gif_ids": "", "is_show_bulletin": 2, "comment_manage_info": {"comment_permission_type": -1, "approval_comment_type": 0, "comment_sort_type": 0, "ai_play_picture_type": 0}, "pic_num": 0, "fid": 4808853014183955, "can_reprint": false, "new_comment_style": 0}, "readtimetype": "comment", "match_ai_play_picture": false}