{"created_at": "Fri Sep 16 17:46:01 +0800 2022", "id": 4814381928154977, "rootid": 4814381437421515, "rootidstr": "4814381437421515", "floor_number": 0, "text": "回复@你今天想到我了吗:是怎么回事", "disable_reply": 0, "restrictOperate": 0, "source_allowclick": 0, "source_type": 4, "source": "<a href=\"\" rel=\"nofollow\">来自广东</a>", "user": {"id": 2502027674, "idstr": "2502027674", "class": 1, "screen_name": "少年zt的烦恼", "name": "少年zt的烦恼", "province": "44", "city": "51", "location": "广东 潮州", "description": "高实111140   高级18-13=5", "url": "", "profile_image_url": "https://tva3.sinaimg.cn/crop.0.0.664.664.50/9521e99ajw8f5ta2wxilcj20ig0igtad.jpg?KID=imgbed,tva&Expires=1669837702&ssig=cdtmbS9n58", "light_ring": false, "cover_image_phone": "http://ww1.sinaimg.cn/crop.0.0.640.640.640/549d0121tw1egm1kjly3jj20hs0hsq4f.jpg", "profile_url": "u/2502027674", "domain": "", "weihao": "", "gender": "m", "followers_count": 152, "followers_count_str": "152", "friends_count": 250, "pagefriends_count": 1, "statuses_count": 304, "video_status_count": 5, "video_play_count": 0, "super_topic_not_syn_count": 0, "favourites_count": 108, "created_at": "Sat Oct 29 20:10:00 +0800 2011", "following": false, "allow_all_act_msg": false, "geo_enabled": true, "verified": false, "verified_type": -1, "remark": "", "insecurity": {"sexual_content": false}, "ptype": 0, "allow_all_comment": true, "avatar_large": "https://tva3.sinaimg.cn/crop.0.0.664.664.180/9521e99ajw8f5ta2wxilcj20ig0igtad.jpg?KID=imgbed,tva&Expires=1669837702&ssig=9n4ZSMun8Q", "avatar_hd": "https://tva3.sinaimg.cn/crop.0.0.664.664.1024/9521e99ajw8f5ta2wxilcj20ig0igtad.jpg?KID=imgbed,tva&Expires=1669837702&ssig=2BZlnc2%2B4d", "verified_reason": "", "verified_trade": "", "verified_reason_url": "", "verified_source": "", "verified_source_url": "", "follow_me": false, "like": false, "like_me": false, "online_status": 0, "bi_followers_count": 125, "lang": "zh-cn", "star": 0, "mbtype": 2, "mbrank": 1, "svip": 0, "mb_expire_time": 0, "block_word": 0, "block_app": 0, "chaohua_ability": 0, "brand_ability": 0, "nft_ability": 0, "vplus_ability": 0, "wenda_ability": 0, "live_ability": 0, "gongyi_ability": 0, "paycolumn_ability": 0, "newbrand_ability": 0, "ecommerce_ability": 0, "hardfan_ability": 0, "credit_score": 80, "user_ability": 2360320, "urank": 27, "story_read_state": -1, "vclub_member": 0, "is_teenager": 0, "is_guardian": 0, "is_teenager_list": 0, "pc_new": 7, "special_follow": false, "planet_video": 0, "video_mark": 0, "live_status": 0, "user_ability_extend": 0, "status_total_counter": {"total_cnt": 176, "repost_cnt": 15, "comment_cnt": 54, "like_cnt": 107, "comment_like_cnt": 0}, "video_total_counter": {"play_cnt": 56}, "brand_account": 0, "hongbaofei": 0, "tab_manage": "[0, 0]", "reward_status": 0, "green_mode": 0, "urisk": 8589934592, "avatar_type": 0}, "mid": "4814381928154977", "idstr": "4814381928154977", "status": {"visible": {"type": 0, "list_id": 0}, "created_at": "Fri Sep 16 17:32:19 +0800 2022", "id": 4814378479649966, "idstr": "4814378479649966", "mid": "4814378479649966", "can_edit": false, "version": 2, "show_additional_indication": 0, "text": "咱就是说，人性的险恶永远不知道有多深！\n刚群里传出来，联邦楼下有人被杀害，还分尸了！\n朋友说看到砍人视频，第一次看到吐！\n这世道！还能安心外出不\n前有疫情阻拦，后有安全隐患！\n[泪] ​", "textLength": 175, "source_allowclick": 0, "source_type": 2, "source": "<a href=\"http://weibo.com/\" rel=\"nofollow\">iPhone客户端</a>", "favorited": false, "truncated": false, "in_reply_to_status_id": "", "in_reply_to_user_id": "", "in_reply_to_screen_name": "", "pic_urls": [{"thumbnail_pic": "http://wx3.sinaimg.cn/thumbnail/005vIkrvgy1h68kt24wdsj30zg1bawi2.jpg"}], "thumbnail_pic": "http://wx3.sinaimg.cn/thumbnail/005vIkrvgy1h68kt24wdsj30zg1bawi2.jpg", "bmiddle_pic": "http://wx3.sinaimg.cn/bmiddle/005vIkrvgy1h68kt24wdsj30zg1bawi2.jpg", "original_pic": "http://wx3.sinaimg.cn/large/005vIkrvgy1h68kt24wdsj30zg1bawi2.jpg", "geo": null, "is_paid": false, "mblog_vip_type": 0, "user": {"id": 5049295593, "idstr": "5049295593", "class": 1, "screen_name": "bd-大夢", "name": "bd-大夢", "province": "51", "city": "1", "location": "四川 成都", "description": "做一个快乐的梦", "url": "", "profile_image_url": "https://tvax3.sinaimg.cn/crop.0.0.1080.1080.50/005vIkrvly8h67pavw73mj30u00u0juu.jpg?KID=imgbed,tva&Expires=1669837702&ssig=kuAMUbyg9i", "light_ring": false, "cover_image_phone": "http://ww1.sinaimg.cn/crop.0.0.640.640.640/549d0121tw1egm1kjly3jj20hs0hsq4f.jpg", "profile_url": "u/5049295593", "domain": "", "weihao": "", "gender": "f", "followers_count": 106, "followers_count_str": "106", "friends_count": 104, "pagefriends_count": 13, "statuses_count": 70, "video_status_count": 3, "video_play_count": 0, "super_topic_not_syn_count": 0, "favourites_count": 1, "created_at": "Mon Feb 24 21:22:35 +0800 2014", "following": false, "allow_all_act_msg": false, "geo_enabled": true, "verified": false, "verified_type": -1, "remark": "", "insecurity": {"sexual_content": false}, "ptype": 0, "allow_all_comment": true, "avatar_large": "https://tvax3.sinaimg.cn/crop.0.0.1080.1080.180/005vIkrvly8h67pavw73mj30u00u0juu.jpg?KID=imgbed,tva&Expires=1669837702&ssig=b%2B8vBQZPqm", "avatar_hd": "https://tvax3.sinaimg.cn/crop.0.0.1080.1080.1024/005vIkrvly8h67pavw73mj30u00u0juu.jpg?KID=imgbed,tva&Expires=1669837702&ssig=6imisncHE5", "verified_reason": "", "verified_trade": "", "verified_reason_url": "", "verified_source": "", "verified_source_url": "", "follow_me": false, "like": false, "like_me": false, "online_status": 0, "bi_followers_count": 13, "lang": "zh-cn", "star": 0, "mbtype": 0, "mbrank": 0, "svip": 0, "mb_expire_time": 0, "block_word": 0, "block_app": 0, "chaohua_ability": 0, "brand_ability": 0, "nft_ability": 0, "vplus_ability": 0, "wenda_ability": 0, "live_ability": 0, "gongyi_ability": 0, "paycolumn_ability": 0, "newbrand_ability": 0, "ecommerce_ability": 0, "hardfan_ability": 0, "credit_score": 80, "user_ability": 2359296, "cardid": "star_084", "avatargj_id": "gj_vip_069", "urank": 9, "story_read_state": -1, "vclub_member": 0, "is_teenager": 0, "is_guardian": 0, "is_teenager_list": 0, "pc_new": 0, "special_follow": false, "planet_video": 2, "video_mark": 2, "live_status": 0, "user_ability_extend": 0, "status_total_counter": {"total_cnt": 331, "repost_cnt": 1, "comment_cnt": 158, "like_cnt": 132, "comment_like_cnt": 40}, "video_total_counter": {"play_cnt": 534}, "brand_account": 0, "hongbaofei": 0, "tab_manage": "[0, 0]", "reward_status": 0, "green_mode": 0, "urisk": 0, "avatar_type": 0}, "annotations": [{"photo_sub_type": "0"}, {}, {"client_mblogid": "iPhone-5ED5F131-DE6E-412F-BF7B-42201BE5A7B2"}, {"mapi_request": true}], "picStatus": "0:1", "reposts_count": 0, "comments_count": 0, "reprint_cmt_count": 0, "attitudes_count": 0, "pending_approval_count": 0, "isLongText": false, "reward_exhibition_type": 0, "hide_flag": 0, "mlevel": 128, "show_mlevel": 0, "biz_feature": 4294967300, "hasActionTypeCard": 0, "darwin_tags": [], "hot_weibo_tags": [], "text_tag_tips": [], "mblogtype": 0, "userType": 0, "mlevelSource": "monitor", "more_info_type": 0, "number_display_strategy": {"apply_scenario_flag": 3, "display_text_min_number": 1000000, "display_text": "100万+"}, "positive_recom_flag": 0, "content_auth": 0, "gif_ids": "", "is_show_bulletin": 2, "comment_manage_info": {"comment_permission_type": -1, "approval_comment_type": 0, "comment_sort_type": 0, "ai_play_picture_type": 0}, "pic_num": 1, "can_reprint": false, "new_comment_style": 0}, "reply_comment": {"created_at": "Fri Sep 16 17:44:04 +0800 2022", "id": 4814381437421515, "rootid": 4814381437421515, "rootidstr": "4814381437421515", "floor_number": 3, "text": "辟谣了", "disable_reply": 0, "restrictOperate": 0, "user": {"id": 1784759143, "idstr": "1784759143", "class": 1, "screen_name": "你今天想到我了吗", "name": "你今天想到我了吗", "province": "100", "city": "1000", "location": "其他", "description": "", "url": "", "profile_image_url": "https://tvax2.sinaimg.cn/crop.0.0.828.828.50/6a614367ly8gvvwoowtovj20n00n0gmo.jpg?KID=imgbed,tva&Expires=1669837702&ssig=a32B7izaQy", "light_ring": false, "cover_image": "http://ww1.sinaimg.cn/crop.0.0.920.300/6a614367gw1erzg0jxvs4j20pk08c753.jpg", "cover_image_phone": "http://wx1.sinaimg.cn/crop.0.0.640.640.640/6a614367ly1g3zulfpye9j20e80e8aap.jpg", "profile_url": "luguibei", "domain": "luguibei", "weihao": "", "gender": "m", "followers_count": 1991, "followers_count_str": "1991", "friends_count": 228, "pagefriends_count": 0, "statuses_count": 182, "video_status_count": 10, "video_play_count": 0, "super_topic_not_syn_count": 0, "favourites_count": 0, "created_at": "Mon Jul 26 21:03:48 +0800 2010", "following": false, "allow_all_act_msg": false, "geo_enabled": true, "verified": false, "verified_type": -1, "remark": "", "insecurity": {"sexual_content": false}, "ptype": 0, "allow_all_comment": true, "avatar_large": "https://tvax2.sinaimg.cn/crop.0.0.828.828.180/6a614367ly8gvvwoowtovj20n00n0gmo.jpg?KID=imgbed,tva&Expires=1669837702&ssig=mKFp0zIqUe", "avatar_hd": "https://tvax2.sinaimg.cn/crop.0.0.828.828.1024/6a614367ly8gvvwoowtovj20n00n0gmo.jpg?KID=imgbed,tva&Expires=1669837702&ssig=vffrSXKC0U", "verified_reason": "", "verified_trade": "", "verified_reason_url": "", "verified_source": "", "verified_source_url": "", "follow_me": false, "like": false, "like_me": false, "online_status": 0, "bi_followers_count": 185, "lang": "zh-cn", "star": 0, "mbtype": 12, "mbrank": 6, "svip": 0, "mb_expire_time": 1670169600, "block_word": 0, "block_app": 1, "chaohua_ability": 0, "brand_ability": 0, "nft_ability": 0, "vplus_ability": 0, "wenda_ability": 0, "live_ability": 0, "gongyi_ability": 0, "paycolumn_ability": 0, "newbrand_ability": 0, "ecommerce_ability": 0, "hardfan_ability": 0, "credit_score": 80, "user_ability": 3408896, "urank": 30, "story_read_state": -1, "vclub_member": 0, "is_teenager": 0, "is_guardian": 0, "is_teenager_list": 0, "pc_new": 0, "special_follow": false, "planet_video": 2, "video_mark": 2, "live_status": 0, "user_ability_extend": 0, "status_total_counter": {"total_cnt": 4501, "repost_cnt": 21, "comment_cnt": 859, "like_cnt": 2879, "comment_like_cnt": 742}, "video_total_counter": {"play_cnt": 5819}, "brand_account": 0, "hongbaofei": 0, "tab_manage": "[16910990, 0]", "reward_status": 0, "green_mode": 0, "urisk": 0, "avatar_type": 0}, "mid": "4814381437421515", "idstr": "4814381437421515", "match_ai_play_picture": false}, "reply_original_text": "是怎么回事", "readtimetype": "comment", "match_ai_play_picture": false}