{"created_at": "Sat Dec 10 22:15:49 +0800 2022", "id": 4845252793345275, "rootid": 4845244967031382, "rootidstr": "4845244967031382", "floor_number": 0, "text": "回复@Al_Tomoyo:真到吃药的时候，买不到就尴尬了[嘻嘻]", "disable_reply": 0, "restrictOperate": 0, "source_allowclick": 0, "source_type": 4, "source": "<a href=\"\" rel=\"nofollow\">来自江苏</a>", "user": {"id": 6531451598, "idstr": "6531451598", "class": 1, "screen_name": "达悟2266", "name": "达悟2266", "province": "44", "city": "1", "location": "广东 广州", "description": "心理咨询与指导", "url": "", "profile_image_url": "https://tvax2.sinaimg.cn/crop.1.0.1078.1078.50/00781iVwly8h6l5aj56z7j30u00ty7bz.jpg?KID=imgbed,tva&Expires=1671277623&ssig=MiIwkYmX6D", "light_ring": false, "cover_image_phone": "https://ww1.sinaimg.cn/crop.0.0.640.640.640/549d0121tw1egm1kjly3jj20hs0hsq4f.jpg", "profile_url": "u/6531451598", "domain": "", "weihao": "", "gender": "m", "followers_count": 33, "followers_count_str": "33", "friends_count": 46, "pagefriends_count": 22, "statuses_count": 1599, "video_status_count": 0, "video_play_count": 0, "super_topic_not_syn_count": 0, "favourites_count": 3, "created_at": "Sat Apr 21 04:48:25 +0800 2018", "following": false, "allow_all_act_msg": false, "geo_enabled": true, "verified": false, "verified_type": -1, "remark": "", "insecurity": {"sexual_content": false}, "ptype": 0, "allow_all_comment": true, "avatar_large": "https://tvax2.sinaimg.cn/crop.1.0.1078.1078.180/00781iVwly8h6l5aj56z7j30u00ty7bz.jpg?KID=imgbed,tva&Expires=1671277623&ssig=0dIwwOjsxd", "avatar_hd": "https://tvax2.sinaimg.cn/crop.1.0.1078.1078.1024/00781iVwly8h6l5aj56z7j30u00ty7bz.jpg?KID=imgbed,tva&Expires=1671277623&ssig=mQa2aDzHRQ", "verified_reason": "", "verified_trade": "", "verified_reason_url": "", "verified_source": "", "verified_source_url": "", "follow_me": false, "like": false, "like_me": false, "online_status": 0, "bi_followers_count": 1, "lang": "zh-cn", "star": 0, "mbtype": 0, "mbrank": 0, "svip": 0, "mb_expire_time": 0, "block_word": 0, "block_app": 0, "chaohua_ability": 0, "brand_ability": 0, "nft_ability": 0, "vplus_ability": 0, "wenda_ability": 0, "live_ability": 0, "gongyi_ability": 0, "paycolumn_ability": 0, "newbrand_ability": 0, "ecommerce_ability": 0, "hardfan_ability": 0, "credit_score": 80, "user_ability": 2097152, "urank": 4, "story_read_state": -1, "vclub_member": 0, "is_teenager": 0, "is_guardian": 0, "is_teenager_list": 0, "pc_new": 0, "special_follow": false, "planet_video": 0, "video_mark": 0, "live_status": 0, "user_ability_extend": 0, "status_total_counter": {"total_cnt": 4756, "repost_cnt": 107, "comment_cnt": 783, "like_cnt": 2299, "comment_like_cnt": 1567}, "video_total_counter": {"play_cnt": -1}, "brand_account": 0, "hongbaofei": 0, "tab_manage": "[0, 0]", "reward_status": 0, "green_mode": 0, "urisk": 601832292352, "avatar_type": 0}, "mid": "4845252793345275", "idstr": "4845252793345275", "status": {"visible": {"type": 0, "list_id": 0}, "created_at": "Sat Dec 10 21:40:26 +0800 2022", "id": 4845243893547873, "idstr": "4845243893547873", "mid": "4845243893547873", "edit_count": 1, "can_edit": false, "edit_at": "Sat Dec 10 22:04:06 +0800 2022", "version": 4, "show_additional_indication": 0, "text": "我甚至想呼吁：没得病的人不要屯药。现在哪个小区附近没几个药店啊，啥时候需要啥时候下楼去买，几分钟的事。现在好家伙，全民囤药，那必然导致短时间短缺，甚至出现涨价以及搭配别的药打包卖的情况。要是大家都到了需要的时候再去买，应该不至于短缺。有些人囤的药，够得五次新冠吃的了，而那些真正需 ​", "textLength": 372, "source_allowclick": 1, "source_type": 2, "source": "", "favorited": false, "truncated": false, "in_reply_to_status_id": "", "in_reply_to_user_id": "", "in_reply_to_screen_name": "", "pic_urls": [{"thumbnail_pic": "http://wx4.sinaimg.cn/thumbnail/4944eb07ly1h8z2blmjo2j20qo1b2470.jpg"}, {"thumbnail_pic": "http://wx4.sinaimg.cn/thumbnail/4944eb07ly1h8z2bmi07ej20nvcmuu0y.jpg"}], "thumbnail_pic": "http://wx4.sinaimg.cn/thumbnail/4944eb07ly1h8z2blmjo2j20qo1b2470.jpg", "bmiddle_pic": "http://wx4.sinaimg.cn/bmiddle/4944eb07ly1h8z2blmjo2j20qo1b2470.jpg", "original_pic": "http://wx4.sinaimg.cn/large/4944eb07ly1h8z2blmjo2j20qo1b2470.jpg", "geo": null, "is_paid": false, "mblog_vip_type": 0, "user": {"id": 1229253383, "idstr": "1229253383", "class": 1, "screen_name": "财入门", "name": "财入门", "province": "11", "city": "8", "location": "北京 海淀区", "description": "灵活就业者~", "url": "http://blog.sina.com.cn/lrg", "profile_image_url": "https://tvax4.sinaimg.cn/crop.0.0.1080.1080.50/4944eb07ly8h316vzznofj20u00u0mz0.jpg?KID=imgbed,tva&Expires=1671277623&ssig=WWA4Y2mSQJ", "light_ring": false, "cover_image_phone": "https://ww1.sinaimg.cn/crop.0.0.640.640.640/549d0121tw1egm1kjly3jj20hs0hsq4f.jpg;https://wx3.sinaimg.cn/crop.0.0.640.640.640/4944eb07gy1fl99oqmeexj20u00u0wss.jpg;https://wx2.sinaimg.cn/crop.0.0.640.640.640/4944eb07gy1fl99oy673fj20u00u0thn.jpg;https://wx4.sinaimg.cn/crop.0.0.640.640.640/4944eb07gy1flvuyfpyfaj20u00u0qm4.jpg;https://wx4.sinaimg.cn/crop.0.0.640.640.640/4944eb07gy1flvuz9ndnzj20u00u0gx7.jpg", "profile_url": "lvrg", "domain": "lvrg", "weihao": "", "gender": "m", "followers_count": 436528, "followers_count_str": "43.7万", "friends_count": 449, "pagefriends_count": 19, "statuses_count": 31348, "video_status_count": 1028, "video_play_count": 0, "super_topic_not_syn_count": 0, "favourites_count": 5, "created_at": "Thu Oct 14 18:57:32 +0800 2010", "following": false, "allow_all_act_msg": false, "geo_enabled": false, "verified": true, "verified_type": 0, "remark": "", "insecurity": {"sexual_content": false}, "ptype": 0, "allow_all_comment": true, "avatar_large": "https://tvax4.sinaimg.cn/crop.0.0.1080.1080.180/4944eb07ly8h316vzznofj20u00u0mz0.jpg?KID=imgbed,tva&Expires=1671277623&ssig=%2F3VxSGSp%2Bl", "avatar_hd": "https://tvax4.sinaimg.cn/crop.0.0.1080.1080.1024/4944eb07ly8h316vzznofj20u00u0mz0.jpg?KID=imgbed,tva&Expires=1671277623&ssig=kSsYCNinRU", "verified_reason": "财经博主", "verified_trade": "", "verified_reason_url": "", "verified_source": "", "verified_source_url": "", "verified_state": 0, "verified_level": 3, "verified_type_ext": 1, "has_service_tel": false, "verified_reason_modified": "", "verified_contact_name": "", "verified_contact_email": "", "verified_contact_mobile": "", "follow_me": false, "like": false, "like_me": false, "online_status": 0, "bi_followers_count": 215, "lang": "zh-cn", "star": 0, "mbtype": 11, "mbrank": 5, "svip": 0, "mb_expire_time": 1673107200, "block_word": 0, "block_app": 1, "chaohua_ability": 0, "brand_ability": 0, "nft_ability": 0, "vplus_ability": 3, "wenda_ability": 1, "live_ability": 0, "gongyi_ability": 0, "paycolumn_ability": 1, "newbrand_ability": 0, "ecommerce_ability": 0, "hardfan_ability": 0, "credit_score": 80, "user_ability": -2136602104, "cardid": "star_1219", "avatargj_id": "gj_vip_375", "urank": 44, "story_read_state": -1, "verified_detail": {"custom": 0, "data": [{"key": 2, "weight": 10, "desc": "财经博主"}]}, "vclub_member": 0, "is_teenager": 0, "is_guardian": 0, "is_teenager_list": 0, "pc_new": 7, "special_follow": false, "planet_video": 2, "video_mark": 15, "live_status": 0, "user_ability_extend": 0, "status_total_counter": {"total_cnt": 7238237, "repost_cnt": 393209, "comment_cnt": 629675, "like_cnt": 1996237, "comment_like_cnt": 4219116}, "video_total_counter": {"play_cnt": 125559679}, "brand_account": 0, "hongbaofei": 0, "tab_manage": "[1108169034380, 0]", "reward_status": 0, "green_mode": 0, "urisk": 172603998208, "avatar_type": 0}, "annotations": [{"photo_sub_type": "0,0"}, {}, {"client_mblogid": "127dd448-9806-40fb-a281-dfed17480914"}, {"mapi_request": true}], "picStatus": "0:1,1:1", "reposts_count": 0, "comments_count": 0, "reprint_cmt_count": 0, "attitudes_count": 0, "pending_approval_count": 0, "isLongText": true, "reward_exhibition_type": 0, "hide_flag": 0, "mlevel": 0, "show_mlevel": 0, "biz_feature": 4294967300, "page_type": 64, "hasActionTypeCard": 0, "darwin_tags": [], "hot_weibo_tags": [], "text_tag_tips": [], "mblogtype": 0, "userType": 0, "more_info_type": 0, "number_display_strategy": {"apply_scenario_flag": 3, "display_text_min_number": 1000000, "display_text": "100万+"}, "positive_recom_flag": 0, "content_auth": 0, "gif_ids": "", "is_show_bulletin": 2, "comment_manage_info": {"comment_permission_type": -1, "approval_comment_type": 0, "comment_sort_type": 0, "ai_play_picture_type": 0}, "pic_num": 2, "can_reprint": false, "new_comment_style": 0}, "reply_comment": {"created_at": "Sat Dec 10 21:44:43 +0800 2022", "id": 4845244967031382, "rootid": 4845244967031382, "rootidstr": "4845244967031382", "floor_number": 5, "text": "可是用到的时候已经感染了 再去传给卖药的？？？？", "disable_reply": 0, "restrictOperate": 0, "user": {"id": 2831576203, "idstr": "2831576203", "class": 1, "screen_name": "Al_Tomoyo", "name": "Al_Tomoyo", "province": "12", "city": "1000", "location": "天津", "description": "", "url": "", "profile_image_url": "https://tvax3.sinaimg.cn/crop.0.0.700.700.50/a8c66c8bly8h7mhgaht37j20jg0jgjrt.jpg?KID=imgbed,tva&Expires=1671277623&ssig=EFA5slluux", "light_ring": false, "cover_image": "https://wx4.sinaimg.cn/crop.0.0.920.300/a8c66c8bly1fi4cpl7oe6j20pk08cn8w.jpg", "cover_image_phone": "https://ww1.sinaimg.cn/crop.0.0.640.640.640/549d0121tw1egm1kjly3jj20hs0hsq4f.jpg", "profile_url": "u/2831576203", "domain": "", "weihao": "", "gender": "f", "followers_count": 2727, "followers_count_str": "2727", "friends_count": 105, "pagefriends_count": 23, "statuses_count": 1610, "video_status_count": 185, "video_play_count": 0, "super_topic_not_syn_count": 1, "favourites_count": 60, "created_at": "Mon Jun 25 10:47:58 +0800 2012", "following": false, "allow_all_act_msg": false, "geo_enabled": false, "verified": true, "verified_type": 0, "remark": "", "insecurity": {"sexual_content": false}, "ptype": 0, "allow_all_comment": true, "avatar_large": "https://tvax3.sinaimg.cn/crop.0.0.700.700.180/a8c66c8bly8h7mhgaht37j20jg0jgjrt.jpg?KID=imgbed,tva&Expires=1671277623&ssig=PBW79be8jn", "avatar_hd": "https://tvax3.sinaimg.cn/crop.0.0.700.700.1024/a8c66c8bly8h7mhgaht37j20jg0jgjrt.jpg?KID=imgbed,tva&Expires=1671277623&ssig=Z88P4Hf%2Bm9", "verified_reason": "头条文章作者", "verified_trade": "", "verified_reason_url": "", "verified_source": "", "verified_source_url": "", "verified_state": 0, "verified_level": 3, "verified_type_ext": 0, "has_service_tel": false, "verified_reason_modified": "", "verified_contact_name": "", "verified_contact_email": "", "verified_contact_mobile": "", "follow_me": false, "like": false, "like_me": false, "online_status": 0, "bi_followers_count": 36, "lang": "zh-cn", "star": 0, "mbtype": 2, "mbrank": 5, "svip": 0, "mb_expire_time": 1669132799, "block_word": 0, "block_app": 0, "chaohua_ability": 0, "brand_ability": 0, "nft_ability": 0, "vplus_ability": 0, "wenda_ability": 0, "live_ability": 0, "gongyi_ability": 0, "paycolumn_ability": 0, "newbrand_ability": 0, "ecommerce_ability": 0, "hardfan_ability": 0, "credit_score": 80, "user_ability": 11796480, "cardid": "star_1576", "avatargj_id": "gj_vip_062", "urank": 35, "story_read_state": -1, "verified_detail": {"custom": 0, "data": [{"key": 4, "sub_key": 9, "weight": 999, "desc": "头条文章作者"}]}, "vclub_member": 0, "is_teenager": 0, "is_guardian": 0, "is_teenager_list": 0, "pc_new": 7, "special_follow": false, "planet_video": 2, "video_mark": 14, "live_status": 0, "user_ability_extend": 0, "video_cover": {"mid": 4657898040853918}, "status_total_counter": {"total_cnt": 20177, "repost_cnt": 1206, "comment_cnt": 3972, "like_cnt": 13439, "comment_like_cnt": 1560}, "video_total_counter": {"play_cnt": 307207}, "brand_account": 0, "hongbaofei": 0, "tab_manage": "[0, 0]", "reward_status": 0, "green_mode": 0, "urisk": 0, "avatar_type": 0}, "mid": "4845244967031382", "idstr": "4845244967031382", "match_ai_play_picture": false}, "reply_original_text": "真到吃药的时候，买不到就尴尬了[嘻嘻]", "readtimetype": "comment", "match_ai_play_picture": false}