{"created_at": "Sun Dec 11 07:08:33 +0800 2022", "id": 4845386865050947, "rootid": 4845386865050947, "rootidstr": "4845386865050947", "floor_number": 165, "text": "你不值得关注", "disable_reply": 0, "restrictOperate": 0, "source_allowclick": 0, "source_type": 4, "source": "<a href=\"\" rel=\"nofollow\">来自山东</a>", "user": {"id": 6301243246, "idstr": "6301243246", "class": 1, "screen_name": "小清醒86", "name": "小清醒86", "province": "37", "city": "1000", "location": "山东", "description": "。", "url": "", "profile_image_url": "https://tvax1.sinaimg.cn/crop.0.0.996.996.50/006SrndAly8go8ojipkxlj30ro0rot97.jpg?KID=imgbed,tva&Expires=1673959030&ssig=NAuPwkrN8Z", "light_ring": false, "cover_image_phone": "https://ww1.sinaimg.cn/crop.0.0.640.640.640/549d0121tw1egm1kjly3jj20hs0hsq4f.jpg", "profile_url": "u/6301243246", "domain": "", "weihao": "", "gender": "f", "followers_count": 80, "followers_count_str": "80", "friends_count": 184, "pagefriends_count": 92, "statuses_count": 287, "video_status_count": 0, "video_play_count": 0, "super_topic_not_syn_count": 1, "favourites_count": 109, "created_at": "Sun Jul 02 17:53:40 +0800 2017", "following": false, "allow_all_act_msg": false, "geo_enabled": true, "verified": false, "verified_type": -1, "remark": "", "insecurity": {"sexual_content": false}, "ptype": 0, "allow_all_comment": true, "avatar_large": "https://tvax1.sinaimg.cn/crop.0.0.996.996.180/006SrndAly8go8ojipkxlj30ro0rot97.jpg?KID=imgbed,tva&Expires=1673959030&ssig=lDl1fh9Wzx", "avatar_hd": "https://tvax1.sinaimg.cn/crop.0.0.996.996.1024/006SrndAly8go8ojipkxlj30ro0rot97.jpg?KID=imgbed,tva&Expires=1673959030&ssig=7i8XjoBHM5", "verified_reason": "", "verified_trade": "", "verified_reason_url": "", "verified_source": "", "verified_source_url": "", "follow_me": false, "like": false, "like_me": false, "online_status": 0, "bi_followers_count": 8, "lang": "zh-cn", "star": 0, "mbtype": 0, "mbrank": 0, "svip": 0, "mb_expire_time": 0, "block_word": 0, "block_app": 0, "chaohua_ability": 0, "brand_ability": 0, "nft_ability": 0, "vplus_ability": 0, "wenda_ability": 0, "live_ability": 0, "gongyi_ability": 0, "paycolumn_ability": 0, "newbrand_ability": 0, "ecommerce_ability": 0, "hardfan_ability": 0, "wbcolumn_ability": 0, "credit_score": 80, "user_ability": 2097152, "cardid": "star_11620_common", "urank": 9, "story_read_state": -1, "vclub_member": 0, "is_teenager": 0, "is_guardian": 0, "is_teenager_list": 0, "pc_new": 0, "special_follow": false, "planet_video": 2, "video_mark": 0, "live_status": 0, "user_ability_extend": 0, "status_total_counter": {"total_cnt": 1288, "repost_cnt": 2, "comment_cnt": 321, "like_cnt": 669, "comment_like_cnt": 296}, "video_total_counter": {"play_cnt": 0}, "brand_account": 0, "hongbaofei": 0, "tab_manage": "[0, 0]", "reward_status": 0, "green_mode": 0, "urisk": 17179869184, "avatar_type": 0}, "mid": "4845386865050947", "idstr": "4845386865050947", "status": {"visible": {"type": 0, "list_id": 0}, "created_at": "Sat Dec 10 21:40:26 +0800 2022", "id": 4845243893547873, "idstr": "4845243893547873", "mid": "4845243893547873", "edit_count": 1, "can_edit": false, "edit_at": "Sat Dec 10 22:04:06 +0800 2022", "version": 4, "show_additional_indication": 0, "text": "我甚至想呼吁：没得病的人不要屯药。现在哪个小区附近没几个药店啊，啥时候需要啥时候下楼去买，几分钟的事。现在好家伙，全民囤药，那必然导致短时间短缺，甚至出现涨价以及搭配别的药打包卖的情况。要是大家都到了需要的时候再去买，应该不至于短缺。有些人囤的药，够得五次新冠吃的了，而那些真正需 ​", "textLength": 372, "source_allowclick": 1, "source_type": 2, "source": "", "favorited": false, "truncated": false, "in_reply_to_status_id": "", "in_reply_to_user_id": "", "in_reply_to_screen_name": "", "pic_urls": [{"thumbnail_pic": "http://wx4.sinaimg.cn/thumbnail/4944eb07ly1h8z2blmjo2j20qo1b2470.jpg"}, {"thumbnail_pic": "http://wx4.sinaimg.cn/thumbnail/4944eb07ly1h8z2bmi07ej20nvcmuu0y.jpg"}], "thumbnail_pic": "http://wx4.sinaimg.cn/thumbnail/4944eb07ly1h8z2blmjo2j20qo1b2470.jpg", "bmiddle_pic": "http://wx4.sinaimg.cn/bmiddle/4944eb07ly1h8z2blmjo2j20qo1b2470.jpg", "original_pic": "http://wx4.sinaimg.cn/large/4944eb07ly1h8z2blmjo2j20qo1b2470.jpg", "geo": null, "is_paid": false, "mblog_vip_type": 0, "user": {"id": 1229253383, "idstr": "1229253383", "class": 1, "screen_name": "财入门", "name": "财入门", "province": "11", "city": "8", "location": "北京 海淀区", "description": "字面意思，不许联想。", "url": "http://blog.sina.com.cn/lrg", "profile_image_url": "https://tvax4.sinaimg.cn/crop.0.0.1080.1080.50/4944eb07ly8h316vzznofj20u00u0mz0.jpg?KID=imgbed,tva&Expires=1673959030&ssig=wV1WZPmVHs", "light_ring": false, "cover_image_phone": "https://ww1.sinaimg.cn/crop.0.0.640.640.640/549d0121tw1egm1kjly3jj20hs0hsq4f.jpg;https://wx3.sinaimg.cn/crop.0.0.640.640.640/4944eb07gy1fl99oqmeexj20u00u0wss.jpg;https://wx2.sinaimg.cn/crop.0.0.640.640.640/4944eb07gy1fl99oy673fj20u00u0thn.jpg;https://wx4.sinaimg.cn/crop.0.0.640.640.640/4944eb07gy1flvuyfpyfaj20u00u0qm4.jpg;https://wx4.sinaimg.cn/crop.0.0.640.640.640/4944eb07gy1flvuz9ndnzj20u00u0gx7.jpg", "profile_url": "lvrg", "domain": "lvrg", "weihao": "", "gender": "m", "followers_count": 466084, "followers_count_str": "46.6万", "friends_count": 457, "pagefriends_count": 22, "statuses_count": 32606, "video_status_count": 1818, "video_play_count": 0, "super_topic_not_syn_count": 0, "favourites_count": 5, "created_at": "Thu Oct 14 18:57:32 +0800 2010", "following": false, "allow_all_act_msg": false, "geo_enabled": false, "verified": true, "verified_type": 0, "remark": "", "insecurity": {"sexual_content": false}, "ptype": 0, "allow_all_comment": true, "avatar_large": "https://tvax4.sinaimg.cn/crop.0.0.1080.1080.180/4944eb07ly8h316vzznofj20u00u0mz0.jpg?KID=imgbed,tva&Expires=1673959030&ssig=4gUVCbHSCk", "avatar_hd": "https://tvax4.sinaimg.cn/crop.0.0.1080.1080.1024/4944eb07ly8h316vzznofj20u00u0mz0.jpg?KID=imgbed,tva&Expires=1673959030&ssig=x2n3dWSQUk", "verified_reason": "财经博主", "verified_trade": "", "verified_reason_url": "", "verified_source": "", "verified_source_url": "", "verified_state": 0, "verified_level": 3, "verified_type_ext": 1, "has_service_tel": false, "verified_reason_modified": "", "verified_contact_name": "", "verified_contact_email": "", "verified_contact_mobile": "", "follow_me": false, "like": false, "like_me": false, "online_status": 0, "bi_followers_count": 217, "lang": "zh-cn", "star": 0, "mbtype": 11, "mbrank": 5, "svip": 0, "mb_expire_time": 1678377600, "block_word": 0, "block_app": 1, "chaohua_ability": 0, "brand_ability": 0, "nft_ability": 0, "vplus_ability": 3, "wenda_ability": 1, "live_ability": 0, "gongyi_ability": 0, "paycolumn_ability": 1, "newbrand_ability": 0, "ecommerce_ability": 0, "hardfan_ability": 0, "wbcolumn_ability": 0, "credit_score": 80, "user_ability": -2136602104, "cardid": "star_1219", "avatargj_id": "gj_vip_375", "urank": 44, "story_read_state": -1, "verified_detail": {"custom": 0, "data": [{"key": 2, "weight": 10, "desc": "财经博主"}]}, "vclub_member": 0, "is_teenager": 0, "is_guardian": 0, "is_teenager_list": 0, "pc_new": 7, "special_follow": false, "planet_video": 2, "video_mark": 15, "live_status": 0, "user_ability_extend": 0, "status_total_counter": {"total_cnt": 7676247, "repost_cnt": 411647, "comment_cnt": 672344, "like_cnt": 2111351, "comment_like_cnt": 4480905}, "video_total_counter": {"play_cnt": 181660349}, "brand_account": 0, "hongbaofei": 0, "tab_manage": "[1108169034380, 0]", "reward_status": 0, "green_mode": 0, "urisk": 549755813888, "avatar_type": 0}, "annotations": [{"photo_sub_type": "0,0"}, {}, {"client_mblogid": "127dd448-9806-40fb-a281-dfed17480914"}, {"mapi_request": true}], "picStatus": "0:1,1:1", "reposts_count": 0, "comments_count": 0, "reprint_cmt_count": 0, "attitudes_count": 0, "pending_approval_count": 0, "isLongText": true, "reward_exhibition_type": 0, "hide_flag": 0, "mlevel": 0, "show_mlevel": 0, "biz_feature": 4294967300, "page_type": 64, "hasActionTypeCard": 0, "darwin_tags": [], "hot_weibo_tags": [], "text_tag_tips": [], "mblogtype": 0, "userType": 0, "more_info_type": 0, "number_display_strategy": {"apply_scenario_flag": 3, "display_text_min_number": 1000000, "display_text": "100万+"}, "positive_recom_flag": 0, "content_auth": 0, "gif_ids": "", "is_show_bulletin": 2, "comment_manage_info": {"comment_permission_type": -1, "approval_comment_type": 0, "comment_sort_type": 0, "ai_play_picture_type": 0}, "pic_num": 2, "can_reprint": false, "new_comment_style": 0}, "readtimetype": "comment", "match_ai_play_picture": false}