{"created_at": "Sat Dec 10 22:23:44 +0800 2022", "id": 4845254786684277, "rootid": 4845244933479401, "rootidstr": "4845244933479401", "floor_number": 0, "text": "回复@瓜田里上下蹦跶的猹:所以适当屯药是有必要的。只要别屯太多就好", "disable_reply": 0, "restrictOperate": 0, "source_allowclick": 0, "source_type": 4, "source": "<a href=\"\" rel=\"nofollow\">来自北京</a>", "user": {"id": 1053967311, "idstr": "1053967311", "class": 1, "screen_name": "熊猫疼", "name": "熊猫疼", "province": "11", "city": "5", "location": "北京 朝阳区", "description": "Salesforce Administrator — If you lisez fast and you comprenez what I say, alors, your l'anglais est dead.", "url": "", "profile_image_url": "https://tvax2.sinaimg.cn/crop.0.0.750.750.50/3ed243cfly8gi29m41glqj20ku0kuaaq.jpg?KID=imgbed,tva&Expires=1673959072&ssig=1CT7la8Icg", "light_ring": false, "cover_image_phone": "https://ww1.sinaimg.cn/crop.0.0.640.640.640/a1d3feabjw1ecat4uqw77j20hs0hsacp.jpg", "profile_url": "pandateng", "domain": "pandateng", "weihao": "", "gender": "f", "followers_count": 142, "followers_count_str": "142", "friends_count": 271, "pagefriends_count": 9, "statuses_count": 516, "video_status_count": 0, "video_play_count": 0, "super_topic_not_syn_count": 0, "favourites_count": 114, "created_at": "Tue May 25 09:40:41 +0800 2010", "following": false, "allow_all_act_msg": false, "geo_enabled": true, "verified": false, "verified_type": -1, "remark": "", "insecurity": {"sexual_content": false}, "ptype": 0, "allow_all_comment": true, "avatar_large": "https://tvax2.sinaimg.cn/crop.0.0.750.750.180/3ed243cfly8gi29m41glqj20ku0kuaaq.jpg?KID=imgbed,tva&Expires=1673959072&ssig=tuqYFtFnbc", "avatar_hd": "https://tvax2.sinaimg.cn/crop.0.0.750.750.1024/3ed243cfly8gi29m41glqj20ku0kuaaq.jpg?KID=imgbed,tva&Expires=1673959072&ssig=wfuPWgrWqz", "verified_reason": "", "verified_trade": "", "verified_reason_url": "", "verified_source": "", "verified_source_url": "", "follow_me": false, "like": false, "like_me": false, "online_status": 0, "bi_followers_count": 43, "lang": "zh-cn", "star": 0, "mbtype": 0, "mbrank": 0, "svip": 0, "mb_expire_time": 0, "block_word": 0, "block_app": 0, "chaohua_ability": 0, "brand_ability": 0, "nft_ability": 0, "vplus_ability": 0, "wenda_ability": 0, "live_ability": 0, "gongyi_ability": 0, "paycolumn_ability": 0, "newbrand_ability": 0, "ecommerce_ability": 0, "hardfan_ability": 0, "wbcolumn_ability": 0, "credit_score": 80, "user_ability": 2097152, "urank": 25, "story_read_state": -1, "vclub_member": 0, "is_teenager": 0, "is_guardian": 0, "is_teenager_list": 0, "pc_new": 7, "special_follow": false, "planet_video": 0, "video_mark": 0, "live_status": 0, "user_ability_extend": 0, "status_total_counter": {"total_cnt": 930, "repost_cnt": 576, "comment_cnt": 255, "like_cnt": 91, "comment_like_cnt": 8}, "video_total_counter": {"play_cnt": -1}, "brand_account": 0, "hongbaofei": 0, "tab_manage": "[0, 0]", "reward_status": 0, "green_mode": 0, "urisk": 0, "avatar_type": 0}, "mid": "4845254786684277", "idstr": "4845254786684277", "status": {"visible": {"type": 0, "list_id": 0}, "created_at": "Sat Dec 10 21:40:26 +0800 2022", "id": 4845243893547873, "idstr": "4845243893547873", "mid": "4845243893547873", "edit_count": 1, "can_edit": false, "edit_at": "Sat Dec 10 22:04:06 +0800 2022", "version": 4, "show_additional_indication": 0, "text": "我甚至想呼吁：没得病的人不要屯药。现在哪个小区附近没几个药店啊，啥时候需要啥时候下楼去买，几分钟的事。现在好家伙，全民囤药，那必然导致短时间短缺，甚至出现涨价以及搭配别的药打包卖的情况。要是大家都到了需要的时候再去买，应该不至于短缺。有些人囤的药，够得五次新冠吃的了，而那些真正需 ​", "textLength": 372, "source_allowclick": 1, "source_type": 2, "source": "", "favorited": false, "truncated": false, "in_reply_to_status_id": "", "in_reply_to_user_id": "", "in_reply_to_screen_name": "", "pic_urls": [{"thumbnail_pic": "http://wx4.sinaimg.cn/thumbnail/4944eb07ly1h8z2blmjo2j20qo1b2470.jpg"}, {"thumbnail_pic": "http://wx4.sinaimg.cn/thumbnail/4944eb07ly1h8z2bmi07ej20nvcmuu0y.jpg"}], "thumbnail_pic": "http://wx4.sinaimg.cn/thumbnail/4944eb07ly1h8z2blmjo2j20qo1b2470.jpg", "bmiddle_pic": "http://wx4.sinaimg.cn/bmiddle/4944eb07ly1h8z2blmjo2j20qo1b2470.jpg", "original_pic": "http://wx4.sinaimg.cn/large/4944eb07ly1h8z2blmjo2j20qo1b2470.jpg", "geo": null, "is_paid": false, "mblog_vip_type": 0, "user": {"id": 1229253383, "idstr": "1229253383", "class": 1, "screen_name": "财入门", "name": "财入门", "province": "11", "city": "8", "location": "北京 海淀区", "description": "字面意思，不许联想。", "url": "http://blog.sina.com.cn/lrg", "profile_image_url": "https://tvax4.sinaimg.cn/crop.0.0.1080.1080.50/4944eb07ly8h316vzznofj20u00u0mz0.jpg?KID=imgbed,tva&Expires=1673959072&ssig=LFt89LB85%2F", "light_ring": false, "cover_image_phone": "https://ww1.sinaimg.cn/crop.0.0.640.640.640/549d0121tw1egm1kjly3jj20hs0hsq4f.jpg;https://wx3.sinaimg.cn/crop.0.0.640.640.640/4944eb07gy1fl99oqmeexj20u00u0wss.jpg;https://wx2.sinaimg.cn/crop.0.0.640.640.640/4944eb07gy1fl99oy673fj20u00u0thn.jpg;https://wx4.sinaimg.cn/crop.0.0.640.640.640/4944eb07gy1flvuyfpyfaj20u00u0qm4.jpg;https://wx4.sinaimg.cn/crop.0.0.640.640.640/4944eb07gy1flvuz9ndnzj20u00u0gx7.jpg", "profile_url": "lvrg", "domain": "lvrg", "weihao": "", "gender": "m", "followers_count": 466084, "followers_count_str": "46.6万", "friends_count": 457, "pagefriends_count": 22, "statuses_count": 32606, "video_status_count": 1818, "video_play_count": 0, "super_topic_not_syn_count": 0, "favourites_count": 5, "created_at": "Thu Oct 14 18:57:32 +0800 2010", "following": false, "allow_all_act_msg": false, "geo_enabled": false, "verified": true, "verified_type": 0, "remark": "", "insecurity": {"sexual_content": false}, "ptype": 0, "allow_all_comment": true, "avatar_large": "https://tvax4.sinaimg.cn/crop.0.0.1080.1080.180/4944eb07ly8h316vzznofj20u00u0mz0.jpg?KID=imgbed,tva&Expires=1673959072&ssig=DBQLOZaf5v", "avatar_hd": "https://tvax4.sinaimg.cn/crop.0.0.1080.1080.1024/4944eb07ly8h316vzznofj20u00u0mz0.jpg?KID=imgbed,tva&Expires=1673959072&ssig=ygI3h3YRgQ", "verified_reason": "财经博主", "verified_trade": "", "verified_reason_url": "", "verified_source": "", "verified_source_url": "", "verified_state": 0, "verified_level": 3, "verified_type_ext": 1, "has_service_tel": false, "verified_reason_modified": "", "verified_contact_name": "", "verified_contact_email": "", "verified_contact_mobile": "", "follow_me": false, "like": false, "like_me": false, "online_status": 0, "bi_followers_count": 217, "lang": "zh-cn", "star": 0, "mbtype": 11, "mbrank": 5, "svip": 0, "mb_expire_time": 1678377600, "block_word": 0, "block_app": 1, "chaohua_ability": 0, "brand_ability": 0, "nft_ability": 0, "vplus_ability": 3, "wenda_ability": 1, "live_ability": 0, "gongyi_ability": 0, "paycolumn_ability": 1, "newbrand_ability": 0, "ecommerce_ability": 0, "hardfan_ability": 0, "wbcolumn_ability": 0, "credit_score": 80, "user_ability": -2136602104, "cardid": "star_1219", "avatargj_id": "gj_vip_375", "urank": 44, "story_read_state": -1, "verified_detail": {"custom": 0, "data": [{"key": 2, "weight": 10, "desc": "财经博主"}]}, "vclub_member": 0, "is_teenager": 0, "is_guardian": 0, "is_teenager_list": 0, "pc_new": 7, "special_follow": false, "planet_video": 2, "video_mark": 15, "live_status": 0, "user_ability_extend": 0, "status_total_counter": {"total_cnt": 7676247, "repost_cnt": 411647, "comment_cnt": 672344, "like_cnt": 2111351, "comment_like_cnt": 4480905}, "video_total_counter": {"play_cnt": 181660349}, "brand_account": 0, "hongbaofei": 0, "tab_manage": "[1108169034380, 0]", "reward_status": 0, "green_mode": 0, "urisk": 549755813888, "avatar_type": 0}, "annotations": [{"photo_sub_type": "0,0"}, {}, {"client_mblogid": "127dd448-9806-40fb-a281-dfed17480914"}, {"mapi_request": true}], "picStatus": "0:1,1:1", "reposts_count": 0, "comments_count": 0, "reprint_cmt_count": 0, "attitudes_count": 0, "pending_approval_count": 0, "isLongText": true, "reward_exhibition_type": 0, "hide_flag": 0, "mlevel": 0, "show_mlevel": 0, "biz_feature": 4294967300, "page_type": 64, "hasActionTypeCard": 0, "darwin_tags": [], "hot_weibo_tags": [], "text_tag_tips": [], "mblogtype": 0, "userType": 0, "more_info_type": 0, "number_display_strategy": {"apply_scenario_flag": 3, "display_text_min_number": 1000000, "display_text": "100万+"}, "positive_recom_flag": 0, "content_auth": 0, "gif_ids": "", "is_show_bulletin": 2, "comment_manage_info": {"comment_permission_type": -1, "approval_comment_type": 0, "comment_sort_type": 0, "ai_play_picture_type": 0}, "pic_num": 2, "can_reprint": false, "new_comment_style": 0}, "reply_comment": {"created_at": "Sat Dec 10 22:15:53 +0800 2022", "id": 4845252815356682, "rootid": 4845244933479401, "rootidstr": "4845244933479401", "floor_number": 0, "text": "回复@熊猫疼:儿童退烧药物也只有美林和对乙酰氨基酚可以混吃吧。主要是屯自己一家一次感染足够的药物就行了。我这里好多人直接搬空药店[允悲]", "disable_reply": 0, "restrictOperate": 0, "user": {"id": 5626701235, "idstr": "5626701235", "class": 1, "screen_name": "瓜田里上下蹦跶的猹", "name": "瓜田里上下蹦跶的猹", "province": "31", "city": "1000", "location": "上海", "description": "保持理智，坚持对话。", "url": "", "profile_image_url": "https://tvax2.sinaimg.cn/crop.0.0.1002.1002.50/0068N41Jly8gpykogzk5uj30ru0rujsw.jpg?KID=imgbed,tva&Expires=1673959072&ssig=bsR%2BRu0Gt4", "light_ring": false, "cover_image_phone": "https://ww1.sinaimg.cn/crop.0.0.640.640.640/549d0121tw1egm1kjly3jj20hs0hsq4f.jpg", "profile_url": "u/5626701235", "domain": "", "weihao": "", "gender": "f", "followers_count": 115, "followers_count_str": "115", "friends_count": 620, "pagefriends_count": 30, "statuses_count": 977, "video_status_count": 1, "video_play_count": 0, "super_topic_not_syn_count": 0, "favourites_count": 9, "created_at": "Mon Jun 08 09:58:38 +0800 2015", "following": false, "allow_all_act_msg": false, "geo_enabled": true, "verified": false, "verified_type": -1, "remark": "", "insecurity": {"sexual_content": false}, "ptype": 0, "allow_all_comment": true, "avatar_large": "https://tvax2.sinaimg.cn/crop.0.0.1002.1002.180/0068N41Jly8gpykogzk5uj30ru0rujsw.jpg?KID=imgbed,tva&Expires=1673959072&ssig=7B9bpUDmWc", "avatar_hd": "https://tvax2.sinaimg.cn/crop.0.0.1002.1002.1024/0068N41Jly8gpykogzk5uj30ru0rujsw.jpg?KID=imgbed,tva&Expires=1673959072&ssig=VX8lP5GOD6", "verified_reason": "", "verified_trade": "", "verified_reason_url": "", "verified_source": "", "verified_source_url": "", "follow_me": false, "like": false, "like_me": false, "online_status": 0, "bi_followers_count": 5, "lang": "zh-cn", "star": 0, "mbtype": 2, "mbrank": 2, "svip": 0, "mb_expire_time": 1671983999, "block_word": 0, "block_app": 0, "chaohua_ability": 0, "brand_ability": 0, "nft_ability": 0, "vplus_ability": 0, "wenda_ability": 0, "live_ability": 0, "gongyi_ability": 0, "paycolumn_ability": 0, "newbrand_ability": 0, "ecommerce_ability": 0, "hardfan_ability": 0, "wbcolumn_ability": 0, "credit_score": 80, "user_ability": 2359296, "urank": 9, "story_read_state": -1, "vclub_member": 0, "is_teenager": 0, "is_guardian": 0, "is_teenager_list": 0, "pc_new": 0, "special_follow": false, "planet_video": 2, "video_mark": 2, "live_status": 0, "user_ability_extend": 0, "status_total_counter": {"total_cnt": 9968, "repost_cnt": 64, "comment_cnt": 1455, "like_cnt": 6307, "comment_like_cnt": 2142}, "video_total_counter": {"play_cnt": 631}, "brand_account": 0, "hongbaofei": 0, "tab_manage": "[0, 0]", "reward_status": 0, "green_mode": 0, "urisk": 17179869184, "avatar_type": 0}, "mid": "4845252815356682", "idstr": "4845252815356682", "match_ai_play_picture": false}, "reply_original_text": "所以适当屯药是有必要的。只要别屯太多就好", "readtimetype": "comment", "match_ai_play_picture": false}