{"mid": "1974576991", "uid": "Ml1BXlvWo", "name": "环球时报", "time": "2022-12-24 08:00:00", "local": "", "iphone": "微博视频号", "context": "【#西藏那曲的雪山脚下有一群足球少年#】雪山脚下的西藏那曲市嘉黎县中学，有个高原足球“梦之队”。队长贡觉才加从小热爱足球，却因条件限制只能踢踢路边石头。学校重修运动场后，他和同学们刻苦训练，连续两年斩获那曲市U系列校园足球赛的冠军。“对自己热爱的东西，坚持努力才会成功。”加油！央视新闻的微博视频", "comment_num": "24", "like_num": "144", "user": {"focus": "752", "fans": "3101.9万", "tweet": "23万"}}