{"created_at": "Sat Dec 17 10:51:30 +0800 2022", "id": 4847617295267271, "rootid": 4847617295267271, "rootidstr": "4847617295267271", "floor_number": 115, "text": "惨[微风]", "disable_reply": 0, "restrictOperate": 0, "source_allowclick": 0, "source_type": 4, "source": "<a href=\"\" rel=\"nofollow\">来自辽宁</a>", "user": {"id": 7791567305, "idstr": "7791567305", "class": 1, "screen_name": "knightofStKelly", "name": "knightofStKelly", "province": "42", "city": "1000", "location": "湖北", "description": "阳光信用为什么是0", "url": "", "profile_image_url": "https://tvax2.sinaimg.cn/crop.0.0.960.960.50/008viCAply8h6gv2yn300j30qo0qowfy.jpg?KID=imgbed,tva&Expires=1673960816&ssig=XlVGaFfefg", "light_ring": false, "cover_image_phone": "https://ww1.sinaimg.cn/crop.0.0.640.640.640/549d0121tw1egm1kjly3jj20hs0hsq4f.jpg", "profile_url": "u/7791567305", "domain": "", "weihao": "", "gender": "m", "followers_count": 521, "followers_count_str": "521", "friends_count": 59, "pagefriends_count": 9, "statuses_count": 17674, "video_status_count": 0, "video_play_count": 0, "super_topic_not_syn_count": 2, "favourites_count": 0, "created_at": "Wed Sep 21 18:09:41 +0800 2022", "following": false, "allow_all_act_msg": false, "geo_enabled": true, "verified": false, "verified_type": -1, "remark": "", "insecurity": {"sexual_content": false}, "ptype": 0, "allow_all_comment": true, "avatar_large": "https://tvax2.sinaimg.cn/crop.0.0.960.960.180/008viCAply8h6gv2yn300j30qo0qowfy.jpg?KID=imgbed,tva&Expires=1673960816&ssig=V9Xm2UI2yD", "avatar_hd": "https://tvax2.sinaimg.cn/crop.0.0.960.960.1024/008viCAply8h6gv2yn300j30qo0qowfy.jpg?KID=imgbed,tva&Expires=1673960816&ssig=%2FpT0tizblj", "verified_reason": "", "verified_trade": "", "verified_reason_url": "", "verified_source": "", "verified_source_url": "", "follow_me": false, "like": false, "like_me": false, "online_status": 0, "bi_followers_count": 1, "lang": "zh-cn", "star": 0, "mbtype": 0, "mbrank": 0, "svip": 0, "mb_expire_time": 0, "block_word": 0, "block_app": 0, "chaohua_ability": 0, "brand_ability": 0, "nft_ability": 0, "vplus_ability": 0, "wenda_ability": 0, "live_ability": 0, "gongyi_ability": 0, "paycolumn_ability": 0, "newbrand_ability": 0, "ecommerce_ability": 0, "hardfan_ability": 0, "wbcolumn_ability": 0, "credit_score": 80, "user_ability": 2097152, "urank": 0, "story_read_state": -1, "vclub_member": 0, "is_teenager": 0, "is_guardian": 0, "is_teenager_list": 0, "pc_new": 0, "special_follow": false, "planet_video": 0, "video_mark": 0, "live_status": 0, "user_ability_extend": 0, "status_total_counter": {"total_cnt": 255, "repost_cnt": 0, "comment_cnt": 106, "like_cnt": 85, "comment_like_cnt": 64}, "video_total_counter": {"play_cnt": -1}, "brand_account": 0, "hongbaofei": 0, "tab_manage": "[0, 0]", "reward_status": 0, "green_mode": 0, "urisk": 524288, "avatar_type": 0}, "mid": "4847617295267271", "idstr": "4847617295267271", "status": {"visible": {"type": 0, "list_id": 0}, "created_at": "Fri Dec 16 21:37:59 +0800 2022", "id": 4847417600774988, "idstr": "4847417600774988", "mid": "4847417600774988", "edit_count": 1, "can_edit": false, "edit_at": "Sat Dec 17 10:40:46 +0800 2022", "version": 2, "show_additional_indication": 0, "text": "位于柏林一家酒店的世界上最大的圆柱形鱼缸今天裂了，里面有100万升水，1500条鱼，事故造成2人受伤[傻眼]#世上最大圆柱体水族馆破裂鱼涌入街头# http://t.cn/A6K03OTn ​", "textLength": 155, "source_allowclick": 0, "source_type": 2, "source": "", "favorited": false, "truncated": false, "in_reply_to_status_id": "", "in_reply_to_user_id": "", "in_reply_to_screen_name": "", "pic_urls": [], "geo": null, "is_paid": false, "mblog_vip_type": 0, "user": {"id": 1670183810, "idstr": "1670183810", "class": 1, "screen_name": "PS3保罗", "name": "PS3保罗", "province": "11", "city": "1000", "location": "北京", "description": "工作联系QQ：806965121", "url": "", "profile_image_url": "https://tvax1.sinaimg.cn/crop.0.0.1080.1080.50/001P1V6yly8h8hvr6kx1zj60u00u0jst02.jpg?KID=imgbed,tva&Expires=1673960816&ssig=R8YA%2FFeJTv", "light_ring": false, "cover_image_phone": "https://ww3.sinaimg.cn/crop.0.0.640.640.640/638f41a8jw1eu9i7ewm8mj20hs0hs75b.jpg", "profile_url": "ps3auto", "domain": "ps3auto", "weihao": "", "gender": "m", "followers_count": 5787822, "followers_count_str": "578.8万", "friends_count": 1517, "pagefriends_count": 13, "statuses_count": 78235, "video_status_count": 2467, "video_play_count": 0, "super_topic_not_syn_count": 2, "favourites_count": 9500, "created_at": "Mon Dec 14 17:52:39 +0800 2009", "following": false, "allow_all_act_msg": false, "geo_enabled": false, "verified": true, "verified_type": 0, "remark": "", "insecurity": {"sexual_content": false}, "ptype": 8, "allow_all_comment": true, "avatar_large": "https://tvax1.sinaimg.cn/crop.0.0.1080.1080.180/001P1V6yly8h8hvr6kx1zj60u00u0jst02.jpg?KID=imgbed,tva&Expires=1673960816&ssig=U2JTAmHjmW", "avatar_hd": "https://tvax1.sinaimg.cn/crop.0.0.1080.1080.1024/001P1V6yly8h8hvr6kx1zj60u00u0jst02.jpg?KID=imgbed,tva&Expires=1673960816&ssig=8kYWFWeEFw", "verified_reason": "资深汽车达人 微博原创视频博主 资深潮流生活分享官", "verified_trade": "1351", "verified_reason_url": "", "verified_source": "", "verified_source_url": "", "verified_state": 0, "verified_level": 3, "verified_type_ext": 1, "has_service_tel": false, "verified_reason_modified": "", "verified_contact_name": "", "verified_contact_email": "", "verified_contact_mobile": "", "follow_me": false, "like": false, "like_me": false, "online_status": 0, "bi_followers_count": 1116, "lang": "zh-cn", "star": 0, "mbtype": 12, "mbrank": 7, "svip": 0, "mb_expire_time": 2010844800, "block_word": 0, "block_app": 1, "chaohua_ability": 0, "brand_ability": 0, "nft_ability": 0, "vplus_ability": 0, "wenda_ability": 0, "live_ability": 0, "gongyi_ability": 0, "paycolumn_ability": 1, "newbrand_ability": 0, "ecommerce_ability": 0, "hardfan_ability": 0, "wbcolumn_ability": 0, "ability_tags": "媒体评论", "credit_score": 80, "user_ability": 11807260, "cardid": "star_1573", "urank": 48, "story_read_state": -1, "verified_detail": {"custom": 1, "data": [{"key": 1, "sub_key": 0, "weight": 10, "desc": "资深汽车达人", "timestamp": 0}, {"key": 16, "sub_key": 1, "weight": 103, "desc": "微博原创视频博主", "timestamp": 0}, {"key": 64, "sub_key": 0, "weight": 105, "desc": "资深潮流生活分享官", "timestamp": 0}]}, "vclub_member": 0, "is_teenager": 0, "is_guardian": 0, "is_teenager_list": 0, "pc_new": 6, "special_follow": false, "planet_video": 2, "video_mark": 15, "live_status": 0, "user_ability_extend": 1, "status_total_counter": {"total_cnt": 17188879, "repost_cnt": 5330419, "comment_cnt": 2981250, "like_cnt": 7260685, "comment_like_cnt": 1616525}, "video_total_counter": {"play_cnt": 519959044}, "brand_account": 0, "hongbaofei": 0, "tab_manage": "[0, 0]", "reward_status": 0, "green_mode": 0, "urisk": 0, "avatar_type": 0}, "annotations": [{}, {}, {"client_mblogid": "iPhone-4BA6C50E-05EB-4455-ABEE-264A0D665751"}, {"mapi_request": true}], "reposts_count": 0, "comments_count": 0, "reprint_cmt_count": 0, "attitudes_count": 0, "pending_approval_count": 0, "isLongText": false, "reward_exhibition_type": 0, "hide_flag": 0, "mlevel": 0, "show_mlevel": 0, "biz_ids": [230444], "biz_feature": 4294967304, "hasActionTypeCard": 0, "darwin_tags": [], "hot_weibo_tags": [], "text_tag_tips": [], "mblogtype": 0, "userType": 0, "more_info_type": 0, "cardid": "star_1573", "number_display_strategy": {"apply_scenario_flag": 3, "display_text_min_number": 1000000, "display_text": "100万+"}, "positive_recom_flag": 0, "content_auth": 0, "gif_ids": "", "is_show_bulletin": 2, "comment_manage_info": {"comment_permission_type": -1, "approval_comment_type": 0, "comment_sort_type": 0, "ai_play_picture_type": 0}, "pic_num": 0, "fid": 4847417185796157, "can_reprint": false, "new_comment_style": 0}, "readtimetype": "comment", "match_ai_play_picture": false}