{"mid": "3005089724", "uid": "Mn3yFnj9y", "name": "宜春日报v", "time": "2023-1-6 16:38:00", "local": "江西", "iphone": "微博视频号", "context": "【6旬大爷健身9年，体脂率11.5%】重庆大爷毛建军因患上脊椎病开始健身，9年来，他坚持每周去五天健身房，每次健身2小时，期间全程不说话不看手机，一心专注锻炼。如今66岁的他，体脂率保持在11.5%左右，还练出了6块腹肌。毛大爷说，以前身体状况差都快不能走路了，健身后整个人都不一样了，“再坚持9年没问题”。双流发布的微博视频", "comment_num": "0", "like_num": "0", "user": {"focus": "434", "fans": "39.9万", "tweet": "41277"}}