{"created_at": "Tue Dec 13 19:01:28 +0800 2022", "id": 4846291047428545, "rootid": 4846291047428545, "rootidstr": "4846291047428545", "floor_number": 12, "text": "哈哈路过", "disable_reply": 0, "restrictOperate": 0, "source_allowclick": 0, "source_type": 4, "source": "<a href=\"\" rel=\"nofollow\">来自广东</a>", "user": {"id": 2880542101, "idstr": "2880542101", "class": 1, "screen_name": "健身路路", "name": "健身路路", "province": "34", "city": "1", "location": "安徽 合肥", "description": "希望自己尽快找到自己的归属", "url": "", "profile_image_url": "https://tvax3.sinaimg.cn/crop.0.0.1080.1080.50/abb19595ly8fgpq66ot3dj20u00u0dj5.jpg?KID=imgbed,tva&Expires=1674046058&ssig=1MWlsNoGzk", "light_ring": false, "cover_image_phone": "https://ww1.sinaimg.cn/crop.0.0.640.640.640/549d0121tw1egm1kjly3jj20hs0hsq4f.jpg", "profile_url": "u/2880542101", "domain": "", "weihao": "", "gender": "m", "followers_count": 83, "followers_count_str": "83", "friends_count": 295, "pagefriends_count": 18, "statuses_count": 10415, "video_status_count": 0, "video_play_count": 0, "super_topic_not_syn_count": 0, "favourites_count": 1, "created_at": "Thu Jul 12 14:48:01 +0800 2012", "following": false, "allow_all_act_msg": false, "geo_enabled": true, "verified": false, "verified_type": -1, "remark": "", "insecurity": {"sexual_content": false}, "ptype": 0, "allow_all_comment": true, "avatar_large": "https://tvax3.sinaimg.cn/crop.0.0.1080.1080.180/abb19595ly8fgpq66ot3dj20u00u0dj5.jpg?KID=imgbed,tva&Expires=1674046058&ssig=%2BcEp8bSvm8", "avatar_hd": "https://tvax3.sinaimg.cn/crop.0.0.1080.1080.1024/abb19595ly8fgpq66ot3dj20u00u0dj5.jpg?KID=imgbed,tva&Expires=1674046058&ssig=uejClGXpCv", "verified_reason": "", "verified_trade": "", "verified_reason_url": "", "verified_source": "", "verified_source_url": "", "follow_me": false, "like": false, "like_me": false, "online_status": 0, "bi_followers_count": 6, "lang": "zh-cn", "star": 0, "mbtype": 0, "mbrank": 0, "svip": 0, "mb_expire_time": 0, "block_word": 0, "block_app": 0, "chaohua_ability": 0, "brand_ability": 0, "nft_ability": 0, "vplus_ability": 0, "wenda_ability": 0, "live_ability": 0, "gongyi_ability": 0, "paycolumn_ability": 0, "newbrand_ability": 0, "ecommerce_ability": 0, "hardfan_ability": 0, "wbcolumn_ability": 0, "credit_score": 80, "user_ability": 2097152, "urank": 9, "story_read_state": -1, "vclub_member": 0, "is_teenager": 0, "is_guardian": 0, "is_teenager_list": 0, "pc_new": 0, "special_follow": false, "planet_video": 0, "video_mark": 0, "live_status": 0, "user_ability_extend": 0, "status_total_counter": {"total_cnt": 7, "repost_cnt": 0, "comment_cnt": 2, "like_cnt": 5, "comment_like_cnt": 0}, "video_total_counter": {"play_cnt": -1}, "brand_account": 0, "hongbaofei": 0, "tab_manage": "[0, 0]", "reward_status": 0, "green_mode": 0, "urisk": 524288, "unfollowing_recom_switch": 1, "avatar_type": 0}, "mid": "4846291047428545", "idstr": "4846291047428545", "status": {"visible": {"type": 0, "list_id": 0}, "created_at": "Tue Dec 13 19:00:35 +0800 2022", "id": 4846290825907181, "idstr": "4846290825907181", "mid": "4846290825907181", "can_edit": false, "version": 3, "show_additional_indication": 0, "text": "#阿凡达2首映日票房破5000W#阿凡达2首映票房突破5000 w！你们都去看了吗？觉得怎么样[思考] http://t.cn/A6KCAshH ​", "textLength": 106, "source_allowclick": 0, "source_type": 2, "source": "", "favorited": false, "truncated": false, "in_reply_to_status_id": "", "in_reply_to_user_id": "", "in_reply_to_screen_name": "", "pic_urls": [], "geo": null, "is_paid": false, "mblog_vip_type": 0, "user": {"id": 5245981751, "idstr": "5245981751", "class": 1, "screen_name": "青春娱乐台", "name": "青春娱乐台", "province": "11", "city": "1000", "location": "北京", "description": "", "url": "", "profile_image_url": "https://tvax3.sinaimg.cn/crop.0.0.650.650.50/005J1BuTly8h8w9jyc7smj30i20i2q3h.jpg?KID=imgbed,tva&Expires=1674046058&ssig=Re8BKGDNHm", "light_ring": false, "cover_image_phone": "https://ww2.sinaimg.cn/crop.0.0.640.640.640/6b513d12jw1f83ltmy20aj20hs0hs78g.jpg", "profile_url": "u/5245981751", "domain": "", "weihao": "", "gender": "m", "followers_count": 3184800, "followers_count_str": "318.5万", "friends_count": 556, "pagefriends_count": 398, "statuses_count": 4552, "video_status_count": 2744, "video_play_count": 0, "super_topic_not_syn_count": 3, "favourites_count": 4, "created_at": "Sat Aug 09 23:38:08 +0800 2014", "following": false, "allow_all_act_msg": false, "geo_enabled": true, "verified": true, "verified_type": 7, "remark": "", "insecurity": {"sexual_content": false}, "ptype": 0, "allow_all_comment": true, "avatar_large": "https://tvax3.sinaimg.cn/crop.0.0.650.650.180/005J1BuTly8h8w9jyc7smj30i20i2q3h.jpg?KID=imgbed,tva&Expires=1674046058&ssig=e1V6K7MkHg", "avatar_hd": "https://tvax3.sinaimg.cn/crop.0.0.650.650.1024/005J1BuTly8h8w9jyc7smj30i20i2q3h.jpg?KID=imgbed,tva&Expires=1674046058&ssig=QnusHtticP", "verified_reason": "青春娱乐台官方微博", "verified_trade": "", "verified_reason_url": "", "verified_source": "", "verified_source_url": "", "verified_state": 0, "verified_level": 3, "verified_type_ext": 0, "pay_remind": 0, "pay_date": "", "has_service_tel": false, "verified_reason_modified": "", "verified_contact_name": "", "verified_contact_email": "", "verified_contact_mobile": "", "follow_me": false, "like": false, "like_me": false, "online_status": 0, "bi_followers_count": 34, "lang": "zh-cn", "star": 0, "mbtype": 12, "mbrank": 7, "svip": 0, "mb_expire_time": 1730649600, "block_word": 0, "block_app": 1, "chaohua_ability": 0, "brand_ability": 0, "nft_ability": 0, "vplus_ability": 0, "wenda_ability": 0, "live_ability": 0, "gongyi_ability": 0, "paycolumn_ability": 0, "newbrand_ability": 0, "ecommerce_ability": 0, "hardfan_ability": 0, "wbcolumn_ability": 0, "credit_score": 80, "user_ability": 2362376, "cardid": "star_1573", "avatargj_id": "gj_vip_404", "urank": 17, "story_read_state": -1, "vclub_member": 0, "is_teenager": 0, "is_guardian": 0, "is_teenager_list": 0, "pc_new": 6, "special_follow": false, "planet_video": 2, "video_mark": 14, "live_status": 0, "user_ability_extend": 0, "status_total_counter": {"total_cnt": 4403261, "repost_cnt": 1219981, "comment_cnt": 893357, "like_cnt": 2014174, "comment_like_cnt": 275749}, "video_total_counter": {"play_cnt": 81866205}, "brand_account": 0, "hongbaofei": 0, "tab_manage": "[0, 0]", "reward_status": 0, "green_mode": 0, "urisk": 1048576, "unfollowing_recom_switch": 1, "avatar_type": 0}, "annotations": [{}, {"ann_ext": "ann_ext:search|t:31|q:#阿凡达2首映日票房破5000W#|creator_source:bottomsendweibo"}, {"client_mblogid": "iPhone-237AD685-CDF7-4E78-8E90-6D19168768A8"}, {"mapi_request": true}], "reposts_count": 0, "comments_count": 0, "reprint_cmt_count": 0, "attitudes_count": 0, "pending_approval_count": 0, "isLongText": false, "reward_exhibition_type": 0, "hide_flag": 0, "mlevel": 0, "show_mlevel": 0, "biz_ids": [230444], "biz_feature": 4294967304, "page_type": 64, "hasActionTypeCard": 0, "darwin_tags": [], "hot_weibo_tags": [], "text_tag_tips": [], "mblogtype": 0, "userType": 0, "extend_info": {"discuss_room": {"oid": "1022:23262230dbff0faec582deeaa5e478b721b07a"}}, "more_info_type": 0, "cardid": "star_1573", "number_display_strategy": {"apply_scenario_flag": 3, "display_text_min_number": 1000000, "display_text": "100万+"}, "positive_recom_flag": 0, "content_auth": 0, "gif_ids": "", "is_show_bulletin": 2, "comment_manage_info": {"comment_permission_type": -1, "approval_comment_type": 0, "comment_sort_type": 0, "ai_play_picture_type": 0}, "pic_num": 0, "fid": 4846290713445050, "can_reprint": false, "new_comment_style": 0}, "readtimetype": "comment", "match_ai_play_picture": false}