{"created_at": "Tue Dec 13 14:29:48 +0800 2022", "id": 4846222680000346, "rootid": 4846222680000346, "rootidstr": "4846222680000346", "floor_number": 14, "text": "应该防疫公司在带节奏，你看现在n95和抗原检测都买不到且涨价", "disable_reply": 0, "restrictOperate": 0, "source_allowclick": 0, "source_type": 4, "source": "<a href=\"\" rel=\"nofollow\">来自安徽</a>", "user": {"id": 2371358762, "idstr": "2371358762", "class": 1, "screen_name": "没道道的", "name": "没道道的", "province": "31", "city": "17", "location": "上海 松江区", "description": "要珍惜初次见面，毕竟熟了以后你都不会看到这么安静害羞高冷的我了 ​​​​", "url": "", "profile_image_url": "https://tvax1.sinaimg.cn/crop.0.0.512.512.50/8d58102aly8g1glc1hzmgj20e80e83zt.jpg?KID=imgbed,tva&Expires=1670937976&ssig=9bV7p0Ga9N", "light_ring": false, "cover_image_phone": "https://ww4.sinaimg.cn/crop.0.0.640.640/6cf8d7ebjw1ehfr60whp7j20hs0hsacf.jpg", "profile_url": "u/2371358762", "domain": "", "weihao": "", "gender": "m", "followers_count": 153, "followers_count_str": "153", "friends_count": 349, "pagefriends_count": 1, "statuses_count": 344, "video_status_count": 0, "video_play_count": 0, "super_topic_not_syn_count": 0, "favourites_count": 255, "created_at": "Sun Sep 04 14:32:21 +0800 2011", "following": false, "allow_all_act_msg": false, "geo_enabled": true, "verified": false, "verified_type": -1, "remark": "", "insecurity": {"sexual_content": false}, "ptype": 0, "allow_all_comment": true, "avatar_large": "https://tvax1.sinaimg.cn/crop.0.0.512.512.180/8d58102aly8g1glc1hzmgj20e80e83zt.jpg?KID=imgbed,tva&Expires=1670937976&ssig=i%2F9LpXrcBW", "avatar_hd": "https://tvax1.sinaimg.cn/crop.0.0.512.512.1024/8d58102aly8g1glc1hzmgj20e80e83zt.jpg?KID=imgbed,tva&Expires=1670937976&ssig=2j%2FfSWoSRn", "verified_reason": "", "verified_trade": "", "verified_reason_url": "", "verified_source": "", "verified_source_url": "", "follow_me": false, "like": false, "like_me": false, "online_status": 0, "bi_followers_count": 16, "lang": "zh-cn", "star": 0, "mbtype": 0, "mbrank": 0, "svip": 0, "mb_expire_time": 0, "block_word": 0, "block_app": 0, "chaohua_ability": 0, "brand_ability": 0, "nft_ability": 0, "vplus_ability": 0, "wenda_ability": 0, "live_ability": 0, "gongyi_ability": 0, "paycolumn_ability": 0, "newbrand_ability": 0, "ecommerce_ability": 0, "hardfan_ability": 0, "credit_score": 80, "user_ability": 0, "urank": 31, "story_read_state": -1, "vclub_member": 0, "is_teenager": 0, "is_guardian": 0, "is_teenager_list": 0, "pc_new": 7, "special_follow": false, "planet_video": 0, "video_mark": 0, "live_status": 0, "user_ability_extend": 0, "status_total_counter": {"total_cnt": 296, "repost_cnt": 7, "comment_cnt": 189, "like_cnt": 68, "comment_like_cnt": 32}, "video_total_counter": {"play_cnt": -1}, "brand_account": 0, "hongbaofei": 0, "tab_manage": "[0, 0]", "reward_status": 0, "green_mode": 0, "urisk": 0, "avatar_type": 0}, "mid": "4846222680000346", "idstr": "4846222680000346", "status": {"visible": {"type": 0, "list_id": 0}, "created_at": "Mon Dec 12 19:29:18 +0800 2022", "id": 4845935664826748, "idstr": "4845935664826748", "mid": "4845935664826748", "can_edit": false, "version": 1, "show_additional_indication": 0, "text": "刚刚搜了xbb和bq1.1……[衰][衰][衰]地狱犬太恐怖了，🇯🇵8天没了1500人 ​", "textLength": 71, "source_allowclick": 0, "source_type": 1, "source": "<a href=\"http://app.weibo.com/t/feed/4Hor9n\" rel=\"nofollow\">iPhone 13 Pro</a>", "favorited": false, "truncated": false, "in_reply_to_status_id": "", "in_reply_to_user_id": "", "in_reply_to_screen_name": "", "pic_urls": [{"thumbnail_pic": "http://wx2.sinaimg.cn/thumbnail/4ba900c4ly1h919465zjtj20q81gkn8g.jpg"}], "thumbnail_pic": "http://wx2.sinaimg.cn/thumbnail/4ba900c4ly1h919465zjtj20q81gkn8g.jpg", "bmiddle_pic": "http://wx2.sinaimg.cn/bmiddle/4ba900c4ly1h919465zjtj20q81gkn8g.jpg", "original_pic": "http://wx2.sinaimg.cn/large/4ba900c4ly1h919465zjtj20q81gkn8g.jpg", "geo": null, "is_paid": false, "mblog_vip_type": 0, "user": {"id": 1269366980, "idstr": "1269366980", "class": 1, "screen_name": "常乐未央-", "name": "常乐未央-", "province": "33", "city": "1", "location": "浙江 杭州", "description": "凡对于以真话为笑话的，以笑话为真话的，以笑话为笑话的，只有一个方法：就是不说话。于是我从此不说话。 镇魂 gay", "url": "", "profile_image_url": "https://tvax3.sinaimg.cn/crop.0.0.960.960.50/4ba900c4ly8h45kcjizogj20qo0qodgg.jpg?KID=imgbed,tva&Expires=1670937976&ssig=OEVDVHqjRi", "light_ring": false, "cover_image_phone": "https://wx3.sinaimg.cn/crop.0.0.640.640.640/4ba900c4ly1gthniahnd3j20ku0kutae.jpg", "profile_url": "vivianunique", "domain": "vivianunique", "weihao": "", "gender": "f", "followers_count": 43400, "followers_count_str": "4.3万", "friends_count": 898, "pagefriends_count": 46, "statuses_count": 24549, "video_status_count": 947, "video_play_count": 0, "super_topic_not_syn_count": 30, "favourites_count": 1036, "created_at": "Tue Nov 02 19:53:37 +0800 2010", "following": false, "allow_all_act_msg": true, "geo_enabled": true, "verified": true, "verified_type": 0, "remark": "", "insecurity": {"sexual_content": false}, "ptype": 0, "allow_all_comment": true, "avatar_large": "https://tvax3.sinaimg.cn/crop.0.0.960.960.180/4ba900c4ly8h45kcjizogj20qo0qodgg.jpg?KID=imgbed,tva&Expires=1670937976&ssig=UQwrjo0pDm", "avatar_hd": "https://tvax3.sinaimg.cn/crop.0.0.960.960.1024/4ba900c4ly8h45kcjizogj20qo0qodgg.jpg?KID=imgbed,tva&Expires=1670937976&ssig=2GgX8zzhds", "verified_reason": "微博原创视频博主", "verified_trade": "", "verified_reason_url": "", "verified_source": "", "verified_source_url": "", "verified_state": 0, "verified_level": 3, "verified_type_ext": 1, "has_service_tel": false, "verified_reason_modified": "", "verified_contact_name": "", "verified_contact_email": "", "verified_contact_mobile": "", "follow_me": false, "like": false, "like_me": false, "online_status": 0, "bi_followers_count": 436, "lang": "zh-cn", "star": 0, "mbtype": 12, "mbrank": 6, "svip": 0, "mb_expire_time": 1672329600, "block_word": 0, "block_app": 1, "chaohua_ability": 0, "brand_ability": 0, "nft_ability": 0, "vplus_ability": 0, "wenda_ability": 0, "live_ability": 0, "gongyi_ability": 0, "paycolumn_ability": 0, "newbrand_ability": 0, "ecommerce_ability": 0, "hardfan_ability": 1, "credit_score": 80, "user_ability": 3408392, "cardid": "star_1576", "avatargj_id": "gj_vip_5545", "urank": 46, "story_read_state": -1, "verified_detail": {"custom": 0, "data": [{"key": 16, "sub_key": 1, "weight": 103, "desc": "微博原创视频博主"}]}, "vclub_member": 0, "is_teenager": 0, "is_guardian": 1, "is_teenager_list": 0, "pc_new": 7, "special_follow": false, "planet_video": 2, "video_mark": 15, "live_status": 0, "user_ability_extend": 0, "video_cover": {"mid": 4785346770374351}, "status_total_counter": {"total_cnt": 4300813, "repost_cnt": 357642, "comment_cnt": 199818, "like_cnt": 2827106, "comment_like_cnt": 916247}, "video_total_counter": {"play_cnt": 19528332}, "brand_account": 0, "hongbaofei": 0, "tab_manage": "[16912010, 0]", "reward_status": 0, "green_mode": 0, "urisk": 335544328192, "avatar_type": 0}, "annotations": [{"photo_sub_type": "0"}, {}, {"client_mblogid": "iPhone-B21FEA72-35BF-4126-AE88-229B168CDE88"}, {"mapi_request": true}], "picStatus": "0:1", "reposts_count": 0, "comments_count": 0, "reprint_cmt_count": 0, "attitudes_count": 0, "pending_approval_count": 0, "isLongText": false, "reward_exhibition_type": 0, "hide_flag": 0, "mlevel": 128, "show_mlevel": 0, "biz_feature": 4294967300, "hasActionTypeCard": 0, "darwin_tags": [], "hot_weibo_tags": [], "text_tag_tips": [], "mblogtype": 0, "userType": 0, "mlevelSource": "monitor", "more_info_type": 0, "cardid": "star_1576", "number_display_strategy": {"apply_scenario_flag": 3, "display_text_min_number": 1000000, "display_text": "100万+"}, "positive_recom_flag": 0, "content_auth": 0, "gif_ids": "", "is_show_bulletin": 2, "comment_manage_info": {"comment_permission_type": -1, "approval_comment_type": 0, "comment_sort_type": 0, "ai_play_picture_type": 0}, "pic_num": 1, "can_reprint": false, "new_comment_style": 0}, "readtimetype": "comment", "match_ai_play_picture": false}