{"created_at": "Thu Jan 05 20:25:19 +0800 2023", "id": 4854647070134729, "rootid": 4854647070134729, "rootidstr": "4854647070134729", "floor_number": 61, "text": "開始冷啦，注意保暖喔", "disable_reply": 0, "restrictOperate": 0, "source_allowclick": 0, "source_type": 4, "source": "<a href=\"\" rel=\"nofollow\">来自中国台湾</a>", "comment_badge": [{"pic_url": "https://h5.sinaimg.cn/upload/114/962/2022/07/08/member_0_bigfan1_1.png", "name": "loyal_fans", "length": 1.33, "actionlog": {"act_code": "3671", "ext": "status:fans"}, "scheme": "https://kefu.weibo.com/faqdetail?id=20848", "new_icon": true}], "user": {"id": 1765350142, "idstr": "1765350142", "class": 1, "screen_name": "anna_yanyan", "name": "anna_yanyan", "province": "71", "city": "1", "location": "台湾 台北市", "description": "🌹唯坤粉🤗", "url": "", "profile_image_url": "https://tvax1.sinaimg.cn/crop.0.0.1080.1080.50/69391afely8h97rs3uo0aj20u00u0406.jpg?KID=imgbed,tva&Expires=1673963812&ssig=soLD%2BVPjub", "light_ring": false, "cover_image_phone": "https://ww2.sinaimg.cn/crop.0.0.640.640.640/a1d3feabjw1ecassls6b2j20hs0hsq50.jpg", "profile_url": "u/1765350142", "domain": "", "weihao": "", "gender": "f", "followers_count": 612, "followers_count_str": "612", "friends_count": 402, "pagefriends_count": 15, "statuses_count": 694, "video_status_count": 22, "video_play_count": 0, "super_topic_not_syn_count": 2, "favourites_count": 84, "created_at": "Wed Jun 23 10:39:42 +0800 2010", "following": false, "allow_all_act_msg": false, "geo_enabled": true, "verified": false, "verified_type": -1, "remark": "", "insecurity": {"sexual_content": false}, "ptype": 0, "allow_all_comment": true, "avatar_large": "https://tvax1.sinaimg.cn/crop.0.0.1080.1080.180/69391afely8h97rs3uo0aj20u00u0406.jpg?KID=imgbed,tva&Expires=1673963812&ssig=HTmakSTc0G", "avatar_hd": "https://tvax1.sinaimg.cn/crop.0.0.1080.1080.1024/69391afely8h97rs3uo0aj20u00u0406.jpg?KID=imgbed,tva&Expires=1673963812&ssig=Do8i%2Fn5bq8", "verified_reason": "", "verified_trade": "", "verified_reason_url": "", "verified_source": "", "verified_source_url": "", "follow_me": false, "like": false, "like_me": false, "online_status": 0, "bi_followers_count": 71, "lang": "zh-tw", "star": 0, "mbtype": 0, "mbrank": 0, "svip": 0, "mb_expire_time": 0, "block_word": 0, "block_app": 0, "chaohua_ability": 0, "brand_ability": 0, "nft_ability": 0, "vplus_ability": 0, "wenda_ability": 0, "live_ability": 0, "gongyi_ability": 0, "paycolumn_ability": 0, "newbrand_ability": 0, "ecommerce_ability": 0, "hardfan_ability": 1, "wbcolumn_ability": 0, "credit_score": 80, "user_ability": 35913728, "urank": 32, "story_read_state": -1, "vclub_member": 0, "is_teenager": 0, "is_guardian": 0, "is_teenager_list": 0, "pc_new": 7, "special_follow": false, "planet_video": 2, "video_mark": 2, "live_status": 0, "user_ability_extend": 0, "status_total_counter": {"total_cnt": 1415, "repost_cnt": 50, "comment_cnt": 709, "like_cnt": 518, "comment_like_cnt": 138}, "video_total_counter": {"play_cnt": 6336}, "brand_account": 0, "hongbaofei": 0, "tab_manage": "[0, 0]", "reward_status": 0, "green_mode": 0, "urisk": 0, "avatar_type": 0}, "mid": "4854647070134729", "idstr": "4854647070134729", "status": {"visible": {"type": 0, "list_id": 0}, "created_at": "Thu Jan 05 20:02:02 +0800 2023", "id": 4854641211216728, "idstr": "4854641211216728", "mid": "4854641211216728", "can_edit": false, "version": 1, "show_additional_indication": 0, "text": "#2023年的第一个节气#\n\n二十四节气之『 小寒 』\n寒意最深处，方觉暖意浓\n愿生活不寒，温暖常相伴\n\n@蔡徐坤 #今日小寒# ​", "textLength": 110, "source_allowclick": 0, "source_type": 2, "source": "", "favorited": false, "truncated": false, "in_reply_to_status_id": "", "in_reply_to_user_id": "", "in_reply_to_screen_name": "", "pic_urls": [{"thumbnail_pic": "http://wx3.sinaimg.cn/thumbnail/a94167bcgy1h9st6zu6szj220830cqv6.jpg"}], "thumbnail_pic": "http://wx3.sinaimg.cn/thumbnail/a94167bcgy1h9st6zu6szj220830cqv6.jpg", "bmiddle_pic": "http://wx3.sinaimg.cn/bmiddle/a94167bcgy1h9st6zu6szj220830cqv6.jpg", "original_pic": "http://wx3.sinaimg.cn/large/a94167bcgy1h9st6zu6szj220830cqv6.jpg", "geo": null, "is_paid": false, "mblog_vip_type": 0, "user": {"id": 2839635900, "idstr": "2839635900", "class": 1, "screen_name": "蔡徐坤全球粉丝后援会", "name": "蔡徐坤全球粉丝后援会", "province": "11", "city": "5", "location": "北京 朝阳区", "description": "成立于2012年6月，All For KUN，工作对接与建议邮箱：caixukunfansclub@163.com ；下属组织：蔡徐坤0802号特工投、蔡徐坤的公益小葵花", "url": "", "profile_image_url": "https://tvax1.sinaimg.cn/crop.0.0.1080.1080.50/a94167bcly8gt2wi83zhaj20u00u0q7i.jpg?KID=imgbed,tva&Expires=1673963812&ssig=NcbzoAycCD", "light_ring": false, "cover_image": "https://wx2.sinaimg.cn/crop.0.0.920.300/a94167bcgy1gysjmuioh0j20pk08c0uh.jpg", "cover_image_phone": "https://wx3.sinaimg.cn/crop.0.0.640.640.640/69e273f8gy1h4dejrukzdj20u00u0751.jpg", "profile_url": "809080298", "domain": "", "weihao": "809080298", "gender": "m", "followers_count": 4067971, "followers_count_str": "406.8万", "friends_count": 106, "pagefriends_count": 16, "statuses_count": 22188, "video_status_count": 1681, "video_play_count": 0, "super_topic_not_syn_count": 21, "favourites_count": 23, "created_at": "Tue Jun 19 19:22:26 +0800 2012", "following": false, "allow_all_act_msg": true, "geo_enabled": false, "verified": true, "verified_type": 7, "remark": "", "insecurity": {"sexual_content": false}, "ptype": 0, "allow_all_comment": true, "avatar_large": "https://tvax1.sinaimg.cn/crop.0.0.1080.1080.180/a94167bcly8gt2wi83zhaj20u00u0q7i.jpg?KID=imgbed,tva&Expires=1673963812&ssig=oiLFP1rSiY", "avatar_hd": "https://tvax1.sinaimg.cn/crop.0.0.1080.1080.1024/a94167bcly8gt2wi83zhaj20u00u0q7i.jpg?KID=imgbed,tva&Expires=1673963812&ssig=dMcEpUpd7h", "verified_reason": "蔡徐坤官方后援会", "verified_trade": "1012", "verified_reason_url": "", "verified_source": "", "verified_source_url": "", "verified_state": 0, "verified_level": 3, "verified_type_ext": 50, "pay_remind": 0, "pay_date": "20210910", "has_service_tel": false, "verified_reason_modified": "", "verified_contact_name": "", "verified_contact_email": "", "verified_contact_mobile": "", "follow_me": false, "like": false, "like_me": false, "online_status": 0, "bi_followers_count": 47, "lang": "zh-cn", "star": 0, "mbtype": 12, "mbrank": 8, "svip": 1, "mb_expire_time": 1731081600, "block_word": 1, "block_app": 1, "chaohua_ability": 0, "brand_ability": 0, "nft_ability": 0, "vplus_ability": 0, "wenda_ability": 0, "live_ability": 0, "gongyi_ability": 0, "paycolumn_ability": 0, "newbrand_ability": 0, "ecommerce_ability": 0, "hardfan_ability": 1, "wbcolumn_ability": 0, "credit_score": 80, "user_ability": 11797004, "cardid": "star_1065", "urank": 46, "story_read_state": -1, "vclub_member": 0, "is_teenager": 0, "is_guardian": 0, "is_teenager_list": 0, "pc_new": 7, "special_follow": false, "planet_video": 2, "video_mark": 15, "live_status": 0, "user_ability_extend": 0, "video_cover": {"mid": 4858594762166314}, "status_total_counter": {"total_cnt": 206330948, "repost_cnt": 138091727, "comment_cnt": 13628708, "like_cnt": 52063085, "comment_like_cnt": 2547428}, "video_total_counter": {"play_cnt": 221340227}, "brand_account": 0, "hongbaofei": 0, "tab_manage": "[4329441925, 0]", "reward_status": 0, "green_mode": 0, "urisk": 8589934592, "avatar_type": 0}, "annotations": [{"photo_sub_type": "0"}, {}, {"client_mblogid": "iPhone-3CF5DCD3-CBB2-40C4-B3F8-0AAA70A05B35"}, {"mapi_request": true}], "picStatus": "0:1", "reposts_count": 0, "comments_count": 0, "reprint_cmt_count": 0, "attitudes_count": 0, "pending_approval_count": 0, "isLongText": false, "reward_exhibition_type": 0, "hide_flag": 0, "mlevel": 0, "show_mlevel": 0, "biz_feature": 4294967300, "topic_id": "1022:10080817c0fee819b9c79696a382f9634dbd87", "sync_mblog": true, "is_imported_topic": false, "page_type": 64, "hasActionTypeCard": 0, "darwin_tags": [], "hot_weibo_tags": [], "text_tag_tips": [], "mblogtype": 0, "userType": 0, "more_info_type": 0, "cardid": "star_1065", "number_display_strategy": {"apply_scenario_flag": 3, "display_text_min_number": 1000000, "display_text": "100万+"}, "positive_recom_flag": 0, "content_auth": 0, "gif_ids": "", "is_show_bulletin": 2, "comment_manage_info": {"comment_permission_type": -1, "approval_comment_type": 0, "comment_sort_type": 0, "ai_play_picture_type": 0}, "pic_num": 1, "can_reprint": false, "new_comment_style": 0}, "readtimetype": "comment", "match_ai_play_picture": false}