{"created_at": "Sun Dec 18 17:28:51 +0800 2022", "id": 4848079679528701, "rootid": 4848079679528701, "rootidstr": "4848079679528701", "floor_number": 18, "text": "致敬老兵！", "disable_reply": 0, "restrictOperate": 0, "source_allowclick": 0, "source_type": 4, "source": "<a href=\"\" rel=\"nofollow\">来自广东</a>", "user": {"id": 7378892323, "idstr": "7378892323", "class": 1, "screen_name": "日常搬砖人", "name": "日常搬砖人", "province": "44", "city": "1000", "location": "广东", "description": "", "url": "", "profile_image_url": "https://tvax1.sinaimg.cn/crop.0.0.996.996.50/0083n4Yjly8gni2pw8getj30ro0roq53.jpg?KID=imgbed,tva&Expires=1671390531&ssig=o%2FBBnrmzpF", "light_ring": false, "cover_image_phone": "https://ww1.sinaimg.cn/crop.0.0.640.640.640/9d44112bjw1f1xl1c10tuj20hs0hs0tw.jpg", "profile_url": "u/7378892323", "domain": "", "weihao": "", "gender": "m", "followers_count": 68, "followers_count_str": "68", "friends_count": 88, "pagefriends_count": 0, "statuses_count": 50, "video_status_count": 0, "video_play_count": 0, "super_topic_not_syn_count": 0, "favourites_count": 0, "created_at": "Sun Jan 26 09:12:11 +0800 2020", "following": false, "allow_all_act_msg": false, "geo_enabled": true, "verified": false, "verified_type": -1, "remark": "", "insecurity": {"sexual_content": false}, "ptype": 0, "allow_all_comment": true, "avatar_large": "https://tvax1.sinaimg.cn/crop.0.0.996.996.180/0083n4Yjly8gni2pw8getj30ro0roq53.jpg?KID=imgbed,tva&Expires=1671390531&ssig=Tx9mGJ2UMW", "avatar_hd": "https://tvax1.sinaimg.cn/crop.0.0.996.996.1024/0083n4Yjly8gni2pw8getj30ro0roq53.jpg?KID=imgbed,tva&Expires=1671390531&ssig=0UAjvX8%2BqE", "verified_reason": "", "verified_trade": "", "verified_reason_url": "", "verified_source": "", "verified_source_url": "", "follow_me": false, "like": false, "like_me": false, "online_status": 0, "bi_followers_count": 64, "lang": "zh-cn", "star": 0, "mbtype": 2, "mbrank": 4, "svip": 0, "mb_expire_time": 1643903999, "block_word": 0, "block_app": 0, "chaohua_ability": 0, "brand_ability": 0, "nft_ability": 0, "vplus_ability": 0, "wenda_ability": 0, "live_ability": 0, "gongyi_ability": 0, "paycolumn_ability": 0, "newbrand_ability": 0, "ecommerce_ability": 0, "hardfan_ability": 0, "credit_score": 80, "user_ability": 0, "avatargj_id": "gj_vip_418", "urank": 0, "story_read_state": -1, "vclub_member": 0, "is_teenager": 0, "is_guardian": 0, "is_teenager_list": 0, "pc_new": 0, "special_follow": false, "planet_video": 0, "video_mark": 0, "live_status": 0, "user_ability_extend": 0, "status_total_counter": {"total_cnt": 22, "repost_cnt": 5, "comment_cnt": 4, "like_cnt": 13, "comment_like_cnt": 0}, "video_total_counter": {"play_cnt": -1}, "brand_account": 0, "hongbaofei": 0, "tab_manage": "[0, 0]", "reward_status": 0, "green_mode": 0, "urisk": 0, "avatar_type": 0}, "mid": "4848079679528701", "idstr": "4848079679528701", "status": {"visible": {"type": 0, "list_id": 0}, "created_at": "Fri Dec 16 18:05:36 +0800 2022", "id": 4847364152764497, "idstr": "4847364152764497", "mid": "4847364152764497", "can_edit": false, "version": 2, "show_additional_indication": 0, "text": "【再见老飞！#特级飞行员停飞前与塔台催泪对话公开#[泪]】近日，北部战区海军航空兵某部特级飞行员邓军，完成最后一次驾驶战机飞行后光荣停飞。[作揖]26载翱翔海天，他以战机为笔，以蓝天为卷，用一条条奋飞航线描绘出挚爱一生的忠诚航迹。[给力]“祝贺你军旅生涯完美挂靴，期待你若有战，召必回……” ​", "textLength": 423, "source_allowclick": 0, "source_type": 2, "source": "", "favorited": false, "truncated": false, "in_reply_to_status_id": "", "in_reply_to_user_id": "", "in_reply_to_screen_name": "", "pic_urls": [], "geo": null, "is_paid": false, "mblog_vip_type": 0, "user": {"id": 1037791905, "idstr": "1037791905", "class": 1, "screen_name": "中国退役军人", "name": "中国退役军人", "province": "100", "city": "1000", "location": "其他", "description": "“中国退役军人”是退役军人事务部宣传中心官方信息发布平台，是服务广大退役军人、退役军人工作者及全国双拥工作的权威宣传阵地！", "url": "", "profile_image_url": "https://tvax3.sinaimg.cn/crop.0.0.1080.1080.50/3ddb72a1ly8h8vgf4310yj20u00u0jtc.jpg?KID=imgbed,tva&Expires=1671390531&ssig=Z3p5L5%2BMtt", "light_ring": false, "cover_image_phone": "https://wx4.sinaimg.cn/crop.0.0.640.640.640/3ddb72a1ly1h8vghlv4npj20u00u0wfv.jpg", "profile_url": "u/1037791905", "domain": "", "weihao": "", "gender": "m", "followers_count": 214236, "followers_count_str": "21.4万", "friends_count": 84, "pagefriends_count": 2, "statuses_count": 1211, "video_status_count": 543, "video_play_count": 0, "super_topic_not_syn_count": 0, "favourites_count": 1, "created_at": "Sat Mar 01 06:35:09 +0800 2014", "following": false, "allow_all_act_msg": false, "geo_enabled": true, "verified": true, "verified_type": 1, "remark": "", "insecurity": {"sexual_content": false}, "ptype": 0, "allow_all_comment": false, "avatar_large": "https://tvax3.sinaimg.cn/crop.0.0.1080.1080.180/3ddb72a1ly8h8vgf4310yj20u00u0jtc.jpg?KID=imgbed,tva&Expires=1671390531&ssig=WSg2dKddcy", "avatar_hd": "https://tvax3.sinaimg.cn/crop.0.0.1080.1080.1024/3ddb72a1ly8h8vgf4310yj20u00u0jtc.jpg?KID=imgbed,tva&Expires=1671390531&ssig=dcrSR%2B2hsc", "verified_reason": "退役军人事务部宣传中心官方微博", "verified_trade": "", "verified_reason_url": "", "verified_source": "", "verified_source_url": "", "verified_state": 0, "verified_level": 3, "verified_type_ext": 50, "has_service_tel": false, "verified_reason_modified": "", "verified_contact_name": "", "verified_contact_email": "", "verified_contact_mobile": "", "follow_me": false, "like": false, "like_me": false, "online_status": 0, "bi_followers_count": 58, "lang": "zh-cn", "star": 0, "mbtype": 12, "mbrank": 4, "svip": 0, "mb_expire_time": 1689609600, "block_word": 0, "block_app": 1, "chaohua_ability": 0, "brand_ability": 0, "nft_ability": 0, "vplus_ability": 0, "wenda_ability": 0, "live_ability": 1, "gongyi_ability": 0, "paycolumn_ability": 1, "newbrand_ability": 0, "ecommerce_ability": 0, "hardfan_ability": 1, "credit_score": 80, "user_ability": 2359304, "cardid": "star_1624", "urank": 1, "story_read_state": -1, "vclub_member": 0, "is_teenager": 0, "is_guardian": 0, "is_teenager_list": 0, "pc_new": 7, "special_follow": false, "planet_video": 2, "video_mark": 0, "live_status": 0, "user_ability_extend": 1, "status_total_counter": {"total_cnt": 245776, "repost_cnt": 70294, "comment_cnt": 29463, "like_cnt": 102170, "comment_like_cnt": 43849}, "video_total_counter": {"play_cnt": 40304653}, "brand_account": 0, "hongbaofei": 0, "tab_manage": "[0, 0]", "reward_status": 0, "green_mode": 0, "urisk": 0, "avatar_type": 0}, "annotations": [{}, {}, {"client_mblogid": "iPhone-0B75E372-6E38-4CDB-ABCD-7EED70A1D0B1"}, {"mapi_request": true}], "reposts_count": 0, "comments_count": 0, "reprint_cmt_count": 0, "attitudes_count": 0, "pending_approval_count": 0, "isLongText": true, "reward_exhibition_type": 0, "hide_flag": 0, "mlevel": 0, "show_mlevel": 0, "biz_ids": [230444], "biz_feature": 4294967304, "page_type": 64, "hasActionTypeCard": 0, "darwin_tags": [], "hot_weibo_tags": [], "text_tag_tips": [], "mblogtype": 0, "userType": 0, "more_info_type": 0, "cardid": "star_1624", "positive_recom_flag": 0, "content_auth": 0, "gif_ids": "", "is_show_bulletin": 2, "comment_manage_info": {"comment_permission_type": -1, "approval_comment_type": 0, "comment_sort_type": 0, "ai_play_picture_type": 0}, "pic_num": 0, "fid": 4847363679060005, "can_reprint": false, "new_comment_style": 0}, "readtimetype": "comment", "match_ai_play_picture": false}