{"mid": "3245359303", "uid": "Ml30076rn", "name": "青岛环保", "time": "2022-12-24 11:32:00", "local": "", "iphone": "微博视频号", "context": "【震撼！#4K视频看冰雪能创造多少美景#】冬至，是冬之极致，也有美景的极致！蓝天、云雾、雪山、冰河……一起感受绝美景色↓↓网友：#冰雪大片看出了科幻片的感觉#~@中国国家地理央视新闻的微博视频", "comment_num": "12", "like_num": "7", "user": {"focus": "2529", "fans": "35.8万", "tweet": "67254"}}