{"created_at": "Mon Jan 02 12:24:04 +0800 2023", "id": 4853438795482144, "rootid": 4853438795482144, "rootidstr": "4853438795482144", "floor_number": 831, "text": "[打call][打call][打call]", "disable_reply": 0, "restrictOperate": 0, "source_allowclick": 0, "source_type": 4, "source": "<a href=\"\" rel=\"nofollow\">来自广西</a>", "comment_badge": [{"pic_url": "https://h5.sinaimg.cn/upload/114/962/2022/07/08/member_0_bigfan1_2.png", "name": "loyal_fans", "length": 1.33, "actionlog": {"act_code": "3671", "ext": "status:fans"}, "scheme": "https://kefu.weibo.com/faqdetail?id=20848", "new_icon": true}], "user": {"id": 7810148070, "idstr": "7810148070", "class": 1, "screen_name": "钟-lay13", "name": "钟-lay13", "province": "100", "city": "1000", "location": "其他", "description": "顺境时懂尊重，逆境时有分寸", "url": "", "profile_image_url": "https://tvax3.sinaimg.cn/crop.0.0.1080.1080.50/008wyAialy8h9gifvbx69j30u00u0n0y.jpg?KID=imgbed,tva&Expires=1673959645&ssig=i9FsX8ETHF", "light_ring": false, "profile_url": "u/7810148070", "domain": "", "weihao": "", "gender": "m", "followers_count": 540, "followers_count_str": "540", "friends_count": 49, "pagefriends_count": 3, "statuses_count": 240, "video_status_count": 0, "video_play_count": 0, "super_topic_not_syn_count": 0, "favourites_count": 0, "created_at": "Sun Dec 25 23:31:06 +0800 2022", "following": false, "allow_all_act_msg": false, "geo_enabled": true, "verified": false, "verified_type": -1, "remark": "", "insecurity": {"sexual_content": false}, "ptype": 0, "allow_all_comment": true, "avatar_large": "https://tvax3.sinaimg.cn/crop.0.0.1080.1080.180/008wyAialy8h9gifvbx69j30u00u0n0y.jpg?KID=imgbed,tva&Expires=1673959645&ssig=vAnWA5BdnD", "avatar_hd": "https://tvax3.sinaimg.cn/crop.0.0.1080.1080.1024/008wyAialy8h9gifvbx69j30u00u0n0y.jpg?KID=imgbed,tva&Expires=1673959645&ssig=C%2BgxajhkHK", "verified_reason": "", "verified_trade": "", "verified_reason_url": "", "verified_source": "", "verified_source_url": "", "follow_me": false, "like": false, "like_me": false, "online_status": 0, "bi_followers_count": 14, "lang": "zh-cn", "star": 0, "mbtype": 0, "mbrank": 0, "svip": 0, "mb_expire_time": 0, "block_word": 0, "block_app": 0, "chaohua_ability": 0, "brand_ability": 0, "nft_ability": 0, "vplus_ability": 0, "wenda_ability": 0, "live_ability": 0, "gongyi_ability": 0, "paycolumn_ability": 0, "newbrand_ability": 0, "ecommerce_ability": 0, "hardfan_ability": 0, "wbcolumn_ability": 0, "credit_score": 80, "user_ability": 2097152, "urank": 0, "story_read_state": -1, "vclub_member": 0, "is_teenager": 0, "is_guardian": 0, "is_teenager_list": 0, "pc_new": 0, "special_follow": false, "planet_video": 0, "video_mark": 0, "live_status": 0, "user_ability_extend": 0, "status_total_counter": {"total_cnt": 9, "repost_cnt": 0, "comment_cnt": 9, "like_cnt": 0, "comment_like_cnt": 0}, "video_total_counter": {"play_cnt": -1}, "brand_account": 0, "hongbaofei": 0, "tab_manage": "[0, 0]", "reward_status": 0, "green_mode": 0, "urisk": 0, "avatar_type": 0}, "mid": "4853438795482144", "idstr": "4853438795482144", "status": {"visible": {"type": 0, "list_id": 0}, "created_at": "Mon Jan 02 07:00:01 +0800 2023", "id": 4853357246416029, "idstr": "4853357246416029", "mid": "4853357246416029", "edit_count": 2, "can_edit": false, "edit_at": "Tue Jan 03 12:16:23 +0800 2023", "version": 4, "show_additional_indication": 0, "text": "【#还有不到20天就过年了# 了解关于兔年的知识！】天文科普专家介绍，即将到来的农历癸卯兔年：①因“闰二月”缘故，全年共有384天，从2023年1月22日开始，至2024年2月9日结束；②#这个兔年有两个立春#，即“一年两头春”，也称“双春年”。元旦假期结束，兔年的脚步越来越近，你准备好了吗？（新华社 ​", "textLength": 281, "source_allowclick": 0, "source_type": 1, "source": "<a href=\"http://app.weibo.com/t/feed/xEsRX\" rel=\"nofollow\">新版微博 weibo.com</a>", "favorited": false, "truncated": false, "in_reply_to_status_id": "", "in_reply_to_user_id": "", "in_reply_to_screen_name": "", "pic_urls": [{"thumbnail_pic": "http://wx3.sinaimg.cn/thumbnail/002TLsr9ly1h9okjuxmpuj60ku154jxc02.jpg"}, {"thumbnail_pic": "http://wx2.sinaimg.cn/thumbnail/002TLsr9ly1h9okjv551bj60ku154juo02.jpg"}, {"thumbnail_pic": "http://wx2.sinaimg.cn/thumbnail/002TLsr9ly1h9okjva1pjj60ku154q7202.jpg"}, {"thumbnail_pic": "http://wx4.sinaimg.cn/thumbnail/002TLsr9ly1h9okjvgst7j60ku1540xb02.jpg"}, {"thumbnail_pic": "http://wx3.sinaimg.cn/thumbnail/002TLsr9ly1h9okjvnbekj60ku1547bs02.jpg"}, {"thumbnail_pic": "http://wx3.sinaimg.cn/thumbnail/002TLsr9ly1h9okjvt2e8j60ku1547as02.jpg"}, {"thumbnail_pic": "http://wx1.sinaimg.cn/thumbnail/002TLsr9ly1h9okjvzu0uj60ku15445t02.jpg"}, {"thumbnail_pic": "http://wx3.sinaimg.cn/thumbnail/002TLsr9ly1h9okjw7e4yj60ku154dk902.jpg"}, {"thumbnail_pic": "http://wx1.sinaimg.cn/thumbnail/002TLsr9ly1h9okjwdf47j60ku154dka02.jpg"}], "thumbnail_pic": "http://wx3.sinaimg.cn/thumbnail/002TLsr9ly1h9okjuxmpuj60ku154jxc02.jpg", "bmiddle_pic": "http://wx3.sinaimg.cn/bmiddle/002TLsr9ly1h9okjuxmpuj60ku154jxc02.jpg", "original_pic": "http://wx3.sinaimg.cn/large/002TLsr9ly1h9okjuxmpuj60ku154jxc02.jpg", "geo": null, "is_paid": false, "mblog_vip_type": 0, "user": {"id": 2656274875, "idstr": "2656274875", "class": 1, "screen_name": "央视新闻", "name": "央视新闻", "province": "11", "city": "1000", "location": "北京", "description": "“央视新闻”是中央广播电视总台新闻新媒体旗舰账号，是总台重大新闻、突发事件和重要报道的首发平台。", "url": "", "profile_image_url": "https://tvax4.sinaimg.cn/crop.0.0.512.512.50/002TLsr9ly8h9qmpgpv09j60e80e8t8z02.jpg?KID=imgbed,tva&Expires=1673959645&ssig=pufiUoiiOU", "light_ring": false, "cover_image": "https://wx3.sinaimg.cn/crop.0.0.920.300/002TLsr9ly1h7fo0mm2puj60pk08c40x02.jpg", "cover_image_phone": "https://wx1.sinaimg.cn/crop.0.0.640.640.640/002TLsr9ly1gs5eyrchgpj60zo0zot9m02.jpg", "profile_url": "cctvxinwen", "domain": "cctvxinwen", "weihao": "", "gender": "m", "followers_count": 130807012, "followers_count_str": "1.31亿", "friends_count": 2738, "pagefriends_count": 2361, "statuses_count": 162805, "video_status_count": 30483, "video_play_count": 0, "super_topic_not_syn_count": 0, "favourites_count": 160, "created_at": "Wed Mar 07 15:11:13 +0800 2012", "following": false, "allow_all_act_msg": true, "geo_enabled": true, "verified": true, "verified_type": 3, "remark": "", "insecurity": {"sexual_content": false}, "ptype": 200, "allow_all_comment": true, "avatar_large": "https://tvax4.sinaimg.cn/crop.0.0.512.512.180/002TLsr9ly8h9qmpgpv09j60e80e8t8z02.jpg?KID=imgbed,tva&Expires=1673959645&ssig=zUcIyzvd6w", "avatar_hd": "https://tvax4.sinaimg.cn/crop.0.0.512.512.1024/002TLsr9ly8h9qmpgpv09j60e80e8t8z02.jpg?KID=imgbed,tva&Expires=1673959645&ssig=c%2F6gyinxh2", "verified_reason": "中央广播电视总台央视新闻官方账号", "verified_trade": "", "verified_reason_url": "", "verified_source": "", "verified_source_url": "", "verified_state": 2, "verified_level": 3, "verified_type_ext": 0, "has_service_tel": false, "verified_reason_modified": "江苏省大丰区公安局官方微博", "verified_contact_name": "", "verified_contact_email": "", "verified_contact_mobile": "", "follow_me": false, "like": false, "like_me": false, "online_status": 0, "bi_followers_count": 352, "lang": "zh-cn", "star": 0, "mbtype": 12, "mbrank": 7, "svip": 0, "mb_expire_time": 1992614400, "block_word": 1, "block_app": 1, "chaohua_ability": 0, "brand_ability": 0, "nft_ability": 0, "vplus_ability": 0, "wenda_ability": 0, "live_ability": 1, "gongyi_ability": 0, "paycolumn_ability": 0, "newbrand_ability": 0, "ecommerce_ability": 0, "hardfan_ability": 1, "wbcolumn_ability": 0, "credit_score": 80, "user_ability": -2135621108, "urank": 48, "story_read_state": -1, "vclub_member": 0, "is_teenager": 0, "is_guardian": 0, "is_teenager_list": 1, "pc_new": 7, "special_follow": false, "planet_video": 2, "video_mark": 15, "live_status": 0, "user_ability_extend": 1, "status_total_counter": {"total_cnt": 3150046597, "repost_cnt": 1027973466, "comment_cnt": 204940421, "like_cnt": 1025177274, "comment_like_cnt": 891955436}, "video_total_counter": {"play_cnt": 72321369659}, "brand_account": 0, "hongbaofei": 0, "tab_manage": "[283691264248460, 0]", "reward_status": 0, "green_mode": 0, "urisk": 0, "avatar_type": 0}, "picStatus": "0:1,1:1,2:1,3:1,4:1,5:1,6:1,7:1,8:1", "reposts_count": 0, "comments_count": 0, "reprint_cmt_count": 0, "attitudes_count": 0, "pending_approval_count": 0, "isLongText": true, "reward_exhibition_type": 0, "hide_flag": 0, "mlevel": 0, "show_mlevel": 0, "biz_feature": 0, "page_type": 64, "hasActionTypeCard": 0, "darwin_tags": [], "hot_weibo_tags": [], "text_tag_tips": [], "mblogtype": 0, "userType": 0, "more_info_type": 0, "positive_recom_flag": 0, "content_auth": 0, "gif_ids": "", "is_show_bulletin": 2, "comment_manage_info": {"comment_permission_type": -1, "approval_comment_type": 0, "comment_sort_type": 0, "ai_play_picture_type": 0}, "pic_num": 12, "can_reprint": false, "new_comment_style": 0}, "readtimetype": "comment", "match_ai_play_picture": false}