{"created_at": "Wed Dec 07 16:38:35 +0800 2022", "id": 4844080762983239, "rootid": 4844080762983239, "rootidstr": "4844080762983239", "floor_number": 4, "text": "预防感染和多次感染就是大问题了[哈哈][哈哈]", "disable_reply": 0, "restrictOperate": 0, "source_allowclick": 0, "source_type": 4, "source": "<a href=\"\" rel=\"nofollow\">来自重庆</a>", "comment_badge": [{"pic_url": "https://h5.sinaimg.cn/upload/114/962/2022/07/08/member_0_bigfan2_4.png", "name": "loyal_fans", "length": 1.33, "actionlog": {"act_code": "3671", "ext": "status:fans"}, "scheme": "https://kefu.weibo.com/faqdetail?id=20848", "new_icon": true}], "user": {"id": 2446088545, "idstr": "2446088545", "class": 1, "screen_name": "茶香醉秦权", "name": "茶香醉秦权", "province": "50", "city": "1000", "location": "重庆", "description": "", "url": "", "profile_image_url": "https://tvax3.sinaimg.cn/crop.0.0.996.996.50/91cc5961ly8fjuz8bsws7j20ro0roq8q.jpg?KID=imgbed,tva&Expires=1670526218&ssig=%2Bl%2FnzENLOj", "light_ring": false, "cover_image_phone": "https://ww1.sinaimg.cn/crop.0.0.640.640.640/549d0121tw1egm1kjly3jj20hs0hsq4f.jpg", "profile_url": "u/2446088545", "domain": "", "weihao": "", "gender": "m", "followers_count": 206, "followers_count_str": "206", "friends_count": 404, "pagefriends_count": 6, "statuses_count": 3, "video_status_count": 0, "video_play_count": 0, "super_topic_not_syn_count": 0, "favourites_count": 2538, "created_at": "Sat Nov 05 10:02:15 +0800 2011", "following": false, "allow_all_act_msg": false, "geo_enabled": true, "verified": false, "verified_type": -1, "remark": "", "insecurity": {"sexual_content": false}, "ptype": 0, "allow_all_comment": true, "avatar_large": "https://tvax3.sinaimg.cn/crop.0.0.996.996.180/91cc5961ly8fjuz8bsws7j20ro0roq8q.jpg?KID=imgbed,tva&Expires=1670526218&ssig=aalL2f3HWH", "avatar_hd": "https://tvax3.sinaimg.cn/crop.0.0.996.996.1024/91cc5961ly8fjuz8bsws7j20ro0roq8q.jpg?KID=imgbed,tva&Expires=1670526218&ssig=%2BuxFQMfKEW", "verified_reason": "", "verified_trade": "", "verified_reason_url": "", "verified_source": "", "verified_source_url": "", "follow_me": false, "like": false, "like_me": false, "online_status": 0, "bi_followers_count": 17, "lang": "zh-cn", "star": 0, "mbtype": 0, "mbrank": 0, "svip": 0, "mb_expire_time": 0, "block_word": 0, "block_app": 0, "chaohua_ability": 0, "brand_ability": 0, "nft_ability": 0, "vplus_ability": 0, "wenda_ability": 0, "live_ability": 0, "gongyi_ability": 0, "paycolumn_ability": 0, "newbrand_ability": 0, "ecommerce_ability": 0, "hardfan_ability": 0, "credit_score": 80, "user_ability": 2097152, "urank": 33, "story_read_state": -1, "vclub_member": 0, "is_teenager": 0, "is_guardian": 0, "is_teenager_list": 0, "pc_new": 7, "special_follow": false, "planet_video": 0, "video_mark": 0, "live_status": 0, "user_ability_extend": 0, "status_total_counter": {"total_cnt": 15, "repost_cnt": 0, "comment_cnt": 6, "like_cnt": 9, "comment_like_cnt": 0}, "video_total_counter": {"play_cnt": -1}, "brand_account": 0, "hongbaofei": 0, "tab_manage": "[0, 0]", "reward_status": 0, "green_mode": 0, "urisk": 0, "avatar_type": 0}, "mid": "4844080762983239", "idstr": "4844080762983239", "status": {"visible": {"type": 0, "list_id": 0}, "created_at": "Wed Dec 07 15:23:57 +0800 2022", "id": 4844061980102446, "idstr": "4844061980102446", "mid": "4844061980102446", "can_edit": false, "version": 4, "show_additional_indication": 0, "text": "#新十条##不再对跨地区流动人员查验健康码#\n昨天看某個新聞知道要發新十條\n就心理有底\n應該要全部放開了\n\n不檢查健康碼\n確診有選擇居家或集中\n不能隨意封控、停工\n\n差不多是可以正常生活了\n喝茶、遛狗[哈哈] http://t.cn/A6KiuiUf ​", "textLength": 213, "source_allowclick": 0, "source_type": 2, "source": "<a href=\"http://weibo.com/\" rel=\"nofollow\">iPhone 12 Pro Max</a>", "favorited": false, "truncated": false, "in_reply_to_status_id": "", "in_reply_to_user_id": "", "in_reply_to_screen_name": "", "pic_urls": [], "geo": null, "is_paid": false, "mblog_vip_type": 0, "user": {"id": 1286517275, "idstr": "1286517275", "class": 1, "screen_name": "石昆牧", "name": "石昆牧", "province": "71", "city": "2", "location": "台湾 高雄市", "description": "2001年古樹與乾倉主要推動者。台灣普茶莊、經典普洱論壇、石昆牧經典茶文化、天威德成文化傳播公司創辦人。著＂經典普洱＂迷上普洱＂名辭釋義＂等。", "url": "http://blog.sina.com.cn/kmhc", "profile_image_url": "https://tvax4.sinaimg.cn/crop.0.0.1080.1080.50/4caeb21bly8h6wy6m6i0ej20u00u0t9y.jpg?KID=imgbed,tva&Expires=1670526218&ssig=4P5jiIjr0v", "light_ring": false, "cover_image_phone": "https://ww1.sinaimg.cn/crop.0.0.640.640.640/549d0121tw1egm1kjly3jj20hs0hsq4f.jpg", "profile_url": "kmhc", "domain": "kmhc", "weihao": "", "gender": "m", "followers_count": 497730, "followers_count_str": "49.8万", "friends_count": 273, "pagefriends_count": 4, "statuses_count": 24079, "video_status_count": 139, "video_play_count": 0, "super_topic_not_syn_count": 1, "favourites_count": 73, "created_at": "Fri Sep 04 20:46:56 +0800 2009", "following": false, "allow_all_act_msg": true, "geo_enabled": true, "verified": true, "verified_type": 0, "remark": "", "insecurity": {"sexual_content": false}, "ptype": 0, "allow_all_comment": true, "avatar_large": "https://tvax4.sinaimg.cn/crop.0.0.1080.1080.180/4caeb21bly8h6wy6m6i0ej20u00u0t9y.jpg?KID=imgbed,tva&Expires=1670526218&ssig=QNzApb0PL8", "avatar_hd": "https://tvax4.sinaimg.cn/crop.0.0.1080.1080.1024/4caeb21bly8h6wy6m6i0ej20u00u0t9y.jpg?KID=imgbed,tva&Expires=1670526218&ssig=ZSCk6dkivf", "verified_reason": "台湾普洱大师，资深茶人", "verified_trade": "1153", "verified_reason_url": "", "verified_source": "", "verified_source_url": "", "verified_state": 0, "verified_level": 3, "verified_type_ext": 1, "has_service_tel": false, "verified_reason_modified": "", "verified_contact_name": "", "verified_contact_email": "", "verified_contact_mobile": "", "follow_me": false, "like": false, "like_me": false, "online_status": 0, "bi_followers_count": 234, "lang": "zh-cn", "star": 0, "mbtype": 12, "mbrank": 7, "svip": 0, "mb_expire_time": 1722096000, "block_word": 0, "block_app": 1, "chaohua_ability": 0, "brand_ability": 0, "nft_ability": 0, "vplus_ability": 1, "wenda_ability": 1, "live_ability": 0, "gongyi_ability": 0, "paycolumn_ability": 0, "newbrand_ability": 0, "ecommerce_ability": 0, "hardfan_ability": 0, "ability_tags": "各地美食,户外健身,旅游美食,旅游酒店", "credit_score": 80, "user_ability": 10881544, "urank": 48, "story_read_state": -1, "verified_detail": {"custom": 0, "data": [{"key": 1, "sub_key": 0, "weight": 10, "desc": "台湾普洱大师，资深茶人", "timestamp": 0, "verify_extend": {"real_name_verified": "1"}}]}, "vclub_member": 0, "is_teenager": 0, "is_guardian": 0, "is_teenager_list": 0, "pc_new": 7, "special_follow": false, "planet_video": 2, "video_mark": 15, "live_status": 0, "user_ability_extend": 1, "status_total_counter": {"total_cnt": 885510, "repost_cnt": 88359, "comment_cnt": 430370, "like_cnt": 361312, "comment_like_cnt": 5469}, "video_total_counter": {"play_cnt": 1394618}, "brand_account": 0, "hongbaofei": 0, "tab_manage": "[0, 0]", "reward_status": 0, "green_mode": 0, "urisk": 0, "avatar_type": 0}, "annotations": [{}, {}, {"client_mblogid": "iPhone-863F7024-279B-4C36-B153-77FD25F1D39B"}, {"mapi_request": true}], "reposts_count": 0, "comments_count": 0, "reprint_cmt_count": 0, "attitudes_count": 0, "pending_approval_count": 0, "isLongText": false, "reward_exhibition_type": 0, "hide_flag": 0, "mlevel": 0, "show_mlevel": 0, "biz_ids": [230444], "biz_feature": 4294967304, "page_type": 64, "hasActionTypeCard": 0, "darwin_tags": [], "hot_weibo_tags": [], "text_tag_tips": [], "mblogtype": 0, "userType": 0, "more_info_type": 0, "number_display_strategy": {"apply_scenario_flag": 3, "display_text_min_number": 1000000, "display_text": "100万+"}, "positive_recom_flag": 0, "content_auth": 0, "gif_ids": "", "is_show_bulletin": 2, "comment_manage_info": {"comment_permission_type": -1, "approval_comment_type": 0, "comment_sort_type": 0, "ai_play_picture_type": 0}, "pic_num": 0, "fid": 4844061763567637, "can_reprint": false, "new_comment_style": 0}, "readtimetype": "comment", "sync_id": 4844061763567637, "sync_uuid": 4844061763567637, "sync_generate_level": 1, "match_ai_play_picture": false}