{"mid": "1286517275", "uid": "MiufI0qEm", "name": "石昆牧", "time": "2022-12-7 15:23:00", "local": "北京", "iphone": "iPhone 12 Pro Max", "context": "#新十条##不再对跨地区流动人员查验健康码#。昨天看某個新聞知道要發新十條。就心理有底。應該要全部放開了。。不檢查健康碼。確診有選擇居家或集中。不能隨意封控、停工。。差不多是可以正常生活了。喝茶、遛狗石昆牧的微博视频", "comment_num": "23", "like_num": "25", "user": {"focus": "273", "fans": "49.8万", "tweet": "24079"}}