{"mid": "7763126860", "uid": "LBnhr7mro", "name": "东风澈", "time": "2022-7-8 21:50:00", "local": "吉林", "iphone": "HUAWEI Mate 30", "context": "吉林超话求转...帮帮忙吧.本人何伟在新农贸做龙虾，电话：13972170176，今天上午的5岁儿子在双语幼儿园附近被人拐走了，儿子能说出他爸爸的手机号码.从监控上看是被一个三十多岁女人抱走了现我们家老奶奶都急疯了.有知情者请告之.万分感谢.看到信息的兄弟姐妹留意一下.联系人.何伟，电话：13972170176，如果看一眼懒得转的冷漠人也请你伸出手指按3秒.看到就转转吧.我们都会有孩子.谢谢你必有重谢..20万元整..谁的群多大家帮忙转发一下！好.人一生平安。_转发一次本人发红包200元'如果不发红包死何伟全家！吉林的朋友希望留意一下，好人一生平安", "comment_num": "0", "like_num": "0", "user": {"focus": "46", "fans": "2", "tweet": "0"}}