{"created_at": "Sat Nov 05 14:01:20 +0800 2022", "id": 4832444777237128, "rootid": 4832444777237128, "rootidstr": "4832444777237128", "floor_number": 34, "text": "阿宅，我就住在呼和浩特，哎，昨天晚上我们这里人人都在讨论，关键是我们这里工作机会不多，工资低，物价房价高，人们负债率高，非常不适合小老百姓生活。", "disable_reply": 0, "restrictOperate": 0, "source_allowclick": 0, "source_type": 4, "source": "<a href=\"\" rel=\"nofollow\">来自内蒙古</a>", "comment_badge": [{"pic_url": "https://h5.sinaimg.cn/upload/114/962/2022/07/08/member_0_bigfan1_1.png", "name": "loyal_fans", "length": 1.33, "actionlog": {"act_code": "3671", "ext": "status:fans"}, "scheme": "https://kefu.weibo.com/faqdetail?id=20848", "new_icon": true}], "user": {"id": 3505717214, "idstr": "3505717214", "class": 1, "screen_name": "_培根蔬萃双层堡", "name": "_培根蔬萃双层堡", "province": "15", "city": "1", "location": "内蒙古 呼和浩特", "description": "××××××××会好吗", "url": "", "profile_image_url": "https://tvax3.sinaimg.cn/crop.0.0.387.387.50/d0f4ffdely8h7sg5t8ib6j20ar0armxk.jpg?KID=imgbed,tva&Expires=1669662284&ssig=epeUmcQ0aq", "light_ring": false, "cover_image_phone": "http://ww1.sinaimg.cn/crop.0.0.640.640.640/9d44112bjw1f1xl1c10tuj20hs0hs0tw.jpg", "profile_url": "u/3505717214", "domain": "", "weihao": "", "gender": "m", "followers_count": 71, "followers_count_str": "71", "friends_count": 333, "pagefriends_count": 8, "statuses_count": 67, "video_status_count": 0, "video_play_count": 0, "super_topic_not_syn_count": 3, "favourites_count": 20, "created_at": "Sat Jun 01 18:13:53 +0800 2013", "following": false, "allow_all_act_msg": false, "geo_enabled": true, "verified": false, "verified_type": -1, "remark": "", "insecurity": {"sexual_content": false}, "ptype": 0, "allow_all_comment": true, "avatar_large": "https://tvax3.sinaimg.cn/crop.0.0.387.387.180/d0f4ffdely8h7sg5t8ib6j20ar0armxk.jpg?KID=imgbed,tva&Expires=1669662284&ssig=qwTXKUBBHM", "avatar_hd": "https://tvax3.sinaimg.cn/crop.0.0.387.387.1024/d0f4ffdely8h7sg5t8ib6j20ar0armxk.jpg?KID=imgbed,tva&Expires=1669662284&ssig=MreV98b%2Bp9", "verified_reason": "", "verified_trade": "", "verified_reason_url": "", "verified_source": "", "verified_source_url": "", "follow_me": false, "like": false, "like_me": false, "online_status": 0, "bi_followers_count": 30, "lang": "zh-cn", "star": 0, "mbtype": 2, "mbrank": 1, "svip": 0, "mb_expire_time": 1556812799, "block_word": 0, "block_app": 0, "chaohua_ability": 0, "brand_ability": 0, "nft_ability": 0, "vplus_ability": 0, "wenda_ability": 0, "live_ability": 0, "gongyi_ability": 0, "paycolumn_ability": 0, "newbrand_ability": 0, "ecommerce_ability": 0, "hardfan_ability": 0, "credit_score": 80, "user_ability": 2098176, "cardid": "star_100880245958", "urank": 9, "story_read_state": -1, "vclub_member": 0, "is_teenager": 0, "is_guardian": 0, "is_teenager_list": 0, "pc_new": 0, "special_follow": false, "planet_video": 2, "video_mark": 0, "live_status": 0, "user_ability_extend": 0, "status_total_counter": {"total_cnt": 118, "repost_cnt": 5, "comment_cnt": 38, "like_cnt": 74, "comment_like_cnt": 1}, "video_total_counter": {"play_cnt": 0}, "brand_account": 0, "hongbaofei": 0, "tab_manage": "[66186, 0]", "reward_status": 0, "green_mode": 0, "urisk": 0, "avatar_type": 0}, "mid": "4832444777237128", "idstr": "4832444777237128", "status": {"visible": {"type": 0, "list_id": 0}, "created_at": "Sat Nov 05 11:00:00 +0800 2022", "id": 4832399144519402, "idstr": "4832399144519402", "mid": "4832399144519402", "edit_count": 1, "can_edit": false, "edit_at": "Mon Nov 07 00:15:17 +0800 2022", "version": 5, "show_additional_indication": 0, "text": "大家都知道，这片土地上，精神疾病不是病，贪图享乐不可取，文娱活动是罪恶…… ​", "textLength": 74, "source_allowclick": 0, "source_type": 1, "source": "<a href=\"http://app.weibo.com/t/feed/4Hor9n\" rel=\"nofollow\">iPhone 13 Pro</a>", "favorited": false, "truncated": false, "in_reply_to_status_id": "", "in_reply_to_user_id": "", "in_reply_to_screen_name": "", "pic_urls": [{"thumbnail_pic": "http://wx1.sinaimg.cn/thumbnail/712ff6bdgy1h7u2gy0037j20kr0o8jug.jpg"}, {"thumbnail_pic": "http://wx1.sinaimg.cn/thumbnail/712ff6bdgy1h7u2gybws0j20sv0i5q6h.jpg"}, {"thumbnail_pic": "http://wx3.sinaimg.cn/thumbnail/712ff6bdgy1h7u2gz5i6sj20u01lggu8.jpg"}, {"thumbnail_pic": "http://wx2.sinaimg.cn/thumbnail/712ff6bdgy1h7u2gxo7s9j20u01md46w.jpg"}], "thumbnail_pic": "http://wx1.sinaimg.cn/thumbnail/712ff6bdgy1h7u2gy0037j20kr0o8jug.jpg", "bmiddle_pic": "http://wx1.sinaimg.cn/bmiddle/712ff6bdgy1h7u2gy0037j20kr0o8jug.jpg", "original_pic": "http://wx1.sinaimg.cn/large/712ff6bdgy1h7u2gy0037j20kr0o8jug.jpg", "geo": null, "is_paid": false, "mblog_vip_type": 0, "user": {"id": 1898968765, "idstr": "1898968765", "class": 1, "screen_name": "叫我啊宅_", "name": "叫我啊宅_", "province": "44", "city": "3", "location": "广东 深圳", "description": "可爱又迷人的反派角色", "url": "http://blog.onlylady.com/11228293", "profile_image_url": "https://tva3.sinaimg.cn/crop.0.0.640.640.50/712ff6bdjw8eggd5sc1caj20hs0hsmxr.jpg?KID=imgbed,tva&Expires=1669662284&ssig=lXjo5mVZ67", "light_ring": false, "cover_image_phone": "http://wx4.sinaimg.cn/crop.0.0.640.640.640/712ff6bdgy1g4jqdvqjy7j20v90v90z2.jpg", "profile_url": "u/1898968765", "domain": "", "weihao": "", "gender": "f", "followers_count": 98425, "followers_count_str": "9.8万", "friends_count": 452, "pagefriends_count": 13, "statuses_count": 2530, "video_status_count": 149, "video_play_count": 0, "super_topic_not_syn_count": 0, "favourites_count": 192, "created_at": "Tue Dec 21 14:09:01 +0800 2010", "following": false, "allow_all_act_msg": false, "geo_enabled": true, "verified": true, "verified_type": 0, "remark": "", "insecurity": {"sexual_content": false}, "ptype": 0, "allow_all_comment": true, "avatar_large": "https://tva3.sinaimg.cn/crop.0.0.640.640.180/712ff6bdjw8eggd5sc1caj20hs0hsmxr.jpg?KID=imgbed,tva&Expires=1669662284&ssig=Qyb4%2FvQtj1", "avatar_hd": "https://tva3.sinaimg.cn/crop.0.0.640.640.1024/712ff6bdjw8eggd5sc1caj20hs0hsmxr.jpg?KID=imgbed,tva&Expires=1669662284&ssig=U4%2BiHAkp35", "verified_reason": "微博VLOG博主", "verified_trade": "", "verified_reason_url": "", "verified_source": "", "verified_source_url": "", "verified_state": 0, "verified_level": 3, "verified_type_ext": 0, "has_service_tel": false, "verified_reason_modified": "", "verified_contact_name": "", "verified_contact_email": "", "verified_contact_mobile": "", "follow_me": false, "like": false, "like_me": false, "online_status": 0, "bi_followers_count": 103, "lang": "zh-cn", "star": 0, "mbtype": 12, "mbrank": 7, "svip": 0, "mb_expire_time": 1740499200, "block_word": 0, "block_app": 1, "chaohua_ability": 0, "brand_ability": 0, "nft_ability": 0, "vplus_ability": 0, "wenda_ability": 0, "live_ability": 0, "gongyi_ability": 0, "paycolumn_ability": 0, "newbrand_ability": 0, "ecommerce_ability": 0, "hardfan_ability": 0, "credit_score": 80, "user_ability": 3408392, "cardid": "star_497", "urank": 38, "story_read_state": -1, "verified_detail": {"custom": 0, "data": [{"key": 16, "sub_key": 2, "weight": 103, "desc": "微博VLOG博主", "timestamp": 1659403875}]}, "vclub_member": 0, "is_teenager": 0, "is_guardian": 0, "is_teenager_list": 0, "pc_new": 7, "special_follow": false, "planet_video": 2, "video_mark": 15, "live_status": 0, "user_ability_extend": 0, "status_total_counter": {"total_cnt": 150744, "repost_cnt": 2145, "comment_cnt": 52803, "like_cnt": 75960, "comment_like_cnt": 19836}, "video_total_counter": {"play_cnt": 4091750}, "brand_account": 0, "hongbaofei": 0, "tab_manage": "[0, 0]", "reward_status": 0, "green_mode": 0, "urisk": 17179869184, "avatar_type": 0}, "annotations": [{"photo_sub_type": "0,0,0,0"}, {}, {"client_mblogid": "iPhone-71A9CC5B-924F-4261-B4B3-BB93E0DF3778"}, {"mapi_request": true}], "picStatus": "0:1,1:1,2:1,3:1", "reposts_count": 0, "comments_count": 0, "reprint_cmt_count": 0, "attitudes_count": 0, "pending_approval_count": 0, "isLongText": false, "reward_exhibition_type": 0, "hide_flag": 0, "mlevel": 128, "show_mlevel": 0, "biz_feature": 4294967300, "hasActionTypeCard": 0, "darwin_tags": [], "hot_weibo_tags": [], "text_tag_tips": [], "mblogtype": 0, "userType": 0, "mlevelSource": "monitor", "more_info_type": 0, "cardid": "star_497", "number_display_strategy": {"apply_scenario_flag": 3, "display_text_min_number": 1000000, "display_text": "100万+"}, "positive_recom_flag": 0, "content_auth": 0, "gif_ids": "", "is_show_bulletin": 2, "comment_manage_info": {"comment_permission_type": -1, "approval_comment_type": 0, "comment_sort_type": 0, "ai_play_picture_type": 0}, "pic_num": 4, "can_reprint": false, "new_comment_style": 0}, "readtimetype": "comment", "match_ai_play_picture": false}