{"created_at": "Mon Sep 19 06:53:22 +0800 2022", "id": 4815304847263891, "rootid": 4815304847263891, "rootidstr": "4815304847263891", "floor_number": 1, "text": "转发微博", "disable_reply": 0, "restrictOperate": 0, "source_allowclick": 0, "source_type": 4, "source": "<a href=\"\" rel=\"nofollow\">来自江苏</a>", "comment_badge": [{"pic_url": "https://h5.sinaimg.cn/upload/114/962/2022/07/08/member_7_bigfan2_4.png", "name": "loyal_fans", "length": 1.33, "actionlog": {"act_code": "3671", "ext": "status:fans"}, "scheme": "https://kefu.weibo.com/faqdetail?id=20848", "new_icon": true}], "user": {"id": 2504921743, "idstr": "2504921743", "class": 1, "screen_name": "可怜开心果晓菁", "name": "可怜开心果晓菁", "province": "32", "city": "1000", "location": "江苏", "description": "人心是一点点凉！做人留一线日后好相见！亲情也是一点点淡的放宽心前方一片光明，坚定自己的信念。做自己想做的事让别人说去吧！终究胜利的是自己加油", "url": "", "profile_image_url": "https://tvax4.sinaimg.cn/crop.0.0.1080.1080.50/954e128fly8h8fvteob7kj20u00u0tau.jpg?KID=imgbed,tva&Expires=1669711631&ssig=J5FnM6JgNU", "light_ring": false, "cover_image_phone": "http://wx2.sinaimg.cn/crop.0.0.640.640.640/954e128fly1h73rk5dmocj20qo0zkjt2.jpg", "profile_url": "u/2504921743", "domain": "", "weihao": "", "gender": "f", "followers_count": 3043, "followers_count_str": "3043", "friends_count": 10535, "pagefriends_count": 815, "statuses_count": 109127, "video_status_count": 38, "video_play_count": 0, "super_topic_not_syn_count": 2044, "favourites_count": 64, "created_at": "Tue Mar 04 18:46:18 +0800 2014", "following": false, "allow_all_act_msg": false, "geo_enabled": true, "verified": true, "verified_type": 0, "remark": "", "insecurity": {"sexual_content": false}, "ptype": 0, "allow_all_comment": true, "avatar_large": "https://tvax4.sinaimg.cn/crop.0.0.1080.1080.180/954e128fly8h8fvteob7kj20u00u0tau.jpg?KID=imgbed,tva&Expires=1669711631&ssig=usa3OOvX1G", "avatar_hd": "https://tvax4.sinaimg.cn/crop.0.0.1080.1080.1024/954e128fly8h8fvteob7kj20u00u0tau.jpg?KID=imgbed,tva&Expires=1669711631&ssig=9BnpKSb6hU", "verified_reason": "公益博主 超话粉丝大咖（微公益超话）", "verified_trade": "", "verified_reason_url": "", "verified_source": "", "verified_source_url": "", "verified_state": 0, "verified_level": 3, "verified_type_ext": 0, "has_service_tel": false, "verified_reason_modified": "", "verified_contact_name": "", "verified_contact_email": "", "verified_contact_mobile": "", "follow_me": false, "like": false, "like_me": false, "online_status": 0, "bi_followers_count": 2806, "lang": "zh-cn", "star": 0, "mbtype": 12, "mbrank": 7, "svip": 0, "mb_expire_time": 3538051200, "block_word": 0, "block_app": 1, "chaohua_ability": 0, "brand_ability": 0, "nft_ability": 0, "vplus_ability": 0, "wenda_ability": 0, "live_ability": 0, "gongyi_ability": 0, "paycolumn_ability": 0, "newbrand_ability": 0, "ecommerce_ability": 0, "hardfan_ability": 0, "credit_score": 80, "user_ability": -2145124352, "cardid": "star_1624", "avatargj_id": "gj_vip_660", "urank": 31, "story_read_state": -1, "verified_detail": {"custom": 1, "data": [{"key": 2, "sub_key": 0, "weight": 10, "desc": "公益博主"}, {"key": 8, "sub_key": 0, "weight": 102, "desc": "超话粉丝大咖（微公益超话）"}]}, "vclub_member": 0, "is_teenager": 0, "is_guardian": 1, "is_teenager_list": 0, "pc_new": 0, "special_follow": false, "planet_video": 2, "video_mark": 2, "live_status": 0, "user_ability_extend": 0, "status_total_counter": {"total_cnt": 45538, "repost_cnt": 2584, "comment_cnt": 8011, "like_cnt": 34769, "comment_like_cnt": 174}, "video_total_counter": {"play_cnt": 9373}, "brand_account": 0, "hongbaofei": 0, "tab_manage": "[0, 0]", "reward_status": 0, "green_mode": 0, "mb_like_privilege": {"like_id": "0001_19", "like_desc": ""}, "urisk": 17179869184, "avatar_type": 0}, "mid": "4815304847263891", "idstr": "4815304847263891", "status": {"visible": {"type": 0, "list_id": 0}, "created_at": "Mon Sep 19 06:48:33 +0800 2022", "id": 4815303634061458, "idstr": "4815303634061458", "mid": "4815303634061458", "can_edit": false, "version": 2, "show_additional_indication": 0, "text": "【#差点信了#：俄罗斯男子发现带编号的蚊子，细思极恐？】近日，一段短视频在国内外社交平台上热传，视频中的男子疑似抓到了写有编号“36”或“38”的“蚊子”。观众们纷纷猜测，这难道真的是哪个实验室出来的生物武器？其实，视频中的昆虫并非蚊子，而是一种俗称“银桦蚜”的蚜虫。银桦蚜身上的斑点是 ​", "textLength": 343, "source_allowclick": 1, "source_type": 2, "source": "", "favorited": false, "truncated": false, "in_reply_to_status_id": "", "in_reply_to_user_id": "", "in_reply_to_screen_name": "", "pic_urls": [], "geo": null, "is_paid": false, "mblog_vip_type": 0, "user": {"id": 5610755802, "idstr": "5610755802", "class": 1, "screen_name": "大庆网警巡查执法", "name": "大庆网警巡查执法", "province": "23", "city": "1000", "location": "黑龙江", "description": "大庆市公安局网警网上巡查执法账号，维护网上治安秩序，共建文明、和谐、清朗的网络空间", "url": "", "profile_image_url": "https://tvax3.sinaimg.cn/crop.0.0.994.994.50/0067I9Tkly8h79805nfewj30rm0rmacf.jpg?KID=imgbed,tva&Expires=1669711631&ssig=HmkPs8BscE", "light_ring": false, "cover_image": "http://ww4.sinaimg.cn/crop.0.0.920.300/0067I9Tktw1esofpjifssj30pk08c413.jpg", "cover_image_phone": "http://wx3.sinaimg.cn/crop.0.0.640.640.640/0067I9Tkly1gs19ka70daj30u10u0ths.jpg;http://wx1.sinaimg.cn/crop.0.0.640.640.640/eaaf2affly1gdi6ft8o4wj20u00u04c7.jpg;http://wx1.sinaimg.cn/crop.0.0.640.640.640/0067I9Tkly1gdgy57wa3oj30u00u046w.jpg;http://wx4.sinaimg.cn/crop.0.0.640.640.640/0067I9Tkly1gdimr5ke2xj30u00u04av.jpg", "profile_url": "u/5610755802", "domain": "", "weihao": "", "gender": "m", "followers_count": 41447, "followers_count_str": "4.1万", "friends_count": 850, "pagefriends_count": 36, "statuses_count": 31184, "video_status_count": 1144, "video_play_count": 0, "super_topic_not_syn_count": 16, "favourites_count": 60, "created_at": "Mon May 18 09:58:18 +0800 2015", "following": false, "allow_all_act_msg": false, "geo_enabled": true, "verified": true, "verified_type": 1, "remark": "", "insecurity": {"sexual_content": false}, "ptype": 0, "allow_all_comment": true, "avatar_large": "https://tvax3.sinaimg.cn/crop.0.0.994.994.180/0067I9Tkly8h79805nfewj30rm0rmacf.jpg?KID=imgbed,tva&Expires=1669711631&ssig=54QcqsO1yd", "avatar_hd": "https://tvax3.sinaimg.cn/crop.0.0.994.994.1024/0067I9Tkly8h79805nfewj30rm0rmacf.jpg?KID=imgbed,tva&Expires=1669711631&ssig=u9qYr1dQzH", "verified_reason": "黑龙江省大庆市公安局网警分局官方微博", "verified_trade": "", "verified_reason_url": "", "verified_source": "", "verified_source_url": "", "verified_state": 0, "verified_level": 3, "verified_type_ext": 0, "has_service_tel": false, "verified_reason_modified": "", "verified_contact_name": "", "verified_contact_email": "", "verified_contact_mobile": "", "follow_me": false, "like": false, "like_me": false, "online_status": 0, "bi_followers_count": 567, "lang": "zh-cn", "star": 0, "mbtype": 12, "mbrank": 6, "svip": 0, "mb_expire_time": 1684857600, "block_word": 0, "block_app": 1, "chaohua_ability": 0, "brand_ability": 0, "nft_ability": 0, "vplus_ability": 0, "wenda_ability": 0, "live_ability": 0, "gongyi_ability": 0, "paycolumn_ability": 1, "newbrand_ability": 0, "ecommerce_ability": 0, "hardfan_ability": 1, "credit_score": 80, "user_ability": 10748424, "cardid": "star_1624", "avatargj_id": "gj_vip_691", "urank": 31, "story_read_state": -1, "vclub_member": 0, "is_teenager": 0, "is_guardian": 0, "is_teenager_list": 0, "pc_new": 6, "special_follow": false, "planet_video": 2, "video_mark": 15, "live_status": 0, "user_ability_extend": 0, "status_total_counter": {"total_cnt": 1081683, "repost_cnt": 131130, "comment_cnt": 343362, "like_cnt": 471755, "comment_like_cnt": 135436}, "video_total_counter": {"play_cnt": 7023990}, "brand_account": 0, "hongbaofei": 0, "tab_manage": "[0, 0]", "reward_status": 0, "green_mode": 0, "urisk": 0, "avatar_type": 0}, "annotations": [{}, {"shooting": 1, "client_mblogid": "2e82fb07-0af4-463f-9dd3-035734df7b41"}, {"mapi_request": true}], "reposts_count": 0, "comments_count": 0, "reprint_cmt_count": 0, "attitudes_count": 0, "pending_approval_count": 0, "isLongText": true, "reward_exhibition_type": 0, "hide_flag": 0, "mlevel": 0, "show_mlevel": 0, "biz_ids": [230444], "biz_feature": 4294967304, "page_type": 64, "hasActionTypeCard": 0, "darwin_tags": [], "hot_weibo_tags": [], "text_tag_tips": [], "mblogtype": 0, "userType": 0, "more_info_type": 0, "positive_recom_flag": 0, "content_auth": 0, "gif_ids": "", "is_show_bulletin": 2, "comment_manage_info": {"comment_permission_type": -1, "approval_comment_type": 0, "comment_sort_type": 0, "ai_play_picture_type": 0}, "pic_num": 0, "can_reprint": false, "new_comment_style": 0}, "readtimetype": "comment", "comment_dynamic_message": {"id": "0042", "icon_url": "https://h5.sinaimg.cn/upload/1073/1841/2022/09/07/moyu3.png", "tag_text": "年费", "start_color": "#00DEC84C", "end_color": "#1ADEC84C", "start_color_dark": "#00DEC84C", "end_color_dark": "#1ADEC84C", "name": {"zh_CN": "摸鱼时间", "zh_HK": "摸魚時間", "en_US": "slack off"}, "scheme": "https://new.vip.weibo.cn/bubble/mall?showmenu=0&decorateId=0042&uid=2504921743", "allow_vip_box_content": "用此评论气泡", "allow_vip_box_icon": "https://h5.sinaimg.cn/upload/100/1720/2022/08/08/icon_VIP_for_comment_bubble.png"}, "match_ai_play_picture": false}