{"created_at": "Sat Dec 17 07:39:32 +0800 2022", "id": 4847568985260507, "rootid": 4847568985260507, "rootidstr": "4847568985260507", "floor_number": 6, "text": "[赞][赞]", "disable_reply": 0, "restrictOperate": 0, "source_allowclick": 0, "source_type": 4, "source": "<a href=\"\" rel=\"nofollow\">来自广东</a>", "comment_badge": [{"pic_url": "https://h5.sinaimg.cn/upload/114/962/2022/07/08/member_0_bigfan3_1.png", "name": "loyal_fans", "length": 1.33, "actionlog": {"act_code": "3671", "ext": "status:fans"}, "scheme": "https://kefu.weibo.com/faqdetail?id=20848", "new_icon": true}], "user": {"id": 6937970849, "idstr": "6937970849", "class": 1, "screen_name": "留念染成岁月", "name": "留念染成岁月", "province": "100", "city": "1000", "location": "其他", "description": "", "url": "", "profile_image_url": "https://tvax2.sinaimg.cn/crop.0.0.751.751.50/007zx19Dly8gsn6dp9ucoj30kv0kvmy9.jpg?KID=imgbed,tva&Expires=1671272391&ssig=cm%2Fc6HCB%2FP", "light_ring": false, "profile_url": "u/6937970849", "domain": "", "weihao": "", "gender": "f", "followers_count": 7, "followers_count_str": "7", "friends_count": 65, "pagefriends_count": 3, "statuses_count": 138, "video_status_count": 0, "video_play_count": 0, "super_topic_not_syn_count": 0, "favourites_count": 0, "created_at": "Mon Jan 14 19:34:36 +0800 2019", "following": false, "allow_all_act_msg": false, "geo_enabled": true, "verified": false, "verified_type": -1, "remark": "", "insecurity": {"sexual_content": false}, "ptype": 0, "allow_all_comment": true, "avatar_large": "https://tvax2.sinaimg.cn/crop.0.0.751.751.180/007zx19Dly8gsn6dp9ucoj30kv0kvmy9.jpg?KID=imgbed,tva&Expires=1671272391&ssig=tIr%2BFkuWim", "avatar_hd": "https://tvax2.sinaimg.cn/crop.0.0.751.751.1024/007zx19Dly8gsn6dp9ucoj30kv0kvmy9.jpg?KID=imgbed,tva&Expires=1671272391&ssig=ZEFbIovLty", "verified_reason": "", "verified_trade": "", "verified_reason_url": "", "verified_source": "", "verified_source_url": "", "follow_me": false, "like": false, "like_me": false, "online_status": 0, "bi_followers_count": 0, "lang": "zh-cn", "star": 0, "mbtype": 0, "mbrank": 0, "svip": 0, "mb_expire_time": 0, "block_word": 0, "block_app": 0, "chaohua_ability": 0, "brand_ability": 0, "nft_ability": 0, "vplus_ability": 0, "wenda_ability": 0, "live_ability": 0, "gongyi_ability": 0, "paycolumn_ability": 0, "newbrand_ability": 0, "ecommerce_ability": 0, "hardfan_ability": 0, "credit_score": 80, "user_ability": 2097152, "urank": 0, "story_read_state": -1, "vclub_member": 0, "is_teenager": 0, "is_guardian": 0, "is_teenager_list": 0, "pc_new": 0, "special_follow": false, "planet_video": 0, "video_mark": 0, "live_status": 0, "user_ability_extend": 0, "status_total_counter": {"total_cnt": 2, "repost_cnt": 0, "comment_cnt": 0, "like_cnt": 2, "comment_like_cnt": 0}, "video_total_counter": {"play_cnt": -1}, "brand_account": 0, "hongbaofei": 0, "tab_manage": "[0, 0]", "reward_status": 0, "green_mode": 0, "urisk": 0, "avatar_type": 0}, "mid": "4847568985260507", "idstr": "4847568985260507", "status": {"visible": {"type": 0, "list_id": 0}, "created_at": "Sat Dec 17 07:30:35 +0800 2022", "id": 4847566733444918, "idstr": "4847566733444918", "mid": "4847566733444918", "edit_count": 2, "can_edit": false, "edit_at": "Sat Dec 17 10:15:29 +0800 2022", "version": 5, "show_additional_indication": 0, "text": "#中国成功发射试验二十一号卫星# \n祝贺中国航天！此次发射的“实践21号卫星”能将失效的北斗卫星拖离轨道，牛逼！！！ ​", "textLength": 110, "source_allowclick": 0, "source_type": 2, "source": "", "favorited": false, "truncated": false, "in_reply_to_status_id": "", "in_reply_to_user_id": "", "in_reply_to_screen_name": "", "pic_urls": [{"thumbnail_pic": "http://wx2.sinaimg.cn/thumbnail/65ced4f1gy1h96gevirqmg20qo0k0kjn.gif"}], "thumbnail_pic": "http://wx2.sinaimg.cn/thumbnail/65ced4f1gy1h96gevirqmg20qo0k0kjn.gif", "bmiddle_pic": "http://wx2.sinaimg.cn/bmiddle/65ced4f1gy1h96gevirqmg20qo0k0kjn.gif", "original_pic": "http://wx2.sinaimg.cn/large/65ced4f1gy1h96gevirqmg20qo0k0kjn.gif", "geo": null, "is_paid": false, "mblog_vip_type": 0, "user": {"id": 1708053745, "idstr": "1708053745", "class": 1, "screen_name": "摄影师玩科技", "name": "摄影师玩科技", "province": "44", "city": "1000", "location": "广东", "description": "视觉中国签约摄影师。科技/数码/摄影领域创作者。 商务合作请私信V：3090375833", "url": "", "profile_image_url": "https://tvax4.sinaimg.cn/crop.0.0.1080.1080.50/65ced4f1ly8h6njgchttej20u00u0q41.jpg?KID=imgbed,tva&Expires=1671272391&ssig=4t3d2U81at", "light_ring": false, "cover_image_phone": "https://wx4.sinaimg.cn/crop.0.0.640.640.640/001RAONXgy1gu71oewtmmj60e80e8wfj02.jpg", "profile_url": "u/1708053745", "domain": "", "weihao": "", "gender": "m", "followers_count": 1025815, "followers_count_str": "102.6万", "friends_count": 404, "pagefriends_count": 2, "statuses_count": 3427, "video_status_count": 185, "video_play_count": 0, "super_topic_not_syn_count": 0, "favourites_count": 77, "created_at": "Wed Mar 10 09:49:40 +0800 2010", "following": false, "allow_all_act_msg": false, "geo_enabled": true, "verified": true, "verified_type": 0, "remark": "", "insecurity": {"sexual_content": false}, "ptype": 0, "allow_all_comment": true, "avatar_large": "https://tvax4.sinaimg.cn/crop.0.0.1080.1080.180/65ced4f1ly8h6njgchttej20u00u0q41.jpg?KID=imgbed,tva&Expires=1671272391&ssig=WkxLrBfUJ0", "avatar_hd": "https://tvax4.sinaimg.cn/crop.0.0.1080.1080.1024/65ced4f1ly8h6njgchttej20u00u0q41.jpg?KID=imgbed,tva&Expires=1671272391&ssig=j4N4tEd5J2", "verified_reason": "数码博主 微博原创视频博主 摄影师", "verified_trade": "", "verified_reason_url": "", "verified_source": "", "verified_source_url": "", "verified_state": 0, "verified_level": 3, "verified_type_ext": 1, "has_service_tel": false, "verified_reason_modified": "", "verified_contact_name": "", "verified_contact_email": "", "verified_contact_mobile": "", "follow_me": false, "like": false, "like_me": false, "online_status": 0, "bi_followers_count": 223, "lang": "zh-cn", "star": 0, "mbtype": 12, "mbrank": 5, "svip": 0, "mb_expire_time": 1675612800, "block_word": 0, "block_app": 1, "chaohua_ability": 0, "brand_ability": 0, "nft_ability": 0, "vplus_ability": 1, "wenda_ability": 0, "live_ability": 0, "gongyi_ability": 0, "paycolumn_ability": 1, "newbrand_ability": 0, "ecommerce_ability": 0, "hardfan_ability": 1, "credit_score": 80, "user_ability": -2136602072, "avatargj_id": "gj_vip_011", "urank": 14, "story_read_state": -1, "verified_detail": {"custom": 1, "data": [{"key": 2, "sub_key": 0, "weight": 10, "desc": "数码博主", "timestamp": 0}, {"key": 16, "sub_key": 1, "weight": 11, "desc": "微博原创视频博主", "timestamp": 0}, {"key": 1, "sub_key": 0, "weight": 100, "desc": "摄影师", "timestamp": 0}]}, "vclub_member": 0, "is_teenager": 0, "is_guardian": 0, "is_teenager_list": 0, "pc_new": 7, "special_follow": false, "planet_video": 2, "video_mark": 15, "live_status": 0, "user_ability_extend": 0, "status_total_counter": {"total_cnt": 882199, "repost_cnt": 18891, "comment_cnt": 107354, "like_cnt": 258878, "comment_like_cnt": 497076}, "video_total_counter": {"play_cnt": 6837783}, "brand_account": 0, "hongbaofei": 0, "tab_manage": "[283734415051405, 0]", "reward_status": 0, "green_mode": 0, "urisk": 1048576, "avatar_type": 0}, "annotations": [{"photo_sub_type": "0"}, {}, {"client_mblogid": "iPhone-BC92AA5B-6729-4661-8EC6-3697FCF12C73"}, {"mapi_request": true}], "reposts_count": 0, "comments_count": 0, "reprint_cmt_count": 0, "attitudes_count": 0, "pending_approval_count": 0, "isLongText": false, "reward_exhibition_type": 0, "hide_flag": 0, "mlevel": 0, "show_mlevel": 0, "biz_feature": 4294967300, "page_type": 64, "hasActionTypeCard": 0, "darwin_tags": [], "hot_weibo_tags": [], "text_tag_tips": [], "mblogtype": 0, "userType": 0, "more_info_type": 0, "number_display_strategy": {"apply_scenario_flag": 3, "display_text_min_number": 1000000, "display_text": "100万+"}, "positive_recom_flag": 0, "content_auth": 0, "gif_ids": "65ced4f1gy1h96gevirqmg20qo0k0kjn|o0/FOkpwTjslx081CfIPQAw010412001e9C0E010|1022:2311284847566731542556", "is_show_bulletin": 2, "comment_manage_info": {"comment_permission_type": -1, "approval_comment_type": 0, "comment_sort_type": 0, "ai_play_picture_type": 0}, "pic_num": 1, "can_reprint": false, "new_comment_style": 0}, "readtimetype": "comment", "match_ai_play_picture": false}