{"created_at": "Sat Dec 17 12:22:57 +0800 2022", "id": 4847640309404746, "rootid": 4847610551076551, "rootidstr": "4847610551076551", "floor_number": 0, "text": "回复@山涧流水无声:小伙子，问这个就不懂事🐶", "disable_reply": 0, "restrictOperate": 0, "source_allowclick": 0, "source_type": 4, "source": "<a href=\"\" rel=\"nofollow\">来自江苏</a>", "user": {"id": 6042198572, "idstr": "6042198572", "class": 1, "screen_name": "手持Khrushchev的玉米", "name": "手持Khrushchev的玉米", "province": "32", "city": "1000", "location": "江苏", "description": "", "url": "", "profile_image_url": "https://tvax2.sinaimg.cn/crop.0.0.996.996.50/006AUrRGly8fo20kg43fqj30ro0rowhe.jpg?KID=imgbed,tva&Expires=1671272391&ssig=gyiNvWuKmU", "light_ring": false, "cover_image_phone": "https://ww1.sinaimg.cn/crop.0.0.640.640.640/549d0121tw1egm1kjly3jj20hs0hsq4f.jpg", "profile_url": "u/6042198572", "domain": "", "weihao": "", "gender": "m", "followers_count": 33, "followers_count_str": "33", "friends_count": 39, "pagefriends_count": 2, "statuses_count": 39, "video_status_count": 6, "video_play_count": 0, "super_topic_not_syn_count": 0, "favourites_count": 34, "created_at": "Mon Oct 10 08:15:32 +0800 2016", "following": false, "allow_all_act_msg": false, "geo_enabled": true, "verified": false, "verified_type": -1, "remark": "", "insecurity": {"sexual_content": false}, "ptype": 0, "allow_all_comment": true, "avatar_large": "https://tvax2.sinaimg.cn/crop.0.0.996.996.180/006AUrRGly8fo20kg43fqj30ro0rowhe.jpg?KID=imgbed,tva&Expires=1671272391&ssig=Z8AZvo1c83", "avatar_hd": "https://tvax2.sinaimg.cn/crop.0.0.996.996.1024/006AUrRGly8fo20kg43fqj30ro0rowhe.jpg?KID=imgbed,tva&Expires=1671272391&ssig=YIBv3hYDfc", "verified_reason": "", "verified_trade": "", "verified_reason_url": "", "verified_source": "", "verified_source_url": "", "follow_me": false, "like": false, "like_me": false, "online_status": 0, "bi_followers_count": 10, "lang": "zh-cn", "star": 0, "mbtype": 2, "mbrank": 1, "svip": 0, "mb_expire_time": 1609343999, "block_word": 0, "block_app": 0, "chaohua_ability": 0, "brand_ability": 0, "nft_ability": 0, "vplus_ability": 0, "wenda_ability": 0, "live_ability": 0, "gongyi_ability": 0, "paycolumn_ability": 0, "newbrand_ability": 0, "ecommerce_ability": 0, "hardfan_ability": 0, "credit_score": 80, "user_ability": 3407872, "cardid": "star_1299", "avatargj_id": "gj_vip_470", "urank": 9, "story_read_state": -1, "vclub_member": 0, "is_teenager": 0, "is_guardian": 0, "is_teenager_list": 0, "pc_new": 7, "special_follow": false, "planet_video": 2, "video_mark": 14, "live_status": 0, "user_ability_extend": 0, "status_total_counter": {"total_cnt": 166, "repost_cnt": 1, "comment_cnt": 71, "like_cnt": 93, "comment_like_cnt": 1}, "video_total_counter": {"play_cnt": 3410}, "brand_account": 0, "hongbaofei": 0, "tab_manage": "[0, 0]", "reward_status": 0, "green_mode": 0, "urisk": 0, "avatar_type": 0}, "mid": "4847640309404746", "idstr": "4847640309404746", "status": {"visible": {"type": 0, "list_id": 0}, "created_at": "Sat Dec 17 07:30:35 +0800 2022", "id": 4847566733444918, "idstr": "4847566733444918", "mid": "4847566733444918", "edit_count": 2, "can_edit": false, "edit_at": "Sat Dec 17 10:15:29 +0800 2022", "version": 5, "show_additional_indication": 0, "text": "#中国成功发射试验二十一号卫星# \n祝贺中国航天！此次发射的“实践21号卫星”能将失效的北斗卫星拖离轨道，牛逼！！！ ​", "textLength": 110, "source_allowclick": 0, "source_type": 2, "source": "", "favorited": false, "truncated": false, "in_reply_to_status_id": "", "in_reply_to_user_id": "", "in_reply_to_screen_name": "", "pic_urls": [{"thumbnail_pic": "http://wx2.sinaimg.cn/thumbnail/65ced4f1gy1h96gevirqmg20qo0k0kjn.gif"}], "thumbnail_pic": "http://wx2.sinaimg.cn/thumbnail/65ced4f1gy1h96gevirqmg20qo0k0kjn.gif", "bmiddle_pic": "http://wx2.sinaimg.cn/bmiddle/65ced4f1gy1h96gevirqmg20qo0k0kjn.gif", "original_pic": "http://wx2.sinaimg.cn/large/65ced4f1gy1h96gevirqmg20qo0k0kjn.gif", "geo": null, "is_paid": false, "mblog_vip_type": 0, "user": {"id": 1708053745, "idstr": "1708053745", "class": 1, "screen_name": "摄影师玩科技", "name": "摄影师玩科技", "province": "44", "city": "1000", "location": "广东", "description": "视觉中国签约摄影师。科技/数码/摄影领域创作者。 商务合作请私信V：3090375833", "url": "", "profile_image_url": "https://tvax4.sinaimg.cn/crop.0.0.1080.1080.50/65ced4f1ly8h6njgchttej20u00u0q41.jpg?KID=imgbed,tva&Expires=1671272391&ssig=4t3d2U81at", "light_ring": false, "cover_image_phone": "https://wx4.sinaimg.cn/crop.0.0.640.640.640/001RAONXgy1gu71oewtmmj60e80e8wfj02.jpg", "profile_url": "u/1708053745", "domain": "", "weihao": "", "gender": "m", "followers_count": 1025815, "followers_count_str": "102.6万", "friends_count": 404, "pagefriends_count": 2, "statuses_count": 3427, "video_status_count": 185, "video_play_count": 0, "super_topic_not_syn_count": 0, "favourites_count": 77, "created_at": "Wed Mar 10 09:49:40 +0800 2010", "following": false, "allow_all_act_msg": false, "geo_enabled": true, "verified": true, "verified_type": 0, "remark": "", "insecurity": {"sexual_content": false}, "ptype": 0, "allow_all_comment": true, "avatar_large": "https://tvax4.sinaimg.cn/crop.0.0.1080.1080.180/65ced4f1ly8h6njgchttej20u00u0q41.jpg?KID=imgbed,tva&Expires=1671272391&ssig=WkxLrBfUJ0", "avatar_hd": "https://tvax4.sinaimg.cn/crop.0.0.1080.1080.1024/65ced4f1ly8h6njgchttej20u00u0q41.jpg?KID=imgbed,tva&Expires=1671272391&ssig=j4N4tEd5J2", "verified_reason": "数码博主 微博原创视频博主 摄影师", "verified_trade": "", "verified_reason_url": "", "verified_source": "", "verified_source_url": "", "verified_state": 0, "verified_level": 3, "verified_type_ext": 1, "has_service_tel": false, "verified_reason_modified": "", "verified_contact_name": "", "verified_contact_email": "", "verified_contact_mobile": "", "follow_me": false, "like": false, "like_me": false, "online_status": 0, "bi_followers_count": 223, "lang": "zh-cn", "star": 0, "mbtype": 12, "mbrank": 5, "svip": 0, "mb_expire_time": 1675612800, "block_word": 0, "block_app": 1, "chaohua_ability": 0, "brand_ability": 0, "nft_ability": 0, "vplus_ability": 1, "wenda_ability": 0, "live_ability": 0, "gongyi_ability": 0, "paycolumn_ability": 1, "newbrand_ability": 0, "ecommerce_ability": 0, "hardfan_ability": 1, "credit_score": 80, "user_ability": -2136602072, "avatargj_id": "gj_vip_011", "urank": 14, "story_read_state": -1, "verified_detail": {"custom": 1, "data": [{"key": 2, "sub_key": 0, "weight": 10, "desc": "数码博主", "timestamp": 0}, {"key": 16, "sub_key": 1, "weight": 11, "desc": "微博原创视频博主", "timestamp": 0}, {"key": 1, "sub_key": 0, "weight": 100, "desc": "摄影师", "timestamp": 0}]}, "vclub_member": 0, "is_teenager": 0, "is_guardian": 0, "is_teenager_list": 0, "pc_new": 7, "special_follow": false, "planet_video": 2, "video_mark": 15, "live_status": 0, "user_ability_extend": 0, "status_total_counter": {"total_cnt": 882199, "repost_cnt": 18891, "comment_cnt": 107354, "like_cnt": 258878, "comment_like_cnt": 497076}, "video_total_counter": {"play_cnt": 6837783}, "brand_account": 0, "hongbaofei": 0, "tab_manage": "[283734415051405, 0]", "reward_status": 0, "green_mode": 0, "urisk": 1048576, "avatar_type": 0}, "annotations": [{"photo_sub_type": "0"}, {}, {"client_mblogid": "iPhone-BC92AA5B-6729-4661-8EC6-3697FCF12C73"}, {"mapi_request": true}], "reposts_count": 0, "comments_count": 0, "reprint_cmt_count": 0, "attitudes_count": 0, "pending_approval_count": 0, "isLongText": false, "reward_exhibition_type": 0, "hide_flag": 0, "mlevel": 0, "show_mlevel": 0, "biz_feature": 4294967300, "page_type": 64, "hasActionTypeCard": 0, "darwin_tags": [], "hot_weibo_tags": [], "text_tag_tips": [], "mblogtype": 0, "userType": 0, "more_info_type": 0, "number_display_strategy": {"apply_scenario_flag": 3, "display_text_min_number": 1000000, "display_text": "100万+"}, "positive_recom_flag": 0, "content_auth": 0, "gif_ids": "65ced4f1gy1h96gevirqmg20qo0k0kjn|o0/FOkpwTjslx081CfIPQAw010412001e9C0E010|1022:2311284847566731542556", "is_show_bulletin": 2, "comment_manage_info": {"comment_permission_type": -1, "approval_comment_type": 0, "comment_sort_type": 0, "ai_play_picture_type": 0}, "pic_num": 1, "can_reprint": false, "new_comment_style": 0}, "reply_comment": {"created_at": "Sat Dec 17 10:24:42 +0800 2022", "id": 4847610551076551, "rootid": 4847610551076551, "rootidstr": "4847610551076551", "floor_number": 19, "text": "只能拖北斗，还是也可以拖GPS？[微笑]", "disable_reply": 0, "restrictOperate": 0, "user": {"id": 1867632661, "idstr": "1867632661", "class": 1, "screen_name": "山涧流水无声", "name": "山涧流水无声", "province": "41", "city": "6", "location": "河南 鹤壁", "description": "懂示弱，已到凌云仍虚心！谋贵众 虑贵详 断贵独 行贵力 。", "url": "http://blog.sina.com.cn/u/1867632661", "profile_image_url": "https://tva3.sinaimg.cn/crop.0.0.180.180.50/6f51d015jw1e8qgp5bmzyj2050050aa8.jpg?KID=imgbed,tva&Expires=1671272391&ssig=AFhWO92l9s", "light_ring": false, "cover_image_phone": "https://ww1.sinaimg.cn/crop.0.0.640.640.640/549d0121tw1egm1kjly3jj20hs0hsq4f.jpg", "profile_url": "a8151", "domain": "a8151", "weihao": "123780321", "gender": "m", "followers_count": 21, "followers_count_str": "21", "friends_count": 125, "pagefriends_count": 4, "statuses_count": 535, "video_status_count": 30, "video_play_count": 0, "super_topic_not_syn_count": 0, "favourites_count": 2, "created_at": "Thu May 19 13:21:30 +0800 2011", "following": false, "allow_all_act_msg": false, "geo_enabled": true, "verified": false, "verified_type": -1, "remark": "", "insecurity": {"sexual_content": false}, "ptype": 0, "allow_all_comment": true, "avatar_large": "https://tva3.sinaimg.cn/crop.0.0.180.180.180/6f51d015jw1e8qgp5bmzyj2050050aa8.jpg?KID=imgbed,tva&Expires=1671272391&ssig=6oj0HP1IYg", "avatar_hd": "https://tva3.sinaimg.cn/crop.0.0.180.180.1024/6f51d015jw1e8qgp5bmzyj2050050aa8.jpg?KID=imgbed,tva&Expires=1671272391&ssig=%2FZeZWpKI%2Bx", "verified_reason": "", "verified_trade": "", "verified_reason_url": "", "verified_source": "", "verified_source_url": "", "follow_me": false, "like": false, "like_me": false, "online_status": 0, "bi_followers_count": 6, "lang": "zh-cn", "star": 0, "mbtype": 0, "mbrank": 0, "svip": 0, "mb_expire_time": 0, "block_word": 0, "block_app": 0, "chaohua_ability": 0, "brand_ability": 0, "nft_ability": 0, "vplus_ability": 0, "wenda_ability": 0, "live_ability": 0, "gongyi_ability": 0, "paycolumn_ability": 0, "newbrand_ability": 0, "ecommerce_ability": 0, "hardfan_ability": 0, "credit_score": 80, "user_ability": 11796480, "urank": 9, "story_read_state": -1, "vclub_member": 0, "is_teenager": 0, "is_guardian": 0, "is_teenager_list": 0, "pc_new": 7, "special_follow": false, "planet_video": 2, "video_mark": 0, "live_status": 0, "user_ability_extend": 0, "status_total_counter": {"total_cnt": 198, "repost_cnt": 33, "comment_cnt": 76, "like_cnt": 88, "comment_like_cnt": 1}, "video_total_counter": {"play_cnt": 409}, "brand_account": 0, "hongbaofei": 0, "tab_manage": "[0, 0]", "reward_status": 0, "green_mode": 0, "urisk": 0, "avatar_type": 0}, "mid": "4847610551076551", "idstr": "4847610551076551", "match_ai_play_picture": false}, "reply_original_text": "小伙子，问这个就不懂事🐶", "readtimetype": "comment", "match_ai_play_picture": false}