{"created_at": "Wed Sep 14 19:08:12 +0800 2022", "id": 4813677834802615, "rootid": 4813582698545527, "rootidstr": "4813582698545527", "floor_number": 0, "text": "回复@悉知悉见000:毛子会用毛笔？", "disable_reply": 0, "restrictOperate": 0, "source_allowclick": 0, "source_type": 4, "source": "<a href=\"\" rel=\"nofollow\">来自新疆</a>", "comment_badge": [{"pic_url": "https://h5.sinaimg.cn/upload/114/962/2022/07/08/member_0_bigfan1_4.png", "name": "loyal_fans", "length": 1.33, "actionlog": {"act_code": "3671", "ext": "status:fans"}, "scheme": "https://kefu.weibo.com/faqdetail?id=20848", "new_icon": true}], "user": {"id": 7322712117, "idstr": "7322712117", "class": 1, "screen_name": "轮对", "name": "轮对", "province": "100", "city": "1000", "location": "其他", "description": "", "url": "", "profile_image_url": "https://tvax3.sinaimg.cn/crop.0.0.996.996.50/007ZzlVXly8gllbpwq7fmj30ro0ro0u9.jpg?KID=imgbed,tva&Expires=1669717860&ssig=bybd4SZPs8", "light_ring": false, "cover_image_phone": "http://ww1.sinaimg.cn/crop.0.0.640.640.640/549d0121tw1egm1kjly3jj20hs0hsq4f.jpg", "profile_url": "u/7322712117", "domain": "", "weihao": "", "gender": "m", "followers_count": 27, "followers_count_str": "27", "friends_count": 30, "pagefriends_count": 4, "statuses_count": 23, "video_status_count": 0, "video_play_count": 0, "super_topic_not_syn_count": 0, "favourites_count": 8, "created_at": "Fri Oct 18 21:47:51 +0800 2019", "following": false, "allow_all_act_msg": false, "geo_enabled": true, "verified": false, "verified_type": -1, "remark": "", "insecurity": {"sexual_content": false}, "ptype": 0, "allow_all_comment": true, "avatar_large": "https://tvax3.sinaimg.cn/crop.0.0.996.996.180/007ZzlVXly8gllbpwq7fmj30ro0ro0u9.jpg?KID=imgbed,tva&Expires=1669717860&ssig=3%2Bgkl%2Fehfz", "avatar_hd": "https://tvax3.sinaimg.cn/crop.0.0.996.996.1024/007ZzlVXly8gllbpwq7fmj30ro0ro0u9.jpg?KID=imgbed,tva&Expires=1669717860&ssig=VEHxKMh12m", "verified_reason": "", "verified_trade": "", "verified_reason_url": "", "verified_source": "", "verified_source_url": "", "follow_me": false, "like": false, "like_me": false, "online_status": 0, "bi_followers_count": 1, "lang": "zh-cn", "star": 0, "mbtype": 0, "mbrank": 0, "svip": 0, "mb_expire_time": 0, "block_word": 0, "block_app": 0, "chaohua_ability": 0, "brand_ability": 0, "nft_ability": 0, "vplus_ability": 0, "wenda_ability": 0, "live_ability": 0, "gongyi_ability": 0, "paycolumn_ability": 0, "newbrand_ability": 0, "ecommerce_ability": 0, "hardfan_ability": 0, "credit_score": 80, "user_ability": 2097152, "cardid": "star_583", "urank": 0, "story_read_state": -1, "vclub_member": 0, "is_teenager": 0, "is_guardian": 0, "is_teenager_list": 0, "pc_new": 0, "special_follow": false, "planet_video": 2, "video_mark": 0, "live_status": 0, "user_ability_extend": 0, "status_total_counter": {"total_cnt": 17, "repost_cnt": 1, "comment_cnt": 7, "like_cnt": 9, "comment_like_cnt": 0}, "video_total_counter": {"play_cnt": 0}, "brand_account": 0, "hongbaofei": 0, "tab_manage": "[0, 0]", "reward_status": 0, "green_mode": 0, "urisk": 17179869184, "avatar_type": 0}, "mid": "4813677834802615", "idstr": "4813677834802615", "status": {"visible": {"type": 0, "list_id": 0}, "created_at": "Wed Sep 14 12:23:00 +0800 2022", "id": 4813575866024010, "idstr": "4813575866024010", "mid": "4813575866024010", "can_edit": false, "version": 4, "show_additional_indication": 0, "text": "惊！俄罗斯男子抓到一只带编号的蚊子！\n\n#每日看盘##抗疫行动##美国曾在中朝秘密实施细菌战##美日交易掩盖731部队生物战罪行# ​", "textLength": 117, "source_allowclick": 1, "source_type": 1, "source": "<a href=\"http://app.weibo.com/t/feed/6uaYFC\" rel=\"nofollow\">HUAWEI P40 Pro 5G</a>", "favorited": false, "truncated": false, "in_reply_to_status_id": "", "in_reply_to_user_id": "", "in_reply_to_screen_name": "", "pic_urls": [{"thumbnail_pic": "http://wx2.sinaimg.cn/thumbnail/001CnU9ily1h660lkf7ygj60to1doq3t02.jpg"}], "thumbnail_pic": "http://wx2.sinaimg.cn/thumbnail/001CnU9ily1h660lkf7ygj60to1doq3t02.jpg", "bmiddle_pic": "http://wx2.sinaimg.cn/bmiddle/001CnU9ily1h660lkf7ygj60to1doq3t02.jpg", "original_pic": "http://wx2.sinaimg.cn/large/001CnU9ily1h660lkf7ygj60to1doq3t02.jpg", "geo": null, "is_paid": false, "mblog_vip_type": 0, "user": {"id": 1483330984, "idstr": "1483330984", "class": 1, "screen_name": "侯宁", "name": "侯宁", "province": "11", "city": "1000", "location": "北京", "description": "人称＂空军司令＂，财富苍生之醉观者。长篇小说《财富苍生-槐花蛇》作者，侯宁微店https://d.weidian.com/single/#/main", "url": "http://blog.sina.com.cn/houning", "profile_image_url": "https://tvax2.sinaimg.cn/crop.0.0.492.492.50/001CnU9ily8h5xqd0zk5hj60do0dodgc02.jpg?KID=imgbed,tva&Expires=1669717860&ssig=7XS7ZDmo6p", "light_ring": false, "cover_image": "http://wx2.sinaimg.cn/crop.0.0.920.300/5869d5a8ly1g9gekxc726j20pk08cqdd.jpg", "cover_image_phone": "http://wx3.sinaimg.cn/crop.0.0.640.640.640/001CnU9ily1h0f95l17k8j60sg0sg40u02.jpg", "profile_url": "houning", "domain": "houning", "weihao": "", "gender": "m", "followers_count": 4346535, "followers_count_str": "434.7万", "friends_count": 531, "pagefriends_count": 2, "statuses_count": 308807, "video_status_count": 2455, "video_play_count": 0, "super_topic_not_syn_count": 0, "favourites_count": 1160, "created_at": "Fri Aug 28 16:36:16 +0800 2009", "following": false, "allow_all_act_msg": false, "geo_enabled": false, "verified": true, "verified_type": 0, "remark": "", "insecurity": {"sexual_content": false}, "ptype": 1, "allow_all_comment": true, "avatar_large": "https://tvax2.sinaimg.cn/crop.0.0.492.492.180/001CnU9ily8h5xqd0zk5hj60do0dodgc02.jpg?KID=imgbed,tva&Expires=1669717860&ssig=h7AQtA7GX0", "avatar_hd": "https://tvax2.sinaimg.cn/crop.0.0.492.492.1024/001CnU9ily8h5xqd0zk5hj60do0dodgc02.jpg?KID=imgbed,tva&Expires=1669717860&ssig=hjH%2Fe%2FwWgv", "verified_reason": "独立财经观察家，时评家、社会学者、职业投资人", "verified_trade": "940", "verified_reason_url": "", "verified_source": "", "verified_source_url": "", "verified_state": 2, "verified_level": 3, "verified_type_ext": 1, "has_service_tel": false, "verified_reason_modified": "", "verified_contact_name": "", "verified_contact_email": "", "verified_contact_mobile": "", "follow_me": false, "like": false, "like_me": false, "online_status": 0, "bi_followers_count": 501, "lang": "zh-cn", "star": 0, "mbtype": 12, "mbrank": 7, "svip": 0, "mb_expire_time": 1754582400, "block_word": 1, "block_app": 1, "chaohua_ability": 0, "brand_ability": 0, "nft_ability": 0, "vplus_ability": 1, "wenda_ability": 1, "live_ability": 0, "gongyi_ability": 0, "paycolumn_ability": 1, "newbrand_ability": 0, "ecommerce_ability": 0, "hardfan_ability": 1, "ability_tags": "宏观经济,股票", "dianping": "stock", "credit_score": 80, "user_ability": -2136593896, "cardid": "star_1624", "avatargj_id": "gj_vip_127", "urank": 48, "story_read_state": -1, "verified_detail": {"custom": 1, "data": [{"key": 1, "sub_key": 0, "weight": 10, "desc": "独立财经观察家，时评家、社会学者、职业投资人", "timestamp": 0, "verify_extend": {"real_name_verified": "1"}}]}, "vclub_member": 0, "is_teenager": 0, "is_guardian": 0, "is_teenager_list": 0, "pc_new": 6, "special_follow": false, "planet_video": 2, "video_mark": 15, "live_status": 0, "user_ability_extend": 1, "status_total_counter": {"total_cnt": 34975950, "repost_cnt": 13437354, "comment_cnt": 7554670, "like_cnt": 12252119, "comment_like_cnt": 1731807}, "video_total_counter": {"play_cnt": 350420189}, "brand_account": 0, "hongbaofei": 0, "tab_manage": "[0, 0]", "reward_status": 0, "green_mode": 0, "urisk": 34896609280, "avatar_type": 0}, "annotations": [{"photo_sub_type": "0"}, {}, {"client_mblogid": "aab53a0a-f449-43f3-99bc-3c096b28ca90"}, {"mapi_request": true}], "picStatus": "0:1", "reposts_count": 0, "comments_count": 0, "reprint_cmt_count": 0, "attitudes_count": 0, "pending_approval_count": 0, "isLongText": false, "reward_exhibition_type": 0, "hide_flag": 0, "mlevel": 128, "show_mlevel": 0, "biz_feature": 4294967300, "page_type": 64, "hasActionTypeCard": 0, "darwin_tags": [], "hot_weibo_tags": [], "text_tag_tips": [], "mblogtype": 0, "userType": 0, "mlevelSource": "monitor", "more_info_type": 0, "cardid": "star_1605", "number_display_strategy": {"apply_scenario_flag": 3, "display_text_min_number": 1000000, "display_text": "100万+"}, "positive_recom_flag": 0, "content_auth": 0, "gif_ids": "", "is_show_bulletin": 2, "comment_manage_info": {"comment_permission_type": -1, "approval_comment_type": 0, "comment_sort_type": 0, "ai_play_picture_type": 0}, "pic_num": 1, "can_reprint": false, "new_comment_style": 0}, "reply_comment": {"created_at": "Wed Sep 14 18:41:58 +0800 2022", "id": 4813671231919021, "rootid": 4813582698545527, "rootidstr": "4813582698545527", "floor_number": 0, "text": "回复@轮对:有没有可能是老毛子拿签字笔写上的？", "disable_reply": 0, "restrictOperate": 0, "comment_badge": [{"pic_url": "https://h5.sinaimg.cn/upload/114/962/2022/07/08/member_0_bigfan1_2.png", "name": "loyal_fans", "length": 1.33, "actionlog": {"act_code": "3671", "ext": "status:fans"}, "scheme": "https://kefu.weibo.com/faqdetail?id=20848", "new_icon": true}], "user": {"id": 2702602030, "idstr": "2702602030", "class": 1, "screen_name": "悉知悉见000", "name": "悉知悉见000", "province": "11", "city": "1000", "location": "北京", "description": "", "url": "", "profile_image_url": "https://tvax2.sinaimg.cn/crop.0.0.512.512.50/a1166f2ely8ghw2xmyg46j20e80e8t91.jpg?KID=imgbed,tva&Expires=1669717860&ssig=Jg7h7qbgOn", "light_ring": false, "cover_image_phone": "http://ww1.sinaimg.cn/crop.0.0.640.640.640/549d0121tw1egm1kjly3jj20hs0hsq4f.jpg", "profile_url": "u/2702602030", "domain": "", "weihao": "", "gender": "m", "followers_count": 692, "followers_count_str": "692", "friends_count": 1374, "pagefriends_count": 57, "statuses_count": 4089, "video_status_count": 0, "video_play_count": 0, "super_topic_not_syn_count": 0, "favourites_count": 6, "created_at": "Mon Apr 22 10:52:54 +0800 2013", "following": false, "allow_all_act_msg": false, "geo_enabled": false, "verified": false, "verified_type": -1, "remark": "", "insecurity": {"sexual_content": false}, "ptype": 0, "allow_all_comment": true, "avatar_large": "https://tvax2.sinaimg.cn/crop.0.0.512.512.180/a1166f2ely8ghw2xmyg46j20e80e8t91.jpg?KID=imgbed,tva&Expires=1669717860&ssig=ALdjDqA1Oc", "avatar_hd": "https://tvax2.sinaimg.cn/crop.0.0.512.512.1024/a1166f2ely8ghw2xmyg46j20e80e8t91.jpg?KID=imgbed,tva&Expires=1669717860&ssig=epffbiibH7", "verified_reason": "", "verified_trade": "", "verified_reason_url": "", "verified_source": "", "verified_source_url": "", "follow_me": false, "like": false, "like_me": false, "online_status": 0, "bi_followers_count": 3, "lang": "zh-cn", "star": 0, "mbtype": 2, "mbrank": 2, "svip": 0, "mb_expire_time": 1606147199, "block_word": 0, "block_app": 0, "credit_score": 80, "user_ability": 2097152, "urank": 9, "story_read_state": -1, "vclub_member": 0, "is_teenager": 0, "is_guardian": 0, "is_teenager_list": 0, "pc_new": 0, "special_follow": false, "planet_video": 0, "video_mark": 0, "live_status": 0, "user_ability_extend": 0, "status_total_counter": {"total_cnt": 186, "repost_cnt": 21, "comment_cnt": 29, "like_cnt": 136, "comment_like_cnt": 0}, "video_total_counter": {"play_cnt": -1}, "brand_account": 0, "hongbaofei": 0, "tab_manage": "[0, 0]", "green_mode": 0, "urisk": 69256347648, "block": 0, "block_me": 0, "avatar_type": 0}, "mid": "4813671231919021", "idstr": "4813671231919021", "match_ai_play_picture": false}, "reply_original_text": "毛子会用毛笔？", "readtimetype": "comment", "match_ai_play_picture": false}