{"created_at": "Tue Dec 13 19:44:59 +0800 2022", "id": 4846301998487632, "rootid": 4846292292867252, "rootidstr": "4846292292867252", "floor_number": 0, "text": "回复@一定要笑嘿嘿:那是江浙沪还没爆发[污]估计快了，上海出羊速度快了[污][污][污]", "disable_reply": 0, "restrictOperate": 0, "source_allowclick": 0, "source_type": 4, "source": "<a href=\"\" rel=\"nofollow\">来自上海</a>", "comment_badge": [{"pic_url": "https://h5.sinaimg.cn/upload/114/962/2022/07/08/member_0_bigfan1_5.png", "name": "loyal_fans", "length": 1.33, "actionlog": {"act_code": "3671", "ext": "status:fans"}, "scheme": "https://kefu.weibo.com/faqdetail?id=20848", "new_icon": true}], "user": {"id": 2987720670, "idstr": "2987720670", "class": 1, "screen_name": "空白空白之城", "name": "空白空白之城", "province": "100", "city": "1000", "location": "其他", "description": "爱谁谁", "url": "", "profile_image_url": "https://tvax3.sinaimg.cn/crop.0.0.996.996.50/b214ffdely8gmta0sprf4j20ro0rojt7.jpg?KID=imgbed,tva&Expires=1673965195&ssig=bGl0OxMs1%2F", "light_ring": false, "cover_image_phone": "https://ww1.sinaimg.cn/crop.0.0.640.640.640/549d0121tw1egm1kjly3jj20hs0hsq4f.jpg", "profile_url": "u/2987720670", "domain": "", "weihao": "", "gender": "f", "followers_count": 668, "followers_count_str": "668", "friends_count": 1273, "pagefriends_count": 89, "statuses_count": 11159, "video_status_count": 0, "video_play_count": 0, "super_topic_not_syn_count": 0, "favourites_count": 345, "created_at": "Tue Sep 04 17:43:29 +0800 2012", "following": false, "allow_all_act_msg": false, "geo_enabled": false, "verified": false, "verified_type": -1, "remark": "", "insecurity": {"sexual_content": false}, "ptype": 0, "allow_all_comment": false, "avatar_large": "https://tvax3.sinaimg.cn/crop.0.0.996.996.180/b214ffdely8gmta0sprf4j20ro0rojt7.jpg?KID=imgbed,tva&Expires=1673965195&ssig=pfGm3Mh6Gj", "avatar_hd": "https://tvax3.sinaimg.cn/crop.0.0.996.996.1024/b214ffdely8gmta0sprf4j20ro0rojt7.jpg?KID=imgbed,tva&Expires=1673965195&ssig=s3tSAWJVjC", "verified_reason": "", "verified_trade": "", "verified_reason_url": "", "verified_source": "", "verified_source_url": "", "follow_me": false, "like": false, "like_me": false, "online_status": 0, "bi_followers_count": 281, "lang": "zh-cn", "star": 0, "mbtype": 2, "mbrank": 5, "svip": 0, "mb_expire_time": 1611244799, "block_word": 0, "block_app": 0, "chaohua_ability": 0, "brand_ability": 0, "nft_ability": 0, "vplus_ability": 0, "wenda_ability": 0, "live_ability": 0, "gongyi_ability": 0, "paycolumn_ability": 0, "newbrand_ability": 0, "ecommerce_ability": 0, "hardfan_ability": 0, "wbcolumn_ability": 0, "credit_score": 80, "user_ability": 2098176, "cardid": "vip_012", "avatargj_id": "gj_vip_387", "urank": 40, "story_read_state": -1, "vclub_member": 0, "is_teenager": 0, "is_guardian": 0, "is_teenager_list": 0, "pc_new": 0, "special_follow": false, "planet_video": 0, "video_mark": 0, "live_status": 0, "user_ability_extend": 0, "status_total_counter": {"total_cnt": 8342, "repost_cnt": 4219, "comment_cnt": 514, "like_cnt": 3608, "comment_like_cnt": 1}, "video_total_counter": {"play_cnt": -1}, "brand_account": 0, "hongbaofei": 0, "tab_manage": "[0, 0]", "reward_status": 0, "green_mode": 0, "urisk": 575525617664, "avatar_type": 0}, "mid": "4846301998487632", "idstr": "4846301998487632", "status": {"visible": {"type": 0, "list_id": 0}, "created_at": "Tue Dec 13 18:59:53 +0800 2022", "id": 4846290649745017, "idstr": "4846290649745017", "mid": "4846290649745017", "can_edit": false, "version": 7, "show_additional_indication": 0, "text": "#阿凡达2首映日票房破5000W#很多人已经开始退票了，接下来，看看会有多少人真正会去看吧，连导演都阳了在家隔离，不去参加洛杉矶首映式了。 ​", "textLength": 130, "source_allowclick": 1, "source_type": 2, "source": "<a href=\"http://weibo.com/\" rel=\"nofollow\">子柒的最爱Android</a>", "favorited": false, "truncated": false, "in_reply_to_status_id": "", "in_reply_to_user_id": "", "in_reply_to_screen_name": "", "pic_urls": [{"thumbnail_pic": "http://wx2.sinaimg.cn/thumbnail/004iBqFSly1h92dvbg5wmj60u01uotek02.jpg"}, {"thumbnail_pic": "http://wx4.sinaimg.cn/thumbnail/004iBqFSly1h92dvbssljj60u01uotdq02.jpg"}, {"thumbnail_pic": "http://wx3.sinaimg.cn/thumbnail/004iBqFSly1h92dvcc2kyj60u01uodts02.jpg"}, {"thumbnail_pic": "http://wx2.sinaimg.cn/thumbnail/004iBqFSly1h92dvcokeuj60u01uotfm02.jpg"}, {"thumbnail_pic": "http://wx2.sinaimg.cn/thumbnail/004iBqFSly1h92dvd71hgj60u01uok5202.jpg"}, {"thumbnail_pic": "http://wx3.sinaimg.cn/thumbnail/004iBqFSly1h92dvdt7d4j60u01uok6302.jpg"}], "thumbnail_pic": "http://wx2.sinaimg.cn/thumbnail/004iBqFSly1h92dvbg5wmj60u01uotek02.jpg", "bmiddle_pic": "http://wx2.sinaimg.cn/bmiddle/004iBqFSly1h92dvbg5wmj60u01uotek02.jpg", "original_pic": "http://wx2.sinaimg.cn/large/004iBqFSly1h92dvbg5wmj60u01uotek02.jpg", "geo": null, "is_paid": false, "mblog_vip_type": 0, "user": {"id": 3939426052, "idstr": "3939426052", "class": 1, "screen_name": "地瓜熊老六", "name": "地瓜熊老六", "province": "11", "city": "1", "location": "北京 东城区", "description": "爱国小分队队长", "url": "", "profile_image_url": "https://tvax2.sinaimg.cn/crop.0.40.649.649.50/eacedf04ly8geb0ltyihbj20j60j60tm.jpg?KID=imgbed,tva&Expires=1673965195&ssig=n1FkAaAwfS", "light_ring": false, "cover_image_phone": "https://wx1.sinaimg.cn/crop.0.0.640.640.640/004iBqFSly1gnh0t3gbgij60u00u07m302.jpg", "profile_url": "u/3939426052", "domain": "", "weihao": "", "gender": "m", "followers_count": 6568464, "followers_count_str": "656.8万", "friends_count": 3939, "pagefriends_count": 43, "statuses_count": 145307, "video_status_count": 824, "video_play_count": 0, "super_topic_not_syn_count": 0, "favourites_count": 13, "created_at": "Fri Dec 13 12:54:48 +0800 2013", "following": false, "allow_all_act_msg": false, "geo_enabled": false, "verified": true, "verified_type": 0, "remark": "", "insecurity": {"sexual_content": false}, "ptype": 0, "allow_all_comment": true, "avatar_large": "https://tvax2.sinaimg.cn/crop.0.40.649.649.180/eacedf04ly8geb0ltyihbj20j60j60tm.jpg?KID=imgbed,tva&Expires=1673965195&ssig=PnBup9pwqQ", "avatar_hd": "https://tvax2.sinaimg.cn/crop.0.40.649.649.1024/eacedf04ly8geb0ltyihbj20j60j60tm.jpg?KID=imgbed,tva&Expires=1673965195&ssig=tsKw4gifQp", "verified_reason": "漫画家，代表作《熊了，老六》 微博原创视频博主", "verified_trade": "922", "verified_reason_url": "", "verified_source": "", "verified_source_url": "", "verified_state": 0, "verified_level": 3, "verified_type_ext": 1, "has_service_tel": false, "verified_reason_modified": "", "verified_contact_name": "", "verified_contact_email": "", "verified_contact_mobile": "", "follow_me": false, "like": false, "like_me": false, "online_status": 0, "bi_followers_count": 2614, "lang": "zh-cn", "star": 0, "mbtype": 12, "mbrank": 7, "svip": 0, "mb_expire_time": 1713110400, "block_word": 0, "block_app": 1, "chaohua_ability": 0, "brand_ability": 0, "nft_ability": 11, "vplus_ability": 1, "wenda_ability": 0, "live_ability": 0, "gongyi_ability": 0, "paycolumn_ability": 0, "newbrand_ability": 0, "ecommerce_ability": 0, "hardfan_ability": 1, "wbcolumn_ability": 0, "ability_tags": "时尚设计,文化产业,影评,国产动漫,段子手", "credit_score": 80, "user_ability": 11938360, "cardid": "star_1624", "avatargj_id": "gj_vip_739", "urank": 48, "story_read_state": -1, "verified_detail": {"custom": 1, "data": [{"key": 1, "sub_key": 0, "weight": 10, "desc": "漫画家，代表作《熊了，老六》"}, {"key": 16, "sub_key": 1, "weight": 103, "desc": "微博原创视频博主"}]}, "vclub_member": 0, "is_teenager": 0, "is_guardian": 0, "is_teenager_list": 0, "pc_new": 1, "special_follow": false, "planet_video": 2, "video_mark": 15, "live_status": 0, "user_ability_extend": 0, "status_total_counter": {"total_cnt": 106234739, "repost_cnt": 8601570, "comment_cnt": 12555681, "like_cnt": 36757114, "comment_like_cnt": 48320374}, "video_total_counter": {"play_cnt": 118644712}, "brand_account": 0, "hongbaofei": 0, "tab_manage": "[0, 0]", "reward_status": 0, "green_mode": 0, "urisk": 549755813888, "avatar_type": 0}, "annotations": [{"photo_sub_type": "0,0,0,0,0,0"}, {"ann_ext": "ann_ext:search|t:30|q:#阿凡达2首映日票房破5000W#|creator_source:bottomsendweibo|super_exparams=>{\"system_pic_only\":0}"}, {"client_mblogid": "1f46ded5-f8f8-476e-91c4-d32e51c0dd9d"}, {"mapi_request": true}], "picStatus": "0:1,1:1,2:1,3:1,4:1,5:1", "reposts_count": 0, "comments_count": 0, "reprint_cmt_count": 0, "attitudes_count": 0, "pending_approval_count": 0, "isLongText": false, "reward_exhibition_type": 0, "hide_flag": 0, "mlevel": 0, "show_mlevel": 0, "biz_feature": 4294967300, "page_type": 64, "hasActionTypeCard": 0, "darwin_tags": [], "hot_weibo_tags": [], "text_tag_tips": [], "mblogtype": 0, "userType": 0, "extend_info": {"discuss_room": {"oid": "1022:23262230dbff0faec582deeaa5e478b721b07a"}}, "mlevelSource": "monitor", "more_info_type": 0, "cardid": "star_1624", "number_display_strategy": {"apply_scenario_flag": 3, "display_text_min_number": 1000000, "display_text": "100万+"}, "positive_recom_flag": 0, "content_auth": 0, "gif_ids": "", "is_show_bulletin": 2, "comment_manage_info": {"comment_permission_type": -1, "approval_comment_type": 0, "comment_sort_type": 0, "ai_play_picture_type": 0}, "pic_num": 6, "can_reprint": false, "new_comment_style": 0}, "reply_comment": {"created_at": "Tue Dec 13 19:29:30 +0800 2022", "id": 4846298107217984, "rootid": 4846292292867252, "rootidstr": "4846292292867252", "floor_number": 0, "text": "回复@胖胖虎2021再次重生:我这附近全是人，跟平常一样，万达的imax厅都坐满了[允悲]", "disable_reply": 0, "restrictOperate": 0, "user": {"id": 6611561856, "idstr": "6611561856", "class": 1, "screen_name": "一定要笑嘿嘿", "name": "一定要笑嘿嘿", "province": "100", "city": "1000", "location": "其他", "description": "", "url": "", "profile_image_url": "https://tvax4.sinaimg.cn/crop.0.0.512.512.50/007drrgsly8ggzkhll8sij30e80e80tj.jpg?KID=imgbed,tva&Expires=1673965195&ssig=8Nm7oRzRgB", "light_ring": false, "cover_image_phone": "https://ww1.sinaimg.cn/crop.0.0.640.640.640/549d0121tw1egm1kjly3jj20hs0hsq4f.jpg", "profile_url": "u/6611561856", "domain": "", "weihao": "", "gender": "m", "followers_count": 8, "followers_count_str": "8", "friends_count": 277, "pagefriends_count": 8, "statuses_count": 4, "video_status_count": 0, "video_play_count": 0, "super_topic_not_syn_count": 0, "favourites_count": 0, "created_at": "Tue Jul 24 15:39:36 +0800 2018", "following": false, "allow_all_act_msg": false, "geo_enabled": true, "verified": false, "verified_type": -1, "remark": "", "insecurity": {"sexual_content": false}, "ptype": 0, "allow_all_comment": true, "avatar_large": "https://tvax4.sinaimg.cn/crop.0.0.512.512.180/007drrgsly8ggzkhll8sij30e80e80tj.jpg?KID=imgbed,tva&Expires=1673965195&ssig=PVyJXv5CLY", "avatar_hd": "https://tvax4.sinaimg.cn/crop.0.0.512.512.1024/007drrgsly8ggzkhll8sij30e80e80tj.jpg?KID=imgbed,tva&Expires=1673965195&ssig=22sLNU%2BMTh", "verified_reason": "", "verified_trade": "", "verified_reason_url": "", "verified_source": "", "verified_source_url": "", "follow_me": false, "like": false, "like_me": false, "online_status": 0, "bi_followers_count": 0, "lang": "zh-cn", "star": 0, "mbtype": 0, "mbrank": 0, "svip": 0, "mb_expire_time": 0, "block_word": 0, "block_app": 0, "chaohua_ability": 0, "brand_ability": 0, "nft_ability": 0, "vplus_ability": 0, "wenda_ability": 0, "live_ability": 0, "gongyi_ability": 0, "paycolumn_ability": 0, "newbrand_ability": 0, "ecommerce_ability": 0, "hardfan_ability": 0, "wbcolumn_ability": 0, "credit_score": 80, "user_ability": 2097152, "urank": 4, "story_read_state": -1, "vclub_member": 0, "is_teenager": 0, "is_guardian": 0, "is_teenager_list": 0, "pc_new": 7, "special_follow": false, "planet_video": 2, "video_mark": 0, "live_status": 0, "user_ability_extend": 0, "status_total_counter": {"total_cnt": 7756, "repost_cnt": 1419, "comment_cnt": 598, "like_cnt": 3396, "comment_like_cnt": 2343}, "video_total_counter": {"play_cnt": 0}, "brand_account": 0, "hongbaofei": 0, "tab_manage": "[0, 0]", "reward_status": 0, "green_mode": 0, "urisk": 0, "avatar_type": 0}, "mid": "4846298107217984", "idstr": "4846298107217984", "match_ai_play_picture": false}, "reply_original_text": "那是江浙沪还没爆发[污]估计快了，上海出羊速度快了[污][污][污]", "readtimetype": "comment", "match_ai_play_picture": false}