{"created_at": "Fri Jan 06 10:17:46 +0800 2023", "id": 4854856562512035, "rootid": 4854856562512035, "rootidstr": "4854856562512035", "floor_number": 79, "text": "真的是很好的生日礼物。", "disable_reply": 0, "restrictOperate": 0, "source_allowclick": 0, "source_type": 4, "source": "<a href=\"\" rel=\"nofollow\">来自山西</a>", "comment_badge": [{"pic_url": "https://h5.sinaimg.cn/upload/114/962/2022/07/08/member_0_bigfan1_2.png", "name": "loyal_fans", "length": 1.33, "actionlog": {"act_code": "3671", "ext": "status:fans"}, "scheme": "https://kefu.weibo.com/faqdetail?id=20848", "new_icon": true}], "user": {"id": 2948466441, "idstr": "2948466441", "class": 1, "screen_name": "满满的阳光照射", "name": "满满的阳光照射", "province": "400", "city": "1000", "location": "海外", "description": "", "url": "", "profile_image_url": "https://tvax2.sinaimg.cn/crop.0.0.1061.1061.50/afbe0709ly8h93son865ij20th0thwgx.jpg?KID=imgbed,tva&Expires=1674062652&ssig=EyUBP7FUa4", "light_ring": false, "cover_image_phone": "https://ww1.sinaimg.cn/crop.0.0.640.640.640/a1d3feabjw1ecat4uqw77j20hs0hsacp.jpg", "profile_url": "u/2948466441", "domain": "", "weihao": "", "gender": "m", "followers_count": 97, "followers_count_str": "97", "friends_count": 353, "pagefriends_count": 12, "statuses_count": 9458, "video_status_count": 1, "video_play_count": 0, "super_topic_not_syn_count": 0, "favourites_count": 1, "created_at": "Tue Oct 02 13:13:39 +0800 2012", "following": false, "allow_all_act_msg": false, "geo_enabled": true, "verified": false, "verified_type": -1, "remark": "", "insecurity": {"sexual_content": false}, "ptype": 0, "allow_all_comment": true, "avatar_large": "https://tvax2.sinaimg.cn/crop.0.0.1061.1061.180/afbe0709ly8h93son865ij20th0thwgx.jpg?KID=imgbed,tva&Expires=1674062652&ssig=JmGrwe%2FUDH", "avatar_hd": "https://tvax2.sinaimg.cn/crop.0.0.1061.1061.1024/afbe0709ly8h93son865ij20th0thwgx.jpg?KID=imgbed,tva&Expires=1674062652&ssig=OmNpAbPrsY", "verified_reason": "", "verified_trade": "", "verified_reason_url": "", "verified_source": "", "verified_source_url": "", "follow_me": false, "like": false, "like_me": false, "online_status": 0, "bi_followers_count": 49, "lang": "zh-cn", "star": 0, "mbtype": 2, "mbrank": 2, "svip": 0, "mb_expire_time": 1663948799, "block_word": 0, "block_app": 0, "chaohua_ability": 0, "brand_ability": 0, "nft_ability": 0, "vplus_ability": 0, "wenda_ability": 0, "live_ability": 0, "gongyi_ability": 0, "paycolumn_ability": 0, "newbrand_ability": 0, "ecommerce_ability": 0, "hardfan_ability": 0, "wbcolumn_ability": 0, "credit_score": 80, "user_ability": 2359296, "urank": 9, "story_read_state": -1, "vclub_member": 0, "is_teenager": 0, "is_guardian": 0, "is_teenager_list": 0, "pc_new": 0, "special_follow": false, "planet_video": 2, "video_mark": 0, "live_status": 0, "user_ability_extend": 0, "status_total_counter": {"total_cnt": 4321, "repost_cnt": 4194, "comment_cnt": 104, "like_cnt": 23, "comment_like_cnt": 0}, "video_total_counter": {"play_cnt": 1}, "brand_account": 0, "hongbaofei": 0, "tab_manage": "[0, 0]", "reward_status": 0, "green_mode": 0, "urisk": 17179869184, "unfollowing_recom_switch": 1, "avatar_type": 0}, "mid": "4854856562512035", "idstr": "4854856562512035", "status": {"visible": {"type": 0, "list_id": 0}, "created_at": "Thu Jan 05 20:55:22 +0800 2023", "id": 4854654631939279, "idstr": "4854654631939279", "mid": "4854654631939279", "edit_count": 2, "can_edit": false, "edit_at": "Thu Jan 05 22:30:32 +0800 2023", "version": 3, "show_additional_indication": 0, "text": "【#男子生日当天遇最美日照金山# 网友：好家伙！做了一件可以吹一辈子的事】1月4日，西藏林芝市，色季拉山口。一男子生日当天遇南迦巴瓦峰，激动表示这是最好的生日礼物。据了解，南迦巴瓦峰曾被地理杂志评为最美山峰，但近八千米的山峰常年在云里躲在云里，“日照金山”这一美景可以说是“十人九不遇 ​", "textLength": 379, "source_allowclick": 0, "source_type": 2, "source": "", "favorited": false, "truncated": false, "in_reply_to_status_id": "", "in_reply_to_user_id": "", "in_reply_to_screen_name": "", "pic_urls": [], "geo": null, "is_paid": false, "mblog_vip_type": 0, "user": {"id": 1931238691, "idstr": "1931238691", "class": 1, "screen_name": "青岛交通广播FM897", "name": "青岛交通广播FM897", "province": "37", "city": "2", "location": "山东 青岛", "description": "关注交通，关爱生活。投稿邮箱jtgb85701216@163.com", "url": "", "profile_image_url": "https://tvax4.sinaimg.cn/crop.0.0.600.600.50/0026Hhp9ly8h8vgkm333zj60go0go75602.jpg?KID=imgbed,tva&Expires=1674062652&ssig=x93CKcvFGL", "light_ring": false, "cover_image": "https://ww1.sinaimg.cn/crop.0.0.920.300/731c5d23jw1ey6busdgiyj20pk08cjul.jpg", "cover_image_phone": "https://ww2.sinaimg.cn/crop.0.0.640.640.640/638f41a8jw1eu9ilzh8nfj20hs0hs42h.jpg", "profile_url": "u/1931238691", "domain": "", "weihao": "", "gender": "m", "followers_count": 3005122, "followers_count_str": "300.5万", "friends_count": 1855, "pagefriends_count": 173, "statuses_count": 851194, "video_status_count": 1612, "video_play_count": 0, "super_topic_not_syn_count": 9, "favourites_count": 3631, "created_at": "Sun Jan 23 00:11:23 +0800 2011", "following": false, "allow_all_act_msg": true, "geo_enabled": false, "verified": true, "verified_type": 3, "remark": "", "insecurity": {"sexual_content": false}, "ptype": 0, "allow_all_comment": false, "avatar_large": "https://tvax4.sinaimg.cn/crop.0.0.600.600.180/0026Hhp9ly8h8vgkm333zj60go0go75602.jpg?KID=imgbed,tva&Expires=1674062652&ssig=di1krnLYG8", "avatar_hd": "https://tvax4.sinaimg.cn/crop.0.0.600.600.1024/0026Hhp9ly8h8vgkm333zj60go0go75602.jpg?KID=imgbed,tva&Expires=1674062652&ssig=dlv7DHaUOZ", "verified_reason": "青岛交通广播FM897官方微博", "verified_trade": "", "verified_reason_url": "", "verified_source": "", "verified_source_url": "", "verified_state": 0, "verified_level": 3, "verified_type_ext": 50, "has_service_tel": false, "verified_reason_modified": "", "verified_contact_name": "", "verified_contact_email": "", "verified_contact_mobile": "", "follow_me": false, "like": false, "like_me": false, "online_status": 0, "bi_followers_count": 900, "lang": "zh-cn", "star": 0, "mbtype": 12, "mbrank": 7, "svip": 0, "mb_expire_time": 1492963200, "block_word": 0, "block_app": 1, "chaohua_ability": 0, "brand_ability": 0, "nft_ability": 0, "vplus_ability": 0, "wenda_ability": 0, "live_ability": 1, "gongyi_ability": 0, "paycolumn_ability": 0, "newbrand_ability": 0, "ecommerce_ability": 0, "hardfan_ability": 0, "wbcolumn_ability": 0, "credit_score": 80, "user_ability": -2136668404, "cardid": "star_1637", "urank": 48, "story_read_state": -1, "vclub_member": 0, "is_teenager": 0, "is_guardian": 0, "is_teenager_list": 0, "pc_new": 7, "special_follow": false, "planet_video": 2, "video_mark": 15, "live_status": 0, "user_ability_extend": 1, "status_total_counter": {"total_cnt": 6383182, "repost_cnt": 2088129, "comment_cnt": 2284921, "like_cnt": 1729574, "comment_like_cnt": 280558}, "video_total_counter": {"play_cnt": 132746775}, "brand_account": 0, "hongbaofei": 0, "tab_manage": "[0, 0]", "reward_status": 0, "green_mode": 0, "urisk": 0, "unfollowing_recom_switch": 1, "avatar_type": 0}, "annotations": [{}, {}, {"client_mblogid": "iPhone-496C5C04-E2D7-472C-9B51-F3D1A0E086D6"}, {"mapi_request": true}], "reposts_count": 0, "comments_count": 0, "reprint_cmt_count": 0, "attitudes_count": 0, "pending_approval_count": 0, "isLongText": true, "reward_exhibition_type": 0, "hide_flag": 0, "mlevel": 0, "show_mlevel": 0, "biz_ids": [230444], "biz_feature": 4294967304, "page_type": 64, "hasActionTypeCard": 0, "darwin_tags": [], "hot_weibo_tags": [], "text_tag_tips": [], "mblogtype": 0, "userType": 0, "more_info_type": 0, "cardid": "star_1637", "positive_recom_flag": 0, "content_auth": 0, "gif_ids": "", "is_show_bulletin": 2, "comment_manage_info": {"comment_permission_type": -1, "approval_comment_type": 0, "comment_sort_type": 0, "ai_play_picture_type": 0}, "pic_num": 0, "fid": 4854654092706058, "can_reprint": false, "new_comment_style": 0}, "readtimetype": "comment", "comment_dynamic_message": {"id": "0", "start_color": "#00FFFFFF", "end_color": "#1AFFFFFF", "start_color_dark": "#003A3A3A", "end_color_dark": "#333A3A3A", "name": {"zh_CN": "默认", "zh_HK": "默認", "en_US": "default"}, "scheme": "https://new.vip.weibo.cn/bubble/mall?showmenu=0&decorateId=0&uid=2948466441", "allow_vip_box_content": "用此评论气泡", "allow_vip_box_icon": "https://h5.sinaimg.cn/upload/100/1720/2022/08/08/icon_VIP_for_comment_bubble.png"}, "match_ai_play_picture": false}