{"created_at": "Fri Nov 13 08:35:25 +0800 2020", "id": 4570718718663312, "rootid": 4570718718663312, "rootidstr": "4570718718663312", "floor_number": 6, "text": "转发微博", "disable_reply": 0, "restrictOperate": 0, "user": {"id": 3677837702, "idstr": "3677837702", "class": 1, "screen_name": "大庆市大同区人民法院", "name": "大庆市大同区人民法院", "province": "23", "city": "1000", "location": "黑龙江", "description": "", "url": "", "profile_image_url": "https://tva1.sinaimg.cn/crop.0.13.322.322.50/db375986tw1e762myka2uj20900a1mz3.jpg?KID=imgbed,tva&Expires=1669713501&ssig=NYEqSDJ1Me", "light_ring": false, "cover_image_phone": "http://ww1.sinaimg.cn/crop.0.0.640.640.640/549d0121tw1egm1kjly3jj20hs0hsq4f.jpg", "profile_url": "u/3677837702", "domain": "", "weihao": "", "gender": "m", "followers_count": 2939, "followers_count_str": "2939", "friends_count": 69, "pagefriends_count": 0, "statuses_count": 126971, "video_status_count": 19, "video_play_count": 0, "super_topic_not_syn_count": 0, "favourites_count": 16, "created_at": "Tue Jul 30 14:54:27 +0800 2013", "following": false, "allow_all_act_msg": false, "geo_enabled": true, "verified": true, "verified_type": 1, "remark": "", "insecurity": {"sexual_content": false}, "ptype": 0, "allow_all_comment": true, "avatar_large": "https://tva1.sinaimg.cn/crop.0.13.322.322.180/db375986tw1e762myka2uj20900a1mz3.jpg?KID=imgbed,tva&Expires=1669713501&ssig=yR4TRQE1Jh", "avatar_hd": "https://tva1.sinaimg.cn/crop.0.13.322.322.1024/db375986tw1e762myka2uj20900a1mz3.jpg?KID=imgbed,tva&Expires=1669713501&ssig=wHvtVsYKQQ", "verified_reason": "大庆市大同区人民法院官方微博", "verified_trade": "", "verified_reason_url": "", "verified_source": "", "verified_source_url": "", "verified_state": 0, "verified_level": 3, "verified_type_ext": 0, "has_service_tel": false, "verified_reason_modified": "", "verified_contact_name": "", "verified_contact_email": "", "verified_contact_mobile": "", "follow_me": false, "like": false, "like_me": false, "online_status": 0, "bi_followers_count": 58, "lang": "zh-cn", "star": 0, "mbtype": 0, "mbrank": 0, "svip": 0, "mb_expire_time": 0, "block_word": 0, "block_app": 0, "chaohua_ability": 0, "brand_ability": 0, "nft_ability": 0, "vplus_ability": 0, "wenda_ability": 0, "live_ability": 0, "gongyi_ability": 0, "paycolumn_ability": 0, "newbrand_ability": 0, "ecommerce_ability": 0, "hardfan_ability": 0, "credit_score": 80, "user_ability": 262144, "cardid": "star_1624", "urank": 14, "story_read_state": -1, "vclub_member": 0, "is_teenager": 0, "is_guardian": 0, "is_teenager_list": 0, "pc_new": 6, "special_follow": false, "planet_video": 2, "video_mark": 14, "live_status": 0, "user_ability_extend": 0, "status_total_counter": {"total_cnt": 9159, "repost_cnt": 1175, "comment_cnt": 2371, "like_cnt": 3666, "comment_like_cnt": 1947}, "video_total_counter": {"play_cnt": 987}, "brand_account": 0, "hongbaofei": 0, "tab_manage": "[0, 0]", "reward_status": 0, "green_mode": 0, "urisk": 0, "avatar_type": 0}, "mid": "4570718718663312", "idstr": "4570718718663312", "status": {"visible": {"type": 0, "list_id": 0}, "created_at": "Thu Nov 12 10:50:01 +0800 2020", "id": 4570390205309798, "idstr": "4570390205309798", "mid": "4570390205309798", "can_edit": false, "show_additional_indication": 0, "text": "#辟谣#【齐齐哈尔马戏团的老虎狮子演出时竟把马吃了？假的！】近日，一段齐齐哈尔马戏团老虎吃马的视频在网络流传。视频中可以看到，一家马戏团正在进行演出，突然老虎、狮子发狂，开始撕咬一匹白色的马。据视频的发布者介绍，这是齐齐哈尔马戏团在沧州演出时发生的事故。原因是马戏团效益变差，加上肉 ​", "textLength": 489, "source_allowclick": 0, "source_type": 2, "source": "", "favorited": false, "truncated": false, "in_reply_to_status_id": "", "in_reply_to_user_id": "", "in_reply_to_screen_name": "", "pic_urls": [], "geo": null, "is_paid": false, "mblog_vip_type": 0, "user": {"id": 6259484379, "idstr": "6259484379", "class": 1, "screen_name": "黑龙江-平安黑龙江", "name": "黑龙江-平安黑龙江", "province": "23", "city": "1000", "location": "黑龙江", "description": "www.paljw.com 平安黑龙江 黑龙江省委政法委官方网站", "url": "", "profile_image_url": "https://tvax1.sinaimg.cn/crop.0.0.512.512.50/006PC9Ptly8gln2kkpi61j30e80e8t98.jpg?KID=imgbed,tva&Expires=1669713501&ssig=UKPnR5dpsc", "light_ring": false, "cover_image_phone": "http://ww1.sinaimg.cn/crop.0.0.640.640.640/549d0121tw1egm1kjly3jj20hs0hsq4f.jpg", "profile_url": "pahlj", "domain": "pahlj", "weihao": "", "gender": "f", "followers_count": 40046, "followers_count_str": "4万", "friends_count": 632, "pagefriends_count": 3, "statuses_count": 34266, "video_status_count": 832, "video_play_count": 0, "super_topic_not_syn_count": 0, "favourites_count": 6, "created_at": "Wed May 24 20:14:52 +0800 2017", "following": false, "allow_all_act_msg": false, "geo_enabled": true, "verified": true, "verified_type": 1, "remark": "", "insecurity": {"sexual_content": false}, "ptype": 0, "allow_all_comment": false, "avatar_large": "https://tvax1.sinaimg.cn/crop.0.0.512.512.180/006PC9Ptly8gln2kkpi61j30e80e8t98.jpg?KID=imgbed,tva&Expires=1669713501&ssig=jNd1HoBzVS", "avatar_hd": "https://tvax1.sinaimg.cn/crop.0.0.512.512.1024/006PC9Ptly8gln2kkpi61j30e80e8t98.jpg?KID=imgbed,tva&Expires=1669713501&ssig=D%2B6TQzLpjc", "verified_reason": "中共黑龙江省委政法委员会官方微博", "verified_trade": "", "verified_reason_url": "", "verified_source": "", "verified_source_url": "", "verified_state": 0, "verified_level": 3, "verified_type_ext": 0, "has_service_tel": false, "verified_reason_modified": "", "verified_contact_name": "", "verified_contact_email": "pinganlongjiang@163.com", "verified_contact_mobile": "", "follow_me": false, "like": false, "like_me": false, "online_status": 0, "bi_followers_count": 185, "lang": "zh-cn", "star": 0, "mbtype": 12, "mbrank": 6, "svip": 0, "mb_expire_time": 1704470400, "block_word": 0, "block_app": 1, "chaohua_ability": 0, "brand_ability": 0, "nft_ability": 0, "vplus_ability": 0, "wenda_ability": 0, "live_ability": 0, "gongyi_ability": 0, "paycolumn_ability": 0, "newbrand_ability": 0, "ecommerce_ability": 0, "hardfan_ability": 1, "credit_score": 80, "user_ability": 10747912, "cardid": "star_1624", "urank": 30, "story_read_state": -1, "vclub_member": 0, "is_teenager": 0, "is_guardian": 0, "is_teenager_list": 0, "pc_new": 6, "special_follow": false, "planet_video": 2, "video_mark": 15, "live_status": 0, "user_ability_extend": 0, "status_total_counter": {"total_cnt": 750695, "repost_cnt": 310788, "comment_cnt": 161993, "like_cnt": 187158, "comment_like_cnt": 90756}, "video_total_counter": {"play_cnt": 14485419}, "brand_account": 0, "hongbaofei": 0, "tab_manage": "[0, 0]", "reward_status": 0, "green_mode": 0, "urisk": 0, "avatar_type": 0}, "annotations": [{"client_mblogid": "iPhone-5943A4DA-C346-4B95-9670-42DA36F38BC4"}, {"mapi_request": true}], "reposts_count": 0, "comments_count": 0, "reprint_cmt_count": 0, "attitudes_count": 0, "pending_approval_count": 0, "isLongText": true, "reward_exhibition_type": 0, "hide_flag": 0, "mlevel": 0, "show_mlevel": 0, "biz_ids": [230444], "biz_feature": 4294967304, "page_type": 64, "hasActionTypeCard": 0, "darwin_tags": [], "hot_weibo_tags": [], "text_tag_tips": [], "mblogtype": 0, "userType": 0, "more_info_type": 0, "cardid": "star_11247_common", "positive_recom_flag": 0, "content_auth": 0, "gif_ids": "", "is_show_bulletin": 2, "comment_manage_info": {"comment_permission_type": -1, "approval_comment_type": 0, "comment_sort_type": 0, "ai_play_picture_type": 0}, "pic_num": 0, "fid": 4570390151036966, "can_reprint": false, "new_comment_style": 0}, "readtimetype": "comment", "match_ai_play_picture": false}