{"created_at": "Wed Nov 23 23:41:28 +0800 2022", "id": 4839113754412714, "rootid": 4838999468017347, "rootidstr": "4838999468017347", "floor_number": 0, "text": "回复@jeymili:阿根廷独赢昨天赔率就是0.01，非常低，1000块钱赢10，网站上玩倍率高一点，", "disable_reply": 0, "restrictOperate": 0, "source_allowclick": 0, "source_type": 4, "source": "<a href=\"\" rel=\"nofollow\">来自浙江</a>", "user": {"id": 5373616288, "idstr": "5373616288", "class": 1, "screen_name": "RUNlllllllk", "name": "RUNlllllllk", "province": "33", "city": "4", "location": "浙江 嘉兴", "description": "", "url": "", "profile_image_url": "https://tvax2.sinaimg.cn/crop.0.0.1080.1080.50/005RF94sly8gmhtzct4doj30u00u0die.jpg?KID=imgbed,tva&Expires=1674067123&ssig=%2FilZ2Kv1Ju", "light_ring": false, "cover_image_phone": "https://wx3.sinaimg.cn/crop.0.0.640.640.640/005RF94sly1gn12dttakhj30e80e8glu.jpg", "profile_url": "u/5373616288", "domain": "", "weihao": "", "gender": "m", "followers_count": 1599, "followers_count_str": "1599", "friends_count": 102, "pagefriends_count": 3, "statuses_count": 28, "video_status_count": 1, "video_play_count": 0, "super_topic_not_syn_count": 0, "favourites_count": 1, "created_at": "Mon Nov 17 00:31:17 +0800 2014", "following": false, "allow_all_act_msg": false, "geo_enabled": true, "verified": false, "verified_type": -1, "remark": "", "insecurity": {"sexual_content": false}, "ptype": 0, "allow_all_comment": true, "avatar_large": "https://tvax2.sinaimg.cn/crop.0.0.1080.1080.180/005RF94sly8gmhtzct4doj30u00u0die.jpg?KID=imgbed,tva&Expires=1674067123&ssig=oaaTikE03U", "avatar_hd": "https://tvax2.sinaimg.cn/crop.0.0.1080.1080.1024/005RF94sly8gmhtzct4doj30u00u0die.jpg?KID=imgbed,tva&Expires=1674067123&ssig=c6a36CUysL", "verified_reason": "", "verified_trade": "", "verified_reason_url": "", "verified_source": "", "verified_source_url": "", "follow_me": false, "like": false, "like_me": false, "online_status": 0, "bi_followers_count": 9, "lang": "zh-cn", "star": 0, "mbtype": 12, "mbrank": 6, "svip": 0, "mb_expire_time": 1680192000, "block_word": 0, "block_app": 1, "chaohua_ability": 0, "brand_ability": 0, "nft_ability": 0, "vplus_ability": 0, "wenda_ability": 0, "live_ability": 0, "gongyi_ability": 0, "paycolumn_ability": 0, "newbrand_ability": 0, "ecommerce_ability": 0, "hardfan_ability": 0, "wbcolumn_ability": 0, "credit_score": 80, "user_ability": 2360320, "urank": 14, "story_read_state": -1, "vclub_member": 0, "is_teenager": 0, "is_guardian": 0, "is_teenager_list": 0, "pc_new": 0, "special_follow": false, "planet_video": 2, "video_mark": 2, "live_status": 0, "user_ability_extend": 0, "status_total_counter": {"total_cnt": 183, "repost_cnt": 5, "comment_cnt": 29, "like_cnt": 148, "comment_like_cnt": 1}, "video_total_counter": {"play_cnt": 2220}, "brand_account": 0, "hongbaofei": 0, "tab_manage": "[0, 0]", "reward_status": 0, "green_mode": 0, "urisk": 0, "unfollowing_recom_switch": 1, "avatar_type": 0}, "mid": "4839113754412714", "idstr": "4839113754412714", "status": {"visible": {"type": 0, "list_id": 0}, "created_at": "Wed Nov 23 10:42:38 +0800 2022", "id": 4838917754853706, "idstr": "4838917754853706", "mid": "4838917754853706", "can_edit": false, "version": 2, "show_additional_indication": 0, "text": "杭州萧山据说梭哈1000w买阿根廷赢，晚上真跳楼了[泪][泪][泪] ​", "textLength": 57, "source_allowclick": 1, "source_type": 1, "source": "<a href=\"http://app.weibo.com/t/feed/1TqjXH\" rel=\"nofollow\">HUAWEI P30 Pro</a>", "favorited": false, "truncated": false, "in_reply_to_status_id": "", "in_reply_to_user_id": "", "in_reply_to_screen_name": "", "pic_urls": [{"thumbnail_pic": "http://wx4.sinaimg.cn/thumbnail/d2043a5agy1h8ev4vrhb1j20u013z43b.jpg"}, {"thumbnail_pic": "http://wx3.sinaimg.cn/thumbnail/d2043a5agy1h8ev4w9cnij20u0140dnl.jpg"}, {"thumbnail_pic": "http://wx1.sinaimg.cn/thumbnail/d2043a5agy1h8ev4wp2dyj20u0140gs7.jpg"}], "thumbnail_pic": "http://wx4.sinaimg.cn/thumbnail/d2043a5agy1h8ev4vrhb1j20u013z43b.jpg", "bmiddle_pic": "http://wx4.sinaimg.cn/bmiddle/d2043a5agy1h8ev4vrhb1j20u013z43b.jpg", "original_pic": "http://wx4.sinaimg.cn/large/d2043a5agy1h8ev4vrhb1j20u013z43b.jpg", "geo": null, "is_paid": false, "mblog_vip_type": 0, "user": {"id": 3523492442, "idstr": "3523492442", "class": 1, "screen_name": "神秘文澳", "name": "神秘文澳", "province": "36", "city": "8", "location": "江西 吉安", "description": "生来一朵梅花", "url": "", "profile_image_url": "https://tva2.sinaimg.cn/crop.0.0.180.180.50/d2043a5ajw1e8qgp5bmzyj2050050aa8.jpg?KID=imgbed,tva&Expires=1674067123&ssig=wL%2F60Ax5ft", "light_ring": false, "cover_image_phone": "https://ww1.sinaimg.cn/crop.0.0.640.640.640/549d0121tw1egm1kjly3jj20hs0hsq4f.jpg", "profile_url": "u/3523492442", "domain": "", "weihao": "", "gender": "m", "followers_count": 474, "followers_count_str": "474", "friends_count": 2878, "pagefriends_count": 74, "statuses_count": 2932, "video_status_count": 572, "video_play_count": 0, "super_topic_not_syn_count": 28, "favourites_count": 12, "created_at": "Mon Jun 10 17:30:16 +0800 2013", "following": false, "allow_all_act_msg": false, "geo_enabled": true, "verified": false, "verified_type": -1, "remark": "", "insecurity": {"sexual_content": false}, "ptype": 0, "allow_all_comment": true, "avatar_large": "https://tva2.sinaimg.cn/crop.0.0.180.180.180/d2043a5ajw1e8qgp5bmzyj2050050aa8.jpg?KID=imgbed,tva&Expires=1674067123&ssig=%2ByIL38kR3N", "avatar_hd": "https://tva2.sinaimg.cn/crop.0.0.180.180.1024/d2043a5ajw1e8qgp5bmzyj2050050aa8.jpg?KID=imgbed,tva&Expires=1674067123&ssig=uEJtMpzhEP", "verified_reason": "", "verified_trade": "", "verified_reason_url": "", "verified_source": "", "verified_source_url": "", "follow_me": false, "like": false, "like_me": false, "online_status": 0, "bi_followers_count": 308, "lang": "zh-cn", "star": 0, "mbtype": 2, "mbrank": 1, "svip": 0, "mb_expire_time": 1651507199, "block_word": 0, "block_app": 0, "chaohua_ability": 0, "brand_ability": 0, "nft_ability": 0, "vplus_ability": 0, "wenda_ability": 0, "live_ability": 0, "gongyi_ability": 0, "paycolumn_ability": 0, "newbrand_ability": 0, "ecommerce_ability": 0, "hardfan_ability": 0, "wbcolumn_ability": 0, "credit_score": 80, "user_ability": 10747904, "cardid": "star_1624", "avatargj_id": "gj_vip_422", "urank": 17, "story_read_state": -1, "vclub_member": 0, "is_teenager": 0, "is_guardian": 0, "is_teenager_list": 0, "pc_new": 0, "special_follow": false, "planet_video": 2, "video_mark": 2, "live_status": 0, "user_ability_extend": 0, "status_total_counter": {"total_cnt": 4173, "repost_cnt": 302, "comment_cnt": 1028, "like_cnt": 2146, "comment_like_cnt": 697}, "video_total_counter": {"play_cnt": 350042}, "brand_account": 0, "hongbaofei": 0, "tab_manage": "[0, 0]", "reward_status": 0, "green_mode": 0, "urisk": 17179869184, "unfollowing_recom_switch": 1, "avatar_type": 0}, "annotations": [{"photo_sub_type": "0,0,0"}, {}, {"client_mblogid": "a15d83f7-1993-4142-8b96-d5af335a2f98"}, {"mapi_request": true}], "picStatus": "0:1,1:1,2:1", "reposts_count": 0, "comments_count": 0, "reprint_cmt_count": 0, "attitudes_count": 0, "pending_approval_count": 0, "isLongText": false, "reward_exhibition_type": 0, "hide_flag": 0, "mlevel": 129, "show_mlevel": 0, "biz_feature": 4294967300, "hasActionTypeCard": 0, "darwin_tags": [], "hot_weibo_tags": [], "text_tag_tips": [], "mblogtype": 0, "userType": 0, "mlevelSource": "monitor", "more_info_type": 0, "cardid": "star_1624", "number_display_strategy": {"apply_scenario_flag": 3, "display_text_min_number": 1000000, "display_text": "100万+"}, "positive_recom_flag": 0, "content_auth": 0, "gif_ids": "", "is_show_bulletin": 2, "comment_manage_info": {"comment_permission_type": -1, "approval_comment_type": 0, "comment_sort_type": 0, "ai_play_picture_type": 0}, "pic_num": 3, "can_reprint": false, "new_comment_style": 0}, "reply_comment": {"created_at": "Wed Nov 23 23:15:19 +0800 2022", "id": 4839107174079515, "rootid": 4838999468017347, "rootidstr": "4838999468017347", "floor_number": 0, "text": "回复@RUNlllllllk:1000万博20万不可能，这么低不会买这么大的", "disable_reply": 0, "restrictOperate": 0, "user": {"id": 5807275139, "idstr": "5807275139", "class": 1, "screen_name": "jeymili", "name": "jeymili", "province": "45", "city": "22", "location": "广西 柳州", "description": "", "url": "", "profile_image_url": "https://tvax4.sinaimg.cn/crop.0.0.1080.1080.50/006l0Jy3ly8h8d3ns5szaj30u00u0q85.jpg?KID=imgbed,tva&Expires=1674067123&ssig=w%2BfSOWcdO9", "light_ring": false, "cover_image_phone": "https://ww1.sinaimg.cn/crop.0.0.640.640.640/549d0121tw1egm1kjly3jj20hs0hsq4f.jpg", "profile_url": "u/5807275139", "domain": "", "weihao": "", "gender": "m", "followers_count": 10, "followers_count_str": "10", "friends_count": 277, "pagefriends_count": 24, "statuses_count": 407, "video_status_count": 0, "video_play_count": 0, "super_topic_not_syn_count": 0, "favourites_count": 0, "created_at": "Fri Dec 25 21:50:12 +0800 2015", "following": false, "allow_all_act_msg": false, "geo_enabled": true, "verified": false, "verified_type": -1, "remark": "", "insecurity": {"sexual_content": false}, "ptype": 0, "allow_all_comment": false, "avatar_large": "https://tvax4.sinaimg.cn/crop.0.0.1080.1080.180/006l0Jy3ly8h8d3ns5szaj30u00u0q85.jpg?KID=imgbed,tva&Expires=1674067123&ssig=tAB5W591i3", "avatar_hd": "https://tvax4.sinaimg.cn/crop.0.0.1080.1080.1024/006l0Jy3ly8h8d3ns5szaj30u00u0q85.jpg?KID=imgbed,tva&Expires=1674067123&ssig=rpF7FiG%2BLJ", "verified_reason": "", "verified_trade": "", "verified_reason_url": "", "verified_source": "", "verified_source_url": "", "follow_me": false, "like": false, "like_me": false, "online_status": 0, "bi_followers_count": 4, "lang": "zh-cn", "star": 0, "mbtype": 0, "mbrank": 0, "svip": 0, "mb_expire_time": 0, "block_word": 0, "block_app": 0, "chaohua_ability": 0, "brand_ability": 0, "nft_ability": 0, "vplus_ability": 0, "wenda_ability": 0, "live_ability": 0, "gongyi_ability": 0, "paycolumn_ability": 0, "newbrand_ability": 0, "ecommerce_ability": 0, "hardfan_ability": 0, "wbcolumn_ability": 0, "credit_score": 80, "user_ability": 2097152, "urank": 0, "story_read_state": -1, "vclub_member": 0, "is_teenager": 0, "is_guardian": 0, "is_teenager_list": 0, "pc_new": 0, "special_follow": false, "planet_video": 0, "video_mark": 0, "live_status": 0, "user_ability_extend": 0, "status_total_counter": {"total_cnt": 11, "repost_cnt": 1, "comment_cnt": 5, "like_cnt": 5, "comment_like_cnt": 0}, "video_total_counter": {"play_cnt": -1}, "brand_account": 0, "hongbaofei": 0, "tab_manage": "[0, 0]", "reward_status": 0, "green_mode": 0, "urisk": 566935683072, "unfollowing_recom_switch": 1, "avatar_type": 0}, "mid": "4839107174079515", "idstr": "4839107174079515", "match_ai_play_picture": false}, "reply_original_text": "阿根廷独赢昨天赔率就是0.01，非常低，1000块钱赢10，网站上玩倍率高一点，", "readtimetype": "comment", "match_ai_play_picture": false}