{"created_at": "Sun Jan 08 14:11:58 +0800 2023", "id": 4855640277653559, "rootid": 4855640277653559, "rootidstr": "4855640277653559", "floor_number": 24, "text": "[赞啊][心]", "disable_reply": 0, "restrictOperate": 0, "source_allowclick": 0, "source_type": 4, "source": "<a href=\"\" rel=\"nofollow\">来自河北</a>", "user": {"id": 5259471372, "idstr": "5259471372", "class": 1, "screen_name": "廿陆画_24889", "name": "廿陆画_24889", "province": "13", "city": "2", "location": "河北 唐山", "description": "快乐就好。", "url": "", "profile_image_url": "https://tvax3.sinaimg.cn/crop.0.0.1002.1002.50/005JWcLqly8g6hf2uh7mhj30ru0rut9x.jpg?KID=imgbed,tva&Expires=1674056920&ssig=pNuDAmsLYz", "light_ring": false, "cover_image_phone": "https://ww1.sinaimg.cn/crop.0.0.640.640.640/549d0121tw1egm1kjly3jj20hs0hsq4f.jpg", "profile_url": "u/5259471372", "domain": "", "weihao": "", "gender": "m", "followers_count": 137, "followers_count_str": "137", "friends_count": 135, "pagefriends_count": 43, "statuses_count": 7136, "video_status_count": 10, "video_play_count": 0, "super_topic_not_syn_count": 0, "favourites_count": 6, "created_at": "Sun Dec 21 10:55:06 +0800 2014", "following": false, "allow_all_act_msg": false, "geo_enabled": true, "verified": false, "verified_type": -1, "remark": "", "insecurity": {"sexual_content": false}, "ptype": 0, "allow_all_comment": true, "avatar_large": "https://tvax3.sinaimg.cn/crop.0.0.1002.1002.180/005JWcLqly8g6hf2uh7mhj30ru0rut9x.jpg?KID=imgbed,tva&Expires=1674056920&ssig=3F18N4%2FPvu", "avatar_hd": "https://tvax3.sinaimg.cn/crop.0.0.1002.1002.1024/005JWcLqly8g6hf2uh7mhj30ru0rut9x.jpg?KID=imgbed,tva&Expires=1674056920&ssig=dcU99dDPWL", "verified_reason": "", "verified_trade": "", "verified_reason_url": "", "verified_source": "", "verified_source_url": "", "follow_me": false, "like": false, "like_me": false, "online_status": 0, "bi_followers_count": 3, "lang": "zh-cn", "star": 0, "mbtype": 12, "mbrank": 6, "svip": 0, "mb_expire_time": 1674489600, "block_word": 0, "block_app": 1, "chaohua_ability": 0, "brand_ability": 0, "nft_ability": 0, "vplus_ability": 0, "wenda_ability": 0, "live_ability": 0, "gongyi_ability": 0, "paycolumn_ability": 0, "newbrand_ability": 0, "ecommerce_ability": 0, "hardfan_ability": 0, "wbcolumn_ability": 0, "credit_score": 80, "user_ability": 3407872, "cardid": "star_1624", "urank": 9, "story_read_state": -1, "vclub_member": 0, "is_teenager": 0, "is_guardian": 0, "is_teenager_list": 0, "pc_new": 0, "special_follow": false, "planet_video": 2, "video_mark": 2, "live_status": 0, "user_ability_extend": 0, "video_cover": {"mid": 4758240728977776}, "status_total_counter": {"total_cnt": 593, "repost_cnt": 136, "comment_cnt": 266, "like_cnt": 191, "comment_like_cnt": 0}, "video_total_counter": {"play_cnt": 607}, "brand_account": 0, "hongbaofei": 0, "tab_manage": "[0, 0]", "reward_status": 0, "green_mode": 0, "urisk": 0, "unfollowing_recom_switch": 1, "avatar_type": 0}, "mid": "4855640277653559", "idstr": "4855640277653559", "status": {"visible": {"type": 0, "list_id": 0}, "created_at": "Sun Jan 08 12:32:51 +0800 2023", "id": 4855615333602187, "idstr": "4855615333602187", "mid": "4855615333602187", "can_edit": false, "version": 2, "show_additional_indication": 0, "text": "缅怀！1976年1月8日，敬爱的周恩来总理逝世。\n\n#周总理台历上的工作日程看到泪目##纪念周恩来总理逝世47周年# http://t.cn/A69hnwA0 ​", "textLength": 123, "source_allowclick": 1, "source_type": 2, "source": "", "favorited": false, "truncated": false, "in_reply_to_status_id": "", "in_reply_to_user_id": "", "in_reply_to_screen_name": "", "pic_urls": [], "geo": null, "is_paid": false, "mblog_vip_type": 0, "user": {"id": 1283431191, "idstr": "1283431191", "class": 1, "screen_name": "晓磊", "name": "晓磊", "province": "37", "city": "1000", "location": "山东", "description": "三千年读史，无外功名利禄。九万里悟道，终归诗酒田园。", "url": "http://blog.sina.com.cn/sdtvxiaolei", "profile_image_url": "https://tvax4.sinaimg.cn/crop.986.310.341.341.50/001oR955ly8h1l8wyogv7j61hc0u0wlc02.jpg?KID=imgbed,tva&Expires=1674056920&ssig=Bn8V%2FoTet2", "light_ring": false, "cover_image": "https://ww1.sinaimg.cn/crop.0.84.980.245/4c7f9b17tw1dx4m1qqg3vj.jpg", "cover_image_phone": "https://ww1.sinaimg.cn/crop.0.0.640.640.640/9d44112bjw1f1xl1c10tuj20hs0hs0tw.jpg", "profile_url": "sdtvxiaolei", "domain": "sdtvxiaolei", "weihao": "", "gender": "m", "followers_count": 14762173, "followers_count_str": "1476.2万", "friends_count": 482, "pagefriends_count": 5, "statuses_count": 51367, "video_status_count": 13520, "video_play_count": 0, "super_topic_not_syn_count": 0, "favourites_count": 24, "created_at": "Sun Apr 11 20:29:54 +0800 2010", "following": false, "allow_all_act_msg": false, "geo_enabled": false, "verified": true, "verified_type": 0, "remark": "", "insecurity": {"sexual_content": false}, "ptype": 8, "allow_all_comment": true, "avatar_large": "https://tvax4.sinaimg.cn/crop.986.310.341.341.180/001oR955ly8h1l8wyogv7j61hc0u0wlc02.jpg?KID=imgbed,tva&Expires=1674056920&ssig=sHI9DUgkoy", "avatar_hd": "https://tvax4.sinaimg.cn/crop.986.310.341.341.1024/001oR955ly8h1l8wyogv7j61hc0u0wlc02.jpg?KID=imgbed,tva&Expires=1674056920&ssig=46xQft%2FvFS", "verified_reason": "2022年辰星计划博主 互联网科技博主", "verified_trade": "843", "verified_reason_url": "", "verified_source": "", "verified_source_url": "", "verified_state": 0, "verified_level": 3, "verified_type_ext": 1, "has_service_tel": false, "verified_reason_modified": "", "verified_contact_name": "", "verified_contact_email": "", "verified_contact_mobile": "", "follow_me": false, "like": false, "like_me": false, "online_status": 0, "bi_followers_count": 378, "lang": "zh-cn", "star": 0, "mbtype": 12, "mbrank": 7, "svip": 0, "mb_expire_time": 1964188800, "block_word": 0, "block_app": 1, "chaohua_ability": 0, "brand_ability": 0, "nft_ability": 0, "vplus_ability": 1, "wenda_ability": 0, "live_ability": 0, "gongyi_ability": 0, "paycolumn_ability": 0, "newbrand_ability": 0, "ecommerce_ability": 0, "hardfan_ability": 1, "wbcolumn_ability": 0, "ability_tags": "媒体评论,记者,编导,制片人,艺人宣传", "credit_score": 80, "user_ability": -2135547336, "cardid": "star_112473220347", "avatargj_id": "gj_vip_719", "attitude_style": "p_0003", "urank": 48, "story_read_state": -1, "verified_detail": {"custom": 1, "data": [{"key": 2, "sub_key": 0, "weight": 101, "desc": "互联网科技博主", "timestamp": 0}, {"key": 1, "sub_key": 0, "weight": 100, "desc": "2022年辰星计划博主", "timestamp": 0}]}, "vclub_member": 0, "is_teenager": 0, "is_guardian": 0, "is_teenager_list": 0, "pc_new": 6, "special_follow": false, "planet_video": 2, "video_mark": 15, "live_status": 0, "user_ability_extend": 0, "status_total_counter": {"total_cnt": 61790876, "repost_cnt": 5881011, "comment_cnt": 6238850, "like_cnt": 40859598, "comment_like_cnt": 8811417}, "video_total_counter": {"play_cnt": 1397935028}, "brand_account": 0, "hongbaofei": 0, "tab_manage": "[0, 0]", "reward_status": 0, "green_mode": 0, "urisk": 0, "unfollowing_recom_switch": 1, "avatar_type": 0}, "annotations": [{}, {"ann_ext": "ann_ext:search|t:3|q:#周总理台历上的工作日程看到泪目#|creator_source:bottomsendweibo|super_exparams=>{\"system_pic_only\":0}"}, {"client_mblogid": "d7f8feef-6efa-46b4-a7be-7d8d1b541550"}, {"mapi_request": true}], "reposts_count": 0, "comments_count": 0, "reprint_cmt_count": 0, "attitudes_count": 0, "pending_approval_count": 0, "isLongText": false, "reward_exhibition_type": 0, "hide_flag": 0, "mlevel": 0, "show_mlevel": 0, "biz_ids": [230444], "biz_feature": 4294967304, "page_type": 64, "hasActionTypeCard": 0, "darwin_tags": [], "hot_weibo_tags": [], "text_tag_tips": [], "mblogtype": 0, "userType": 0, "more_info_type": 0, "cardid": "star_112473220347", "number_display_strategy": {"apply_scenario_flag": 3, "display_text_min_number": 1000000, "display_text": "100万+"}, "positive_recom_flag": 0, "content_auth": 0, "gif_ids": "", "is_show_bulletin": 2, "comment_manage_info": {"comment_permission_type": -1, "approval_comment_type": 0, "comment_sort_type": 0, "ai_play_picture_type": 0}, "pic_num": 0, "fid": 4855615171067921, "can_reprint": false, "new_comment_style": 0}, "readtimetype": "comment", "sync_id": 4855615171067921, "sync_uuid": 4855615171067921, "sync_generate_level": 1, "comment_dynamic_message": {"id": "0", "start_color": "#00FFFFFF", "end_color": "#1AFFFFFF", "start_color_dark": "#003A3A3A", "end_color_dark": "#333A3A3A", "name": {"zh_CN": "默认", "zh_HK": "默認", "en_US": "default"}, "scheme": "https://new.vip.weibo.cn/bubble/mall?showmenu=0&decorateId=0&uid=5259471372", "allow_vip_box_content": "用此评论气泡", "allow_vip_box_icon": "https://h5.sinaimg.cn/upload/100/1720/2022/08/08/icon_VIP_for_comment_bubble.png"}, "match_ai_play_picture": false}