{"created_at": "Fri Nov 18 23:43:10 +0800 2022", "id": 4837302243169874, "rootid": 4837302243169874, "rootidstr": "4837302243169874", "floor_number": 12, "text": "我在两江新区和渝北区夹缝中，暂时没看到有类似通知。", "disable_reply": 0, "restrictOperate": 0, "source_allowclick": 0, "source_type": 4, "source": "<a href=\"\" rel=\"nofollow\">来自重庆</a>", "user": {"id": 2477640014, "idstr": "2477640014", "class": 1, "screen_name": "懒喵的世界YOU-DONT-KNOW", "name": "懒喵的世界YOU-DONT-KNOW", "province": "50", "city": "5", "location": "重庆 江北区", "description": "没事的时候就把脑子里的水倒一倒！", "url": "", "profile_image_url": "https://tvax2.sinaimg.cn/crop.0.0.480.480.50/93adc94ely8fiv8qq63pzj20dc0dcgnb.jpg?KID=imgbed,tva&Expires=1669640689&ssig=DmcJtQUVJj", "light_ring": false, "cover_image_phone": "http://ww1.sinaimg.cn/crop.0.0.640.640.640/549d0121tw1egm1kjly3jj20hs0hsq4f.jpg", "profile_url": "u/2477640014", "domain": "", "weihao": "", "gender": "f", "followers_count": 171, "followers_count_str": "171", "friends_count": 295, "pagefriends_count": 71, "statuses_count": 3125, "video_status_count": 6, "video_play_count": 0, "super_topic_not_syn_count": 38, "favourites_count": 268, "created_at": "Wed Oct 19 11:17:05 +0800 2011", "following": false, "allow_all_act_msg": false, "geo_enabled": true, "verified": false, "verified_type": -1, "remark": "", "insecurity": {"sexual_content": false}, "ptype": 0, "allow_all_comment": true, "avatar_large": "https://tvax2.sinaimg.cn/crop.0.0.480.480.180/93adc94ely8fiv8qq63pzj20dc0dcgnb.jpg?KID=imgbed,tva&Expires=1669640689&ssig=axPhBespjZ", "avatar_hd": "https://tvax2.sinaimg.cn/crop.0.0.480.480.1024/93adc94ely8fiv8qq63pzj20dc0dcgnb.jpg?KID=imgbed,tva&Expires=1669640689&ssig=kiDY1pAjlW", "verified_reason": "", "verified_trade": "", "verified_reason_url": "", "verified_source": "", "verified_source_url": "", "follow_me": false, "like": false, "like_me": false, "online_status": 0, "bi_followers_count": 44, "lang": "zh-cn", "star": 0, "mbtype": 0, "mbrank": 0, "svip": 0, "mb_expire_time": 0, "block_word": 0, "block_app": 0, "chaohua_ability": 0, "brand_ability": 0, "nft_ability": 0, "vplus_ability": 0, "wenda_ability": 0, "live_ability": 0, "gongyi_ability": 0, "paycolumn_ability": 0, "newbrand_ability": 0, "ecommerce_ability": 0, "hardfan_ability": 0, "credit_score": 80, "user_ability": 35913760, "cardid": "star_11247_common", "avatargj_id": "gj_vip_375", "urank": 14, "story_read_state": -1, "vclub_member": 0, "is_teenager": 0, "is_guardian": 0, "is_teenager_list": 0, "pc_new": 7, "special_follow": false, "planet_video": 2, "video_mark": 14, "live_status": 0, "user_ability_extend": 0, "status_total_counter": {"total_cnt": 563, "repost_cnt": 7, "comment_cnt": 211, "like_cnt": 315, "comment_like_cnt": 30}, "video_total_counter": {"play_cnt": 470}, "brand_account": 0, "hongbaofei": 0, "tab_manage": "[0, 0]", "reward_status": 0, "green_mode": 0, "urisk": 17179869184, "avatar_type": 0}, "mid": "4837302243169874", "idstr": "4837302243169874", "status": {"visible": {"type": 0, "list_id": 0}, "created_at": "Fri Nov 18 22:51:10 +0800 2022", "id": 4837289156419287, "idstr": "4837289156419287", "mid": "4837289156419287", "can_edit": false, "version": 4, "show_additional_indication": 0, "text": "#重庆疫情# 这通告是全江北区还是只有石马河街道啊？ ​", "textLength": 49, "source_allowclick": 1, "source_type": 1, "source": "<a href=\"http://app.weibo.com/t/feed/5iBd1O\" rel=\"nofollow\">真我GT Neo2</a>", "favorited": false, "truncated": false, "in_reply_to_status_id": "", "in_reply_to_user_id": "", "in_reply_to_screen_name": "", "pic_urls": [{"thumbnail_pic": "http://wx1.sinaimg.cn/thumbnail/007g6kbogy1h89o3a3vbsj30u01uoqf7.jpg"}], "thumbnail_pic": "http://wx1.sinaimg.cn/thumbnail/007g6kbogy1h89o3a3vbsj30u01uoqf7.jpg", "bmiddle_pic": "http://wx1.sinaimg.cn/bmiddle/007g6kbogy1h89o3a3vbsj30u01uoqf7.jpg", "original_pic": "http://wx1.sinaimg.cn/large/007g6kbogy1h89o3a3vbsj30u01uoqf7.jpg", "geo": null, "is_paid": false, "mblog_vip_type": 0, "user": {"id": 6650858754, "idstr": "6650858754", "class": 1, "screen_name": "一个莫得感情的小杠精", "name": "一个莫得感情的小杠精", "province": "50", "city": "1000", "location": "重庆", "description": "", "url": "", "profile_image_url": "https://tvax1.sinaimg.cn/crop.0.0.996.996.50/007g6kboly8gbft3foqx1j30ro0rodi3.jpg?KID=imgbed,tva&Expires=1669640689&ssig=%2BZxFLNE1uL", "light_ring": false, "cover_image_phone": "http://ww1.sinaimg.cn/crop.0.0.640.640.640/549d0121tw1egm1kjly3jj20hs0hsq4f.jpg", "profile_url": "u/6650858754", "domain": "", "weihao": "", "gender": "m", "followers_count": 32, "followers_count_str": "32", "friends_count": 404, "pagefriends_count": 19, "statuses_count": 123, "video_status_count": 1, "video_play_count": 0, "super_topic_not_syn_count": 0, "favourites_count": 2, "created_at": "Tue Aug 21 17:31:36 +0800 2018", "following": false, "allow_all_act_msg": false, "geo_enabled": true, "verified": false, "verified_type": -1, "remark": "", "insecurity": {"sexual_content": false}, "ptype": 0, "allow_all_comment": true, "avatar_large": "https://tvax1.sinaimg.cn/crop.0.0.996.996.180/007g6kboly8gbft3foqx1j30ro0rodi3.jpg?KID=imgbed,tva&Expires=1669640689&ssig=n982NJAZlf", "avatar_hd": "https://tvax1.sinaimg.cn/crop.0.0.996.996.1024/007g6kboly8gbft3foqx1j30ro0rodi3.jpg?KID=imgbed,tva&Expires=1669640689&ssig=tkSzn1DtzA", "verified_reason": "", "verified_trade": "", "verified_reason_url": "", "verified_source": "", "verified_source_url": "", "follow_me": false, "like": false, "like_me": false, "online_status": 0, "bi_followers_count": 5, "lang": "zh-cn", "star": 0, "mbtype": 0, "mbrank": 0, "svip": 0, "mb_expire_time": 0, "block_word": 0, "block_app": 0, "chaohua_ability": 0, "brand_ability": 0, "nft_ability": 0, "vplus_ability": 0, "wenda_ability": 0, "live_ability": 0, "gongyi_ability": 0, "paycolumn_ability": 0, "newbrand_ability": 0, "ecommerce_ability": 0, "hardfan_ability": 0, "credit_score": 80, "user_ability": 2359296, "cardid": "star_11247_common", "avatargj_id": "gj_vip_375", "urank": 0, "story_read_state": -1, "vclub_member": 0, "is_teenager": 0, "is_guardian": 0, "is_teenager_list": 0, "pc_new": 0, "special_follow": false, "planet_video": 0, "video_mark": 2, "live_status": 0, "user_ability_extend": 0, "status_total_counter": {"total_cnt": 1092, "repost_cnt": 7, "comment_cnt": 644, "like_cnt": 264, "comment_like_cnt": 177}, "video_total_counter": {"play_cnt": 5}, "brand_account": 0, "hongbaofei": 0, "tab_manage": "[0, 0]", "reward_status": 0, "green_mode": 0, "urisk": 0, "avatar_type": 0}, "annotations": [{"photo_sub_type": "0"}, {}, {"client_mblogid": "f1a29deb-0f22-4bf4-a1dc-be89a00d2727"}, {"mapi_request": true}], "picStatus": "0:1", "reposts_count": 0, "comments_count": 0, "reprint_cmt_count": 0, "attitudes_count": 0, "pending_approval_count": 0, "isLongText": false, "reward_exhibition_type": 0, "hide_flag": 0, "mlevel": 128, "show_mlevel": 0, "biz_feature": 4294967300, "page_type": 64, "hasActionTypeCard": 0, "darwin_tags": [], "hot_weibo_tags": [], "text_tag_tips": [], "mblogtype": 0, "userType": 0, "mlevelSource": "monitor", "more_info_type": 0, "cardid": "star_11247_common", "number_display_strategy": {"apply_scenario_flag": 3, "display_text_min_number": 1000000, "display_text": "100万+"}, "positive_recom_flag": 0, "content_auth": 0, "gif_ids": "", "is_show_bulletin": 2, "comment_manage_info": {"comment_permission_type": -1, "approval_comment_type": 0, "comment_sort_type": 0, "ai_play_picture_type": 0}, "pic_num": 1, "can_reprint": false, "new_comment_style": 0}, "readtimetype": "comment", "comment_dynamic_message": {"id": "0", "start_color": "#00FFFFFF", "end_color": "#1AFFFFFF", "start_color_dark": "#003A3A3A", "end_color_dark": "#333A3A3A", "name": {"zh_CN": "默认", "zh_HK": "默認", "en_US": "default"}, "scheme": "https://new.vip.weibo.cn/bubble/mall?showmenu=0&decorateId=0&uid=2477640014", "allow_vip_box_content": "用此评论气泡", "allow_vip_box_icon": "https://h5.sinaimg.cn/upload/100/1720/2022/08/08/icon_VIP_for_comment_bubble.png"}, "match_ai_play_picture": false}