{"created_at": "Sat Nov 19 21:43:29 +0800 2022", "id": 4837634511210233, "rootid": 4837634511210233, "rootidstr": "4837634511210233", "floor_number": 8, "text": "……封口封成这样了？", "disable_reply": 0, "is_mblog_author": true, "restrictOperate": 0, "source_allowclick": 0, "source_type": 4, "source": "<a href=\"\" rel=\"nofollow\">来自重庆</a>", "comment_badge": [{"pic_url": "https://h5.sinaimg.cn/upload/1007/25/2019/05/17/feed_icon_poster_identity133low.png", "name": "blogger", "length": 1.33, "actionlog": {"act_code": "3671", "ext": "status:author"}, "scheme": "https://kefu.weibo.com/faqdetail?id=20848"}], "user": {"id": 1976686663, "idstr": "1976686663", "class": 1, "screen_name": "小何敲幸运", "name": "小何敲幸运", "province": "50", "city": "12", "location": "重庆 渝北区", "description": "生活明朗 万物可爱", "url": "", "profile_image_url": "https://tvax4.sinaimg.cn/crop.0.0.512.512.50/75d1d847ly8h7sfb3f7rtj20e80e8dg7.jpg?KID=imgbed,tva&Expires=1669642293&ssig=G1E4iX0Mso", "light_ring": false, "cover_image_phone": "http://wx2.sinaimg.cn/crop.0.0.640.640.640/75d1d847ly1fop3zhx9dzj20ku0ku75x.jpg", "profile_url": "u/1976686663", "domain": "", "weihao": "", "gender": "f", "followers_count": 273, "followers_count_str": "273", "friends_count": 662, "pagefriends_count": 35, "statuses_count": 3468, "video_status_count": 19, "video_play_count": 0, "super_topic_not_syn_count": 0, "favourites_count": 16, "created_at": "Fri Feb 18 19:10:34 +0800 2011", "following": false, "allow_all_act_msg": false, "geo_enabled": true, "verified": false, "verified_type": -1, "remark": "", "insecurity": {"sexual_content": false}, "ptype": 0, "allow_all_comment": true, "avatar_large": "https://tvax4.sinaimg.cn/crop.0.0.512.512.180/75d1d847ly8h7sfb3f7rtj20e80e8dg7.jpg?KID=imgbed,tva&Expires=1669642293&ssig=MUb23Uh9%2FN", "avatar_hd": "https://tvax4.sinaimg.cn/crop.0.0.512.512.1024/75d1d847ly8h7sfb3f7rtj20e80e8dg7.jpg?KID=imgbed,tva&Expires=1669642293&ssig=7yXWv4s03W", "verified_reason": "", "verified_trade": "", "verified_reason_url": "", "verified_source": "", "verified_source_url": "", "follow_me": false, "like": false, "like_me": false, "online_status": 0, "bi_followers_count": 73, "lang": "zh-cn", "star": 0, "mbtype": 12, "mbrank": 6, "svip": 0, "mb_expire_time": 1701360000, "block_word": 0, "block_app": 1, "chaohua_ability": 0, "brand_ability": 0, "nft_ability": 0, "vplus_ability": 0, "wenda_ability": 0, "live_ability": 0, "gongyi_ability": 0, "paycolumn_ability": 0, "newbrand_ability": 0, "ecommerce_ability": 0, "hardfan_ability": 0, "credit_score": 80, "user_ability": 35914752, "cardid": "star_1334", "avatargj_id": "gj_vip_011", "urank": 14, "story_read_state": -1, "vclub_member": 0, "is_teenager": 0, "is_guardian": 0, "is_teenager_list": 0, "pc_new": 7, "special_follow": false, "planet_video": 2, "video_mark": 2, "live_status": 0, "user_ability_extend": 0, "status_total_counter": {"total_cnt": 8750, "repost_cnt": 153, "comment_cnt": 5037, "like_cnt": 3461, "comment_like_cnt": 99}, "video_total_counter": {"play_cnt": 5110}, "brand_account": 0, "hongbaofei": 0, "tab_manage": "[0, 0]", "reward_status": 0, "green_mode": 0, "urisk": 25769803776, "avatar_type": 0}, "mid": "4837634511210233", "idstr": "4837634511210233", "status": {"visible": {"type": 0, "list_id": 0}, "created_at": "Sat Nov 19 15:48:27 +0800 2022", "id": 4837545165200691, "idstr": "4837545165200691", "mid": "4837545165200691", "can_edit": false, "version": 2, "show_additional_indication": 0, "text": "没完没了了 ​", "textLength": 10, "source_allowclick": 0, "source_type": 1, "source": "<a href=\"http://app.weibo.com/t/feed/2Vvea9\" rel=\"nofollow\">iPhone 11</a>", "favorited": false, "truncated": false, "in_reply_to_status_id": "", "in_reply_to_user_id": "", "in_reply_to_screen_name": "", "pic_urls": [{"thumbnail_pic": "http://wx2.sinaimg.cn/thumbnail/75d1d847ly1h8ahhy1w5ij20m0101djx.jpg"}], "thumbnail_pic": "http://wx2.sinaimg.cn/thumbnail/75d1d847ly1h8ahhy1w5ij20m0101djx.jpg", "bmiddle_pic": "http://wx2.sinaimg.cn/bmiddle/75d1d847ly1h8ahhy1w5ij20m0101djx.jpg", "original_pic": "http://wx2.sinaimg.cn/large/75d1d847ly1h8ahhy1w5ij20m0101djx.jpg", "geo": null, "is_paid": false, "mblog_vip_type": 0, "user": {"id": 1976686663, "idstr": "1976686663", "class": 1, "screen_name": "小何敲幸运", "name": "小何敲幸运", "province": "50", "city": "12", "location": "重庆 渝北区", "description": "生活明朗 万物可爱", "url": "", "profile_image_url": "https://tvax4.sinaimg.cn/crop.0.0.512.512.50/75d1d847ly8h7sfb3f7rtj20e80e8dg7.jpg?KID=imgbed,tva&Expires=1669642293&ssig=G1E4iX0Mso", "light_ring": false, "cover_image_phone": "http://wx2.sinaimg.cn/crop.0.0.640.640.640/75d1d847ly1fop3zhx9dzj20ku0ku75x.jpg", "profile_url": "u/1976686663", "domain": "", "weihao": "", "gender": "f", "followers_count": 273, "followers_count_str": "273", "friends_count": 662, "pagefriends_count": 35, "statuses_count": 3468, "video_status_count": 19, "video_play_count": 0, "super_topic_not_syn_count": 0, "favourites_count": 16, "created_at": "Fri Feb 18 19:10:34 +0800 2011", "following": false, "allow_all_act_msg": false, "geo_enabled": true, "verified": false, "verified_type": -1, "remark": "", "insecurity": {"sexual_content": false}, "ptype": 0, "allow_all_comment": true, "avatar_large": "https://tvax4.sinaimg.cn/crop.0.0.512.512.180/75d1d847ly8h7sfb3f7rtj20e80e8dg7.jpg?KID=imgbed,tva&Expires=1669642293&ssig=MUb23Uh9%2FN", "avatar_hd": "https://tvax4.sinaimg.cn/crop.0.0.512.512.1024/75d1d847ly8h7sfb3f7rtj20e80e8dg7.jpg?KID=imgbed,tva&Expires=1669642293&ssig=7yXWv4s03W", "verified_reason": "", "verified_trade": "", "verified_reason_url": "", "verified_source": "", "verified_source_url": "", "follow_me": false, "like": false, "like_me": false, "online_status": 0, "bi_followers_count": 73, "lang": "zh-cn", "star": 0, "mbtype": 12, "mbrank": 6, "svip": 0, "mb_expire_time": 1701360000, "block_word": 0, "block_app": 1, "chaohua_ability": 0, "brand_ability": 0, "nft_ability": 0, "vplus_ability": 0, "wenda_ability": 0, "live_ability": 0, "gongyi_ability": 0, "paycolumn_ability": 0, "newbrand_ability": 0, "ecommerce_ability": 0, "hardfan_ability": 0, "credit_score": 80, "user_ability": 35914752, "cardid": "star_1334", "avatargj_id": "gj_vip_011", "urank": 14, "story_read_state": -1, "vclub_member": 0, "is_teenager": 0, "is_guardian": 0, "is_teenager_list": 0, "pc_new": 7, "special_follow": false, "planet_video": 2, "video_mark": 2, "live_status": 0, "user_ability_extend": 0, "status_total_counter": {"total_cnt": 8750, "repost_cnt": 153, "comment_cnt": 5037, "like_cnt": 3461, "comment_like_cnt": 99}, "video_total_counter": {"play_cnt": 5110}, "brand_account": 0, "hongbaofei": 0, "tab_manage": "[0, 0]", "reward_status": 0, "green_mode": 0, "urisk": 25769803776, "avatar_type": 0}, "annotations": [{"photo_sub_type": "0"}, {}, {"client_mblogid": "iPhone-46988C20-5FD2-4031-89D8-2E582D6F13E2"}, {"mapi_request": true}], "reposts_count": 0, "comments_count": 0, "reprint_cmt_count": 0, "attitudes_count": 0, "pending_approval_count": 0, "isLongText": false, "reward_exhibition_type": 0, "hide_flag": 0, "mlevel": 128, "show_mlevel": 0, "biz_feature": 4294967300, "hasActionTypeCard": 0, "darwin_tags": [], "hot_weibo_tags": [], "text_tag_tips": [], "mblogtype": 0, "userType": 0, "mlevelSource": "monitor", "more_info_type": 0, "cardid": "star_1334", "number_display_strategy": {"apply_scenario_flag": 3, "display_text_min_number": 1000000, "display_text": "100万+"}, "positive_recom_flag": 0, "content_auth": 0, "gif_ids": "", "is_show_bulletin": 2, "comment_manage_info": {"comment_permission_type": -1, "approval_comment_type": 0, "comment_sort_type": 0, "ai_play_picture_type": 0}, "pic_num": 1, "can_reprint": false, "new_comment_style": 0}, "readtimetype": "comment", "comment_dynamic_message": {"id": "0043", "icon_url": "https://h5.sinaimg.cn/upload/1073/1841/2022/09/07/cat1.png", "tag_text": "年费", "start_color": "#00FF8F56", "end_color": "#1AFF8656", "start_color_dark": "#00FF8F56", "end_color_dark": "#1AFF8656", "name": {"zh_CN": "午睡喵", "zh_HK": "午睡喵", "en_US": "nap cat"}, "scheme": "https://new.vip.weibo.cn/bubble/mall?showmenu=0&decorateId=0043&uid=1976686663", "allow_vip_box_content": "用此评论气泡", "allow_vip_box_icon": "https://h5.sinaimg.cn/upload/100/1720/2022/08/08/icon_VIP_for_comment_bubble.png"}, "match_ai_play_picture": false}