{"created_at": "Sat Nov 19 21:45:23 +0800 2022", "id": 4837634989369281, "rootid": 4837634989369281, "rootidstr": "4837634989369281", "floor_number": 9, "text": "你啷个还遭处理了", "disable_reply": 0, "restrictOperate": 0, "source_allowclick": 0, "source_type": 4, "source": "<a href=\"\" rel=\"nofollow\">来自以色列</a>", "user": {"id": 3675638455, "idstr": "3675638455", "class": 1, "screen_name": "辣酱鸡排", "name": "辣酱鸡排", "province": "400", "city": "33", "location": "海外 波兰", "description": "🚬", "url": "", "profile_image_url": "https://tvax3.sinaimg.cn/crop.0.0.512.512.50/db15cab7ly8gsvudpdkwtj20e80e8weo.jpg?KID=imgbed,tva&Expires=1669642293&ssig=35AfxteFXh", "light_ring": false, "cover_image_phone": "http://ww1.sinaimg.cn/crop.0.0.640.640.640/9d44112bjw1f1xl1c10tuj20hs0hs0tw.jpg", "profile_url": "u/3675638455", "domain": "", "weihao": "", "gender": "m", "followers_count": 1245, "followers_count_str": "1245", "friends_count": 295, "pagefriends_count": 7, "statuses_count": 14448, "video_status_count": 23, "video_play_count": 0, "super_topic_not_syn_count": 0, "favourites_count": 39, "created_at": "Thu Aug 15 17:30:32 +0800 2013", "following": false, "allow_all_act_msg": false, "geo_enabled": true, "verified": true, "verified_type": 0, "remark": "", "insecurity": {"sexual_content": false}, "ptype": 0, "allow_all_comment": true, "avatar_large": "https://tvax3.sinaimg.cn/crop.0.0.512.512.180/db15cab7ly8gsvudpdkwtj20e80e8weo.jpg?KID=imgbed,tva&Expires=1669642293&ssig=xtfvpTnGpW", "avatar_hd": "https://tvax3.sinaimg.cn/crop.0.0.512.512.1024/db15cab7ly8gsvudpdkwtj20e80e8weo.jpg?KID=imgbed,tva&Expires=1669642293&ssig=%2FxfdgznQxw", "verified_reason": "娱乐博主", "verified_trade": "", "verified_reason_url": "", "verified_source": "", "verified_source_url": "", "verified_state": 0, "verified_level": 3, "verified_type_ext": 0, "has_service_tel": false, "verified_reason_modified": "", "verified_contact_name": "", "verified_contact_email": "", "verified_contact_mobile": "", "follow_me": false, "like": false, "like_me": false, "online_status": 0, "bi_followers_count": 73, "lang": "zh-cn", "star": 0, "mbtype": 2, "mbrank": 1, "svip": 0, "mb_expire_time": 1556726399, "block_word": 0, "block_app": 0, "chaohua_ability": 0, "brand_ability": 0, "nft_ability": 0, "vplus_ability": 0, "wenda_ability": 0, "live_ability": 0, "gongyi_ability": 0, "paycolumn_ability": 0, "newbrand_ability": 0, "ecommerce_ability": 0, "hardfan_ability": 0, "credit_score": 80, "user_ability": 3408896, "urank": 33, "story_read_state": -1, "verified_detail": {"custom": 0, "data": [{"key": 2, "sub_key": 0, "weight": 101, "desc": "娱乐博主"}]}, "vclub_member": 0, "is_teenager": 0, "is_guardian": 0, "is_teenager_list": 0, "pc_new": 0, "special_follow": false, "planet_video": 2, "video_mark": 15, "live_status": 0, "user_ability_extend": 0, "status_total_counter": {"total_cnt": 16265, "repost_cnt": 9302, "comment_cnt": 3762, "like_cnt": 3050, "comment_like_cnt": 151}, "video_total_counter": {"play_cnt": 2209}, "brand_account": 0, "hongbaofei": 0, "tab_manage": "[0, 0]", "reward_status": 0, "green_mode": 0, "urisk": 17179934720, "avatar_type": 0}, "mid": "4837634989369281", "idstr": "4837634989369281", "status": {"visible": {"type": 0, "list_id": 0}, "created_at": "Sat Nov 19 15:48:27 +0800 2022", "id": 4837545165200691, "idstr": "4837545165200691", "mid": "4837545165200691", "can_edit": false, "version": 2, "show_additional_indication": 0, "text": "没完没了了 ​", "textLength": 10, "source_allowclick": 0, "source_type": 1, "source": "<a href=\"http://app.weibo.com/t/feed/2Vvea9\" rel=\"nofollow\">iPhone 11</a>", "favorited": false, "truncated": false, "in_reply_to_status_id": "", "in_reply_to_user_id": "", "in_reply_to_screen_name": "", "pic_urls": [{"thumbnail_pic": "http://wx2.sinaimg.cn/thumbnail/75d1d847ly1h8ahhy1w5ij20m0101djx.jpg"}], "thumbnail_pic": "http://wx2.sinaimg.cn/thumbnail/75d1d847ly1h8ahhy1w5ij20m0101djx.jpg", "bmiddle_pic": "http://wx2.sinaimg.cn/bmiddle/75d1d847ly1h8ahhy1w5ij20m0101djx.jpg", "original_pic": "http://wx2.sinaimg.cn/large/75d1d847ly1h8ahhy1w5ij20m0101djx.jpg", "geo": null, "is_paid": false, "mblog_vip_type": 0, "user": {"id": 1976686663, "idstr": "1976686663", "class": 1, "screen_name": "小何敲幸运", "name": "小何敲幸运", "province": "50", "city": "12", "location": "重庆 渝北区", "description": "生活明朗 万物可爱", "url": "", "profile_image_url": "https://tvax4.sinaimg.cn/crop.0.0.512.512.50/75d1d847ly8h7sfb3f7rtj20e80e8dg7.jpg?KID=imgbed,tva&Expires=1669642293&ssig=G1E4iX0Mso", "light_ring": false, "cover_image_phone": "http://wx2.sinaimg.cn/crop.0.0.640.640.640/75d1d847ly1fop3zhx9dzj20ku0ku75x.jpg", "profile_url": "u/1976686663", "domain": "", "weihao": "", "gender": "f", "followers_count": 273, "followers_count_str": "273", "friends_count": 662, "pagefriends_count": 35, "statuses_count": 3468, "video_status_count": 19, "video_play_count": 0, "super_topic_not_syn_count": 0, "favourites_count": 16, "created_at": "Fri Feb 18 19:10:34 +0800 2011", "following": false, "allow_all_act_msg": false, "geo_enabled": true, "verified": false, "verified_type": -1, "remark": "", "insecurity": {"sexual_content": false}, "ptype": 0, "allow_all_comment": true, "avatar_large": "https://tvax4.sinaimg.cn/crop.0.0.512.512.180/75d1d847ly8h7sfb3f7rtj20e80e8dg7.jpg?KID=imgbed,tva&Expires=1669642293&ssig=MUb23Uh9%2FN", "avatar_hd": "https://tvax4.sinaimg.cn/crop.0.0.512.512.1024/75d1d847ly8h7sfb3f7rtj20e80e8dg7.jpg?KID=imgbed,tva&Expires=1669642293&ssig=7yXWv4s03W", "verified_reason": "", "verified_trade": "", "verified_reason_url": "", "verified_source": "", "verified_source_url": "", "follow_me": false, "like": false, "like_me": false, "online_status": 0, "bi_followers_count": 73, "lang": "zh-cn", "star": 0, "mbtype": 12, "mbrank": 6, "svip": 0, "mb_expire_time": 1701360000, "block_word": 0, "block_app": 1, "chaohua_ability": 0, "brand_ability": 0, "nft_ability": 0, "vplus_ability": 0, "wenda_ability": 0, "live_ability": 0, "gongyi_ability": 0, "paycolumn_ability": 0, "newbrand_ability": 0, "ecommerce_ability": 0, "hardfan_ability": 0, "credit_score": 80, "user_ability": 35914752, "cardid": "star_1334", "avatargj_id": "gj_vip_011", "urank": 14, "story_read_state": -1, "vclub_member": 0, "is_teenager": 0, "is_guardian": 0, "is_teenager_list": 0, "pc_new": 7, "special_follow": false, "planet_video": 2, "video_mark": 2, "live_status": 0, "user_ability_extend": 0, "status_total_counter": {"total_cnt": 8750, "repost_cnt": 153, "comment_cnt": 5037, "like_cnt": 3461, "comment_like_cnt": 99}, "video_total_counter": {"play_cnt": 5110}, "brand_account": 0, "hongbaofei": 0, "tab_manage": "[0, 0]", "reward_status": 0, "green_mode": 0, "urisk": 25769803776, "avatar_type": 0}, "annotations": [{"photo_sub_type": "0"}, {}, {"client_mblogid": "iPhone-46988C20-5FD2-4031-89D8-2E582D6F13E2"}, {"mapi_request": true}], "reposts_count": 0, "comments_count": 0, "reprint_cmt_count": 0, "attitudes_count": 0, "pending_approval_count": 0, "isLongText": false, "reward_exhibition_type": 0, "hide_flag": 0, "mlevel": 128, "show_mlevel": 0, "biz_feature": 4294967300, "hasActionTypeCard": 0, "darwin_tags": [], "hot_weibo_tags": [], "text_tag_tips": [], "mblogtype": 0, "userType": 0, "mlevelSource": "monitor", "more_info_type": 0, "cardid": "star_1334", "number_display_strategy": {"apply_scenario_flag": 3, "display_text_min_number": 1000000, "display_text": "100万+"}, "positive_recom_flag": 0, "content_auth": 0, "gif_ids": "", "is_show_bulletin": 2, "comment_manage_info": {"comment_permission_type": -1, "approval_comment_type": 0, "comment_sort_type": 0, "ai_play_picture_type": 0}, "pic_num": 1, "can_reprint": false, "new_comment_style": 0}, "readtimetype": "comment", "match_ai_play_picture": false}