{"created_at": "Sun Nov 13 20:26:02 +0800 2022", "id": 4835440693085821, "rootid": 4835440693085821, "rootidstr": "4835440693085821", "floor_number": 19, "text": "天河区怎么样，应该不严重吧", "disable_reply": 0, "restrictOperate": 0, "source_allowclick": 0, "source_type": 4, "source": "<a href=\"\" rel=\"nofollow\">来自广东</a>", "user": {"id": 7378282746, "idstr": "7378282746", "class": 1, "screen_name": "改个名字比什么都困难", "name": "改个名字比什么都困难", "province": "100", "city": "1000", "location": "其他", "description": "为众人抱薪者，不可使其冻毙于风雪；为自由开道者，不可令其困厄于荆棘", "url": "", "profile_image_url": "https://tvax1.sinaimg.cn/crop.0.0.74.74.50/0083kwoqly8h7wo8pee2vj3022022742.jpg?KID=imgbed,tva&Expires=1669660507&ssig=lhAPy5H3yL", "light_ring": false, "cover_image_phone": "http://ww1.sinaimg.cn/crop.0.0.640.640.640/549d0121tw1egm1kjly3jj20hs0hsq4f.jpg", "profile_url": "u/7378282746", "domain": "", "weihao": "", "gender": "f", "followers_count": 34, "followers_count_str": "34", "friends_count": 149, "pagefriends_count": 3, "statuses_count": 422, "video_status_count": 0, "video_play_count": 0, "super_topic_not_syn_count": 0, "favourites_count": 137, "created_at": "Sat Jan 25 13:02:56 +0800 2020", "following": false, "allow_all_act_msg": false, "geo_enabled": true, "verified": false, "verified_type": -1, "remark": "", "insecurity": {"sexual_content": false}, "ptype": 0, "allow_all_comment": true, "avatar_large": "https://tvax1.sinaimg.cn/crop.0.0.74.74.180/0083kwoqly8h7wo8pee2vj3022022742.jpg?KID=imgbed,tva&Expires=1669660507&ssig=HmODcrhUkM", "avatar_hd": "https://tvax1.sinaimg.cn/crop.0.0.74.74.1024/0083kwoqly8h7wo8pee2vj3022022742.jpg?KID=imgbed,tva&Expires=1669660507&ssig=Fgt1p1pGvJ", "verified_reason": "", "verified_trade": "", "verified_reason_url": "", "verified_source": "", "verified_source_url": "", "follow_me": false, "like": false, "like_me": false, "online_status": 0, "bi_followers_count": 2, "lang": "zh-cn", "star": 0, "mbtype": 0, "mbrank": 0, "svip": 0, "mb_expire_time": 0, "block_word": 0, "block_app": 0, "chaohua_ability": 0, "brand_ability": 0, "nft_ability": 0, "vplus_ability": 0, "wenda_ability": 0, "live_ability": 0, "gongyi_ability": 0, "paycolumn_ability": 0, "newbrand_ability": 0, "ecommerce_ability": 0, "hardfan_ability": 0, "credit_score": 80, "user_ability": 2097152, "urank": 0, "story_read_state": -1, "vclub_member": 0, "is_teenager": 0, "is_guardian": 0, "is_teenager_list": 0, "pc_new": 0, "special_follow": false, "planet_video": 0, "video_mark": 0, "live_status": 0, "user_ability_extend": 0, "status_total_counter": {"total_cnt": 1448, "repost_cnt": 11, "comment_cnt": 243, "like_cnt": 106, "comment_like_cnt": 1088}, "video_total_counter": {"play_cnt": -1}, "brand_account": 0, "hongbaofei": 0, "tab_manage": "[0, 0]", "reward_status": 0, "green_mode": 0, "urisk": 17179869184, "avatar_type": 0}, "mid": "4835440693085821", "idstr": "4835440693085821", "status": {"visible": {"type": 0, "list_id": 0}, "created_at": "Sun Nov 13 12:18:23 +0800 2022", "id": 4835317972732283, "idstr": "4835317972732283", "mid": "4835317972732283", "can_edit": false, "version": 2, "show_additional_indication": 0, "text": "广州疫情数据居高不下，连续两天3000+，应该在高位平台，估计拐点还得几天。海珠区仍是重灾区，荔湾和越秀有增加趋势，但不会像海珠那样，毕竟这两区没有那么多城中村，相对好管控。好消息是海珠社会面很少，数据主要在隔离人群，但由于整体人数大，区政府迫于无奈，昨晚已经征用区学校教室，估计是将 ​", "textLength": 507, "source_allowclick": 0, "source_type": 1, "source": "<a href=\"http://app.weibo.com/t/feed/2ClT2h\" rel=\"nofollow\">iPhone 12 mini</a>", "favorited": false, "truncated": false, "in_reply_to_status_id": "", "in_reply_to_user_id": "", "in_reply_to_screen_name": "", "pic_urls": [{"thumbnail_pic": "http://wx3.sinaimg.cn/thumbnail/3c0060c5gy1h83dmznodzj22c0340000.jpg"}, {"thumbnail_pic": "http://wx2.sinaimg.cn/thumbnail/3c0060c5gy1h83dn20qxpj22c03401l1.jpg"}, {"thumbnail_pic": "http://wx3.sinaimg.cn/thumbnail/3c0060c5gy1h83dmxkc5xj20eo0m8di7.jpg"}], "thumbnail_pic": "http://wx3.sinaimg.cn/thumbnail/3c0060c5gy1h83dmznodzj22c0340000.jpg", "bmiddle_pic": "http://wx3.sinaimg.cn/bmiddle/3c0060c5gy1h83dmznodzj22c0340000.jpg", "original_pic": "http://wx3.sinaimg.cn/large/3c0060c5gy1h83dmznodzj22c0340000.jpg", "geo": {"type": "Point", "coordinates": [23.137461, 113.32502]}, "is_paid": false, "mblog_vip_type": 0, "user": {"id": 1006657733, "idstr": "1006657733", "class": 1, "screen_name": "广州天河木木", "name": "广州天河木木", "province": "44", "city": "1000", "location": "广东", "description": "以文会友，以友辅仁。", "url": "", "profile_image_url": "https://tva4.sinaimg.cn/crop.0.1.640.640.50/3c0060c5jw8epkux26bryj20hs0hu76n.jpg?KID=imgbed,tva&Expires=1669660507&ssig=SYvN2hn%2B7U", "light_ring": false, "cover_image_phone": "http://wx3.sinaimg.cn/crop.0.0.640.640.640/6d492bdfgy1g4o88b782pj20yi0yitc1.jpg;http://ww1.sinaimg.cn/crop.0.0.640.640.640/6cf8d7ebjw1ehfr4xa8psj20hs0hsgpg.jpg", "profile_url": "579100448", "domain": "", "weihao": "579100448", "gender": "m", "followers_count": 781, "followers_count_str": "781", "friends_count": 253, "pagefriends_count": 3, "statuses_count": 3616, "video_status_count": 21, "video_play_count": 0, "super_topic_not_syn_count": 0, "favourites_count": 210, "created_at": "Sun Jun 03 23:01:20 +0800 2012", "following": false, "allow_all_act_msg": false, "geo_enabled": true, "verified": false, "verified_type": 220, "remark": "", "insecurity": {"sexual_content": false}, "ptype": 0, "allow_all_comment": false, "avatar_large": "https://tva4.sinaimg.cn/crop.0.1.640.640.180/3c0060c5jw8epkux26bryj20hs0hu76n.jpg?KID=imgbed,tva&Expires=1669660507&ssig=Ys1kBTFzqF", "avatar_hd": "https://tva4.sinaimg.cn/crop.0.1.640.640.1024/3c0060c5jw8epkux26bryj20hs0hu76n.jpg?KID=imgbed,tva&Expires=1669660507&ssig=A20%2B9Q3%2FGm", "verified_reason": "", "verified_trade": "", "verified_reason_url": "", "verified_source": "", "verified_source_url": "", "follow_me": false, "like": false, "like_me": false, "online_status": 0, "bi_followers_count": 38, "lang": "zh-cn", "star": 0, "mbtype": 12, "mbrank": 7, "svip": 0, "mb_expire_time": 1670428800, "block_word": 0, "block_app": 1, "chaohua_ability": 0, "brand_ability": 0, "nft_ability": 0, "vplus_ability": 0, "wenda_ability": 0, "live_ability": 0, "gongyi_ability": 0, "paycolumn_ability": 0, "newbrand_ability": 0, "ecommerce_ability": 0, "hardfan_ability": 0, "credit_score": 80, "user_ability": 35913728, "urank": 45, "story_read_state": -1, "vclub_member": 0, "is_teenager": 0, "is_guardian": 0, "is_teenager_list": 0, "pc_new": 7, "special_follow": false, "planet_video": 2, "video_mark": 0, "live_status": 0, "user_ability_extend": 0, "status_total_counter": {"total_cnt": 5918, "repost_cnt": 578, "comment_cnt": 3513, "like_cnt": 1795, "comment_like_cnt": 32}, "video_total_counter": {"play_cnt": 352}, "brand_account": 0, "hongbaofei": 0, "tab_manage": "[0, 0]", "reward_status": 0, "green_mode": 0, "urisk": 0, "avatar_type": 0}, "annotations": [{"photo_sub_type": "1,1,0"}, {}, {"spot_type": "0"}, {"place": {"poiid": "B2094757D06FA4F5409B", "title": "广州天河体育中心", "type": "checkin", "spot_type": "0"}, "client_mblogid": "iPhone-2BC02467-0CCB-42A5-BDF7-E8303F458907"}, {"mapi_request": true}], "pic_video": "0:003Pk3xSgx080KlcADxm0f0f0100m2QN0k01,1:003X5jzrgx080KlcuqtV0f0f0100hidM0k01", "picStatus": "2:1", "reposts_count": 0, "comments_count": 0, "reprint_cmt_count": 0, "attitudes_count": 0, "pending_approval_count": 0, "isLongText": true, "reward_exhibition_type": 0, "hide_flag": 0, "mlevel": 128, "show_mlevel": 0, "biz_ids": [100101], "biz_feature": 4294967300, "hasActionTypeCard": 0, "darwin_tags": [], "hot_weibo_tags": [], "text_tag_tips": [], "mblogtype": 0, "userType": 0, "mlevelSource": "monitor", "more_info_type": 0, "number_display_strategy": {"apply_scenario_flag": 3, "display_text_min_number": 1000000, "display_text": "100万+"}, "positive_recom_flag": 0, "content_auth": 0, "gif_ids": "", "is_show_bulletin": 2, "bus_flag": 8, "comment_manage_info": {"comment_permission_type": -1, "approval_comment_type": 0, "comment_sort_type": 0, "ai_play_picture_type": 0}, "pic_num": 3, "can_reprint": false, "new_comment_style": 0}, "readtimetype": "comment", "match_ai_play_picture": false}