{"created_at": "Sun Dec 11 21:23:23 +0800 2022", "id": 4845601986710288, "rootid": 4845483883497584, "rootidstr": "4845483883497584", "floor_number": 0, "text": "回复@胖球世界观:楼上的你要不要看看你说的话是聪明话吗？", "disable_reply": 0, "restrictOperate": 0, "source_allowclick": 0, "source_type": 4, "source": "<a href=\"\" rel=\"nofollow\">来自四川</a>", "user": {"id": 3073684207, "idstr": "3073684207", "class": 1, "screen_name": "不二大大爱吃饭", "name": "不二大大爱吃饭", "province": "51", "city": "1", "location": "四川 成都", "description": "与你共饮到天亮……", "url": "", "profile_image_url": "https://tvax1.sinaimg.cn/crop.0.0.1080.1080.50/b734b2efly8h6409fm4w4j20u00u0wgd.jpg?KID=imgbed,tva&Expires=1674062700&ssig=yoT5dYxvtT", "light_ring": false, "profile_url": "u/3073684207", "domain": "", "weihao": "", "gender": "f", "followers_count": 352, "followers_count_str": "352", "friends_count": 1530, "pagefriends_count": 20, "statuses_count": 1092, "video_status_count": 4, "video_play_count": 0, "super_topic_not_syn_count": 0, "favourites_count": 314, "created_at": "Thu Nov 01 16:25:37 +0800 2012", "following": false, "allow_all_act_msg": false, "geo_enabled": true, "verified": false, "verified_type": 220, "remark": "", "insecurity": {"sexual_content": false}, "ptype": 0, "allow_all_comment": true, "avatar_large": "https://tvax1.sinaimg.cn/crop.0.0.1080.1080.180/b734b2efly8h6409fm4w4j20u00u0wgd.jpg?KID=imgbed,tva&Expires=1674062700&ssig=sE5OOJi%2B3B", "avatar_hd": "https://tvax1.sinaimg.cn/crop.0.0.1080.1080.1024/b734b2efly8h6409fm4w4j20u00u0wgd.jpg?KID=imgbed,tva&Expires=1674062700&ssig=28aVtjZBHA", "verified_reason": "", "verified_trade": "", "verified_reason_url": "", "verified_source": "", "verified_source_url": "", "follow_me": false, "like": false, "like_me": false, "online_status": 0, "bi_followers_count": 100, "lang": "zh-cn", "star": 0, "mbtype": 0, "mbrank": 0, "svip": 0, "mb_expire_time": 0, "block_word": 0, "block_app": 0, "chaohua_ability": 0, "brand_ability": 0, "nft_ability": 0, "vplus_ability": 0, "wenda_ability": 0, "live_ability": 0, "gongyi_ability": 0, "paycolumn_ability": 0, "newbrand_ability": 0, "ecommerce_ability": 0, "hardfan_ability": 0, "wbcolumn_ability": 0, "credit_score": 80, "user_ability": 35913732, "urank": 25, "story_read_state": -1, "vclub_member": 0, "is_teenager": 0, "is_guardian": 0, "is_teenager_list": 0, "pc_new": 0, "special_follow": false, "planet_video": 2, "video_mark": 0, "live_status": 0, "user_ability_extend": 0, "status_total_counter": {"total_cnt": 1147, "repost_cnt": 205, "comment_cnt": 807, "like_cnt": 135, "comment_like_cnt": 0}, "video_total_counter": {"play_cnt": 938}, "brand_account": 0, "hongbaofei": 0, "tab_manage": "[0, 0]", "reward_status": 0, "green_mode": 0, "urisk": 0, "unfollowing_recom_switch": 1, "avatar_type": 0}, "mid": "4845601986710288", "idstr": "4845601986710288", "status": {"visible": {"type": 0, "list_id": 0}, "created_at": "Sun Dec 11 12:48:51 +0800 2022", "id": 4845472503824897, "idstr": "4845472503824897", "mid": "4845472503824897", "can_edit": false, "version": 2, "show_additional_indication": 0, "text": "#国乒于何一退出国家队#@于何一乒乓 发长文宣布告别国家队。 ​", "textLength": 56, "source_allowclick": 0, "source_type": 2, "source": "", "favorited": false, "truncated": false, "in_reply_to_status_id": "", "in_reply_to_user_id": "", "in_reply_to_screen_name": "", "pic_urls": [{"thumbnail_pic": "http://wx2.sinaimg.cn/thumbnail/77e8b4c5ly1h8zrxuzjonj20s7cmyx6y.jpg"}], "thumbnail_pic": "http://wx2.sinaimg.cn/thumbnail/77e8b4c5ly1h8zrxuzjonj20s7cmyx6y.jpg", "bmiddle_pic": "http://wx2.sinaimg.cn/bmiddle/77e8b4c5ly1h8zrxuzjonj20s7cmyx6y.jpg", "original_pic": "http://wx2.sinaimg.cn/large/77e8b4c5ly1h8zrxuzjonj20s7cmyx6y.jpg", "geo": null, "is_paid": false, "mblog_vip_type": 0, "user": {"id": 2011739333, "idstr": "2011739333", "class": 1, "screen_name": "新浪乒乓球", "name": "新浪乒乓球", "province": "11", "city": "1000", "location": "北京", "description": "新浪体育乒乓球新闻播报，与乒乓球相关有意思的内容欢迎各种艾特~~", "url": "", "profile_image_url": "https://tvax1.sinaimg.cn/crop.0.0.639.639.50/77e8b4c5ly8h8v3vd8ktpj20hr0hr0tg.jpg?KID=imgbed,tva&Expires=1674062700&ssig=tWtSAFQRzQ", "light_ring": false, "cover_image_phone": "https://wx1.sinaimg.cn/crop.0.0.640.640.640/77e8b4c5ly1fydhl2m34qj20ku0ku75f.jpg", "profile_url": "u/2011739333", "domain": "", "weihao": "", "gender": "f", "followers_count": 2997178, "followers_count_str": "299.7万", "friends_count": 602, "pagefriends_count": 59, "statuses_count": 58860, "video_status_count": 7838, "video_play_count": 0, "super_topic_not_syn_count": 0, "favourites_count": 269, "created_at": "Mon Mar 07 18:29:39 +0800 2011", "following": false, "allow_all_act_msg": false, "geo_enabled": true, "verified": true, "verified_type": 7, "remark": "", "insecurity": {"sexual_content": false}, "ptype": 0, "allow_all_comment": true, "avatar_large": "https://tvax1.sinaimg.cn/crop.0.0.639.639.180/77e8b4c5ly8h8v3vd8ktpj20hr0hr0tg.jpg?KID=imgbed,tva&Expires=1674062700&ssig=DflFzbmbd5", "avatar_hd": "https://tvax1.sinaimg.cn/crop.0.0.639.639.1024/77e8b4c5ly8h8v3vd8ktpj20hr0hr0tg.jpg?KID=imgbed,tva&Expires=1674062700&ssig=ZPSLEVJFjd", "verified_reason": "新浪体育频道乒乓球新闻微博播报", "verified_trade": "", "verified_reason_url": "", "verified_source": "", "verified_source_url": "", "verified_state": 0, "verified_level": 3, "verified_type_ext": 0, "pay_remind": 0, "pay_date": "", "has_service_tel": false, "verified_reason_modified": "", "verified_contact_name": "", "verified_contact_email": "", "verified_contact_mobile": "", "follow_me": false, "like": false, "like_me": false, "online_status": 0, "bi_followers_count": 262, "lang": "zh-cn", "star": 0, "mbtype": 12, "mbrank": 7, "svip": 0, "mb_expire_time": 1701187200, "block_word": 1, "block_app": 1, "chaohua_ability": 0, "brand_ability": 0, "nft_ability": 0, "vplus_ability": 0, "wenda_ability": 0, "live_ability": 0, "gongyi_ability": 0, "paycolumn_ability": 0, "newbrand_ability": 0, "ecommerce_ability": 0, "hardfan_ability": 1, "wbcolumn_ability": 0, "credit_score": 80, "user_ability": 10817032, "cardid": "star_1317", "urank": 40, "story_read_state": -1, "vclub_member": 0, "is_teenager": 0, "is_guardian": 0, "is_teenager_list": 0, "pc_new": 7, "special_follow": false, "planet_video": 2, "video_mark": 15, "live_status": 0, "user_ability_extend": 0, "status_total_counter": {"total_cnt": 15287909, "repost_cnt": 912656, "comment_cnt": 1326469, "like_cnt": 6453764, "comment_like_cnt": 6595020}, "video_total_counter": {"play_cnt": 263036701}, "brand_account": 0, "hongbaofei": 0, "tab_manage": "[0, 0]", "reward_status": 0, "green_mode": 0, "urisk": 0, "unfollowing_recom_switch": 1, "avatar_type": 0}, "annotations": [{"photo_sub_type": "0"}, {}, {"client_mblogid": "iPhone-2913E80C-3F84-4AE0-ADDF-719A17282588"}, {"mapi_request": true}], "picStatus": "0:1", "reposts_count": 0, "comments_count": 0, "reprint_cmt_count": 0, "attitudes_count": 0, "pending_approval_count": 0, "isLongText": false, "reward_exhibition_type": 0, "hide_flag": 0, "mlevel": 0, "show_mlevel": 0, "biz_feature": 4294967300, "page_type": 64, "hasActionTypeCard": 0, "darwin_tags": [], "hot_weibo_tags": [], "text_tag_tips": [], "mblogtype": 0, "userType": 0, "more_info_type": 0, "cardid": "star_1637", "positive_recom_flag": 0, "content_auth": 0, "gif_ids": "", "is_show_bulletin": 2, "comment_manage_info": {"comment_permission_type": -1, "approval_comment_type": 0, "comment_sort_type": 0, "ai_play_picture_type": 0}, "pic_num": 1, "can_reprint": false, "new_comment_style": 0}, "reply_comment": {"created_at": "Sun Dec 11 13:34:05 +0800 2022", "id": 4845483883497584, "rootid": 4845483883497584, "rootidstr": "4845483883497584", "floor_number": 32, "text": "长得就不太聪明的亚子", "disable_reply": 0, "restrictOperate": 0, "comment_badge": [{"pic_url": "https://h5.sinaimg.cn/upload/114/962/2022/07/08/member_0_bigfan1_2.png", "name": "loyal_fans", "length": 1.33, "actionlog": {"act_code": "3671", "ext": "status:fans"}, "scheme": "https://kefu.weibo.com/faqdetail?id=20848", "new_icon": true}, {"pic_url": "https://h5.sinaimg.cn/upload/114/962/2022/07/08/member_0_bigfan1_2.png", "name": "loyal_fans", "length": 1.33, "actionlog": {"act_code": "3671", "ext": "status:fans"}, "scheme": "https://kefu.weibo.com/faqdetail?id=20848", "new_icon": true}], "user": {"id": 7507178845, "idstr": "7507178845", "class": 1, "screen_name": "胖球世界观", "name": "胖球世界观", "province": "100", "city": "1000", "location": "其他", "description": "", "url": "", "profile_image_url": "https://tvax2.sinaimg.cn/crop.0.0.996.996.50/008c3m9Lly8gwc97id9ezj30ro0ro406.jpg?KID=imgbed,tva&Expires=1674062700&ssig=gDusHc0dgt", "light_ring": false, "cover_image_phone": "https://ww1.sinaimg.cn/crop.0.0.640.640.640/549d0121tw1egm1kjly3jj20hs0hsq4f.jpg", "profile_url": "u/7507178845", "domain": "", "weihao": "", "gender": "f", "followers_count": 0, "followers_count_str": "0", "friends_count": 59, "pagefriends_count": 16, "statuses_count": 8, "video_status_count": 0, "video_play_count": 0, "super_topic_not_syn_count": 0, "favourites_count": 0, "created_at": "Sat Sep 26 17:55:14 +0800 2020", "following": false, "allow_all_act_msg": false, "geo_enabled": true, "verified": false, "verified_type": -1, "remark": "", "insecurity": {"sexual_content": false}, "ptype": 0, "allow_all_comment": true, "avatar_large": "https://tvax2.sinaimg.cn/crop.0.0.996.996.180/008c3m9Lly8gwc97id9ezj30ro0ro406.jpg?KID=imgbed,tva&Expires=1674062700&ssig=GL%2FA2YZwfU", "avatar_hd": "https://tvax2.sinaimg.cn/crop.0.0.996.996.1024/008c3m9Lly8gwc97id9ezj30ro0ro406.jpg?KID=imgbed,tva&Expires=1674062700&ssig=EaCMkVhJZF", "verified_reason": "", "verified_trade": "", "verified_reason_url": "", "verified_source": "", "verified_source_url": "", "follow_me": false, "like": false, "like_me": false, "online_status": 0, "bi_followers_count": 0, "lang": "zh-cn", "star": 0, "mbtype": 0, "mbrank": 0, "svip": 0, "mb_expire_time": 0, "block_word": 0, "block_app": 0, "chaohua_ability": 0, "brand_ability": 0, "nft_ability": 0, "vplus_ability": 0, "wenda_ability": 0, "live_ability": 0, "gongyi_ability": 0, "paycolumn_ability": 0, "newbrand_ability": 0, "ecommerce_ability": 0, "hardfan_ability": 0, "wbcolumn_ability": 0, "credit_score": 80, "user_ability": 2097152, "urank": 0, "story_read_state": -1, "vclub_member": 0, "is_teenager": 0, "is_guardian": 0, "is_teenager_list": 0, "pc_new": 0, "special_follow": false, "planet_video": 0, "video_mark": 0, "live_status": 0, "user_ability_extend": 0, "status_total_counter": {"total_cnt": 35, "repost_cnt": 0, "comment_cnt": 18, "like_cnt": 17, "comment_like_cnt": 0}, "video_total_counter": {"play_cnt": -1}, "brand_account": 0, "hongbaofei": 0, "tab_manage": "[0, 0]", "reward_status": 0, "green_mode": 0, "urisk": 0, "unfollowing_recom_switch": 1, "avatar_type": 0}, "mid": "4845483883497584", "idstr": "4845483883497584", "match_ai_play_picture": false}, "reply_original_text": "楼上的你要不要看看你说的话是聪明话吗？", "readtimetype": "comment", "match_ai_play_picture": false}