{"created_at": "Sun Dec 11 15:24:18 +0800 2022", "id": 4845511619646999, "rootid": 4845511619646999, "rootidstr": "4845511619646999", "floor_number": 82, "text": "才22岁，太可惜了……", "disable_reply": 0, "restrictOperate": 0, "source_allowclick": 0, "source_type": 4, "source": "<a href=\"\" rel=\"nofollow\">来自广东</a>", "user": {"id": 1768267205, "idstr": "1768267205", "class": 1, "screen_name": "霜露未晞", "name": "霜露未晞", "province": "44", "city": "20", "location": "广东 中山", "description": "", "url": "", "profile_image_url": "https://tvax4.sinaimg.cn/crop.0.0.1080.1080.50/69659dc5ly8h4b4uv9yamj20u00u00vz.jpg?KID=imgbed,tva&Expires=1674062700&ssig=Ekcrxr1gdo", "light_ring": false, "cover_image_phone": "https://ww2.sinaimg.cn/crop.0.0.640.640.640/6b513d12jw1f83ltmy20aj20hs0hs78g.jpg", "profile_url": "u/1768267205", "domain": "", "weihao": "", "gender": "f", "followers_count": 2583, "followers_count_str": "2583", "friends_count": 204, "pagefriends_count": 176, "statuses_count": 15069, "video_status_count": 140, "video_play_count": 0, "super_topic_not_syn_count": 0, "favourites_count": 1197, "created_at": "Mon Jul 05 11:09:05 +0800 2010", "following": false, "allow_all_act_msg": false, "geo_enabled": true, "verified": false, "verified_type": -1, "remark": "", "insecurity": {"sexual_content": false}, "ptype": 0, "allow_all_comment": true, "avatar_large": "https://tvax4.sinaimg.cn/crop.0.0.1080.1080.180/69659dc5ly8h4b4uv9yamj20u00u00vz.jpg?KID=imgbed,tva&Expires=1674062700&ssig=k%2BuMFNSF3K", "avatar_hd": "https://tvax4.sinaimg.cn/crop.0.0.1080.1080.1024/69659dc5ly8h4b4uv9yamj20u00u00vz.jpg?KID=imgbed,tva&Expires=1674062700&ssig=FgHVNeMFx4", "verified_reason": "", "verified_trade": "", "verified_reason_url": "", "verified_source": "", "verified_source_url": "", "follow_me": false, "like": false, "like_me": false, "online_status": 0, "bi_followers_count": 4, "lang": "zh-cn", "star": 0, "mbtype": 12, "mbrank": 6, "svip": 1, "mb_expire_time": 1675267200, "block_word": 0, "block_app": 1, "chaohua_ability": 0, "brand_ability": 0, "nft_ability": 0, "vplus_ability": 0, "wenda_ability": 0, "live_ability": 0, "gongyi_ability": 0, "paycolumn_ability": 0, "newbrand_ability": 0, "ecommerce_ability": 0, "hardfan_ability": 0, "wbcolumn_ability": 0, "credit_score": 80, "user_ability": 10747936, "cardid": "star_278", "avatargj_id": "gj_vip_521", "urank": 28, "story_read_state": -1, "vclub_member": 0, "is_teenager": 0, "is_guardian": 0, "is_teenager_list": 0, "pc_new": 0, "special_follow": false, "planet_video": 2, "video_mark": 14, "live_status": 0, "user_ability_extend": 0, "status_total_counter": {"total_cnt": 145814, "repost_cnt": 2764, "comment_cnt": 41638, "like_cnt": 86114, "comment_like_cnt": 15298}, "video_total_counter": {"play_cnt": 357427}, "brand_account": 0, "hongbaofei": 0, "tab_manage": "[0, 0]", "reward_status": 0, "green_mode": 0, "urisk": 0, "unfollowing_recom_switch": 1, "avatar_type": 0}, "mid": "4845511619646999", "idstr": "4845511619646999", "status": {"visible": {"type": 0, "list_id": 0}, "created_at": "Sun Dec 11 12:48:51 +0800 2022", "id": 4845472503824897, "idstr": "4845472503824897", "mid": "4845472503824897", "can_edit": false, "version": 2, "show_additional_indication": 0, "text": "#国乒于何一退出国家队#@于何一乒乓 发长文宣布告别国家队。 ​", "textLength": 56, "source_allowclick": 0, "source_type": 2, "source": "", "favorited": false, "truncated": false, "in_reply_to_status_id": "", "in_reply_to_user_id": "", "in_reply_to_screen_name": "", "pic_urls": [{"thumbnail_pic": "http://wx2.sinaimg.cn/thumbnail/77e8b4c5ly1h8zrxuzjonj20s7cmyx6y.jpg"}], "thumbnail_pic": "http://wx2.sinaimg.cn/thumbnail/77e8b4c5ly1h8zrxuzjonj20s7cmyx6y.jpg", "bmiddle_pic": "http://wx2.sinaimg.cn/bmiddle/77e8b4c5ly1h8zrxuzjonj20s7cmyx6y.jpg", "original_pic": "http://wx2.sinaimg.cn/large/77e8b4c5ly1h8zrxuzjonj20s7cmyx6y.jpg", "geo": null, "is_paid": false, "mblog_vip_type": 0, "user": {"id": 2011739333, "idstr": "2011739333", "class": 1, "screen_name": "新浪乒乓球", "name": "新浪乒乓球", "province": "11", "city": "1000", "location": "北京", "description": "新浪体育乒乓球新闻播报，与乒乓球相关有意思的内容欢迎各种艾特~~", "url": "", "profile_image_url": "https://tvax1.sinaimg.cn/crop.0.0.639.639.50/77e8b4c5ly8h8v3vd8ktpj20hr0hr0tg.jpg?KID=imgbed,tva&Expires=1674062700&ssig=tWtSAFQRzQ", "light_ring": false, "cover_image_phone": "https://wx1.sinaimg.cn/crop.0.0.640.640.640/77e8b4c5ly1fydhl2m34qj20ku0ku75f.jpg", "profile_url": "u/2011739333", "domain": "", "weihao": "", "gender": "f", "followers_count": 2997178, "followers_count_str": "299.7万", "friends_count": 602, "pagefriends_count": 59, "statuses_count": 58860, "video_status_count": 7838, "video_play_count": 0, "super_topic_not_syn_count": 0, "favourites_count": 269, "created_at": "Mon Mar 07 18:29:39 +0800 2011", "following": false, "allow_all_act_msg": false, "geo_enabled": true, "verified": true, "verified_type": 7, "remark": "", "insecurity": {"sexual_content": false}, "ptype": 0, "allow_all_comment": true, "avatar_large": "https://tvax1.sinaimg.cn/crop.0.0.639.639.180/77e8b4c5ly8h8v3vd8ktpj20hr0hr0tg.jpg?KID=imgbed,tva&Expires=1674062700&ssig=DflFzbmbd5", "avatar_hd": "https://tvax1.sinaimg.cn/crop.0.0.639.639.1024/77e8b4c5ly8h8v3vd8ktpj20hr0hr0tg.jpg?KID=imgbed,tva&Expires=1674062700&ssig=ZPSLEVJFjd", "verified_reason": "新浪体育频道乒乓球新闻微博播报", "verified_trade": "", "verified_reason_url": "", "verified_source": "", "verified_source_url": "", "verified_state": 0, "verified_level": 3, "verified_type_ext": 0, "pay_remind": 0, "pay_date": "", "has_service_tel": false, "verified_reason_modified": "", "verified_contact_name": "", "verified_contact_email": "", "verified_contact_mobile": "", "follow_me": false, "like": false, "like_me": false, "online_status": 0, "bi_followers_count": 262, "lang": "zh-cn", "star": 0, "mbtype": 12, "mbrank": 7, "svip": 0, "mb_expire_time": 1701187200, "block_word": 1, "block_app": 1, "chaohua_ability": 0, "brand_ability": 0, "nft_ability": 0, "vplus_ability": 0, "wenda_ability": 0, "live_ability": 0, "gongyi_ability": 0, "paycolumn_ability": 0, "newbrand_ability": 0, "ecommerce_ability": 0, "hardfan_ability": 1, "wbcolumn_ability": 0, "credit_score": 80, "user_ability": 10817032, "cardid": "star_1317", "urank": 40, "story_read_state": -1, "vclub_member": 0, "is_teenager": 0, "is_guardian": 0, "is_teenager_list": 0, "pc_new": 7, "special_follow": false, "planet_video": 2, "video_mark": 15, "live_status": 0, "user_ability_extend": 0, "status_total_counter": {"total_cnt": 15287909, "repost_cnt": 912656, "comment_cnt": 1326469, "like_cnt": 6453764, "comment_like_cnt": 6595020}, "video_total_counter": {"play_cnt": 263036701}, "brand_account": 0, "hongbaofei": 0, "tab_manage": "[0, 0]", "reward_status": 0, "green_mode": 0, "urisk": 0, "unfollowing_recom_switch": 1, "avatar_type": 0}, "annotations": [{"photo_sub_type": "0"}, {}, {"client_mblogid": "iPhone-2913E80C-3F84-4AE0-ADDF-719A17282588"}, {"mapi_request": true}], "picStatus": "0:1", "reposts_count": 0, "comments_count": 0, "reprint_cmt_count": 0, "attitudes_count": 0, "pending_approval_count": 0, "isLongText": false, "reward_exhibition_type": 0, "hide_flag": 0, "mlevel": 0, "show_mlevel": 0, "biz_feature": 4294967300, "page_type": 64, "hasActionTypeCard": 0, "darwin_tags": [], "hot_weibo_tags": [], "text_tag_tips": [], "mblogtype": 0, "userType": 0, "more_info_type": 0, "cardid": "star_1637", "positive_recom_flag": 0, "content_auth": 0, "gif_ids": "", "is_show_bulletin": 2, "comment_manage_info": {"comment_permission_type": -1, "approval_comment_type": 0, "comment_sort_type": 0, "ai_play_picture_type": 0}, "pic_num": 1, "can_reprint": false, "new_comment_style": 0}, "readtimetype": "comment", "comment_dynamic_message": {"id": "0", "start_color": "#00FFFFFF", "end_color": "#1AFFFFFF", "start_color_dark": "#003A3A3A", "end_color_dark": "#333A3A3A", "name": {"zh_CN": "默认", "zh_HK": "默認", "en_US": "default"}, "scheme": "https://new.vip.weibo.cn/bubble/mall?showmenu=0&decorateId=0&uid=1768267205", "allow_vip_box_content": "用此评论气泡", "allow_vip_box_icon": "https://h5.sinaimg.cn/upload/100/1720/2022/08/08/icon_VIP_for_comment_bubble.png"}, "match_ai_play_picture": false}