{"created_at": "Sun Nov 06 21:06:58 +0800 2022", "id": 4832914284479226, "rootid": 4832914284479226, "rootidstr": "4832914284479226", "floor_number": 7, "text": "不开档吃什么？", "disable_reply": 0, "restrictOperate": 0, "source_allowclick": 0, "source_type": 4, "source": "<a href=\"\" rel=\"nofollow\">来自广东</a>", "user": {"id": 2029501163, "idstr": "2029501163", "class": 1, "screen_name": "行到水穷处静看云起时", "name": "行到水穷处静看云起时", "province": "44", "city": "3", "location": "广东 深圳", "description": "", "url": "", "profile_image_url": "https://tvax2.sinaimg.cn/crop.0.0.439.439.50/78f7baebly8g3dvgjbn81g20c80c8gnt.gif?KID=imgbed,tva&Expires=1669663145&ssig=XvjRPXh7T6", "light_ring": false, "cover_image_phone": "http://ww1.sinaimg.cn/crop.0.0.640.640.640/549d0121tw1egm1kjly3jj20hs0hsq4f.jpg", "profile_url": "u/2029501163", "domain": "", "weihao": "", "gender": "m", "followers_count": 28, "followers_count_str": "28", "friends_count": 232, "pagefriends_count": 1, "statuses_count": 7, "video_status_count": 0, "video_play_count": 0, "super_topic_not_syn_count": 0, "favourites_count": 7, "created_at": "Thu Mar 17 00:24:14 +0800 2011", "following": false, "allow_all_act_msg": false, "geo_enabled": true, "verified": false, "verified_type": -1, "remark": "", "insecurity": {"sexual_content": false}, "ptype": 0, "allow_all_comment": true, "avatar_large": "https://tvax2.sinaimg.cn/crop.0.0.439.439.180/78f7baebly8g3dvgjbn81g20c80c8gnt.gif?KID=imgbed,tva&Expires=1669663145&ssig=XPukY4tNMF", "avatar_hd": "https://tvax2.sinaimg.cn/crop.0.0.439.439.1024/78f7baebly8g3dvgjbn81g20c80c8gnt.gif?KID=imgbed,tva&Expires=1669663145&ssig=HW2tOVhr57", "verified_reason": "", "verified_trade": "", "verified_reason_url": "", "verified_source": "", "verified_source_url": "", "follow_me": false, "like": false, "like_me": false, "online_status": 0, "bi_followers_count": 0, "lang": "zh-cn", "star": 0, "mbtype": 0, "mbrank": 0, "svip": 0, "mb_expire_time": 0, "block_word": 0, "block_app": 0, "chaohua_ability": 0, "brand_ability": 0, "nft_ability": 0, "vplus_ability": 0, "wenda_ability": 0, "live_ability": 0, "gongyi_ability": 0, "paycolumn_ability": 0, "newbrand_ability": 0, "ecommerce_ability": 0, "hardfan_ability": 0, "credit_score": 80, "user_ability": 0, "urank": 9, "story_read_state": -1, "vclub_member": 0, "is_teenager": 0, "is_guardian": 0, "is_teenager_list": 0, "pc_new": 7, "special_follow": false, "planet_video": 0, "video_mark": 0, "live_status": 0, "user_ability_extend": 0, "status_total_counter": {"total_cnt": 7, "repost_cnt": 0, "comment_cnt": 1, "like_cnt": 6, "comment_like_cnt": 0}, "video_total_counter": {"play_cnt": -1}, "brand_account": 0, "hongbaofei": 0, "tab_manage": "[0, 0]", "reward_status": 0, "green_mode": 0, "urisk": 0, "avatar_type": 0}, "mid": "4832914284479226", "idstr": "4832914284479226", "status": {"visible": {"type": 0, "list_id": 0}, "created_at": "Sun Nov 06 18:13:28 +0800 2022", "id": 4832870617062356, "idstr": "4832870617062356", "mid": "4832870617062356", "can_edit": false, "version": 1, "show_additional_indication": 0, "text": "刷到别人发的\n档口不能开，一开就罚款，物流也是\n服装人太难了[苦涩]\n我的布料还卡在布料市场里 ​", "textLength": 89, "source_allowclick": 0, "source_type": 1, "source": "<a href=\"http://app.weibo.com/t/feed/3EhUcS\" rel=\"nofollow\">iPhone 13</a>", "favorited": false, "truncated": false, "in_reply_to_status_id": "", "in_reply_to_user_id": "", "in_reply_to_screen_name": "", "pic_urls": [{"thumbnail_pic": "http://wx4.sinaimg.cn/thumbnail/a13502a5gy1h7vkkhoy5ej20jg0l4dhf.jpg"}], "thumbnail_pic": "http://wx4.sinaimg.cn/thumbnail/a13502a5gy1h7vkkhoy5ej20jg0l4dhf.jpg", "bmiddle_pic": "http://wx4.sinaimg.cn/bmiddle/a13502a5gy1h7vkkhoy5ej20jg0l4dhf.jpg", "original_pic": "http://wx4.sinaimg.cn/large/a13502a5gy1h7vkkhoy5ej20jg0l4dhf.jpg", "geo": null, "is_paid": false, "mblog_vip_type": 0, "user": {"id": 2704605861, "idstr": "2704605861", "class": 1, "screen_name": "陆离Scar", "name": "陆离Scar", "province": "100", "city": "1000", "location": "其他", "description": "闲云野鹤 | 自由设计师 | TB店：天使条约", "url": "http://kirinkucos.lofter.com/", "profile_image_url": "https://tvax4.sinaimg.cn/crop.0.0.1080.1080.50/a13502a5ly8h4be7n5rb7j20u00u0diy.jpg?KID=imgbed,tva&Expires=1669663145&ssig=dw5MGngKEo", "light_ring": false, "cover_image": "http://ww4.sinaimg.cn/crop.0.0.920.300/a13502a5gw1ezh3mi4ppmj20pk08cq5u.jpg", "cover_image_phone": "http://ww4.sinaimg.cn/crop.0.0.640.640.640/a1d3feabjw1ecat3p2p2qj20hs0hsmz4.jpg;http://wx2.sinaimg.cn/crop.0.0.640.640.640/a13502a5ly1g1orxoxviuj20e80e80u1.jpg", "profile_url": "737892660", "domain": "kirincos", "weihao": "737892660", "gender": "f", "followers_count": 206097, "followers_count_str": "20.6万", "friends_count": 67, "pagefriends_count": 1, "statuses_count": 6507, "video_status_count": 129, "video_play_count": 0, "super_topic_not_syn_count": 0, "favourites_count": 1111, "created_at": "Tue Apr 10 17:51:29 +0800 2012", "following": false, "allow_all_act_msg": true, "geo_enabled": false, "verified": false, "verified_type": -1, "remark": "", "insecurity": {"sexual_content": false}, "ptype": 0, "allow_all_comment": false, "avatar_large": "https://tvax4.sinaimg.cn/crop.0.0.1080.1080.180/a13502a5ly8h4be7n5rb7j20u00u0diy.jpg?KID=imgbed,tva&Expires=1669663145&ssig=Fn5BcNAbIt", "avatar_hd": "https://tvax4.sinaimg.cn/crop.0.0.1080.1080.1024/a13502a5ly8h4be7n5rb7j20u00u0diy.jpg?KID=imgbed,tva&Expires=1669663145&ssig=JTbbuyYaG8", "verified_reason": "", "verified_trade": "", "verified_reason_url": "", "verified_source": "", "verified_source_url": "", "follow_me": false, "like": false, "like_me": false, "online_status": 0, "bi_followers_count": 32, "lang": "zh-cn", "star": 0, "mbtype": 12, "mbrank": 7, "svip": 0, "mb_expire_time": 1752163200, "block_word": 1, "block_app": 1, "chaohua_ability": 0, "brand_ability": 0, "nft_ability": 0, "vplus_ability": 0, "wenda_ability": 0, "live_ability": 0, "gongyi_ability": 0, "paycolumn_ability": 0, "newbrand_ability": 0, "ecommerce_ability": 0, "hardfan_ability": 0, "credit_score": 80, "user_ability": 3408396, "cardid": "vip_010", "urank": 48, "story_read_state": -1, "vclub_member": 0, "is_teenager": 0, "is_guardian": 0, "is_teenager_list": 0, "pc_new": 1, "special_follow": false, "planet_video": 2, "video_mark": 15, "live_status": 0, "user_ability_extend": 0, "status_total_counter": {"total_cnt": 1167625, "repost_cnt": 115261, "comment_cnt": 157856, "like_cnt": 800689, "comment_like_cnt": 93819}, "video_total_counter": {"play_cnt": 1799603}, "brand_account": 0, "hongbaofei": 0, "tab_manage": "[0, 0]", "reward_status": 0, "green_mode": 0, "urisk": 34896609280, "avatar_type": 0}, "annotations": [{"photo_sub_type": "0"}, {}, {"client_mblogid": "iPhone-B92BCBDA-C8FB-4B06-A452-28A127AC5A30"}, {"mapi_request": true}], "reposts_count": 0, "comments_count": 0, "reprint_cmt_count": 0, "attitudes_count": 0, "pending_approval_count": 0, "isLongText": false, "reward_exhibition_type": 0, "hide_flag": 0, "mlevel": 128, "show_mlevel": 0, "biz_feature": 4294967300, "hasActionTypeCard": 0, "darwin_tags": [], "hot_weibo_tags": [], "text_tag_tips": [], "mblogtype": 0, "userType": 0, "mlevelSource": "monitor", "more_info_type": 0, "cardid": "vip_010", "number_display_strategy": {"apply_scenario_flag": 3, "display_text_min_number": 1000000, "display_text": "100万+"}, "positive_recom_flag": 0, "content_auth": 0, "gif_ids": "", "is_show_bulletin": 2, "comment_manage_info": {"comment_permission_type": -1, "approval_comment_type": 0, "comment_sort_type": 0, "ai_play_picture_type": 0}, "pic_num": 1, "can_reprint": false, "new_comment_style": 0}, "readtimetype": "comment", "match_ai_play_picture": false}