{"created_at": "Mon Nov 07 23:34:16 +0800 2022", "id": 4833313740554507, "rootid": 4832880008367452, "rootidstr": "4832880008367452", "floor_number": 0, "text": "回复@上网不为了发疯为什么:哈哈哈，这快递收件了也需要小心", "disable_reply": 0, "restrictOperate": 0, "source_allowclick": 0, "source_type": 4, "source": "<a href=\"\" rel=\"nofollow\">来自广东</a>", "user": {"id": 2759330627, "idstr": "2759330627", "class": 1, "screen_name": "5G手机用户", "name": "5G手机用户", "province": "44", "city": "1", "location": "广东 广州", "description": "看你继续喷！", "url": "", "profile_image_url": "https://tvax1.sinaimg.cn/crop.0.0.1080.1080.50/a4780b43ly8g8s41zcj5yj20u00u00vf.jpg?KID=imgbed,tva&Expires=1669663145&ssig=IBjCz0%2BW4I", "light_ring": false, "cover_image_phone": "http://ww4.sinaimg.cn/crop.0.0.640.640.640/a1d3feabjw1ez3ul46nlsj20hs0hsmz1.jpg", "profile_url": "u/2759330627", "domain": "", "weihao": "", "gender": "m", "followers_count": 200, "followers_count_str": "200", "friends_count": 198, "pagefriends_count": 2, "statuses_count": 39, "video_status_count": 3, "video_play_count": 0, "super_topic_not_syn_count": 0, "favourites_count": 5, "created_at": "Fri May 11 09:12:39 +0800 2012", "following": false, "allow_all_act_msg": false, "geo_enabled": true, "verified": false, "verified_type": -1, "remark": "", "insecurity": {"sexual_content": false}, "ptype": 0, "allow_all_comment": true, "avatar_large": "https://tvax1.sinaimg.cn/crop.0.0.1080.1080.180/a4780b43ly8g8s41zcj5yj20u00u00vf.jpg?KID=imgbed,tva&Expires=1669663145&ssig=J7Mv6Aq8lz", "avatar_hd": "https://tvax1.sinaimg.cn/crop.0.0.1080.1080.1024/a4780b43ly8g8s41zcj5yj20u00u00vf.jpg?KID=imgbed,tva&Expires=1669663145&ssig=RmivkU2G%2BR", "verified_reason": "", "verified_trade": "", "verified_reason_url": "", "verified_source": "", "verified_source_url": "", "follow_me": false, "like": false, "like_me": false, "online_status": 0, "bi_followers_count": 5, "lang": "zh-cn", "star": 0, "mbtype": 0, "mbrank": 0, "svip": 0, "mb_expire_time": 0, "block_word": 0, "block_app": 0, "chaohua_ability": 0, "brand_ability": 0, "nft_ability": 0, "vplus_ability": 0, "wenda_ability": 0, "live_ability": 0, "gongyi_ability": 0, "paycolumn_ability": 0, "newbrand_ability": 0, "ecommerce_ability": 0, "hardfan_ability": 0, "credit_score": 80, "user_ability": 36962304, "cardid": "star_658", "urank": 14, "story_read_state": -1, "vclub_member": 0, "is_teenager": 0, "is_guardian": 1, "is_teenager_list": 0, "pc_new": 0, "special_follow": false, "planet_video": 2, "video_mark": 14, "live_status": 0, "user_ability_extend": 0, "status_total_counter": {"total_cnt": 13, "repost_cnt": 0, "comment_cnt": 6, "like_cnt": 7, "comment_like_cnt": 0}, "video_total_counter": {"play_cnt": 1002}, "brand_account": 0, "hongbaofei": 0, "tab_manage": "[0, 0]", "reward_status": 0, "green_mode": 0, "urisk": 0, "avatar_type": 0}, "mid": "4833313740554507", "idstr": "4833313740554507", "status": {"visible": {"type": 0, "list_id": 0}, "created_at": "Sun Nov 06 18:13:28 +0800 2022", "id": 4832870617062356, "idstr": "4832870617062356", "mid": "4832870617062356", "can_edit": false, "version": 1, "show_additional_indication": 0, "text": "刷到别人发的\n档口不能开，一开就罚款，物流也是\n服装人太难了[苦涩]\n我的布料还卡在布料市场里 ​", "textLength": 89, "source_allowclick": 0, "source_type": 1, "source": "<a href=\"http://app.weibo.com/t/feed/3EhUcS\" rel=\"nofollow\">iPhone 13</a>", "favorited": false, "truncated": false, "in_reply_to_status_id": "", "in_reply_to_user_id": "", "in_reply_to_screen_name": "", "pic_urls": [{"thumbnail_pic": "http://wx4.sinaimg.cn/thumbnail/a13502a5gy1h7vkkhoy5ej20jg0l4dhf.jpg"}], "thumbnail_pic": "http://wx4.sinaimg.cn/thumbnail/a13502a5gy1h7vkkhoy5ej20jg0l4dhf.jpg", "bmiddle_pic": "http://wx4.sinaimg.cn/bmiddle/a13502a5gy1h7vkkhoy5ej20jg0l4dhf.jpg", "original_pic": "http://wx4.sinaimg.cn/large/a13502a5gy1h7vkkhoy5ej20jg0l4dhf.jpg", "geo": null, "is_paid": false, "mblog_vip_type": 0, "user": {"id": 2704605861, "idstr": "2704605861", "class": 1, "screen_name": "陆离Scar", "name": "陆离Scar", "province": "100", "city": "1000", "location": "其他", "description": "闲云野鹤 | 自由设计师 | TB店：天使条约", "url": "http://kirinkucos.lofter.com/", "profile_image_url": "https://tvax4.sinaimg.cn/crop.0.0.1080.1080.50/a13502a5ly8h4be7n5rb7j20u00u0diy.jpg?KID=imgbed,tva&Expires=1669663145&ssig=dw5MGngKEo", "light_ring": false, "cover_image": "http://ww4.sinaimg.cn/crop.0.0.920.300/a13502a5gw1ezh3mi4ppmj20pk08cq5u.jpg", "cover_image_phone": "http://ww4.sinaimg.cn/crop.0.0.640.640.640/a1d3feabjw1ecat3p2p2qj20hs0hsmz4.jpg;http://wx2.sinaimg.cn/crop.0.0.640.640.640/a13502a5ly1g1orxoxviuj20e80e80u1.jpg", "profile_url": "737892660", "domain": "kirincos", "weihao": "737892660", "gender": "f", "followers_count": 206097, "followers_count_str": "20.6万", "friends_count": 67, "pagefriends_count": 1, "statuses_count": 6507, "video_status_count": 129, "video_play_count": 0, "super_topic_not_syn_count": 0, "favourites_count": 1111, "created_at": "Tue Apr 10 17:51:29 +0800 2012", "following": false, "allow_all_act_msg": true, "geo_enabled": false, "verified": false, "verified_type": -1, "remark": "", "insecurity": {"sexual_content": false}, "ptype": 0, "allow_all_comment": false, "avatar_large": "https://tvax4.sinaimg.cn/crop.0.0.1080.1080.180/a13502a5ly8h4be7n5rb7j20u00u0diy.jpg?KID=imgbed,tva&Expires=1669663145&ssig=Fn5BcNAbIt", "avatar_hd": "https://tvax4.sinaimg.cn/crop.0.0.1080.1080.1024/a13502a5ly8h4be7n5rb7j20u00u0diy.jpg?KID=imgbed,tva&Expires=1669663145&ssig=JTbbuyYaG8", "verified_reason": "", "verified_trade": "", "verified_reason_url": "", "verified_source": "", "verified_source_url": "", "follow_me": false, "like": false, "like_me": false, "online_status": 0, "bi_followers_count": 32, "lang": "zh-cn", "star": 0, "mbtype": 12, "mbrank": 7, "svip": 0, "mb_expire_time": 1752163200, "block_word": 1, "block_app": 1, "chaohua_ability": 0, "brand_ability": 0, "nft_ability": 0, "vplus_ability": 0, "wenda_ability": 0, "live_ability": 0, "gongyi_ability": 0, "paycolumn_ability": 0, "newbrand_ability": 0, "ecommerce_ability": 0, "hardfan_ability": 0, "credit_score": 80, "user_ability": 3408396, "cardid": "vip_010", "urank": 48, "story_read_state": -1, "vclub_member": 0, "is_teenager": 0, "is_guardian": 0, "is_teenager_list": 0, "pc_new": 1, "special_follow": false, "planet_video": 2, "video_mark": 15, "live_status": 0, "user_ability_extend": 0, "status_total_counter": {"total_cnt": 1167625, "repost_cnt": 115261, "comment_cnt": 157856, "like_cnt": 800689, "comment_like_cnt": 93819}, "video_total_counter": {"play_cnt": 1799603}, "brand_account": 0, "hongbaofei": 0, "tab_manage": "[0, 0]", "reward_status": 0, "green_mode": 0, "urisk": 34896609280, "avatar_type": 0}, "annotations": [{"photo_sub_type": "0"}, {}, {"client_mblogid": "iPhone-B92BCBDA-C8FB-4B06-A452-28A127AC5A30"}, {"mapi_request": true}], "reposts_count": 0, "comments_count": 0, "reprint_cmt_count": 0, "attitudes_count": 0, "pending_approval_count": 0, "isLongText": false, "reward_exhibition_type": 0, "hide_flag": 0, "mlevel": 128, "show_mlevel": 0, "biz_feature": 4294967300, "hasActionTypeCard": 0, "darwin_tags": [], "hot_weibo_tags": [], "text_tag_tips": [], "mblogtype": 0, "userType": 0, "mlevelSource": "monitor", "more_info_type": 0, "cardid": "vip_010", "number_display_strategy": {"apply_scenario_flag": 3, "display_text_min_number": 1000000, "display_text": "100万+"}, "positive_recom_flag": 0, "content_auth": 0, "gif_ids": "", "is_show_bulletin": 2, "comment_manage_info": {"comment_permission_type": -1, "approval_comment_type": 0, "comment_sort_type": 0, "ai_play_picture_type": 0}, "pic_num": 1, "can_reprint": false, "new_comment_style": 0}, "reply_comment": {"created_at": "Sun Nov 06 18:50:47 +0800 2022", "id": 4832880008367452, "rootid": 4832880008367452, "rootidstr": "4832880008367452", "floor_number": 4, "text": "我错了，我不催淘宝店家了，这玩意他们也没办法啊[跪了]", "disable_reply": 0, "restrictOperate": 0, "user": {"id": 3199562432, "idstr": "3199562432", "class": 1, "screen_name": "上网不为了发疯为什么", "name": "上网不为了发疯为什么", "province": "400", "city": "4", "location": "海外 俄罗斯", "description": "", "url": "", "profile_image_url": "https://tvax1.sinaimg.cn/crop.0.0.736.736.50/beb572c0ly8gailbg3gq0j20kg0kgmyz.jpg?KID=imgbed,tva&Expires=1669663145&ssig=a8FwOCL7h7", "light_ring": false, "profile_url": "u/3199562432", "domain": "", "weihao": "", "gender": "f", "followers_count": 42, "followers_count_str": "42", "friends_count": 238, "pagefriends_count": 3, "statuses_count": 1777, "video_status_count": 0, "video_play_count": 0, "super_topic_not_syn_count": 0, "favourites_count": 12, "created_at": "Fri Feb 22 18:36:50 +0800 2013", "following": false, "allow_all_act_msg": false, "geo_enabled": false, "verified": false, "verified_type": -1, "remark": "", "insecurity": {"sexual_content": false}, "ptype": 0, "allow_all_comment": false, "avatar_large": "https://tvax1.sinaimg.cn/crop.0.0.736.736.180/beb572c0ly8gailbg3gq0j20kg0kgmyz.jpg?KID=imgbed,tva&Expires=1669663145&ssig=9aCIrkLVgQ", "avatar_hd": "https://tvax1.sinaimg.cn/crop.0.0.736.736.1024/beb572c0ly8gailbg3gq0j20kg0kgmyz.jpg?KID=imgbed,tva&Expires=1669663145&ssig=KbTzz4FMbj", "verified_reason": "", "verified_trade": "", "verified_reason_url": "", "verified_source": "", "verified_source_url": "", "follow_me": false, "like": false, "like_me": false, "online_status": 0, "bi_followers_count": 1, "lang": "zh-cn", "star": 0, "mbtype": 0, "mbrank": 0, "svip": 0, "mb_expire_time": 0, "block_word": 0, "block_app": 0, "chaohua_ability": 0, "brand_ability": 0, "nft_ability": 0, "vplus_ability": 0, "wenda_ability": 0, "live_ability": 0, "gongyi_ability": 0, "paycolumn_ability": 0, "newbrand_ability": 0, "ecommerce_ability": 0, "hardfan_ability": 0, "credit_score": 80, "user_ability": 2097152, "urank": 16, "story_read_state": -1, "vclub_member": 0, "is_teenager": 0, "is_guardian": 0, "is_teenager_list": 0, "pc_new": 7, "special_follow": false, "planet_video": 0, "video_mark": 0, "live_status": 0, "user_ability_extend": 0, "status_total_counter": {"total_cnt": 99, "repost_cnt": 25, "comment_cnt": 22, "like_cnt": 51, "comment_like_cnt": 1}, "video_total_counter": {"play_cnt": -1}, "brand_account": 0, "hongbaofei": 0, "tab_manage": "[0, 0]", "reward_status": 0, "green_mode": 0, "urisk": 0, "avatar_type": 0}, "mid": "4832880008367452", "idstr": "4832880008367452", "match_ai_play_picture": false}, "reply_original_text": "哈哈哈，这快递收件了也需要小心", "readtimetype": "comment", "match_ai_play_picture": false}