{"created_at": "Sun Jan 08 16:06:28 +0800 2023", "id": 4855669091995808, "rootid": 4855669091995808, "rootidstr": "4855669091995808", "floor_number": 179, "text": "好美", "disable_reply": 0, "restrictOperate": 0, "source_allowclick": 0, "source_type": 4, "source": "<a href=\"\" rel=\"nofollow\">来自山西</a>", "user": {"id": 7787239716, "idstr": "7787239716", "class": 1, "screen_name": "槐花贰毛", "name": "槐花贰毛", "province": "51", "city": "1000", "location": "四川", "description": "主观爱王鹤棣", "url": "", "profile_image_url": "https://tvax2.sinaimg.cn/crop.0.0.265.265.50/008v0sMAly8h5yeampqgpj307d07d0ss.jpg?KID=imgbed,tva&Expires=1674055983&ssig=gkiKuCpYmv", "light_ring": false, "cover_image_phone": "https://ww1.sinaimg.cn/crop.0.0.640.640.640/549d0121tw1egm1kjly3jj20hs0hsq4f.jpg", "profile_url": "u/7787239716", "domain": "", "weihao": "", "gender": "f", "followers_count": 39, "followers_count_str": "39", "friends_count": 179, "pagefriends_count": 8, "statuses_count": 134, "video_status_count": 0, "video_play_count": 0, "super_topic_not_syn_count": 12, "favourites_count": 1, "created_at": "Mon Sep 05 09:41:32 +0800 2022", "following": false, "allow_all_act_msg": false, "geo_enabled": true, "verified": false, "verified_type": -1, "remark": "", "insecurity": {"sexual_content": false}, "ptype": 0, "allow_all_comment": true, "avatar_large": "https://tvax2.sinaimg.cn/crop.0.0.265.265.180/008v0sMAly8h5yeampqgpj307d07d0ss.jpg?KID=imgbed,tva&Expires=1674055983&ssig=e1Q2hXyHJ8", "avatar_hd": "https://tvax2.sinaimg.cn/crop.0.0.265.265.1024/008v0sMAly8h5yeampqgpj307d07d0ss.jpg?KID=imgbed,tva&Expires=1674055983&ssig=cyNa38jn0K", "verified_reason": "", "verified_trade": "", "verified_reason_url": "", "verified_source": "", "verified_source_url": "", "follow_me": false, "like": false, "like_me": false, "online_status": 0, "bi_followers_count": 35, "lang": "zh-cn", "star": 0, "mbtype": 0, "mbrank": 0, "svip": 0, "mb_expire_time": 0, "block_word": 0, "block_app": 0, "chaohua_ability": 0, "brand_ability": 0, "nft_ability": 0, "vplus_ability": 0, "wenda_ability": 0, "live_ability": 0, "gongyi_ability": 0, "paycolumn_ability": 0, "newbrand_ability": 0, "ecommerce_ability": 0, "hardfan_ability": 0, "wbcolumn_ability": 0, "credit_score": 80, "user_ability": 2097152, "urank": 0, "story_read_state": -1, "vclub_member": 0, "is_teenager": 0, "is_guardian": 0, "is_teenager_list": 0, "pc_new": 0, "special_follow": false, "planet_video": 0, "video_mark": 0, "live_status": 0, "user_ability_extend": 0, "status_total_counter": {"total_cnt": 36, "repost_cnt": 27, "comment_cnt": 5, "like_cnt": 3, "comment_like_cnt": 1}, "video_total_counter": {"play_cnt": -1}, "brand_account": 0, "hongbaofei": 0, "tab_manage": "[0, 0]", "reward_status": 0, "green_mode": 0, "urisk": 549755813888, "unfollowing_recom_switch": 1, "avatar_type": 0}, "mid": "4855669091995808", "idstr": "4855669091995808", "status": {"visible": {"type": 0, "list_id": 0}, "created_at": "Sat Jan 07 20:00:11 +0800 2023", "id": 4855365520330191, "idstr": "4855365520330191", "mid": "4855365520330191", "can_edit": false, "show_additional_indication": 0, "text": "【分享！泰山上空出现壮观日晕美景[哇]】近日，山东泰山上空出现日晕美景，太阳两侧各出现一个明亮的小“太阳”，十分耀眼。傍晚，泰山日晕与晚霞交相辉映，更是美不胜收。一起看↓↓http://t.cn/A69vReOU ​​​", "textLength": 197, "source_allowclick": 0, "source_type": 2, "source": "<a href=\"http://weibo.com/\" rel=\"nofollow\">紫宝宝的iPhone客户端</a>", "favorited": false, "truncated": false, "in_reply_to_status_id": "", "in_reply_to_user_id": "", "in_reply_to_screen_name": "", "pic_urls": [], "geo": null, "is_paid": false, "mblog_vip_type": 0, "user": {"id": 5467852665, "idstr": "5467852665", "class": 1, "screen_name": "紫光阁", "name": "紫光阁", "province": "11", "city": "1000", "location": "北京", "description": "在中央领导同志亲切关怀下，中央和国家机关工委机关刊《旗帜》杂志在原《紫光阁》杂志的基础上，于2019年1月创刊。《旗帜》杂志以“高举中国特色社会主义伟大旗帜，宣传党的理论和路线方针政策，服务机关党的建设，弘扬主旋律、传播正能量”为办刊宗旨，是机关党建领域的重要宣传阵地，是联系党和国家机关各级党组织、广大党员干部和党务工作者的桥梁纽带。", "url": "", "profile_image_url": "https://tvax3.sinaimg.cn/crop.0.0.996.996.50/005Y2yg1ly8h8vhqeuvpbj30ro0roabn.jpg?KID=imgbed,tva&Expires=1674055983&ssig=7Y1KMG4h1o", "light_ring": false, "cover_image": "https://wx4.sinaimg.cn/crop.0.0.920.300/005Y2yg1ly1gdh1jfu15aj30pk08c0uz.jpg", "cover_image_phone": "https://wx3.sinaimg.cn/crop.0.0.640.640.640/005Y2yg1ly1gdi7z5zmg5j30u00u0qaj.jpg", "profile_url": "u/5467852665", "domain": "", "weihao": "", "gender": "m", "followers_count": 12338924, "followers_count_str": "1233.9万", "friends_count": 400, "pagefriends_count": 2, "statuses_count": 29612, "video_status_count": 68, "video_play_count": 0, "super_topic_not_syn_count": 0, "favourites_count": 103, "created_at": "Fri Jan 09 16:16:10 +0800 2015", "following": false, "allow_all_act_msg": false, "geo_enabled": false, "verified": true, "verified_type": 3, "remark": "", "insecurity": {"sexual_content": false}, "ptype": 0, "allow_all_comment": false, "avatar_large": "https://tvax3.sinaimg.cn/crop.0.0.996.996.180/005Y2yg1ly8h8vhqeuvpbj30ro0roabn.jpg?KID=imgbed,tva&Expires=1674055983&ssig=5sacEogkpr", "avatar_hd": "https://tvax3.sinaimg.cn/crop.0.0.996.996.1024/005Y2yg1ly8h8vhqeuvpbj30ro0roabn.jpg?KID=imgbed,tva&Expires=1674055983&ssig=ElPamk81FT", "verified_reason": "中央和国家机关工作委员会旗帜杂志社", "verified_trade": "", "verified_reason_url": "", "verified_source": "", "verified_source_url": "", "verified_state": 0, "verified_level": 3, "verified_type_ext": 0, "has_service_tel": false, "verified_reason_modified": "中央和国家机关工作委员会旗帜杂志社", "verified_contact_name": "", "verified_contact_email": "", "verified_contact_mobile": "", "follow_me": false, "like": false, "like_me": false, "online_status": 0, "bi_followers_count": 338, "lang": "zh-cn", "star": 0, "mbtype": 12, "mbrank": 7, "svip": 0, "mb_expire_time": 1990454400, "block_word": 0, "block_app": 1, "chaohua_ability": 0, "brand_ability": 0, "nft_ability": 0, "vplus_ability": 0, "wenda_ability": 0, "live_ability": 0, "gongyi_ability": 0, "paycolumn_ability": 0, "newbrand_ability": 0, "ecommerce_ability": 0, "hardfan_ability": 1, "wbcolumn_ability": 0, "credit_score": 80, "user_ability": 10847756, "cardid": "star_1624", "urank": 45, "story_read_state": -1, "vclub_member": 0, "is_teenager": 0, "is_guardian": 0, "is_teenager_list": 1, "pc_new": 6, "special_follow": false, "planet_video": 2, "video_mark": 15, "live_status": 0, "user_ability_extend": 0, "status_total_counter": {"total_cnt": 63646782, "repost_cnt": 8470200, "comment_cnt": 7469402, "like_cnt": 32709290, "comment_like_cnt": 14997890}, "video_total_counter": {"play_cnt": 29124249}, "brand_account": 0, "hongbaofei": 0, "tab_manage": "[0, 0]", "reward_status": 0, "green_mode": 0, "urisk": 0, "unfollowing_recom_switch": 1, "avatar_type": 0}, "annotations": [{}, {"shooting": 1, "client_mblogid": "iPhone-3191C0B6-677B-410B-91B2-507C1D364C28"}, {"mapi_request": true}], "reposts_count": 0, "comments_count": 0, "reprint_cmt_count": 0, "attitudes_count": 0, "pending_approval_count": 0, "isLongText": false, "reward_exhibition_type": 0, "hide_flag": 0, "mlevel": 0, "show_mlevel": 0, "biz_ids": [230444], "biz_feature": 4294967304, "hasActionTypeCard": 0, "darwin_tags": [], "hot_weibo_tags": [], "text_tag_tips": [], "mblogtype": 0, "userType": 0, "more_info_type": 0, "cardid": "star_1624", "positive_recom_flag": 0, "content_auth": 0, "gif_ids": "", "is_show_bulletin": 2, "comment_manage_info": {"comment_permission_type": -1, "approval_comment_type": 0, "comment_sort_type": 0, "ai_play_picture_type": 0}, "pic_num": 0, "can_reprint": false, "new_comment_style": 0}, "readtimetype": "comment", "match_ai_play_picture": false}