{"created_at": "Mon Dec 26 17:25:26 +0800 2022", "id": 4850977922353587, "rootid": 4850977922353587, "rootidstr": "4850977922353587", "floor_number": 109, "text": "致敬", "disable_reply": 0, "restrictOperate": 0, "source_allowclick": 0, "source_type": 4, "source": "<a href=\"\" rel=\"nofollow\">来自河北</a>", "comment_badge": [{"pic_url": "https://h5.sinaimg.cn/upload/114/962/2022/07/08/member_2_bigfan1_1.png", "name": "loyal_fans", "length": 1.33, "actionlog": {"act_code": "3671", "ext": "status:fans"}, "scheme": "https://kefu.weibo.com/faqdetail?id=20848", "new_icon": true}], "user": {"id": 7388928877, "idstr": "7388928877", "class": 1, "screen_name": "微醺栗栀酒", "name": "微醺栗栀酒", "province": "13", "city": "1000", "location": "河北", "description": "所愿皆所得，所失亦无悔", "url": "", "profile_image_url": "https://tvax3.sinaimg.cn/crop.0.0.750.750.50/00843bWdly8h9qsd6mvpgj30ku0kugmx.jpg?KID=imgbed,tva&Expires=1673958961&ssig=PgqXj6WTP3", "light_ring": false, "cover_image_phone": "https://wx1.sinaimg.cn/crop.0.0.640.640.640/00843bWdly1h9lxg88krkj30u00u0q5o.jpg", "profile_url": "u/7388928877", "domain": "", "weihao": "", "gender": "f", "followers_count": 10326, "followers_count_str": "1万", "friends_count": 978, "pagefriends_count": 30, "statuses_count": 3362, "video_status_count": 11, "video_play_count": 0, "super_topic_not_syn_count": 0, "favourites_count": 7, "created_at": "Sat Feb 08 14:26:11 +0800 2020", "following": false, "allow_all_act_msg": false, "geo_enabled": true, "verified": true, "verified_type": 0, "remark": "", "insecurity": {"sexual_content": false}, "ptype": 0, "allow_all_comment": true, "avatar_large": "https://tvax3.sinaimg.cn/crop.0.0.750.750.180/00843bWdly8h9qsd6mvpgj30ku0kugmx.jpg?KID=imgbed,tva&Expires=1673958961&ssig=VoqIOS4fSc", "avatar_hd": "https://tvax3.sinaimg.cn/crop.0.0.750.750.1024/00843bWdly8h9qsd6mvpgj30ku0kugmx.jpg?KID=imgbed,tva&Expires=1673958961&ssig=zzWTkdLyMg", "verified_reason": "超话粉丝大咖（赵丽颖超话）", "verified_trade": "", "verified_reason_url": "", "verified_source": "", "verified_source_url": "", "verified_state": 0, "verified_level": 3, "verified_type_ext": 0, "has_service_tel": false, "verified_reason_modified": "", "verified_contact_name": "", "verified_contact_email": "", "verified_contact_mobile": "", "follow_me": false, "like": false, "like_me": false, "online_status": 0, "bi_followers_count": 853, "lang": "zh-cn", "star": 0, "mbtype": 11, "mbrank": 2, "svip": 0, "mb_expire_time": 1675008000, "block_word": 0, "block_app": 1, "chaohua_ability": 0, "brand_ability": 0, "nft_ability": 0, "vplus_ability": 0, "wenda_ability": 0, "live_ability": 0, "gongyi_ability": 0, "paycolumn_ability": 0, "newbrand_ability": 0, "ecommerce_ability": 0, "hardfan_ability": 1, "wbcolumn_ability": 0, "credit_score": 80, "user_ability": 2359304, "cardid": "raresvip_0031000823", "avatargj_id": "gj_raresvip_0031000823", "urank": 0, "story_read_state": -1, "verified_detail": {"custom": 0, "data": [{"key": 8, "sub_key": 0, "weight": 102, "desc": "超话粉丝大咖（赵丽颖超话）", "timestamp": 1662855817}]}, "vclub_member": 0, "is_teenager": 0, "is_guardian": 0, "is_teenager_list": 0, "pc_new": 7, "special_follow": false, "planet_video": 2, "video_mark": 2, "live_status": 0, "user_ability_extend": 0, "status_total_counter": {"total_cnt": 213263, "repost_cnt": 150219, "comment_cnt": 31498, "like_cnt": 5482, "comment_like_cnt": 26064}, "video_total_counter": {"play_cnt": 207845}, "brand_account": 0, "hongbaofei": 0, "tab_manage": "[0, 0]", "reward_status": 0, "green_mode": 0, "mb_like_privilege": {"like_id": "0057_167", "like_desc": ""}, "urisk": 0, "avatar_type": 0, "skin_profile_element": "000020", "skin_cover_poster": "000020", "skin_cover_image": "000020"}, "mid": "4850977922353587", "idstr": "4850977922353587", "status": {"visible": {"type": 0, "list_id": 0}, "created_at": "Mon Dec 26 17:00:12 +0800 2022", "id": 4850971572965410, "idstr": "4850971572965410", "mid": "4850971572965410", "can_edit": false, "version": 2, "show_additional_indication": 0, "text": "【致敬工匠！#他带队8年修缮2万多米长城#】在北京怀柔箭扣长城，长城修缮专家程永茂带着平均年龄55岁的“五十勇士”修缮保护长城，用18年的青春与专注，谱写着普通人守护长城 的故事。他们用坚持诠释着中国式的坚韧，保护世遗的拳拳之心。#致敬长城修缮五十勇士#！ http://t.cn/A6KnoMMX ​", "textLength": 266, "source_allowclick": 0, "source_type": 1, "source": "<a href=\"http://app.weibo.com/t/feed/xEsRX\" rel=\"nofollow\">新版微博 weibo.com</a>", "favorited": false, "truncated": false, "in_reply_to_status_id": "", "in_reply_to_user_id": "", "in_reply_to_screen_name": "", "pic_urls": [], "geo": null, "is_paid": false, "mblog_vip_type": 0, "user": {"id": 2803301701, "idstr": "2803301701", "class": 1, "screen_name": "人民日报", "name": "人民日报", "province": "11", "city": "1000", "location": "北京", "description": "人民日报法人微博。参与、沟通、记录时代。", "url": "", "profile_image_url": "https://tvax4.sinaimg.cn/crop.0.0.1018.1018.50/0033ImPzly8h8vgemh8kxj60sa0sadgw02.jpg?KID=imgbed,tva&Expires=1673958961&ssig=4OEHJfH%2FRL", "light_ring": false, "cover_image": "https://wx4.sinaimg.cn/crop.0.0.920.300/0033ImPzly1gs66yzvybrj60pk08cgya02.jpg", "cover_image_phone": "https://wx1.sinaimg.cn/crop.0.0.640.640.640/0033ImPzly1gs64jwa7uyj60v90v9n1r02.jpg", "profile_url": "rmrb", "domain": "rmrb", "weihao": "", "gender": "m", "followers_count": 150811682, "followers_count_str": "1.51亿", "friends_count": 3063, "pagefriends_count": 2678, "statuses_count": 153106, "video_status_count": 9834, "video_play_count": 0, "super_topic_not_syn_count": 1, "favourites_count": 1031, "created_at": "Sun Jul 22 02:28:35 +0800 2012", "following": false, "allow_all_act_msg": false, "geo_enabled": false, "verified": true, "verified_type": 3, "remark": "", "insecurity": {"sexual_content": false}, "ptype": 0, "allow_all_comment": false, "avatar_large": "https://tvax4.sinaimg.cn/crop.0.0.1018.1018.180/0033ImPzly8h8vgemh8kxj60sa0sadgw02.jpg?KID=imgbed,tva&Expires=1673958961&ssig=KcYPVK5OHb", "avatar_hd": "https://tvax4.sinaimg.cn/crop.0.0.1018.1018.1024/0033ImPzly8h8vgemh8kxj60sa0sadgw02.jpg?KID=imgbed,tva&Expires=1673958961&ssig=XhPPZvf3%2F%2F", "verified_reason": "《人民日报》法人微博", "verified_trade": "", "verified_reason_url": "", "verified_source": "", "verified_source_url": "", "verified_state": 2, "verified_level": 3, "verified_type_ext": 0, "has_service_tel": false, "verified_reason_modified": "辽宁科技大学官方微博，教育官微联盟成员", "verified_contact_name": "", "verified_contact_email": "", "verified_contact_mobile": "", "follow_me": false, "like": false, "like_me": false, "online_status": 0, "bi_followers_count": 363, "lang": "zh-cn", "star": 0, "mbtype": 12, "mbrank": 7, "svip": 0, "mb_expire_time": 1884182400, "block_word": 0, "block_app": 1, "chaohua_ability": 0, "brand_ability": 0, "nft_ability": 0, "vplus_ability": 0, "wenda_ability": 0, "live_ability": 1, "gongyi_ability": 0, "paycolumn_ability": 0, "newbrand_ability": 0, "ecommerce_ability": 0, "hardfan_ability": 1, "wbcolumn_ability": 0, "credit_score": 80, "user_ability": -2135620852, "urank": 48, "story_read_state": -1, "vclub_member": 0, "is_teenager": 0, "is_guardian": 0, "is_teenager_list": 1, "pc_new": 7, "special_follow": false, "planet_video": 2, "video_mark": 15, "live_status": 0, "user_ability_extend": 1, "status_total_counter": {"total_cnt": 3365588970, "repost_cnt": 947583764, "comment_cnt": 234290942, "like_cnt": 1124790006, "comment_like_cnt": 1058924258}, "video_total_counter": {"play_cnt": 37827113213}, "brand_account": 0, "hongbaofei": 0, "tab_manage": "[283691264248460, 0]", "reward_status": 0, "green_mode": 0, "urisk": 0, "avatar_type": 0}, "annotations": [{}, {}, {"mapi_request": true}], "reposts_count": 0, "comments_count": 0, "reprint_cmt_count": 0, "attitudes_count": 0, "pending_approval_count": 0, "isLongText": false, "reward_exhibition_type": 0, "hide_flag": 0, "mlevel": 0, "show_mlevel": 0, "biz_ids": [230444], "biz_feature": 4294967304, "page_type": 64, "hasActionTypeCard": 0, "darwin_tags": [], "hot_weibo_tags": [], "text_tag_tips": [], "mblogtype": 0, "userType": 0, "more_info_type": 0, "positive_recom_flag": 0, "content_auth": 3, "gif_ids": "", "is_show_bulletin": 2, "comment_manage_info": {"comment_permission_type": -1, "approval_comment_type": 0, "comment_sort_type": 0, "ai_play_picture_type": 0}, "pic_num": 0, "fid": 4850969769672717, "can_reprint": false, "new_comment_style": 0}, "readtimetype": "comment", "comment_dynamic_message": {"id": "0044", "icon_url": "https://h5.sinaimg.cn/upload/1073/1841/2022/09/22/paimeng2.png", "tag_text": "会员", "start_color": "#00FEAD3A", "end_color": "#1AFEAD3A", "start_color_dark": "#00FEAD3A", "end_color_dark": "#1AFEAD3A", "name": {"zh_CN": "原神二周年，好耶！ ", "zh_HK": "原神二週年，好耶！", "en_US": "Genshin-Happy 2nd anniversary"}, "scheme": "https://new.vip.weibo.cn/bubble/mall?showmenu=0&decorateId=0044&uid=7388928877", "allow_vip_box_content": "用此评论气泡", "allow_vip_box_icon": "https://h5.sinaimg.cn/upload/100/1720/2022/08/08/icon_VIP_for_comment_bubble.png"}, "match_ai_play_picture": false}