{"created_at": "Wed Dec 14 23:13:03 +0800 2022", "id": 4846716753019885, "rootid": 4846716753019885, "rootidstr": "4846716753019885", "floor_number": 15, "text": "后悔打了三针科兴，感觉不打才是明智的。", "disable_reply": 0, "restrictOperate": 0, "source_allowclick": 0, "source_type": 4, "source": "<a href=\"\" rel=\"nofollow\">来自广东</a>", "user": {"id": 7800958220, "idstr": "7800958220", "class": 1, "screen_name": "唯众朱若虚", "name": "唯众朱若虚", "province": "44", "city": "1000", "location": "广东", "description": "唯众数字浪民", "url": "", "profile_image_url": "https://tvax3.sinaimg.cn/crop.0.0.1080.1080.50/008vW1AMly8h801ojlihrj30u00u0aat.jpg?KID=imgbed,tva&Expires=1674057636&ssig=hdFgd2qUeU", "light_ring": false, "cover_image_phone": "https://wx3.sinaimg.cn/crop.0.0.640.640.640/008vW1AMly1h975cnptfhj30u00u0gov.jpg", "profile_url": "u/7800958220", "domain": "", "weihao": "", "gender": "m", "followers_count": 12, "followers_count_str": "12", "friends_count": 126, "pagefriends_count": 0, "statuses_count": 109, "video_status_count": 0, "video_play_count": 0, "super_topic_not_syn_count": 0, "favourites_count": 0, "created_at": "Thu Nov 10 15:04:15 +0800 2022", "following": false, "allow_all_act_msg": false, "geo_enabled": true, "verified": false, "verified_type": -1, "remark": "", "insecurity": {"sexual_content": false}, "ptype": 0, "allow_all_comment": true, "avatar_large": "https://tvax3.sinaimg.cn/crop.0.0.1080.1080.180/008vW1AMly8h801ojlihrj30u00u0aat.jpg?KID=imgbed,tva&Expires=1674057636&ssig=Tw61Du8ZOW", "avatar_hd": "https://tvax3.sinaimg.cn/crop.0.0.1080.1080.1024/008vW1AMly8h801ojlihrj30u00u0aat.jpg?KID=imgbed,tva&Expires=1674057636&ssig=x3SyQhP5jB", "verified_reason": "", "verified_trade": "", "verified_reason_url": "", "verified_source": "", "verified_source_url": "", "follow_me": false, "like": false, "like_me": false, "online_status": 0, "bi_followers_count": 2, "lang": "zh-cn", "star": 0, "mbtype": 12, "mbrank": 2, "svip": 0, "mb_expire_time": 1701964800, "block_word": 0, "block_app": 1, "chaohua_ability": 0, "brand_ability": 0, "nft_ability": 0, "vplus_ability": 0, "wenda_ability": 0, "live_ability": 0, "gongyi_ability": 0, "paycolumn_ability": 0, "newbrand_ability": 0, "ecommerce_ability": 0, "hardfan_ability": 0, "wbcolumn_ability": 0, "credit_score": 80, "user_ability": 0, "urank": 0, "story_read_state": -1, "vclub_member": 0, "is_teenager": 0, "is_guardian": 0, "is_teenager_list": 0, "pc_new": 0, "special_follow": false, "planet_video": 0, "video_mark": 0, "live_status": 0, "user_ability_extend": 0, "status_total_counter": {"total_cnt": 25, "repost_cnt": 6, "comment_cnt": 6, "like_cnt": 13, "comment_like_cnt": 0}, "video_total_counter": {"play_cnt": -1}, "brand_account": 0, "hongbaofei": 0, "tab_manage": "[0, 0]", "reward_status": 0, "green_mode": 0, "urisk": 524288, "unfollowing_recom_switch": 1, "avatar_type": 0}, "mid": "4846716753019885", "idstr": "4846716753019885", "status": {"visible": {"type": 0, "list_id": 0}, "created_at": "Wed Dec 14 22:34:32 +0800 2022", "id": 4846707055275082, "idstr": "4846707055275082", "mid": "4846707055275082", "edit_count": 1, "can_edit": false, "edit_at": "Wed Dec 14 22:56:23 +0800 2022", "version": 3, "show_additional_indication": 0, "text": "之前就有大V在问张朝阳什么时候阳？\n现在张朝阳也阳了！\n\n我最诧异的是 竟然没打疫苗？\n不要囤药，几片就够…\n#张朝阳呼吁不要囤退烧药# ​", "textLength": 127, "source_allowclick": 0, "source_type": 2, "source": "<a href=\"http://weibo.com/\" rel=\"nofollow\">iPhone 13 Pro Max</a>", "favorited": false, "truncated": false, "in_reply_to_status_id": "", "in_reply_to_user_id": "", "in_reply_to_screen_name": "", "pic_urls": [{"thumbnail_pic": "http://wx2.sinaimg.cn/thumbnail/66decaabgy1h93pq5vmivj20uj0vw0vt.jpg"}], "thumbnail_pic": "http://wx2.sinaimg.cn/thumbnail/66decaabgy1h93pq5vmivj20uj0vw0vt.jpg", "bmiddle_pic": "http://wx2.sinaimg.cn/bmiddle/66decaabgy1h93pq5vmivj20uj0vw0vt.jpg", "original_pic": "http://wx2.sinaimg.cn/large/66decaabgy1h93pq5vmivj20uj0vw0vt.jpg", "geo": null, "is_paid": false, "mblog_vip_type": 0, "user": {"id": 1725876907, "idstr": "1725876907", "class": 1, "screen_name": "深圳张逸轩", "name": "深圳张逸轩", "province": "44", "city": "3", "location": "广东 深圳", "description": "央视财经特约评论员，自由投资人；情感博主！仅分享行业观点，不荐个股！不会主动联系任何人；谨防受骗！商务活动相关邀约 微博私信联系！", "url": "", "profile_image_url": "https://tvax3.sinaimg.cn/crop.0.0.1080.1080.50/66decaably8h68uzic4jvj20u00u0abk.jpg?KID=imgbed,tva&Expires=1674057636&ssig=fPCmdfSMpG", "light_ring": false, "cover_image": "https://wx1.sinaimg.cn/crop.0.0.920.300/66decaabgy1gquue0h3qrj20pk08cduc.jpg", "cover_image_phone": "https://ww4.sinaimg.cn/crop.0.0.640.640.640/4be1438djw1ez1qyti7q1j20hs0hsjuz.jpg;https://wx3.sinaimg.cn/crop.0.0.640.640.640/001SNBqjgy1guonlyle8kj60yi0yiwk702.jpg;https://wx4.sinaimg.cn/crop.0.0.640.640.640/001SNBqjgy1gu54qgdiqnj60yi0yi0uy02.jpg;https://wx2.sinaimg.cn/crop.0.0.640.640.640/001SNBqjgy1gtvu3g0tsvj60yi0yi78d02.jpg;https://wx2.sinaimg.cn/crop.0.0.640.640.640/001SNBqjgy1gu54vl0e9fj60yi0yi43i02.jpg;https://wx3.sinaimg.cn/crop.0.0.640.640.640/001SNBqjgy1gu54unvzl6j60yi0yiq6o02.jpg;https://wx1.sinaimg.cn/crop.0.0.640.640.640/66decaabgy1h64sl4r7cmj20cb0cbq3k.jpg", "profile_url": "fnsg", "domain": "fnsg", "weihao": "206000534", "gender": "m", "followers_count": 1447615, "followers_count_str": "144.8万", "friends_count": 605, "pagefriends_count": 4, "statuses_count": 39782, "video_status_count": 193, "video_play_count": 0, "super_topic_not_syn_count": 5, "favourites_count": 49, "created_at": "Tue Apr 06 20:55:53 +0800 2010", "following": false, "allow_all_act_msg": false, "geo_enabled": false, "verified": true, "verified_type": 0, "remark": "", "insecurity": {"sexual_content": false}, "ptype": 8, "allow_all_comment": true, "avatar_large": "https://tvax3.sinaimg.cn/crop.0.0.1080.1080.180/66decaably8h68uzic4jvj20u00u0abk.jpg?KID=imgbed,tva&Expires=1674057636&ssig=SnRcIQc9dD", "avatar_hd": "https://tvax3.sinaimg.cn/crop.0.0.1080.1080.1024/66decaably8h68uzic4jvj20u00u0abk.jpg?KID=imgbed,tva&Expires=1674057636&ssig=2DkvfAA91S", "verified_reason": "财经知识分享官  职业投资人  新浪仓石基金合作作者", "verified_trade": "2017", "verified_reason_url": "", "verified_source": "", "verified_source_url": "", "verified_state": 0, "verified_level": 3, "verified_type_ext": 1, "has_service_tel": false, "verified_reason_modified": "", "verified_contact_name": "", "verified_contact_email": "", "verified_contact_mobile": "", "follow_me": false, "like": false, "like_me": false, "online_status": 0, "bi_followers_count": 478, "lang": "zh-cn", "star": 0, "mbtype": 12, "mbrank": 9, "svip": 1, "mb_expire_time": 1675267200, "block_word": 0, "block_app": 1, "chaohua_ability": 0, "brand_ability": 0, "nft_ability": 11, "vplus_ability": 3, "wenda_ability": 0, "live_ability": 1, "gongyi_ability": 0, "paycolumn_ability": 1, "newbrand_ability": 0, "ecommerce_ability": 0, "hardfan_ability": 1, "wbcolumn_ability": 0, "ability_tags": "股票,宏观经济,股票分析,投资,理财师", "dianping": "stock", "credit_score": 80, "user_ability": -2136593892, "cardid": "star_1600", "avatargj_id": "gj_vip_011", "urank": 48, "story_read_state": -1, "verified_detail": {"custom": 1, "data": [{"key": 1, "sub_key": 0, "weight": 10, "desc": "财经知识分享官  职业投资人  新浪仓石基金合作作者", "timestamp": 0}]}, "vclub_member": 0, "is_teenager": 0, "is_guardian": 0, "is_teenager_list": 0, "pc_new": 6, "special_follow": false, "planet_video": 2, "video_mark": 15, "live_status": 0, "user_ability_extend": 1, "status_total_counter": {"total_cnt": 5476292, "repost_cnt": 879480, "comment_cnt": 990803, "like_cnt": 2398059, "comment_like_cnt": 1207950}, "video_total_counter": {"play_cnt": 42543326}, "brand_account": 0, "hongbaofei": 0, "tab_manage": "[4329440650, 0]", "reward_status": 0, "green_mode": 0, "urisk": 103616086024, "unfollowing_recom_switch": 1, "avatar_type": 0}, "annotations": [{"photo_sub_type": "0"}, {}, {"client_mblogid": "iPhone-D1B1FD88-392F-470F-A661-36E57DAD64BC"}, {"mapi_request": true}], "picStatus": "0:1", "reposts_count": 0, "comments_count": 0, "reprint_cmt_count": 0, "attitudes_count": 0, "pending_approval_count": 0, "isLongText": false, "reward_exhibition_type": 0, "hide_flag": 0, "mlevel": 0, "show_mlevel": 0, "biz_feature": 4294967300, "page_type": 64, "hasActionTypeCard": 0, "darwin_tags": [], "hot_weibo_tags": [], "text_tag_tips": [], "mblogtype": 0, "userType": 0, "more_info_type": 0, "cardid": "star_1600", "number_display_strategy": {"apply_scenario_flag": 3, "display_text_min_number": 1000000, "display_text": "100万+"}, "positive_recom_flag": 0, "content_auth": 0, "gif_ids": "", "is_show_bulletin": 2, "comment_manage_info": {"comment_permission_type": -1, "approval_comment_type": 0, "comment_sort_type": 0, "ai_play_picture_type": 0}, "pic_num": 1, "can_reprint": false, "new_comment_style": 0}, "readtimetype": "comment", "match_ai_play_picture": false}