{"created_at": "Thu Dec 15 10:07:01 +0800 2022", "id": 4846881324666329, "rootid": 4846707739987871, "rootidstr": "4846707739987871", "floor_number": 0, "text": "回复@Leo2227:这个是年龄小的 http://t.cn/A6KNkkr2", "disable_reply": 0, "restrictOperate": 0, "source_allowclick": 0, "source_type": 4, "source": "<a href=\"\" rel=\"nofollow\">来自山东</a>", "user": {"id": 5458415636, "idstr": "5458415636", "class": 1, "screen_name": "麦季", "name": "麦季", "province": "37", "city": "1000", "location": "山东", "description": "坚定清零派", "url": "", "profile_image_url": "https://tvax1.sinaimg.cn/crop.0.0.1002.1002.50/005XoXfSly8gr558thtzqj30ru0rvmyv.jpg?KID=imgbed,tva&Expires=1674057592&ssig=I5WsNhjM9M", "light_ring": false, "cover_image_phone": "https://ww1.sinaimg.cn/crop.0.0.640.640.640/549d0121tw1egm1kjly3jj20hs0hsq4f.jpg", "profile_url": "u/5458415636", "domain": "", "weihao": "", "gender": "m", "followers_count": 74, "followers_count_str": "74", "friends_count": 115, "pagefriends_count": 7, "statuses_count": 148, "video_status_count": 0, "video_play_count": 0, "super_topic_not_syn_count": 0, "favourites_count": 1, "created_at": "Sun Feb 08 22:58:19 +0800 2015", "following": false, "allow_all_act_msg": false, "geo_enabled": true, "verified": false, "verified_type": -1, "remark": "", "insecurity": {"sexual_content": false}, "ptype": 0, "allow_all_comment": false, "avatar_large": "https://tvax1.sinaimg.cn/crop.0.0.1002.1002.180/005XoXfSly8gr558thtzqj30ru0rvmyv.jpg?KID=imgbed,tva&Expires=1674057592&ssig=rlUVuZ79GN", "avatar_hd": "https://tvax1.sinaimg.cn/crop.0.0.1002.1002.1024/005XoXfSly8gr558thtzqj30ru0rvmyv.jpg?KID=imgbed,tva&Expires=1674057592&ssig=GHxxHCWraa", "verified_reason": "", "verified_trade": "", "verified_reason_url": "", "verified_source": "", "verified_source_url": "", "follow_me": false, "like": false, "like_me": false, "online_status": 0, "bi_followers_count": 1, "lang": "zh-cn", "star": 0, "mbtype": 0, "mbrank": 0, "svip": 0, "mb_expire_time": 0, "block_word": 0, "block_app": 0, "chaohua_ability": 0, "brand_ability": 0, "nft_ability": 0, "vplus_ability": 0, "wenda_ability": 0, "live_ability": 0, "gongyi_ability": 0, "paycolumn_ability": 0, "newbrand_ability": 0, "ecommerce_ability": 0, "hardfan_ability": 0, "wbcolumn_ability": 0, "credit_score": 80, "user_ability": 2359296, "urank": 4, "story_read_state": -1, "vclub_member": 0, "is_teenager": 0, "is_guardian": 0, "is_teenager_list": 0, "pc_new": 0, "special_follow": false, "planet_video": 0, "video_mark": 0, "live_status": 0, "user_ability_extend": 0, "status_total_counter": {"total_cnt": 585, "repost_cnt": 27, "comment_cnt": 19, "like_cnt": 433, "comment_like_cnt": 106}, "video_total_counter": {"play_cnt": -1}, "brand_account": 0, "hongbaofei": 0, "tab_manage": "[0, 0]", "reward_status": 0, "green_mode": 0, "urisk": 524288, "unfollowing_recom_switch": 1, "avatar_type": 0}, "mid": "4846881324666329", "idstr": "4846881324666329", "status": {"visible": {"type": 0, "list_id": 0}, "created_at": "Wed Dec 14 22:34:32 +0800 2022", "id": 4846707055275082, "idstr": "4846707055275082", "mid": "4846707055275082", "edit_count": 1, "can_edit": false, "edit_at": "Wed Dec 14 22:56:23 +0800 2022", "version": 3, "show_additional_indication": 0, "text": "之前就有大V在问张朝阳什么时候阳？\n现在张朝阳也阳了！\n\n我最诧异的是 竟然没打疫苗？\n不要囤药，几片就够…\n#张朝阳呼吁不要囤退烧药# ​", "textLength": 127, "source_allowclick": 0, "source_type": 2, "source": "<a href=\"http://weibo.com/\" rel=\"nofollow\">iPhone 13 Pro Max</a>", "favorited": false, "truncated": false, "in_reply_to_status_id": "", "in_reply_to_user_id": "", "in_reply_to_screen_name": "", "pic_urls": [{"thumbnail_pic": "http://wx2.sinaimg.cn/thumbnail/66decaabgy1h93pq5vmivj20uj0vw0vt.jpg"}], "thumbnail_pic": "http://wx2.sinaimg.cn/thumbnail/66decaabgy1h93pq5vmivj20uj0vw0vt.jpg", "bmiddle_pic": "http://wx2.sinaimg.cn/bmiddle/66decaabgy1h93pq5vmivj20uj0vw0vt.jpg", "original_pic": "http://wx2.sinaimg.cn/large/66decaabgy1h93pq5vmivj20uj0vw0vt.jpg", "geo": null, "is_paid": false, "mblog_vip_type": 0, "user": {"id": 1725876907, "idstr": "1725876907", "class": 1, "screen_name": "深圳张逸轩", "name": "深圳张逸轩", "province": "44", "city": "3", "location": "广东 深圳", "description": "央视财经特约评论员，自由投资人；情感博主！仅分享行业观点，不荐个股！不会主动联系任何人；谨防受骗！商务活动相关邀约 微博私信联系！", "url": "", "profile_image_url": "https://tvax3.sinaimg.cn/crop.0.0.1080.1080.50/66decaably8h68uzic4jvj20u00u0abk.jpg?KID=imgbed,tva&Expires=1674057592&ssig=coQjCzkXUt", "light_ring": false, "cover_image": "https://wx1.sinaimg.cn/crop.0.0.920.300/66decaabgy1gquue0h3qrj20pk08cduc.jpg", "cover_image_phone": "https://ww4.sinaimg.cn/crop.0.0.640.640.640/4be1438djw1ez1qyti7q1j20hs0hsjuz.jpg;https://wx3.sinaimg.cn/crop.0.0.640.640.640/001SNBqjgy1guonlyle8kj60yi0yiwk702.jpg;https://wx4.sinaimg.cn/crop.0.0.640.640.640/001SNBqjgy1gu54qgdiqnj60yi0yi0uy02.jpg;https://wx2.sinaimg.cn/crop.0.0.640.640.640/001SNBqjgy1gtvu3g0tsvj60yi0yi78d02.jpg;https://wx2.sinaimg.cn/crop.0.0.640.640.640/001SNBqjgy1gu54vl0e9fj60yi0yi43i02.jpg;https://wx3.sinaimg.cn/crop.0.0.640.640.640/001SNBqjgy1gu54unvzl6j60yi0yiq6o02.jpg;https://wx1.sinaimg.cn/crop.0.0.640.640.640/66decaabgy1h64sl4r7cmj20cb0cbq3k.jpg", "profile_url": "fnsg", "domain": "fnsg", "weihao": "206000534", "gender": "m", "followers_count": 1447615, "followers_count_str": "144.8万", "friends_count": 605, "pagefriends_count": 4, "statuses_count": 39782, "video_status_count": 193, "video_play_count": 0, "super_topic_not_syn_count": 5, "favourites_count": 49, "created_at": "Tue Apr 06 20:55:53 +0800 2010", "following": false, "allow_all_act_msg": false, "geo_enabled": false, "verified": true, "verified_type": 0, "remark": "", "insecurity": {"sexual_content": false}, "ptype": 8, "allow_all_comment": true, "avatar_large": "https://tvax3.sinaimg.cn/crop.0.0.1080.1080.180/66decaably8h68uzic4jvj20u00u0abk.jpg?KID=imgbed,tva&Expires=1674057592&ssig=cz0v2ndQ2v", "avatar_hd": "https://tvax3.sinaimg.cn/crop.0.0.1080.1080.1024/66decaably8h68uzic4jvj20u00u0abk.jpg?KID=imgbed,tva&Expires=1674057592&ssig=CaC8nOxEDO", "verified_reason": "财经知识分享官  职业投资人  新浪仓石基金合作作者", "verified_trade": "2017", "verified_reason_url": "", "verified_source": "", "verified_source_url": "", "verified_state": 0, "verified_level": 3, "verified_type_ext": 1, "has_service_tel": false, "verified_reason_modified": "", "verified_contact_name": "", "verified_contact_email": "", "verified_contact_mobile": "", "follow_me": false, "like": false, "like_me": false, "online_status": 0, "bi_followers_count": 478, "lang": "zh-cn", "star": 0, "mbtype": 12, "mbrank": 9, "svip": 1, "mb_expire_time": 1675267200, "block_word": 0, "block_app": 1, "chaohua_ability": 0, "brand_ability": 0, "nft_ability": 11, "vplus_ability": 3, "wenda_ability": 0, "live_ability": 1, "gongyi_ability": 0, "paycolumn_ability": 1, "newbrand_ability": 0, "ecommerce_ability": 0, "hardfan_ability": 1, "wbcolumn_ability": 0, "ability_tags": "股票,宏观经济,股票分析,投资,理财师", "dianping": "stock", "credit_score": 80, "user_ability": -2136593892, "cardid": "star_1600", "avatargj_id": "gj_vip_011", "urank": 48, "story_read_state": -1, "verified_detail": {"custom": 1, "data": [{"key": 1, "sub_key": 0, "weight": 10, "desc": "财经知识分享官  职业投资人  新浪仓石基金合作作者", "timestamp": 0}]}, "vclub_member": 0, "is_teenager": 0, "is_guardian": 0, "is_teenager_list": 0, "pc_new": 6, "special_follow": false, "planet_video": 2, "video_mark": 15, "live_status": 0, "user_ability_extend": 1, "status_total_counter": {"total_cnt": 5476292, "repost_cnt": 879480, "comment_cnt": 990803, "like_cnt": 2398059, "comment_like_cnt": 1207950}, "video_total_counter": {"play_cnt": 42543326}, "brand_account": 0, "hongbaofei": 0, "tab_manage": "[4329440650, 0]", "reward_status": 0, "green_mode": 0, "urisk": 103616086024, "unfollowing_recom_switch": 1, "avatar_type": 0}, "annotations": [{"photo_sub_type": "0"}, {}, {"client_mblogid": "iPhone-D1B1FD88-392F-470F-A661-36E57DAD64BC"}, {"mapi_request": true}], "picStatus": "0:1", "reposts_count": 0, "comments_count": 0, "reprint_cmt_count": 0, "attitudes_count": 0, "pending_approval_count": 0, "isLongText": false, "reward_exhibition_type": 0, "hide_flag": 0, "mlevel": 0, "show_mlevel": 0, "biz_feature": 4294967300, "page_type": 64, "hasActionTypeCard": 0, "darwin_tags": [], "hot_weibo_tags": [], "text_tag_tips": [], "mblogtype": 0, "userType": 0, "more_info_type": 0, "cardid": "star_1600", "number_display_strategy": {"apply_scenario_flag": 3, "display_text_min_number": 1000000, "display_text": "100万+"}, "positive_recom_flag": 0, "content_auth": 0, "gif_ids": "", "is_show_bulletin": 2, "comment_manage_info": {"comment_permission_type": -1, "approval_comment_type": 0, "comment_sort_type": 0, "ai_play_picture_type": 0}, "pic_num": 1, "can_reprint": false, "new_comment_style": 0}, "reply_comment": {"created_at": "Wed Dec 14 22:37:15 +0800 2022", "id": 4846707739987871, "rootid": 4846707739987871, "rootidstr": "4846707739987871", "floor_number": 4, "text": "我也有点发烧了[允悲]", "disable_reply": 0, "restrictOperate": 0, "user": {"id": 6301513337, "idstr": "6301513337", "class": 1, "screen_name": "Leo2227", "name": "Leo2227", "province": "44", "city": "3", "location": "广东 深圳", "description": "", "url": "", "profile_image_url": "https://tvax1.sinaimg.cn/crop.0.0.1080.1080.50/006SsvtTly8h6higoyghgj30u00u040h.jpg?KID=imgbed,tva&Expires=1674057592&ssig=a1lOT6TI5Y", "light_ring": false, "cover_image_phone": "https://ww1.sinaimg.cn/crop.0.0.640.640.640/549d0121tw1egm1kjly3jj20hs0hsq4f.jpg", "profile_url": "u/6301513337", "domain": "", "weihao": "", "gender": "m", "followers_count": 7, "followers_count_str": "7", "friends_count": 6, "pagefriends_count": 0, "statuses_count": 24, "video_status_count": 0, "video_play_count": 0, "super_topic_not_syn_count": 0, "favourites_count": 0, "created_at": "Thu Jul 06 18:05:17 +0800 2017", "following": false, "allow_all_act_msg": false, "geo_enabled": true, "verified": false, "verified_type": -1, "remark": "", "insecurity": {"sexual_content": false}, "ptype": 0, "allow_all_comment": true, "avatar_large": "https://tvax1.sinaimg.cn/crop.0.0.1080.1080.180/006SsvtTly8h6higoyghgj30u00u040h.jpg?KID=imgbed,tva&Expires=1674057592&ssig=6v9CK06tyn", "avatar_hd": "https://tvax1.sinaimg.cn/crop.0.0.1080.1080.1024/006SsvtTly8h6higoyghgj30u00u040h.jpg?KID=imgbed,tva&Expires=1674057592&ssig=JuQqezK3Io", "verified_reason": "", "verified_trade": "", "verified_reason_url": "", "verified_source": "", "verified_source_url": "", "follow_me": false, "like": false, "like_me": false, "online_status": 0, "bi_followers_count": 0, "lang": "zh-cn", "star": 0, "mbtype": 0, "mbrank": 0, "svip": 0, "mb_expire_time": 0, "block_word": 0, "block_app": 0, "credit_score": 80, "user_ability": 0, "urank": 2, "story_read_state": -1, "vclub_member": 0, "is_teenager": 0, "is_guardian": 0, "is_teenager_list": 0, "pc_new": 0, "special_follow": false, "planet_video": 0, "video_mark": 0, "live_status": 0, "user_ability_extend": 0, "status_total_counter": {"total_cnt": 18, "repost_cnt": 1, "comment_cnt": 4, "like_cnt": 13, "comment_like_cnt": 0}, "video_total_counter": {"play_cnt": -1}, "brand_account": 0, "hongbaofei": 0, "tab_manage": "[0, 0]", "green_mode": 0, "urisk": 0, "unfollowing_recom_switch": 1, "block": 0, "block_me": 0, "avatar_type": 0}, "mid": "4846707739987871", "idstr": "4846707739987871", "match_ai_play_picture": false}, "reply_original_text": "这个是年龄小的 http://t.cn/A6KNkkr2", "readtimetype": "comment", "match_ai_play_picture": false}