{"created_at": "Thu Dec 15 07:55:17 +0800 2022", "id": 4846848173679134, "rootid": 4846707311381884, "rootidstr": "4846707311381884", "floor_number": 0, "text": "回复@青春有你2-李老八bug:那你去啊！越南泰国缅甸你去不了吗？", "disable_reply": 0, "restrictOperate": 0, "source_allowclick": 0, "source_type": 4, "source": "<a href=\"\" rel=\"nofollow\">来自陕西</a>", "user": {"id": 1789590854, "idstr": "1789590854", "class": 1, "screen_name": "陈蜀黍学摄影", "name": "陈蜀黍学摄影", "province": "61", "city": "1000", "location": "陕西", "description": "", "url": "", "profile_image_url": "https://tvax1.sinaimg.cn/crop.0.0.1328.1328.50/6aaafd46ly8frag6e9t3fj210w10w75e.jpg?KID=imgbed,tva&Expires=1674057592&ssig=9bbI%2BS%2ByLL", "light_ring": false, "cover_image_phone": "https://ww4.sinaimg.cn/crop.0.0.640.640.640/a1d3feabjw1ecat3p2p2qj20hs0hsmz4.jpg", "profile_url": "u/1789590854", "domain": "", "weihao": "", "gender": "m", "followers_count": 14, "followers_count_str": "14", "friends_count": 16, "pagefriends_count": 5, "statuses_count": 4, "video_status_count": 0, "video_play_count": 0, "super_topic_not_syn_count": 0, "favourites_count": 61, "created_at": "Thu Aug 15 15:02:54 +0800 2013", "following": false, "allow_all_act_msg": false, "geo_enabled": true, "verified": false, "verified_type": -1, "remark": "", "insecurity": {"sexual_content": false}, "ptype": 0, "allow_all_comment": true, "avatar_large": "https://tvax1.sinaimg.cn/crop.0.0.1328.1328.180/6aaafd46ly8frag6e9t3fj210w10w75e.jpg?KID=imgbed,tva&Expires=1674057592&ssig=p8sLczLr35", "avatar_hd": "https://tvax1.sinaimg.cn/crop.0.0.1328.1328.1024/6aaafd46ly8frag6e9t3fj210w10w75e.jpg?KID=imgbed,tva&Expires=1674057592&ssig=K94D30JhSX", "verified_reason": "", "verified_trade": "", "verified_reason_url": "", "verified_source": "", "verified_source_url": "", "follow_me": false, "like": false, "like_me": false, "online_status": 0, "bi_followers_count": 1, "lang": "zh-cn", "star": 0, "mbtype": 2, "mbrank": 4, "svip": 0, "mb_expire_time": 1536163199, "block_word": 0, "block_app": 0, "chaohua_ability": 0, "brand_ability": 0, "nft_ability": 0, "vplus_ability": 0, "wenda_ability": 0, "live_ability": 0, "gongyi_ability": 0, "paycolumn_ability": 0, "newbrand_ability": 0, "ecommerce_ability": 0, "hardfan_ability": 0, "wbcolumn_ability": 0, "credit_score": 80, "user_ability": 35651584, "cardid": "star_460", "avatargj_id": "gj_vip_028", "urank": 9, "story_read_state": -1, "vclub_member": 0, "is_teenager": 0, "is_guardian": 0, "is_teenager_list": 0, "pc_new": 0, "special_follow": false, "planet_video": 2, "video_mark": 12, "live_status": 0, "user_ability_extend": 0, "status_total_counter": {"total_cnt": 3, "repost_cnt": 0, "comment_cnt": 0, "like_cnt": 3, "comment_like_cnt": 0}, "video_total_counter": {"play_cnt": 133}, "brand_account": 0, "hongbaofei": 0, "tab_manage": "[0, 0]", "reward_status": 0, "green_mode": 0, "urisk": 0, "unfollowing_recom_switch": 1, "avatar_type": 0}, "mid": "4846848173679134", "idstr": "4846848173679134", "status": {"visible": {"type": 0, "list_id": 0}, "created_at": "Wed Dec 14 22:34:32 +0800 2022", "id": 4846707055275082, "idstr": "4846707055275082", "mid": "4846707055275082", "edit_count": 1, "can_edit": false, "edit_at": "Wed Dec 14 22:56:23 +0800 2022", "version": 3, "show_additional_indication": 0, "text": "之前就有大V在问张朝阳什么时候阳？\n现在张朝阳也阳了！\n\n我最诧异的是 竟然没打疫苗？\n不要囤药，几片就够…\n#张朝阳呼吁不要囤退烧药# ​", "textLength": 127, "source_allowclick": 0, "source_type": 2, "source": "<a href=\"http://weibo.com/\" rel=\"nofollow\">iPhone 13 Pro Max</a>", "favorited": false, "truncated": false, "in_reply_to_status_id": "", "in_reply_to_user_id": "", "in_reply_to_screen_name": "", "pic_urls": [{"thumbnail_pic": "http://wx2.sinaimg.cn/thumbnail/66decaabgy1h93pq5vmivj20uj0vw0vt.jpg"}], "thumbnail_pic": "http://wx2.sinaimg.cn/thumbnail/66decaabgy1h93pq5vmivj20uj0vw0vt.jpg", "bmiddle_pic": "http://wx2.sinaimg.cn/bmiddle/66decaabgy1h93pq5vmivj20uj0vw0vt.jpg", "original_pic": "http://wx2.sinaimg.cn/large/66decaabgy1h93pq5vmivj20uj0vw0vt.jpg", "geo": null, "is_paid": false, "mblog_vip_type": 0, "user": {"id": 1725876907, "idstr": "1725876907", "class": 1, "screen_name": "深圳张逸轩", "name": "深圳张逸轩", "province": "44", "city": "3", "location": "广东 深圳", "description": "央视财经特约评论员，自由投资人；情感博主！仅分享行业观点，不荐个股！不会主动联系任何人；谨防受骗！商务活动相关邀约 微博私信联系！", "url": "", "profile_image_url": "https://tvax3.sinaimg.cn/crop.0.0.1080.1080.50/66decaably8h68uzic4jvj20u00u0abk.jpg?KID=imgbed,tva&Expires=1674057592&ssig=coQjCzkXUt", "light_ring": false, "cover_image": "https://wx1.sinaimg.cn/crop.0.0.920.300/66decaabgy1gquue0h3qrj20pk08cduc.jpg", "cover_image_phone": "https://ww4.sinaimg.cn/crop.0.0.640.640.640/4be1438djw1ez1qyti7q1j20hs0hsjuz.jpg;https://wx3.sinaimg.cn/crop.0.0.640.640.640/001SNBqjgy1guonlyle8kj60yi0yiwk702.jpg;https://wx4.sinaimg.cn/crop.0.0.640.640.640/001SNBqjgy1gu54qgdiqnj60yi0yi0uy02.jpg;https://wx2.sinaimg.cn/crop.0.0.640.640.640/001SNBqjgy1gtvu3g0tsvj60yi0yi78d02.jpg;https://wx2.sinaimg.cn/crop.0.0.640.640.640/001SNBqjgy1gu54vl0e9fj60yi0yi43i02.jpg;https://wx3.sinaimg.cn/crop.0.0.640.640.640/001SNBqjgy1gu54unvzl6j60yi0yiq6o02.jpg;https://wx1.sinaimg.cn/crop.0.0.640.640.640/66decaabgy1h64sl4r7cmj20cb0cbq3k.jpg", "profile_url": "fnsg", "domain": "fnsg", "weihao": "206000534", "gender": "m", "followers_count": 1447615, "followers_count_str": "144.8万", "friends_count": 605, "pagefriends_count": 4, "statuses_count": 39782, "video_status_count": 193, "video_play_count": 0, "super_topic_not_syn_count": 5, "favourites_count": 49, "created_at": "Tue Apr 06 20:55:53 +0800 2010", "following": false, "allow_all_act_msg": false, "geo_enabled": false, "verified": true, "verified_type": 0, "remark": "", "insecurity": {"sexual_content": false}, "ptype": 8, "allow_all_comment": true, "avatar_large": "https://tvax3.sinaimg.cn/crop.0.0.1080.1080.180/66decaably8h68uzic4jvj20u00u0abk.jpg?KID=imgbed,tva&Expires=1674057592&ssig=cz0v2ndQ2v", "avatar_hd": "https://tvax3.sinaimg.cn/crop.0.0.1080.1080.1024/66decaably8h68uzic4jvj20u00u0abk.jpg?KID=imgbed,tva&Expires=1674057592&ssig=CaC8nOxEDO", "verified_reason": "财经知识分享官  职业投资人  新浪仓石基金合作作者", "verified_trade": "2017", "verified_reason_url": "", "verified_source": "", "verified_source_url": "", "verified_state": 0, "verified_level": 3, "verified_type_ext": 1, "has_service_tel": false, "verified_reason_modified": "", "verified_contact_name": "", "verified_contact_email": "", "verified_contact_mobile": "", "follow_me": false, "like": false, "like_me": false, "online_status": 0, "bi_followers_count": 478, "lang": "zh-cn", "star": 0, "mbtype": 12, "mbrank": 9, "svip": 1, "mb_expire_time": 1675267200, "block_word": 0, "block_app": 1, "chaohua_ability": 0, "brand_ability": 0, "nft_ability": 11, "vplus_ability": 3, "wenda_ability": 0, "live_ability": 1, "gongyi_ability": 0, "paycolumn_ability": 1, "newbrand_ability": 0, "ecommerce_ability": 0, "hardfan_ability": 1, "wbcolumn_ability": 0, "ability_tags": "股票,宏观经济,股票分析,投资,理财师", "dianping": "stock", "credit_score": 80, "user_ability": -2136593892, "cardid": "star_1600", "avatargj_id": "gj_vip_011", "urank": 48, "story_read_state": -1, "verified_detail": {"custom": 1, "data": [{"key": 1, "sub_key": 0, "weight": 10, "desc": "财经知识分享官  职业投资人  新浪仓石基金合作作者", "timestamp": 0}]}, "vclub_member": 0, "is_teenager": 0, "is_guardian": 0, "is_teenager_list": 0, "pc_new": 6, "special_follow": false, "planet_video": 2, "video_mark": 15, "live_status": 0, "user_ability_extend": 1, "status_total_counter": {"total_cnt": 5476292, "repost_cnt": 879480, "comment_cnt": 990803, "like_cnt": 2398059, "comment_like_cnt": 1207950}, "video_total_counter": {"play_cnt": 42543326}, "brand_account": 0, "hongbaofei": 0, "tab_manage": "[4329440650, 0]", "reward_status": 0, "green_mode": 0, "urisk": 103616086024, "unfollowing_recom_switch": 1, "avatar_type": 0}, "annotations": [{"photo_sub_type": "0"}, {}, {"client_mblogid": "iPhone-D1B1FD88-392F-470F-A661-36E57DAD64BC"}, {"mapi_request": true}], "picStatus": "0:1", "reposts_count": 0, "comments_count": 0, "reprint_cmt_count": 0, "attitudes_count": 0, "pending_approval_count": 0, "isLongText": false, "reward_exhibition_type": 0, "hide_flag": 0, "mlevel": 0, "show_mlevel": 0, "biz_feature": 4294967300, "page_type": 64, "hasActionTypeCard": 0, "darwin_tags": [], "hot_weibo_tags": [], "text_tag_tips": [], "mblogtype": 0, "userType": 0, "more_info_type": 0, "cardid": "star_1600", "number_display_strategy": {"apply_scenario_flag": 3, "display_text_min_number": 1000000, "display_text": "100万+"}, "positive_recom_flag": 0, "content_auth": 0, "gif_ids": "", "is_show_bulletin": 2, "comment_manage_info": {"comment_permission_type": -1, "approval_comment_type": 0, "comment_sort_type": 0, "ai_play_picture_type": 0}, "pic_num": 1, "can_reprint": false, "new_comment_style": 0}, "reply_comment": {"created_at": "Thu Dec 15 00:45:19 +0800 2022", "id": 4846739968496361, "rootid": 4846707311381884, "rootidstr": "4846707311381884", "floor_number": 0, "text": "回复@说走就走的潇洒:人家第五针都是奥密克戎ba4/5的了，", "disable_reply": 0, "restrictOperate": 0, "user": {"id": 2484003143, "idstr": "2484003143", "class": 1, "screen_name": "青春有你2-李老八bug", "name": "青春有你2-李老八bug", "province": "100", "city": "1000", "location": "其他", "description": "放弃完美，即刻行动", "url": "", "profile_image_url": "https://tvax1.sinaimg.cn/crop.0.0.48.48.50/940ee147ly8go7lwbh81ej201c01c3yb.jpg?KID=imgbed,tva&Expires=1674057592&ssig=d5KkL1185J", "light_ring": false, "cover_image_phone": "https://ww1.sinaimg.cn/crop.0.0.640.640.640/9d44112bjw1f1xl1c10tuj20hs0hs0tw.jpg", "profile_url": "u/2484003143", "domain": "", "weihao": "", "gender": "m", "followers_count": 3336, "followers_count_str": "3336", "friends_count": 1152, "pagefriends_count": 89, "statuses_count": 469, "video_status_count": 17, "video_play_count": 0, "super_topic_not_syn_count": 189, "favourites_count": 462, "created_at": "Tue Nov 22 00:21:56 +0800 2011", "following": false, "allow_all_act_msg": false, "geo_enabled": true, "verified": false, "verified_type": -1, "remark": "", "insecurity": {"sexual_content": false}, "ptype": 0, "allow_all_comment": true, "avatar_large": "https://tvax1.sinaimg.cn/crop.0.0.48.48.180/940ee147ly8go7lwbh81ej201c01c3yb.jpg?KID=imgbed,tva&Expires=1674057592&ssig=l8rTi5fk8p", "avatar_hd": "https://tvax1.sinaimg.cn/crop.0.0.48.48.1024/940ee147ly8go7lwbh81ej201c01c3yb.jpg?KID=imgbed,tva&Expires=1674057592&ssig=DZxkm8tyq7", "verified_reason": "", "verified_trade": "", "verified_reason_url": "", "verified_source": "", "verified_source_url": "", "follow_me": false, "like": false, "like_me": false, "online_status": 0, "bi_followers_count": 80, "lang": "zh-cn", "star": 0, "mbtype": 2, "mbrank": 3, "svip": 0, "mb_expire_time": 1644335999, "block_word": 0, "block_app": 0, "credit_score": 80, "user_ability": 36701184, "cardid": "star_005", "avatargj_id": "gj_vip_660", "urank": 27, "story_read_state": -1, "vclub_member": 0, "is_teenager": 0, "is_guardian": 0, "is_teenager_list": 0, "pc_new": 0, "special_follow": false, "planet_video": 0, "video_mark": 0, "live_status": 0, "user_ability_extend": 1, "status_total_counter": {"total_cnt": 2796, "repost_cnt": 944, "comment_cnt": 648, "like_cnt": 1189, "comment_like_cnt": 15}, "video_total_counter": {"play_cnt": 84}, "brand_account": 0, "hongbaofei": 0, "tab_manage": "[0, 0]", "green_mode": 0, "urisk": 17179869184, "unfollowing_recom_switch": 1, "block": 0, "block_me": 0, "avatar_type": 0}, "mid": "4846739968496361", "idstr": "4846739968496361", "match_ai_play_picture": false}, "reply_original_text": "那你去啊！越南泰国缅甸你去不了吗？", "readtimetype": "comment", "match_ai_play_picture": false}