{"mid": "1867571077", "uid": "Mj5SyBdXK", "name": "听中国", "time": "2022-12-11 15:11:00", "local": "", "iphone": "微博视频号", "context": "【#冯巩当选民革第十四届中央副主席#】据新华社消息，中国国民党革命委员会第十四次全国代表大会于12月10日在京闭幕。会议期间举行的中国国民党革命委员会第十四届中央委员会第一次全体会议选举产生了由48人组成的第十四届中央常务委员会，郑建邦当选主席，何报翔、刘家强、李惠东、田红旗、王红、冯巩、吴晶、欧阳泽华、谷振春、陈星莺当选副主席。@中国新闻网中国新闻网的微博视频", "comment_num": "0", "like_num": "7", "user": {"focus": "891", "fans": "577.1万", "tweet": "69410"}}