{"created_at": "Sat Nov 05 00:37:40 +0800 2022", "id": 4832242528160698, "rootid": 4832242528160698, "rootidstr": "4832242528160698", "floor_number": 1, "text": "我不懂防疫规定真的可以未经允许烧别人的东西嘛。这真的不离谱嘛。[泪][泪][泪]", "disable_reply": 0, "restrictOperate": 0, "source_allowclick": 0, "source_type": 4, "source": "<a href=\"\" rel=\"nofollow\">来自上海</a>", "user": {"id": 6690657750, "idstr": "6690657750", "class": 1, "screen_name": "文藝圈不知名王老師", "name": "文藝圈不知名王老師", "province": "33", "city": "1000", "location": "浙江", "description": "", "url": "", "profile_image_url": "https://tvax1.sinaimg.cn/crop.0.2.363.363.50/007iNjIGly8fv3ht5riw2j30dw0b8mx9.jpg?KID=imgbed,tva&Expires=1669662376&ssig=mUmFxfSg9Q", "light_ring": false, "cover_image_phone": "http://ww1.sinaimg.cn/crop.0.0.640.640.640/549d0121tw1egm1kjly3jj20hs0hsq4f.jpg", "profile_url": "u/6690657750", "domain": "", "weihao": "", "gender": "f", "followers_count": 4, "followers_count_str": "4", "friends_count": 66, "pagefriends_count": 6, "statuses_count": 197, "video_status_count": 0, "video_play_count": 0, "super_topic_not_syn_count": 0, "favourites_count": 0, "created_at": "Sun Sep 09 18:27:28 +0800 2018", "following": false, "allow_all_act_msg": false, "geo_enabled": true, "verified": false, "verified_type": -1, "remark": "", "insecurity": {"sexual_content": false}, "ptype": 0, "allow_all_comment": true, "avatar_large": "https://tvax1.sinaimg.cn/crop.0.2.363.363.180/007iNjIGly8fv3ht5riw2j30dw0b8mx9.jpg?KID=imgbed,tva&Expires=1669662376&ssig=aN9OEdOAUA", "avatar_hd": "https://tvax1.sinaimg.cn/crop.0.2.363.363.1024/007iNjIGly8fv3ht5riw2j30dw0b8mx9.jpg?KID=imgbed,tva&Expires=1669662376&ssig=TdxsUX%2BhHQ", "verified_reason": "", "verified_trade": "", "verified_reason_url": "", "verified_source": "", "verified_source_url": "", "follow_me": false, "like": false, "like_me": false, "online_status": 0, "bi_followers_count": 1, "lang": "zh-cn", "star": 0, "mbtype": 0, "mbrank": 0, "svip": 0, "mb_expire_time": 0, "block_word": 0, "block_app": 0, "chaohua_ability": 0, "brand_ability": 0, "nft_ability": 0, "vplus_ability": 0, "wenda_ability": 0, "live_ability": 0, "gongyi_ability": 0, "paycolumn_ability": 0, "newbrand_ability": 0, "ecommerce_ability": 0, "hardfan_ability": 0, "credit_score": 80, "user_ability": 2097152, "cardid": "star_11247_common", "avatargj_id": "gj_vip_375", "urank": 4, "story_read_state": -1, "vclub_member": 0, "is_teenager": 0, "is_guardian": 0, "is_teenager_list": 0, "pc_new": 0, "special_follow": false, "planet_video": 0, "video_mark": 0, "live_status": 0, "user_ability_extend": 0, "status_total_counter": {"total_cnt": 157, "repost_cnt": 18, "comment_cnt": 42, "like_cnt": 27, "comment_like_cnt": 70}, "video_total_counter": {"play_cnt": -1}, "brand_account": 0, "hongbaofei": 0, "tab_manage": "[0, 0]", "reward_status": 0, "green_mode": 0, "urisk": 34896609280, "avatar_type": 0}, "mid": "4832242528160698", "idstr": "4832242528160698", "status": {"visible": {"type": 0, "list_id": 0}, "created_at": "Sat Nov 05 00:31:38 +0800 2022", "id": 4832241010868958, "idstr": "4832241010868958", "mid": "4832241010868958", "can_edit": false, "version": 2, "show_additional_indication": 0, "text": "#呼和浩特星光a9# 一座没有温度的城市，愿逝者安息🙏 ​", "textLength": 51, "source_allowclick": 0, "source_type": 2, "source": "<a href=\"http://weibo.com/\" rel=\"nofollow\">iPhone客户端</a>", "favorited": false, "truncated": false, "in_reply_to_status_id": "", "in_reply_to_user_id": "", "in_reply_to_screen_name": "", "pic_urls": [{"thumbnail_pic": "http://wx4.sinaimg.cn/thumbnail/006FncOKly1h7tkaf5vruj30r90k6q73.jpg"}, {"thumbnail_pic": "http://wx4.sinaimg.cn/thumbnail/006FncOKly1h7tkafh5zaj30rh12cn4a.jpg"}, {"thumbnail_pic": "http://wx1.sinaimg.cn/thumbnail/006FncOKly1h7tkafsgemj30tk1n3ak3.jpg"}, {"thumbnail_pic": "http://wx2.sinaimg.cn/thumbnail/006FncOKly1h7tkaiua4rj30sa16zq6g.jpg"}], "thumbnail_pic": "http://wx4.sinaimg.cn/thumbnail/006FncOKly1h7tkaf5vruj30r90k6q73.jpg", "bmiddle_pic": "http://wx4.sinaimg.cn/bmiddle/006FncOKly1h7tkaf5vruj30r90k6q73.jpg", "original_pic": "http://wx4.sinaimg.cn/large/006FncOKly1h7tkaf5vruj30r90k6q73.jpg", "geo": null, "is_paid": false, "mblog_vip_type": 0, "user": {"id": 6108157586, "idstr": "6108157586", "class": 1, "screen_name": "毕诗勇", "name": "毕诗勇", "province": "15", "city": "4", "location": "内蒙古 赤峰", "description": "养一身正气，震四方邪念！", "url": "", "profile_image_url": "https://tvax4.sinaimg.cn/crop.0.0.512.512.50/006FncOKly8gx41an5iqmj30e80e80ti.jpg?KID=imgbed,tva&Expires=1669662376&ssig=NJo8YnTKpa", "light_ring": false, "cover_image_phone": "http://ww2.sinaimg.cn/crop.0.0.640.640.640/68f96449jw1ergqx79rw4j20hs0hswh0.jpg", "profile_url": "u/6108157586", "domain": "", "weihao": "", "gender": "m", "followers_count": 125, "followers_count_str": "125", "friends_count": 24, "pagefriends_count": 3, "statuses_count": 13, "video_status_count": 0, "video_play_count": 0, "super_topic_not_syn_count": 0, "favourites_count": 0, "created_at": "Thu Jan 19 11:13:59 +0800 2017", "following": false, "allow_all_act_msg": false, "geo_enabled": true, "verified": false, "verified_type": -1, "remark": "", "insecurity": {"sexual_content": false}, "ptype": 0, "allow_all_comment": true, "avatar_large": "https://tvax4.sinaimg.cn/crop.0.0.512.512.180/006FncOKly8gx41an5iqmj30e80e80ti.jpg?KID=imgbed,tva&Expires=1669662376&ssig=5uuBt9wxNX", "avatar_hd": "https://tvax4.sinaimg.cn/crop.0.0.512.512.1024/006FncOKly8gx41an5iqmj30e80e80ti.jpg?KID=imgbed,tva&Expires=1669662376&ssig=rNCTTWaXYv", "verified_reason": "", "verified_trade": "", "verified_reason_url": "", "verified_source": "", "verified_source_url": "", "follow_me": false, "like": false, "like_me": false, "online_status": 0, "bi_followers_count": 15, "lang": "zh-cn", "star": 0, "mbtype": 2, "mbrank": 1, "svip": 0, "mb_expire_time": 0, "block_word": 0, "block_app": 0, "chaohua_ability": 0, "brand_ability": 0, "nft_ability": 0, "vplus_ability": 0, "wenda_ability": 0, "live_ability": 0, "gongyi_ability": 0, "paycolumn_ability": 0, "newbrand_ability": 0, "ecommerce_ability": 0, "hardfan_ability": 0, "credit_score": 80, "user_ability": 2359296, "urank": 9, "story_read_state": -1, "vclub_member": 0, "is_teenager": 0, "is_guardian": 0, "is_teenager_list": 0, "pc_new": 0, "special_follow": false, "planet_video": 0, "video_mark": 0, "live_status": 0, "user_ability_extend": 0, "status_total_counter": {"total_cnt": 67, "repost_cnt": 5, "comment_cnt": 7, "like_cnt": 54, "comment_like_cnt": 1}, "video_total_counter": {"play_cnt": -1}, "brand_account": 0, "hongbaofei": 0, "tab_manage": "[0, 0]", "reward_status": 0, "green_mode": 0, "urisk": 0, "avatar_type": 0}, "annotations": [{"photo_sub_type": "0,0,0,0"}, {}, {"client_mblogid": "iPhone-5C874DD3-4E3E-4F5F-8E03-61514202B302"}, {"mapi_request": true}], "picStatus": "0:1,1:1,2:1,3:1", "reposts_count": 0, "comments_count": 0, "reprint_cmt_count": 0, "attitudes_count": 0, "pending_approval_count": 0, "isLongText": false, "reward_exhibition_type": 0, "hide_flag": 0, "mlevel": 128, "show_mlevel": 0, "biz_feature": 4294967300, "page_type": 64, "hasActionTypeCard": 0, "darwin_tags": [], "hot_weibo_tags": [], "text_tag_tips": [], "mblogtype": 0, "userType": 0, "extend_info": {"from_same_city": true}, "mlevelSource": "monitor", "more_info_type": 0, "number_display_strategy": {"apply_scenario_flag": 3, "display_text_min_number": 1000000, "display_text": "100万+"}, "positive_recom_flag": 0, "content_auth": 0, "gif_ids": "", "is_show_bulletin": 2, "comment_manage_info": {"comment_permission_type": -1, "approval_comment_type": 0, "comment_sort_type": 0, "ai_play_picture_type": 0}, "pic_num": 4, "can_reprint": false, "new_comment_style": 0}, "readtimetype": "comment", "comment_dynamic_message": {"id": "0", "start_color": "#00FFFFFF", "end_color": "#1AFFFFFF", "start_color_dark": "#003A3A3A", "end_color_dark": "#333A3A3A", "name": {"zh_CN": "默认", "zh_HK": "默認", "en_US": "default"}, "scheme": "https://new.vip.weibo.cn/bubble/mall?showmenu=0&decorateId=0&uid=6690657750", "allow_vip_box_content": "用此评论气泡", "allow_vip_box_icon": "https://h5.sinaimg.cn/upload/100/1720/2022/08/08/icon_VIP_for_comment_bubble.png"}, "match_ai_play_picture": false}