{"created_at": "Thu Dec 22 13:22:50 +0800 2022", "id": 4849467319388769, "rootid": 4849467319388769, "rootidstr": "4849467319388769", "floor_number": 11, "text": "阿根廷临门一脚，唉，错失良机啊", "disable_reply": 0, "restrictOperate": 0, "source_allowclick": 0, "source_type": 4, "source": "<a href=\"\" rel=\"nofollow\">来自江苏</a>", "comment_badge": [{"pic_url": "https://h5.sinaimg.cn/upload/114/962/2022/07/08/member_0_bigfan1_3.png", "name": "loyal_fans", "length": 1.33, "actionlog": {"act_code": "3671", "ext": "status:fans"}, "scheme": "https://kefu.weibo.com/faqdetail?id=20848", "new_icon": true}], "user": {"id": 6052902529, "idstr": "6052902529", "class": 1, "screen_name": "X约定LLL", "name": "X约定LLL", "province": "32", "city": "1000", "location": "江苏", "description": "散兵游勇 / 别舔了", "url": "", "profile_image_url": "https://tvax2.sinaimg.cn/crop.0.0.664.664.50/006BDms9ly8g0jng4g9iqj30ig0igwf7.jpg?KID=imgbed,tva&Expires=1674045066&ssig=MHQoe%2B22o1", "light_ring": false, "cover_image_phone": "https://ww1.sinaimg.cn/crop.0.0.640.640.640/549d0121tw1egm1kjly3jj20hs0hsq4f.jpg", "profile_url": "u/6052902529", "domain": "", "weihao": "", "gender": "m", "followers_count": 82, "followers_count_str": "82", "friends_count": 66, "pagefriends_count": 8, "statuses_count": 2163, "video_status_count": 24, "video_play_count": 0, "super_topic_not_syn_count": 5, "favourites_count": 2, "created_at": "Wed Oct 26 15:33:12 +0800 2016", "following": false, "allow_all_act_msg": false, "geo_enabled": true, "verified": false, "verified_type": -1, "remark": "", "insecurity": {"sexual_content": false}, "ptype": 0, "allow_all_comment": true, "avatar_large": "https://tvax2.sinaimg.cn/crop.0.0.664.664.180/006BDms9ly8g0jng4g9iqj30ig0igwf7.jpg?KID=imgbed,tva&Expires=1674045066&ssig=UKhNBwQyBU", "avatar_hd": "https://tvax2.sinaimg.cn/crop.0.0.664.664.1024/006BDms9ly8g0jng4g9iqj30ig0igwf7.jpg?KID=imgbed,tva&Expires=1674045066&ssig=lbGX6Nnbus", "verified_reason": "", "verified_trade": "", "verified_reason_url": "", "verified_source": "", "verified_source_url": "", "follow_me": false, "like": false, "like_me": false, "online_status": 0, "bi_followers_count": 6, "lang": "zh-cn", "star": 0, "mbtype": 2, "mbrank": 2, "svip": 0, "mb_expire_time": 1673279999, "block_word": 0, "block_app": 0, "chaohua_ability": 0, "brand_ability": 0, "nft_ability": 0, "vplus_ability": 0, "wenda_ability": 0, "live_ability": 0, "gongyi_ability": 0, "paycolumn_ability": 0, "newbrand_ability": 0, "ecommerce_ability": 0, "hardfan_ability": 0, "wbcolumn_ability": 0, "credit_score": 80, "user_ability": 2359296, "cardid": "star_1636", "avatargj_id": "gj_vip_476", "urank": 9, "story_read_state": -1, "vclub_member": 0, "is_teenager": 0, "is_guardian": 0, "is_teenager_list": 0, "pc_new": 0, "special_follow": false, "planet_video": 2, "video_mark": 14, "live_status": 0, "user_ability_extend": 0, "video_cover": {"mid": 4831116676568422}, "status_total_counter": {"total_cnt": 5690, "repost_cnt": 56, "comment_cnt": 960, "like_cnt": 3094, "comment_like_cnt": 1580}, "video_total_counter": {"play_cnt": 1438}, "brand_account": 0, "hongbaofei": 0, "tab_manage": "[0, 0]", "reward_status": 0, "green_mode": 0, "urisk": 17179869184, "unfollowing_recom_switch": 1, "avatar_type": 0}, "mid": "4849467319388769", "idstr": "4849467319388769", "status": {"visible": {"type": 0, "list_id": 0}, "created_at": "Thu Dec 22 13:12:18 +0800 2022", "id": 4849464667281951, "idstr": "4849464667281951", "mid": "4849464667281951", "can_edit": false, "version": 5, "show_additional_indication": 0, "text": "#阿根廷vs法国# 加时赛第105分钟 \n\n#世界杯##微博vc计划# http://t.cn/A6KHW74v ​", "textLength": 74, "source_allowclick": 1, "source_type": 2, "source": "<a href=\"http://weibo.com/\" rel=\"nofollow\">HarmonyOS设备</a>", "favorited": false, "truncated": false, "in_reply_to_status_id": "", "in_reply_to_user_id": "", "in_reply_to_screen_name": "", "pic_urls": [], "geo": null, "is_paid": false, "mblog_vip_type": 0, "user": {"id": 2891416631, "idstr": "2891416631", "class": 1, "screen_name": "matemia", "name": "matemia", "province": "400", "city": "1", "location": "海外 美国", "description": "体育博主 🇦🇷⭐⭐⭐", "url": "", "profile_image_url": "https://tvax2.sinaimg.cn/crop.0.0.334.334.50/ac578437ly8h1b0mstekyj209a09awel.jpg?KID=imgbed,tva&Expires=1674045066&ssig=Vo4odq1fh7", "light_ring": false, "cover_image_phone": "https://ww1.sinaimg.cn/crop.0.0.640.640.640/549d0121tw1egm1kjly3jj20hs0hsq4f.jpg", "profile_url": "u/2891416631", "domain": "", "weihao": "", "gender": "f", "followers_count": 0, "followers_count_str": "0", "friends_count": 19, "pagefriends_count": 19, "statuses_count": 0, "video_status_count": 1418, "video_play_count": 0, "super_topic_not_syn_count": 138, "favourites_count": 6, "created_at": "Wed May 08 19:20:49 +0800 2013", "following": false, "allow_all_act_msg": false, "geo_enabled": true, "verified": true, "verified_type": 0, "remark": "", "insecurity": {"sexual_content": false}, "ptype": 0, "allow_all_comment": false, "avatar_large": "https://tvax2.sinaimg.cn/crop.0.0.334.334.180/ac578437ly8h1b0mstekyj209a09awel.jpg?KID=imgbed,tva&Expires=1674045066&ssig=VkoKckIyxd", "avatar_hd": "https://tvax2.sinaimg.cn/crop.0.0.334.334.1024/ac578437ly8h1b0mstekyj209a09awel.jpg?KID=imgbed,tva&Expires=1674045066&ssig=rMwqDj9hYQ", "verified_reason": "超话主持人（阿根廷队超话）", "verified_trade": "", "verified_reason_url": "", "verified_source": "", "verified_source_url": "", "verified_state": 0, "verified_level": 3, "verified_type_ext": 1, "has_service_tel": false, "verified_reason_modified": "", "verified_contact_name": "", "verified_contact_email": "", "verified_contact_mobile": "", "follow_me": false, "like": false, "like_me": false, "online_status": 0, "bi_followers_count": 6, "lang": "zh-cn", "star": 0, "mbtype": 11, "mbrank": 1, "svip": 0, "mb_expire_time": 1675785600, "block_word": 0, "block_app": 1, "chaohua_ability": 0, "brand_ability": 0, "nft_ability": 11, "vplus_ability": 0, "wenda_ability": 0, "live_ability": 0, "gongyi_ability": 0, "paycolumn_ability": 0, "newbrand_ability": 0, "ecommerce_ability": 0, "hardfan_ability": 0, "wbcolumn_ability": 0, "credit_score": 80, "user_ability": -2136733176, "cardid": "star_1637", "avatargj_id": "gj_vip_786", "urank": 38, "story_read_state": -1, "verified_detail": {"custom": 0, "data": [{"key": 8, "sub_key": 0, "weight": 102, "desc": "超话主持人（阿根廷队超话）", "timestamp": 0}]}, "vclub_member": 0, "is_teenager": 0, "is_guardian": 0, "is_teenager_list": 0, "pc_new": 7, "special_follow": false, "planet_video": 2, "video_mark": 15, "live_status": 0, "user_ability_extend": 0, "status_total_counter": {"total_cnt": 1006339, "repost_cnt": 35503, "comment_cnt": 103491, "like_cnt": 458350, "comment_like_cnt": 408995}, "video_total_counter": {"play_cnt": 26710334}, "brand_account": 0, "hongbaofei": 0, "tab_manage": "[0, 0]", "reward_status": 0, "green_mode": 0, "urisk": 549755813888, "unfollowing_recom_switch": 1, "avatar_type": 0}, "annotations": [{}, {}, {"super_exparams": "{\"system_pic_only\":0}"}, {"client_mblogid": "73e0d0b7-ec44-4606-8736-01781fdd2bbb"}, {"mapi_request": true}], "reposts_count": 0, "comments_count": 0, "reprint_cmt_count": 0, "attitudes_count": 0, "pending_approval_count": 0, "isLongText": false, "reward_exhibition_type": 0, "hide_flag": 0, "mlevel": 0, "show_mlevel": 0, "biz_ids": [230444], "biz_feature": 4294967304, "topic_id": "1022:100808f21090a44248e40bcf8a43fa57d556e7", "sync_mblog": true, "is_imported_topic": false, "page_type": 64, "hasActionTypeCard": 0, "darwin_tags": [], "hot_weibo_tags": [], "text_tag_tips": [], "mblogtype": 0, "userType": 0, "extend_info": {"shopwindow_card": {"adId": "ad_6378d7f82f11d", "keywords": "#世界杯#", "level": "8", "short_url": "http://t.cn/A6KZIHjX"}}, "more_info_type": 0, "cardid": "star_1637", "number_display_strategy": {"apply_scenario_flag": 3, "display_text_min_number": 1000000, "display_text": "100万+"}, "positive_recom_flag": 0, "content_auth": 0, "gif_ids": "", "is_show_bulletin": 2, "comment_manage_info": {"comment_permission_type": -1, "approval_comment_type": 0, "comment_sort_type": 0, "ai_play_picture_type": 0}, "pic_num": 0, "fid": 4849464563990573, "can_reprint": false, "new_comment_style": 0}, "readtimetype": "comment", "match_ai_play_picture": false}