{"created_at": "Thu Dec 15 00:22:35 +0800 2022", "id": 4846734246677393, "rootid": 4846727558073744, "rootidstr": "4846727558073744", "floor_number": 0, "text": "回复@未知的遇见改变未知的命运_350:反正我阳了非常难受，没食欲两顿饭没吃加上高烧直接烧断片了，晕在家里。晚上没布洛芬都睡不着觉。[泪]头痛眼睛疼，狂流眼泪。（晕倒了后出了满身汗，衣服都打湿了，温度一下子下降到36℃现在没发烧舒服点了。）", "disable_reply": 0, "restrictOperate": 0, "source_allowclick": 0, "source_type": 4, "source": "<a href=\"\" rel=\"nofollow\">来自四川</a>", "user": {"id": 7318454648, "idstr": "7318454648", "class": 1, "screen_name": "喜欢萌萌的狗子", "name": "喜欢萌萌的狗子", "province": "50", "city": "1000", "location": "重庆", "description": "只是用来开心和娱乐", "url": "", "profile_image_url": "https://tvax1.sinaimg.cn/crop.0.0.996.996.50/007Zhun6ly8gfaukd8u60j30ro0roq53.jpg?KID=imgbed,tva&Expires=1674044821&ssig=q5jqjea9mb", "light_ring": false, "cover_image_phone": "https://ww1.sinaimg.cn/crop.0.0.640.640.640/549d0121tw1egm1kjly3jj20hs0hsq4f.jpg", "profile_url": "u/7318454648", "domain": "", "weihao": "", "gender": "f", "followers_count": 2, "followers_count_str": "2", "friends_count": 19, "pagefriends_count": 3, "statuses_count": 1, "video_status_count": 0, "video_play_count": 0, "super_topic_not_syn_count": 6, "favourites_count": 0, "created_at": "Sat Oct 12 22:35:54 +0800 2019", "following": false, "allow_all_act_msg": false, "geo_enabled": true, "verified": false, "verified_type": -1, "remark": "", "insecurity": {"sexual_content": false}, "ptype": 0, "allow_all_comment": false, "avatar_large": "https://tvax1.sinaimg.cn/crop.0.0.996.996.180/007Zhun6ly8gfaukd8u60j30ro0roq53.jpg?KID=imgbed,tva&Expires=1674044821&ssig=zjP37azsuR", "avatar_hd": "https://tvax1.sinaimg.cn/crop.0.0.996.996.1024/007Zhun6ly8gfaukd8u60j30ro0roq53.jpg?KID=imgbed,tva&Expires=1674044821&ssig=A7vNt5jlqa", "verified_reason": "", "verified_trade": "", "verified_reason_url": "", "verified_source": "", "verified_source_url": "", "follow_me": false, "like": false, "like_me": false, "online_status": 0, "bi_followers_count": 1, "lang": "zh-cn", "star": 0, "mbtype": 0, "mbrank": 0, "svip": 0, "mb_expire_time": 0, "block_word": 0, "block_app": 0, "chaohua_ability": 0, "brand_ability": 0, "nft_ability": 0, "vplus_ability": 0, "wenda_ability": 0, "live_ability": 0, "gongyi_ability": 0, "paycolumn_ability": 0, "newbrand_ability": 0, "ecommerce_ability": 0, "hardfan_ability": 0, "wbcolumn_ability": 0, "credit_score": 80, "user_ability": 2097152, "urank": 0, "story_read_state": -1, "vclub_member": 0, "is_teenager": 0, "is_guardian": 0, "is_teenager_list": 0, "pc_new": 0, "special_follow": false, "planet_video": 0, "video_mark": 0, "live_status": 0, "user_ability_extend": 0, "status_total_counter": {"total_cnt": 0, "repost_cnt": 0, "comment_cnt": 0, "like_cnt": 0, "comment_like_cnt": 0}, "video_total_counter": {"play_cnt": -1}, "brand_account": 0, "hongbaofei": 0, "tab_manage": "[0, 0]", "reward_status": 0, "green_mode": 0, "urisk": 524288, "unfollowing_recom_switch": 1, "avatar_type": 0}, "mid": "4846734246677393", "idstr": "4846734246677393", "status": {"visible": {"type": 0, "list_id": 0}, "created_at": "Wed Dec 14 23:49:01 +0800 2022", "id": 4846725799872561, "idstr": "4846725799872561", "mid": "4846725799872561", "can_edit": false, "version": 1, "show_additional_indication": 0, "text": "#体操冠军杨威确诊新冠高烧40度#\n我在夏天的时候，写过多少奥密克戎在国外共存区肆虐的样子，夏天的时候就说了Ba.5高烧多，但一直被攻击是贩卖恐慌。\n\n放开后，不用我贩卖了，群体性的开始发烧。一个城市开始发烧。运动员发烧到40°。\n\n我就问，当初攻击我贩卖恐慌的人，能不能跟我道个歉？\n\n我说粑粑是 ​", "textLength": 304, "source_allowclick": 1, "source_type": 2, "source": "", "favorited": false, "truncated": false, "in_reply_to_status_id": "", "in_reply_to_user_id": "", "in_reply_to_screen_name": "", "pic_urls": [], "geo": null, "is_paid": false, "mblog_vip_type": 0, "user": {"id": 5673874565, "idstr": "5673874565", "class": 1, "screen_name": "林步里", "name": "林步里", "province": "100", "city": "1000", "location": "其他", "description": "普通网友。", "url": "", "profile_image_url": "https://tvax1.sinaimg.cn/crop.0.0.1059.1059.50/006bYZXTly8h9njmzhx15j30tf0tgju9.jpg?KID=imgbed,tva&Expires=1674044821&ssig=iTIGIuaQkx", "light_ring": false, "cover_image_phone": "https://ww1.sinaimg.cn/crop.0.0.640.640.640/549d0121tw1egm1kjly3jj20hs0hsq4f.jpg", "profile_url": "u/5673874565", "domain": "", "weihao": "", "gender": "f", "followers_count": 21147, "followers_count_str": "2.1万", "friends_count": 94, "pagefriends_count": 3, "statuses_count": 760, "video_status_count": 9, "video_play_count": 0, "super_topic_not_syn_count": 0, "favourites_count": 2, "created_at": "Tue Aug 11 13:18:55 +0800 2015", "following": false, "allow_all_act_msg": false, "geo_enabled": true, "verified": false, "verified_type": -1, "remark": "", "insecurity": {"sexual_content": false}, "ptype": 0, "allow_all_comment": true, "avatar_large": "https://tvax1.sinaimg.cn/crop.0.0.1059.1059.180/006bYZXTly8h9njmzhx15j30tf0tgju9.jpg?KID=imgbed,tva&Expires=1674044821&ssig=l%2FDUEIKHP1", "avatar_hd": "https://tvax1.sinaimg.cn/crop.0.0.1059.1059.1024/006bYZXTly8h9njmzhx15j30tf0tgju9.jpg?KID=imgbed,tva&Expires=1674044821&ssig=dDfFmBmIyG", "verified_reason": "", "verified_trade": "", "verified_reason_url": "", "verified_source": "", "verified_source_url": "", "follow_me": false, "like": false, "like_me": false, "online_status": 0, "bi_followers_count": 27, "lang": "zh-cn", "star": 0, "mbtype": 11, "mbrank": 2, "svip": 0, "mb_expire_time": 1675526400, "block_word": 0, "block_app": 1, "chaohua_ability": 0, "brand_ability": 0, "nft_ability": 0, "vplus_ability": 0, "wenda_ability": 0, "live_ability": 0, "gongyi_ability": 0, "paycolumn_ability": 0, "newbrand_ability": 0, "ecommerce_ability": 0, "hardfan_ability": 0, "wbcolumn_ability": 0, "credit_score": 80, "user_ability": -2145122808, "urank": 9, "story_read_state": -1, "vclub_member": 0, "is_teenager": 0, "is_guardian": 0, "is_teenager_list": 0, "pc_new": 0, "special_follow": false, "planet_video": 2, "video_mark": 0, "live_status": 0, "user_ability_extend": 0, "status_total_counter": {"total_cnt": 691541, "repost_cnt": 80917, "comment_cnt": 57980, "like_cnt": 129096, "comment_like_cnt": 423548}, "video_total_counter": {"play_cnt": 1074430}, "brand_account": 0, "hongbaofei": 0, "tab_manage": "[0, 0]", "reward_status": 0, "green_mode": 0, "urisk": 0, "unfollowing_recom_switch": 1, "avatar_type": 0}, "annotations": [{"ann_ext": "ann_ext:search|t:4|q:#体操冠军杨威确诊新冠高烧40度#|creator_source:bottomsendweibo|super_exparams=>{\"system_pic_only\":0}"}, {"shooting": 1, "client_mblogid": "96a54dc8-c709-41db-9391-f2ad7474adc4"}, {"mapi_request": true}], "reposts_count": 0, "comments_count": 0, "reprint_cmt_count": 0, "attitudes_count": 0, "pending_approval_count": 0, "isLongText": true, "reward_exhibition_type": 0, "hide_flag": 0, "mlevel": 0, "show_mlevel": 0, "biz_feature": 0, "page_type": 64, "hasActionTypeCard": 0, "darwin_tags": [], "hot_weibo_tags": [], "text_tag_tips": [], "mblogtype": 0, "userType": 0, "more_info_type": 0, "number_display_strategy": {"apply_scenario_flag": 3, "display_text_min_number": 1000000, "display_text": "100万+"}, "positive_recom_flag": 0, "content_auth": 0, "gif_ids": "", "is_show_bulletin": 2, "comment_manage_info": {"comment_permission_type": -1, "approval_comment_type": 0, "comment_sort_type": 0, "ai_play_picture_type": 0}, "pic_num": 0, "can_reprint": false, "new_comment_style": 0}, "reply_comment": {"created_at": "Thu Dec 15 00:09:43 +0800 2022", "id": 4846731009723306, "rootid": 4846727558073744, "rootidstr": "4846727558073744", "floor_number": 0, "text": "回复@喜欢萌萌的狗子:感冒？？？？？普通感冒需要强布洛芬？", "disable_reply": 0, "restrictOperate": 0, "user": {"id": 5615861644, "idstr": "5615861644", "class": 1, "screen_name": "未知的遇见改变未知的命运_350", "name": "未知的遇见改变未知的命运_350", "province": "100", "city": "1000", "location": "其他", "description": "健康所系，性命相托👩🏻‍⚕️ 是葱宝努力的玉米", "url": "", "profile_image_url": "https://tva4.sinaimg.cn/crop.0.0.100.100.50/00683A9Cjw8esegcm4yrfj302s02s0sk.jpg?KID=imgbed,tva&Expires=1674044821&ssig=VLCCnpBJGw", "light_ring": false, "cover_image_phone": "https://ww1.sinaimg.cn/crop.0.0.640.640.640/549d0121tw1egm1kjly3jj20hs0hsq4f.jpg", "profile_url": "u/5615861644", "domain": "", "weihao": "", "gender": "f", "followers_count": 9, "followers_count_str": "9", "friends_count": 73, "pagefriends_count": 10, "statuses_count": 6, "video_status_count": 1, "video_play_count": 0, "super_topic_not_syn_count": 0, "favourites_count": 1, "created_at": "Sat May 23 20:20:40 +0800 2015", "following": false, "allow_all_act_msg": false, "geo_enabled": true, "verified": false, "verified_type": -1, "remark": "", "insecurity": {"sexual_content": false}, "ptype": 0, "allow_all_comment": true, "avatar_large": "https://tva4.sinaimg.cn/crop.0.0.100.100.180/00683A9Cjw8esegcm4yrfj302s02s0sk.jpg?KID=imgbed,tva&Expires=1674044821&ssig=s7Vv7Yp4jy", "avatar_hd": "https://tva4.sinaimg.cn/crop.0.0.100.100.1024/00683A9Cjw8esegcm4yrfj302s02s0sk.jpg?KID=imgbed,tva&Expires=1674044821&ssig=ySrWroHKSM", "verified_reason": "", "verified_trade": "", "verified_reason_url": "", "verified_source": "", "verified_source_url": "", "follow_me": false, "like": false, "like_me": false, "online_status": 0, "bi_followers_count": 3, "lang": "zh-cn", "star": 0, "mbtype": 0, "mbrank": 0, "svip": 0, "mb_expire_time": 0, "block_word": 0, "block_app": 0, "chaohua_ability": 0, "brand_ability": 0, "nft_ability": 0, "vplus_ability": 0, "wenda_ability": 0, "live_ability": 0, "gongyi_ability": 0, "paycolumn_ability": 0, "newbrand_ability": 0, "ecommerce_ability": 0, "hardfan_ability": 0, "wbcolumn_ability": 0, "credit_score": 80, "user_ability": 2359296, "urank": 4, "story_read_state": -1, "vclub_member": 0, "is_teenager": 0, "is_guardian": 0, "is_teenager_list": 0, "pc_new": 0, "special_follow": false, "planet_video": 2, "video_mark": 0, "live_status": 0, "user_ability_extend": 0, "status_total_counter": {"total_cnt": 17, "repost_cnt": 0, "comment_cnt": 2, "like_cnt": 14, "comment_like_cnt": 1}, "video_total_counter": {"play_cnt": 954}, "brand_account": 0, "hongbaofei": 0, "tab_manage": "[0, 0]", "reward_status": 0, "green_mode": 0, "urisk": 575525617664, "unfollowing_recom_switch": 1, "avatar_type": 0}, "mid": "4846731009723306", "idstr": "4846731009723306", "match_ai_play_picture": false}, "reply_original_text": "反正我阳了非常难受，没食欲两顿饭没吃加上高烧直接烧断片了，晕在家里。晚上没布洛芬都睡不着觉。[泪]头痛眼睛疼，狂流眼泪。（晕倒了后出了满身汗，衣服都打湿了，温度一下子下降到36℃现在没发烧舒服点了。）", "readtimetype": "comment", "match_ai_play_picture": false}