{"created_at": "Wed Jul 20 08:40:56 +0800 2022", "id": 4793226257500642, "rootid": 4793117222110594, "rootidstr": "4793117222110594", "floor_number": 0, "text": "回复@在下午2点45分仰望星空:博主被举报，是因为造谣式引流。想发旧消息，应该把事件发生的时间、地点、后续处理结果等完整地发出来，而不是掐头去尾地发。博主这条微博，让很多人误以为事件是刚刚发生，凶手还在逍遥法外。而且，博主还是个惯犯 http://t.cn/A6aH4EZG", "disable_reply": 0, "restrictOperate": 0, "source_allowclick": 0, "source_type": 4, "source": "<a href=\"\" rel=\"nofollow\">来自江苏</a>", "user": {"id": 2447378151, "idstr": "2447378151", "class": 1, "screen_name": "黑马奇", "name": "黑马奇", "province": "32", "city": "3", "location": "江苏 徐州", "description": "Cut off one head! two more will take this place!", "url": "", "profile_image_url": "https://tvax2.sinaimg.cn/crop.0.0.640.640.50/91e006e7ly8h8v3s3fprtj20hs0hsgmb.jpg?KID=imgbed,tva&Expires=1674068438&ssig=qiwvL4vFh6", "light_ring": false, "cover_image_phone": "https://ww1.sinaimg.cn/crop.0.0.640.640.640/a1d3feabjw1ecat4uqw77j20hs0hsacp.jpg", "profile_url": "u/2447378151", "domain": "", "weihao": "", "gender": "m", "followers_count": 200, "followers_count_str": "200", "friends_count": 429, "pagefriends_count": 24, "statuses_count": 5066, "video_status_count": 0, "video_play_count": 0, "super_topic_not_syn_count": 0, "favourites_count": 183, "created_at": "Sat Nov 05 20:37:50 +0800 2011", "following": false, "allow_all_act_msg": false, "geo_enabled": true, "verified": false, "verified_type": -1, "remark": "", "insecurity": {"sexual_content": false}, "ptype": 0, "allow_all_comment": true, "avatar_large": "https://tvax2.sinaimg.cn/crop.0.0.640.640.180/91e006e7ly8h8v3s3fprtj20hs0hsgmb.jpg?KID=imgbed,tva&Expires=1674068438&ssig=ccIdnprDtz", "avatar_hd": "https://tvax2.sinaimg.cn/crop.0.0.640.640.1024/91e006e7ly8h8v3s3fprtj20hs0hsgmb.jpg?KID=imgbed,tva&Expires=1674068438&ssig=N8p8C4qQK2", "verified_reason": "", "verified_trade": "", "verified_reason_url": "", "verified_source": "", "verified_source_url": "", "follow_me": false, "like": false, "like_me": false, "online_status": 0, "bi_followers_count": 96, "lang": "zh-cn", "star": 0, "mbtype": 0, "mbrank": 0, "svip": 0, "mb_expire_time": 0, "block_word": 0, "block_app": 0, "chaohua_ability": 0, "brand_ability": 0, "nft_ability": 0, "vplus_ability": 0, "wenda_ability": 0, "live_ability": 0, "gongyi_ability": 0, "paycolumn_ability": 0, "newbrand_ability": 0, "ecommerce_ability": 0, "hardfan_ability": 0, "wbcolumn_ability": 0, "credit_score": 80, "user_ability": 2098176, "urank": 33, "story_read_state": -1, "vclub_member": 0, "is_teenager": 0, "is_guardian": 0, "is_teenager_list": 0, "pc_new": 7, "special_follow": false, "planet_video": 0, "video_mark": 0, "live_status": 0, "user_ability_extend": 0, "status_total_counter": {"total_cnt": 16625, "repost_cnt": 6085, "comment_cnt": 1387, "like_cnt": 3816, "comment_like_cnt": 5337}, "video_total_counter": {"play_cnt": -1}, "brand_account": 0, "hongbaofei": 0, "tab_manage": "[0, 0]", "reward_status": 0, "green_mode": 0, "urisk": 17179869184, "unfollowing_recom_switch": 1, "avatar_type": 0}, "mid": "4793226257500642", "idstr": "4793226257500642", "status": {"visible": {"type": 0, "list_id": 0}, "created_at": "Sun Jul 17 12:11:13 +0800 2022", "id": 4792192013700823, "idstr": "4792192013700823", "mid": "4792192013700823", "can_edit": false, "version": 4, "show_additional_indication": 0, "text": "无法无天！女孩子一个人坐电梯要小心了！ ​", "textLength": 38, "source_allowclick": 0, "source_type": 1, "source": "<a href=\"http://app.weibo.com/t/feed/6vtZb0\" rel=\"nofollow\">微博 weibo.com</a>", "favorited": false, "truncated": false, "in_reply_to_status_id": "", "in_reply_to_user_id": "", "in_reply_to_screen_name": "", "pic_urls": [{"thumbnail_pic": "http://wx4.sinaimg.cn/thumbnail/005GK92ogy1g5ioh3jx9vg305k08a1lc.gif"}, {"thumbnail_pic": "http://wx3.sinaimg.cn/thumbnail/005GK92ogy1g5iogxwbu1g305k08ax73.gif"}], "thumbnail_pic": "http://wx4.sinaimg.cn/thumbnail/005GK92ogy1g5ioh3jx9vg305k08a1lc.gif", "bmiddle_pic": "http://wx4.sinaimg.cn/bmiddle/005GK92ogy1g5ioh3jx9vg305k08a1lc.gif", "original_pic": "http://wx4.sinaimg.cn/large/005GK92ogy1g5ioh3jx9vg305k08a1lc.gif", "geo": null, "is_paid": false, "mblog_vip_type": 0, "user": {"id": 6364086533, "idstr": "6364086533", "class": 1, "screen_name": "搞笑老妹", "name": "搞笑老妹", "province": "43", "city": "1000", "location": "湖南", "description": "塑成一个雕像，把生命赋给这个雕像，这是美丽的；创造一个有智慧的人，把真理灌输给他，这就更美丽。", "url": "", "profile_image_url": "https://tvax1.sinaimg.cn/crop.0.0.200.200.50/006WH3CZly8fkxm9755rxj305k05kjrj.jpg?KID=imgbed,tva&Expires=1674068438&ssig=m%2FAXucTbkJ", "light_ring": false, "cover_image_phone": "https://ww1.sinaimg.cn/crop.0.0.640.640.640/9d44112bjw1f1xl1c10tuj20hs0hs0tw.jpg", "profile_url": "u/6364086533", "domain": "", "weihao": "", "gender": "m", "followers_count": 278000, "followers_count_str": "27.8万", "friends_count": 1184, "pagefriends_count": 33, "statuses_count": 359, "video_status_count": 756, "video_play_count": 0, "super_topic_not_syn_count": 1, "favourites_count": 0, "created_at": "Fri Sep 08 20:40:10 +0800 2017", "following": false, "allow_all_act_msg": false, "geo_enabled": true, "verified": true, "verified_type": 0, "remark": "", "insecurity": {"sexual_content": false}, "ptype": 0, "allow_all_comment": true, "avatar_large": "https://tvax1.sinaimg.cn/crop.0.0.200.200.180/006WH3CZly8fkxm9755rxj305k05kjrj.jpg?KID=imgbed,tva&Expires=1674068438&ssig=ohjcjo66d3", "avatar_hd": "https://tvax1.sinaimg.cn/crop.0.0.200.200.1024/006WH3CZly8fkxm9755rxj305k05kjrj.jpg?KID=imgbed,tva&Expires=1674068438&ssig=22Mq%2B%2BUKHS", "verified_reason": "娱乐博主", "verified_trade": "", "verified_reason_url": "", "verified_source": "", "verified_source_url": "", "verified_state": 0, "verified_level": 3, "verified_type_ext": 0, "has_service_tel": false, "verified_reason_modified": "", "verified_contact_name": "", "verified_contact_email": "", "verified_contact_mobile": "", "follow_me": false, "like": false, "like_me": false, "online_status": 0, "bi_followers_count": 120, "lang": "zh-cn", "star": 0, "mbtype": 2, "mbrank": 4, "svip": 0, "mb_expire_time": 1649001599, "block_word": 0, "block_app": 0, "chaohua_ability": 0, "brand_ability": 0, "nft_ability": 0, "vplus_ability": 0, "wenda_ability": 0, "live_ability": 0, "gongyi_ability": 0, "paycolumn_ability": 0, "newbrand_ability": 0, "ecommerce_ability": 0, "hardfan_ability": 1, "wbcolumn_ability": 0, "credit_score": 78, "user_ability": 10748424, "cardid": "star_1378", "urank": 25, "story_read_state": -1, "verified_detail": {"custom": 0, "data": [{"key": 2, "sub_key": 0, "weight": 101, "desc": "娱乐博主"}]}, "vclub_member": 0, "is_teenager": 0, "is_guardian": 0, "is_teenager_list": 0, "pc_new": 6, "special_follow": false, "planet_video": 2, "video_mark": 15, "live_status": 0, "user_ability_extend": 0, "status_total_counter": {"total_cnt": 604820, "repost_cnt": 43466, "comment_cnt": 17959, "like_cnt": 19361, "comment_like_cnt": 524034}, "video_total_counter": {"play_cnt": 28449157}, "brand_account": 0, "hongbaofei": 0, "tab_manage": "[0, 0]", "reward_status": 0, "green_mode": 0, "urisk": 0, "unfollowing_recom_switch": 1, "avatar_type": 0}, "picStatus": "1", "reposts_count": 0, "comments_count": 0, "reprint_cmt_count": 0, "attitudes_count": 0, "pending_approval_count": 0, "isLongText": false, "reward_exhibition_type": 0, "hide_flag": 0, "mlevel": 128, "show_mlevel": 0, "biz_feature": 0, "hasActionTypeCard": 0, "darwin_tags": [], "hot_weibo_tags": [], "text_tag_tips": [], "mblogtype": 0, "userType": 0, "mlevelSource": "monitor", "more_info_type": 0, "number_display_strategy": {"apply_scenario_flag": 3, "display_text_min_number": 1000000, "display_text": "100万+"}, "positive_recom_flag": 0, "content_auth": 0, "gif_ids": "005GK92ogy1g5ioh3jx9vg305k08a1lc|00279773lx07vQqw19CU0104120050Re0E010|1022:2311284400020414483302,005GK92ogy1g5iogxwbu1g305k08ax73|000CUhfalx07vQqvnKOk010412004AgM0E010|1022:2311284400020372288617", "is_show_bulletin": 2, "comment_manage_info": {"comment_permission_type": -1, "approval_comment_type": 0, "comment_sort_type": 0, "ai_play_picture_type": 0}, "pic_num": 2, "can_reprint": false, "new_comment_style": 0}, "reply_comment": {"created_at": "Wed Jul 20 01:27:40 +0800 2022", "id": 4793117222110594, "rootid": 4793117222110594, "rootidstr": "4793117222110594", "floor_number": 9554, "text": "举报的死了？ http://t.cn/A6aTkjIy", "disable_reply": 0, "restrictOperate": 0, "user": {"id": 5845599914, "idstr": "5845599914", "class": 1, "screen_name": "在下午2点45分仰望星空", "name": "在下午2点45分仰望星空", "province": "100", "city": "1000", "location": "其他", "description": "人类", "url": "", "profile_image_url": "https://tvax1.sinaimg.cn/crop.0.0.710.710.50/006nBxzAly8h6vbome4koj30jq0jqdgt.jpg?KID=imgbed,tva&Expires=1674068438&ssig=EyPN88kYOB", "light_ring": false, "cover_image_phone": "https://wx1.sinaimg.cn/crop.0.0.640.640.640/006nBxzAly1gkwkbw2hm2j30u00u04ei.jpg;https://wx2.sinaimg.cn/crop.0.0.640.640.640/006nBxzAly1h8lzebj33qj30g40g4gmg.jpg", "profile_url": "u/5845599914", "domain": "", "weihao": "", "gender": "f", "followers_count": 137, "followers_count_str": "137", "friends_count": 438, "pagefriends_count": 43, "statuses_count": 746, "video_status_count": 47, "video_play_count": 0, "super_topic_not_syn_count": 5, "favourites_count": 582, "created_at": "Mon Feb 01 10:26:27 +0800 2016", "following": false, "allow_all_act_msg": false, "geo_enabled": true, "verified": false, "verified_type": -1, "remark": "", "insecurity": {"sexual_content": false}, "ptype": 0, "allow_all_comment": true, "avatar_large": "https://tvax1.sinaimg.cn/crop.0.0.710.710.180/006nBxzAly8h6vbome4koj30jq0jqdgt.jpg?KID=imgbed,tva&Expires=1674068438&ssig=ZHyYD3fkL1", "avatar_hd": "https://tvax1.sinaimg.cn/crop.0.0.710.710.1024/006nBxzAly8h6vbome4koj30jq0jqdgt.jpg?KID=imgbed,tva&Expires=1674068438&ssig=ImG%2BwczCaQ", "verified_reason": "", "verified_trade": "", "verified_reason_url": "", "verified_source": "", "verified_source_url": "", "follow_me": false, "like": false, "like_me": false, "online_status": 0, "bi_followers_count": 19, "lang": "zh-cn", "star": 0, "mbtype": 12, "mbrank": 6, "svip": 0, "mb_expire_time": 1701532800, "block_word": 1, "block_app": 1, "credit_score": 80, "user_ability": 3407872, "cardid": "star_1550", "avatargj_id": "gj_vip_099", "urank": 14, "story_read_state": -1, "vclub_member": 0, "is_teenager": 0, "is_guardian": 0, "is_teenager_list": 0, "pc_new": 0, "special_follow": false, "planet_video": 0, "video_mark": 0, "live_status": 0, "user_ability_extend": 0, "status_total_counter": {"total_cnt": 706, "repost_cnt": 30, "comment_cnt": 297, "like_cnt": 353, "comment_like_cnt": 26}, "video_total_counter": {"play_cnt": 374}, "brand_account": 0, "hongbaofei": 0, "tab_manage": "[4329441920, 0]", "green_mode": 0, "urisk": 25769803776, "unfollowing_recom_switch": 1, "block": 0, "block_me": 0, "avatar_type": 0}, "mid": "4793117222110594", "idstr": "4793117222110594", "match_ai_play_picture": false}, "reply_original_text": "博主被举报，是因为造谣式引流。想发旧消息，应该把事件发生的时间、地点、后续处理结果等完整地发出来，而不是掐头去尾地发。博主这条微博，让很多人误以为事件是刚刚发生，凶手还在逍遥法外。而且，博主还是个惯犯 http://t.cn/A6aH4EZG", "readtimetype": "comment", "match_ai_play_picture": false}