{"created_at": "Sat Jul 23 17:14:23 +0800 2022", "id": 4794442634233848, "rootid": 4794340376839177, "rootidstr": "4794340376839177", "floor_number": 0, "text": "回复@為什麼愛吃雞蛋:鄙人有幸学过一点儿[跪了]", "disable_reply": 0, "restrictOperate": 0, "source_allowclick": 0, "source_type": 4, "source": "<a href=\"\" rel=\"nofollow\">来自福建</a>", "user": {"id": 7476408897, "idstr": "7476408897", "class": 1, "screen_name": "rua一口小狗", "name": "rua一口小狗", "province": "100", "city": "1000", "location": "其他", "description": "老铁 管好你的嘴", "url": "", "profile_image_url": "https://tvax1.sinaimg.cn/crop.0.0.1080.1080.50/0089Yfuhly8h4dvakqyufj30u00u0dk2.jpg?KID=imgbed,tva&Expires=1674068262&ssig=blxVKIytE1", "light_ring": false, "cover_image_phone": "https://ww1.sinaimg.cn/crop.0.0.640.640.640/9d44112bjw1f1xl1c10tuj20hs0hs0tw.jpg", "profile_url": "u/7476408897", "domain": "", "weihao": "", "gender": "f", "followers_count": 182, "followers_count_str": "182", "friends_count": 459, "pagefriends_count": 55, "statuses_count": 7590, "video_status_count": 13, "video_play_count": 0, "super_topic_not_syn_count": 0, "favourites_count": 3, "created_at": "Fri Jul 03 09:45:29 +0800 2020", "following": false, "allow_all_act_msg": false, "geo_enabled": true, "verified": false, "verified_type": -1, "remark": "", "insecurity": {"sexual_content": false}, "ptype": 0, "allow_all_comment": true, "avatar_large": "https://tvax1.sinaimg.cn/crop.0.0.1080.1080.180/0089Yfuhly8h4dvakqyufj30u00u0dk2.jpg?KID=imgbed,tva&Expires=1674068262&ssig=oOk4gOxAsi", "avatar_hd": "https://tvax1.sinaimg.cn/crop.0.0.1080.1080.1024/0089Yfuhly8h4dvakqyufj30u00u0dk2.jpg?KID=imgbed,tva&Expires=1674068262&ssig=8a7cjTfLPn", "verified_reason": "", "verified_trade": "", "verified_reason_url": "", "verified_source": "", "verified_source_url": "", "follow_me": false, "like": false, "like_me": false, "online_status": 0, "bi_followers_count": 182, "lang": "zh-cn", "star": 0, "mbtype": 11, "mbrank": 3, "svip": 0, "mb_expire_time": 1674576000, "block_word": 0, "block_app": 1, "chaohua_ability": 0, "brand_ability": 0, "nft_ability": 0, "vplus_ability": 0, "wenda_ability": 0, "live_ability": 0, "gongyi_ability": 0, "paycolumn_ability": 0, "newbrand_ability": 0, "ecommerce_ability": 0, "hardfan_ability": 1, "wbcolumn_ability": 0, "credit_score": 80, "user_ability": 2359296, "cardid": "star_1601", "avatargj_id": "gj_vip_5506", "urank": 0, "story_read_state": -1, "vclub_member": 0, "is_teenager": 0, "is_guardian": 0, "is_teenager_list": 0, "pc_new": 7, "special_follow": false, "planet_video": 2, "video_mark": 0, "live_status": 0, "user_ability_extend": 0, "video_cover": {"mid": 4777502873227794}, "status_total_counter": {"total_cnt": 4932, "repost_cnt": 144, "comment_cnt": 3296, "like_cnt": 1299, "comment_like_cnt": 193}, "video_total_counter": {"play_cnt": 3374}, "brand_account": 0, "hongbaofei": 0, "tab_manage": "[0, 0]", "reward_status": 0, "green_mode": 0, "mb_like_privilege": {"like_id": "0059", "like_desc": "感谢老铁~"}, "urisk": 524288, "unfollowing_recom_switch": 1, "avatar_type": 0}, "mid": "4794442634233848", "idstr": "4794442634233848", "status": {"visible": {"type": 0, "list_id": 0}, "created_at": "Sun Jul 17 12:11:13 +0800 2022", "id": 4792192013700823, "idstr": "4792192013700823", "mid": "4792192013700823", "can_edit": false, "version": 4, "show_additional_indication": 0, "text": "无法无天！女孩子一个人坐电梯要小心了！ ​", "textLength": 38, "source_allowclick": 0, "source_type": 1, "source": "<a href=\"http://app.weibo.com/t/feed/6vtZb0\" rel=\"nofollow\">微博 weibo.com</a>", "favorited": false, "truncated": false, "in_reply_to_status_id": "", "in_reply_to_user_id": "", "in_reply_to_screen_name": "", "pic_urls": [{"thumbnail_pic": "http://wx4.sinaimg.cn/thumbnail/005GK92ogy1g5ioh3jx9vg305k08a1lc.gif"}, {"thumbnail_pic": "http://wx3.sinaimg.cn/thumbnail/005GK92ogy1g5iogxwbu1g305k08ax73.gif"}], "thumbnail_pic": "http://wx4.sinaimg.cn/thumbnail/005GK92ogy1g5ioh3jx9vg305k08a1lc.gif", "bmiddle_pic": "http://wx4.sinaimg.cn/bmiddle/005GK92ogy1g5ioh3jx9vg305k08a1lc.gif", "original_pic": "http://wx4.sinaimg.cn/large/005GK92ogy1g5ioh3jx9vg305k08a1lc.gif", "geo": null, "is_paid": false, "mblog_vip_type": 0, "user": {"id": 6364086533, "idstr": "6364086533", "class": 1, "screen_name": "搞笑老妹", "name": "搞笑老妹", "province": "43", "city": "1000", "location": "湖南", "description": "塑成一个雕像，把生命赋给这个雕像，这是美丽的；创造一个有智慧的人，把真理灌输给他，这就更美丽。", "url": "", "profile_image_url": "https://tvax1.sinaimg.cn/crop.0.0.200.200.50/006WH3CZly8fkxm9755rxj305k05kjrj.jpg?KID=imgbed,tva&Expires=1674068262&ssig=I2o9pMJ8kE", "light_ring": false, "cover_image_phone": "https://ww1.sinaimg.cn/crop.0.0.640.640.640/9d44112bjw1f1xl1c10tuj20hs0hs0tw.jpg", "profile_url": "u/6364086533", "domain": "", "weihao": "", "gender": "m", "followers_count": 278000, "followers_count_str": "27.8万", "friends_count": 1184, "pagefriends_count": 33, "statuses_count": 359, "video_status_count": 756, "video_play_count": 0, "super_topic_not_syn_count": 1, "favourites_count": 0, "created_at": "Fri Sep 08 20:40:10 +0800 2017", "following": false, "allow_all_act_msg": false, "geo_enabled": true, "verified": true, "verified_type": 0, "remark": "", "insecurity": {"sexual_content": false}, "ptype": 0, "allow_all_comment": true, "avatar_large": "https://tvax1.sinaimg.cn/crop.0.0.200.200.180/006WH3CZly8fkxm9755rxj305k05kjrj.jpg?KID=imgbed,tva&Expires=1674068262&ssig=%2BCCtp0GJj1", "avatar_hd": "https://tvax1.sinaimg.cn/crop.0.0.200.200.1024/006WH3CZly8fkxm9755rxj305k05kjrj.jpg?KID=imgbed,tva&Expires=1674068262&ssig=p4BUN2Att7", "verified_reason": "娱乐博主", "verified_trade": "", "verified_reason_url": "", "verified_source": "", "verified_source_url": "", "verified_state": 0, "verified_level": 3, "verified_type_ext": 0, "has_service_tel": false, "verified_reason_modified": "", "verified_contact_name": "", "verified_contact_email": "", "verified_contact_mobile": "", "follow_me": false, "like": false, "like_me": false, "online_status": 0, "bi_followers_count": 120, "lang": "zh-cn", "star": 0, "mbtype": 2, "mbrank": 4, "svip": 0, "mb_expire_time": 1649001599, "block_word": 0, "block_app": 0, "chaohua_ability": 0, "brand_ability": 0, "nft_ability": 0, "vplus_ability": 0, "wenda_ability": 0, "live_ability": 0, "gongyi_ability": 0, "paycolumn_ability": 0, "newbrand_ability": 0, "ecommerce_ability": 0, "hardfan_ability": 1, "wbcolumn_ability": 0, "credit_score": 78, "user_ability": 10748424, "cardid": "star_1378", "urank": 25, "story_read_state": -1, "verified_detail": {"custom": 0, "data": [{"key": 2, "sub_key": 0, "weight": 101, "desc": "娱乐博主"}]}, "vclub_member": 0, "is_teenager": 0, "is_guardian": 0, "is_teenager_list": 0, "pc_new": 6, "special_follow": false, "planet_video": 2, "video_mark": 15, "live_status": 0, "user_ability_extend": 0, "status_total_counter": {"total_cnt": 604820, "repost_cnt": 43466, "comment_cnt": 17959, "like_cnt": 19361, "comment_like_cnt": 524034}, "video_total_counter": {"play_cnt": 28449157}, "brand_account": 0, "hongbaofei": 0, "tab_manage": "[0, 0]", "reward_status": 0, "green_mode": 0, "urisk": 0, "unfollowing_recom_switch": 1, "avatar_type": 0}, "picStatus": "1", "reposts_count": 0, "comments_count": 0, "reprint_cmt_count": 0, "attitudes_count": 0, "pending_approval_count": 0, "isLongText": false, "reward_exhibition_type": 0, "hide_flag": 0, "mlevel": 128, "show_mlevel": 0, "biz_feature": 0, "hasActionTypeCard": 0, "darwin_tags": [], "hot_weibo_tags": [], "text_tag_tips": [], "mblogtype": 0, "userType": 0, "mlevelSource": "monitor", "more_info_type": 0, "number_display_strategy": {"apply_scenario_flag": 3, "display_text_min_number": 1000000, "display_text": "100万+"}, "positive_recom_flag": 0, "content_auth": 0, "gif_ids": "005GK92ogy1g5ioh3jx9vg305k08a1lc|00279773lx07vQqw19CU0104120050Re0E010|1022:2311284400020414483302,005GK92ogy1g5iogxwbu1g305k08ax73|000CUhfalx07vQqvnKOk010412004AgM0E010|1022:2311284400020372288617", "is_show_bulletin": 2, "comment_manage_info": {"comment_permission_type": -1, "approval_comment_type": 0, "comment_sort_type": 0, "ai_play_picture_type": 0}, "pic_num": 2, "can_reprint": false, "new_comment_style": 0}, "reply_comment": {"created_at": "Sat Jul 23 10:28:02 +0800 2022", "id": 4794340376839177, "rootid": 4794340376839177, "rootidstr": "4794340376839177", "floor_number": 10019, "text": "@rua一口小狗 快去学跆拳道保护我[悲伤]", "disable_reply": 0, "restrictOperate": 0, "user": {"id": 7331066883, "idstr": "7331066883", "class": 1, "screen_name": "為什麼愛吃雞蛋", "name": "為什麼愛吃雞蛋", "province": "100", "city": "1000", "location": "其他", "description": "好想", "url": "", "profile_image_url": "https://tvax1.sinaimg.cn/crop.0.0.1023.1023.50/00808pofly8h9tp1cgcqjj30sg0sfjug.jpg?KID=imgbed,tva&Expires=1674068262&ssig=%2Bq%2BvOxdEDg", "light_ring": false, "cover_image_phone": "https://ww1.sinaimg.cn/crop.0.0.640.640.640/9d44112bjw1f1xl1c10tuj20hs0hs0tw.jpg", "profile_url": "u/7331066883", "domain": "", "weihao": "", "gender": "f", "followers_count": 34, "followers_count_str": "34", "friends_count": 175, "pagefriends_count": 26, "statuses_count": 532, "video_status_count": 1, "video_play_count": 0, "super_topic_not_syn_count": 0, "favourites_count": 0, "created_at": "Fri Nov 01 17:12:07 +0800 2019", "following": false, "allow_all_act_msg": false, "geo_enabled": true, "verified": false, "verified_type": -1, "remark": "", "insecurity": {"sexual_content": false}, "ptype": 0, "allow_all_comment": true, "avatar_large": "https://tvax1.sinaimg.cn/crop.0.0.1023.1023.180/00808pofly8h9tp1cgcqjj30sg0sfjug.jpg?KID=imgbed,tva&Expires=1674068262&ssig=zBJfRZku2Z", "avatar_hd": "https://tvax1.sinaimg.cn/crop.0.0.1023.1023.1024/00808pofly8h9tp1cgcqjj30sg0sfjug.jpg?KID=imgbed,tva&Expires=1674068262&ssig=6jAhE%2FOc8I", "verified_reason": "", "verified_trade": "", "verified_reason_url": "", "verified_source": "", "verified_source_url": "", "follow_me": false, "like": false, "like_me": false, "online_status": 0, "bi_followers_count": 25, "lang": "zh-cn", "star": 0, "mbtype": 2, "mbrank": 1, "svip": 0, "mb_expire_time": 1622563199, "block_word": 0, "block_app": 0, "chaohua_ability": 0, "brand_ability": 0, "nft_ability": 0, "vplus_ability": 0, "wenda_ability": 0, "live_ability": 0, "gongyi_ability": 0, "paycolumn_ability": 0, "newbrand_ability": 0, "ecommerce_ability": 0, "hardfan_ability": 0, "wbcolumn_ability": 0, "credit_score": 80, "user_ability": 2359296, "urank": 0, "story_read_state": -1, "vclub_member": 0, "is_teenager": 0, "is_guardian": 0, "is_teenager_list": 0, "pc_new": 0, "special_follow": false, "planet_video": 2, "video_mark": 0, "live_status": 0, "user_ability_extend": 0, "status_total_counter": {"total_cnt": 455, "repost_cnt": 17, "comment_cnt": 284, "like_cnt": 132, "comment_like_cnt": 22}, "video_total_counter": {"play_cnt": 316}, "brand_account": 0, "hongbaofei": 0, "tab_manage": "[0, 0]", "reward_status": 0, "green_mode": 0, "urisk": 524288, "unfollowing_recom_switch": 1, "avatar_type": 0}, "mid": "4794340376839177", "idstr": "4794340376839177", "match_ai_play_picture": false}, "reply_original_text": "鄙人有幸学过一点儿[跪了]", "readtimetype": "comment", "match_ai_play_picture": false}