{"created_at": "Tue Jul 19 22:09:35 +0800 2022", "id": 4793067376215526, "rootid": 4792329510064781, "rootidstr": "4792329510064781", "floor_number": 0, "text": "回复@御魂弱化大师:往死里弄", "disable_reply": 0, "restrictOperate": 0, "source_allowclick": 0, "source_type": 4, "source": "<a href=\"\" rel=\"nofollow\">来自福建</a>", "user": {"id": 2591073247, "idstr": "2591073247", "class": 1, "screen_name": "学画画的小贤", "name": "学画画的小贤", "province": "35", "city": "6", "location": "福建 漳州", "description": "努力学画画", "url": "", "profile_image_url": "https://tvax1.sinaimg.cn/crop.0.0.512.512.50/9a70a3dfly8fwyrxoumqkj20e80e8aac.jpg?KID=imgbed,tva&Expires=1674068595&ssig=XIkCmcLY5%2B", "light_ring": false, "cover_image_phone": "https://ww1.sinaimg.cn/crop.0.0.640.640.640/549d0121tw1egm1kjly3jj20hs0hsq4f.jpg", "profile_url": "u/2591073247", "domain": "", "weihao": "", "gender": "m", "followers_count": 1897, "followers_count_str": "1897", "friends_count": 228, "pagefriends_count": 30, "statuses_count": 879, "video_status_count": 0, "video_play_count": 0, "super_topic_not_syn_count": 0, "favourites_count": 2, "created_at": "Wed Jan 25 14:18:05 +0800 2012", "following": false, "allow_all_act_msg": false, "geo_enabled": true, "verified": false, "verified_type": -1, "remark": "", "insecurity": {"sexual_content": false}, "ptype": 0, "allow_all_comment": true, "avatar_large": "https://tvax1.sinaimg.cn/crop.0.0.512.512.180/9a70a3dfly8fwyrxoumqkj20e80e8aac.jpg?KID=imgbed,tva&Expires=1674068595&ssig=wSyqjR7bv3", "avatar_hd": "https://tvax1.sinaimg.cn/crop.0.0.512.512.1024/9a70a3dfly8fwyrxoumqkj20e80e8aac.jpg?KID=imgbed,tva&Expires=1674068595&ssig=z%2FjL81OJMl", "verified_reason": "", "verified_trade": "", "verified_reason_url": "", "verified_source": "", "verified_source_url": "", "follow_me": false, "like": false, "like_me": false, "online_status": 0, "bi_followers_count": 10, "lang": "zh-cn", "star": 0, "mbtype": 0, "mbrank": 0, "svip": 0, "mb_expire_time": 0, "block_word": 0, "block_app": 0, "chaohua_ability": 0, "brand_ability": 0, "nft_ability": 0, "vplus_ability": 0, "wenda_ability": 0, "live_ability": 0, "gongyi_ability": 0, "paycolumn_ability": 0, "newbrand_ability": 0, "ecommerce_ability": 0, "hardfan_ability": 0, "wbcolumn_ability": 0, "credit_score": 80, "user_ability": 2097152, "urank": 4, "story_read_state": -1, "vclub_member": 0, "is_teenager": 0, "is_guardian": 0, "is_teenager_list": 0, "pc_new": 7, "special_follow": false, "planet_video": 0, "video_mark": 0, "live_status": 0, "user_ability_extend": 0, "status_total_counter": {"total_cnt": 34, "repost_cnt": 3, "comment_cnt": 4, "like_cnt": 27, "comment_like_cnt": 0}, "video_total_counter": {"play_cnt": -1}, "brand_account": 0, "hongbaofei": 0, "tab_manage": "[0, 0]", "reward_status": 0, "green_mode": 0, "urisk": 0, "unfollowing_recom_switch": 1, "avatar_type": 0}, "mid": "4793067376215526", "idstr": "4793067376215526", "status": {"visible": {"type": 0, "list_id": 0}, "created_at": "Sun Jul 17 12:11:13 +0800 2022", "id": 4792192013700823, "idstr": "4792192013700823", "mid": "4792192013700823", "can_edit": false, "version": 4, "show_additional_indication": 0, "text": "无法无天！女孩子一个人坐电梯要小心了！ ​", "textLength": 38, "source_allowclick": 0, "source_type": 1, "source": "<a href=\"http://app.weibo.com/t/feed/6vtZb0\" rel=\"nofollow\">微博 weibo.com</a>", "favorited": false, "truncated": false, "in_reply_to_status_id": "", "in_reply_to_user_id": "", "in_reply_to_screen_name": "", "pic_urls": [{"thumbnail_pic": "http://wx4.sinaimg.cn/thumbnail/005GK92ogy1g5ioh3jx9vg305k08a1lc.gif"}, {"thumbnail_pic": "http://wx3.sinaimg.cn/thumbnail/005GK92ogy1g5iogxwbu1g305k08ax73.gif"}], "thumbnail_pic": "http://wx4.sinaimg.cn/thumbnail/005GK92ogy1g5ioh3jx9vg305k08a1lc.gif", "bmiddle_pic": "http://wx4.sinaimg.cn/bmiddle/005GK92ogy1g5ioh3jx9vg305k08a1lc.gif", "original_pic": "http://wx4.sinaimg.cn/large/005GK92ogy1g5ioh3jx9vg305k08a1lc.gif", "geo": null, "is_paid": false, "mblog_vip_type": 0, "user": {"id": 6364086533, "idstr": "6364086533", "class": 1, "screen_name": "搞笑老妹", "name": "搞笑老妹", "province": "43", "city": "1000", "location": "湖南", "description": "塑成一个雕像，把生命赋给这个雕像，这是美丽的；创造一个有智慧的人，把真理灌输给他，这就更美丽。", "url": "", "profile_image_url": "https://tvax1.sinaimg.cn/crop.0.0.200.200.50/006WH3CZly8fkxm9755rxj305k05kjrj.jpg?KID=imgbed,tva&Expires=1674068595&ssig=jwV9rixSDh", "light_ring": false, "cover_image_phone": "https://ww1.sinaimg.cn/crop.0.0.640.640.640/9d44112bjw1f1xl1c10tuj20hs0hs0tw.jpg", "profile_url": "u/6364086533", "domain": "", "weihao": "", "gender": "m", "followers_count": 278000, "followers_count_str": "27.8万", "friends_count": 1184, "pagefriends_count": 33, "statuses_count": 359, "video_status_count": 756, "video_play_count": 0, "super_topic_not_syn_count": 1, "favourites_count": 0, "created_at": "Fri Sep 08 20:40:10 +0800 2017", "following": false, "allow_all_act_msg": false, "geo_enabled": true, "verified": true, "verified_type": 0, "remark": "", "insecurity": {"sexual_content": false}, "ptype": 0, "allow_all_comment": true, "avatar_large": "https://tvax1.sinaimg.cn/crop.0.0.200.200.180/006WH3CZly8fkxm9755rxj305k05kjrj.jpg?KID=imgbed,tva&Expires=1674068595&ssig=uu3IWNCXJs", "avatar_hd": "https://tvax1.sinaimg.cn/crop.0.0.200.200.1024/006WH3CZly8fkxm9755rxj305k05kjrj.jpg?KID=imgbed,tva&Expires=1674068595&ssig=0CTFfoY6Dj", "verified_reason": "娱乐博主", "verified_trade": "", "verified_reason_url": "", "verified_source": "", "verified_source_url": "", "verified_state": 0, "verified_level": 3, "verified_type_ext": 0, "has_service_tel": false, "verified_reason_modified": "", "verified_contact_name": "", "verified_contact_email": "", "verified_contact_mobile": "", "follow_me": false, "like": false, "like_me": false, "online_status": 0, "bi_followers_count": 120, "lang": "zh-cn", "star": 0, "mbtype": 2, "mbrank": 4, "svip": 0, "mb_expire_time": 1649001599, "block_word": 0, "block_app": 0, "chaohua_ability": 0, "brand_ability": 0, "nft_ability": 0, "vplus_ability": 0, "wenda_ability": 0, "live_ability": 0, "gongyi_ability": 0, "paycolumn_ability": 0, "newbrand_ability": 0, "ecommerce_ability": 0, "hardfan_ability": 1, "wbcolumn_ability": 0, "credit_score": 78, "user_ability": 10748424, "cardid": "star_1378", "urank": 25, "story_read_state": -1, "verified_detail": {"custom": 0, "data": [{"key": 2, "sub_key": 0, "weight": 101, "desc": "娱乐博主"}]}, "vclub_member": 0, "is_teenager": 0, "is_guardian": 0, "is_teenager_list": 0, "pc_new": 6, "special_follow": false, "planet_video": 2, "video_mark": 15, "live_status": 0, "user_ability_extend": 0, "status_total_counter": {"total_cnt": 604820, "repost_cnt": 43466, "comment_cnt": 17959, "like_cnt": 19361, "comment_like_cnt": 524034}, "video_total_counter": {"play_cnt": 28449157}, "brand_account": 0, "hongbaofei": 0, "tab_manage": "[0, 0]", "reward_status": 0, "green_mode": 0, "urisk": 0, "unfollowing_recom_switch": 1, "avatar_type": 0}, "picStatus": "1", "reposts_count": 0, "comments_count": 0, "reprint_cmt_count": 0, "attitudes_count": 0, "pending_approval_count": 0, "isLongText": false, "reward_exhibition_type": 0, "hide_flag": 0, "mlevel": 128, "show_mlevel": 0, "biz_feature": 0, "hasActionTypeCard": 0, "darwin_tags": [], "hot_weibo_tags": [], "text_tag_tips": [], "mblogtype": 0, "userType": 0, "mlevelSource": "monitor", "more_info_type": 0, "number_display_strategy": {"apply_scenario_flag": 3, "display_text_min_number": 1000000, "display_text": "100万+"}, "positive_recom_flag": 0, "content_auth": 0, "gif_ids": "005GK92ogy1g5ioh3jx9vg305k08a1lc|00279773lx07vQqw19CU0104120050Re0E010|1022:2311284400020414483302,005GK92ogy1g5iogxwbu1g305k08ax73|000CUhfalx07vQqvnKOk010412004AgM0E010|1022:2311284400020372288617", "is_show_bulletin": 2, "comment_manage_info": {"comment_permission_type": -1, "approval_comment_type": 0, "comment_sort_type": 0, "ai_play_picture_type": 0}, "pic_num": 2, "can_reprint": false, "new_comment_style": 0}, "reply_comment": {"created_at": "Tue Jul 19 12:01:26 +0800 2022", "id": 4792914331043486, "rootid": 4792329510064781, "rootidstr": "4792329510064781", "floor_number": 0, "text": "回复@学画画的小贤:宁愿事后赔钱也要弄他🙏", "disable_reply": 0, "restrictOperate": 0, "user": {"id": 2911806461, "idstr": "2911806461", "class": 1, "screen_name": "御魂弱化大师", "name": "御魂弱化大师", "province": "51", "city": "1", "location": "四川 成都", "description": "从今以后放飞自我，凑上来的通通给我挨骂😉", "url": "", "profile_image_url": "https://tva3.sinaimg.cn/crop.0.0.480.480.50/ad8ea3fdjw8ehtul7cu8jj20dc0dc3yo.jpg?KID=imgbed,tva&Expires=1674068595&ssig=x7%2Bv4D6fnC", "light_ring": false, "cover_image_phone": "https://ww4.sinaimg.cn/crop.0.0.640.640.640/a1d3feabjw1ecat3p2p2qj20hs0hsmz4.jpg", "profile_url": "u/2911806461", "domain": "", "weihao": "", "gender": "f", "followers_count": 144, "followers_count_str": "144", "friends_count": 266, "pagefriends_count": 10, "statuses_count": 471, "video_status_count": 1, "video_play_count": 0, "super_topic_not_syn_count": 1, "favourites_count": 261, "created_at": "Sun Sep 30 14:20:41 +0800 2012", "following": false, "allow_all_act_msg": false, "geo_enabled": true, "verified": false, "verified_type": -1, "remark": "", "insecurity": {"sexual_content": false}, "ptype": 0, "allow_all_comment": false, "avatar_large": "https://tva3.sinaimg.cn/crop.0.0.480.480.180/ad8ea3fdjw8ehtul7cu8jj20dc0dc3yo.jpg?KID=imgbed,tva&Expires=1674068595&ssig=%2FmmHhg43Hp", "avatar_hd": "https://tva3.sinaimg.cn/crop.0.0.480.480.1024/ad8ea3fdjw8ehtul7cu8jj20dc0dc3yo.jpg?KID=imgbed,tva&Expires=1674068595&ssig=qLxn6s4v9b", "verified_reason": "", "verified_trade": "", "verified_reason_url": "", "verified_source": "", "verified_source_url": "", "follow_me": false, "like": false, "like_me": false, "online_status": 0, "bi_followers_count": 25, "lang": "zh-cn", "star": 0, "mbtype": 2, "mbrank": 1, "svip": 0, "mb_expire_time": 1564847999, "block_word": 0, "block_app": 0, "credit_score": 80, "user_ability": 35652608, "avatargj_id": "gj_vip_707", "urank": 9, "story_read_state": -1, "vclub_member": 0, "is_teenager": 0, "is_guardian": 0, "is_teenager_list": 0, "pc_new": 0, "special_follow": false, "planet_video": 0, "video_mark": 0, "live_status": 0, "user_ability_extend": 0, "status_total_counter": {"total_cnt": 373, "repost_cnt": 65, "comment_cnt": 234, "like_cnt": 74, "comment_like_cnt": 0}, "video_total_counter": {"play_cnt": 3}, "brand_account": 0, "hongbaofei": 0, "tab_manage": "[0, 0]", "green_mode": 0, "urisk": 0, "unfollowing_recom_switch": 1, "block": 0, "block_me": 0, "avatar_type": 0}, "mid": "4792914331043486", "idstr": "4792914331043486", "match_ai_play_picture": false}, "reply_original_text": "往死里弄", "readtimetype": "comment", "match_ai_play_picture": false}