{"created_at": "Sat Dec 17 12:02:05 +0800 2022", "id": 4847635057611753, "rootid": 4847635057611753, "rootidstr": "4847635057611753", "floor_number": 40, "text": "说明新冠确实刺激肠道，严重的不就是会拉肚子么。我觉得是这个原因。", "disable_reply": 0, "restrictOperate": 0, "source_allowclick": 0, "source_type": 4, "source": "<a href=\"\" rel=\"nofollow\">来自江苏</a>", "comment_badge": [{"pic_url": "https://h5.sinaimg.cn/upload/114/962/2022/07/08/member_0_bigfan3_2.png", "name": "loyal_fans", "length": 1.33, "actionlog": {"act_code": "3671", "ext": "status:fans"}, "scheme": "https://kefu.weibo.com/faqdetail?id=20848", "new_icon": true}], "user": {"id": 5512922120, "idstr": "5512922120", "class": 1, "screen_name": "一只柔软的佩佩", "name": "一只柔软的佩佩", "province": "32", "city": "1000", "location": "江苏", "description": "佩佩是网红农民，不是网红猪，蟹蟹", "url": "", "profile_image_url": "https://tvax2.sinaimg.cn/crop.0.0.1080.1080.50/00615ESIly8gdihdvosqgj30u00u00uh.jpg?KID=imgbed,tva&Expires=1674044700&ssig=Qud9ivPzHE", "light_ring": false, "cover_image_phone": "https://ww4.sinaimg.cn/crop.0.0.640.640.640/6ce2240djw1e8iktk4ohij20hs0hsmz6.jpg", "profile_url": "u/5512922120", "domain": "", "weihao": "", "gender": "f", "followers_count": 375, "followers_count_str": "375", "friends_count": 147, "pagefriends_count": 8, "statuses_count": 2276, "video_status_count": 22, "video_play_count": 0, "super_topic_not_syn_count": 0, "favourites_count": 9, "created_at": "Mon Feb 09 09:48:47 +0800 2015", "following": false, "allow_all_act_msg": false, "geo_enabled": true, "verified": true, "verified_type": 0, "remark": "", "insecurity": {"sexual_content": false}, "ptype": 0, "allow_all_comment": true, "avatar_large": "https://tvax2.sinaimg.cn/crop.0.0.1080.1080.180/00615ESIly8gdihdvosqgj30u00u00uh.jpg?KID=imgbed,tva&Expires=1674044700&ssig=LI2tGFYPdd", "avatar_hd": "https://tvax2.sinaimg.cn/crop.0.0.1080.1080.1024/00615ESIly8gdihdvosqgj30u00u00uh.jpg?KID=imgbed,tva&Expires=1674044700&ssig=BYoNcUbmwO", "verified_reason": "超话小主持人（军部六哥超话）", "verified_trade": "", "verified_reason_url": "", "verified_source": "", "verified_source_url": "", "verified_state": 0, "verified_level": 3, "verified_type_ext": 0, "has_service_tel": false, "verified_reason_modified": "", "verified_contact_name": "", "verified_contact_email": "", "verified_contact_mobile": "", "follow_me": false, "like": false, "like_me": false, "online_status": 0, "bi_followers_count": 62, "lang": "zh-cn", "star": 0, "mbtype": 2, "mbrank": 1, "svip": 1, "mb_expire_time": 1667577599, "block_word": 0, "block_app": 0, "chaohua_ability": 0, "brand_ability": 0, "nft_ability": 0, "vplus_ability": 0, "wenda_ability": 0, "live_ability": 0, "gongyi_ability": 0, "paycolumn_ability": 0, "newbrand_ability": 0, "ecommerce_ability": 0, "hardfan_ability": 0, "wbcolumn_ability": 0, "credit_score": 80, "user_ability": 10748928, "cardid": "star_11247_common", "avatargj_id": "gj_vip_660", "urank": 14, "story_read_state": -1, "verified_detail": {"custom": 0, "data": [{"key": 8, "sub_key": 0, "weight": 102, "desc": "超话小主持人（军部六哥超话）"}]}, "vclub_member": 0, "is_teenager": 0, "is_guardian": 0, "is_teenager_list": 0, "pc_new": 0, "special_follow": false, "planet_video": 2, "video_mark": 2, "live_status": 0, "user_ability_extend": 0, "status_total_counter": {"total_cnt": 6456, "repost_cnt": 2100, "comment_cnt": 887, "like_cnt": 2800, "comment_like_cnt": 669}, "video_total_counter": {"play_cnt": 13518}, "brand_account": 0, "hongbaofei": 0, "tab_manage": "[0, 0]", "reward_status": 0, "green_mode": 0, "urisk": 0, "unfollowing_recom_switch": 1, "avatar_type": 0}, "mid": "4847635057611753", "idstr": "4847635057611753", "status": {"visible": {"type": 0, "list_id": 0}, "created_at": "Sat Dec 17 11:40:45 +0800 2022", "id": 4847629688649836, "idstr": "4847629688649836", "mid": "4847629688649836", "can_edit": false, "version": 4, "show_additional_indication": 0, "text": "小伙阳性后症状，一天放七八百个屁。\n专家：暂未发现感染者放屁增多和疾病相关。网友：那不是屁，那是战后的硝烟。[笑cry][笑cry][笑cry]\n#岳云鹏分享感染新冠后的感受##专家建议两次抗原阴性就可以返岗# http://t.cn/A6KOXLC5 ​", "textLength": 210, "source_allowclick": 1, "source_type": 1, "source": "<a href=\"http://app.weibo.com/t/feed/4WDoGW\" rel=\"nofollow\">vivo X60 蔡司影像</a>", "favorited": false, "truncated": false, "in_reply_to_status_id": "", "in_reply_to_user_id": "", "in_reply_to_screen_name": "", "pic_urls": [], "geo": null, "is_paid": false, "mblog_vip_type": 0, "user": {"id": 3180154335, "idstr": "3180154335", "class": 1, "screen_name": "何沐易", "name": "何沐易", "province": "12", "city": "1000", "location": "天津", "description": "但行好事，莫问前程！", "url": "", "profile_image_url": "https://tvax3.sinaimg.cn/crop.0.0.960.960.50/bd8d4ddfly8h8vitli708j20qo0qoq3z.jpg?KID=imgbed,tva&Expires=1674044700&ssig=obtqIrqlSK", "light_ring": false, "cover_image": "https://wx2.sinaimg.cn/crop.0.0.920.300/bd8d4ddfly1g0vj9aw39lj20pk08c7dz.jpg", "cover_image_phone": "https://wx3.sinaimg.cn/crop.0.0.640.640.640/bd8d4ddfly1h6ahmeucbmj20u00u0dgu.jpg", "profile_url": "u/3180154335", "domain": "", "weihao": "", "gender": "m", "followers_count": 1205384, "followers_count_str": "120.5万", "friends_count": 5675, "pagefriends_count": 123, "statuses_count": 40302, "video_status_count": 4612, "video_play_count": 0, "super_topic_not_syn_count": 96, "favourites_count": 25, "created_at": "Mon Dec 10 11:39:00 +0800 2012", "following": false, "allow_all_act_msg": false, "geo_enabled": true, "verified": true, "verified_type": 0, "remark": "", "insecurity": {"sexual_content": false}, "ptype": 0, "allow_all_comment": true, "avatar_large": "https://tvax3.sinaimg.cn/crop.0.0.960.960.180/bd8d4ddfly8h8vitli708j20qo0qoq3z.jpg?KID=imgbed,tva&Expires=1674044700&ssig=Rgl70WXkEz", "avatar_hd": "https://tvax3.sinaimg.cn/crop.0.0.960.960.1024/bd8d4ddfly8h8vitli708j20qo0qoq3z.jpg?KID=imgbed,tva&Expires=1674044700&ssig=axzeKGJny%2B", "verified_reason": "知名互联网科技博主", "verified_trade": "", "verified_reason_url": "", "verified_source": "", "verified_source_url": "", "verified_state": 0, "verified_level": 3, "verified_type_ext": 1, "has_service_tel": false, "verified_reason_modified": "", "verified_contact_name": "", "verified_contact_email": "", "verified_contact_mobile": "", "follow_me": false, "like": false, "like_me": false, "online_status": 0, "bi_followers_count": 4673, "lang": "zh-cn", "star": 0, "mbtype": 12, "mbrank": 7, "svip": 1, "mb_expire_time": 1699977600, "block_word": 0, "block_app": 1, "chaohua_ability": 0, "brand_ability": 0, "nft_ability": 0, "vplus_ability": 0, "wenda_ability": 0, "live_ability": 1, "gongyi_ability": 0, "paycolumn_ability": 0, "newbrand_ability": 0, "ecommerce_ability": 0, "hardfan_ability": 1, "wbcolumn_ability": 0, "credit_score": 80, "user_ability": -2135686616, "cardid": "star_1624", "urank": 22, "story_read_state": -1, "verified_detail": {"custom": 1, "data": [{"key": 4, "sub_key": 8, "weight": 0, "desc": "军事答主", "timestamp": 0}, {"key": 2, "sub_key": 0, "weight": 10, "desc": "知名互联网科技博主", "timestamp": 0}, {"key": 16, "sub_key": 1, "weight": 0, "desc": "微博故事原创作者", "timestamp": 0}]}, "vclub_member": 0, "is_teenager": 0, "is_guardian": 0, "is_teenager_list": 0, "pc_new": 6, "special_follow": false, "planet_video": 2, "video_mark": 15, "live_status": 0, "user_ability_extend": 1, "status_total_counter": {"total_cnt": 1446699, "repost_cnt": 236593, "comment_cnt": 267812, "like_cnt": 707482, "comment_like_cnt": 234812}, "video_total_counter": {"play_cnt": 84123386}, "brand_account": 0, "hongbaofei": 0, "tab_manage": "[1108169328773, 0]", "reward_status": 0, "green_mode": 0, "urisk": 1048576, "unfollowing_recom_switch": 1, "avatar_type": 0}, "annotations": [{}, {}, {"client_mblogid": "2efff486-5209-4b90-9b89-15ce75db0ef5"}, {"mapi_request": true}], "reposts_count": 0, "comments_count": 0, "reprint_cmt_count": 0, "attitudes_count": 0, "pending_approval_count": 0, "isLongText": false, "reward_exhibition_type": 0, "hide_flag": 0, "mlevel": 0, "show_mlevel": 0, "biz_ids": [230444], "biz_feature": 4294967304, "page_type": 64, "hasActionTypeCard": 0, "darwin_tags": [], "hot_weibo_tags": [], "text_tag_tips": [], "mblogtype": 0, "userType": 0, "more_info_type": 0, "cardid": "star_1624", "number_display_strategy": {"apply_scenario_flag": 3, "display_text_min_number": 1000000, "display_text": "100万+"}, "positive_recom_flag": 0, "content_auth": 0, "gif_ids": "", "is_show_bulletin": 2, "comment_manage_info": {"comment_permission_type": -1, "approval_comment_type": 0, "comment_sort_type": 0, "ai_play_picture_type": 0}, "pic_num": 0, "fid": 4847629560184899, "can_reprint": false, "new_comment_style": 0}, "readtimetype": "comment", "sync_id": 4847629560184899, "sync_uuid": 4847629560184899, "sync_generate_level": 1, "match_ai_play_picture": false}