{"created_at": "Fri Nov 25 10:05:59 +0800 2022", "id": 4839633311237352, "rootid": 4839447621796137, "rootidstr": "4839447621796137", "floor_number": 0, "text": "回复@Letemtalk:笑死我😆", "disable_reply": 0, "is_mblog_author": true, "restrictOperate": 0, "source_allowclick": 0, "source_type": 4, "source": "<a href=\"\" rel=\"nofollow\">来自湖南</a>", "comment_badge": [{"pic_url": "https://h5.sinaimg.cn/upload/1007/25/2019/05/17/feed_icon_poster_identity133low.png", "name": "blogger", "length": 1.33, "actionlog": {"act_code": "3671", "ext": "status:author"}, "scheme": "https://kefu.weibo.com/faqdetail?id=20848"}], "user": {"id": 5873028254, "idstr": "5873028254", "class": 1, "screen_name": "卡梅拉芒果", "name": "卡梅拉芒果", "province": "100", "city": "1000", "location": "其他", "description": "一颗不会让人过敏却会拍照讲故事爱看电影的芒果。🍋英国/北京/长沙/东瀛/BUPT/ Warwick🎞欢迎约拍私信", "url": "", "profile_image_url": "https://tvax4.sinaimg.cn/crop.0.0.1080.1080.50/006psCWaly8goud5rmw47j30u00u0q3w.jpg?KID=imgbed,tva&Expires=1669639548&ssig=pjmPAFwC42", "light_ring": false, "cover_image_phone": "http://ww1.sinaimg.cn/crop.0.0.640.640.640/549d0121tw1egm1kjly3jj20hs0hsq4f.jpg", "profile_url": "u/5873028254", "domain": "", "weihao": "", "gender": "f", "followers_count": 182, "followers_count_str": "182", "friends_count": 102, "pagefriends_count": 4, "statuses_count": 585, "video_status_count": 3, "video_play_count": 0, "super_topic_not_syn_count": 0, "favourites_count": 5, "created_at": "Thu Mar 03 09:44:29 +0800 2016", "following": false, "allow_all_act_msg": false, "geo_enabled": true, "verified": false, "verified_type": -1, "remark": "", "insecurity": {"sexual_content": false}, "ptype": 0, "allow_all_comment": true, "avatar_large": "https://tvax4.sinaimg.cn/crop.0.0.1080.1080.180/006psCWaly8goud5rmw47j30u00u0q3w.jpg?KID=imgbed,tva&Expires=1669639548&ssig=VRAwyuiEIH", "avatar_hd": "https://tvax4.sinaimg.cn/crop.0.0.1080.1080.1024/006psCWaly8goud5rmw47j30u00u0q3w.jpg?KID=imgbed,tva&Expires=1669639548&ssig=Vs%2BvHpcBuf", "verified_reason": "", "verified_trade": "", "verified_reason_url": "", "verified_source": "", "verified_source_url": "", "follow_me": false, "like": false, "like_me": false, "online_status": 0, "bi_followers_count": 95, "lang": "zh-cn", "star": 0, "mbtype": 0, "mbrank": 0, "svip": 0, "mb_expire_time": 0, "block_word": 0, "block_app": 0, "chaohua_ability": 0, "brand_ability": 0, "nft_ability": 0, "vplus_ability": 0, "wenda_ability": 0, "live_ability": 0, "gongyi_ability": 0, "paycolumn_ability": 0, "newbrand_ability": 0, "ecommerce_ability": 0, "hardfan_ability": 0, "credit_score": 80, "user_ability": 10747904, "urank": 19, "story_read_state": -1, "vclub_member": 0, "is_teenager": 0, "is_guardian": 0, "is_teenager_list": 0, "pc_new": 0, "special_follow": false, "planet_video": 0, "video_mark": 0, "live_status": 0, "user_ability_extend": 0, "status_total_counter": {"total_cnt": 2131, "repost_cnt": 31, "comment_cnt": 681, "like_cnt": 1414, "comment_like_cnt": 5}, "video_total_counter": {"play_cnt": 21}, "brand_account": 0, "hongbaofei": 0, "tab_manage": "[0, 0]", "reward_status": 0, "green_mode": 0, "urisk": 0, "avatar_type": 0}, "mid": "4839633311237352", "idstr": "4839633311237352", "status": {"visible": {"type": 0, "list_id": 0}, "created_at": "Wed Nov 23 23:20:45 +0800 2022", "id": 4839108541679988, "idstr": "4839108541679988", "mid": "4839108541679988", "can_edit": false, "version": 1, "show_additional_indication": 0, "text": "过去的七年，每一年的冬天我都会在北京待一阵子。前四年读书，然后是工作和陪家人。今天看到新闻说北京站关闭了，我和北京无意的“冬季之约”也结束了。 ​", "textLength": 142, "source_allowclick": 0, "source_type": 2, "source": "<a href=\"http://weibo.com/\" rel=\"nofollow\">iPhone</a>", "favorited": false, "truncated": false, "in_reply_to_status_id": "", "in_reply_to_user_id": "", "in_reply_to_screen_name": "", "pic_urls": [{"thumbnail_pic": "http://wx3.sinaimg.cn/thumbnail/006psCWagy1h8fh1uc3yvj318y0u0duv.jpg"}], "thumbnail_pic": "http://wx3.sinaimg.cn/thumbnail/006psCWagy1h8fh1uc3yvj318y0u0duv.jpg", "bmiddle_pic": "http://wx3.sinaimg.cn/bmiddle/006psCWagy1h8fh1uc3yvj318y0u0duv.jpg", "original_pic": "http://wx3.sinaimg.cn/large/006psCWagy1h8fh1uc3yvj318y0u0duv.jpg", "geo": null, "is_paid": false, "mblog_vip_type": 0, "user": {"id": 5873028254, "idstr": "5873028254", "class": 1, "screen_name": "卡梅拉芒果", "name": "卡梅拉芒果", "province": "100", "city": "1000", "location": "其他", "description": "一颗不会让人过敏却会拍照讲故事爱看电影的芒果。🍋英国/北京/长沙/东瀛/BUPT/ Warwick🎞欢迎约拍私信", "url": "", "profile_image_url": "https://tvax4.sinaimg.cn/crop.0.0.1080.1080.50/006psCWaly8goud5rmw47j30u00u0q3w.jpg?KID=imgbed,tva&Expires=1669639548&ssig=pjmPAFwC42", "light_ring": false, "cover_image_phone": "http://ww1.sinaimg.cn/crop.0.0.640.640.640/549d0121tw1egm1kjly3jj20hs0hsq4f.jpg", "profile_url": "u/5873028254", "domain": "", "weihao": "", "gender": "f", "followers_count": 182, "followers_count_str": "182", "friends_count": 102, "pagefriends_count": 4, "statuses_count": 585, "video_status_count": 3, "video_play_count": 0, "super_topic_not_syn_count": 0, "favourites_count": 5, "created_at": "Thu Mar 03 09:44:29 +0800 2016", "following": false, "allow_all_act_msg": false, "geo_enabled": true, "verified": false, "verified_type": -1, "remark": "", "insecurity": {"sexual_content": false}, "ptype": 0, "allow_all_comment": true, "avatar_large": "https://tvax4.sinaimg.cn/crop.0.0.1080.1080.180/006psCWaly8goud5rmw47j30u00u0q3w.jpg?KID=imgbed,tva&Expires=1669639548&ssig=VRAwyuiEIH", "avatar_hd": "https://tvax4.sinaimg.cn/crop.0.0.1080.1080.1024/006psCWaly8goud5rmw47j30u00u0q3w.jpg?KID=imgbed,tva&Expires=1669639548&ssig=Vs%2BvHpcBuf", "verified_reason": "", "verified_trade": "", "verified_reason_url": "", "verified_source": "", "verified_source_url": "", "follow_me": false, "like": false, "like_me": false, "online_status": 0, "bi_followers_count": 95, "lang": "zh-cn", "star": 0, "mbtype": 0, "mbrank": 0, "svip": 0, "mb_expire_time": 0, "block_word": 0, "block_app": 0, "chaohua_ability": 0, "brand_ability": 0, "nft_ability": 0, "vplus_ability": 0, "wenda_ability": 0, "live_ability": 0, "gongyi_ability": 0, "paycolumn_ability": 0, "newbrand_ability": 0, "ecommerce_ability": 0, "hardfan_ability": 0, "credit_score": 80, "user_ability": 10747904, "urank": 19, "story_read_state": -1, "vclub_member": 0, "is_teenager": 0, "is_guardian": 0, "is_teenager_list": 0, "pc_new": 0, "special_follow": false, "planet_video": 0, "video_mark": 0, "live_status": 0, "user_ability_extend": 0, "status_total_counter": {"total_cnt": 2131, "repost_cnt": 31, "comment_cnt": 681, "like_cnt": 1414, "comment_like_cnt": 5}, "video_total_counter": {"play_cnt": 21}, "brand_account": 0, "hongbaofei": 0, "tab_manage": "[0, 0]", "reward_status": 0, "green_mode": 0, "urisk": 0, "avatar_type": 0}, "annotations": [{"photo_sub_type": "0"}, {}, {"client_mblogid": "iPhone-6AA6164C-F99C-49C3-B200-DD357453DBB1"}, {"mapi_request": true}], "filterID": "0:305", "picStatus": "0:1", "reposts_count": 0, "comments_count": 0, "reprint_cmt_count": 0, "attitudes_count": 0, "pending_approval_count": 0, "isLongText": false, "reward_exhibition_type": 0, "hide_flag": 0, "mlevel": 128, "show_mlevel": 0, "biz_feature": 4294967300, "hasActionTypeCard": 0, "darwin_tags": [], "hot_weibo_tags": [], "text_tag_tips": [], "mblogtype": 0, "userType": 0, "mlevelSource": "monitor", "more_info_type": 0, "number_display_strategy": {"apply_scenario_flag": 3, "display_text_min_number": 1000000, "display_text": "100万+"}, "positive_recom_flag": 0, "content_auth": 0, "gif_ids": "", "is_show_bulletin": 2, "comment_manage_info": {"comment_permission_type": -1, "approval_comment_type": 0, "comment_sort_type": 0, "ai_play_picture_type": 0}, "pic_num": 1, "can_reprint": false, "new_comment_style": 0}, "reply_comment": {"created_at": "Thu Nov 24 21:48:07 +0800 2022", "id": 4839447621796137, "rootid": 4839447621796137, "rootidstr": "4839447621796137", "floor_number": 3, "text": "造谣了[二哈] http://t.cn/A6KyexiA", "disable_reply": 0, "restrictOperate": 0, "user": {"id": 5213967080, "idstr": "5213967080", "class": 1, "screen_name": "Letemtalk", "name": "Letemtalk", "province": "100", "city": "1000", "location": "其他", "description": "👩‍❤️‍👨", "url": "", "profile_image_url": "https://tvax1.sinaimg.cn/crop.0.0.630.630.50/005GRh1ely8h0z85geazaj30hi0hit9u.jpg?KID=imgbed,tva&Expires=1669639548&ssig=rhNV%2B1Sapr", "light_ring": false, "cover_image_phone": "http://ww1.sinaimg.cn/crop.0.0.640.640.640/9d44112bjw1f1xl1c10tuj20hs0hs0tw.jpg", "profile_url": "shawntzzy", "domain": "shawntzzy", "weihao": "", "gender": "m", "followers_count": 222, "followers_count_str": "222", "friends_count": 330, "pagefriends_count": 6, "statuses_count": 2709, "video_status_count": 6, "video_play_count": 0, "super_topic_not_syn_count": 0, "favourites_count": 9, "created_at": "Sat Jul 12 11:37:12 +0800 2014", "following": false, "allow_all_act_msg": false, "geo_enabled": true, "verified": false, "verified_type": -1, "remark": "", "insecurity": {"sexual_content": false}, "ptype": 0, "allow_all_comment": true, "avatar_large": "https://tvax1.sinaimg.cn/crop.0.0.630.630.180/005GRh1ely8h0z85geazaj30hi0hit9u.jpg?KID=imgbed,tva&Expires=1669639548&ssig=Uz%2B8oEoD56", "avatar_hd": "https://tvax1.sinaimg.cn/crop.0.0.630.630.1024/005GRh1ely8h0z85geazaj30hi0hit9u.jpg?KID=imgbed,tva&Expires=1669639548&ssig=CEqtM8HQG%2B", "verified_reason": "", "verified_trade": "", "verified_reason_url": "", "verified_source": "", "verified_source_url": "", "follow_me": false, "like": false, "like_me": false, "online_status": 0, "bi_followers_count": 90, "lang": "zh-cn", "star": 0, "mbtype": 2, "mbrank": 1, "svip": 0, "mb_expire_time": 1556726399, "block_word": 0, "block_app": 0, "chaohua_ability": 0, "brand_ability": 0, "nft_ability": 0, "vplus_ability": 0, "wenda_ability": 0, "live_ability": 0, "gongyi_ability": 0, "paycolumn_ability": 0, "newbrand_ability": 0, "ecommerce_ability": 0, "hardfan_ability": 0, "credit_score": 80, "user_ability": 2360320, "cardid": "star_100880397755", "avatargj_id": "gj_vip_149", "urank": 36, "story_read_state": -1, "vclub_member": 0, "is_teenager": 0, "is_guardian": 0, "is_teenager_list": 0, "pc_new": 7, "special_follow": false, "planet_video": 2, "video_mark": 2, "live_status": 0, "user_ability_extend": 0, "status_total_counter": {"total_cnt": 5151, "repost_cnt": 253, "comment_cnt": 2061, "like_cnt": 2829, "comment_like_cnt": 8}, "video_total_counter": {"play_cnt": 1322}, "brand_account": 0, "hongbaofei": 0, "tab_manage": "[16912010, 0]", "reward_status": 0, "green_mode": 0, "urisk": 8589934592, "avatar_type": 0}, "mid": "4839447621796137", "idstr": "4839447621796137", "match_ai_play_picture": false}, "reply_original_text": "笑死我😆", "readtimetype": "comment", "match_ai_play_picture": false}