{"created_at": "Tue Jun 21 13:19:27 +0800 2022", "id": 4782787100675846, "rootid": 4782390188443202, "rootidstr": "4782390188443202", "floor_number": 0, "text": "回复@气球哥-:我买个x5别人能提成多少？睡一觉一万都舍不得给么？提成很高么？笑死了", "disable_reply": 0, "restrictOperate": 0, "source_allowclick": 0, "source_type": 4, "source": "<a href=\"\" rel=\"nofollow\">来自湖南</a>", "user": {"id": 3579344430, "idstr": "3579344430", "class": 1, "screen_name": "不玩微博无聊时看看", "name": "不玩微博无聊时看看", "province": "11", "city": "1000", "location": "北京", "description": "不玩微博，只看财经和美女用", "url": "", "profile_image_url": "https://tva3.sinaimg.cn/crop.0.0.180.180.50/d558762ejw1e8qgp5bmzyj2050050aa8.jpg?KID=imgbed,tva&Expires=1674070639&ssig=pan7lmU27a", "light_ring": false, "cover_image_phone": "https://ww1.sinaimg.cn/crop.0.0.640.640.640/549d0121tw1egm1kjly3jj20hs0hsq4f.jpg", "profile_url": "u/3579344430", "domain": "", "weihao": "", "gender": "m", "followers_count": 180, "followers_count_str": "180", "friends_count": 152, "pagefriends_count": 6, "statuses_count": 874, "video_status_count": 2, "video_play_count": 0, "super_topic_not_syn_count": 0, "favourites_count": 2, "created_at": "Thu Jul 04 09:00:53 +0800 2013", "following": false, "allow_all_act_msg": false, "geo_enabled": true, "verified": false, "verified_type": -1, "remark": "", "insecurity": {"sexual_content": false}, "ptype": 0, "allow_all_comment": true, "avatar_large": "https://tva3.sinaimg.cn/crop.0.0.180.180.180/d558762ejw1e8qgp5bmzyj2050050aa8.jpg?KID=imgbed,tva&Expires=1674070639&ssig=HRUt3MDBwQ", "avatar_hd": "https://tva3.sinaimg.cn/crop.0.0.180.180.1024/d558762ejw1e8qgp5bmzyj2050050aa8.jpg?KID=imgbed,tva&Expires=1674070639&ssig=JDfEkixUmD", "verified_reason": "", "verified_trade": "", "verified_reason_url": "", "verified_source": "", "verified_source_url": "", "follow_me": false, "like": false, "like_me": false, "online_status": 0, "bi_followers_count": 0, "lang": "zh-cn", "star": 0, "mbtype": 2, "mbrank": 2, "svip": 0, "mb_expire_time": 1636041599, "block_word": 0, "block_app": 0, "chaohua_ability": 0, "brand_ability": 0, "nft_ability": 0, "vplus_ability": 0, "wenda_ability": 0, "live_ability": 0, "gongyi_ability": 0, "paycolumn_ability": 0, "newbrand_ability": 0, "ecommerce_ability": 0, "hardfan_ability": 0, "wbcolumn_ability": 0, "credit_score": 80, "user_ability": 2359296, "urank": 4, "story_read_state": -1, "vclub_member": 0, "is_teenager": 0, "is_guardian": 0, "is_teenager_list": 0, "pc_new": 7, "special_follow": false, "planet_video": 2, "video_mark": 3, "live_status": 0, "user_ability_extend": 0, "status_total_counter": {"total_cnt": 272, "repost_cnt": 50, "comment_cnt": 65, "like_cnt": 147, "comment_like_cnt": 10}, "video_total_counter": {"play_cnt": 7372}, "brand_account": 0, "hongbaofei": 0, "tab_manage": "[0, 0]", "reward_status": 0, "green_mode": 0, "urisk": 549755813888, "unfollowing_recom_switch": 1, "avatar_type": 0}, "mid": "4782787100675846", "idstr": "4782787100675846", "status": {"visible": {"type": 0, "list_id": 0}, "created_at": "Sat Jun 18 19:02:34 +0800 2022", "id": 4781786283904474, "idstr": "4781786283904474", "mid": "4781786283904474", "can_edit": false, "version": 3, "show_additional_indication": 0, "text": "网友投稿\n说是十堰某销售卖奔驰送服务\n真刺激 ​", "textLength": 42, "source_allowclick": 0, "source_type": 1, "source": "<a href=\"http://app.weibo.com/t/feed/6vtZb0\" rel=\"nofollow\">微博 weibo.com</a>", "favorited": false, "truncated": false, "in_reply_to_status_id": "", "in_reply_to_user_id": "", "in_reply_to_screen_name": "", "pic_urls": [{"thumbnail_pic": "http://wx4.sinaimg.cn/thumbnail/006hJER1ly1h3clhdo8z8j30u01swahb.jpg"}, {"thumbnail_pic": "http://wx3.sinaimg.cn/thumbnail/006hJER1ly1h3clirakzxj30u01swah5.jpg"}, {"thumbnail_pic": "http://wx4.sinaimg.cn/thumbnail/006hJER1ly1h3clj9w2lmj30u01swn5x.jpg"}, {"thumbnail_pic": "http://wx4.sinaimg.cn/thumbnail/006hJER1ly1h3cljudziwj30u01sw0xv.jpg"}, {"thumbnail_pic": "http://wx3.sinaimg.cn/thumbnail/006hJER1ly1h3clkh391dj30u01swdno.jpg"}, {"thumbnail_pic": "http://wx1.sinaimg.cn/thumbnail/006hJER1ly1h3cllsrwnfj30u01swtf9.jpg"}], "thumbnail_pic": "http://wx4.sinaimg.cn/thumbnail/006hJER1ly1h3clhdo8z8j30u01swahb.jpg", "bmiddle_pic": "http://wx4.sinaimg.cn/bmiddle/006hJER1ly1h3clhdo8z8j30u01swahb.jpg", "original_pic": "http://wx4.sinaimg.cn/large/006hJER1ly1h3clhdo8z8j30u01swahb.jpg", "geo": null, "is_paid": false, "mblog_vip_type": 0, "user": {"id": 5758876511, "idstr": "5758876511", "class": 1, "screen_name": "传奇韭菜月半", "name": "传奇韭菜月半", "province": "11", "city": "1", "location": "北京 东城区", "description": "传奇韭菜 载具杀手 万磁王", "url": "", "profile_image_url": "https://tvax1.sinaimg.cn/crop.40.78.985.985.50/006hJER1ly8gxmxlaqfrrj30u00vlmzm.jpg?KID=imgbed,tva&Expires=1674070639&ssig=I6ORm7RhXz", "light_ring": false, "cover_image": "https://wx1.sinaimg.cn/crop.0.0.920.300/006hJER1ly1gnur7j3csmj30pk08cn9j.jpg", "cover_image_phone": "https://ww1.sinaimg.cn/crop.0.0.640.640.640/549d0121tw1egm1kjly3jj20hs0hsq4f.jpg", "profile_url": "u/5758876511", "domain": "", "weihao": "", "gender": "m", "followers_count": 191339, "followers_count_str": "19.1万", "friends_count": 1889, "pagefriends_count": 0, "statuses_count": 5589, "video_status_count": 217, "video_play_count": 0, "super_topic_not_syn_count": 0, "favourites_count": 3, "created_at": "Sat Nov 14 19:40:07 +0800 2015", "following": false, "allow_all_act_msg": false, "geo_enabled": true, "verified": true, "verified_type": 0, "remark": "", "insecurity": {"sexual_content": false}, "ptype": 0, "allow_all_comment": true, "avatar_large": "https://tvax1.sinaimg.cn/crop.40.78.985.985.180/006hJER1ly8gxmxlaqfrrj30u00vlmzm.jpg?KID=imgbed,tva&Expires=1674070639&ssig=LMkYRlnkdF", "avatar_hd": "https://tvax1.sinaimg.cn/crop.40.78.985.985.1024/006hJER1ly8gxmxlaqfrrj30u00vlmzm.jpg?KID=imgbed,tva&Expires=1674070639&ssig=yIqRMxWYDW", "verified_reason": "汽车博主 微博原创视频博主 潮流生活分享官", "verified_trade": "", "verified_reason_url": "", "verified_source": "", "verified_source_url": "", "verified_state": 0, "verified_level": 3, "verified_type_ext": 1, "has_service_tel": false, "verified_reason_modified": "", "verified_contact_name": "", "verified_contact_email": "", "verified_contact_mobile": "", "follow_me": false, "like": false, "like_me": false, "online_status": 0, "bi_followers_count": 716, "lang": "zh-cn", "star": 0, "mbtype": 12, "mbrank": 6, "svip": 0, "mb_expire_time": 1700323200, "block_word": 0, "block_app": 1, "chaohua_ability": 0, "brand_ability": 0, "nft_ability": 0, "vplus_ability": 0, "wenda_ability": 0, "live_ability": 1, "gongyi_ability": 0, "paycolumn_ability": 0, "newbrand_ability": 0, "ecommerce_ability": 0, "hardfan_ability": 1, "wbcolumn_ability": 0, "credit_score": 80, "user_ability": -2136735224, "cardid": "star_1319", "avatargj_id": "gj_vip_807", "urank": 8, "story_read_state": -1, "verified_detail": {"custom": 1, "data": [{"key": 2, "sub_key": 0, "weight": 10, "desc": "汽车博主", "timestamp": 0}, {"key": 16, "sub_key": 1, "weight": 11, "desc": "微博原创视频博主", "timestamp": 0}, {"key": 64, "sub_key": 0, "weight": 105, "desc": "潮流生活分享官", "timestamp": 0}]}, "vclub_member": 0, "is_teenager": 0, "is_guardian": 0, "is_teenager_list": 0, "pc_new": 6, "special_follow": false, "planet_video": 2, "video_mark": 15, "live_status": 0, "user_ability_extend": 1, "status_total_counter": {"total_cnt": 326873, "repost_cnt": 28792, "comment_cnt": 103731, "like_cnt": 97664, "comment_like_cnt": 96686}, "video_total_counter": {"play_cnt": 9868399}, "brand_account": 0, "hongbaofei": 0, "tab_manage": "[0, 0]", "reward_status": 0, "green_mode": 0, "urisk": 549755813888, "unfollowing_recom_switch": 1, "avatar_type": 0}, "picStatus": "1", "reposts_count": 0, "comments_count": 0, "reprint_cmt_count": 0, "attitudes_count": 0, "pending_approval_count": 0, "isLongText": false, "reward_exhibition_type": 0, "hide_flag": 0, "mlevel": 128, "show_mlevel": 0, "biz_feature": 0, "hasActionTypeCard": 0, "darwin_tags": [], "hot_weibo_tags": [], "text_tag_tips": [], "mblogtype": 0, "userType": 0, "mlevelSource": "monitor", "more_info_type": 0, "cardid": "star_1319", "number_display_strategy": {"apply_scenario_flag": 3, "display_text_min_number": 1000000, "display_text": "100万+"}, "positive_recom_flag": 0, "content_auth": 0, "gif_ids": "", "is_show_bulletin": 2, "comment_manage_info": {"comment_permission_type": -1, "approval_comment_type": 0, "comment_sort_type": 0, "ai_play_picture_type": 0}, "pic_num": 6, "can_reprint": false, "new_comment_style": 0}, "reply_comment": {"created_at": "Mon Jun 20 18:16:40 +0800 2022", "id": 4782499513239158, "rootid": 4782390188443202, "rootidstr": "4782390188443202", "floor_number": 0, "text": "回复@不玩微博无聊时看看:谁跟你说提成没多少的   你卖一辆奔驰，你看一下你能提多少   你还以为卖出奔驰  只能提一两百块钱？[doge]", "disable_reply": 0, "restrictOperate": 0, "user": {"id": 7095226165, "idstr": "7095226165", "class": 1, "screen_name": "气球哥-", "name": "气球哥-", "province": "100", "city": "1000", "location": "其他", "description": "微博是sb", "url": "", "profile_image_url": "https://tvax2.sinaimg.cn/crop.0.0.913.913.50/007KaQrHly8h33zo85s33j30pd0pd40n.jpg?KID=imgbed,tva&Expires=1674070639&ssig=f%2FgIbi%2Bi7X", "light_ring": false, "cover_image_phone": "https://ww1.sinaimg.cn/crop.0.0.640.640.640/549d0121tw1egm1kjly3jj20hs0hsq4f.jpg", "profile_url": "u/7095226165", "domain": "", "weihao": "", "gender": "m", "followers_count": 1, "followers_count_str": "1", "friends_count": 167, "pagefriends_count": 2, "statuses_count": 0, "video_status_count": 0, "video_play_count": 0, "super_topic_not_syn_count": 0, "favourites_count": 0, "created_at": "Wed Apr 24 12:41:15 +0800 2019", "following": false, "allow_all_act_msg": false, "geo_enabled": true, "verified": false, "verified_type": -1, "remark": "", "insecurity": {"sexual_content": false}, "ptype": 0, "allow_all_comment": true, "avatar_large": "https://tvax2.sinaimg.cn/crop.0.0.913.913.180/007KaQrHly8h33zo85s33j30pd0pd40n.jpg?KID=imgbed,tva&Expires=1674070639&ssig=8mcPsp9OeM", "avatar_hd": "https://tvax2.sinaimg.cn/crop.0.0.913.913.1024/007KaQrHly8h33zo85s33j30pd0pd40n.jpg?KID=imgbed,tva&Expires=1674070639&ssig=xDGvRpSCnG", "verified_reason": "", "verified_trade": "", "verified_reason_url": "", "verified_source": "", "verified_source_url": "", "follow_me": false, "like": false, "like_me": false, "online_status": 0, "bi_followers_count": 0, "lang": "zh-cn", "star": 0, "mbtype": 0, "mbrank": 0, "svip": 0, "mb_expire_time": 0, "block_word": 0, "block_app": 0, "credit_score": 80, "user_ability": 2097152, "urank": 1, "story_read_state": -1, "vclub_member": 0, "is_teenager": 0, "is_guardian": 0, "is_teenager_list": 0, "pc_new": 0, "special_follow": false, "planet_video": 0, "video_mark": 0, "live_status": 0, "user_ability_extend": 0, "status_total_counter": {"total_cnt": 0, "repost_cnt": 0, "comment_cnt": 0, "like_cnt": 0, "comment_like_cnt": 0}, "video_total_counter": {"play_cnt": 23}, "brand_account": 0, "hongbaofei": 0, "tab_manage": "[0, 0]", "green_mode": 0, "urisk": 524288, "unfollowing_recom_switch": 1, "block": 0, "block_me": 0, "avatar_type": 0}, "mid": "4782499513239158", "idstr": "4782499513239158", "match_ai_play_picture": false}, "reply_original_text": "我买个x5别人能提成多少？睡一觉一万都舍不得给么？提成很高么？笑死了", "readtimetype": "comment", "match_ai_play_picture": false}