{"created_at": "Mon Jun 20 17:54:54 +0800 2022", "id": 4782494032072284, "rootid": 4781841900641738, "rootidstr": "4781841900641738", "floor_number": 0, "text": "回复@Cargons先生:@不是昙花一现· [doge]", "disable_reply": 0, "restrictOperate": 0, "source_allowclick": 0, "source_type": 4, "source": "<a href=\"\" rel=\"nofollow\">来自北京</a>", "user": {"id": 5883916984, "idstr": "5883916984", "class": 1, "screen_name": "麦香鱼鱼_qvq", "name": "麦香鱼鱼_qvq", "province": "11", "city": "1000", "location": "北京", "description": "我大概知晓了西方人所说的天使射中了凡人之心", "url": "", "profile_image_url": "https://tvax2.sinaimg.cn/crop.0.0.600.600.50/006qcjAQly1h8xrpsq712j30go0goabb.jpg?KID=imgbed,tva&Expires=1674070672&ssig=IhXlTEAJzG", "light_ring": false, "cover_image_phone": "https://wx3.sinaimg.cn/crop.0.0.640.640.640/006qcjAQly1gv0tf0b3voj60u00u0q4w02.jpg", "profile_url": "u/5883916984", "domain": "", "weihao": "", "gender": "f", "followers_count": 148, "followers_count_str": "148", "friends_count": 274, "pagefriends_count": 48, "statuses_count": 27, "video_status_count": 2, "video_play_count": 0, "super_topic_not_syn_count": 0, "favourites_count": 77, "created_at": "Sat Mar 19 23:41:02 +0800 2016", "following": false, "allow_all_act_msg": false, "geo_enabled": true, "verified": false, "verified_type": -1, "remark": "", "insecurity": {"sexual_content": false}, "ptype": 0, "allow_all_comment": true, "avatar_large": "https://tvax2.sinaimg.cn/crop.0.0.600.600.180/006qcjAQly1h8xrpsq712j30go0goabb.jpg?KID=imgbed,tva&Expires=1674070672&ssig=NIRpDDtOjt", "avatar_hd": "https://tvax2.sinaimg.cn/crop.0.0.600.600.1024/006qcjAQly1h8xrpsq712j30go0goabb.jpg?KID=imgbed,tva&Expires=1674070672&ssig=eoTDGWVTZZ", "verified_reason": "", "verified_trade": "", "verified_reason_url": "", "verified_source": "", "verified_source_url": "", "follow_me": false, "like": false, "like_me": false, "online_status": 0, "bi_followers_count": 16, "lang": "zh-cn", "star": 0, "mbtype": 12, "mbrank": 5, "svip": 0, "mb_expire_time": 1699891200, "block_word": 0, "block_app": 1, "chaohua_ability": 0, "brand_ability": 0, "nft_ability": 0, "vplus_ability": 0, "wenda_ability": 0, "live_ability": 0, "gongyi_ability": 0, "paycolumn_ability": 0, "newbrand_ability": 0, "ecommerce_ability": 0, "hardfan_ability": 0, "wbcolumn_ability": 0, "credit_score": 80, "user_ability": 2359296, "cardid": "topic_100808bcbe8b37f37928bbc90b7e50da0b4fe8_lv9", "avatargj_id": "gj_vip_600", "urank": 9, "story_read_state": -1, "vclub_member": 0, "is_teenager": 0, "is_guardian": 0, "is_teenager_list": 0, "pc_new": 0, "special_follow": false, "planet_video": 2, "video_mark": 0, "live_status": 0, "user_ability_extend": 0, "video_cover": {"mid": 4791071023040494}, "status_total_counter": {"total_cnt": 163, "repost_cnt": 3, "comment_cnt": 65, "like_cnt": 92, "comment_like_cnt": 3}, "video_total_counter": {"play_cnt": 1095}, "brand_account": 0, "hongbaofei": 0, "tab_manage": "[0, 0]", "reward_status": 0, "green_mode": 0, "mb_like_privilege": {"like_id": "0057_168", "like_desc": ""}, "urisk": 0, "unfollowing_recom_switch": 1, "avatar_oid": "4844843617419392", "avatar_type": 0}, "mid": "4782494032072284", "idstr": "4782494032072284", "status": {"visible": {"type": 0, "list_id": 0}, "created_at": "Sat Jun 18 19:02:34 +0800 2022", "id": 4781786283904474, "idstr": "4781786283904474", "mid": "4781786283904474", "can_edit": false, "version": 3, "show_additional_indication": 0, "text": "网友投稿\n说是十堰某销售卖奔驰送服务\n真刺激 ​", "textLength": 42, "source_allowclick": 0, "source_type": 1, "source": "<a href=\"http://app.weibo.com/t/feed/6vtZb0\" rel=\"nofollow\">微博 weibo.com</a>", "favorited": false, "truncated": false, "in_reply_to_status_id": "", "in_reply_to_user_id": "", "in_reply_to_screen_name": "", "pic_urls": [{"thumbnail_pic": "http://wx4.sinaimg.cn/thumbnail/006hJER1ly1h3clhdo8z8j30u01swahb.jpg"}, {"thumbnail_pic": "http://wx3.sinaimg.cn/thumbnail/006hJER1ly1h3clirakzxj30u01swah5.jpg"}, {"thumbnail_pic": "http://wx4.sinaimg.cn/thumbnail/006hJER1ly1h3clj9w2lmj30u01swn5x.jpg"}, {"thumbnail_pic": "http://wx4.sinaimg.cn/thumbnail/006hJER1ly1h3cljudziwj30u01sw0xv.jpg"}, {"thumbnail_pic": "http://wx3.sinaimg.cn/thumbnail/006hJER1ly1h3clkh391dj30u01swdno.jpg"}, {"thumbnail_pic": "http://wx1.sinaimg.cn/thumbnail/006hJER1ly1h3cllsrwnfj30u01swtf9.jpg"}], "thumbnail_pic": "http://wx4.sinaimg.cn/thumbnail/006hJER1ly1h3clhdo8z8j30u01swahb.jpg", "bmiddle_pic": "http://wx4.sinaimg.cn/bmiddle/006hJER1ly1h3clhdo8z8j30u01swahb.jpg", "original_pic": "http://wx4.sinaimg.cn/large/006hJER1ly1h3clhdo8z8j30u01swahb.jpg", "geo": null, "is_paid": false, "mblog_vip_type": 0, "user": {"id": 5758876511, "idstr": "5758876511", "class": 1, "screen_name": "传奇韭菜月半", "name": "传奇韭菜月半", "province": "11", "city": "1", "location": "北京 东城区", "description": "传奇韭菜 载具杀手 万磁王", "url": "", "profile_image_url": "https://tvax1.sinaimg.cn/crop.40.78.985.985.50/006hJER1ly8gxmxlaqfrrj30u00vlmzm.jpg?KID=imgbed,tva&Expires=1674070672&ssig=u7sM91iH6P", "light_ring": false, "cover_image": "https://wx1.sinaimg.cn/crop.0.0.920.300/006hJER1ly1gnur7j3csmj30pk08cn9j.jpg", "cover_image_phone": "https://ww1.sinaimg.cn/crop.0.0.640.640.640/549d0121tw1egm1kjly3jj20hs0hsq4f.jpg", "profile_url": "u/5758876511", "domain": "", "weihao": "", "gender": "m", "followers_count": 191339, "followers_count_str": "19.1万", "friends_count": 1889, "pagefriends_count": 0, "statuses_count": 5589, "video_status_count": 217, "video_play_count": 0, "super_topic_not_syn_count": 0, "favourites_count": 3, "created_at": "Sat Nov 14 19:40:07 +0800 2015", "following": false, "allow_all_act_msg": false, "geo_enabled": true, "verified": true, "verified_type": 0, "remark": "", "insecurity": {"sexual_content": false}, "ptype": 0, "allow_all_comment": true, "avatar_large": "https://tvax1.sinaimg.cn/crop.40.78.985.985.180/006hJER1ly8gxmxlaqfrrj30u00vlmzm.jpg?KID=imgbed,tva&Expires=1674070672&ssig=%2BLj0DAW%2B%2BJ", "avatar_hd": "https://tvax1.sinaimg.cn/crop.40.78.985.985.1024/006hJER1ly8gxmxlaqfrrj30u00vlmzm.jpg?KID=imgbed,tva&Expires=1674070672&ssig=2A%2Bzeg6zO9", "verified_reason": "汽车博主 微博原创视频博主 潮流生活分享官", "verified_trade": "", "verified_reason_url": "", "verified_source": "", "verified_source_url": "", "verified_state": 0, "verified_level": 3, "verified_type_ext": 1, "has_service_tel": false, "verified_reason_modified": "", "verified_contact_name": "", "verified_contact_email": "", "verified_contact_mobile": "", "follow_me": false, "like": false, "like_me": false, "online_status": 0, "bi_followers_count": 716, "lang": "zh-cn", "star": 0, "mbtype": 12, "mbrank": 6, "svip": 0, "mb_expire_time": 1700323200, "block_word": 0, "block_app": 1, "chaohua_ability": 0, "brand_ability": 0, "nft_ability": 0, "vplus_ability": 0, "wenda_ability": 0, "live_ability": 1, "gongyi_ability": 0, "paycolumn_ability": 0, "newbrand_ability": 0, "ecommerce_ability": 0, "hardfan_ability": 1, "wbcolumn_ability": 0, "credit_score": 80, "user_ability": -2136735224, "cardid": "star_1319", "avatargj_id": "gj_vip_807", "urank": 8, "story_read_state": -1, "verified_detail": {"custom": 1, "data": [{"key": 2, "sub_key": 0, "weight": 10, "desc": "汽车博主", "timestamp": 0}, {"key": 16, "sub_key": 1, "weight": 11, "desc": "微博原创视频博主", "timestamp": 0}, {"key": 64, "sub_key": 0, "weight": 105, "desc": "潮流生活分享官", "timestamp": 0}]}, "vclub_member": 0, "is_teenager": 0, "is_guardian": 0, "is_teenager_list": 0, "pc_new": 6, "special_follow": false, "planet_video": 2, "video_mark": 15, "live_status": 0, "user_ability_extend": 1, "status_total_counter": {"total_cnt": 326873, "repost_cnt": 28792, "comment_cnt": 103731, "like_cnt": 97664, "comment_like_cnt": 96686}, "video_total_counter": {"play_cnt": 9868401}, "brand_account": 0, "hongbaofei": 0, "tab_manage": "[0, 0]", "reward_status": 0, "green_mode": 0, "urisk": 549755813888, "unfollowing_recom_switch": 1, "avatar_type": 0}, "picStatus": "1", "reposts_count": 0, "comments_count": 0, "reprint_cmt_count": 0, "attitudes_count": 0, "pending_approval_count": 0, "isLongText": false, "reward_exhibition_type": 0, "hide_flag": 0, "mlevel": 128, "show_mlevel": 0, "biz_feature": 0, "hasActionTypeCard": 0, "darwin_tags": [], "hot_weibo_tags": [], "text_tag_tips": [], "mblogtype": 0, "userType": 0, "mlevelSource": "monitor", "more_info_type": 0, "cardid": "star_1319", "number_display_strategy": {"apply_scenario_flag": 3, "display_text_min_number": 1000000, "display_text": "100万+"}, "positive_recom_flag": 0, "content_auth": 0, "gif_ids": "", "is_show_bulletin": 2, "comment_manage_info": {"comment_permission_type": -1, "approval_comment_type": 0, "comment_sort_type": 0, "ai_play_picture_type": 0}, "pic_num": 6, "can_reprint": false, "new_comment_style": 0}, "reply_comment": {"created_at": "Sat Jun 18 22:43:34 +0800 2022", "id": 4781841900641738, "rootid": 4781841900641738, "rootidstr": "4781841900641738", "floor_number": 17, "text": "这没人 我偷偷说一句 我前年在南京买车就享受到了[允悲]", "disable_reply": 0, "restrictOperate": 0, "user": {"id": 2685843432, "idstr": "2685843432", "class": 1, "screen_name": "Cargons先生", "name": "Cargons先生", "province": "100", "city": "1000", "location": "其他", "description": "", "url": "", "profile_image_url": "https://tvax2.sinaimg.cn/crop.0.0.460.460.50/a016b7e8ly8h9qnoraosrj20cs0cst8v.jpg?KID=imgbed,tva&Expires=1674070672&ssig=J21CQe2tPF", "light_ring": false, "cover_image_phone": "https://ww4.sinaimg.cn/crop.0.0.640.640.640/a1d3feabjw1ecat3p2p2qj20hs0hsmz4.jpg", "profile_url": "u/2685843432", "domain": "", "weihao": "", "gender": "m", "followers_count": 775, "followers_count_str": "775", "friends_count": 2365, "pagefriends_count": 53, "statuses_count": 1122, "video_status_count": 1, "video_play_count": 0, "super_topic_not_syn_count": 0, "favourites_count": 1364, "created_at": "Thu Jan 26 02:46:39 +0800 2012", "following": false, "allow_all_act_msg": false, "geo_enabled": true, "verified": false, "verified_type": -1, "remark": "", "insecurity": {"sexual_content": false}, "ptype": 0, "allow_all_comment": true, "avatar_large": "https://tvax2.sinaimg.cn/crop.0.0.460.460.180/a016b7e8ly8h9qnoraosrj20cs0cst8v.jpg?KID=imgbed,tva&Expires=1674070672&ssig=6UQhsvoYve", "avatar_hd": "https://tvax2.sinaimg.cn/crop.0.0.460.460.1024/a016b7e8ly8h9qnoraosrj20cs0cst8v.jpg?KID=imgbed,tva&Expires=1674070672&ssig=WNTTY58FF7", "verified_reason": "", "verified_trade": "", "verified_reason_url": "", "verified_source": "", "verified_source_url": "", "follow_me": false, "like": false, "like_me": false, "online_status": 0, "bi_followers_count": 33, "lang": "zh-cn", "star": 0, "mbtype": 2, "mbrank": 1, "svip": 0, "mb_expire_time": 1643126399, "block_word": 0, "block_app": 0, "credit_score": 80, "user_ability": 2097152, "cardid": "star_1624", "urank": 18, "story_read_state": -1, "vclub_member": 0, "is_teenager": 0, "is_guardian": 0, "is_teenager_list": 0, "pc_new": 0, "special_follow": false, "planet_video": 0, "video_mark": 0, "live_status": 0, "user_ability_extend": 1, "status_total_counter": {"total_cnt": 100, "repost_cnt": 23, "comment_cnt": 16, "like_cnt": 59, "comment_like_cnt": 2}, "video_total_counter": {"play_cnt": 1567}, "brand_account": 0, "hongbaofei": 0, "tab_manage": "[0, 0]", "green_mode": 0, "urisk": 566935683072, "unfollowing_recom_switch": 1, "block": 0, "block_me": 0, "avatar_type": 0}, "mid": "4781841900641738", "idstr": "4781841900641738", "match_ai_play_picture": false}, "reply_original_text": "@不是昙花一现· [doge]", "readtimetype": "comment", "match_ai_play_picture": false}