{"created_at": "Thu Dec 15 02:42:11 +0800 2022", "id": 4846769378427594, "rootid": 4846718200581732, "rootidstr": "4846718200581732", "floor_number": 0, "text": "回复@黑旗202210:DNA占了90%，剩下的10%才是运动、饮食", "disable_reply": 0, "restrictOperate": 0, "source_allowclick": 0, "source_type": 4, "source": "<a href=\"\" rel=\"nofollow\">来自河南</a>", "user": {"id": 7797577857, "idstr": "7797577857", "class": 1, "screen_name": "黑旗202210", "name": "黑旗202210", "province": "100", "city": "1000", "location": "其他", "description": "", "url": "", "profile_image_url": "https://tvax4.sinaimg.cn/crop.0.0.1080.1080.50/008vHQcNly8h7il1ejwomj30u00u00w1.jpg?KID=imgbed,tva&Expires=1673963666&ssig=tK6mNQ63vZ", "light_ring": false, "cover_image_phone": "https://ww1.sinaimg.cn/crop.0.0.640.640.640/549d0121tw1egm1kjly3jj20hs0hsq4f.jpg", "profile_url": "u/7797577857", "domain": "", "weihao": "", "gender": "m", "followers_count": 0, "followers_count_str": "0", "friends_count": 16, "pagefriends_count": 3, "statuses_count": 3, "video_status_count": 0, "video_play_count": 0, "super_topic_not_syn_count": 0, "favourites_count": 0, "created_at": "Wed Oct 26 12:32:19 +0800 2022", "following": false, "allow_all_act_msg": false, "geo_enabled": true, "verified": false, "verified_type": -1, "remark": "", "insecurity": {"sexual_content": false}, "ptype": 0, "allow_all_comment": true, "avatar_large": "https://tvax4.sinaimg.cn/crop.0.0.1080.1080.180/008vHQcNly8h7il1ejwomj30u00u00w1.jpg?KID=imgbed,tva&Expires=1673963666&ssig=98pmsSFbyj", "avatar_hd": "https://tvax4.sinaimg.cn/crop.0.0.1080.1080.1024/008vHQcNly8h7il1ejwomj30u00u00w1.jpg?KID=imgbed,tva&Expires=1673963666&ssig=3uP7VnqC%2Bq", "verified_reason": "", "verified_trade": "", "verified_reason_url": "", "verified_source": "", "verified_source_url": "", "follow_me": false, "like": false, "like_me": false, "online_status": 0, "bi_followers_count": 0, "lang": "zh-cn", "star": 0, "mbtype": 0, "mbrank": 0, "svip": 0, "mb_expire_time": 0, "block_word": 0, "block_app": 0, "chaohua_ability": 0, "brand_ability": 0, "nft_ability": 0, "vplus_ability": 0, "wenda_ability": 0, "live_ability": 0, "gongyi_ability": 0, "paycolumn_ability": 0, "newbrand_ability": 0, "ecommerce_ability": 0, "hardfan_ability": 0, "wbcolumn_ability": 0, "credit_score": 80, "user_ability": 2097152, "urank": 0, "story_read_state": -1, "vclub_member": 0, "is_teenager": 0, "is_guardian": 0, "is_teenager_list": 0, "pc_new": 0, "special_follow": false, "planet_video": 0, "video_mark": 0, "live_status": 0, "user_ability_extend": 0, "status_total_counter": {"total_cnt": 0, "repost_cnt": 0, "comment_cnt": 0, "like_cnt": 0, "comment_like_cnt": 0}, "video_total_counter": {"play_cnt": -1}, "brand_account": 0, "hongbaofei": 0, "tab_manage": "[0, 0]", "reward_status": 0, "green_mode": 0, "urisk": 524288, "avatar_type": 0}, "mid": "4846769378427594", "idstr": "4846769378427594", "status": {"visible": {"type": 0, "list_id": 0}, "created_at": "Wed Dec 14 23:03:52 +0800 2022", "id": 4846714437505067, "idstr": "4846714437505067", "mid": "4846714437505067", "can_edit": false, "version": 3, "show_additional_indication": 0, "text": "#体操冠军杨威确诊新冠高烧40度#他这么好的身体素质，阳了烧起来也很要命。\n大家和家里的老人有杨威那么好的身体素质吗？如果没有，那就更应该好好做防护，不要聚集!  ​ http://t.cn/A6KNCzY0 ​", "textLength": 179, "source_allowclick": 1, "source_type": 1, "source": "<a href=\"http://app.weibo.com/t/feed/3zujaA\" rel=\"nofollow\">荣耀30 Pro 5G</a>", "favorited": false, "truncated": false, "in_reply_to_status_id": "", "in_reply_to_user_id": "", "in_reply_to_screen_name": "", "pic_urls": [], "geo": null, "is_paid": false, "mblog_vip_type": 0, "user": {"id": 5714505323, "idstr": "5714505323", "class": 1, "screen_name": "速递视频君", "name": "速递视频君", "province": "81", "city": "1000", "location": "香港", "description": "需要推广，请私信联系我！", "url": "", "profile_image_url": "https://tvax3.sinaimg.cn/crop.0.0.1080.1080.50/006eJtSHly8gnd3sjpw2xj30u00u0tax.jpg?KID=imgbed,tva&Expires=1673963666&ssig=JXazkin4NN", "light_ring": false, "cover_image_phone": "https://wx4.sinaimg.cn/crop.0.0.640.640.640/006eJtSHgy1fqyzygog08j30yi0yi0ud.jpg;https://wx4.sinaimg.cn/crop.0.0.640.640.640/006eJtSHgy1foy7xnt3k7j30yi0yiwkg.jpg;https://wx3.sinaimg.cn/crop.0.0.640.640.640/006eJtSHgy1fc261ffybej30u00u0134.jpg", "profile_url": "u/5714505323", "domain": "", "weihao": "", "gender": "m", "followers_count": 2074151, "followers_count_str": "207.4万", "friends_count": 68, "pagefriends_count": 54, "statuses_count": 40765, "video_status_count": 6470, "video_play_count": 0, "super_topic_not_syn_count": 4, "favourites_count": 12, "created_at": "Wed Sep 30 11:28:44 +0800 2015", "following": false, "allow_all_act_msg": false, "geo_enabled": false, "verified": true, "verified_type": 0, "remark": "", "insecurity": {"sexual_content": false}, "ptype": 0, "allow_all_comment": true, "avatar_large": "https://tvax3.sinaimg.cn/crop.0.0.1080.1080.180/006eJtSHly8gnd3sjpw2xj30u00u0tax.jpg?KID=imgbed,tva&Expires=1673963666&ssig=kTANKveHoU", "avatar_hd": "https://tvax3.sinaimg.cn/crop.0.0.1080.1080.1024/006eJtSHly8gnd3sjpw2xj30u00u0tax.jpg?KID=imgbed,tva&Expires=1673963666&ssig=DLs%2BKiyi%2B%2F", "verified_reason": "娱乐博主", "verified_trade": "1012", "verified_reason_url": "", "verified_source": "", "verified_source_url": "", "verified_state": 0, "verified_level": 3, "verified_type_ext": 1, "has_service_tel": false, "verified_reason_modified": "", "verified_contact_name": "", "verified_contact_email": "", "verified_contact_mobile": "", "follow_me": false, "like": false, "like_me": false, "online_status": 0, "bi_followers_count": 8, "lang": "zh-hk", "star": 0, "mbtype": 12, "mbrank": 7, "svip": 0, "mb_expire_time": 1710864000, "block_word": 0, "block_app": 1, "chaohua_ability": 0, "brand_ability": 0, "nft_ability": 0, "vplus_ability": 0, "wenda_ability": 0, "live_ability": 0, "gongyi_ability": 0, "paycolumn_ability": 0, "newbrand_ability": 0, "ecommerce_ability": 0, "hardfan_ability": 0, "wbcolumn_ability": 0, "credit_score": 80, "user_ability": -2135685108, "cardid": "star_1576", "urank": 41, "story_read_state": -1, "verified_detail": {"custom": 1, "data": [{"key": 2, "sub_key": 0, "weight": 10, "desc": "娱乐博主"}, {"key": 16, "sub_key": 3, "weight": 0, "desc": "微博故事原创作者"}, {"key": 16, "sub_key": 10, "weight": 0, "desc": "娱乐综艺视频自媒体"}]}, "vclub_member": 0, "is_teenager": 0, "is_guardian": 0, "is_teenager_list": 0, "pc_new": 7, "special_follow": false, "planet_video": 2, "video_mark": 15, "live_status": 0, "user_ability_extend": 0, "status_total_counter": {"total_cnt": 11726624, "repost_cnt": 835399, "comment_cnt": 1197727, "like_cnt": 6375319, "comment_like_cnt": 3318179}, "video_total_counter": {"play_cnt": 534166708}, "brand_account": 0, "hongbaofei": 0, "tab_manage": "[0, 0]", "reward_status": 0, "green_mode": 0, "urisk": 558345748480, "avatar_type": 0}, "annotations": [{}, {}, {"client_mblogid": "369c743e-64f3-45b0-9f42-c1df305ddfa5"}, {"mapi_request": true}], "reposts_count": 0, "comments_count": 0, "reprint_cmt_count": 0, "attitudes_count": 0, "pending_approval_count": 0, "isLongText": false, "reward_exhibition_type": 0, "hide_flag": 0, "mlevel": 0, "show_mlevel": 0, "biz_ids": [230444], "biz_feature": 4294967304, "page_type": 64, "hasActionTypeCard": 0, "darwin_tags": [], "hot_weibo_tags": [], "text_tag_tips": [], "mblogtype": 0, "userType": 0, "more_info_type": 0, "cardid": "star_1576", "number_display_strategy": {"apply_scenario_flag": 3, "display_text_min_number": 1000000, "display_text": "100万+"}, "positive_recom_flag": 0, "content_auth": 0, "gif_ids": "", "is_show_bulletin": 2, "comment_manage_info": {"comment_permission_type": -1, "approval_comment_type": 0, "comment_sort_type": 0, "ai_play_picture_type": 0}, "pic_num": 0, "fid": 4846714384285873, "can_reprint": false, "new_comment_style": 0}, "reply_comment": {"created_at": "Thu Dec 15 02:41:28 +0800 2022", "id": 4846769198334931, "rootid": 4846718200581732, "rootidstr": "4846718200581732", "floor_number": 0, "text": "回复@小玎噹:和免疫力有直接且最重要关系的是：DNA！", "disable_reply": 0, "restrictOperate": 0, "user": {"id": 7797577857, "idstr": "7797577857", "class": 1, "screen_name": "黑旗202210", "name": "黑旗202210", "province": "100", "city": "1000", "location": "其他", "description": "", "url": "", "profile_image_url": "https://tvax4.sinaimg.cn/crop.0.0.1080.1080.50/008vHQcNly8h7il1ejwomj30u00u00w1.jpg?KID=imgbed,tva&Expires=1673963666&ssig=tK6mNQ63vZ", "light_ring": false, "cover_image_phone": "https://ww1.sinaimg.cn/crop.0.0.640.640.640/549d0121tw1egm1kjly3jj20hs0hsq4f.jpg", "profile_url": "u/7797577857", "domain": "", "weihao": "", "gender": "m", "followers_count": 0, "followers_count_str": "0", "friends_count": 16, "pagefriends_count": 3, "statuses_count": 3, "video_status_count": 0, "video_play_count": 0, "super_topic_not_syn_count": 0, "favourites_count": 0, "created_at": "Wed Oct 26 12:32:19 +0800 2022", "following": false, "allow_all_act_msg": false, "geo_enabled": true, "verified": false, "verified_type": -1, "remark": "", "insecurity": {"sexual_content": false}, "ptype": 0, "allow_all_comment": true, "avatar_large": "https://tvax4.sinaimg.cn/crop.0.0.1080.1080.180/008vHQcNly8h7il1ejwomj30u00u00w1.jpg?KID=imgbed,tva&Expires=1673963666&ssig=98pmsSFbyj", "avatar_hd": "https://tvax4.sinaimg.cn/crop.0.0.1080.1080.1024/008vHQcNly8h7il1ejwomj30u00u00w1.jpg?KID=imgbed,tva&Expires=1673963666&ssig=3uP7VnqC%2Bq", "verified_reason": "", "verified_trade": "", "verified_reason_url": "", "verified_source": "", "verified_source_url": "", "follow_me": false, "like": false, "like_me": false, "online_status": 0, "bi_followers_count": 0, "lang": "zh-cn", "star": 0, "mbtype": 0, "mbrank": 0, "svip": 0, "mb_expire_time": 0, "block_word": 0, "block_app": 0, "chaohua_ability": 0, "brand_ability": 0, "nft_ability": 0, "vplus_ability": 0, "wenda_ability": 0, "live_ability": 0, "gongyi_ability": 0, "paycolumn_ability": 0, "newbrand_ability": 0, "ecommerce_ability": 0, "hardfan_ability": 0, "wbcolumn_ability": 0, "credit_score": 80, "user_ability": 2097152, "urank": 0, "story_read_state": -1, "vclub_member": 0, "is_teenager": 0, "is_guardian": 0, "is_teenager_list": 0, "pc_new": 0, "special_follow": false, "planet_video": 0, "video_mark": 0, "live_status": 0, "user_ability_extend": 0, "status_total_counter": {"total_cnt": 0, "repost_cnt": 0, "comment_cnt": 0, "like_cnt": 0, "comment_like_cnt": 0}, "video_total_counter": {"play_cnt": -1}, "brand_account": 0, "hongbaofei": 0, "tab_manage": "[0, 0]", "reward_status": 0, "green_mode": 0, "urisk": 524288, "avatar_type": 0}, "mid": "4846769198334931", "idstr": "4846769198334931", "match_ai_play_picture": false}, "reply_original_text": "DNA占了90%，剩下的10%才是运动、饮食", "readtimetype": "comment", "match_ai_play_picture": false}