{"created_at": "Thu Dec 15 05:11:39 +0800 2022", "id": 4846806993208299, "rootid": 4846806993208299, "rootidstr": "4846806993208299", "floor_number": 37, "text": "外面阳人口罩都不戴了反正没人管[黑线]", "disable_reply": 0, "restrictOperate": 0, "source_allowclick": 0, "source_type": 4, "source": "<a href=\"\" rel=\"nofollow\">来自上海</a>", "user": {"id": 2154069964, "idstr": "2154069964", "class": 1, "screen_name": "哆来咪发唆Do-re-mi-fa-so", "name": "哆来咪发唆Do-re-mi-fa-so", "province": "31", "city": "1000", "location": "上海", "description": "何弃疗的颜控", "url": "", "profile_image_url": "https://tvax1.sinaimg.cn/crop.0.0.1242.1242.50/80647fccly8fqcg5s890fj20yi0yiwiv.jpg?KID=imgbed,tva&Expires=1673963666&ssig=aHJ9M7TgGz", "light_ring": false, "cover_image": "https://ww2.sinaimg.cn/crop.0.116.980.300/80647fccgw1eda45ajhg1j20r80erwhh.jpg", "cover_image_phone": "https://wx4.sinaimg.cn/crop.0.0.640.640.640/80647fccly1h7vd1kmqt8j207507574e.jpg", "profile_url": "u/2154069964", "domain": "", "weihao": "", "gender": "f", "followers_count": 571, "followers_count_str": "571", "friends_count": 340, "pagefriends_count": 45, "statuses_count": 8239, "video_status_count": 2, "video_play_count": 0, "super_topic_not_syn_count": 0, "favourites_count": 542, "created_at": "Sat May 26 00:10:37 +0800 2012", "following": false, "allow_all_act_msg": false, "geo_enabled": true, "verified": false, "verified_type": 200, "remark": "", "insecurity": {"sexual_content": false}, "ptype": 0, "allow_all_comment": false, "avatar_large": "https://tvax1.sinaimg.cn/crop.0.0.1242.1242.180/80647fccly8fqcg5s890fj20yi0yiwiv.jpg?KID=imgbed,tva&Expires=1673963666&ssig=TEcTAobST%2F", "avatar_hd": "https://tvax1.sinaimg.cn/crop.0.0.1242.1242.1024/80647fccly8fqcg5s890fj20yi0yiwiv.jpg?KID=imgbed,tva&Expires=1673963666&ssig=G1r%2Bzgx9F5", "verified_reason": "", "verified_trade": "", "verified_reason_url": "", "verified_source": "", "verified_source_url": "", "follow_me": false, "like": false, "like_me": false, "online_status": 0, "bi_followers_count": 3, "lang": "zh-cn", "star": 0, "mbtype": 0, "mbrank": 0, "svip": 0, "mb_expire_time": 0, "block_word": 0, "block_app": 0, "chaohua_ability": 0, "brand_ability": 0, "nft_ability": 0, "vplus_ability": 0, "wenda_ability": 0, "live_ability": 0, "gongyi_ability": 0, "paycolumn_ability": 0, "newbrand_ability": 0, "ecommerce_ability": 0, "hardfan_ability": 0, "wbcolumn_ability": 0, "credit_score": 80, "user_ability": 2359296, "urank": 42, "story_read_state": -1, "vclub_member": 0, "is_teenager": 0, "is_guardian": 0, "is_teenager_list": 0, "pc_new": 0, "special_follow": false, "planet_video": 2, "video_mark": 12, "live_status": 0, "user_ability_extend": 0, "status_total_counter": {"total_cnt": 1132, "repost_cnt": 98, "comment_cnt": 452, "like_cnt": 581, "comment_like_cnt": 1}, "video_total_counter": {"play_cnt": 126}, "brand_account": 0, "hongbaofei": 0, "tab_manage": "[0, 0]", "reward_status": 0, "green_mode": 0, "urisk": 17179869184, "avatar_type": 0}, "mid": "4846806993208299", "idstr": "4846806993208299", "status": {"visible": {"type": 0, "list_id": 0}, "created_at": "Wed Dec 14 23:03:52 +0800 2022", "id": 4846714437505067, "idstr": "4846714437505067", "mid": "4846714437505067", "can_edit": false, "version": 3, "show_additional_indication": 0, "text": "#体操冠军杨威确诊新冠高烧40度#他这么好的身体素质，阳了烧起来也很要命。\n大家和家里的老人有杨威那么好的身体素质吗？如果没有，那就更应该好好做防护，不要聚集!  ​ http://t.cn/A6KNCzY0 ​", "textLength": 179, "source_allowclick": 1, "source_type": 1, "source": "<a href=\"http://app.weibo.com/t/feed/3zujaA\" rel=\"nofollow\">荣耀30 Pro 5G</a>", "favorited": false, "truncated": false, "in_reply_to_status_id": "", "in_reply_to_user_id": "", "in_reply_to_screen_name": "", "pic_urls": [], "geo": null, "is_paid": false, "mblog_vip_type": 0, "user": {"id": 5714505323, "idstr": "5714505323", "class": 1, "screen_name": "速递视频君", "name": "速递视频君", "province": "81", "city": "1000", "location": "香港", "description": "需要推广，请私信联系我！", "url": "", "profile_image_url": "https://tvax3.sinaimg.cn/crop.0.0.1080.1080.50/006eJtSHly8gnd3sjpw2xj30u00u0tax.jpg?KID=imgbed,tva&Expires=1673963666&ssig=JXazkin4NN", "light_ring": false, "cover_image_phone": "https://wx4.sinaimg.cn/crop.0.0.640.640.640/006eJtSHgy1fqyzygog08j30yi0yi0ud.jpg;https://wx4.sinaimg.cn/crop.0.0.640.640.640/006eJtSHgy1foy7xnt3k7j30yi0yiwkg.jpg;https://wx3.sinaimg.cn/crop.0.0.640.640.640/006eJtSHgy1fc261ffybej30u00u0134.jpg", "profile_url": "u/5714505323", "domain": "", "weihao": "", "gender": "m", "followers_count": 2074151, "followers_count_str": "207.4万", "friends_count": 68, "pagefriends_count": 54, "statuses_count": 40765, "video_status_count": 6470, "video_play_count": 0, "super_topic_not_syn_count": 4, "favourites_count": 12, "created_at": "Wed Sep 30 11:28:44 +0800 2015", "following": false, "allow_all_act_msg": false, "geo_enabled": false, "verified": true, "verified_type": 0, "remark": "", "insecurity": {"sexual_content": false}, "ptype": 0, "allow_all_comment": true, "avatar_large": "https://tvax3.sinaimg.cn/crop.0.0.1080.1080.180/006eJtSHly8gnd3sjpw2xj30u00u0tax.jpg?KID=imgbed,tva&Expires=1673963666&ssig=kTANKveHoU", "avatar_hd": "https://tvax3.sinaimg.cn/crop.0.0.1080.1080.1024/006eJtSHly8gnd3sjpw2xj30u00u0tax.jpg?KID=imgbed,tva&Expires=1673963666&ssig=DLs%2BKiyi%2B%2F", "verified_reason": "娱乐博主", "verified_trade": "1012", "verified_reason_url": "", "verified_source": "", "verified_source_url": "", "verified_state": 0, "verified_level": 3, "verified_type_ext": 1, "has_service_tel": false, "verified_reason_modified": "", "verified_contact_name": "", "verified_contact_email": "", "verified_contact_mobile": "", "follow_me": false, "like": false, "like_me": false, "online_status": 0, "bi_followers_count": 8, "lang": "zh-hk", "star": 0, "mbtype": 12, "mbrank": 7, "svip": 0, "mb_expire_time": 1710864000, "block_word": 0, "block_app": 1, "chaohua_ability": 0, "brand_ability": 0, "nft_ability": 0, "vplus_ability": 0, "wenda_ability": 0, "live_ability": 0, "gongyi_ability": 0, "paycolumn_ability": 0, "newbrand_ability": 0, "ecommerce_ability": 0, "hardfan_ability": 0, "wbcolumn_ability": 0, "credit_score": 80, "user_ability": -2135685108, "cardid": "star_1576", "urank": 41, "story_read_state": -1, "verified_detail": {"custom": 1, "data": [{"key": 2, "sub_key": 0, "weight": 10, "desc": "娱乐博主"}, {"key": 16, "sub_key": 3, "weight": 0, "desc": "微博故事原创作者"}, {"key": 16, "sub_key": 10, "weight": 0, "desc": "娱乐综艺视频自媒体"}]}, "vclub_member": 0, "is_teenager": 0, "is_guardian": 0, "is_teenager_list": 0, "pc_new": 7, "special_follow": false, "planet_video": 2, "video_mark": 15, "live_status": 0, "user_ability_extend": 0, "status_total_counter": {"total_cnt": 11726624, "repost_cnt": 835399, "comment_cnt": 1197727, "like_cnt": 6375319, "comment_like_cnt": 3318179}, "video_total_counter": {"play_cnt": 534166708}, "brand_account": 0, "hongbaofei": 0, "tab_manage": "[0, 0]", "reward_status": 0, "green_mode": 0, "urisk": 558345748480, "avatar_type": 0}, "annotations": [{}, {}, {"client_mblogid": "369c743e-64f3-45b0-9f42-c1df305ddfa5"}, {"mapi_request": true}], "reposts_count": 0, "comments_count": 0, "reprint_cmt_count": 0, "attitudes_count": 0, "pending_approval_count": 0, "isLongText": false, "reward_exhibition_type": 0, "hide_flag": 0, "mlevel": 0, "show_mlevel": 0, "biz_ids": [230444], "biz_feature": 4294967304, "page_type": 64, "hasActionTypeCard": 0, "darwin_tags": [], "hot_weibo_tags": [], "text_tag_tips": [], "mblogtype": 0, "userType": 0, "more_info_type": 0, "cardid": "star_1576", "number_display_strategy": {"apply_scenario_flag": 3, "display_text_min_number": 1000000, "display_text": "100万+"}, "positive_recom_flag": 0, "content_auth": 0, "gif_ids": "", "is_show_bulletin": 2, "comment_manage_info": {"comment_permission_type": -1, "approval_comment_type": 0, "comment_sort_type": 0, "ai_play_picture_type": 0}, "pic_num": 0, "fid": 4846714384285873, "can_reprint": false, "new_comment_style": 0}, "readtimetype": "comment", "comment_dynamic_message": {"id": "0", "start_color": "#00FFFFFF", "end_color": "#1AFFFFFF", "start_color_dark": "#003A3A3A", "end_color_dark": "#333A3A3A", "name": {"zh_CN": "默认", "zh_HK": "默認", "en_US": "default"}, "scheme": "https://new.vip.weibo.cn/bubble/mall?showmenu=0&decorateId=0&uid=2154069964", "allow_vip_box_content": "用此评论气泡", "allow_vip_box_icon": "https://h5.sinaimg.cn/upload/100/1720/2022/08/08/icon_VIP_for_comment_bubble.png"}, "match_ai_play_picture": false}