{"created_at": "Sun Dec 11 18:48:34 +0800 2022", "id": 4845563026084511, "rootid": 4845507631121383, "rootidstr": "4845507631121383", "floor_number": 0, "text": "回复@power-陷进去了:把那个关了的教授放出来，让他来搞基因编辑，生产侏儒小猪就好了。", "disable_reply": 0, "restrictOperate": 0, "source_allowclick": 0, "source_type": 4, "source": "<a href=\"\" rel=\"nofollow\">来自广东</a>", "user": {"id": 5617090247, "idstr": "5617090247", "class": 1, "screen_name": "lose-gods_favor", "name": "lose-gods_favor", "province": "100", "city": "1000", "location": "其他", "description": "曾经炸号了，没什么可说的。", "url": "", "profile_image_url": "https://tvax4.sinaimg.cn/crop.0.0.1002.1002.50/00688JLNly8gd60f8wv84j30ru0ru0v8.jpg?KID=imgbed,tva&Expires=1674051110&ssig=zuFcU8SbqK", "light_ring": false, "cover_image_phone": "https://ww1.sinaimg.cn/crop.0.0.640.640.640/549d0121tw1egm1kjly3jj20hs0hsq4f.jpg", "profile_url": "u/5617090247", "domain": "", "weihao": "", "gender": "m", "followers_count": 33, "followers_count_str": "33", "friends_count": 183, "pagefriends_count": 0, "statuses_count": 783, "video_status_count": 0, "video_play_count": 0, "super_topic_not_syn_count": 0, "favourites_count": 170, "created_at": "Thu Dec 22 12:42:12 +0800 2016", "following": false, "allow_all_act_msg": false, "geo_enabled": true, "verified": false, "verified_type": -1, "remark": "", "insecurity": {"sexual_content": false}, "ptype": 0, "allow_all_comment": true, "avatar_large": "https://tvax4.sinaimg.cn/crop.0.0.1002.1002.180/00688JLNly8gd60f8wv84j30ru0ru0v8.jpg?KID=imgbed,tva&Expires=1674051110&ssig=k0AB1gmjhm", "avatar_hd": "https://tvax4.sinaimg.cn/crop.0.0.1002.1002.1024/00688JLNly8gd60f8wv84j30ru0ru0v8.jpg?KID=imgbed,tva&Expires=1674051110&ssig=OX9c98ADGi", "verified_reason": "", "verified_trade": "", "verified_reason_url": "", "verified_source": "", "verified_source_url": "", "follow_me": false, "like": false, "like_me": false, "online_status": 0, "bi_followers_count": 0, "lang": "zh-cn", "star": 0, "mbtype": 0, "mbrank": 0, "svip": 0, "mb_expire_time": 0, "block_word": 0, "block_app": 0, "chaohua_ability": 0, "brand_ability": 0, "nft_ability": 0, "vplus_ability": 0, "wenda_ability": 0, "live_ability": 0, "gongyi_ability": 0, "paycolumn_ability": 0, "newbrand_ability": 0, "ecommerce_ability": 0, "hardfan_ability": 0, "wbcolumn_ability": 0, "credit_score": 80, "user_ability": 0, "urank": 4, "story_read_state": -1, "vclub_member": 0, "is_teenager": 0, "is_guardian": 0, "is_teenager_list": 0, "pc_new": 7, "special_follow": false, "planet_video": 0, "video_mark": 0, "live_status": 0, "user_ability_extend": 0, "status_total_counter": {"total_cnt": 55, "repost_cnt": 14, "comment_cnt": 20, "like_cnt": 21, "comment_like_cnt": 0}, "video_total_counter": {"play_cnt": -1}, "brand_account": 0, "hongbaofei": 0, "tab_manage": "[0, 0]", "reward_status": 0, "green_mode": 0, "urisk": 17179869184, "unfollowing_recom_switch": 1, "avatar_type": 0}, "mid": "4845563026084511", "idstr": "4845563026084511", "status": {"visible": {"type": 0, "list_id": 0}, "created_at": "Sun Dec 11 14:00:36 +0800 2022", "id": 4845490556897487, "idstr": "4845490556897487", "mid": "4845490556897487", "can_edit": false, "version": 1, "show_additional_indication": 0, "text": "#东北居民网购宠物猪收到已冻僵#\n东北这边冬天真的很冷很冷\n都是零下十几度二十几度\n尤其是冬天不能购活体宠物\n这样对谁来说都是一种伤害\n最好还是去实体店里看猪猪\n猪猪🐷很可爱的，看着这个挺伤心的\n\ncr瘦瘦 http://t.cn/A6KoK9g9 ​", "textLength": 217, "source_allowclick": 0, "source_type": 2, "source": "", "favorited": false, "truncated": false, "in_reply_to_status_id": "", "in_reply_to_user_id": "", "in_reply_to_screen_name": "", "pic_urls": [], "geo": null, "is_paid": false, "mblog_vip_type": 0, "user": {"id": 5470341280, "idstr": "5470341280", "class": 1, "screen_name": "萧梓橙·W", "name": "萧梓橙·W", "province": "21", "city": "1", "location": "辽宁 沈阳", "description": "檀健次的注水小炭火🔥🔥🔥", "url": "", "profile_image_url": "https://tvax1.sinaimg.cn/crop.0.0.512.512.50/005YcZEYly8h6ob6r5t82j30e80e8jrh.jpg?KID=imgbed,tva&Expires=1674051110&ssig=rgCR40gIJ%2F", "light_ring": false, "cover_image_phone": "https://wx1.sinaimg.cn/crop.0.0.640.640.640/005YcZEYly1h4k8gv4ba3j30e80e8gn0.jpg", "profile_url": "u/5470341280", "domain": "", "weihao": "", "gender": "f", "followers_count": 13141, "followers_count_str": "1.3万", "friends_count": 960, "pagefriends_count": 35, "statuses_count": 1767, "video_status_count": 286, "video_play_count": 0, "super_topic_not_syn_count": 12, "favourites_count": 249, "created_at": "Sun Feb 15 14:59:49 +0800 2015", "following": false, "allow_all_act_msg": false, "geo_enabled": true, "verified": true, "verified_type": 0, "remark": "", "insecurity": {"sexual_content": false}, "ptype": 0, "allow_all_comment": true, "avatar_large": "https://tvax1.sinaimg.cn/crop.0.0.512.512.180/005YcZEYly8h6ob6r5t82j30e80e8jrh.jpg?KID=imgbed,tva&Expires=1674051110&ssig=q%2FcImG1mSg", "avatar_hd": "https://tvax1.sinaimg.cn/crop.0.0.512.512.1024/005YcZEYly8h6ob6r5t82j30e80e8jrh.jpg?KID=imgbed,tva&Expires=1674051110&ssig=5D%2BKaR6iQE", "verified_reason": "娱乐博主 超话创作官（檀健次超话） 微博剪辑视频博主", "verified_trade": "", "verified_reason_url": "", "verified_source": "", "verified_source_url": "", "verified_state": 0, "verified_level": 3, "verified_type_ext": 1, "has_service_tel": false, "verified_reason_modified": "", "verified_contact_name": "", "verified_contact_email": "", "verified_contact_mobile": "", "follow_me": false, "like": false, "like_me": false, "online_status": 0, "bi_followers_count": 555, "lang": "zh-cn", "star": 0, "mbtype": 12, "mbrank": 3, "svip": 0, "mb_expire_time": 1720540800, "block_word": 0, "block_app": 1, "chaohua_ability": 0, "brand_ability": 0, "nft_ability": 0, "vplus_ability": 0, "wenda_ability": 0, "live_ability": 0, "gongyi_ability": 0, "paycolumn_ability": 0, "newbrand_ability": 0, "ecommerce_ability": 0, "hardfan_ability": 1, "wbcolumn_ability": 0, "credit_score": 80, "user_ability": 44303880, "cardid": "star_1530", "avatargj_id": "gj_vip_589", "urank": 4, "story_read_state": -1, "verified_detail": {"custom": 0, "data": [{"key": 16, "sub_key": 4, "weight": 103, "desc": "微博剪辑视频博主", "timestamp": 0}, {"key": 8, "sub_key": 0, "weight": 102, "desc": "超话创作官（檀健次超话）", "timestamp": 0}, {"key": 2, "sub_key": 0, "weight": 101, "desc": "娱乐博主", "timestamp": 0}]}, "vclub_member": 0, "is_teenager": 0, "is_guardian": 0, "is_teenager_list": 0, "pc_new": 0, "special_follow": false, "planet_video": 2, "video_mark": 15, "live_status": 0, "user_ability_extend": 0, "status_total_counter": {"total_cnt": 139501, "repost_cnt": 2502, "comment_cnt": 54061, "like_cnt": 45241, "comment_like_cnt": 37697}, "video_total_counter": {"play_cnt": 2879638}, "brand_account": 0, "hongbaofei": 0, "tab_manage": "[0, 0]", "reward_status": 0, "green_mode": 0, "mb_like_privilege": {"like_id": "0012", "like_desc": "不愧是你！有眼光！"}, "urisk": 0, "unfollowing_recom_switch": 1, "avatar_type": 0}, "annotations": [{}, {"ann_ext": "ann_ext:search|t:31|q:#东北居民网购宠物猪收到已冻僵#|creator_source:bottomsendweibo"}, {"client_mblogid": "iPhone-85007CCB-10C3-43EA-8137-8DEA20FE0DDD"}, {"mapi_request": true}], "reposts_count": 0, "comments_count": 0, "reprint_cmt_count": 0, "attitudes_count": 0, "pending_approval_count": 0, "isLongText": false, "reward_exhibition_type": 0, "hide_flag": 0, "mlevel": 0, "show_mlevel": 0, "biz_ids": [230444], "biz_feature": 4294967304, "page_type": 64, "hasActionTypeCard": 0, "darwin_tags": [], "hot_weibo_tags": [], "text_tag_tips": [], "mblogtype": 0, "userType": 0, "more_info_type": 0, "cardid": "star_1530", "number_display_strategy": {"apply_scenario_flag": 3, "display_text_min_number": 1000000, "display_text": "100万+"}, "positive_recom_flag": 0, "content_auth": 0, "gif_ids": "", "is_show_bulletin": 2, "comment_manage_info": {"comment_permission_type": -1, "approval_comment_type": 0, "comment_sort_type": 0, "ai_play_picture_type": 0}, "pic_num": 0, "fid": 4845490347966726, "can_reprint": false, "new_comment_style": 0}, "reply_comment": {"created_at": "Sun Dec 11 15:08:26 +0800 2022", "id": 4845507631121383, "rootid": 4845507631121383, "rootidstr": "4845507631121383", "floor_number": 50, "text": "这玩意也就小时候好看，大了真的受不了 家里放不下[苦涩]", "disable_reply": 0, "restrictOperate": 0, "user": {"id": 2219868771, "idstr": "2219868771", "class": 1, "screen_name": "power-陷进去了", "name": "power-陷进去了", "province": "11", "city": "1000", "location": "北京", "description": "话不投机千万别聊，会变成智障。", "url": "", "profile_image_url": "https://tvax3.sinaimg.cn/crop.0.0.828.828.50/84508263ly8gsrct1r5u4j20n00n0q47.jpg?KID=imgbed,tva&Expires=1674051110&ssig=sE%2FUjuYJHA", "light_ring": false, "cover_image_phone": "https://ww2.sinaimg.cn/crop.0.0.640.640.640/6cf8d7ebjw1ehfr7sdv7vj20hs0hsjw1.jpg", "profile_url": "u/2219868771", "domain": "", "weihao": "", "gender": "m", "followers_count": 186, "followers_count_str": "186", "friends_count": 99, "pagefriends_count": 15, "statuses_count": 8078, "video_status_count": 0, "video_play_count": 0, "super_topic_not_syn_count": 2, "favourites_count": 142, "created_at": "Tue Jul 05 23:26:00 +0800 2011", "following": false, "allow_all_act_msg": false, "geo_enabled": true, "verified": false, "verified_type": -1, "remark": "", "insecurity": {"sexual_content": false}, "ptype": 0, "allow_all_comment": false, "avatar_large": "https://tvax3.sinaimg.cn/crop.0.0.828.828.180/84508263ly8gsrct1r5u4j20n00n0q47.jpg?KID=imgbed,tva&Expires=1674051110&ssig=fulP%2FqbpX%2F", "avatar_hd": "https://tvax3.sinaimg.cn/crop.0.0.828.828.1024/84508263ly8gsrct1r5u4j20n00n0q47.jpg?KID=imgbed,tva&Expires=1674051110&ssig=TkQYQb%2BpL8", "verified_reason": "", "verified_trade": "", "verified_reason_url": "", "verified_source": "", "verified_source_url": "", "follow_me": false, "like": false, "like_me": false, "online_status": 0, "bi_followers_count": 1, "lang": "zh-cn", "star": 0, "mbtype": 0, "mbrank": 0, "svip": 0, "mb_expire_time": 0, "block_word": 0, "block_app": 0, "chaohua_ability": 0, "brand_ability": 0, "nft_ability": 0, "vplus_ability": 0, "wenda_ability": 0, "live_ability": 0, "gongyi_ability": 0, "paycolumn_ability": 0, "newbrand_ability": 0, "ecommerce_ability": 0, "hardfan_ability": 0, "wbcolumn_ability": 0, "credit_score": 80, "user_ability": 2098176, "urank": 18, "story_read_state": -1, "vclub_member": 0, "is_teenager": 0, "is_guardian": 1, "is_teenager_list": 0, "pc_new": 0, "special_follow": false, "planet_video": 0, "video_mark": 0, "live_status": 0, "user_ability_extend": 0, "status_total_counter": {"total_cnt": 4588, "repost_cnt": 3382, "comment_cnt": 132, "like_cnt": 1074, "comment_like_cnt": 0}, "video_total_counter": {"play_cnt": -1}, "brand_account": 0, "hongbaofei": 0, "tab_manage": "[0, 0]", "reward_status": 0, "green_mode": 0, "urisk": 549755813888, "unfollowing_recom_switch": 1, "avatar_type": 0}, "mid": "4845507631121383", "idstr": "4845507631121383", "sync_id": 4845490347966726, "sync_uuid": 4845490347966726, "sync_generate_level": 1, "match_ai_play_picture": false}, "reply_original_text": "把那个关了的教授放出来，让他来搞基因编辑，生产侏儒小猪就好了。", "readtimetype": "comment", "sync_id": 4845507631121383, "sync_uuid": 4845490347966726, "sync_generate_level": 2, "match_ai_play_picture": false}