{"created_at": "Sun Dec 11 14:18:23 +0800 2022", "id": 4845495031959286, "rootid": 4845495031959286, "rootidstr": "4845495031959286", "floor_number": 33, "text": "猪猪好可爱啊", "disable_reply": 0, "restrictOperate": 0, "source_allowclick": 0, "source_type": 4, "source": "<a href=\"\" rel=\"nofollow\">来自陕西</a>", "comment_badge": [{"pic_url": "https://h5.sinaimg.cn/upload/114/962/2022/07/08/member_0_bigfan1_1.png", "name": "loyal_fans", "length": 1.33, "actionlog": {"act_code": "3671", "ext": "status:fans"}, "scheme": "https://kefu.weibo.com/faqdetail?id=20848", "new_icon": true}], "user": {"id": 5669939055, "idstr": "5669939055", "class": 1, "screen_name": "龙蛇之变木雁之间", "name": "龙蛇之变木雁之间", "province": "61", "city": "1", "location": "陕西 西安", "description": "做最好的自己", "url": "", "profile_image_url": "https://tvax3.sinaimg.cn/crop.0.0.707.707.50/006bIu9Vly8h09blswrioj30jn0jnwfz.jpg?KID=imgbed,tva&Expires=1674051110&ssig=z6RGPTEcbX", "light_ring": false, "cover_image_phone": "https://ww1.sinaimg.cn/crop.0.0.640.640.640/549d0121tw1egm1kjly3jj20hs0hsq4f.jpg", "profile_url": "u/5669939055", "domain": "", "weihao": "", "gender": "f", "followers_count": 18, "followers_count_str": "18", "friends_count": 317, "pagefriends_count": 113, "statuses_count": 4050, "video_status_count": 24, "video_play_count": 0, "super_topic_not_syn_count": 0, "favourites_count": 0, "created_at": "Wed Aug 05 22:44:25 +0800 2015", "following": false, "allow_all_act_msg": false, "geo_enabled": true, "verified": false, "verified_type": -1, "remark": "", "insecurity": {"sexual_content": false}, "ptype": 0, "allow_all_comment": true, "avatar_large": "https://tvax3.sinaimg.cn/crop.0.0.707.707.180/006bIu9Vly8h09blswrioj30jn0jnwfz.jpg?KID=imgbed,tva&Expires=1674051110&ssig=I1xjUsjKI9", "avatar_hd": "https://tvax3.sinaimg.cn/crop.0.0.707.707.1024/006bIu9Vly8h09blswrioj30jn0jnwfz.jpg?KID=imgbed,tva&Expires=1674051110&ssig=XQfuO3Q01d", "verified_reason": "", "verified_trade": "", "verified_reason_url": "", "verified_source": "", "verified_source_url": "", "follow_me": false, "like": false, "like_me": false, "online_status": 0, "bi_followers_count": 16, "lang": "zh-cn", "star": 0, "mbtype": 0, "mbrank": 0, "svip": 0, "mb_expire_time": 0, "block_word": 0, "block_app": 0, "chaohua_ability": 0, "brand_ability": 0, "nft_ability": 0, "vplus_ability": 0, "wenda_ability": 0, "live_ability": 0, "gongyi_ability": 0, "paycolumn_ability": 0, "newbrand_ability": 0, "ecommerce_ability": 0, "hardfan_ability": 0, "wbcolumn_ability": 0, "credit_score": 80, "user_ability": 2359296, "urank": 1, "story_read_state": -1, "vclub_member": 0, "is_teenager": 0, "is_guardian": 0, "is_teenager_list": 0, "pc_new": 0, "special_follow": false, "planet_video": 2, "video_mark": 0, "live_status": 0, "user_ability_extend": 0, "status_total_counter": {"total_cnt": 588, "repost_cnt": 4, "comment_cnt": 114, "like_cnt": 466, "comment_like_cnt": 4}, "video_total_counter": {"play_cnt": 331}, "brand_account": 0, "hongbaofei": 0, "tab_manage": "[0, 0]", "reward_status": 0, "green_mode": 0, "urisk": 524288, "unfollowing_recom_switch": 1, "avatar_type": 0}, "mid": "4845495031959286", "idstr": "4845495031959286", "status": {"visible": {"type": 0, "list_id": 0}, "created_at": "Sun Dec 11 14:00:36 +0800 2022", "id": 4845490556897487, "idstr": "4845490556897487", "mid": "4845490556897487", "can_edit": false, "version": 1, "show_additional_indication": 0, "text": "#东北居民网购宠物猪收到已冻僵#\n东北这边冬天真的很冷很冷\n都是零下十几度二十几度\n尤其是冬天不能购活体宠物\n这样对谁来说都是一种伤害\n最好还是去实体店里看猪猪\n猪猪🐷很可爱的，看着这个挺伤心的\n\ncr瘦瘦 http://t.cn/A6KoK9g9 ​", "textLength": 217, "source_allowclick": 0, "source_type": 2, "source": "", "favorited": false, "truncated": false, "in_reply_to_status_id": "", "in_reply_to_user_id": "", "in_reply_to_screen_name": "", "pic_urls": [], "geo": null, "is_paid": false, "mblog_vip_type": 0, "user": {"id": 5470341280, "idstr": "5470341280", "class": 1, "screen_name": "萧梓橙·W", "name": "萧梓橙·W", "province": "21", "city": "1", "location": "辽宁 沈阳", "description": "檀健次的注水小炭火🔥🔥🔥", "url": "", "profile_image_url": "https://tvax1.sinaimg.cn/crop.0.0.512.512.50/005YcZEYly8h6ob6r5t82j30e80e8jrh.jpg?KID=imgbed,tva&Expires=1674051110&ssig=rgCR40gIJ%2F", "light_ring": false, "cover_image_phone": "https://wx1.sinaimg.cn/crop.0.0.640.640.640/005YcZEYly1h4k8gv4ba3j30e80e8gn0.jpg", "profile_url": "u/5470341280", "domain": "", "weihao": "", "gender": "f", "followers_count": 13141, "followers_count_str": "1.3万", "friends_count": 960, "pagefriends_count": 35, "statuses_count": 1767, "video_status_count": 286, "video_play_count": 0, "super_topic_not_syn_count": 12, "favourites_count": 249, "created_at": "Sun Feb 15 14:59:49 +0800 2015", "following": false, "allow_all_act_msg": false, "geo_enabled": true, "verified": true, "verified_type": 0, "remark": "", "insecurity": {"sexual_content": false}, "ptype": 0, "allow_all_comment": true, "avatar_large": "https://tvax1.sinaimg.cn/crop.0.0.512.512.180/005YcZEYly8h6ob6r5t82j30e80e8jrh.jpg?KID=imgbed,tva&Expires=1674051110&ssig=q%2FcImG1mSg", "avatar_hd": "https://tvax1.sinaimg.cn/crop.0.0.512.512.1024/005YcZEYly8h6ob6r5t82j30e80e8jrh.jpg?KID=imgbed,tva&Expires=1674051110&ssig=5D%2BKaR6iQE", "verified_reason": "娱乐博主 超话创作官（檀健次超话） 微博剪辑视频博主", "verified_trade": "", "verified_reason_url": "", "verified_source": "", "verified_source_url": "", "verified_state": 0, "verified_level": 3, "verified_type_ext": 1, "has_service_tel": false, "verified_reason_modified": "", "verified_contact_name": "", "verified_contact_email": "", "verified_contact_mobile": "", "follow_me": false, "like": false, "like_me": false, "online_status": 0, "bi_followers_count": 555, "lang": "zh-cn", "star": 0, "mbtype": 12, "mbrank": 3, "svip": 0, "mb_expire_time": 1720540800, "block_word": 0, "block_app": 1, "chaohua_ability": 0, "brand_ability": 0, "nft_ability": 0, "vplus_ability": 0, "wenda_ability": 0, "live_ability": 0, "gongyi_ability": 0, "paycolumn_ability": 0, "newbrand_ability": 0, "ecommerce_ability": 0, "hardfan_ability": 1, "wbcolumn_ability": 0, "credit_score": 80, "user_ability": 44303880, "cardid": "star_1530", "avatargj_id": "gj_vip_589", "urank": 4, "story_read_state": -1, "verified_detail": {"custom": 0, "data": [{"key": 16, "sub_key": 4, "weight": 103, "desc": "微博剪辑视频博主", "timestamp": 0}, {"key": 8, "sub_key": 0, "weight": 102, "desc": "超话创作官（檀健次超话）", "timestamp": 0}, {"key": 2, "sub_key": 0, "weight": 101, "desc": "娱乐博主", "timestamp": 0}]}, "vclub_member": 0, "is_teenager": 0, "is_guardian": 0, "is_teenager_list": 0, "pc_new": 0, "special_follow": false, "planet_video": 2, "video_mark": 15, "live_status": 0, "user_ability_extend": 0, "status_total_counter": {"total_cnt": 139501, "repost_cnt": 2502, "comment_cnt": 54061, "like_cnt": 45241, "comment_like_cnt": 37697}, "video_total_counter": {"play_cnt": 2879638}, "brand_account": 0, "hongbaofei": 0, "tab_manage": "[0, 0]", "reward_status": 0, "green_mode": 0, "mb_like_privilege": {"like_id": "0012", "like_desc": "不愧是你！有眼光！"}, "urisk": 0, "unfollowing_recom_switch": 1, "avatar_type": 0}, "annotations": [{}, {"ann_ext": "ann_ext:search|t:31|q:#东北居民网购宠物猪收到已冻僵#|creator_source:bottomsendweibo"}, {"client_mblogid": "iPhone-85007CCB-10C3-43EA-8137-8DEA20FE0DDD"}, {"mapi_request": true}], "reposts_count": 0, "comments_count": 0, "reprint_cmt_count": 0, "attitudes_count": 0, "pending_approval_count": 0, "isLongText": false, "reward_exhibition_type": 0, "hide_flag": 0, "mlevel": 0, "show_mlevel": 0, "biz_ids": [230444], "biz_feature": 4294967304, "page_type": 64, "hasActionTypeCard": 0, "darwin_tags": [], "hot_weibo_tags": [], "text_tag_tips": [], "mblogtype": 0, "userType": 0, "more_info_type": 0, "cardid": "star_1530", "number_display_strategy": {"apply_scenario_flag": 3, "display_text_min_number": 1000000, "display_text": "100万+"}, "positive_recom_flag": 0, "content_auth": 0, "gif_ids": "", "is_show_bulletin": 2, "comment_manage_info": {"comment_permission_type": -1, "approval_comment_type": 0, "comment_sort_type": 0, "ai_play_picture_type": 0}, "pic_num": 0, "fid": 4845490347966726, "can_reprint": false, "new_comment_style": 0}, "readtimetype": "comment", "comment_dynamic_message": {"id": "0", "start_color": "#00FFFFFF", "end_color": "#1AFFFFFF", "start_color_dark": "#003A3A3A", "end_color_dark": "#333A3A3A", "name": {"zh_CN": "默认", "zh_HK": "默認", "en_US": "default"}, "scheme": "https://new.vip.weibo.cn/bubble/mall?showmenu=0&decorateId=0&uid=5669939055", "allow_vip_box_content": "用此评论气泡", "allow_vip_box_icon": "https://h5.sinaimg.cn/upload/100/1720/2022/08/08/icon_VIP_for_comment_bubble.png"}, "match_ai_play_picture": false}