{"created_at": "Sun Aug 14 13:50:18 +0800 2022", "id": 4802363813266336, "rootid": 4802363813266336, "rootidstr": "4802363813266336", "floor_number": 4, "text": "红码不可怕，就怕隔离，主要是现在隔离的待遇越来越差了[笑cry]", "disable_reply": 0, "restrictOperate": 0, "source_allowclick": 0, "source_type": 4, "source": "<a href=\"\" rel=\"nofollow\">来自湖北</a>", "comment_badge": [{"pic_url": "https://h5.sinaimg.cn/upload/114/962/2022/07/08/member_0_bigfan3_2.png", "name": "loyal_fans", "length": 1.33, "actionlog": {"act_code": "3671", "ext": "status:fans"}, "scheme": "https://kefu.weibo.com/faqdetail?id=20848", "new_icon": true}], "user": {"id": 7137890944, "idstr": "7137890944", "class": 1, "screen_name": "猪猪侠未来战士", "name": "猪猪侠未来战士", "province": "42", "city": "1", "location": "湖北 武汉", "description": "", "url": "", "profile_image_url": "https://tvax1.sinaimg.cn/crop.0.0.996.996.50/007N3Rvily8gbh4t3n04vj30ro0ro0ui.jpg?KID=imgbed,tva&Expires=1669917480&ssig=%2BwBObxoitJ", "light_ring": false, "cover_image_phone": "http://ww1.sinaimg.cn/crop.0.0.640.640.640/549d0121tw1egm1kjly3jj20hs0hsq4f.jpg", "profile_url": "u/7137890944", "domain": "", "weihao": "", "gender": "m", "followers_count": 76, "followers_count_str": "76", "friends_count": 17, "pagefriends_count": 14, "statuses_count": 101, "video_status_count": 0, "video_play_count": 0, "super_topic_not_syn_count": 0, "favourites_count": 17, "created_at": "Tue May 14 14:35:05 +0800 2019", "following": false, "allow_all_act_msg": false, "geo_enabled": true, "verified": false, "verified_type": -1, "remark": "", "insecurity": {"sexual_content": false}, "ptype": 0, "allow_all_comment": true, "avatar_large": "https://tvax1.sinaimg.cn/crop.0.0.996.996.180/007N3Rvily8gbh4t3n04vj30ro0ro0ui.jpg?KID=imgbed,tva&Expires=1669917480&ssig=c0UT0Mz2ec", "avatar_hd": "https://tvax1.sinaimg.cn/crop.0.0.996.996.1024/007N3Rvily8gbh4t3n04vj30ro0ro0ui.jpg?KID=imgbed,tva&Expires=1669917480&ssig=87QB4OWx%2Fv", "verified_reason": "", "verified_trade": "", "verified_reason_url": "", "verified_source": "", "verified_source_url": "", "follow_me": false, "like": false, "like_me": false, "online_status": 0, "bi_followers_count": 0, "lang": "zh-cn", "star": 0, "mbtype": 2, "mbrank": 1, "svip": 1, "mb_expire_time": 1668268799, "block_word": 0, "block_app": 0, "chaohua_ability": 0, "brand_ability": 0, "nft_ability": 0, "vplus_ability": 0, "wenda_ability": 0, "live_ability": 0, "gongyi_ability": 0, "paycolumn_ability": 0, "newbrand_ability": 0, "ecommerce_ability": 0, "hardfan_ability": 0, "credit_score": 80, "user_ability": 2097152, "urank": 1, "story_read_state": -1, "vclub_member": 0, "is_teenager": 0, "is_guardian": 0, "is_teenager_list": 0, "pc_new": 0, "special_follow": false, "planet_video": 0, "video_mark": 2, "live_status": 0, "user_ability_extend": 0, "status_total_counter": {"total_cnt": 26, "repost_cnt": 0, "comment_cnt": 14, "like_cnt": 12, "comment_like_cnt": 0}, "video_total_counter": {"play_cnt": -1}, "brand_account": 0, "hongbaofei": 0, "tab_manage": "[0, 0]", "reward_status": 0, "green_mode": 0, "urisk": 0, "avatar_type": 0}, "mid": "4802363813266336", "idstr": "4802363813266336", "status": {"visible": {"type": 0, "list_id": 0}, "created_at": "Sun Aug 14 12:06:36 +0800 2022", "id": 4802337711850597, "idstr": "4802337711850597", "mid": "4802337711850597", "can_edit": false, "version": 2, "show_additional_indication": 0, "text": "海南儋州今天早上在文化广场做核酸，有一个人打开健康码，发现红码，排队做核酸的人赶紧跑，鞋子都跑丢了！\n#三亚本轮疫情毒株系我国首次检出##三亚发布疫情通报# \nhttp://t.cn/A6SyGiBv ​​​", "textLength": 180, "source_allowclick": 1, "source_type": 2, "source": "", "favorited": false, "truncated": false, "in_reply_to_status_id": "", "in_reply_to_user_id": "", "in_reply_to_screen_name": "", "pic_urls": [], "geo": null, "is_paid": false, "mblog_vip_type": 0, "user": {"id": 1593163950, "idstr": "1593163950", "class": 1, "screen_name": "周思CIO", "name": "周思CIO", "province": "11", "city": "1000", "location": "北京", "description": "投资心理学专家，抖音：随思论道", "url": "http://blog.sina.com.cn/trltbk", "profile_image_url": "https://tvax2.sinaimg.cn/crop.0.0.996.996.50/5ef5c0aely8fmoum3lorgj20ro0ro41r.jpg?KID=imgbed,tva&Expires=1669917480&ssig=DApcHLVvt8", "light_ring": false, "cover_image": "http://ww1.sinaimg.cn/crop.0.0.920.300/5ef5c0aejw1em5sxqprizj20pk08ctak.jpg", "cover_image_phone": "http://ww1.sinaimg.cn/crop.0.0.640.640.640/9d44112bjw1f1xl1c10tuj20hs0hs0tw.jpg", "profile_url": "trlt", "domain": "trlt", "weihao": "", "gender": "m", "followers_count": 809898, "followers_count_str": "81万", "friends_count": 274, "pagefriends_count": 48, "statuses_count": 40846, "video_status_count": 872, "video_play_count": 0, "super_topic_not_syn_count": 0, "favourites_count": 4622, "created_at": "Mon Oct 26 01:37:02 +0800 2009", "following": false, "allow_all_act_msg": true, "geo_enabled": false, "verified": true, "verified_type": 0, "remark": "", "insecurity": {"sexual_content": false}, "ptype": 0, "allow_all_comment": false, "avatar_large": "https://tvax2.sinaimg.cn/crop.0.0.996.996.180/5ef5c0aely8fmoum3lorgj20ro0ro41r.jpg?KID=imgbed,tva&Expires=1669917480&ssig=8NIrXHK0ca", "avatar_hd": "https://tvax2.sinaimg.cn/crop.0.0.996.996.1024/5ef5c0aely8fmoum3lorgj20ro0ro41r.jpg?KID=imgbed,tva&Expires=1669917480&ssig=FpgAMqijZK", "verified_reason": "作者，代表作《周氏股市心理学》  财经知识分享官 知名财经博主 头条文章作者", "verified_trade": "939", "verified_reason_url": "", "verified_source": "", "verified_source_url": "", "verified_state": 0, "verified_level": 3, "verified_type_ext": 1, "has_service_tel": false, "verified_reason_modified": "", "verified_contact_name": "", "verified_contact_email": "", "verified_contact_mobile": "", "follow_me": false, "like": false, "like_me": false, "online_status": 0, "bi_followers_count": 154, "lang": "zh-cn", "star": 0, "mbtype": 12, "mbrank": 8, "svip": 1, "mb_expire_time": 1670601600, "block_word": 1, "block_app": 1, "chaohua_ability": 0, "brand_ability": 0, "nft_ability": 0, "vplus_ability": 1, "wenda_ability": 0, "live_ability": 0, "gongyi_ability": 0, "paycolumn_ability": 3, "newbrand_ability": 0, "ecommerce_ability": 0, "hardfan_ability": 1, "ability_tags": "股票,宏观经济,股票分析,A股,期货,投资,经济政策", "dianping": "stock", "credit_score": 80, "user_ability": 10881560, "cardid": "star_1624", "urank": 48, "story_read_state": -1, "verified_detail": {"custom": 1, "data": [{"key": 4, "sub_key": 9, "weight": 999, "desc": "头条文章作者", "timestamp": 0}, {"key": 1, "sub_key": 0, "weight": 10, "desc": "作者，代表作《周氏股市心理学》  财经知识分享官", "timestamp": 0, "verify_extend": {"real_name_verified": "1"}}, {"key": 2, "sub_key": 0, "weight": 101, "desc": "知名财经博主", "timestamp": 0}]}, "vclub_member": 0, "is_teenager": 0, "is_guardian": 0, "is_teenager_list": 0, "pc_new": 7, "special_follow": false, "planet_video": 2, "video_mark": 15, "live_status": 0, "user_ability_extend": 1, "status_total_counter": {"total_cnt": 4183787, "repost_cnt": 508401, "comment_cnt": 1381896, "like_cnt": 2082214, "comment_like_cnt": 211276}, "video_total_counter": {"play_cnt": 14739941}, "brand_account": 0, "hongbaofei": 0, "tab_manage": "[0, 0]", "reward_status": 0, "green_mode": 0, "urisk": 0, "avatar_type": 0}, "annotations": [{}, {"shooting": 1, "client_mblogid": "2c720b60-1123-4a47-be27-c926a2365260"}, {"mapi_request": true}], "reposts_count": 0, "comments_count": 0, "reprint_cmt_count": 0, "attitudes_count": 0, "pending_approval_count": 0, "isLongText": false, "reward_exhibition_type": 0, "hide_flag": 0, "mlevel": 128, "show_mlevel": 0, "biz_ids": [230444], "biz_feature": 4294967304, "page_type": 64, "hasActionTypeCard": 0, "darwin_tags": [], "hot_weibo_tags": [], "text_tag_tips": [], "mblogtype": 0, "userType": 0, "mlevelSource": "monitor", "more_info_type": 0, "cardid": "star_1600", "number_display_strategy": {"apply_scenario_flag": 3, "display_text_min_number": 1000000, "display_text": "100万+"}, "positive_recom_flag": 0, "content_auth": 0, "gif_ids": "", "is_show_bulletin": 2, "comment_manage_info": {"comment_permission_type": -1, "approval_comment_type": 0, "comment_sort_type": 0, "ai_play_picture_type": 0}, "pic_num": 0, "can_reprint": false, "new_comment_style": 0}, "readtimetype": "comment", "match_ai_play_picture": false}