{"mid": "3225377512", "uid": "MmK3Ty0Xb", "name": "成都生态环境", "time": "2023-1-4 15:00:00", "local": "", "iphone": "微博视频号", "context": "【#候鸟睡觉的样子太可爱#】优雅端庄的天鹅、可可爱爱的红嘴鸥、亭亭玉立的白鹤，还有变身可爱“团子”的反嘴鹬，你pick哪一位？戳视频，一起看看这群可爱的小精灵吧↓↓↓央视频的微博视频", "comment_num": "22", "like_num": "15", "user": {"focus": "600", "fans": "15万", "tweet": "37228"}}