{"created_at": "Mon Nov 21 01:02:22 +0800 2022", "id": 4838046949706665, "rootid": 4838043650099077, "rootidstr": "4838043650099077", "floor_number": 0, "text": "回复@阿晟同学的碎碎念:有得吃就很不错了   封小区里还得找吃的  还得做饭", "disable_reply": 0, "is_mblog_author": true, "restrictOperate": 0, "source_allowclick": 0, "source_type": 4, "source": "<a href=\"\" rel=\"nofollow\">来自甘肃</a>", "comment_badge": [{"pic_url": "https://h5.sinaimg.cn/upload/1007/25/2019/05/17/feed_icon_poster_identity133low.png", "name": "blogger", "length": 1.33, "actionlog": {"act_code": "3671", "ext": "status:author"}, "scheme": "https://kefu.weibo.com/faqdetail?id=20848"}], "user": {"id": 7310889431, "idstr": "7310889431", "class": 1, "screen_name": "凯凯_818", "name": "凯凯_818", "province": "62", "city": "1", "location": "甘肃 兰州", "description": "梧高凤必至，花香蝶自来。 （屁大点事记录者）", "url": "", "profile_image_url": "https://tvax2.sinaimg.cn/crop.0.0.512.512.50/007YLKjtly8h7iqb74s08j30e80e8dgh.jpg?KID=imgbed,tva&Expires=1669635002&ssig=z3XvBghYDT", "light_ring": false, "cover_image_phone": "http://wx3.sinaimg.cn/crop.0.0.640.640.640/007YLKjtly1h802nl0xbvj30ku0kut9w.jpg", "profile_url": "u/7310889431", "domain": "", "weihao": "", "gender": "m", "followers_count": 33, "followers_count_str": "33", "friends_count": 49, "pagefriends_count": 12, "statuses_count": 65, "video_status_count": 10, "video_play_count": 0, "super_topic_not_syn_count": 0, "favourites_count": 0, "created_at": "Thu Sep 26 09:38:52 +0800 2019", "following": false, "allow_all_act_msg": false, "geo_enabled": true, "verified": false, "verified_type": -1, "remark": "", "insecurity": {"sexual_content": false}, "ptype": 0, "allow_all_comment": true, "avatar_large": "https://tvax2.sinaimg.cn/crop.0.0.512.512.180/007YLKjtly8h7iqb74s08j30e80e8dgh.jpg?KID=imgbed,tva&Expires=1669635002&ssig=7sy%2B%2BVBift", "avatar_hd": "https://tvax2.sinaimg.cn/crop.0.0.512.512.1024/007YLKjtly8h7iqb74s08j30e80e8dgh.jpg?KID=imgbed,tva&Expires=1669635002&ssig=ch9fIgDkaf", "verified_reason": "", "verified_trade": "", "verified_reason_url": "", "verified_source": "", "verified_source_url": "", "follow_me": false, "like": false, "like_me": false, "online_status": 0, "bi_followers_count": 9, "lang": "zh-cn", "star": 0, "mbtype": 11, "mbrank": 2, "svip": 0, "mb_expire_time": 1672329600, "block_word": 0, "block_app": 1, "chaohua_ability": 0, "brand_ability": 0, "nft_ability": 0, "vplus_ability": 0, "wenda_ability": 0, "live_ability": 0, "gongyi_ability": 0, "paycolumn_ability": 0, "newbrand_ability": 0, "ecommerce_ability": 0, "hardfan_ability": 0, "credit_score": 80, "user_ability": 2359296, "avatargj_id": "gj_vip_021", "urank": 0, "story_read_state": -1, "vclub_member": 0, "is_teenager": 0, "is_guardian": 0, "is_teenager_list": 0, "pc_new": 0, "special_follow": false, "planet_video": 2, "video_mark": 0, "live_status": 0, "user_ability_extend": 0, "status_total_counter": {"total_cnt": 810, "repost_cnt": 13, "comment_cnt": 307, "like_cnt": 443, "comment_like_cnt": 47}, "video_total_counter": {"play_cnt": 79147}, "brand_account": 0, "hongbaofei": 0, "tab_manage": "[0, 0]", "reward_status": 0, "green_mode": 0, "urisk": 43486543872, "avatar_type": 0}, "mid": "4838046949706665", "idstr": "4838046949706665", "status": {"visible": {"type": 0, "list_id": 0}, "created_at": "Sun Nov 20 23:12:46 +0800 2022", "id": 4838019368225174, "idstr": "4838019368225174", "mid": "4838019368225174", "can_edit": false, "version": 2, "show_additional_indication": 0, "text": "#兰州疫情# \n督查组走了！又开始封了！又开始跑毒了！\n[悲伤][悲伤] http://t.cn/Rxdg3hW ​", "textLength": 83, "source_allowclick": 0, "source_type": 2, "source": "<a href=\"http://weibo.com/\" rel=\"nofollow\">凯凯的iPhone 13(蓝色)</a>", "favorited": false, "truncated": false, "in_reply_to_status_id": "", "in_reply_to_user_id": "", "in_reply_to_screen_name": "", "pic_urls": [{"thumbnail_pic": "http://wx4.sinaimg.cn/thumbnail/007YLKjtly1h8bzxbcizxj32c03401ky.jpg"}, {"thumbnail_pic": "http://wx3.sinaimg.cn/thumbnail/007YLKjtly1h8bzxe7h7uj32c0340b2b.jpg"}, {"thumbnail_pic": "http://wx3.sinaimg.cn/thumbnail/007YLKjtly1h8bzxggu8lj30wi1ycnpd.jpg"}], "thumbnail_pic": "http://wx4.sinaimg.cn/thumbnail/007YLKjtly1h8bzxbcizxj32c03401ky.jpg", "bmiddle_pic": "http://wx4.sinaimg.cn/bmiddle/007YLKjtly1h8bzxbcizxj32c03401ky.jpg", "original_pic": "http://wx4.sinaimg.cn/large/007YLKjtly1h8bzxbcizxj32c03401ky.jpg", "geo": {"type": "Point", "coordinates": [36.058041, 103.823555]}, "is_paid": false, "mblog_vip_type": 0, "user": {"id": 7310889431, "idstr": "7310889431", "class": 1, "screen_name": "凯凯_818", "name": "凯凯_818", "province": "62", "city": "1", "location": "甘肃 兰州", "description": "梧高凤必至，花香蝶自来。 （屁大点事记录者）", "url": "", "profile_image_url": "https://tvax2.sinaimg.cn/crop.0.0.512.512.50/007YLKjtly8h7iqb74s08j30e80e8dgh.jpg?KID=imgbed,tva&Expires=1669635002&ssig=z3XvBghYDT", "light_ring": false, "cover_image_phone": "http://wx3.sinaimg.cn/crop.0.0.640.640.640/007YLKjtly1h802nl0xbvj30ku0kut9w.jpg", "profile_url": "u/7310889431", "domain": "", "weihao": "", "gender": "m", "followers_count": 33, "followers_count_str": "33", "friends_count": 49, "pagefriends_count": 12, "statuses_count": 65, "video_status_count": 10, "video_play_count": 0, "super_topic_not_syn_count": 0, "favourites_count": 0, "created_at": "Thu Sep 26 09:38:52 +0800 2019", "following": false, "allow_all_act_msg": false, "geo_enabled": true, "verified": false, "verified_type": -1, "remark": "", "insecurity": {"sexual_content": false}, "ptype": 0, "allow_all_comment": true, "avatar_large": "https://tvax2.sinaimg.cn/crop.0.0.512.512.180/007YLKjtly8h7iqb74s08j30e80e8dgh.jpg?KID=imgbed,tva&Expires=1669635002&ssig=7sy%2B%2BVBift", "avatar_hd": "https://tvax2.sinaimg.cn/crop.0.0.512.512.1024/007YLKjtly8h7iqb74s08j30e80e8dgh.jpg?KID=imgbed,tva&Expires=1669635002&ssig=ch9fIgDkaf", "verified_reason": "", "verified_trade": "", "verified_reason_url": "", "verified_source": "", "verified_source_url": "", "follow_me": false, "like": false, "like_me": false, "online_status": 0, "bi_followers_count": 9, "lang": "zh-cn", "star": 0, "mbtype": 11, "mbrank": 2, "svip": 0, "mb_expire_time": 1672329600, "block_word": 0, "block_app": 1, "chaohua_ability": 0, "brand_ability": 0, "nft_ability": 0, "vplus_ability": 0, "wenda_ability": 0, "live_ability": 0, "gongyi_ability": 0, "paycolumn_ability": 0, "newbrand_ability": 0, "ecommerce_ability": 0, "hardfan_ability": 0, "credit_score": 80, "user_ability": 2359296, "avatargj_id": "gj_vip_021", "urank": 0, "story_read_state": -1, "vclub_member": 0, "is_teenager": 0, "is_guardian": 0, "is_teenager_list": 0, "pc_new": 0, "special_follow": false, "planet_video": 2, "video_mark": 0, "live_status": 0, "user_ability_extend": 0, "status_total_counter": {"total_cnt": 810, "repost_cnt": 13, "comment_cnt": 307, "like_cnt": 443, "comment_like_cnt": 47}, "video_total_counter": {"play_cnt": 79147}, "brand_account": 0, "hongbaofei": 0, "tab_manage": "[0, 0]", "reward_status": 0, "green_mode": 0, "urisk": 43486543872, "avatar_type": 0}, "annotations": [{"photo_sub_type": "0,1,0"}, {}, {"spot_type": "0"}, {"place": {"poiid": "8008662010000000000", "title": "兰州", "type": "checkin", "spot_type": "0"}, "client_mblogid": "iPhone-1DEE5BF9-DEE2-44B4-B8FB-A2127A444165"}, {"mapi_request": true}], "pic_video": "1:000BTEzlgx080WenlioU0f0f0100iD1H0k01", "picStatus": "0:1,2:1", "reposts_count": 0, "comments_count": 0, "reprint_cmt_count": 0, "attitudes_count": 0, "pending_approval_count": 0, "isLongText": false, "reward_exhibition_type": 0, "hide_flag": 0, "mlevel": 128, "show_mlevel": 0, "biz_ids": [100101], "biz_feature": 4294967300, "page_type": 72, "hasActionTypeCard": 0, "darwin_tags": [], "hot_weibo_tags": [], "text_tag_tips": [], "mblogtype": 0, "userType": 0, "extend_info": {"from_same_city": true}, "mlevelSource": "monitor", "more_info_type": 0, "number_display_strategy": {"apply_scenario_flag": 3, "display_text_min_number": 1000000, "display_text": "100万+"}, "positive_recom_flag": 0, "content_auth": 0, "gif_ids": "", "is_show_bulletin": 2, "bus_flag": 8, "comment_manage_info": {"comment_permission_type": -1, "approval_comment_type": 0, "comment_sort_type": 0, "ai_play_picture_type": 0}, "pic_num": 3, "can_reprint": false, "new_comment_style": 0}, "reply_comment": {"created_at": "Mon Nov 21 01:00:43 +0800 2022", "id": 4838046535256506, "rootid": 4838043650099077, "rootidstr": "4838043650099077", "floor_number": 0, "text": "回复@凯凯_818:学校饭做的好难吃[泪]", "disable_reply": 0, "restrictOperate": 0, "user": {"id": 7745253570, "idstr": "7745253570", "class": 1, "screen_name": "阿晟同学的碎碎念", "name": "阿晟同学的碎碎念", "province": "62", "city": "1000", "location": "甘肃", "description": "这里是小晟同学的小世界（gh拉黑）", "url": "", "profile_image_url": "https://tvax3.sinaimg.cn/crop.0.0.472.472.50/008saigGly8h1dosifbkxj30d40d4wey.jpg?KID=imgbed,tva&Expires=1669635002&ssig=IIjU9%2Fc0AX", "light_ring": false, "cover_image_phone": "http://ww1.sinaimg.cn/crop.0.0.640.640.640/549d0121tw1egm1kjly3jj20hs0hsq4f.jpg", "profile_url": "u/7745253570", "domain": "", "weihao": "", "gender": "f", "followers_count": 198, "followers_count_str": "198", "friends_count": 67, "pagefriends_count": 4, "statuses_count": 457, "video_status_count": 4, "video_play_count": 0, "super_topic_not_syn_count": 0, "favourites_count": 203, "created_at": "Sat Mar 05 09:29:40 +0800 2022", "following": false, "allow_all_act_msg": false, "geo_enabled": true, "verified": false, "verified_type": -1, "remark": "", "insecurity": {"sexual_content": false}, "ptype": 0, "allow_all_comment": true, "avatar_large": "https://tvax3.sinaimg.cn/crop.0.0.472.472.180/008saigGly8h1dosifbkxj30d40d4wey.jpg?KID=imgbed,tva&Expires=1669635002&ssig=i0LACtICR8", "avatar_hd": "https://tvax3.sinaimg.cn/crop.0.0.472.472.1024/008saigGly8h1dosifbkxj30d40d4wey.jpg?KID=imgbed,tva&Expires=1669635002&ssig=Oqp1nVxq%2BB", "verified_reason": "", "verified_trade": "", "verified_reason_url": "", "verified_source": "", "verified_source_url": "", "follow_me": false, "like": false, "like_me": false, "online_status": 0, "bi_followers_count": 0, "lang": "zh-cn", "star": 0, "mbtype": 12, "mbrank": 1, "svip": 0, "mb_expire_time": 1699545600, "block_word": 0, "block_app": 1, "chaohua_ability": 0, "brand_ability": 0, "nft_ability": 0, "vplus_ability": 0, "wenda_ability": 0, "live_ability": 0, "gongyi_ability": 0, "paycolumn_ability": 0, "newbrand_ability": 0, "ecommerce_ability": 0, "hardfan_ability": 0, "credit_score": 80, "user_ability": 2359296, "urank": 0, "story_read_state": -1, "vclub_member": 0, "is_teenager": 0, "is_guardian": 0, "is_teenager_list": 0, "pc_new": 0, "special_follow": false, "planet_video": 2, "video_mark": 0, "live_status": 0, "user_ability_extend": 0, "status_total_counter": {"total_cnt": 886, "repost_cnt": 18, "comment_cnt": 477, "like_cnt": 345, "comment_like_cnt": 46}, "video_total_counter": {"play_cnt": 40582}, "brand_account": 0, "hongbaofei": 0, "tab_manage": "[0, 0]", "reward_status": 0, "green_mode": 0, "urisk": 17179869184, "avatar_type": 0}, "mid": "4838046535256506", "idstr": "4838046535256506", "match_ai_play_picture": false}, "reply_original_text": "有得吃就很不错了   封小区里还得找吃的  还得做饭", "readtimetype": "comment", "match_ai_play_picture": false}