{"created_at": "Fri Nov 04 17:57:08 +0800 2022", "id": 4832141730387666, "rootid": 4832141730387666, "rootidstr": "4832141730387666", "floor_number": 17, "text": "@深圳消防  请小编来官方回应下，这样很容易造成民众恐慌…我远在上海，深圳亲朋都来问了[汗][汗]", "disable_reply": 0, "restrictOperate": 0, "source_allowclick": 0, "source_type": 4, "source": "<a href=\"\" rel=\"nofollow\">来自上海</a>", "user": {"id": 3635972460, "idstr": "3635972460", "class": 1, "screen_name": "2022要努力健康的边尚", "name": "2022要努力健康的边尚", "province": "44", "city": "3", "location": "广东 深圳", "description": "青青草原我最狂，我是懒羊羊本羊", "url": "", "profile_image_url": "https://tvax3.sinaimg.cn/crop.0.0.896.896.50/d8b8896cly8h81c4vfntvj20ow0own05.jpg?KID=imgbed,tva&Expires=1669712277&ssig=PH%2BUJ3PW90", "light_ring": false, "cover_image_phone": "http://ww3.sinaimg.cn/crop.0.0.640.640.640/6ce2240djw1e9odcin216j20hs0hstd8.jpg", "profile_url": "u/3635972460", "domain": "", "weihao": "", "gender": "f", "followers_count": 13, "followers_count_str": "13", "friends_count": 1332, "pagefriends_count": 2, "statuses_count": 6022, "video_status_count": 4, "video_play_count": 0, "super_topic_not_syn_count": 0, "favourites_count": 6, "created_at": "Thu Aug 08 22:14:50 +0800 2013", "following": false, "allow_all_act_msg": false, "geo_enabled": false, "verified": false, "verified_type": -1, "remark": "", "insecurity": {"sexual_content": false}, "ptype": 0, "allow_all_comment": false, "avatar_large": "https://tvax3.sinaimg.cn/crop.0.0.896.896.180/d8b8896cly8h81c4vfntvj20ow0own05.jpg?KID=imgbed,tva&Expires=1669712277&ssig=dc0NlAGXS%2F", "avatar_hd": "https://tvax3.sinaimg.cn/crop.0.0.896.896.1024/d8b8896cly8h81c4vfntvj20ow0own05.jpg?KID=imgbed,tva&Expires=1669712277&ssig=cswIKa3p24", "verified_reason": "", "verified_trade": "", "verified_reason_url": "", "verified_source": "", "verified_source_url": "", "follow_me": false, "like": false, "like_me": false, "online_status": 0, "bi_followers_count": 11, "lang": "zh-cn", "star": 0, "mbtype": 0, "mbrank": 0, "svip": 0, "mb_expire_time": 0, "block_word": 0, "block_app": 0, "chaohua_ability": 0, "brand_ability": 0, "nft_ability": 0, "vplus_ability": 0, "wenda_ability": 0, "live_ability": 0, "gongyi_ability": 0, "paycolumn_ability": 0, "newbrand_ability": 0, "ecommerce_ability": 0, "hardfan_ability": 0, "credit_score": 80, "user_ability": 2359296, "cardid": "vip_003", "urank": 35, "story_read_state": -1, "vclub_member": 0, "is_teenager": 0, "is_guardian": 0, "is_teenager_list": 0, "pc_new": 7, "special_follow": false, "planet_video": 2, "video_mark": 2, "live_status": 0, "user_ability_extend": 0, "status_total_counter": {"total_cnt": 1016, "repost_cnt": 207, "comment_cnt": 230, "like_cnt": 579, "comment_like_cnt": 0}, "video_total_counter": {"play_cnt": 5732}, "brand_account": 0, "hongbaofei": 0, "tab_manage": "[0, 0]", "reward_status": 0, "green_mode": 0, "urisk": 0, "avatar_type": 0}, "mid": "4832141730387666", "idstr": "4832141730387666", "status": {"visible": {"type": 0, "list_id": 0}, "created_at": "Fri Nov 04 16:34:00 +0800 2022", "id": 4832120809199497, "idstr": "4832120809199497", "mid": "4832120809199497", "edit_count": 1, "can_edit": false, "edit_at": "Fri Nov 04 16:36:11 +0800 2022", "version": 7, "show_additional_indication": 0, "text": "红红火火的大前海又火了！？\n\n#前海世茂大厦#着火！？不知道着火的这一层是哪一家公司，现状如何？\n\n这是深圳第1次超高层办公建筑楼着火吗？\n\n#深圳头条##深圳楼市##深圳买房# ​", "textLength": 163, "source_allowclick": 1, "source_type": 2, "source": "<a href=\"http://weibo.com/\" rel=\"nofollow\">打新深房HarmonyOS设备</a>", "favorited": false, "truncated": false, "in_reply_to_status_id": "", "in_reply_to_user_id": "", "in_reply_to_screen_name": "", "pic_urls": [{"thumbnail_pic": "http://wx4.sinaimg.cn/thumbnail/a2341701gy1h7t6g3kffnj20rd250121.jpg"}, {"thumbnail_pic": "http://wx4.sinaimg.cn/thumbnail/a2341701gy1h7t6g41e5sj20u01tz439.jpg"}, {"thumbnail_pic": "http://wx4.sinaimg.cn/thumbnail/a2341701gy1h7t6g57gl7j20u01t0gr2.jpg"}, {"thumbnail_pic": "http://wx3.sinaimg.cn/thumbnail/a2341701gy1h7t6g66s9wj20u01t043n.jpg"}, {"thumbnail_pic": "http://wx2.sinaimg.cn/thumbnail/a2341701gy1h7t6g7q6azj20u01t0wmg.jpg"}, {"thumbnail_pic": "http://wx3.sinaimg.cn/thumbnail/a2341701gy1h7t6g85voij20u0140dli.jpg"}], "thumbnail_pic": "http://wx4.sinaimg.cn/thumbnail/a2341701gy1h7t6g3kffnj20rd250121.jpg", "bmiddle_pic": "http://wx4.sinaimg.cn/bmiddle/a2341701gy1h7t6g3kffnj20rd250121.jpg", "original_pic": "http://wx4.sinaimg.cn/large/a2341701gy1h7t6g3kffnj20rd250121.jpg", "geo": null, "is_paid": false, "mblog_vip_type": 0, "user": {"id": 2721322753, "idstr": "2721322753", "class": 1, "screen_name": "威尼买房", "name": "威尼买房", "province": "44", "city": "1000", "location": "广东", "description": "为你买房看清价值！亿万资产辅成者已达6人！18年房地产头部智库投研者！投资购房超10年！2004年起深圳房网，号码百事通，半求房地内参/公众号威尼买房", "url": "http://blog.sina.com.cn/lousxc", "profile_image_url": "https://tvax2.sinaimg.cn/crop.0.0.1023.1023.50/a2341701ly8h69grxevhcj20sg0sf763.jpg?KID=imgbed,tva&Expires=1669712277&ssig=uEsDLtALT%2B", "light_ring": false, "cover_image_phone": "http://ww4.sinaimg.cn/crop.0.0.640.640.640/a1d3feabjw1ecat3p2p2qj20hs0hsmz4.jpg;http://wx2.sinaimg.cn/crop.0.0.640.640.640/002Yaomtgy1gvllhnky1oj60u00u0wh002.jpg;http://wx2.sinaimg.cn/crop.0.0.640.640.640/002Yaomtgy1gvlm7khtk6j60u00u0wil02.jpg;http://wx1.sinaimg.cn/crop.0.0.640.640.640/002Yaomtgy1gvlm8m7hocj60u00u0wls02.jpg", "profile_url": "525789008", "domain": "cwlsxc", "weihao": "525789008", "gender": "f", "followers_count": 16951, "followers_count_str": "1.7万", "friends_count": 306, "pagefriends_count": 32, "statuses_count": 6562, "video_status_count": 153, "video_play_count": 0, "super_topic_not_syn_count": 0, "favourites_count": 18, "created_at": "Wed Apr 25 21:54:21 +0800 2012", "following": false, "allow_all_act_msg": false, "geo_enabled": true, "verified": true, "verified_type": 0, "remark": "", "insecurity": {"sexual_content": false}, "ptype": 0, "allow_all_comment": true, "avatar_large": "https://tvax2.sinaimg.cn/crop.0.0.1023.1023.180/a2341701ly8h69grxevhcj20sg0sf763.jpg?KID=imgbed,tva&Expires=1669712277&ssig=ZTOwttvb8S", "avatar_hd": "https://tvax2.sinaimg.cn/crop.0.0.1023.1023.1024/a2341701ly8h69grxevhcj20sg0sf763.jpg?KID=imgbed,tva&Expires=1669712277&ssig=wd4mYCsPo9", "verified_reason": "房产博主", "verified_trade": "", "verified_reason_url": "", "verified_source": "", "verified_source_url": "", "verified_state": 0, "verified_level": 3, "verified_type_ext": 0, "has_service_tel": false, "verified_reason_modified": "", "verified_contact_name": "", "verified_contact_email": "", "verified_contact_mobile": "", "follow_me": false, "like": false, "like_me": false, "online_status": 0, "bi_followers_count": 91, "lang": "zh-cn", "star": 0, "mbtype": 12, "mbrank": 8, "svip": 1, "mb_expire_time": 1763568000, "block_word": 0, "block_app": 1, "chaohua_ability": 0, "brand_ability": 0, "nft_ability": 0, "vplus_ability": 3, "wenda_ability": 0, "live_ability": 1, "gongyi_ability": 0, "paycolumn_ability": 3, "newbrand_ability": 0, "ecommerce_ability": 0, "hardfan_ability": 1, "credit_score": 80, "user_ability": -2136604632, "cardid": "star_1110", "avatargj_id": "gj_vip_036", "urank": 32, "story_read_state": -1, "verified_detail": {"custom": 0, "data": [{"key": 2, "sub_key": 0, "weight": 101, "desc": "房产博主"}]}, "vclub_member": 0, "is_teenager": 0, "is_guardian": 0, "is_teenager_list": 0, "pc_new": 6, "special_follow": false, "planet_video": 2, "video_mark": 15, "live_status": 0, "user_ability_extend": 1, "video_cover": {"mid": 4694337659863568}, "status_total_counter": {"total_cnt": 9031, "repost_cnt": 1581, "comment_cnt": 2568, "like_cnt": 4739, "comment_like_cnt": 143}, "video_total_counter": {"play_cnt": 210870}, "brand_account": 0, "hongbaofei": 0, "tab_manage": "[0, 0]", "reward_status": 0, "green_mode": 0, "urisk": 0, "avatar_type": 0}, "annotations": [{"photo_sub_type": "0,0,0,0,0,0"}, {}, {"client_mblogid": "287e0424-e447-43c4-80aa-97fa4f79ad67"}, {"mapi_request": true}], "picStatus": "0:1,1:1,2:1,3:1,4:1,5:1", "reposts_count": 0, "comments_count": 0, "reprint_cmt_count": 0, "attitudes_count": 0, "pending_approval_count": 0, "isLongText": false, "reward_exhibition_type": 0, "hide_flag": 0, "mlevel": 128, "show_mlevel": 0, "biz_feature": 4294967300, "page_type": 64, "hasActionTypeCard": 0, "darwin_tags": [], "hot_weibo_tags": [], "text_tag_tips": [], "mblogtype": 0, "userType": 0, "mlevelSource": "monitor", "more_info_type": 0, "cardid": "star_1110", "number_display_strategy": {"apply_scenario_flag": 3, "display_text_min_number": 1000000, "display_text": "100万+"}, "positive_recom_flag": 0, "content_auth": 0, "gif_ids": "", "is_show_bulletin": 2, "comment_manage_info": {"comment_permission_type": -1, "approval_comment_type": 0, "approval_op_from": 1, "comment_sort_type": 0, "ai_play_picture_type": 0}, "pic_num": 6, "can_reprint": false, "new_comment_style": 0}, "readtimetype": "comment", "match_ai_play_picture": false}