{"created_at": "Tue Sep 27 16:40:06 +0800 2022", "id": 4818351605679312, "rootid": 4818351605679312, "rootidstr": "4818351605679312", "floor_number": 9, "text": "太笨了，他应该把我们国庆堵车的视频放上去[doge][doge][doge]", "disable_reply": 0, "restrictOperate": 0, "source_allowclick": 0, "source_type": 4, "source": "<a href=\"\" rel=\"nofollow\">来自浙江</a>", "comment_badge": [{"pic_url": "https://h5.sinaimg.cn/upload/114/962/2022/07/08/member_0_bigfan1_2.png", "name": "loyal_fans", "length": 1.33, "actionlog": {"act_code": "3671", "ext": "status:fans"}, "scheme": "https://kefu.weibo.com/faqdetail?id=20848", "new_icon": true}], "user": {"id": 7710598583, "idstr": "7710598583", "class": 1, "screen_name": "窜稀征服者", "name": "窜稀征服者", "province": "65", "city": "40", "location": "新疆 伊犁", "description": "东隅已逝，桑榆非晚", "url": "", "profile_image_url": "https://tvax1.sinaimg.cn/crop.0.0.295.295.50/008pOSVhly8h2t2scvvojj3087087jrd.jpg?KID=imgbed,tva&Expires=1669712757&ssig=NPf3kAUJMu", "light_ring": false, "cover_image_phone": "http://ww1.sinaimg.cn/crop.0.0.640.640.640/549d0121tw1egm1kjly3jj20hs0hsq4f.jpg", "profile_url": "u/7710598583", "domain": "", "weihao": "", "gender": "m", "followers_count": 2, "followers_count_str": "2", "friends_count": 94, "pagefriends_count": 6, "statuses_count": 40, "video_status_count": 0, "video_play_count": 0, "super_topic_not_syn_count": 0, "favourites_count": 5, "created_at": "Sat Oct 09 11:08:19 +0800 2021", "following": false, "allow_all_act_msg": false, "geo_enabled": true, "verified": false, "verified_type": -1, "remark": "", "insecurity": {"sexual_content": false}, "ptype": 0, "allow_all_comment": true, "avatar_large": "https://tvax1.sinaimg.cn/crop.0.0.295.295.180/008pOSVhly8h2t2scvvojj3087087jrd.jpg?KID=imgbed,tva&Expires=1669712757&ssig=vcl8Qt0M7C", "avatar_hd": "https://tvax1.sinaimg.cn/crop.0.0.295.295.1024/008pOSVhly8h2t2scvvojj3087087jrd.jpg?KID=imgbed,tva&Expires=1669712757&ssig=2v4te2XE4y", "verified_reason": "", "verified_trade": "", "verified_reason_url": "", "verified_source": "", "verified_source_url": "", "follow_me": false, "like": false, "like_me": false, "online_status": 0, "bi_followers_count": 2, "lang": "zh-cn", "star": 0, "mbtype": 0, "mbrank": 0, "svip": 0, "mb_expire_time": 0, "block_word": 0, "block_app": 0, "chaohua_ability": 0, "brand_ability": 0, "nft_ability": 0, "vplus_ability": 0, "wenda_ability": 0, "live_ability": 0, "gongyi_ability": 0, "paycolumn_ability": 0, "newbrand_ability": 0, "ecommerce_ability": 0, "hardfan_ability": 0, "credit_score": 80, "user_ability": 2097152, "urank": 0, "story_read_state": -1, "vclub_member": 0, "is_teenager": 0, "is_guardian": 1, "is_teenager_list": 0, "pc_new": 0, "special_follow": false, "planet_video": 0, "video_mark": 0, "live_status": 0, "user_ability_extend": 0, "status_total_counter": {"total_cnt": 10, "repost_cnt": 0, "comment_cnt": 4, "like_cnt": 6, "comment_like_cnt": 0}, "video_total_counter": {"play_cnt": -1}, "brand_account": 0, "hongbaofei": 0, "tab_manage": "[0, 0]", "reward_status": 0, "green_mode": 0, "urisk": 17179869184, "avatar_type": 0}, "mid": "4818351605679312", "idstr": "4818351605679312", "status": {"visible": {"type": 0, "list_id": 0}, "created_at": "Tue Sep 27 16:00:02 +0800 2022", "id": 4818341522312611, "idstr": "4818341522312611", "mid": "4818341522312611", "can_edit": false, "version": 5, "show_additional_indication": 0, "text": "【#差点信了#：俄罗斯部分动员后，俄芬边境大堵车？】俄罗斯9月21日宣布进行部分动员后，一段俄芬边境出现大堵车的视频开始在国内外社交平台上热传，甚至有正规媒体转载。许多传播这部视频的用户、媒体表示，因民众不想服兵役，俄罗斯出现了逃亡潮。然而，视频拍摄者辟谣称，这段视频拍摄于8月份，与俄 ​", "textLength": 359, "source_allowclick": 0, "source_type": 1, "source": "<a href=\"http://app.weibo.com/t/feed/6vtZb0\" rel=\"nofollow\">微博 weibo.com</a>", "favorited": false, "truncated": false, "in_reply_to_status_id": "", "in_reply_to_user_id": "", "in_reply_to_screen_name": "", "pic_urls": [], "geo": null, "is_paid": false, "mblog_vip_type": 0, "user": {"id": 1887344341, "idstr": "1887344341", "class": 1, "screen_name": "观察者网", "name": "观察者网", "province": "31", "city": "1", "location": "上海 黄浦区", "description": "关注我们", "url": "http://www.guancha.cn/", "profile_image_url": "https://tvax1.sinaimg.cn/crop.0.0.365.365.50/707e96d5ly8gdi6pwhg9wj20a50a5q5n.jpg?KID=imgbed,tva&Expires=1669712757&ssig=Ve4SwqlJZ2", "light_ring": false, "cover_image": "http://wx3.sinaimg.cn/crop.0.0.920.300/707e96d5gy1fy601q0te5j20pk08c7fa.jpg", "cover_image_phone": "http://ww1.sinaimg.cn/crop.0.0.640.640.640/a1d3feabjw1ecat4uqw77j20hs0hsacp.jpg", "profile_url": "newoutlook", "domain": "newoutlook", "weihao": "", "gender": "m", "followers_count": 18908085, "followers_count_str": "1890.8万", "friends_count": 1267, "pagefriends_count": 13, "statuses_count": 175302, "video_status_count": 2906, "video_play_count": 0, "super_topic_not_syn_count": 0, "favourites_count": 205, "created_at": "Thu Dec 09 14:44:31 +0800 2010", "following": false, "allow_all_act_msg": false, "geo_enabled": false, "verified": true, "verified_type": 3, "remark": "", "insecurity": {"sexual_content": false}, "ptype": 0, "allow_all_comment": true, "avatar_large": "https://tvax1.sinaimg.cn/crop.0.0.365.365.180/707e96d5ly8gdi6pwhg9wj20a50a5q5n.jpg?KID=imgbed,tva&Expires=1669712757&ssig=%2B0UtHeVIWt", "avatar_hd": "https://tvax1.sinaimg.cn/crop.0.0.365.365.1024/707e96d5ly8gdi6pwhg9wj20a50a5q5n.jpg?KID=imgbed,tva&Expires=1669712757&ssig=586VXdu%2BIO", "verified_reason": "观察者网(www.guancha.cn)官方微博", "verified_trade": "", "verified_reason_url": "", "verified_source": "", "verified_source_url": "", "verified_state": 0, "verified_level": 3, "verified_type_ext": 50, "has_service_tel": false, "verified_reason_modified": "", "verified_contact_name": "", "verified_contact_email": "pr@guancha.cn", "verified_contact_mobile": "", "follow_me": false, "like": false, "like_me": false, "online_status": 0, "bi_followers_count": 1033, "lang": "zh-cn", "star": 0, "mbtype": 12, "mbrank": 7, "svip": 0, "mb_expire_time": 1988726400, "block_word": 1, "block_app": 1, "chaohua_ability": 0, "brand_ability": 0, "nft_ability": 0, "vplus_ability": 0, "wenda_ability": 0, "live_ability": 1, "gongyi_ability": 0, "paycolumn_ability": 0, "newbrand_ability": 0, "ecommerce_ability": 0, "hardfan_ability": 0, "credit_score": 80, "user_ability": -2135620852, "cardid": "star_1637", "avatargj_id": "gj_vip_786", "urank": 48, "story_read_state": -1, "vclub_member": 0, "is_teenager": 0, "is_guardian": 0, "is_teenager_list": 1, "pc_new": 6, "special_follow": false, "planet_video": 2, "video_mark": 15, "live_status": 0, "user_ability_extend": 1, "status_total_counter": {"total_cnt": 362075609, "repost_cnt": 28563954, "comment_cnt": 34791355, "like_cnt": 79120940, "comment_like_cnt": 219599360}, "video_total_counter": {"play_cnt": 1136700469}, "brand_account": 0, "hongbaofei": 0, "tab_manage": "[0, 0]", "reward_status": 0, "green_mode": 0, "urisk": 0, "avatar_type": 0}, "reposts_count": 0, "comments_count": 0, "reprint_cmt_count": 0, "attitudes_count": 0, "pending_approval_count": 0, "isLongText": true, "reward_exhibition_type": 0, "hide_flag": 0, "mlevel": 0, "show_mlevel": 0, "biz_ids": [230444], "biz_feature": 4294967304, "page_type": 64, "hasActionTypeCard": 0, "darwin_tags": [], "hot_weibo_tags": [], "text_tag_tips": [], "mblogtype": 0, "userType": 0, "mlevelSource": "monitor", "more_info_type": 0, "cardid": "star_1573", "positive_recom_flag": 0, "content_auth": 0, "gif_ids": "", "is_show_bulletin": 2, "comment_manage_info": {"comment_permission_type": -1, "approval_comment_type": 0, "comment_sort_type": 0, "ai_play_picture_type": 0}, "pic_num": 0, "can_reprint": false, "new_comment_style": 0}, "readtimetype": "comment", "match_ai_play_picture": false}