{"created_at": "Tue Sep 27 20:06:12 +0800 2022", "id": 4818403476636700, "rootid": 4818342701432841, "rootidstr": "4818342701432841", "floor_number": 0, "text": "回复@獠牙小绵羊_骷髅队:100多个有网的国家，专门挑了乌克兰[思考]", "disable_reply": 0, "restrictOperate": 0, "source_allowclick": 0, "source_type": 4, "source": "<a href=\"\" rel=\"nofollow\">来自中国台湾</a>", "user": {"id": 3809042607, "idstr": "3809042607", "class": 1, "screen_name": "mariaholic", "name": "mariaholic", "province": "100", "city": "1000", "location": "其他", "description": "统一台湾，人人有责", "url": "", "profile_image_url": "https://tvax4.sinaimg.cn/crop.0.0.700.700.50/e30960afly8h55c4a29l4j20jg0jgwff.jpg?KID=imgbed,tva&Expires=1669712757&ssig=2n6kPiW9hj", "light_ring": false, "profile_url": "u/3809042607", "domain": "", "weihao": "", "gender": "m", "followers_count": 16, "followers_count_str": "16", "friends_count": 41, "pagefriends_count": 0, "statuses_count": 57, "video_status_count": 0, "video_play_count": 0, "super_topic_not_syn_count": 0, "favourites_count": 10, "created_at": "Sun Sep 22 16:01:07 +0800 2013", "following": false, "allow_all_act_msg": false, "geo_enabled": true, "verified": false, "verified_type": -1, "remark": "", "insecurity": {"sexual_content": false}, "ptype": 0, "allow_all_comment": true, "avatar_large": "https://tvax4.sinaimg.cn/crop.0.0.700.700.180/e30960afly8h55c4a29l4j20jg0jgwff.jpg?KID=imgbed,tva&Expires=1669712757&ssig=3VcfgseDiX", "avatar_hd": "https://tvax4.sinaimg.cn/crop.0.0.700.700.1024/e30960afly8h55c4a29l4j20jg0jgwff.jpg?KID=imgbed,tva&Expires=1669712757&ssig=wzFhjIrEYJ", "verified_reason": "", "verified_trade": "", "verified_reason_url": "", "verified_source": "", "verified_source_url": "", "follow_me": false, "like": false, "like_me": false, "online_status": 0, "bi_followers_count": 0, "lang": "zh-cn", "star": 0, "mbtype": 0, "mbrank": 0, "svip": 0, "mb_expire_time": 0, "block_word": 0, "block_app": 0, "chaohua_ability": 0, "brand_ability": 0, "nft_ability": 0, "vplus_ability": 0, "wenda_ability": 0, "live_ability": 0, "gongyi_ability": 0, "paycolumn_ability": 0, "newbrand_ability": 0, "ecommerce_ability": 0, "hardfan_ability": 0, "credit_score": 80, "user_ability": 0, "urank": 0, "story_read_state": -1, "vclub_member": 0, "is_teenager": 0, "is_guardian": 0, "is_teenager_list": 0, "pc_new": 0, "special_follow": false, "planet_video": 0, "video_mark": 0, "live_status": 0, "user_ability_extend": 0, "status_total_counter": {"total_cnt": 28, "repost_cnt": 4, "comment_cnt": 9, "like_cnt": 12, "comment_like_cnt": 3}, "video_total_counter": {"play_cnt": -1}, "brand_account": 0, "hongbaofei": 0, "tab_manage": "[0, 0]", "reward_status": 0, "green_mode": 0, "urisk": 17180131328, "avatar_type": 0}, "mid": "4818403476636700", "idstr": "4818403476636700", "status": {"visible": {"type": 0, "list_id": 0}, "created_at": "Tue Sep 27 16:00:02 +0800 2022", "id": 4818341522312611, "idstr": "4818341522312611", "mid": "4818341522312611", "can_edit": false, "version": 5, "show_additional_indication": 0, "text": "【#差点信了#：俄罗斯部分动员后，俄芬边境大堵车？】俄罗斯9月21日宣布进行部分动员后，一段俄芬边境出现大堵车的视频开始在国内外社交平台上热传，甚至有正规媒体转载。许多传播这部视频的用户、媒体表示，因民众不想服兵役，俄罗斯出现了逃亡潮。然而，视频拍摄者辟谣称，这段视频拍摄于8月份，与俄 ​", "textLength": 359, "source_allowclick": 0, "source_type": 1, "source": "<a href=\"http://app.weibo.com/t/feed/6vtZb0\" rel=\"nofollow\">微博 weibo.com</a>", "favorited": false, "truncated": false, "in_reply_to_status_id": "", "in_reply_to_user_id": "", "in_reply_to_screen_name": "", "pic_urls": [], "geo": null, "is_paid": false, "mblog_vip_type": 0, "user": {"id": 1887344341, "idstr": "1887344341", "class": 1, "screen_name": "观察者网", "name": "观察者网", "province": "31", "city": "1", "location": "上海 黄浦区", "description": "关注我们", "url": "http://www.guancha.cn/", "profile_image_url": "https://tvax1.sinaimg.cn/crop.0.0.365.365.50/707e96d5ly8gdi6pwhg9wj20a50a5q5n.jpg?KID=imgbed,tva&Expires=1669712757&ssig=Ve4SwqlJZ2", "light_ring": false, "cover_image": "http://wx3.sinaimg.cn/crop.0.0.920.300/707e96d5gy1fy601q0te5j20pk08c7fa.jpg", "cover_image_phone": "http://ww1.sinaimg.cn/crop.0.0.640.640.640/a1d3feabjw1ecat4uqw77j20hs0hsacp.jpg", "profile_url": "newoutlook", "domain": "newoutlook", "weihao": "", "gender": "m", "followers_count": 18908085, "followers_count_str": "1890.8万", "friends_count": 1267, "pagefriends_count": 13, "statuses_count": 175302, "video_status_count": 2906, "video_play_count": 0, "super_topic_not_syn_count": 0, "favourites_count": 205, "created_at": "Thu Dec 09 14:44:31 +0800 2010", "following": false, "allow_all_act_msg": false, "geo_enabled": false, "verified": true, "verified_type": 3, "remark": "", "insecurity": {"sexual_content": false}, "ptype": 0, "allow_all_comment": true, "avatar_large": "https://tvax1.sinaimg.cn/crop.0.0.365.365.180/707e96d5ly8gdi6pwhg9wj20a50a5q5n.jpg?KID=imgbed,tva&Expires=1669712757&ssig=%2B0UtHeVIWt", "avatar_hd": "https://tvax1.sinaimg.cn/crop.0.0.365.365.1024/707e96d5ly8gdi6pwhg9wj20a50a5q5n.jpg?KID=imgbed,tva&Expires=1669712757&ssig=586VXdu%2BIO", "verified_reason": "观察者网(www.guancha.cn)官方微博", "verified_trade": "", "verified_reason_url": "", "verified_source": "", "verified_source_url": "", "verified_state": 0, "verified_level": 3, "verified_type_ext": 50, "has_service_tel": false, "verified_reason_modified": "", "verified_contact_name": "", "verified_contact_email": "pr@guancha.cn", "verified_contact_mobile": "", "follow_me": false, "like": false, "like_me": false, "online_status": 0, "bi_followers_count": 1033, "lang": "zh-cn", "star": 0, "mbtype": 12, "mbrank": 7, "svip": 0, "mb_expire_time": 1988726400, "block_word": 1, "block_app": 1, "chaohua_ability": 0, "brand_ability": 0, "nft_ability": 0, "vplus_ability": 0, "wenda_ability": 0, "live_ability": 1, "gongyi_ability": 0, "paycolumn_ability": 0, "newbrand_ability": 0, "ecommerce_ability": 0, "hardfan_ability": 0, "credit_score": 80, "user_ability": -2135620852, "cardid": "star_1637", "avatargj_id": "gj_vip_786", "urank": 48, "story_read_state": -1, "vclub_member": 0, "is_teenager": 0, "is_guardian": 0, "is_teenager_list": 1, "pc_new": 6, "special_follow": false, "planet_video": 2, "video_mark": 15, "live_status": 0, "user_ability_extend": 1, "status_total_counter": {"total_cnt": 362075609, "repost_cnt": 28563954, "comment_cnt": 34791355, "like_cnt": 79120940, "comment_like_cnt": 219599360}, "video_total_counter": {"play_cnt": 1136700469}, "brand_account": 0, "hongbaofei": 0, "tab_manage": "[0, 0]", "reward_status": 0, "green_mode": 0, "urisk": 0, "avatar_type": 0}, "reposts_count": 0, "comments_count": 0, "reprint_cmt_count": 0, "attitudes_count": 0, "pending_approval_count": 0, "isLongText": true, "reward_exhibition_type": 0, "hide_flag": 0, "mlevel": 0, "show_mlevel": 0, "biz_ids": [230444], "biz_feature": 4294967304, "page_type": 64, "hasActionTypeCard": 0, "darwin_tags": [], "hot_weibo_tags": [], "text_tag_tips": [], "mblogtype": 0, "userType": 0, "mlevelSource": "monitor", "more_info_type": 0, "cardid": "star_1573", "positive_recom_flag": 0, "content_auth": 0, "gif_ids": "", "is_show_bulletin": 2, "comment_manage_info": {"comment_permission_type": -1, "approval_comment_type": 0, "comment_sort_type": 0, "ai_play_picture_type": 0}, "pic_num": 0, "can_reprint": false, "new_comment_style": 0}, "reply_comment": {"created_at": "Tue Sep 27 20:05:32 +0800 2022", "id": 4818403305463218, "rootid": 4818342701432841, "rootidstr": "4818342701432841", "floor_number": 0, "text": "回复@mariaholic:因为伊朗网络有限制啊，跳板当然选网络比较快的咯", "disable_reply": 0, "restrictOperate": 0, "user": {"id": 1662403003, "idstr": "1662403003", "class": 1, "screen_name": "獠牙小绵羊_骷髅队", "name": "獠牙小绵羊_骷髅队", "province": "31", "city": "10", "location": "上海 杨浦区", "description": "骷髅队干部——小绵羊", "url": "", "profile_image_url": "https://tvax2.sinaimg.cn/crop.182.28.408.408.50/631641bbly8gclr58xhw2j20zv0jdh8y.jpg?KID=imgbed,tva&Expires=1669712757&ssig=rdzjG2RULV", "light_ring": false, "profile_url": "u/1662403003", "domain": "", "weihao": "", "gender": "m", "followers_count": 500, "followers_count_str": "500", "friends_count": 1730, "pagefriends_count": 5, "statuses_count": 4690, "video_status_count": 1, "video_play_count": 0, "super_topic_not_syn_count": 0, "favourites_count": 34, "created_at": "Sun Aug 15 17:36:41 +0800 2010", "following": false, "allow_all_act_msg": false, "geo_enabled": true, "verified": false, "verified_type": -1, "remark": "", "insecurity": {"sexual_content": false}, "ptype": 0, "allow_all_comment": true, "avatar_large": "https://tvax2.sinaimg.cn/crop.182.28.408.408.180/631641bbly8gclr58xhw2j20zv0jdh8y.jpg?KID=imgbed,tva&Expires=1669712757&ssig=pnu8hvDiTE", "avatar_hd": "https://tvax2.sinaimg.cn/crop.182.28.408.408.1024/631641bbly8gclr58xhw2j20zv0jdh8y.jpg?KID=imgbed,tva&Expires=1669712757&ssig=Ixv7M9gLQO", "verified_reason": "", "verified_trade": "", "verified_reason_url": "", "verified_source": "", "verified_source_url": "", "follow_me": false, "like": false, "like_me": false, "online_status": 0, "bi_followers_count": 231, "lang": "zh-cn", "star": 0, "mbtype": 0, "mbrank": 0, "svip": 0, "mb_expire_time": 0, "block_word": 0, "block_app": 0, "chaohua_ability": 0, "brand_ability": 0, "nft_ability": 0, "vplus_ability": 0, "wenda_ability": 0, "live_ability": 0, "gongyi_ability": 0, "paycolumn_ability": 0, "newbrand_ability": 0, "ecommerce_ability": 0, "hardfan_ability": 0, "credit_score": 80, "user_ability": 2359296, "urank": 36, "story_read_state": -1, "vclub_member": 0, "is_teenager": 0, "is_guardian": 0, "is_teenager_list": 0, "pc_new": 7, "special_follow": false, "planet_video": 0, "video_mark": 0, "live_status": 0, "user_ability_extend": 0, "status_total_counter": {"total_cnt": 16323, "repost_cnt": 13984, "comment_cnt": 2161, "like_cnt": 176, "comment_like_cnt": 2}, "video_total_counter": {"play_cnt": -1}, "brand_account": 0, "hongbaofei": 0, "tab_manage": "[0, 0]", "reward_status": 0, "green_mode": 0, "urisk": 17179934720, "avatar_type": 0}, "mid": "4818403305463218", "idstr": "4818403305463218", "match_ai_play_picture": false}, "reply_original_text": "100多个有网的国家，专门挑了乌克兰[思考]", "readtimetype": "comment", "match_ai_play_picture": false}