{"created_at": "Sun Apr 24 13:12:19 +0800 2022", "id": 4761766812454722, "rootid": 4761766812454722, "rootidstr": "4761766812454722", "floor_number": 130, "text": "@知来智行@于松涛律师说法 //@华夏肯登攀: 暴殄天物，草菅人命！//@鹰击8000里:[怒][拳头]", "disable_reply": 0, "restrictOperate": 0, "user": {"id": 5873580424, "idstr": "5873580424", "class": 1, "screen_name": "驻韩大屎馆", "name": "驻韩大屎馆", "province": "400", "city": "1000", "location": "海外", "description": "http://blog.sina.com.cn/1265649935huiguniang，由于娥本人学习、工作很忙，请勿拉入群，苦于没有时间看群信息，请见谅！", "url": "http://blog.sina.com.cn/u/5873580424", "profile_image_url": "https://tvax1.sinaimg.cn/crop.0.0.180.180.50/006puWA8ly1gp4rm6ioqij30500503yk.jpg?KID=imgbed,tva&Expires=1674110230&ssig=F4UiUePu9L", "light_ring": false, "profile_url": "u/5873580424", "domain": "", "weihao": "", "gender": "f", "followers_count": 3430, "followers_count_str": "3430", "friends_count": 5061, "pagefriends_count": 59, "statuses_count": 25685, "video_status_count": 0, "video_play_count": 0, "super_topic_not_syn_count": 0, "favourites_count": 10604, "created_at": "Fri Mar 11 08:00:34 +0800 2016", "following": false, "allow_all_act_msg": false, "geo_enabled": true, "verified": false, "verified_type": -1, "remark": "", "insecurity": {"sexual_content": false}, "ptype": 0, "allow_all_comment": true, "avatar_large": "https://tvax1.sinaimg.cn/crop.0.0.180.180.180/006puWA8ly1gp4rm6ioqij30500503yk.jpg?KID=imgbed,tva&Expires=1674110230&ssig=gPCviNWzsS", "avatar_hd": "https://tvax1.sinaimg.cn/crop.0.0.180.180.1024/006puWA8ly1gp4rm6ioqij30500503yk.jpg?KID=imgbed,tva&Expires=1674110230&ssig=BW2RCYlpSP", "verified_reason": "", "verified_trade": "", "verified_reason_url": "", "verified_source": "", "verified_source_url": "", "follow_me": false, "like": false, "like_me": false, "online_status": 0, "bi_followers_count": 1005, "lang": "zh-cn", "star": 0, "mbtype": 11, "mbrank": 1, "svip": 0, "mb_expire_time": 1678032000, "block_word": 0, "block_app": 1, "chaohua_ability": 0, "brand_ability": 0, "nft_ability": 0, "vplus_ability": 0, "wenda_ability": 0, "live_ability": 0, "gongyi_ability": 0, "paycolumn_ability": 0, "newbrand_ability": 0, "ecommerce_ability": 0, "hardfan_ability": 0, "wbcolumn_ability": 0, "credit_score": 80, "user_ability": 10748928, "urank": 34, "story_read_state": -1, "vclub_member": 0, "is_teenager": 0, "is_guardian": 0, "is_teenager_list": 0, "pc_new": 7, "special_follow": false, "planet_video": 1, "video_mark": 2, "live_status": 0, "user_ability_extend": 0, "status_total_counter": {"total_cnt": 644417, "repost_cnt": 636705, "comment_cnt": 3390, "like_cnt": 4318, "comment_like_cnt": 4}, "video_total_counter": {"play_cnt": -1}, "brand_account": 0, "hongbaofei": 0, "tab_manage": "[0, 0]", "reward_status": 0, "green_mode": 0, "urisk": 0, "unfollowing_recom_switch": 1, "avatar_type": 0}, "mid": "4761766812454722", "idstr": "4761766812454722", "status": {"visible": {"type": 0, "list_id": 0}, "created_at": "Sun Apr 24 09:18:28 +0800 2022", "id": 4761707961910285, "idstr": "4761707961910285", "mid": "4761707961910285", "edit_count": 2, "can_edit": false, "edit_at": "Sun Apr 24 11:11:42 +0800 2022", "version": 6, "show_additional_indication": 0, "text": "今日#调休# 上班\n看了一个很气愤的视频\n这么好的蔬菜人为破坏后被丢进垃圾桶\n心真的寒了！这一捆捆大葱招谁惹谁了？\n http://t.cn/A66st6JX ​", "textLength": 130, "source_allowclick": 1, "source_type": 1, "source": "<a href=\"http://app.weibo.com/t/feed/6Ifbo1\" rel=\"nofollow\">荣耀50 Pro 5G</a>", "favorited": false, "truncated": false, "in_reply_to_status_id": "", "in_reply_to_user_id": "", "in_reply_to_screen_name": "", "pic_urls": [], "geo": null, "is_paid": false, "mblog_vip_type": 0, "user": {"id": 3163693955, "idstr": "3163693955", "class": 1, "screen_name": "唐哲同学", "name": "唐哲同学", "province": "44", "city": "1000", "location": "广东", "description": "地摊历史老照片的收集人", "url": "", "profile_image_url": "https://tvax1.sinaimg.cn/crop.0.0.1080.1080.50/003s6xjRly8guxghzh5f9j60u00u00um02.jpg?KID=imgbed,tva&Expires=1674110230&ssig=xI%2BGXl3i2c", "light_ring": false, "cover_image_phone": "https://ww1.sinaimg.cn/crop.0.0.640.640.640/549d0121tw1egm1kjly3jj20hs0hsq4f.jpg;https://wx4.sinaimg.cn/crop.0.0.640.640.640/bc922383gy1gjis6m1iczj20e80e8ady.jpg", "profile_url": "u/3163693955", "domain": "", "weihao": "", "gender": "m", "followers_count": 260407, "followers_count_str": "26万", "friends_count": 198, "pagefriends_count": 18, "statuses_count": 7407, "video_status_count": 18, "video_play_count": 0, "super_topic_not_syn_count": 0, "favourites_count": 11, "created_at": "Fri Nov 23 17:16:35 +0800 2012", "following": false, "allow_all_act_msg": false, "geo_enabled": true, "verified": true, "verified_type": 0, "remark": "", "insecurity": {"sexual_content": false}, "ptype": 0, "allow_all_comment": true, "avatar_large": "https://tvax1.sinaimg.cn/crop.0.0.1080.1080.180/003s6xjRly8guxghzh5f9j60u00u00um02.jpg?KID=imgbed,tva&Expires=1674110230&ssig=tKB%2BHFpMS1", "avatar_hd": "https://tvax1.sinaimg.cn/crop.0.0.1080.1080.1024/003s6xjRly8guxghzh5f9j60u00u00um02.jpg?KID=imgbed,tva&Expires=1674110230&ssig=gFxTlne%2FG6", "verified_reason": "历史博主", "verified_trade": "", "verified_reason_url": "", "verified_source": "", "verified_source_url": "", "verified_state": 0, "verified_level": 3, "verified_type_ext": 1, "has_service_tel": false, "verified_reason_modified": "", "verified_contact_name": "", "verified_contact_email": "", "verified_contact_mobile": "", "follow_me": false, "like": false, "like_me": false, "online_status": 0, "bi_followers_count": 182, "lang": "zh-cn", "star": 0, "mbtype": 12, "mbrank": 6, "svip": 0, "mb_expire_time": 1700928000, "block_word": 0, "block_app": 1, "chaohua_ability": 0, "brand_ability": 0, "nft_ability": 0, "vplus_ability": 3, "wenda_ability": 0, "live_ability": 0, "gongyi_ability": 0, "paycolumn_ability": 0, "newbrand_ability": 0, "ecommerce_ability": 0, "hardfan_ability": 1, "wbcolumn_ability": 0, "credit_score": 80, "user_ability": -2144992760, "cardid": "star_1573", "avatargj_id": "gj_vip_719", "urank": 4, "story_read_state": -1, "verified_detail": {"custom": 0, "data": [{"key": 2, "sub_key": 0, "weight": 101, "desc": "历史博主"}]}, "vclub_member": 0, "is_teenager": 0, "is_guardian": 0, "is_teenager_list": 0, "pc_new": 6, "special_follow": false, "planet_video": 2, "video_mark": 2, "live_status": 0, "user_ability_extend": 0, "status_total_counter": {"total_cnt": 1454180, "repost_cnt": 168255, "comment_cnt": 176565, "like_cnt": 587504, "comment_like_cnt": 521856}, "video_total_counter": {"play_cnt": 1933803}, "brand_account": 0, "hongbaofei": 0, "tab_manage": "[0, 0]", "reward_status": 0, "green_mode": 0, "urisk": 549755813888, "unfollowing_recom_switch": 1, "avatar_type": 0}, "annotations": [{}, {}, {"client_mblogid": "19bab76b-6708-4eb9-b1a9-cd55fc137b62"}, {"mapi_request": true}], "reposts_count": 0, "comments_count": 0, "reprint_cmt_count": 0, "attitudes_count": 0, "pending_approval_count": 0, "isLongText": false, "reward_exhibition_type": 0, "hide_flag": 0, "mlevel": 128, "show_mlevel": 0, "biz_ids": [230444], "biz_feature": 4294967304, "page_type": 64, "hasActionTypeCard": 0, "darwin_tags": [], "hot_weibo_tags": [], "text_tag_tips": [], "mblogtype": 0, "userType": 0, "mlevelSource": "monitor", "more_info_type": 0, "cardid": "star_1518", "number_display_strategy": {"apply_scenario_flag": 3, "display_text_min_number": 1000000, "display_text": "100万+"}, "positive_recom_flag": 0, "content_auth": 0, "gif_ids": "", "is_show_bulletin": 2, "comment_manage_info": {"comment_permission_type": -1, "approval_comment_type": 0, "comment_sort_type": 0, "ai_play_picture_type": 0}, "pic_num": 0, "fid": 4761707875401897, "can_reprint": false, "new_comment_style": 0}, "readtimetype": "comment", "sync_id": 4761707875401897, "sync_uuid": 4761707875401897, "sync_generate_level": 1, "match_ai_play_picture": false}