{"created_at": "Sun Dec 18 21:31:31 +0800 2022", "id": 4848140748326254, "rootid": 4848140748326254, "rootidstr": "4848140748326254", "floor_number": 22, "text": "健康知识，谢谢分享", "disable_reply": 0, "restrictOperate": 0, "source_allowclick": 0, "source_type": 4, "source": "<a href=\"\" rel=\"nofollow\">来自陕西</a>", "comment_badge": [{"pic_url": "https://h5.sinaimg.cn/upload/114/962/2022/07/08/member_6_bigfan2_2.png", "name": "loyal_fans", "length": 1.33, "actionlog": {"act_code": "3671", "ext": "status:fans"}, "scheme": "https://kefu.weibo.com/faqdetail?id=20848", "new_icon": true}], "user": {"id": 6085375409, "idstr": "6085375409", "class": 1, "screen_name": "Y张小勇", "name": "Y张小勇", "province": "61", "city": "1", "location": "陕西 西安", "description": "既然选择了远方，便只顾风雨兼程。", "url": "", "profile_image_url": "https://tvax1.sinaimg.cn/crop.0.0.664.664.50/006DPC8hly8gdihp7d11bj30ig0igtad.jpg?KID=imgbed,tva&Expires=1671526936&ssig=wfOS%2BMiR6h", "light_ring": false, "cover_image_phone": "https://wx2.sinaimg.cn/crop.0.0.640.640.640/006DPC8hly1gdihkn0eulj30k00k0dki.jpg", "profile_url": "u/6085375409", "domain": "", "weihao": "", "gender": "m", "followers_count": 147583, "followers_count_str": "14.8万", "friends_count": 2860, "pagefriends_count": 0, "statuses_count": 1935, "video_status_count": 945, "video_play_count": 0, "super_topic_not_syn_count": 17, "favourites_count": 774, "created_at": "Sun Dec 11 10:22:33 +0800 2016", "following": false, "allow_all_act_msg": false, "geo_enabled": true, "verified": true, "verified_type": 0, "remark": "", "insecurity": {"sexual_content": false}, "ptype": 0, "allow_all_comment": true, "avatar_large": "https://tvax1.sinaimg.cn/crop.0.0.664.664.180/006DPC8hly8gdihp7d11bj30ig0igtad.jpg?KID=imgbed,tva&Expires=1671526936&ssig=Y14ztQi81W", "avatar_hd": "https://tvax1.sinaimg.cn/crop.0.0.664.664.1024/006DPC8hly8gdihp7d11bj30ig0igtad.jpg?KID=imgbed,tva&Expires=1671526936&ssig=VCw%2Fd06R07", "verified_reason": "退伍军人 军事博主", "verified_trade": "", "verified_reason_url": "", "verified_source": "", "verified_source_url": "", "verified_state": 0, "verified_level": 3, "verified_type_ext": 1, "has_service_tel": false, "verified_reason_modified": "", "verified_contact_name": "", "verified_contact_email": "", "verified_contact_mobile": "", "follow_me": false, "like": false, "like_me": false, "online_status": 0, "bi_followers_count": 2934, "lang": "zh-cn", "star": 0, "mbtype": 12, "mbrank": 6, "svip": 0, "mb_expire_time": 1671811200, "block_word": 0, "block_app": 1, "chaohua_ability": 0, "brand_ability": 0, "nft_ability": 0, "vplus_ability": 0, "wenda_ability": 0, "live_ability": 0, "gongyi_ability": 0, "paycolumn_ability": 0, "newbrand_ability": 0, "ecommerce_ability": 0, "hardfan_ability": 1, "credit_score": 80, "user_ability": -2145123832, "cardid": "star_003", "avatargj_id": "gj_vip_027", "urank": 18, "story_read_state": -1, "verified_detail": {"custom": 1, "data": [{"key": 1, "sub_key": 0, "weight": 100, "desc": "退伍军人", "timestamp": 0}, {"key": 2, "sub_key": 0, "weight": 101, "desc": "军事博主", "timestamp": 0}]}, "vclub_member": 0, "is_teenager": 0, "is_guardian": 0, "is_teenager_list": 0, "pc_new": 7, "special_follow": false, "planet_video": 2, "video_mark": 15, "live_status": 0, "user_ability_extend": 0, "status_total_counter": {"total_cnt": 689324, "repost_cnt": 17338, "comment_cnt": 136830, "like_cnt": 422519, "comment_like_cnt": 112637}, "video_total_counter": {"play_cnt": 14181394}, "brand_account": 0, "hongbaofei": 0, "tab_manage": "[1108185746570, 0]", "reward_status": 0, "green_mode": 0, "urisk": 0, "avatar_type": 0}, "mid": "4848140748326254", "idstr": "4848140748326254", "status": {"visible": {"type": 0, "list_id": 0}, "created_at": "Sun Dec 18 18:59:09 +0800 2022", "id": 4848102404004448, "idstr": "4848102404004448", "mid": "4848102404004448", "can_edit": false, "version": 2, "show_additional_indication": 0, "text": "#穴位解读[超话]##中医小儿推拿#  这4个穴位，小儿退热方法！\n\n#按摩2个穴位可缓解嘴干嗓子疼# http://t.cn/A6KWFZUe ​", "textLength": 109, "source_allowclick": 1, "source_type": 1, "source": "<a href=\"http://app.weibo.com/t/feed/cmt5C\" rel=\"nofollow\">Note 9 Pro 一亿像素</a>", "favorited": false, "truncated": false, "in_reply_to_status_id": "", "in_reply_to_user_id": "", "in_reply_to_screen_name": "", "pic_urls": [], "geo": null, "is_paid": false, "mblog_vip_type": 0, "user": {"id": 1907955033, "idstr": "1907955033", "class": 1, "screen_name": "58jinshu", "name": "58jinshu", "province": "13", "city": "1000", "location": "河北", "description": "宣传中医荟萃 ，传播中医知识，本人不是中医，只是一个收破烂的中医爱好者", "url": "http://blog.sina.com.cn/qingchashui", "profile_image_url": "https://tvax3.sinaimg.cn/crop.0.0.1059.1059.50/71b91559ly8h1ofqt5bcnj20tf0tftak.jpg?KID=imgbed,tva&Expires=1671526936&ssig=8kXuYCA6Tn", "light_ring": false, "cover_image_phone": "https://wx2.sinaimg.cn/crop.0.0.640.640.640/71b91559ly1h0iik7ypmsj20ot0otwf5.jpg;https://wx1.sinaimg.cn/crop.0.0.640.640.640/006wT1gwgy1fdqayfsvikj30yi0yeq7z.jpg;https://ww1.sinaimg.cn/crop.0.0.640.640.640/549d0121tw1egm1kjly3jj20hs0hsq4f.jpg", "profile_url": "u/1907955033", "domain": "", "weihao": "", "gender": "m", "followers_count": 334849, "followers_count_str": "33.5万", "friends_count": 6523, "pagefriends_count": 143, "statuses_count": 36978, "video_status_count": 3992, "video_play_count": 0, "super_topic_not_syn_count": 604, "favourites_count": 1155, "created_at": "Fri Dec 31 20:24:40 +0800 2010", "following": false, "allow_all_act_msg": false, "geo_enabled": true, "verified": true, "verified_type": 0, "remark": "", "insecurity": {"sexual_content": false}, "ptype": 0, "allow_all_comment": true, "avatar_large": "https://tvax3.sinaimg.cn/crop.0.0.1059.1059.180/71b91559ly8h1ofqt5bcnj20tf0tftak.jpg?KID=imgbed,tva&Expires=1671526936&ssig=rtP9Uw0%2FmV", "avatar_hd": "https://tvax3.sinaimg.cn/crop.0.0.1059.1059.1024/71b91559ly8h1ofqt5bcnj20tf0tftak.jpg?KID=imgbed,tva&Expires=1671526936&ssig=wNEfsIUFcv", "verified_reason": "健康博主 超话主持人（任丘超话） 视频博主 问答答主", "verified_trade": "", "verified_reason_url": "", "verified_source": "", "verified_source_url": "", "verified_state": 0, "verified_level": 3, "verified_type_ext": 1, "has_service_tel": false, "verified_reason_modified": "", "verified_contact_name": "", "verified_contact_email": "", "verified_contact_mobile": "", "follow_me": false, "like": false, "like_me": false, "online_status": 0, "bi_followers_count": 5187, "lang": "zh-cn", "star": 0, "mbtype": 12, "mbrank": 7, "svip": 0, "mb_expire_time": 1701532800, "block_word": 0, "block_app": 1, "chaohua_ability": 0, "brand_ability": 0, "nft_ability": 0, "vplus_ability": 2, "wenda_ability": 0, "live_ability": 0, "gongyi_ability": 0, "paycolumn_ability": 1, "newbrand_ability": 0, "ecommerce_ability": 0, "hardfan_ability": 1, "credit_score": 80, "user_ability": -2135686616, "cardid": "star_1576", "avatargj_id": "gj_vip_691", "urank": 48, "story_read_state": -1, "verified_detail": {"custom": 1, "data": [{"key": 8, "sub_key": 0, "weight": 102, "desc": "超话主持人（任丘超话）"}, {"key": 2, "sub_key": 0, "weight": 101, "desc": "健康博主"}, {"key": 16, "sub_key": 7, "weight": 103, "desc": "视频博主"}, {"key": 4, "sub_key": 8, "weight": 999, "desc": "问答答主"}]}, "vclub_member": 0, "is_teenager": 0, "is_guardian": 0, "is_teenager_list": 0, "pc_new": 0, "special_follow": false, "planet_video": 2, "video_mark": 15, "live_status": 0, "user_ability_extend": 0, "video_cover": {"mid": 4757767300579860}, "status_total_counter": {"total_cnt": 585144, "repost_cnt": 32100, "comment_cnt": 251540, "like_cnt": 260210, "comment_like_cnt": 41294}, "video_total_counter": {"play_cnt": 18600506}, "brand_account": 0, "hongbaofei": 0, "tab_manage": "[0, 0]", "reward_status": 0, "green_mode": 0, "urisk": 17179869184, "avatar_type": 0}, "annotations": [{}, {}, {"super_exparams": "{\"system_pic_only\":0}"}, {"client_mblogid": "8a97094d-00ba-4680-a4a6-85bc3defac6e"}, {"mapi_request": true}], "reposts_count": 0, "comments_count": 0, "reprint_cmt_count": 0, "attitudes_count": 0, "pending_approval_count": 0, "isLongText": false, "reward_exhibition_type": 0, "hide_flag": 0, "mlevel": 0, "show_mlevel": 0, "biz_ids": [230444], "biz_feature": 4294967304, "topic_id": "1022:100808f6de963077dbd1157fa321898d30c75b", "sync_mblog": true, "is_imported_topic": false, "page_type": 96, "hasActionTypeCard": 0, "darwin_tags": [], "hot_weibo_tags": [], "text_tag_tips": [], "mblogtype": 0, "userType": 0, "more_info_type": 0, "cardid": "star_1576", "number_display_strategy": {"apply_scenario_flag": 3, "display_text_min_number": 1000000, "display_text": "100万+"}, "positive_recom_flag": 0, "content_auth": 0, "gif_ids": "", "is_show_bulletin": 2, "comment_manage_info": {"comment_permission_type": -1, "approval_comment_type": 0, "comment_sort_type": 0, "ai_play_picture_type": 0}, "pic_num": 0, "fid": 4848102183010684, "can_reprint": false, "new_comment_style": 0}, "readtimetype": "comment", "sync_id": 4848102183010684, "sync_uuid": 4848102183010684, "sync_generate_level": 1, "comment_dynamic_message": {"id": "0", "start_color": "#00FFFFFF", "end_color": "#1AFFFFFF", "start_color_dark": "#003A3A3A", "end_color_dark": "#333A3A3A", "name": {"zh_CN": "默认", "zh_HK": "默認", "en_US": "default"}, "scheme": "https://new.vip.weibo.cn/bubble/mall?showmenu=0&decorateId=0&uid=6085375409", "allow_vip_box_content": "用此评论气泡", "allow_vip_box_icon": "https://h5.sinaimg.cn/upload/100/1720/2022/08/08/icon_VIP_for_comment_bubble.png"}, "match_ai_play_picture": false}