{"created_at": "Wed Dec 14 23:25:55 +0800 2022", "id": 4846719986828622, "rootid": 4846641234058626, "rootidstr": "4846641234058626", "floor_number": 0, "text": "不知道在讲什么狗屁，一看就是没得过严重的毒株，还高高在上批判别人", "disable_reply": 0, "restrictOperate": 0, "source_allowclick": 0, "source_type": 4, "source": "<a href=\"\" rel=\"nofollow\">来自内蒙古</a>", "user": {"id": 5531978330, "idstr": "5531978330", "class": 1, "screen_name": "速·溶·月·光", "name": "速·溶·月·光", "province": "11", "city": "1000", "location": "北京", "description": "to be or not to be", "url": "", "profile_image_url": "https://tvax4.sinaimg.cn/crop.0.0.512.512.50/0062nCgWly8grwn2w7y7mj30e80e843q.jpg?KID=imgbed,tva&Expires=1673968225&ssig=orc4wcwjI%2F", "light_ring": false, "cover_image_phone": "https://ww1.sinaimg.cn/crop.0.0.640.640.640/549d0121tw1egm1kjly3jj20hs0hsq4f.jpg", "profile_url": "u/5531978330", "domain": "", "weihao": "", "gender": "f", "followers_count": 63, "followers_count_str": "63", "friends_count": 305, "pagefriends_count": 149, "statuses_count": 1253, "video_status_count": 0, "video_play_count": 0, "super_topic_not_syn_count": 3, "favourites_count": 1636, "created_at": "Sat Feb 21 22:25:59 +0800 2015", "following": false, "allow_all_act_msg": false, "geo_enabled": true, "verified": false, "verified_type": -1, "remark": "", "insecurity": {"sexual_content": false}, "ptype": 0, "allow_all_comment": true, "avatar_large": "https://tvax4.sinaimg.cn/crop.0.0.512.512.180/0062nCgWly8grwn2w7y7mj30e80e843q.jpg?KID=imgbed,tva&Expires=1673968225&ssig=yCsQQ5W6Vj", "avatar_hd": "https://tvax4.sinaimg.cn/crop.0.0.512.512.1024/0062nCgWly8grwn2w7y7mj30e80e843q.jpg?KID=imgbed,tva&Expires=1673968225&ssig=0e%2FDwmxk%2FO", "verified_reason": "", "verified_trade": "", "verified_reason_url": "", "verified_source": "", "verified_source_url": "", "follow_me": false, "like": false, "like_me": false, "online_status": 0, "bi_followers_count": 25, "lang": "zh-cn", "star": 0, "mbtype": 0, "mbrank": 0, "svip": 0, "mb_expire_time": 0, "block_word": 0, "block_app": 0, "chaohua_ability": 0, "brand_ability": 0, "nft_ability": 0, "vplus_ability": 0, "wenda_ability": 0, "live_ability": 0, "gongyi_ability": 0, "paycolumn_ability": 0, "newbrand_ability": 0, "ecommerce_ability": 0, "hardfan_ability": 0, "wbcolumn_ability": 0, "credit_score": 80, "user_ability": 2097152, "urank": 7, "story_read_state": -1, "vclub_member": 0, "is_teenager": 0, "is_guardian": 1, "is_teenager_list": 0, "pc_new": 0, "special_follow": false, "planet_video": 0, "video_mark": 0, "live_status": 0, "user_ability_extend": 0, "status_total_counter": {"total_cnt": 1111, "repost_cnt": 90, "comment_cnt": 287, "like_cnt": 524, "comment_like_cnt": 210}, "video_total_counter": {"play_cnt": -1}, "brand_account": 0, "hongbaofei": 0, "tab_manage": "[0, 0]", "reward_status": 0, "green_mode": 0, "urisk": 17179869184, "avatar_type": 0}, "mid": "4846719986828622", "idstr": "4846719986828622", "status": {"visible": {"type": 0, "list_id": 0}, "created_at": "Wed Dec 14 18:06:30 +0800 2022", "id": 4846639606399115, "idstr": "4846639606399115", "mid": "4846639606399115", "can_edit": false, "version": 3, "show_additional_indication": 0, "text": "#华西医院通报医学生阳性病危#这波其实有个很严重的问题，之前基层、社区、医护、大白共同承担压力，现在所有压力都压在医护身上。\n\n但我国医护数量是严重不足的，突然呈现倍数增长，只能疲于奔命，哪怕带病也是能上尽量上。至于防护设备啊，反复感染啊，暂时是真的顾不上了。\n\n国外没这种屁事，是因为 ​", "textLength": 796, "source_allowclick": 1, "source_type": 2, "source": "<a href=\"http://weibo.com/\" rel=\"nofollow\">HarmonyOS设备</a>", "favorited": false, "truncated": false, "in_reply_to_status_id": "", "in_reply_to_user_id": "", "in_reply_to_screen_name": "", "pic_urls": [{"thumbnail_pic": "http://wx3.sinaimg.cn/thumbnail/86fcca02ly1h93hzc176qj20g409875m.jpg"}], "thumbnail_pic": "http://wx3.sinaimg.cn/thumbnail/86fcca02ly1h93hzc176qj20g409875m.jpg", "bmiddle_pic": "http://wx3.sinaimg.cn/bmiddle/86fcca02ly1h93hzc176qj20g409875m.jpg", "original_pic": "http://wx3.sinaimg.cn/large/86fcca02ly1h93hzc176qj20g409875m.jpg", "geo": null, "is_paid": false, "mblog_vip_type": 0, "user": {"id": 2264713730, "idstr": "2264713730", "class": 1, "screen_name": "御史在野", "name": "御史在野", "province": "11", "city": "1000", "location": "北京", "description": "是防务啊～", "url": "", "profile_image_url": "https://tvax4.sinaimg.cn/crop.0.0.996.996.50/86fcca02ly8gxp0n3geu0j20ro0rowf4.jpg?KID=imgbed,tva&Expires=1673968225&ssig=WVtnYIVqRR", "light_ring": false, "cover_image": "https://wx4.sinaimg.cn/crop.0.0.920.300/86fcca02ly1gvxktr000jj20pk08cq3x.jpg", "cover_image_phone": "https://wx2.sinaimg.cn/crop.0.0.640.640.640/86fcca02ly1h9gl522jjtj20ei0eidgd.jpg", "profile_url": "elvis20032003", "domain": "elvis20032003", "weihao": "", "gender": "f", "followers_count": 4567353, "followers_count_str": "456.7万", "friends_count": 525, "pagefriends_count": 7, "statuses_count": 27593, "video_status_count": 611, "video_play_count": 0, "super_topic_not_syn_count": 0, "favourites_count": 7, "created_at": "Sun Jul 24 12:00:30 +0800 2011", "following": false, "allow_all_act_msg": false, "geo_enabled": true, "verified": true, "verified_type": 0, "remark": "", "insecurity": {"sexual_content": false}, "ptype": 0, "allow_all_comment": false, "avatar_large": "https://tvax4.sinaimg.cn/crop.0.0.996.996.180/86fcca02ly8gxp0n3geu0j20ro0rowf4.jpg?KID=imgbed,tva&Expires=1673968225&ssig=AwM0dC%2BZpY", "avatar_hd": "https://tvax4.sinaimg.cn/crop.0.0.996.996.1024/86fcca02ly8gxp0n3geu0j20ro0rowf4.jpg?KID=imgbed,tva&Expires=1673968225&ssig=q91tkh630P", "verified_reason": "知名军事博主", "verified_trade": "2547", "verified_reason_url": "", "verified_source": "", "verified_source_url": "", "verified_state": 0, "verified_level": 3, "verified_type_ext": 1, "has_service_tel": false, "verified_reason_modified": "防务观察小组官方微博", "verified_contact_name": "", "verified_contact_email": "", "verified_contact_mobile": "", "follow_me": false, "like": false, "like_me": false, "online_status": 0, "bi_followers_count": 518, "lang": "zh-cn", "star": 0, "mbtype": 11, "mbrank": 6, "svip": 0, "mb_expire_time": 1674662400, "block_word": 0, "block_app": 1, "chaohua_ability": 0, "brand_ability": 0, "nft_ability": 0, "vplus_ability": 1, "wenda_ability": 0, "live_ability": 0, "gongyi_ability": 0, "paycolumn_ability": 1, "newbrand_ability": 0, "ecommerce_ability": 0, "hardfan_ability": 1, "wbcolumn_ability": 0, "credit_score": 80, "user_ability": 11930124, "cardid": "star_257", "avatargj_id": "gj_vip_027", "urank": 43, "story_read_state": -1, "verified_detail": {"custom": 0, "data": [{"key": 2, "weight": 10, "desc": "知名军事博主"}]}, "vclub_member": 0, "is_teenager": 0, "is_guardian": 0, "is_teenager_list": 0, "pc_new": 6, "special_follow": false, "planet_video": 2, "video_mark": 14, "live_status": 0, "user_ability_extend": 0, "status_total_counter": {"total_cnt": 11665425, "repost_cnt": 2103862, "comment_cnt": 1037694, "like_cnt": 3461903, "comment_like_cnt": 5061966}, "video_total_counter": {"play_cnt": 35366892}, "brand_account": 0, "hongbaofei": 0, "tab_manage": "[0, 0]", "reward_status": 0, "green_mode": 0, "urisk": 549755813888, "avatar_type": 0}, "annotations": [{"photo_sub_type": "0"}, {"ann_ext": "ann_ext:search|t:31|q:#华西医院通报医学生阳性病危#|creator_source:bottomsendweibo|super_exparams=>{\"system_pic_only\":0}"}, {"client_mblogid": "0a3027b5-62c9-4a5d-ae42-f494878e9417"}, {"mapi_request": true}], "picStatus": "0:1", "reposts_count": 0, "comments_count": 0, "reprint_cmt_count": 0, "attitudes_count": 0, "pending_approval_count": 0, "isLongText": true, "reward_exhibition_type": 0, "hide_flag": 0, "mlevel": 0, "show_mlevel": 0, "biz_feature": 4294967300, "page_type": 64, "hasActionTypeCard": 0, "darwin_tags": [], "hot_weibo_tags": [], "text_tag_tips": [], "mblogtype": 0, "userType": 0, "more_info_type": 0, "number_display_strategy": {"apply_scenario_flag": 3, "display_text_min_number": 1000000, "display_text": "100万+"}, "positive_recom_flag": 0, "content_auth": 0, "gif_ids": "", "is_show_bulletin": 2, "comment_manage_info": {"comment_permission_type": -1, "approval_comment_type": 0, "comment_sort_type": 0, "ai_play_picture_type": 0}, "pic_num": 1, "can_reprint": false, "new_comment_style": 0}, "reply_comment": {"created_at": "Wed Dec 14 18:12:59 +0800 2022", "id": 4846641234058626, "rootid": 4846641234058626, "rootidstr": "4846641234058626", "floor_number": 8, "text": "一个个的小感冒就跑医院跑，医生护士可不得忙的起飞了[挖鼻][挖鼻][挖鼻]", "disable_reply": 0, "restrictOperate": 0, "user": {"id": 6217285653, "idstr": "6217285653", "class": 1, "screen_name": "Cn151", "name": "Cn151", "province": "61", "city": "1000", "location": "陕西", "description": "CN181-12", "url": "", "profile_image_url": "https://tvax2.sinaimg.cn/crop.0.0.996.996.50/006ML60Rly8gtwamvpldij30ro0rojug.jpg?KID=imgbed,tva&Expires=1673968225&ssig=lqqTAb4fyR", "light_ring": false, "cover_image_phone": "https://ww1.sinaimg.cn/crop.0.0.640.640.640/549d0121tw1egm1kjly3jj20hs0hsq4f.jpg", "profile_url": "u/6217285653", "domain": "", "weihao": "", "gender": "m", "followers_count": 63, "followers_count_str": "63", "friends_count": 87, "pagefriends_count": 3, "statuses_count": 48, "video_status_count": 0, "video_play_count": 0, "super_topic_not_syn_count": 0, "favourites_count": 7, "created_at": "Tue Oct 10 19:41:41 +0800 2017", "following": false, "allow_all_act_msg": false, "geo_enabled": true, "verified": false, "verified_type": -1, "remark": "", "insecurity": {"sexual_content": false}, "ptype": 0, "allow_all_comment": true, "avatar_large": "https://tvax2.sinaimg.cn/crop.0.0.996.996.180/006ML60Rly8gtwamvpldij30ro0rojug.jpg?KID=imgbed,tva&Expires=1673968225&ssig=kqll726a%2Bq", "avatar_hd": "https://tvax2.sinaimg.cn/crop.0.0.996.996.1024/006ML60Rly8gtwamvpldij30ro0rojug.jpg?KID=imgbed,tva&Expires=1673968225&ssig=vXFDVRmxg%2B", "verified_reason": "", "verified_trade": "", "verified_reason_url": "", "verified_source": "", "verified_source_url": "", "follow_me": false, "like": false, "like_me": false, "online_status": 0, "bi_followers_count": 0, "lang": "zh-cn", "star": 0, "mbtype": 0, "mbrank": 0, "svip": 0, "mb_expire_time": 0, "block_word": 0, "block_app": 0, "chaohua_ability": 0, "brand_ability": 0, "nft_ability": 0, "vplus_ability": 0, "wenda_ability": 0, "live_ability": 0, "gongyi_ability": 0, "paycolumn_ability": 0, "newbrand_ability": 0, "ecommerce_ability": 0, "hardfan_ability": 0, "wbcolumn_ability": 0, "credit_score": 80, "user_ability": 2097152, "urank": 4, "story_read_state": -1, "vclub_member": 0, "is_teenager": 0, "is_guardian": 0, "is_teenager_list": 0, "pc_new": 0, "special_follow": false, "planet_video": 2, "video_mark": 0, "live_status": 0, "user_ability_extend": 0, "status_total_counter": {"total_cnt": 11, "repost_cnt": 0, "comment_cnt": 2, "like_cnt": 9, "comment_like_cnt": 0}, "video_total_counter": {"play_cnt": 0}, "brand_account": 0, "hongbaofei": 0, "tab_manage": "[0, 0]", "reward_status": 0, "green_mode": 0, "urisk": 549755813888, "avatar_type": 0}, "mid": "4846641234058626", "idstr": "4846641234058626", "match_ai_play_picture": false}, "readtimetype": "comment", "match_ai_play_picture": false}