{"created_at": "Thu Dec 08 17:16:51 +0800 2022", "id": 4844452781232117, "rootid": 4844452781232117, "rootidstr": "4844452781232117", "floor_number": 53, "text": "福建就是这样，就算绩效比那些假加班的高，也不给升职加薪，假加班的他就是升职加薪", "disable_reply": 0, "restrictOperate": 0, "source_allowclick": 0, "source_type": 4, "source": "<a href=\"\" rel=\"nofollow\">来自福建</a>", "user": {"id": 6271374839, "idstr": "6271374839", "class": 1, "screen_name": "西西2034", "name": "西西2034", "province": "35", "city": "1", "location": "福建 福州", "description": "叫西西，最喜欢飞飞。", "url": "", "profile_image_url": "https://tvax1.sinaimg.cn/crop.0.0.460.460.50/006Qq355ly8h4usp55vp7j30cs0csdgb.jpg?KID=imgbed,tva&Expires=1673958699&ssig=354JFcUn7N", "light_ring": false, "cover_image_phone": "https://ww1.sinaimg.cn/crop.0.0.640.640.640/549d0121tw1egm1kjly3jj20hs0hsq4f.jpg", "profile_url": "u/6271374839", "domain": "", "weihao": "", "gender": "f", "followers_count": 16, "followers_count_str": "16", "friends_count": 41, "pagefriends_count": 3, "statuses_count": 21, "video_status_count": 0, "video_play_count": 0, "super_topic_not_syn_count": 0, "favourites_count": 122, "created_at": "Sun Jul 02 15:11:29 +0800 2017", "following": false, "allow_all_act_msg": false, "geo_enabled": true, "verified": false, "verified_type": -1, "remark": "", "insecurity": {"sexual_content": false}, "ptype": 0, "allow_all_comment": false, "avatar_large": "https://tvax1.sinaimg.cn/crop.0.0.460.460.180/006Qq355ly8h4usp55vp7j30cs0csdgb.jpg?KID=imgbed,tva&Expires=1673958699&ssig=BZeWNA1YKR", "avatar_hd": "https://tvax1.sinaimg.cn/crop.0.0.460.460.1024/006Qq355ly8h4usp55vp7j30cs0csdgb.jpg?KID=imgbed,tva&Expires=1673958699&ssig=HA3Jz8PHB8", "verified_reason": "", "verified_trade": "", "verified_reason_url": "", "verified_source": "", "verified_source_url": "", "follow_me": false, "like": false, "like_me": false, "online_status": 0, "bi_followers_count": 0, "lang": "zh-cn", "star": 0, "mbtype": 0, "mbrank": 0, "svip": 0, "mb_expire_time": 0, "block_word": 0, "block_app": 0, "chaohua_ability": 0, "brand_ability": 0, "nft_ability": 0, "vplus_ability": 0, "wenda_ability": 0, "live_ability": 0, "gongyi_ability": 0, "paycolumn_ability": 0, "newbrand_ability": 0, "ecommerce_ability": 0, "hardfan_ability": 0, "wbcolumn_ability": 0, "credit_score": 80, "user_ability": 2097152, "urank": 4, "story_read_state": -1, "vclub_member": 0, "is_teenager": 0, "is_guardian": 0, "is_teenager_list": 0, "pc_new": 0, "special_follow": false, "planet_video": 0, "video_mark": 0, "live_status": 0, "user_ability_extend": 0, "status_total_counter": {"total_cnt": 74, "repost_cnt": 20, "comment_cnt": 24, "like_cnt": 29, "comment_like_cnt": 1}, "video_total_counter": {"play_cnt": -1}, "brand_account": 0, "hongbaofei": 0, "tab_manage": "[0, 0]", "reward_status": 0, "green_mode": 0, "urisk": 549755813888, "avatar_type": 0}, "mid": "4844452781232117", "idstr": "4844452781232117", "status": {"visible": {"type": 0, "list_id": 0}, "created_at": "Thu Dec 08 13:17:17 +0800 2022", "id": 4844392492566861, "idstr": "4844392492566861", "mid": "4844392492566861", "edit_count": 1, "can_edit": false, "edit_at": "Thu Dec 08 20:09:07 +0800 2022", "version": 4, "show_additional_indication": 0, "text": "#女生准时下班被批踩点走# \n\n好家伙，又不是活没干完。\n\n活干完了早点收拾，准点下班有什么问题？\n\n还有，6点零几走怎么就礼貌了？\n\n我踏马上班早到，下班踩点走，怎么了？\n\n[黑线][黑线][黑线] \n\nhttp://t.cn/A6K61UJV \n\n#你认为下班可以踩点走吗# ​", "textLength": 230, "source_allowclick": 0, "source_type": 1, "source": "<a href=\"http://app.weibo.com/t/feed/xEsRX\" rel=\"nofollow\">新版微博 weibo.com</a>", "favorited": false, "truncated": false, "in_reply_to_status_id": "", "in_reply_to_user_id": "", "in_reply_to_screen_name": "", "pic_urls": [], "geo": null, "is_paid": false, "mblog_vip_type": 0, "user": {"id": 6059492811, "idstr": "6059492811", "class": 1, "screen_name": "拆台CT", "name": "拆台CT", "province": "11", "city": "1", "location": "北京 东城区", "description": "准备做一个没素质的博主，希望你评论的时候注意点。", "url": "", "profile_image_url": "https://tvax2.sinaimg.cn/crop.0.0.800.800.50/006C50T1ly8h8weif5vyjj30m80m8wge.jpg?KID=imgbed,tva&Expires=1673958699&ssig=j2x8Xqe9d%2B", "light_ring": false, "cover_image": "https://wx4.sinaimg.cn/crop.0.0.920.300/006C50T1gy1fiy6cslbaxj30pk08c7c6.jpg", "cover_image_phone": "https://wx1.sinaimg.cn/crop.0.0.640.640.640/006C50T1ly1h4cml0fp7wj30qc0qc3zi.jpg", "profile_url": "ctchaitai", "domain": "ctchaitai", "weihao": "", "gender": "m", "followers_count": 606600, "followers_count_str": "60.7万", "friends_count": 599, "pagefriends_count": 16, "statuses_count": 42977, "video_status_count": 3975, "video_play_count": 0, "super_topic_not_syn_count": 0, "favourites_count": 30088, "created_at": "Sun Nov 06 09:19:34 +0800 2016", "following": false, "allow_all_act_msg": false, "geo_enabled": true, "verified": true, "verified_type": 0, "remark": "", "insecurity": {"sexual_content": false}, "ptype": 0, "allow_all_comment": false, "avatar_large": "https://tvax2.sinaimg.cn/crop.0.0.800.800.180/006C50T1ly8h8weif5vyjj30m80m8wge.jpg?KID=imgbed,tva&Expires=1673958699&ssig=%2BZpjR8I9SQ", "avatar_hd": "https://tvax2.sinaimg.cn/crop.0.0.800.800.1024/006C50T1ly8h8weif5vyjj30m80m8wge.jpg?KID=imgbed,tva&Expires=1673958699&ssig=9jx%2F%2Fwu7tO", "verified_reason": "互联网科技博主 2022年辰星计划博主 超话主持人（拆拆的台超话） 微博原创视频博主 头条文章作者", "verified_trade": "", "verified_reason_url": "", "verified_source": "", "verified_source_url": "", "verified_state": 0, "verified_level": 3, "verified_type_ext": 1, "has_service_tel": false, "verified_reason_modified": "", "verified_contact_name": "", "verified_contact_email": "", "verified_contact_mobile": "", "follow_me": false, "like": false, "like_me": false, "online_status": 0, "bi_followers_count": 558, "lang": "zh-cn", "star": 0, "mbtype": 12, "mbrank": 8, "svip": 1, "mb_expire_time": 1698940800, "block_word": 1, "block_app": 1, "chaohua_ability": 0, "brand_ability": 0, "nft_ability": 0, "vplus_ability": 1, "wenda_ability": 0, "live_ability": 0, "gongyi_ability": 0, "paycolumn_ability": 3, "newbrand_ability": 0, "ecommerce_ability": 0, "hardfan_ability": 1, "wbcolumn_ability": 0, "credit_score": 80, "user_ability": -2135553496, "cardid": "flag_36059492811007518", "avatargj_id": "gj_vip_094", "urank": 34, "story_read_state": -1, "verified_detail": {"custom": 1, "data": [{"key": 2, "sub_key": 0, "weight": 10, "desc": "互联网科技博主", "timestamp": 0}, {"key": 4, "sub_key": 9, "weight": 999, "desc": "头条文章作者", "timestamp": 0}, {"key": 16, "sub_key": 1, "weight": 103, "desc": "微博原创视频博主", "timestamp": 0}, {"key": 8, "sub_key": 0, "weight": 102, "desc": "超话主持人（拆拆的台超话）", "timestamp": 0}, {"key": 1, "sub_key": 0, "weight": 100, "desc": "2022年辰星计划博主", "timestamp": 0}]}, "vclub_member": 0, "is_teenager": 0, "is_guardian": 1, "is_teenager_list": 0, "pc_new": 6, "special_follow": false, "planet_video": 2, "video_mark": 15, "live_status": 0, "user_ability_extend": 1, "brand_account": 0, "hongbaofei": 0, "tab_manage": "[283736454038927, 0]", "reward_status": 0, "green_mode": 0, "mb_like_privilege": {"like_id": "0016_36", "like_desc": ""}, "urisk": 554050781184, "avatar_type": 0}, "annotations": [{}, {}, {"mapi_request": true}], "reposts_count": 0, "comments_count": 0, "reprint_cmt_count": 0, "attitudes_count": 0, "pending_approval_count": 0, "isLongText": false, "reward_exhibition_type": 0, "hide_flag": 0, "mlevel": 0, "show_mlevel": 0, "biz_ids": [230444], "biz_feature": 4294967304, "page_type": 64, "hasActionTypeCard": 0, "darwin_tags": [], "hot_weibo_tags": [], "text_tag_tips": [], "mblogtype": 0, "userType": 0, "more_info_type": 0, "cardid": "flag_36059492811007518", "number_display_strategy": {"apply_scenario_flag": 3, "display_text_min_number": 1000000, "display_text": "100万+"}, "positive_recom_flag": 0, "content_auth": 0, "gif_ids": "", "is_show_bulletin": 2, "comment_manage_info": {"comment_permission_type": -1, "approval_comment_type": 0, "comment_sort_type": 0, "ai_play_picture_type": 0}, "pic_num": 0, "fid": 4844391901692079, "can_reprint": false, "new_comment_style": 0}, "readtimetype": "comment", "match_ai_play_picture": false}