{"created_at": "Mon Dec 19 10:44:30 +0800 2022", "id": 4848340313833721, "rootid": 4848340313833721, "rootidstr": "4848340313833721", "floor_number": 6, "text": "可可爱爱的老师[哈哈]", "disable_reply": 0, "restrictOperate": 0, "source_allowclick": 0, "source_type": 4, "source": "<a href=\"\" rel=\"nofollow\">来自江西</a>", "comment_badge": [{"pic_url": "https://h5.sinaimg.cn/upload/114/962/2022/07/08/member_0_bigfan2_3.png", "name": "loyal_fans", "length": 1.33, "actionlog": {"act_code": "3671", "ext": "status:fans"}, "scheme": "https://kefu.weibo.com/faqdetail?id=20848", "new_icon": true}], "user": {"id": 6400602515, "idstr": "6400602515", "class": 1, "screen_name": "X今天要开心", "name": "X今天要开心", "province": "100", "city": "1000", "location": "其他", "description": "", "url": "", "profile_image_url": "https://tvax1.sinaimg.cn/crop.0.0.512.512.50/006Zah6rly8grl054h6ygj30e80e8dgp.jpg?KID=imgbed,tva&Expires=1671526487&ssig=BaqqbX2RUT", "light_ring": false, "profile_url": "u/6400602515", "domain": "", "weihao": "", "gender": "f", "followers_count": 0, "followers_count_str": "0", "friends_count": 11, "pagefriends_count": 1, "statuses_count": 3029, "video_status_count": 0, "video_play_count": 0, "super_topic_not_syn_count": 0, "favourites_count": 0, "created_at": "Tue Jan 09 08:32:44 +0800 2018", "following": false, "allow_all_act_msg": false, "geo_enabled": true, "verified": false, "verified_type": -1, "remark": "", "insecurity": {"sexual_content": false}, "ptype": 0, "allow_all_comment": true, "avatar_large": "https://tvax1.sinaimg.cn/crop.0.0.512.512.180/006Zah6rly8grl054h6ygj30e80e8dgp.jpg?KID=imgbed,tva&Expires=1671526487&ssig=DYBi%2F7P6Iy", "avatar_hd": "https://tvax1.sinaimg.cn/crop.0.0.512.512.1024/006Zah6rly8grl054h6ygj30e80e8dgp.jpg?KID=imgbed,tva&Expires=1671526487&ssig=XRE9rnI0i9", "verified_reason": "", "verified_trade": "", "verified_reason_url": "", "verified_source": "", "verified_source_url": "", "follow_me": false, "like": false, "like_me": false, "online_status": 0, "bi_followers_count": 0, "lang": "zh-cn", "star": 0, "mbtype": 0, "mbrank": 0, "svip": 0, "mb_expire_time": 0, "block_word": 0, "block_app": 0, "chaohua_ability": 0, "brand_ability": 0, "nft_ability": 0, "vplus_ability": 0, "wenda_ability": 0, "live_ability": 0, "gongyi_ability": 0, "paycolumn_ability": 0, "newbrand_ability": 0, "ecommerce_ability": 0, "hardfan_ability": 0, "credit_score": 80, "user_ability": 0, "urank": 0, "story_read_state": -1, "vclub_member": 0, "is_teenager": 0, "is_guardian": 0, "is_teenager_list": 0, "pc_new": 0, "special_follow": false, "planet_video": 2, "video_mark": 0, "live_status": 0, "user_ability_extend": 0, "status_total_counter": {"total_cnt": 1115, "repost_cnt": 2, "comment_cnt": 16, "like_cnt": 1097, "comment_like_cnt": 0}, "video_total_counter": {"play_cnt": 0}, "brand_account": 0, "hongbaofei": 0, "tab_manage": "[0, 0]", "reward_status": 0, "green_mode": 0, "urisk": 0, "avatar_type": 0}, "mid": "4848340313833721", "idstr": "4848340313833721", "status": {"visible": {"type": 0, "list_id": 0}, "created_at": "Mon Dec 19 07:59:51 +0800 2022", "id": 4848298877256668, "idstr": "4848298877256668", "mid": "4848298877256668", "can_edit": false, "version": 2, "show_additional_indication": 0, "text": "#南铁微视角#【可可爱爱！#老师指导学生表演每帧都是表情包#[笑cry]】近日，浙江，小朋友上台表演，一位老师在台下“沉浸式”指导，动作夸张，表情到位，十分可爱。网友：短短30秒，每一帧都是表情包[允悲]@人民视频 http://t.cn/A6KWHrj6 ​", "textLength": 221, "source_allowclick": 0, "source_type": 1, "source": "<a href=\"http://app.weibo.com/t/feed/4iDt6Q\" rel=\"nofollow\">微博云剪</a>", "favorited": false, "truncated": false, "in_reply_to_status_id": "", "in_reply_to_user_id": "", "in_reply_to_screen_name": "", "pic_urls": [], "geo": null, "is_paid": false, "mblog_vip_type": 0, "user": {"id": 1882716230, "idstr": "1882716230", "class": 1, "screen_name": "南昌铁路", "name": "南昌铁路", "province": "36", "city": "1000", "location": "江西", "description": "中国铁路南昌局集团有限公司，全国500强、中国5A级物流企业，主要经营江西、福建两省铁路。", "url": "", "profile_image_url": "https://tvax4.sinaimg.cn/crop.0.0.1080.1080.50/7037f846ly8h8w3ujjisvj20u00u00x0.jpg?KID=imgbed,tva&Expires=1671526487&ssig=M98%2FwkNuG5", "light_ring": false, "cover_image": "https://wx4.sinaimg.cn/crop.0.0.920.300/7037f846gy1gc7nuj2u2xj20pk08cqg2.jpg", "cover_image_phone": "https://ww1.sinaimg.cn/crop.0.0.640.640.640/549d0121tw1egm1kjly3jj20hs0hsq4f.jpg", "profile_url": "nctl", "domain": "nctl", "weihao": "", "gender": "f", "followers_count": 4751045, "followers_count_str": "475.1万", "friends_count": 1921, "pagefriends_count": 112, "statuses_count": 126903, "video_status_count": 3131, "video_play_count": 0, "super_topic_not_syn_count": 0, "favourites_count": 15, "created_at": "Wed Dec 01 16:04:42 +0800 2010", "following": false, "allow_all_act_msg": true, "geo_enabled": false, "verified": true, "verified_type": 1, "remark": "", "insecurity": {"sexual_content": false}, "ptype": 200, "allow_all_comment": true, "avatar_large": "https://tvax4.sinaimg.cn/crop.0.0.1080.1080.180/7037f846ly8h8w3ujjisvj20u00u00x0.jpg?KID=imgbed,tva&Expires=1671526487&ssig=4id0NESVHX", "avatar_hd": "https://tvax4.sinaimg.cn/crop.0.0.1080.1080.1024/7037f846ly8h8w3ujjisvj20u00u00x0.jpg?KID=imgbed,tva&Expires=1671526487&ssig=icV%2F6dJJGn", "verified_reason": "中国铁路南昌局集团有限公司官方微博", "verified_trade": "", "verified_reason_url": "", "verified_source": "", "verified_source_url": "", "verified_state": 0, "verified_level": 3, "verified_type_ext": 0, "has_service_tel": false, "verified_reason_modified": "中国铁路南昌局集团有限公司官方微博", "verified_contact_name": "", "verified_contact_email": "", "verified_contact_mobile": "", "follow_me": false, "like": false, "like_me": false, "online_status": 0, "bi_followers_count": 1430, "lang": "zh-cn", "star": 0, "mbtype": 2, "mbrank": 6, "svip": 0, "mb_expire_time": 1662739199, "block_word": 0, "block_app": 0, "chaohua_ability": 0, "brand_ability": 2, "nft_ability": 0, "vplus_ability": 0, "wenda_ability": 0, "live_ability": 1, "gongyi_ability": 0, "paycolumn_ability": 0, "newbrand_ability": 0, "ecommerce_ability": 0, "hardfan_ability": 1, "credit_score": 80, "user_ability": 547619340, "cardid": "star_1624", "avatargj_id": "gj_vip_073", "urank": 48, "story_read_state": -1, "vclub_member": 0, "is_teenager": 0, "is_guardian": 0, "is_teenager_list": 0, "pc_new": 6, "special_follow": false, "planet_video": 2, "video_mark": 15, "live_status": 0, "user_ability_extend": 1, "status_total_counter": {"total_cnt": 9799836, "repost_cnt": 5205062, "comment_cnt": 1975297, "like_cnt": 2480288, "comment_like_cnt": 139189}, "video_total_counter": {"play_cnt": 47761070}, "brand_account": 0, "hongbaofei": 0, "tab_manage": "[0, 0]", "reward_status": 0, "green_mode": 0, "urisk": 0, "avatar_type": 0}, "reposts_count": 0, "comments_count": 0, "reprint_cmt_count": 0, "attitudes_count": 0, "pending_approval_count": 0, "isLongText": false, "reward_exhibition_type": 0, "hide_flag": 0, "mlevel": 0, "show_mlevel": 0, "biz_ids": [230444], "biz_feature": 4294967304, "page_type": 64, "hasActionTypeCard": 0, "darwin_tags": [], "hot_weibo_tags": [], "text_tag_tips": [], "mblogtype": 0, "userType": 0, "more_info_type": 0, "cardid": "star_1624", "positive_recom_flag": 0, "content_auth": 0, "gif_ids": "", "is_show_bulletin": 2, "comment_manage_info": {"comment_permission_type": -1, "approval_comment_type": 0, "comment_sort_type": 0, "ai_play_picture_type": 0}, "pic_num": 0, "can_reprint": false, "new_comment_style": 0}, "readtimetype": "comment", "match_ai_play_picture": false}