{"created_at": "Tue Dec 13 07:26:20 +0800 2022", "id": 4846116111125645, "rootid": 4846116111125645, "rootidstr": "4846116111125645", "floor_number": 267, "text": "我好像阳了 发了一晚的烧 但我爬也要去考试[泪]", "disable_reply": 0, "restrictOperate": 0, "source_allowclick": 0, "source_type": 4, "source": "<a href=\"\" rel=\"nofollow\">来自黑龙江</a>", "user": {"id": 3122672002, "idstr": "3122672002", "class": 1, "screen_name": "栋城软软", "name": "栋城软软", "province": "23", "city": "1", "location": "黑龙江 哈尔滨", "description": "", "url": "", "profile_image_url": "https://tvax3.sinaimg.cn/crop.0.0.1080.1080.50/ba203182ly8h88dfe4tadj20u00u0jxb.jpg?KID=imgbed,tva&Expires=1674056760&ssig=ogn03p8Wui", "light_ring": false, "cover_image_phone": "https://ww1.sinaimg.cn/crop.0.0.640.640.640/9d44112bjw1f1xl1c10tuj20hs0hs0tw.jpg", "profile_url": "u/3122672002", "domain": "", "weihao": "", "gender": "f", "followers_count": 93, "followers_count_str": "93", "friends_count": 311, "pagefriends_count": 26, "statuses_count": 187, "video_status_count": 0, "video_play_count": 0, "super_topic_not_syn_count": 0, "favourites_count": 4, "created_at": "Sun Jan 13 09:29:55 +0800 2013", "following": false, "allow_all_act_msg": false, "geo_enabled": true, "verified": false, "verified_type": -1, "remark": "", "insecurity": {"sexual_content": false}, "ptype": 0, "allow_all_comment": false, "avatar_large": "https://tvax3.sinaimg.cn/crop.0.0.1080.1080.180/ba203182ly8h88dfe4tadj20u00u0jxb.jpg?KID=imgbed,tva&Expires=1674056760&ssig=t8aloEnNOu", "avatar_hd": "https://tvax3.sinaimg.cn/crop.0.0.1080.1080.1024/ba203182ly8h88dfe4tadj20u00u0jxb.jpg?KID=imgbed,tva&Expires=1674056760&ssig=0VFrMHX7I1", "verified_reason": "", "verified_trade": "", "verified_reason_url": "", "verified_source": "", "verified_source_url": "", "follow_me": false, "like": false, "like_me": false, "online_status": 0, "bi_followers_count": 4, "lang": "zh-cn", "star": 0, "mbtype": 2, "mbrank": 5, "svip": 0, "mb_expire_time": 1608739199, "block_word": 0, "block_app": 0, "chaohua_ability": 0, "brand_ability": 0, "nft_ability": 0, "vplus_ability": 0, "wenda_ability": 0, "live_ability": 0, "gongyi_ability": 0, "paycolumn_ability": 0, "newbrand_ability": 0, "ecommerce_ability": 0, "hardfan_ability": 0, "wbcolumn_ability": 0, "credit_score": 80, "user_ability": 2098176, "cardid": "star_414", "avatargj_id": "gj_vip_263", "urank": 9, "story_read_state": -1, "vclub_member": 0, "is_teenager": 0, "is_guardian": 0, "is_teenager_list": 0, "pc_new": 0, "special_follow": false, "planet_video": 0, "video_mark": 0, "live_status": 0, "user_ability_extend": 0, "status_total_counter": {"total_cnt": 126, "repost_cnt": 8, "comment_cnt": 73, "like_cnt": 44, "comment_like_cnt": 1}, "video_total_counter": {"play_cnt": -1}, "brand_account": 0, "hongbaofei": 0, "tab_manage": "[0, 0]", "reward_status": 0, "green_mode": 0, "urisk": 0, "unfollowing_recom_switch": 1, "avatar_type": 0}, "mid": "4846116111125645", "idstr": "4846116111125645", "status": {"visible": {"type": 0, "list_id": 0}, "created_at": "Mon Dec 12 17:49:17 +0800 2022", "id": 4845910498476806, "idstr": "4845910498476806", "mid": "4845910498476806", "can_edit": false, "version": 1, "show_additional_indication": 0, "text": "#北京确保研究生招生考试如期举行# \n\n既然要“确保”还是应该尽早公布一下确保细则哈！毕竟是在感染最高峰点汇集500万人在密闭空间。比如：\n\n👉🏻考前需要做核酸吗？结果异常怎么办？\n👉🏻考试当天高烧怎么办？临时如何快速调整考场？\n👉🏻如果考试把感染曲线再推陡，是否会更挤兑医疗资源 ​", "textLength": 604, "source_allowclick": 0, "source_type": 1, "source": "<a href=\"http://app.weibo.com/t/feed/58FkdM\" rel=\"nofollow\">iPhone 14 Pro Max</a>", "favorited": false, "truncated": false, "in_reply_to_status_id": "", "in_reply_to_user_id": "", "in_reply_to_screen_name": "", "pic_urls": [], "geo": null, "is_paid": false, "mblog_vip_type": 0, "user": {"id": 1800794691, "idstr": "1800794691", "class": 1, "screen_name": "敏敏在小森林", "name": "敏敏在小森林", "province": "11", "city": "1000", "location": "北京", "description": "人生如赴宴", "url": "http://blog.sina.com.cn/bonnielium", "profile_image_url": "https://tvax2.sinaimg.cn/crop.0.0.1125.1125.50/6b55f243ly8fujyfv984nj20v90v9tdv.jpg?KID=imgbed,tva&Expires=1674056760&ssig=agWcDRu1xd", "light_ring": false, "cover_image_phone": "https://wx2.sinaimg.cn/crop.0.0.640.640.640/6b55f243ly1fujygost99j20v90v9wl6.jpg;https://ww3.sinaimg.cn/crop.0.0.640.640.640/6b55f243jw1ekfuol9qcvj20l00l0ac3.jpg", "profile_url": "u/1800794691", "domain": "", "weihao": "", "gender": "f", "followers_count": 1004247, "followers_count_str": "100.4万", "friends_count": 632, "pagefriends_count": 18, "statuses_count": 18723, "video_status_count": 309, "video_play_count": 0, "super_topic_not_syn_count": 0, "favourites_count": 1660, "created_at": "Mon Aug 23 11:18:30 +0800 2010", "following": false, "allow_all_act_msg": false, "geo_enabled": true, "verified": true, "verified_type": 0, "remark": "", "insecurity": {"sexual_content": false}, "ptype": 0, "allow_all_comment": true, "avatar_large": "https://tvax2.sinaimg.cn/crop.0.0.1125.1125.180/6b55f243ly8fujyfv984nj20v90v9tdv.jpg?KID=imgbed,tva&Expires=1674056760&ssig=MeTULAhsyt", "avatar_hd": "https://tvax2.sinaimg.cn/crop.0.0.1125.1125.1024/6b55f243ly8fujyfv984nj20v90v9tdv.jpg?KID=imgbed,tva&Expires=1674056760&ssig=CLwxT7w5He", "verified_reason": "情感博主 微博原创视频博主 微博VLOG博主", "verified_trade": "1096", "verified_reason_url": "", "verified_source": "", "verified_source_url": "", "verified_state": 0, "verified_level": 3, "verified_type_ext": 1, "has_service_tel": false, "verified_reason_modified": "", "verified_contact_name": "", "verified_contact_email": "", "verified_contact_mobile": "", "follow_me": false, "like": false, "like_me": false, "online_status": 0, "bi_followers_count": 390, "lang": "zh-cn", "star": 0, "mbtype": 12, "mbrank": 7, "svip": 0, "mb_expire_time": 1748448000, "block_word": 1, "block_app": 1, "chaohua_ability": 0, "brand_ability": 0, "nft_ability": 0, "vplus_ability": 0, "wenda_ability": 1, "live_ability": 1, "gongyi_ability": 0, "paycolumn_ability": 1, "newbrand_ability": 0, "ecommerce_ability": 0, "hardfan_ability": 1, "wbcolumn_ability": 0, "ability_tags": "时尚潮人", "credit_score": 80, "user_ability": -2135684600, "avatargj_id": "gj_vip_011", "urank": 48, "story_read_state": -1, "verified_detail": {"custom": 1, "data": [{"key": 16, "sub_key": 1, "weight": 103, "desc": "微博原创视频博主", "timestamp": 0}, {"key": 16, "sub_key": 2, "weight": 103, "desc": "微博VLOG博主", "timestamp": 0}, {"key": 2, "sub_key": 0, "weight": 101, "desc": "情感博主", "timestamp": 0}]}, "vclub_member": 0, "is_teenager": 0, "is_guardian": 0, "is_teenager_list": 0, "pc_new": 7, "special_follow": false, "planet_video": 2, "video_mark": 15, "live_status": 2, "user_ability_extend": 1, "status_total_counter": {"total_cnt": 1387423, "repost_cnt": 187109, "comment_cnt": 417629, "like_cnt": 675432, "comment_like_cnt": 107253}, "video_total_counter": {"play_cnt": 13791904}, "brand_account": 0, "hongbaofei": 0, "tab_manage": "[1108337101957, 0]", "reward_status": 0, "green_mode": 0, "urisk": 0, "unfollowing_recom_switch": 1, "avatar_type": 0}, "annotations": [{}, {"shooting": 1, "client_mblogid": "iPhone-1D6CFD7F-6A40-4F7B-8BD8-02A2C252028A"}, {"mapi_request": true}], "reposts_count": 0, "comments_count": 0, "reprint_cmt_count": 0, "attitudes_count": 0, "pending_approval_count": 0, "isLongText": true, "reward_exhibition_type": 0, "hide_flag": 0, "mlevel": 0, "show_mlevel": 0, "biz_feature": 0, "page_type": 64, "hasActionTypeCard": 0, "darwin_tags": [], "hot_weibo_tags": [], "text_tag_tips": [], "mblogtype": 0, "userType": 0, "more_info_type": 0, "number_display_strategy": {"apply_scenario_flag": 3, "display_text_min_number": 1000000, "display_text": "100万+"}, "positive_recom_flag": 0, "content_auth": 0, "gif_ids": "", "is_show_bulletin": 2, "comment_manage_info": {"comment_permission_type": -1, "approval_comment_type": 0, "comment_sort_type": 0, "ai_play_picture_type": 0}, "pic_num": 0, "can_reprint": false, "new_comment_style": 0}, "readtimetype": "comment", "comment_dynamic_message": {"id": "0", "start_color": "#00FFFFFF", "end_color": "#1AFFFFFF", "start_color_dark": "#003A3A3A", "end_color_dark": "#333A3A3A", "name": {"zh_CN": "默认", "zh_HK": "默認", "en_US": "default"}, "scheme": "https://new.vip.weibo.cn/bubble/mall?showmenu=0&decorateId=0&uid=3122672002", "allow_vip_box_content": "用此评论气泡", "allow_vip_box_icon": "https://h5.sinaimg.cn/upload/100/1720/2022/08/08/icon_VIP_for_comment_bubble.png"}, "match_ai_play_picture": false}