{"created_at": "Mon Dec 12 18:06:21 +0800 2022", "id": 4845914788731296, "rootid": 4845914390532741, "rootidstr": "4845914390532741", "floor_number": 0, "text": "回复@骑着摩托追毛驴:希望jyb的领导们39度不去工作直接被开除[太开心]", "disable_reply": 0, "restrictOperate": 0, "source_allowclick": 0, "source_type": 4, "source": "<a href=\"\" rel=\"nofollow\">来自山西</a>", "user": {"id": 5353369064, "idstr": "5353369064", "class": 1, "screen_name": "大家好我是微博普通用户", "name": "大家好我是微博普通用户", "province": "11", "city": "1000", "location": "北京", "description": "", "url": "", "profile_image_url": "https://tvax1.sinaimg.cn/crop.0.0.555.555.50/005QibQkly8h4lzfv7344j30ff0ffq3g.jpg?KID=imgbed,tva&Expires=1674056832&ssig=my%2FaAx2owQ", "light_ring": false, "cover_image_phone": "https://ww1.sinaimg.cn/crop.0.0.640.640.640/549d0121tw1egm1kjly3jj20hs0hsq4f.jpg", "profile_url": "u/5353369064", "domain": "", "weihao": "", "gender": "f", "followers_count": 19, "followers_count_str": "19", "friends_count": 199, "pagefriends_count": 40, "statuses_count": 10, "video_status_count": 0, "video_play_count": 0, "super_topic_not_syn_count": 2, "favourites_count": 0, "created_at": "Mon Nov 24 23:27:20 +0800 2014", "following": false, "allow_all_act_msg": false, "geo_enabled": true, "verified": false, "verified_type": -1, "remark": "", "insecurity": {"sexual_content": false}, "ptype": 0, "allow_all_comment": true, "avatar_large": "https://tvax1.sinaimg.cn/crop.0.0.555.555.180/005QibQkly8h4lzfv7344j30ff0ffq3g.jpg?KID=imgbed,tva&Expires=1674056832&ssig=MMIf%2BzcxCN", "avatar_hd": "https://tvax1.sinaimg.cn/crop.0.0.555.555.1024/005QibQkly8h4lzfv7344j30ff0ffq3g.jpg?KID=imgbed,tva&Expires=1674056832&ssig=qEvCQL8ABa", "verified_reason": "", "verified_trade": "", "verified_reason_url": "", "verified_source": "", "verified_source_url": "", "follow_me": false, "like": false, "like_me": false, "online_status": 0, "bi_followers_count": 1, "lang": "zh-cn", "star": 0, "mbtype": 0, "mbrank": 0, "svip": 0, "mb_expire_time": 0, "block_word": 0, "block_app": 0, "chaohua_ability": 0, "brand_ability": 0, "nft_ability": 0, "vplus_ability": 0, "wenda_ability": 0, "live_ability": 0, "gongyi_ability": 0, "paycolumn_ability": 0, "newbrand_ability": 0, "ecommerce_ability": 0, "hardfan_ability": 0, "wbcolumn_ability": 0, "credit_score": 80, "user_ability": 2097152, "urank": 2, "story_read_state": -1, "vclub_member": 0, "is_teenager": 0, "is_guardian": 0, "is_teenager_list": 0, "pc_new": 0, "special_follow": false, "planet_video": 2, "video_mark": 0, "live_status": 0, "user_ability_extend": 0, "status_total_counter": {"total_cnt": 345, "repost_cnt": 4, "comment_cnt": 1, "like_cnt": 340, "comment_like_cnt": 0}, "video_total_counter": {"play_cnt": 7}, "brand_account": 0, "hongbaofei": 0, "tab_manage": "[0, 0]", "reward_status": 0, "green_mode": 0, "urisk": 0, "unfollowing_recom_switch": 1, "avatar_type": 0}, "mid": "4845914788731296", "idstr": "4845914788731296", "status": {"visible": {"type": 0, "list_id": 0}, "created_at": "Mon Dec 12 17:49:17 +0800 2022", "id": 4845910498476806, "idstr": "4845910498476806", "mid": "4845910498476806", "can_edit": false, "version": 1, "show_additional_indication": 0, "text": "#北京确保研究生招生考试如期举行# \n\n既然要“确保”还是应该尽早公布一下确保细则哈！毕竟是在感染最高峰点汇集500万人在密闭空间。比如：\n\n👉🏻考前需要做核酸吗？结果异常怎么办？\n👉🏻考试当天高烧怎么办？临时如何快速调整考场？\n👉🏻如果考试把感染曲线再推陡，是否会更挤兑医疗资源 ​", "textLength": 604, "source_allowclick": 0, "source_type": 1, "source": "<a href=\"http://app.weibo.com/t/feed/58FkdM\" rel=\"nofollow\">iPhone 14 Pro Max</a>", "favorited": false, "truncated": false, "in_reply_to_status_id": "", "in_reply_to_user_id": "", "in_reply_to_screen_name": "", "pic_urls": [], "geo": null, "is_paid": false, "mblog_vip_type": 0, "user": {"id": 1800794691, "idstr": "1800794691", "class": 1, "screen_name": "敏敏在小森林", "name": "敏敏在小森林", "province": "11", "city": "1000", "location": "北京", "description": "人生如赴宴", "url": "http://blog.sina.com.cn/bonnielium", "profile_image_url": "https://tvax2.sinaimg.cn/crop.0.0.1125.1125.50/6b55f243ly8fujyfv984nj20v90v9tdv.jpg?KID=imgbed,tva&Expires=1674056832&ssig=SErcUfgolE", "light_ring": false, "cover_image_phone": "https://wx2.sinaimg.cn/crop.0.0.640.640.640/6b55f243ly1fujygost99j20v90v9wl6.jpg;https://ww3.sinaimg.cn/crop.0.0.640.640.640/6b55f243jw1ekfuol9qcvj20l00l0ac3.jpg", "profile_url": "u/1800794691", "domain": "", "weihao": "", "gender": "f", "followers_count": 1004247, "followers_count_str": "100.4万", "friends_count": 632, "pagefriends_count": 18, "statuses_count": 18723, "video_status_count": 309, "video_play_count": 0, "super_topic_not_syn_count": 0, "favourites_count": 1660, "created_at": "Mon Aug 23 11:18:30 +0800 2010", "following": false, "allow_all_act_msg": false, "geo_enabled": true, "verified": true, "verified_type": 0, "remark": "", "insecurity": {"sexual_content": false}, "ptype": 0, "allow_all_comment": true, "avatar_large": "https://tvax2.sinaimg.cn/crop.0.0.1125.1125.180/6b55f243ly8fujyfv984nj20v90v9tdv.jpg?KID=imgbed,tva&Expires=1674056832&ssig=zJu9K3hr%2Bf", "avatar_hd": "https://tvax2.sinaimg.cn/crop.0.0.1125.1125.1024/6b55f243ly8fujyfv984nj20v90v9tdv.jpg?KID=imgbed,tva&Expires=1674056832&ssig=kDvgYCpWar", "verified_reason": "情感博主 微博原创视频博主 微博VLOG博主", "verified_trade": "1096", "verified_reason_url": "", "verified_source": "", "verified_source_url": "", "verified_state": 0, "verified_level": 3, "verified_type_ext": 1, "has_service_tel": false, "verified_reason_modified": "", "verified_contact_name": "", "verified_contact_email": "", "verified_contact_mobile": "", "follow_me": false, "like": false, "like_me": false, "online_status": 0, "bi_followers_count": 390, "lang": "zh-cn", "star": 0, "mbtype": 12, "mbrank": 7, "svip": 0, "mb_expire_time": 1748448000, "block_word": 1, "block_app": 1, "chaohua_ability": 0, "brand_ability": 0, "nft_ability": 0, "vplus_ability": 0, "wenda_ability": 1, "live_ability": 1, "gongyi_ability": 0, "paycolumn_ability": 1, "newbrand_ability": 0, "ecommerce_ability": 0, "hardfan_ability": 1, "wbcolumn_ability": 0, "ability_tags": "时尚潮人", "credit_score": 80, "user_ability": -2135684600, "avatargj_id": "gj_vip_011", "urank": 48, "story_read_state": -1, "verified_detail": {"custom": 1, "data": [{"key": 16, "sub_key": 1, "weight": 103, "desc": "微博原创视频博主", "timestamp": 0}, {"key": 16, "sub_key": 2, "weight": 103, "desc": "微博VLOG博主", "timestamp": 0}, {"key": 2, "sub_key": 0, "weight": 101, "desc": "情感博主", "timestamp": 0}]}, "vclub_member": 0, "is_teenager": 0, "is_guardian": 0, "is_teenager_list": 0, "pc_new": 7, "special_follow": false, "planet_video": 2, "video_mark": 15, "live_status": 2, "user_ability_extend": 1, "status_total_counter": {"total_cnt": 1387444, "repost_cnt": 187109, "comment_cnt": 417649, "like_cnt": 675433, "comment_like_cnt": 107253}, "video_total_counter": {"play_cnt": 13791914}, "brand_account": 0, "hongbaofei": 0, "tab_manage": "[1108337101957, 0]", "reward_status": 0, "green_mode": 0, "urisk": 0, "unfollowing_recom_switch": 1, "avatar_type": 0}, "annotations": [{}, {"shooting": 1, "client_mblogid": "iPhone-1D6CFD7F-6A40-4F7B-8BD8-02A2C252028A"}, {"mapi_request": true}], "reposts_count": 0, "comments_count": 0, "reprint_cmt_count": 0, "attitudes_count": 0, "pending_approval_count": 0, "isLongText": true, "reward_exhibition_type": 0, "hide_flag": 0, "mlevel": 0, "show_mlevel": 0, "biz_feature": 0, "page_type": 64, "hasActionTypeCard": 0, "darwin_tags": [], "hot_weibo_tags": [], "text_tag_tips": [], "mblogtype": 0, "userType": 0, "more_info_type": 0, "number_display_strategy": {"apply_scenario_flag": 3, "display_text_min_number": 1000000, "display_text": "100万+"}, "positive_recom_flag": 0, "content_auth": 0, "gif_ids": "", "is_show_bulletin": 2, "comment_manage_info": {"comment_permission_type": -1, "approval_comment_type": 0, "comment_sort_type": 0, "ai_play_picture_type": 0}, "pic_num": 0, "can_reprint": false, "new_comment_style": 0}, "reply_comment": {"created_at": "Mon Dec 12 18:04:46 +0800 2022", "id": 4845914390532741, "rootid": 4845914390532741, "rootidstr": "4845914390532741", "floor_number": 69, "text": "让大量考生39度写卷子，这种形式公平也好意思拿出来说。39度上考场什么学神能上岸？", "disable_reply": 0, "restrictOperate": 0, "user": {"id": 6358942662, "idstr": "6358942662", "class": 1, "screen_name": "骑着摩托追毛驴", "name": "骑着摩托追毛驴", "province": "400", "city": "1000", "location": "海外", "description": "", "url": "", "profile_image_url": "https://tvax2.sinaimg.cn/crop.0.0.1080.1080.50/006Wlttkly8h9gc4dmva3j30u00u0adp.jpg?KID=imgbed,tva&Expires=1674056832&ssig=HIfzfhPnoZ", "light_ring": false, "cover_image_phone": "https://ww1.sinaimg.cn/crop.0.0.640.640.640/549d0121tw1egm1kjly3jj20hs0hsq4f.jpg", "profile_url": "u/6358942662", "domain": "", "weihao": "", "gender": "f", "followers_count": 80, "followers_count_str": "80", "friends_count": 310, "pagefriends_count": 45, "statuses_count": 3, "video_status_count": 0, "video_play_count": 0, "super_topic_not_syn_count": 0, "favourites_count": 2, "created_at": "Fri Sep 01 19:36:07 +0800 2017", "following": false, "allow_all_act_msg": false, "geo_enabled": true, "verified": false, "verified_type": -1, "remark": "", "insecurity": {"sexual_content": false}, "ptype": 0, "allow_all_comment": true, "avatar_large": "https://tvax2.sinaimg.cn/crop.0.0.1080.1080.180/006Wlttkly8h9gc4dmva3j30u00u0adp.jpg?KID=imgbed,tva&Expires=1674056832&ssig=7e36fOu0gU", "avatar_hd": "https://tvax2.sinaimg.cn/crop.0.0.1080.1080.1024/006Wlttkly8h9gc4dmva3j30u00u0adp.jpg?KID=imgbed,tva&Expires=1674056832&ssig=AITW38llat", "verified_reason": "", "verified_trade": "", "verified_reason_url": "", "verified_source": "", "verified_source_url": "", "follow_me": false, "like": false, "like_me": false, "online_status": 0, "bi_followers_count": 0, "lang": "zh-cn", "star": 0, "mbtype": 2, "mbrank": 1, "svip": 0, "mb_expire_time": 1564070399, "block_word": 0, "block_app": 0, "credit_score": 80, "user_ability": 2097152, "urank": 4, "story_read_state": -1, "vclub_member": 0, "is_teenager": 0, "is_guardian": 0, "is_teenager_list": 0, "pc_new": 0, "special_follow": false, "planet_video": 0, "video_mark": 0, "live_status": 0, "user_ability_extend": 0, "status_total_counter": {"total_cnt": 47, "repost_cnt": 0, "comment_cnt": 0, "like_cnt": 47, "comment_like_cnt": 0}, "video_total_counter": {"play_cnt": 51263}, "brand_account": 0, "hongbaofei": 0, "tab_manage": "[0, 0]", "green_mode": 0, "urisk": 17179869184, "unfollowing_recom_switch": 1, "block": 0, "block_me": 0, "avatar_type": 0}, "mid": "4845914390532741", "idstr": "4845914390532741", "match_ai_play_picture": false}, "reply_original_text": "希望jyb的领导们39度不去工作直接被开除[太开心]", "readtimetype": "comment", "match_ai_play_picture": false}