{"created_at": "Wed Nov 23 09:29:53 +0800 2022", "id": 4838899446189587, "rootid": 4838899446189587, "rootidstr": "4838899446189587", "floor_number": 7, "text": "广州08-14年间特别多，进门后还会和老人家唠嗑", "disable_reply": 0, "restrictOperate": 0, "source_allowclick": 0, "source_type": 4, "source": "<a href=\"\" rel=\"nofollow\">来自广东</a>", "user": {"id": 2162976467, "idstr": "2162976467", "class": 1, "screen_name": "KAREnnyolo", "name": "KAREnnyolo", "province": "44", "city": "1000", "location": "广东", "description": "The climb is all there is", "url": "", "profile_image_url": "https://tvax2.sinaimg.cn/crop.0.0.996.996.50/80ec66d3ly8gsukdijo3uj20ro0rotau.jpg?KID=imgbed,tva&Expires=1669837457&ssig=C1yf4Oj%2FcV", "light_ring": false, "cover_image_phone": "http://ww2.sinaimg.cn/crop.0.0.640.640.640/a1d3feabjw1ecasunmkncj20hs0hsq4j.jpg", "profile_url": "u/2162976467", "domain": "", "weihao": "", "gender": "f", "followers_count": 496, "followers_count_str": "496", "friends_count": 988, "pagefriends_count": 48, "statuses_count": 2777, "video_status_count": 16, "video_play_count": 0, "super_topic_not_syn_count": 0, "favourites_count": 3039, "created_at": "Sat Jun 04 17:58:49 +0800 2011", "following": false, "allow_all_act_msg": false, "geo_enabled": true, "verified": false, "verified_type": 220, "remark": "", "insecurity": {"sexual_content": false}, "ptype": 0, "allow_all_comment": false, "avatar_large": "https://tvax2.sinaimg.cn/crop.0.0.996.996.180/80ec66d3ly8gsukdijo3uj20ro0rotau.jpg?KID=imgbed,tva&Expires=1669837457&ssig=7YgxCn6bQZ", "avatar_hd": "https://tvax2.sinaimg.cn/crop.0.0.996.996.1024/80ec66d3ly8gsukdijo3uj20ro0rotau.jpg?KID=imgbed,tva&Expires=1669837457&ssig=LRRRzDeTeD", "verified_reason": "", "verified_trade": "", "verified_reason_url": "", "verified_source": "", "verified_source_url": "", "follow_me": false, "like": false, "like_me": false, "online_status": 0, "bi_followers_count": 86, "lang": "zh-cn", "star": 0, "mbtype": 2, "mbrank": 1, "svip": 0, "mb_expire_time": 1609171199, "block_word": 0, "block_app": 0, "chaohua_ability": 0, "brand_ability": 0, "nft_ability": 0, "vplus_ability": 0, "wenda_ability": 0, "live_ability": 0, "gongyi_ability": 0, "paycolumn_ability": 0, "newbrand_ability": 0, "ecommerce_ability": 0, "hardfan_ability": 0, "credit_score": 80, "user_ability": 10748928, "avatargj_id": "gj_vip_470", "urank": 34, "story_read_state": -1, "vclub_member": 0, "is_teenager": 0, "is_guardian": 0, "is_teenager_list": 0, "pc_new": 7, "special_follow": false, "planet_video": 2, "video_mark": 15, "live_status": 0, "user_ability_extend": 0, "status_total_counter": {"total_cnt": 3333, "repost_cnt": 120, "comment_cnt": 2808, "like_cnt": 402, "comment_like_cnt": 3}, "video_total_counter": {"play_cnt": 6175}, "brand_account": 0, "hongbaofei": 0, "tab_manage": "[0, 0]", "reward_status": 0, "green_mode": 0, "urisk": 17179869184, "avatar_type": 0}, "mid": "4838899446189587", "idstr": "4838899446189587", "status": {"visible": {"type": 0, "list_id": 0}, "created_at": "Wed Nov 23 09:14:02 +0800 2022", "id": 4838895462908093, "idstr": "4838895462908093", "mid": "4838895462908093", "edit_count": 1, "can_edit": false, "edit_at": "Wed Nov 23 09:18:10 +0800 2022", "version": 7, "show_additional_indication": 0, "text": "家里有娃的，一定要注意。截图里的人近期都出现了我们小区，一栋楼一栋楼的打探，而且专门爬楼梯不坐电梯，上门敲门问要不要免费吸油烟机，你一开门她就直接往里面闯，你都来不及阻止[允悲]是真实的，莫大意，各位。 @警民直通车-上海 ​", "textLength": 217, "source_allowclick": 0, "source_type": 2, "source": "", "favorited": false, "truncated": false, "in_reply_to_status_id": "", "in_reply_to_user_id": "", "in_reply_to_screen_name": "", "pic_urls": [{"thumbnail_pic": "http://wx3.sinaimg.cn/thumbnail/006BKumzly1h8eskty4bmj30u01uotg3.jpg"}, {"thumbnail_pic": "http://wx1.sinaimg.cn/thumbnail/006BKumzly1h8eskt7lfsj30wi1yckhd.jpg"}, {"thumbnail_pic": "http://wx2.sinaimg.cn/thumbnail/006BKumzly1h8eskuuoepj30wi1yck2z.jpg"}], "thumbnail_pic": "http://wx3.sinaimg.cn/thumbnail/006BKumzly1h8eskty4bmj30u01uotg3.jpg", "bmiddle_pic": "http://wx3.sinaimg.cn/bmiddle/006BKumzly1h8eskty4bmj30u01uotg3.jpg", "original_pic": "http://wx3.sinaimg.cn/large/006BKumzly1h8eskty4bmj30u01uotg3.jpg", "geo": null, "is_paid": false, "mblog_vip_type": 0, "user": {"id": 6054601231, "idstr": "6054601231", "class": 1, "screen_name": "基金小达人", "name": "基金小达人", "province": "31", "city": "5", "location": "上海 长宁区", "description": "分享基金投资技巧，解答基金投资问题。", "url": "", "profile_image_url": "https://tvax4.sinaimg.cn/crop.0.0.996.996.50/006BKumzly8ftg4ak2ylmj30ro0roq59.jpg?KID=imgbed,tva&Expires=1669837457&ssig=7udRJhX7%2Bg", "light_ring": false, "cover_image_phone": "http://wx1.sinaimg.cn/crop.0.0.640.640.640/006BKumzly1gh96yjptcxj30u00u0auh.jpg;http://wx3.sinaimg.cn/crop.0.0.640.640.640/006BKumzgy1fre4khlctnj30u00u0qti.jpg", "profile_url": "u/6054601231", "domain": "", "weihao": "", "gender": "m", "followers_count": 1534575, "followers_count_str": "153.5万", "friends_count": 106, "pagefriends_count": 9, "statuses_count": 5516, "video_status_count": 129, "video_play_count": 0, "super_topic_not_syn_count": 0, "favourites_count": 26, "created_at": "Tue Oct 25 10:59:47 +0800 2016", "following": false, "allow_all_act_msg": false, "geo_enabled": true, "verified": true, "verified_type": 0, "remark": "", "insecurity": {"sexual_content": false}, "ptype": 0, "allow_all_comment": false, "avatar_large": "https://tvax4.sinaimg.cn/crop.0.0.996.996.180/006BKumzly8ftg4ak2ylmj30ro0roq59.jpg?KID=imgbed,tva&Expires=1669837457&ssig=x038%2FULtI9", "avatar_hd": "https://tvax4.sinaimg.cn/crop.0.0.996.996.1024/006BKumzly8ftg4ak2ylmj30ro0roq59.jpg?KID=imgbed,tva&Expires=1669837457&ssig=yMWcYHLR1L", "verified_reason": "财经博主 微博原创视频博主 头条文章作者", "verified_trade": "", "verified_reason_url": "", "verified_source": "", "verified_source_url": "", "verified_state": 0, "verified_level": 3, "verified_type_ext": 1, "has_service_tel": false, "verified_reason_modified": "", "verified_contact_name": "", "verified_contact_email": "", "verified_contact_mobile": "", "follow_me": false, "like": false, "like_me": false, "online_status": 0, "bi_followers_count": 38, "lang": "zh-cn", "star": 0, "mbtype": 12, "mbrank": 6, "svip": 0, "mb_expire_time": 1672156800, "block_word": 1, "block_app": 1, "chaohua_ability": 0, "brand_ability": 0, "nft_ability": 0, "vplus_ability": 3, "wenda_ability": 0, "live_ability": 0, "gongyi_ability": 0, "paycolumn_ability": 3, "newbrand_ability": 0, "ecommerce_ability": 0, "hardfan_ability": 1, "credit_score": 80, "user_ability": -2136602072, "cardid": "star_1545", "avatargj_id": "gj_vip_691", "urank": 9, "story_read_state": -1, "verified_detail": {"custom": 1, "data": [{"key": 2, "sub_key": 0, "weight": 10, "desc": "财经博主", "timestamp": 0}, {"key": 4, "sub_key": 9, "weight": 999, "desc": "头条文章作者", "timestamp": 0}, {"key": 16, "sub_key": 7, "weight": 103, "desc": "微博原创视频博主", "timestamp": 0}]}, "vclub_member": 0, "is_teenager": 0, "is_guardian": 0, "is_teenager_list": 0, "pc_new": 7, "special_follow": false, "planet_video": 2, "video_mark": 15, "live_status": 0, "user_ability_extend": 1, "status_total_counter": {"total_cnt": 2289783, "repost_cnt": 12303, "comment_cnt": 574684, "like_cnt": 1379068, "comment_like_cnt": 323728}, "video_total_counter": {"play_cnt": 15623373}, "brand_account": 0, "hongbaofei": 0, "tab_manage": "[283691415374976, 0]", "reward_status": 0, "green_mode": 0, "urisk": 274877906944, "avatar_type": 0}, "annotations": [{"photo_sub_type": "0,0,0"}, {}, {"client_mblogid": "iPhone-D1641790-BB21-4885-B3CD-488A0EFFBAB4"}, {"mapi_request": true}], "picStatus": "0:1,1:1,2:1", "reposts_count": 0, "comments_count": 0, "reprint_cmt_count": 0, "attitudes_count": 0, "pending_approval_count": 0, "isLongText": false, "reward_exhibition_type": 0, "hide_flag": 0, "mlevel": 129, "show_mlevel": 0, "biz_feature": 4294967300, "hasActionTypeCard": 0, "darwin_tags": [], "hot_weibo_tags": [], "text_tag_tips": [], "mblogtype": 0, "userType": 0, "mlevelSource": "monitor", "more_info_type": 0, "cardid": "star_1545", "number_display_strategy": {"apply_scenario_flag": 3, "display_text_min_number": 1000000, "display_text": "100万+"}, "positive_recom_flag": 0, "content_auth": 0, "gif_ids": "", "is_show_bulletin": 2, "comment_manage_info": {"comment_permission_type": -1, "approval_comment_type": 0, "comment_sort_type": 0, "ai_play_picture_type": 0}, "pic_num": 3, "can_reprint": false, "new_comment_style": 0}, "readtimetype": "comment", "comment_dynamic_message": {"id": "0", "start_color": "#00FFFFFF", "end_color": "#1AFFFFFF", "start_color_dark": "#003A3A3A", "end_color_dark": "#333A3A3A", "name": {"zh_CN": "默认", "zh_HK": "默認", "en_US": "default"}, "scheme": "https://new.vip.weibo.cn/bubble/mall?showmenu=0&decorateId=0&uid=2162976467", "allow_vip_box_content": "用此评论气泡", "allow_vip_box_icon": "https://h5.sinaimg.cn/upload/100/1720/2022/08/08/icon_VIP_for_comment_bubble.png"}, "match_ai_play_picture": false}