{"created_at": "Sat Nov 05 00:35:23 +0800 2022", "id": 4832241957733259, "rootid": 4832241957733259, "rootidstr": "4832241957733259", "floor_number": 13, "text": "@中国政府网 @央视新闻 @内蒙古经济生活-奔腾融媒 @人民网 @央视新闻调查", "disable_reply": 0, "restrictOperate": 0, "source_allowclick": 0, "source_type": 4, "source": "<a href=\"\" rel=\"nofollow\">来自北京</a>", "user": {"id": 6078783150, "idstr": "6078783150", "class": 1, "screen_name": "gracemomo2", "name": "gracemomo2", "province": "100", "city": "1000", "location": "其他", "description": "生活日常➕偶尔牢骚博", "url": "", "profile_image_url": "https://tvax3.sinaimg.cn/crop.0.0.812.812.50/006DnXbwly8gdwh9tbavjj30mk0mkt9f.jpg?KID=imgbed,tva&Expires=1669661813&ssig=i3ABadQjHI", "light_ring": false, "cover_image_phone": "http://ww1.sinaimg.cn/crop.0.0.640.640.640/549d0121tw1egm1kjly3jj20hs0hsq4f.jpg", "profile_url": "u/6078783150", "domain": "", "weihao": "", "gender": "f", "followers_count": 32, "followers_count_str": "32", "friends_count": 340, "pagefriends_count": 19, "statuses_count": 677, "video_status_count": 4, "video_play_count": 0, "super_topic_not_syn_count": 0, "favourites_count": 300, "created_at": "Thu Dec 01 21:10:37 +0800 2016", "following": false, "allow_all_act_msg": false, "geo_enabled": true, "verified": false, "verified_type": -1, "remark": "", "insecurity": {"sexual_content": false}, "ptype": 0, "allow_all_comment": true, "avatar_large": "https://tvax3.sinaimg.cn/crop.0.0.812.812.180/006DnXbwly8gdwh9tbavjj30mk0mkt9f.jpg?KID=imgbed,tva&Expires=1669661813&ssig=GumgGQtnvM", "avatar_hd": "https://tvax3.sinaimg.cn/crop.0.0.812.812.1024/006DnXbwly8gdwh9tbavjj30mk0mkt9f.jpg?KID=imgbed,tva&Expires=1669661813&ssig=67gl55LKzM", "verified_reason": "", "verified_trade": "", "verified_reason_url": "", "verified_source": "", "verified_source_url": "", "follow_me": false, "like": false, "like_me": false, "online_status": 0, "bi_followers_count": 13, "lang": "zh-cn", "star": 0, "mbtype": 0, "mbrank": 0, "svip": 0, "mb_expire_time": 0, "block_word": 0, "block_app": 0, "chaohua_ability": 0, "brand_ability": 0, "nft_ability": 0, "vplus_ability": 0, "wenda_ability": 0, "live_ability": 0, "gongyi_ability": 0, "paycolumn_ability": 0, "newbrand_ability": 0, "ecommerce_ability": 0, "hardfan_ability": 0, "credit_score": 80, "user_ability": 2359296, "avatargj_id": "gj_vip_072", "urank": 4, "story_read_state": -1, "vclub_member": 0, "is_teenager": 0, "is_guardian": 0, "is_teenager_list": 0, "pc_new": 0, "special_follow": false, "planet_video": 2, "video_mark": 2, "live_status": 0, "user_ability_extend": 0, "status_total_counter": {"total_cnt": 775, "repost_cnt": 164, "comment_cnt": 417, "like_cnt": 192, "comment_like_cnt": 2}, "video_total_counter": {"play_cnt": 354}, "brand_account": 0, "hongbaofei": 0, "tab_manage": "[0, 0]", "reward_status": 0, "green_mode": 0, "urisk": 0, "avatar_type": 0}, "mid": "4832241957733259", "idstr": "4832241957733259", "status": {"visible": {"type": 0, "list_id": 0}, "created_at": "Fri Nov 04 22:57:06 +0800 2022", "id": 4832217220780524, "idstr": "4832217220780524", "mid": "4832217220780524", "can_edit": false, "version": 4, "show_additional_indication": 0, "text": "#呼市疫情##呼和浩特跳楼##呼和浩特跳楼##呼和浩特##呼和浩特疫情# 太揪心了，从6:10到6:50（救护车刚到，医生慢慢悠悠的走过去，确认已经死亡后人家直接走了），整整40分钟的黄金抢救时间，物业不作为，医生不作为，一条鲜活的生命，听着她女儿的哭声，太揪心了，很失望  http://t.cn/A6oQ00K7  ​", "textLength": 293, "source_allowclick": 0, "source_type": 2, "source": "<a href=\"http://weibo.com/\" rel=\"nofollow\">iPhone客户端</a>", "favorited": false, "truncated": false, "in_reply_to_status_id": "", "in_reply_to_user_id": "", "in_reply_to_screen_name": "", "pic_urls": [{"thumbnail_pic": "http://wx3.sinaimg.cn/thumbnail/008dSIvZly1h7thlb6ccwj30qg0gj0vz.jpg"}, {"thumbnail_pic": "http://wx1.sinaimg.cn/thumbnail/008dSIvZly1h7thlbl0p4j30tx1nqaft.jpg"}, {"thumbnail_pic": "http://wx3.sinaimg.cn/thumbnail/008dSIvZly1h7thlc41fzj30u41mitf2.jpg"}, {"thumbnail_pic": "http://wx2.sinaimg.cn/thumbnail/008dSIvZly1h7thlckaefj30tk1n3tiu.jpg"}, {"thumbnail_pic": "http://wx4.sinaimg.cn/thumbnail/008dSIvZly1h7thld0djdj30yi1len7m.jpg"}], "thumbnail_pic": "http://wx3.sinaimg.cn/thumbnail/008dSIvZly1h7thlb6ccwj30qg0gj0vz.jpg", "bmiddle_pic": "http://wx3.sinaimg.cn/bmiddle/008dSIvZly1h7thlb6ccwj30qg0gj0vz.jpg", "original_pic": "http://wx3.sinaimg.cn/large/008dSIvZly1h7thlb6ccwj30qg0gj0vz.jpg", "geo": {"type": "Point", "coordinates": [40.835094, 111.75148]}, "is_paid": false, "mblog_vip_type": 0, "user": {"id": 7534195855, "idstr": "7534195855", "class": 1, "screen_name": "B612星球上的魔法少女68", "name": "B612星球上的魔法少女68", "province": "100", "city": "1000", "location": "其他", "description": "", "url": "", "profile_image_url": "https://tvax1.sinaimg.cn/crop.0.0.1080.1080.50/008dSIvZly8h7toswzj2ej30u00u0ag3.jpg?KID=imgbed,tva&Expires=1669661813&ssig=DDBezMBMBZ", "light_ring": false, "profile_url": "u/7534195855", "domain": "", "weihao": "", "gender": "f", "followers_count": 44, "followers_count_str": "44", "friends_count": 13, "pagefriends_count": 2, "statuses_count": 3, "video_status_count": 0, "video_play_count": 0, "super_topic_not_syn_count": 0, "favourites_count": 0, "created_at": "Sun Dec 13 19:59:18 +0800 2020", "following": false, "allow_all_act_msg": false, "geo_enabled": true, "verified": false, "verified_type": -1, "remark": "", "insecurity": {"sexual_content": false}, "ptype": 0, "allow_all_comment": true, "avatar_large": "https://tvax1.sinaimg.cn/crop.0.0.1080.1080.180/008dSIvZly8h7toswzj2ej30u00u0ag3.jpg?KID=imgbed,tva&Expires=1669661813&ssig=%2BimrVCx1xp", "avatar_hd": "https://tvax1.sinaimg.cn/crop.0.0.1080.1080.1024/008dSIvZly8h7toswzj2ej30u00u0ag3.jpg?KID=imgbed,tva&Expires=1669661813&ssig=URx0qBAF58", "verified_reason": "", "verified_trade": "", "verified_reason_url": "", "verified_source": "", "verified_source_url": "", "follow_me": false, "like": false, "like_me": false, "online_status": 0, "bi_followers_count": 2, "lang": "zh-cn", "star": 0, "mbtype": 0, "mbrank": 0, "svip": 0, "mb_expire_time": 0, "block_word": 0, "block_app": 0, "chaohua_ability": 0, "brand_ability": 0, "nft_ability": 0, "vplus_ability": 0, "wenda_ability": 0, "live_ability": 0, "gongyi_ability": 0, "paycolumn_ability": 0, "newbrand_ability": 0, "ecommerce_ability": 0, "hardfan_ability": 0, "credit_score": 80, "user_ability": 2097152, "urank": 0, "story_read_state": -1, "vclub_member": 0, "is_teenager": 0, "is_guardian": 0, "is_teenager_list": 0, "pc_new": 0, "special_follow": false, "planet_video": 2, "video_mark": 0, "live_status": 0, "user_ability_extend": 0, "status_total_counter": {"total_cnt": 5849, "repost_cnt": 1750, "comment_cnt": 345, "like_cnt": 1391, "comment_like_cnt": 2363}, "video_total_counter": {"play_cnt": 4543}, "brand_account": 0, "hongbaofei": 0, "tab_manage": "[0, 0]", "reward_status": 0, "green_mode": 0, "urisk": 0, "avatar_type": 0}, "annotations": [{"photo_sub_type": "0,0,0,0,0"}, {"ann_ext": "ann_ext:search|t:4|q:呼市疫情|creator_source:bottomsendweibo"}, {"spot_type": "0"}, {"place": {"poiid": "8008615010000000000", "title": "呼和浩特", "type": "checkin", "spot_type": "0"}, "client_mblogid": "iPhone-68250F2A-A04A-46C3-9536-FB3A28179DD7"}, {"mapi_request": true}], "picStatus": "0:1,1:1,2:1,3:1,4:1", "reposts_count": 0, "comments_count": 0, "reprint_cmt_count": 0, "attitudes_count": 0, "pending_approval_count": 0, "isLongText": true, "reward_exhibition_type": 0, "hide_flag": 0, "mlevel": 128, "show_mlevel": 0, "biz_ids": [100101], "biz_feature": 4294967300, "page_type": 72, "hasActionTypeCard": 0, "darwin_tags": [], "hot_weibo_tags": [], "text_tag_tips": [], "mblogtype": 0, "userType": 0, "mlevelSource": "monitor", "more_info_type": 0, "number_display_strategy": {"apply_scenario_flag": 3, "display_text_min_number": 1000000, "display_text": "100万+"}, "positive_recom_flag": 0, "content_auth": 0, "gif_ids": "", "is_show_bulletin": 2, "bus_flag": 8, "comment_manage_info": {"comment_permission_type": -1, "approval_comment_type": 0, "comment_sort_type": 0, "ai_play_picture_type": 0}, "pic_num": 5, "can_reprint": false, "new_comment_style": 0}, "readtimetype": "comment", "match_ai_play_picture": false}