{"created_at": "Sat Nov 05 08:19:40 +0800 2022", "id": 4832358798197460, "rootid": 4832236204197104, "rootidstr": "4832236204197104", "floor_number": 0, "text": "回复@Im姚儿:你老家不是中国？", "disable_reply": 0, "restrictOperate": 0, "source_allowclick": 0, "source_type": 4, "source": "<a href=\"\" rel=\"nofollow\">来自山东</a>", "user": {"id": 6130693067, "idstr": "6130693067", "class": 1, "screen_name": "R标黑", "name": "R标黑", "province": "100", "city": "1000", "location": "其他", "description": "散发光芒的绿色根茎徘徊在充满沼气的峡谷里", "url": "", "profile_image_url": "https://tvax1.sinaimg.cn/crop.0.0.512.512.50/006GTLkfly8h1x1bno6ckj30e80e8t8z.jpg?KID=imgbed,tva&Expires=1669661813&ssig=0QNGY0MK0b", "light_ring": false, "cover_image_phone": "http://ww1.sinaimg.cn/crop.0.0.640.640.640/549d0121tw1egm1kjly3jj20hs0hsq4f.jpg", "profile_url": "u/6130693067", "domain": "", "weihao": "", "gender": "m", "followers_count": 1, "followers_count_str": "1", "friends_count": 202, "pagefriends_count": 1, "statuses_count": 5, "video_status_count": 0, "video_play_count": 0, "super_topic_not_syn_count": 0, "favourites_count": 0, "created_at": "Fri Feb 03 17:33:32 +0800 2017", "following": false, "allow_all_act_msg": false, "geo_enabled": true, "verified": false, "verified_type": -1, "remark": "", "insecurity": {"sexual_content": false}, "ptype": 0, "allow_all_comment": true, "avatar_large": "https://tvax1.sinaimg.cn/crop.0.0.512.512.180/006GTLkfly8h1x1bno6ckj30e80e8t8z.jpg?KID=imgbed,tva&Expires=1669661813&ssig=yChS%2FB43D8", "avatar_hd": "https://tvax1.sinaimg.cn/crop.0.0.512.512.1024/006GTLkfly8h1x1bno6ckj30e80e8t8z.jpg?KID=imgbed,tva&Expires=1669661813&ssig=9IPFURy%2Fjr", "verified_reason": "", "verified_trade": "", "verified_reason_url": "", "verified_source": "", "verified_source_url": "", "follow_me": false, "like": false, "like_me": false, "online_status": 0, "bi_followers_count": 0, "lang": "zh-cn", "star": 0, "mbtype": 0, "mbrank": 0, "svip": 0, "mb_expire_time": 0, "block_word": 0, "block_app": 0, "chaohua_ability": 0, "brand_ability": 0, "nft_ability": 0, "vplus_ability": 0, "wenda_ability": 0, "live_ability": 0, "gongyi_ability": 0, "paycolumn_ability": 0, "newbrand_ability": 0, "ecommerce_ability": 0, "hardfan_ability": 0, "credit_score": 80, "user_ability": 262144, "urank": 4, "story_read_state": -1, "vclub_member": 0, "is_teenager": 0, "is_guardian": 0, "is_teenager_list": 0, "pc_new": 0, "special_follow": false, "planet_video": 0, "video_mark": 0, "live_status": 0, "user_ability_extend": 0, "status_total_counter": {"total_cnt": 1, "repost_cnt": 0, "comment_cnt": 1, "like_cnt": 0, "comment_like_cnt": 0}, "video_total_counter": {"play_cnt": -1}, "brand_account": 0, "hongbaofei": 0, "tab_manage": "[0, 0]", "reward_status": 0, "green_mode": 0, "urisk": 8589934592, "avatar_type": 0}, "mid": "4832358798197460", "idstr": "4832358798197460", "status": {"visible": {"type": 0, "list_id": 0}, "created_at": "Fri Nov 04 22:57:06 +0800 2022", "id": 4832217220780524, "idstr": "4832217220780524", "mid": "4832217220780524", "can_edit": false, "version": 4, "show_additional_indication": 0, "text": "#呼市疫情##呼和浩特跳楼##呼和浩特跳楼##呼和浩特##呼和浩特疫情# 太揪心了，从6:10到6:50（救护车刚到，医生慢慢悠悠的走过去，确认已经死亡后人家直接走了），整整40分钟的黄金抢救时间，物业不作为，医生不作为，一条鲜活的生命，听着她女儿的哭声，太揪心了，很失望  http://t.cn/A6oQ00K7  ​", "textLength": 293, "source_allowclick": 0, "source_type": 2, "source": "<a href=\"http://weibo.com/\" rel=\"nofollow\">iPhone客户端</a>", "favorited": false, "truncated": false, "in_reply_to_status_id": "", "in_reply_to_user_id": "", "in_reply_to_screen_name": "", "pic_urls": [{"thumbnail_pic": "http://wx3.sinaimg.cn/thumbnail/008dSIvZly1h7thlb6ccwj30qg0gj0vz.jpg"}, {"thumbnail_pic": "http://wx1.sinaimg.cn/thumbnail/008dSIvZly1h7thlbl0p4j30tx1nqaft.jpg"}, {"thumbnail_pic": "http://wx3.sinaimg.cn/thumbnail/008dSIvZly1h7thlc41fzj30u41mitf2.jpg"}, {"thumbnail_pic": "http://wx2.sinaimg.cn/thumbnail/008dSIvZly1h7thlckaefj30tk1n3tiu.jpg"}, {"thumbnail_pic": "http://wx4.sinaimg.cn/thumbnail/008dSIvZly1h7thld0djdj30yi1len7m.jpg"}], "thumbnail_pic": "http://wx3.sinaimg.cn/thumbnail/008dSIvZly1h7thlb6ccwj30qg0gj0vz.jpg", "bmiddle_pic": "http://wx3.sinaimg.cn/bmiddle/008dSIvZly1h7thlb6ccwj30qg0gj0vz.jpg", "original_pic": "http://wx3.sinaimg.cn/large/008dSIvZly1h7thlb6ccwj30qg0gj0vz.jpg", "geo": {"type": "Point", "coordinates": [40.835094, 111.75148]}, "is_paid": false, "mblog_vip_type": 0, "user": {"id": 7534195855, "idstr": "7534195855", "class": 1, "screen_name": "B612星球上的魔法少女68", "name": "B612星球上的魔法少女68", "province": "100", "city": "1000", "location": "其他", "description": "", "url": "", "profile_image_url": "https://tvax1.sinaimg.cn/crop.0.0.1080.1080.50/008dSIvZly8h7toswzj2ej30u00u0ag3.jpg?KID=imgbed,tva&Expires=1669661813&ssig=DDBezMBMBZ", "light_ring": false, "profile_url": "u/7534195855", "domain": "", "weihao": "", "gender": "f", "followers_count": 44, "followers_count_str": "44", "friends_count": 13, "pagefriends_count": 2, "statuses_count": 3, "video_status_count": 0, "video_play_count": 0, "super_topic_not_syn_count": 0, "favourites_count": 0, "created_at": "Sun Dec 13 19:59:18 +0800 2020", "following": false, "allow_all_act_msg": false, "geo_enabled": true, "verified": false, "verified_type": -1, "remark": "", "insecurity": {"sexual_content": false}, "ptype": 0, "allow_all_comment": true, "avatar_large": "https://tvax1.sinaimg.cn/crop.0.0.1080.1080.180/008dSIvZly8h7toswzj2ej30u00u0ag3.jpg?KID=imgbed,tva&Expires=1669661813&ssig=%2BimrVCx1xp", "avatar_hd": "https://tvax1.sinaimg.cn/crop.0.0.1080.1080.1024/008dSIvZly8h7toswzj2ej30u00u0ag3.jpg?KID=imgbed,tva&Expires=1669661813&ssig=URx0qBAF58", "verified_reason": "", "verified_trade": "", "verified_reason_url": "", "verified_source": "", "verified_source_url": "", "follow_me": false, "like": false, "like_me": false, "online_status": 0, "bi_followers_count": 2, "lang": "zh-cn", "star": 0, "mbtype": 0, "mbrank": 0, "svip": 0, "mb_expire_time": 0, "block_word": 0, "block_app": 0, "chaohua_ability": 0, "brand_ability": 0, "nft_ability": 0, "vplus_ability": 0, "wenda_ability": 0, "live_ability": 0, "gongyi_ability": 0, "paycolumn_ability": 0, "newbrand_ability": 0, "ecommerce_ability": 0, "hardfan_ability": 0, "credit_score": 80, "user_ability": 2097152, "urank": 0, "story_read_state": -1, "vclub_member": 0, "is_teenager": 0, "is_guardian": 0, "is_teenager_list": 0, "pc_new": 0, "special_follow": false, "planet_video": 2, "video_mark": 0, "live_status": 0, "user_ability_extend": 0, "status_total_counter": {"total_cnt": 5849, "repost_cnt": 1750, "comment_cnt": 345, "like_cnt": 1391, "comment_like_cnt": 2363}, "video_total_counter": {"play_cnt": 4543}, "brand_account": 0, "hongbaofei": 0, "tab_manage": "[0, 0]", "reward_status": 0, "green_mode": 0, "urisk": 0, "avatar_type": 0}, "annotations": [{"photo_sub_type": "0,0,0,0,0"}, {"ann_ext": "ann_ext:search|t:4|q:呼市疫情|creator_source:bottomsendweibo"}, {"spot_type": "0"}, {"place": {"poiid": "8008615010000000000", "title": "呼和浩特", "type": "checkin", "spot_type": "0"}, "client_mblogid": "iPhone-68250F2A-A04A-46C3-9536-FB3A28179DD7"}, {"mapi_request": true}], "picStatus": "0:1,1:1,2:1,3:1,4:1", "reposts_count": 0, "comments_count": 0, "reprint_cmt_count": 0, "attitudes_count": 0, "pending_approval_count": 0, "isLongText": true, "reward_exhibition_type": 0, "hide_flag": 0, "mlevel": 128, "show_mlevel": 0, "biz_ids": [100101], "biz_feature": 4294967300, "page_type": 72, "hasActionTypeCard": 0, "darwin_tags": [], "hot_weibo_tags": [], "text_tag_tips": [], "mblogtype": 0, "userType": 0, "mlevelSource": "monitor", "more_info_type": 0, "number_display_strategy": {"apply_scenario_flag": 3, "display_text_min_number": 1000000, "display_text": "100万+"}, "positive_recom_flag": 0, "content_auth": 0, "gif_ids": "", "is_show_bulletin": 2, "bus_flag": 8, "comment_manage_info": {"comment_permission_type": -1, "approval_comment_type": 0, "comment_sort_type": 0, "ai_play_picture_type": 0}, "pic_num": 5, "can_reprint": false, "new_comment_style": 0}, "reply_comment": {"created_at": "Sat Nov 05 00:12:32 +0800 2022", "id": 4832236204197104, "rootid": 4832236204197104, "rootidstr": "4832236204197104", "floor_number": 5, "text": "@央视新闻 @央视新闻 @央视新闻 国家再不管我的老家就太可怜了[泪][泪][泪][泪]", "disable_reply": 0, "restrictOperate": 0, "user": {"id": 2368232291, "idstr": "2368232291", "class": 1, "screen_name": "Im姚儿", "name": "Im姚儿", "province": "15", "city": "1", "location": "内蒙古 呼和浩特", "description": "bibidibabidibu", "url": "", "profile_image_url": "https://tvax1.sinaimg.cn/crop.0.0.995.995.50/8d285b63ly8h09n7jkcxtj20rn0rnjto.jpg?KID=imgbed,tva&Expires=1669661813&ssig=6lyCO3%2FKKl", "light_ring": false, "cover_image_phone": "http://wx4.sinaimg.cn/crop.0.0.640.640.640/8d285b63ly1fi01i788slj20qo0qoq8s.jpg", "profile_url": "u/2368232291", "domain": "", "weihao": "", "gender": "f", "followers_count": 295, "followers_count_str": "295", "friends_count": 121, "pagefriends_count": 13, "statuses_count": 846, "video_status_count": 3, "video_play_count": 0, "super_topic_not_syn_count": 0, "favourites_count": 200, "created_at": "Mon Sep 19 11:23:43 +0800 2011", "following": false, "allow_all_act_msg": false, "geo_enabled": true, "verified": false, "verified_type": -1, "remark": "", "insecurity": {"sexual_content": false}, "ptype": 0, "allow_all_comment": true, "avatar_large": "https://tvax1.sinaimg.cn/crop.0.0.995.995.180/8d285b63ly8h09n7jkcxtj20rn0rnjto.jpg?KID=imgbed,tva&Expires=1669661813&ssig=rci9aG%2FuF%2B", "avatar_hd": "https://tvax1.sinaimg.cn/crop.0.0.995.995.1024/8d285b63ly8h09n7jkcxtj20rn0rnjto.jpg?KID=imgbed,tva&Expires=1669661813&ssig=3oABoh9jHR", "verified_reason": "", "verified_trade": "", "verified_reason_url": "", "verified_source": "", "verified_source_url": "", "follow_me": false, "like": false, "like_me": false, "online_status": 0, "bi_followers_count": 31, "lang": "zh-cn", "star": 0, "mbtype": 0, "mbrank": 0, "svip": 0, "mb_expire_time": 0, "block_word": 0, "block_app": 0, "chaohua_ability": 0, "brand_ability": 0, "nft_ability": 0, "vplus_ability": 0, "wenda_ability": 0, "live_ability": 0, "gongyi_ability": 0, "paycolumn_ability": 0, "newbrand_ability": 0, "ecommerce_ability": 0, "hardfan_ability": 0, "credit_score": 80, "user_ability": 35913728, "cardid": "star_059", "avatargj_id": "gj_vip_034", "urank": 32, "story_read_state": -1, "vclub_member": 0, "is_teenager": 0, "is_guardian": 0, "is_teenager_list": 0, "pc_new": 7, "special_follow": false, "planet_video": 2, "video_mark": 0, "live_status": 0, "user_ability_extend": 0, "status_total_counter": {"total_cnt": 362, "repost_cnt": 7, "comment_cnt": 222, "like_cnt": 132, "comment_like_cnt": 1}, "video_total_counter": {"play_cnt": 291}, "brand_account": 0, "hongbaofei": 0, "tab_manage": "[0, 0]", "reward_status": 0, "green_mode": 0, "urisk": 8589934592, "avatar_type": 0}, "mid": "4832236204197104", "idstr": "4832236204197104", "match_ai_play_picture": false}, "reply_original_text": "你老家不是中国？", "readtimetype": "comment", "match_ai_play_picture": false}