{"created_at": "Fri Sep 23 16:47:11 +0800 2022", "id": 4816903837061043, "rootid": 4816901508697359, "rootidstr": "4816901508697359", "floor_number": 0, "text": "回复@过滤装置的悲伤结构:无偿", "disable_reply": 0, "is_mblog_author": true, "restrictOperate": 0, "source_allowclick": 0, "source_type": 4, "source": "<a href=\"\" rel=\"nofollow\">来自浙江</a>", "comment_badge": [{"pic_url": "https://h5.sinaimg.cn/upload/1007/25/2019/05/17/feed_icon_poster_identity133low.png", "name": "blogger", "length": 1.33, "actionlog": {"act_code": "3671", "ext": "status:author"}, "scheme": "https://kefu.weibo.com/faqdetail?id=20848"}], "user": {"id": 5518802552, "idstr": "5518802552", "class": 1, "screen_name": "心动对象", "name": "心动对象", "province": "100", "city": "1000", "location": "其他", "description": "爱情经不起等待 发消息就现在 找对象私信菌菌嗷🥳  V:Slow222-", "url": "", "profile_image_url": "https://tvax1.sinaimg.cn/crop.0.0.1024.1024.50/0061ukEoly8h4k669k3udj30sg0sgjta.jpg?KID=imgbed,tva&Expires=1669712669&ssig=y6EiMgpN6M", "light_ring": false, "cover_image_phone": "http://ww1.sinaimg.cn/crop.0.0.640.640.640/9d44112bjw1f1xl1c10tuj20hs0hs0tw.jpg", "profile_url": "u/5518802552", "domain": "", "weihao": "", "gender": "f", "followers_count": 6, "followers_count_str": "6", "friends_count": 222, "pagefriends_count": 10, "statuses_count": 47, "video_status_count": 0, "video_play_count": 0, "super_topic_not_syn_count": 0, "favourites_count": 7, "created_at": "Fri Feb 13 18:47:18 +0800 2015", "following": false, "allow_all_act_msg": false, "geo_enabled": true, "verified": false, "verified_type": -1, "remark": "", "insecurity": {"sexual_content": false}, "ptype": 0, "allow_all_comment": true, "avatar_large": "https://tvax1.sinaimg.cn/crop.0.0.1024.1024.180/0061ukEoly8h4k669k3udj30sg0sgjta.jpg?KID=imgbed,tva&Expires=1669712669&ssig=V1jB4W8jmI", "avatar_hd": "https://tvax1.sinaimg.cn/crop.0.0.1024.1024.1024/0061ukEoly8h4k669k3udj30sg0sgjta.jpg?KID=imgbed,tva&Expires=1669712669&ssig=RP2oY4y%2F2r", "verified_reason": "", "verified_trade": "", "verified_reason_url": "", "verified_source": "", "verified_source_url": "", "follow_me": false, "like": false, "like_me": false, "online_status": 0, "bi_followers_count": 2, "lang": "zh-cn", "star": 0, "mbtype": 0, "mbrank": 0, "svip": 0, "mb_expire_time": 0, "block_word": 0, "block_app": 0, "chaohua_ability": 0, "brand_ability": 0, "nft_ability": 0, "vplus_ability": 0, "wenda_ability": 0, "live_ability": 0, "gongyi_ability": 0, "paycolumn_ability": 0, "newbrand_ability": 0, "ecommerce_ability": 0, "hardfan_ability": 0, "credit_score": 80, "user_ability": 2097152, "urank": 9, "story_read_state": -1, "vclub_member": 0, "is_teenager": 0, "is_guardian": 0, "is_teenager_list": 0, "pc_new": 0, "special_follow": false, "planet_video": 0, "video_mark": 0, "live_status": 0, "user_ability_extend": 0, "status_total_counter": {"total_cnt": 14, "repost_cnt": 0, "comment_cnt": 10, "like_cnt": 4, "comment_like_cnt": 0}, "video_total_counter": {"play_cnt": -1}, "brand_account": 0, "hongbaofei": 0, "tab_manage": "[0, 0]", "reward_status": 0, "green_mode": 0, "urisk": 0, "avatar_type": 0}, "mid": "4816903837061043", "idstr": "4816903837061043", "status": {"visible": {"type": 0, "list_id": 0}, "created_at": "Fri Sep 23 16:36:09 +0800 2022", "id": 4816901064098808, "idstr": "4816901064098808", "mid": "4816901064098808", "can_edit": false, "version": 1, "show_additional_indication": 0, "text": "#集美大学# \n太恐怖了吧\n多点包容 吧[苦涩][苦涩] ​", "textLength": 46, "source_allowclick": 0, "source_type": 2, "source": "<a href=\"http://weibo.com/\" rel=\"nofollow\">iPhone客户端</a>", "favorited": false, "truncated": false, "in_reply_to_status_id": "", "in_reply_to_user_id": "", "in_reply_to_screen_name": "", "pic_urls": [{"thumbnail_pic": "http://wx3.sinaimg.cn/thumbnail/0061ukEogy1h6gmjn18qmj30u01sxq6p.jpg"}], "thumbnail_pic": "http://wx3.sinaimg.cn/thumbnail/0061ukEogy1h6gmjn18qmj30u01sxq6p.jpg", "bmiddle_pic": "http://wx3.sinaimg.cn/bmiddle/0061ukEogy1h6gmjn18qmj30u01sxq6p.jpg", "original_pic": "http://wx3.sinaimg.cn/large/0061ukEogy1h6gmjn18qmj30u01sxq6p.jpg", "geo": null, "is_paid": false, "mblog_vip_type": 0, "user": {"id": 5518802552, "idstr": "5518802552", "class": 1, "screen_name": "心动对象", "name": "心动对象", "province": "100", "city": "1000", "location": "其他", "description": "爱情经不起等待 发消息就现在 找对象私信菌菌嗷🥳  V:Slow222-", "url": "", "profile_image_url": "https://tvax1.sinaimg.cn/crop.0.0.1024.1024.50/0061ukEoly8h4k669k3udj30sg0sgjta.jpg?KID=imgbed,tva&Expires=1669712669&ssig=y6EiMgpN6M", "light_ring": false, "cover_image_phone": "http://ww1.sinaimg.cn/crop.0.0.640.640.640/9d44112bjw1f1xl1c10tuj20hs0hs0tw.jpg", "profile_url": "u/5518802552", "domain": "", "weihao": "", "gender": "f", "followers_count": 6, "followers_count_str": "6", "friends_count": 222, "pagefriends_count": 10, "statuses_count": 47, "video_status_count": 0, "video_play_count": 0, "super_topic_not_syn_count": 0, "favourites_count": 7, "created_at": "Fri Feb 13 18:47:18 +0800 2015", "following": false, "allow_all_act_msg": false, "geo_enabled": true, "verified": false, "verified_type": -1, "remark": "", "insecurity": {"sexual_content": false}, "ptype": 0, "allow_all_comment": true, "avatar_large": "https://tvax1.sinaimg.cn/crop.0.0.1024.1024.180/0061ukEoly8h4k669k3udj30sg0sgjta.jpg?KID=imgbed,tva&Expires=1669712669&ssig=V1jB4W8jmI", "avatar_hd": "https://tvax1.sinaimg.cn/crop.0.0.1024.1024.1024/0061ukEoly8h4k669k3udj30sg0sgjta.jpg?KID=imgbed,tva&Expires=1669712669&ssig=RP2oY4y%2F2r", "verified_reason": "", "verified_trade": "", "verified_reason_url": "", "verified_source": "", "verified_source_url": "", "follow_me": false, "like": false, "like_me": false, "online_status": 0, "bi_followers_count": 2, "lang": "zh-cn", "star": 0, "mbtype": 0, "mbrank": 0, "svip": 0, "mb_expire_time": 0, "block_word": 0, "block_app": 0, "chaohua_ability": 0, "brand_ability": 0, "nft_ability": 0, "vplus_ability": 0, "wenda_ability": 0, "live_ability": 0, "gongyi_ability": 0, "paycolumn_ability": 0, "newbrand_ability": 0, "ecommerce_ability": 0, "hardfan_ability": 0, "credit_score": 80, "user_ability": 2097152, "urank": 9, "story_read_state": -1, "vclub_member": 0, "is_teenager": 0, "is_guardian": 0, "is_teenager_list": 0, "pc_new": 0, "special_follow": false, "planet_video": 0, "video_mark": 0, "live_status": 0, "user_ability_extend": 0, "status_total_counter": {"total_cnt": 14, "repost_cnt": 0, "comment_cnt": 10, "like_cnt": 4, "comment_like_cnt": 0}, "video_total_counter": {"play_cnt": -1}, "brand_account": 0, "hongbaofei": 0, "tab_manage": "[0, 0]", "reward_status": 0, "green_mode": 0, "urisk": 0, "avatar_type": 0}, "annotations": [{"photo_sub_type": "0"}, {}, {"client_mblogid": "iPhone-E96EA87B-527D-419E-BEAE-725FC5822F63"}, {"mapi_request": true}], "picStatus": "0:1", "reposts_count": 0, "comments_count": 0, "reprint_cmt_count": 0, "attitudes_count": 0, "pending_approval_count": 0, "isLongText": false, "reward_exhibition_type": 0, "hide_flag": 0, "mlevel": 128, "show_mlevel": 0, "biz_feature": 4294967300, "page_type": 64, "hasActionTypeCard": 0, "darwin_tags": [], "hot_weibo_tags": [], "text_tag_tips": [], "mblogtype": 0, "userType": 0, "mlevelSource": "monitor", "more_info_type": 0, "number_display_strategy": {"apply_scenario_flag": 3, "display_text_min_number": 1000000, "display_text": "100万+"}, "positive_recom_flag": 0, "content_auth": 0, "gif_ids": "", "is_show_bulletin": 2, "comment_manage_info": {"comment_permission_type": -1, "approval_comment_type": 0, "comment_sort_type": 0, "ai_play_picture_type": 0}, "pic_num": 1, "can_reprint": false, "new_comment_style": 0}, "reply_comment": {"created_at": "Fri Sep 23 16:39:52 +0800 2022", "id": 4816901996548425, "rootid": 4816901508697359, "rootidstr": "4816901508697359", "floor_number": 0, "text": "回复@心动对象:无偿的嘛[泪]", "disable_reply": 0, "restrictOperate": 0, "user": {"id": 5745401187, "idstr": "5745401187", "class": 1, "screen_name": "过滤装置的悲伤结构", "name": "过滤装置的悲伤结构", "province": "100", "city": "1000", "location": "其他", "description": "乘着旷野来的风", "url": "", "profile_image_url": "https://tvax2.sinaimg.cn/crop.0.0.932.932.50/006gP7j5ly8h1mdkttz4bj30pw0pwjti.jpg?KID=imgbed,tva&Expires=1669712669&ssig=b3%2Bh3debs3", "light_ring": false, "cover_image_phone": "http://ww1.sinaimg.cn/crop.0.0.640.640.640/9d44112bjw1f1xl1c10tuj20hs0hs0tw.jpg", "profile_url": "u/5745401187", "domain": "", "weihao": "", "gender": "f", "followers_count": 173, "followers_count_str": "173", "friends_count": 1121, "pagefriends_count": 123, "statuses_count": 543, "video_status_count": 0, "video_play_count": 0, "super_topic_not_syn_count": 11, "favourites_count": 84, "created_at": "Tue Oct 27 06:05:37 +0800 2015", "following": false, "allow_all_act_msg": false, "geo_enabled": true, "verified": false, "verified_type": -1, "remark": "", "insecurity": {"sexual_content": false}, "ptype": 0, "allow_all_comment": true, "avatar_large": "https://tvax2.sinaimg.cn/crop.0.0.932.932.180/006gP7j5ly8h1mdkttz4bj30pw0pwjti.jpg?KID=imgbed,tva&Expires=1669712669&ssig=daBWXyJxaQ", "avatar_hd": "https://tvax2.sinaimg.cn/crop.0.0.932.932.1024/006gP7j5ly8h1mdkttz4bj30pw0pwjti.jpg?KID=imgbed,tva&Expires=1669712669&ssig=9uZCQg%2FOuw", "verified_reason": "", "verified_trade": "", "verified_reason_url": "", "verified_source": "", "verified_source_url": "", "follow_me": false, "like": false, "like_me": false, "online_status": 0, "bi_followers_count": 22, "lang": "zh-cn", "star": 0, "mbtype": 2, "mbrank": 1, "svip": 0, "mb_expire_time": 1658851199, "block_word": 0, "block_app": 0, "chaohua_ability": 0, "brand_ability": 0, "nft_ability": 0, "vplus_ability": 0, "wenda_ability": 0, "live_ability": 0, "gongyi_ability": 0, "paycolumn_ability": 0, "newbrand_ability": 0, "ecommerce_ability": 0, "hardfan_ability": 0, "credit_score": 80, "user_ability": 2359296, "urank": 5, "story_read_state": -1, "vclub_member": 0, "is_teenager": 0, "is_guardian": 0, "is_teenager_list": 0, "pc_new": 0, "special_follow": false, "planet_video": 0, "video_mark": 0, "live_status": 0, "user_ability_extend": 0, "status_total_counter": {"total_cnt": 492, "repost_cnt": 0, "comment_cnt": 353, "like_cnt": 130, "comment_like_cnt": 9}, "video_total_counter": {"play_cnt": 10}, "brand_account": 0, "hongbaofei": 0, "tab_manage": "[0, 0]", "reward_status": 0, "green_mode": 0, "urisk": 0, "avatar_type": 0}, "mid": "4816901996548425", "idstr": "4816901996548425", "match_ai_play_picture": false}, "reply_original_text": "无偿", "readtimetype": "comment", "match_ai_play_picture": false}