{"created_at": "Mon Jul 18 19:04:01 +0800 2022", "id": 4792658285040859, "rootid": 4792658285040859, "rootidstr": "4792658285040859", "floor_number": 17, "text": "真的太无语了啊", "disable_reply": 0, "restrictOperate": 0, "source_allowclick": 0, "source_type": 4, "source": "<a href=\"\" rel=\"nofollow\">来自广东</a>", "user": {"id": 7334885622, "idstr": "7334885622", "class": 1, "screen_name": "小杨哥哥哦", "name": "小杨哥哥哦", "province": "44", "city": "1", "location": "广东 广州", "description": "", "url": "", "profile_image_url": "https://tvax2.sinaimg.cn/crop.0.0.996.996.50/0080oqOOly8garwb1kdmbj30ro0ro0sz.jpg?KID=imgbed,tva&Expires=1669977566&ssig=ZY4Bgsm4L5", "light_ring": false, "cover_image_phone": "http://ww1.sinaimg.cn/crop.0.0.640.640.640/549d0121tw1egm1kjly3jj20hs0hsq4f.jpg", "profile_url": "u/7334885622", "domain": "", "weihao": "", "gender": "m", "followers_count": 1751, "followers_count_str": "1751", "friends_count": 1513, "pagefriends_count": 45, "statuses_count": 206515, "video_status_count": 0, "video_play_count": 0, "super_topic_not_syn_count": 0, "favourites_count": 6, "created_at": "Sun Nov 10 11:36:40 +0800 2019", "following": false, "allow_all_act_msg": false, "geo_enabled": true, "verified": false, "verified_type": -1, "remark": "", "insecurity": {"sexual_content": false}, "ptype": 0, "allow_all_comment": true, "avatar_large": "https://tvax2.sinaimg.cn/crop.0.0.996.996.180/0080oqOOly8garwb1kdmbj30ro0ro0sz.jpg?KID=imgbed,tva&Expires=1669977566&ssig=lEV5tlSupT", "avatar_hd": "https://tvax2.sinaimg.cn/crop.0.0.996.996.1024/0080oqOOly8garwb1kdmbj30ro0ro0sz.jpg?KID=imgbed,tva&Expires=1669977566&ssig=Nm%2Fpu3b0oN", "verified_reason": "", "verified_trade": "", "verified_reason_url": "", "verified_source": "", "verified_source_url": "", "follow_me": false, "like": false, "like_me": false, "online_status": 0, "bi_followers_count": 29, "lang": "zh-cn", "star": 0, "mbtype": 2, "mbrank": 3, "svip": 0, "mb_expire_time": 1658851199, "block_word": 0, "block_app": 0, "chaohua_ability": 0, "brand_ability": 0, "nft_ability": 0, "vplus_ability": 0, "wenda_ability": 0, "live_ability": 0, "gongyi_ability": 0, "paycolumn_ability": 0, "newbrand_ability": 0, "ecommerce_ability": 0, "hardfan_ability": 0, "credit_score": 80, "user_ability": 2359296, "cardid": "star_1576", "avatargj_id": "gj_vip_719", "urank": 0, "story_read_state": -1, "vclub_member": 0, "is_teenager": 0, "is_guardian": 0, "is_teenager_list": 0, "pc_new": 0, "special_follow": false, "planet_video": 2, "video_mark": 0, "live_status": 0, "user_ability_extend": 0, "status_total_counter": {"total_cnt": 5359, "repost_cnt": 4533, "comment_cnt": 295, "like_cnt": 515, "comment_like_cnt": 16}, "video_total_counter": {"play_cnt": 18}, "brand_account": 0, "hongbaofei": 0, "tab_manage": "[0, 0]", "reward_status": 0, "green_mode": 0, "urisk": 17179869184, "avatar_type": 0}, "mid": "4792658285040859", "idstr": "4792658285040859", "status": {"visible": {"type": 0, "list_id": 0}, "created_at": "Mon Jul 18 18:40:12 +0800 2022", "id": 4792652291377932, "idstr": "4792652291377932", "mid": "4792652291377932", "edit_count": 1, "can_edit": false, "edit_at": "Mon Jul 18 18:46:01 +0800 2022", "version": 3, "show_additional_indication": 0, "text": "#官方回应网传4S店员工与未成年发生关系#凯迪拉克销售竟然和未成年发生X关系？父母当场暴走！\n\n凯迪拉克的这销售还自己主动传播到网上炫耀？\n心理BT扭曲，这很刑！生活有判头…[黑线] ​", "textLength": 170, "source_allowclick": 0, "source_type": 2, "source": "<a href=\"http://weibo.com/\" rel=\"nofollow\">iPhone 13 Pro Max</a>", "favorited": false, "truncated": false, "in_reply_to_status_id": "", "in_reply_to_user_id": "", "in_reply_to_screen_name": "", "pic_urls": [{"thumbnail_pic": "http://wx1.sinaimg.cn/thumbnail/6efc8f71gy1h4b9sjwrfsj20zo1q1wkv.jpg"}], "thumbnail_pic": "http://wx1.sinaimg.cn/thumbnail/6efc8f71gy1h4b9sjwrfsj20zo1q1wkv.jpg", "bmiddle_pic": "http://wx1.sinaimg.cn/bmiddle/6efc8f71gy1h4b9sjwrfsj20zo1q1wkv.jpg", "original_pic": "http://wx1.sinaimg.cn/large/6efc8f71gy1h4b9sjwrfsj20zo1q1wkv.jpg", "geo": null, "is_paid": false, "mblog_vip_type": 0, "user": {"id": 1862045553, "idstr": "1862045553", "class": 1, "screen_name": "张彦仕财经世界", "name": "张彦仕财经世界", "province": "44", "city": "1000", "location": "广东", "description": "12年老韭菜，金钱永不眠！不做任何个股推荐，谨防受骗！金融圈吃瓜中心…", "url": "http://zhangyixuan888.qzone.qq.com/", "profile_image_url": "https://tvax1.sinaimg.cn/crop.0.0.1080.1080.50/6efc8f71ly8h78p5hqk0fj20u00u0q3e.jpg?KID=imgbed,tva&Expires=1669977566&ssig=BgDW8N2%2FU0", "light_ring": false, "cover_image_phone": "http://wx1.sinaimg.cn/crop.0.0.640.640.640/6efc8f71gy1h3cldzsg94j20sf0sfjuq.jpg", "profile_url": "208293999", "domain": "zhangyixuan888", "weihao": "208293999", "gender": "m", "followers_count": 317461, "followers_count_str": "31.7万", "friends_count": 418, "pagefriends_count": 6, "statuses_count": 2955, "video_status_count": 42, "video_play_count": 0, "super_topic_not_syn_count": 1, "favourites_count": 292, "created_at": "Sun Nov 14 02:01:20 +0800 2010", "following": false, "allow_all_act_msg": true, "geo_enabled": true, "verified": true, "verified_type": 0, "remark": "", "insecurity": {"sexual_content": false}, "ptype": 0, "allow_all_comment": true, "avatar_large": "https://tvax1.sinaimg.cn/crop.0.0.1080.1080.180/6efc8f71ly8h78p5hqk0fj20u00u0q3e.jpg?KID=imgbed,tva&Expires=1669977566&ssig=Zeaau%2F7jWa", "avatar_hd": "https://tvax1.sinaimg.cn/crop.0.0.1080.1080.1024/6efc8f71ly8h78p5hqk0fj20u00u0q3e.jpg?KID=imgbed,tva&Expires=1669977566&ssig=VgXTkkwUeK", "verified_reason": "财经知识分享官", "verified_trade": "1924", "verified_reason_url": "", "verified_source": "", "verified_source_url": "", "verified_state": 0, "verified_level": 3, "verified_type_ext": 1, "has_service_tel": false, "verified_reason_modified": "", "verified_contact_name": "", "verified_contact_email": "", "verified_contact_mobile": "", "follow_me": false, "like": false, "like_me": false, "online_status": 0, "bi_followers_count": 197, "lang": "zh-cn", "star": 0, "mbtype": 12, "mbrank": 7, "svip": 0, "mb_expire_time": 1700496000, "block_word": 0, "block_app": 1, "chaohua_ability": 0, "brand_ability": 0, "nft_ability": 0, "vplus_ability": 1, "wenda_ability": 0, "live_ability": 1, "gongyi_ability": 0, "paycolumn_ability": 0, "newbrand_ability": 0, "ecommerce_ability": 0, "hardfan_ability": 1, "ability_tags": "经济政策,投资,基金", "credit_score": 80, "user_ability": -2136604152, "cardid": "star_1600", "urank": 36, "story_read_state": -1, "verified_detail": {"custom": 0, "data": [{"key": 1, "sub_key": 0, "weight": 10, "desc": "财经知识分享官", "timestamp": 0}]}, "vclub_member": 0, "is_teenager": 0, "is_guardian": 0, "is_teenager_list": 0, "pc_new": 6, "special_follow": false, "planet_video": 2, "video_mark": 0, "live_status": 0, "user_ability_extend": 1, "status_total_counter": {"total_cnt": 871008, "repost_cnt": 52182, "comment_cnt": 198598, "like_cnt": 374101, "comment_like_cnt": 246127}, "video_total_counter": {"play_cnt": 3010336}, "brand_account": 0, "hongbaofei": 0, "tab_manage": "[0, 0]", "reward_status": 0, "green_mode": 0, "urisk": 34896609280, "avatar_type": 0}, "annotations": [{"ann_ext": "ann_ext:search|t:1|creator_source:bottomsendweibo"}, {"shooting": 1, "client_mblogid": "iPhone-E1E64F52-3438-4297-A97D-2EE2BBF6476A"}, {"mapi_request": true}, {"photo_sub_type": "0"}], "picStatus": "0:1", "reposts_count": 0, "comments_count": 0, "reprint_cmt_count": 0, "attitudes_count": 0, "pending_approval_count": 0, "isLongText": false, "reward_exhibition_type": 0, "hide_flag": 0, "mlevel": 128, "show_mlevel": 0, "biz_feature": 4294967298, "page_type": 64, "hasActionTypeCard": 0, "darwin_tags": [], "hot_weibo_tags": [], "text_tag_tips": [], "mblogtype": 0, "userType": 0, "mlevelSource": "monitor", "more_info_type": 0, "cardid": "star_1600", "number_display_strategy": {"apply_scenario_flag": 3, "display_text_min_number": 1000000, "display_text": "100万+"}, "positive_recom_flag": 0, "content_auth": 0, "gif_ids": "", "is_show_bulletin": 2, "comment_manage_info": {"comment_permission_type": -1, "approval_comment_type": 0, "comment_sort_type": 0, "ai_play_picture_type": 0}, "pic_num": 1, "can_reprint": false, "new_comment_style": 0}, "readtimetype": "comment", "match_ai_play_picture": false}