{"created_at": "Sat Dec 17 10:09:17 +0800 2022", "id": 4847606671084610, "rootid": 4847606671084610, "rootidstr": "4847606671084610", "floor_number": 8, "text": "真的太厉害了吧很支持啊", "disable_reply": 0, "restrictOperate": 0, "source_allowclick": 0, "source_type": 4, "source": "<a href=\"\" rel=\"nofollow\">来自河南</a>", "user": {"id": 3989259462, "idstr": "3989259462", "class": 1, "screen_name": "wolf299145", "name": "wolf299145", "province": "100", "city": "1000", "location": "其他", "description": "", "url": "", "profile_image_url": "https://tva3.sinaimg.cn/crop.0.0.640.640.50/edc744c6jw8eeunqbf3udj20hs0hsgmb.jpg?KID=imgbed,tva&Expires=1671271774&ssig=QWW%2F5Fc1rs", "light_ring": false, "cover_image_phone": "https://ww1.sinaimg.cn/crop.0.0.640.640.640/549d0121tw1egm1kjly3jj20hs0hsq4f.jpg", "profile_url": "u/3989259462", "domain": "", "weihao": "", "gender": "m", "followers_count": 69, "followers_count_str": "69", "friends_count": 149, "pagefriends_count": 1, "statuses_count": 1596, "video_status_count": 0, "video_play_count": 0, "super_topic_not_syn_count": 0, "favourites_count": 1, "created_at": "Mon Jan 20 18:39:27 +0800 2014", "following": false, "allow_all_act_msg": false, "geo_enabled": true, "verified": true, "verified_type": 0, "remark": "", "insecurity": {"sexual_content": false}, "ptype": 0, "allow_all_comment": true, "avatar_large": "https://tva3.sinaimg.cn/crop.0.0.640.640.180/edc744c6jw8eeunqbf3udj20hs0hsgmb.jpg?KID=imgbed,tva&Expires=1671271774&ssig=q0%2FdykyfxX", "avatar_hd": "https://tva3.sinaimg.cn/crop.0.0.640.640.1024/edc744c6jw8eeunqbf3udj20hs0hsgmb.jpg?KID=imgbed,tva&Expires=1671271774&ssig=WGmz8iG7P%2F", "verified_reason": "超话小主持人（静止了的夜晚超话）", "verified_trade": "", "verified_reason_url": "", "verified_source": "", "verified_source_url": "", "verified_state": 0, "verified_level": 3, "verified_type_ext": 0, "has_service_tel": false, "verified_reason_modified": "", "verified_contact_name": "", "verified_contact_email": "", "verified_contact_mobile": "", "follow_me": false, "like": false, "like_me": false, "online_status": 0, "bi_followers_count": 1, "lang": "zh-cn", "star": 0, "mbtype": 0, "mbrank": 0, "svip": 0, "mb_expire_time": 0, "block_word": 0, "block_app": 0, "chaohua_ability": 0, "brand_ability": 0, "nft_ability": 0, "vplus_ability": 0, "wenda_ability": 0, "live_ability": 0, "gongyi_ability": 0, "paycolumn_ability": 0, "newbrand_ability": 0, "ecommerce_ability": 0, "hardfan_ability": 0, "credit_score": 80, "user_ability": 2097152, "urank": 1, "story_read_state": -1, "verified_detail": {"custom": 0, "data": [{"key": 8, "sub_key": 0, "weight": 102, "desc": "超话小主持人（静止了的夜晚超话）", "timestamp": 0}]}, "vclub_member": 0, "is_teenager": 0, "is_guardian": 0, "is_teenager_list": 0, "pc_new": 0, "special_follow": false, "planet_video": 0, "video_mark": 0, "live_status": 0, "user_ability_extend": 0, "status_total_counter": {"total_cnt": 74, "repost_cnt": 33, "comment_cnt": 38, "like_cnt": 3, "comment_like_cnt": 0}, "video_total_counter": {"play_cnt": -1}, "brand_account": 0, "hongbaofei": 0, "tab_manage": "[0, 0]", "reward_status": 0, "green_mode": 0, "urisk": 524288, "avatar_type": 0}, "mid": "4847606671084610", "idstr": "4847606671084610", "status": {"visible": {"type": 0, "list_id": 0}, "created_at": "Sat Dec 17 09:36:46 +0800 2022", "id": 4847598488257082, "idstr": "4847598488257082", "mid": "4847598488257082", "can_edit": false, "version": 1, "show_additional_indication": 0, "text": "#中国成功发射试验二十一号卫星#祝贺中国航天，中国航天🆙🆙 ​", "textLength": 60, "source_allowclick": 1, "source_type": 2, "source": "", "favorited": false, "truncated": false, "in_reply_to_status_id": "", "in_reply_to_user_id": "", "in_reply_to_screen_name": "", "pic_urls": [{"thumbnail_pic": "http://wx2.sinaimg.cn/thumbnail/0069PkFsgy1h96k3vsxpmj31400qowfr.jpg"}, {"thumbnail_pic": "http://wx1.sinaimg.cn/thumbnail/0069PkFsgy1h96k3w9p4bj31bf0qodie.jpg"}], "thumbnail_pic": "http://wx2.sinaimg.cn/thumbnail/0069PkFsgy1h96k3vsxpmj31400qowfr.jpg", "bmiddle_pic": "http://wx2.sinaimg.cn/bmiddle/0069PkFsgy1h96k3vsxpmj31400qowfr.jpg", "original_pic": "http://wx2.sinaimg.cn/large/0069PkFsgy1h96k3vsxpmj31400qowfr.jpg", "geo": null, "is_paid": false, "mblog_vip_type": 0, "user": {"id": 5642018194, "idstr": "5642018194", "class": 1, "screen_name": "帅科技", "name": "帅科技", "province": "11", "city": "1000", "location": "北京", "description": "长期数码领域的top20，数码视频号top20，圈内知名摄影达人。", "url": "", "profile_image_url": "https://tvax2.sinaimg.cn/crop.0.0.1080.1080.50/0069PkFsly8h8n3zixfk3j30u00u0dhp.jpg?KID=imgbed,tva&Expires=1671271774&ssig=TdCcUWZ2Md", "light_ring": false, "cover_image_phone": "https://wx3.sinaimg.cn/crop.0.0.640.640.640/0069PkFsgy1guwpjbyhb1j60u00u0mx902.jpg;https://wx4.sinaimg.cn/crop.0.0.640.640.640/0069PkFsgy1guwpj4gvfhj60u00u0mx902.jpg", "profile_url": "u/5642018194", "domain": "", "weihao": "", "gender": "m", "followers_count": 2459725, "followers_count_str": "246万", "friends_count": 436, "pagefriends_count": 7, "statuses_count": 3357, "video_status_count": 67, "video_play_count": 0, "super_topic_not_syn_count": 0, "favourites_count": 0, "created_at": "Sat Jun 27 12:39:59 +0800 2015", "following": false, "allow_all_act_msg": false, "geo_enabled": true, "verified": true, "verified_type": 0, "remark": "", "insecurity": {"sexual_content": false}, "ptype": 0, "allow_all_comment": true, "avatar_large": "https://tvax2.sinaimg.cn/crop.0.0.1080.1080.180/0069PkFsly8h8n3zixfk3j30u00u0dhp.jpg?KID=imgbed,tva&Expires=1671271774&ssig=ysqRiVMHzP", "avatar_hd": "https://tvax2.sinaimg.cn/crop.0.0.1080.1080.1024/0069PkFsly8h8n3zixfk3j30u00u0dhp.jpg?KID=imgbed,tva&Expires=1671271774&ssig=yE8RVqBpyw", "verified_reason": "知名数码博主", "verified_trade": "", "verified_reason_url": "", "verified_source": "", "verified_source_url": "", "verified_state": 0, "verified_level": 3, "verified_type_ext": 1, "has_service_tel": false, "verified_reason_modified": "", "verified_contact_name": "", "verified_contact_email": "", "verified_contact_mobile": "", "follow_me": false, "like": false, "like_me": false, "online_status": 0, "bi_followers_count": 178, "lang": "zh-cn", "star": 0, "mbtype": 12, "mbrank": 6, "svip": 0, "mb_expire_time": 1702569600, "block_word": 0, "block_app": 1, "chaohua_ability": 0, "brand_ability": 0, "nft_ability": 0, "vplus_ability": 0, "wenda_ability": 0, "live_ability": 0, "gongyi_ability": 0, "paycolumn_ability": 0, "newbrand_ability": 0, "ecommerce_ability": 0, "hardfan_ability": 1, "credit_score": 80, "user_ability": 10747912, "avatargj_id": "gj_vip_021", "urank": 23, "story_read_state": -1, "verified_detail": {"custom": 0, "data": [{"key": 2, "weight": 101, "desc": "知名数码博主"}]}, "vclub_member": 0, "is_teenager": 0, "is_guardian": 0, "is_teenager_list": 0, "pc_new": 6, "special_follow": false, "planet_video": 2, "video_mark": 15, "live_status": 0, "user_ability_extend": 0, "video_cover": {"mid": 4726646316469955}, "status_total_counter": {"total_cnt": 11460117, "repost_cnt": 9286881, "comment_cnt": 484963, "like_cnt": 1616426, "comment_like_cnt": 71847}, "video_total_counter": {"play_cnt": 26309029}, "brand_account": 0, "hongbaofei": 0, "tab_manage": "[0, 0]", "reward_status": 0, "green_mode": 0, "urisk": 1048576, "avatar_type": 0}, "annotations": [{"photo_sub_type": "0,0"}, {"ann_ext": "ann_ext:search|t:31|q:#中国成功发射试验二十一号卫星#|creator_source:bottomsendweibo|super_exparams=>{\"system_pic_only\":0}"}, {"client_mblogid": "4f1971c6-07d6-48e5-85d7-da5891cfe007"}, {"mapi_request": true}], "picStatus": "0:1,1:1", "reposts_count": 0, "comments_count": 0, "reprint_cmt_count": 0, "attitudes_count": 0, "pending_approval_count": 0, "isLongText": false, "reward_exhibition_type": 0, "hide_flag": 0, "mlevel": 0, "show_mlevel": 0, "biz_feature": 4294967300, "page_type": 64, "hasActionTypeCard": 0, "darwin_tags": [], "hot_weibo_tags": [], "text_tag_tips": [], "mblogtype": 0, "userType": 0, "more_info_type": 0, "number_display_strategy": {"apply_scenario_flag": 3, "display_text_min_number": 1000000, "display_text": "100万+"}, "positive_recom_flag": 0, "content_auth": 0, "gif_ids": "", "is_show_bulletin": 2, "comment_manage_info": {"comment_permission_type": -1, "approval_comment_type": 0, "comment_sort_type": 0, "ai_play_picture_type": 0}, "pic_num": 2, "can_reprint": false, "new_comment_style": 0}, "readtimetype": "comment", "match_ai_play_picture": false}