{"created_at": "Sat Nov 05 10:47:02 +0800 2022", "id": 4832395884758034, "rootid": 4832395884758034, "rootidstr": "4832395884758034", "floor_number": 2, "text": "@人民日报", "disable_reply": 0, "restrictOperate": 0, "source_allowclick": 0, "source_type": 4, "source": "<a href=\"\" rel=\"nofollow\">来自内蒙古</a>", "extend_info": {"from_same_city": true}, "user": {"id": 5236869060, "idstr": "5236869060", "class": 1, "screen_name": "法律小良人", "name": "法律小良人", "province": "100", "city": "1000", "location": "其他", "description": "妈妈，学生，律师是我", "url": "", "profile_image_url": "https://tvax1.sinaimg.cn/default/images/default_avatar_female_50.gif?KID=imgbed,tva&Expires=1669659498&ssig=CBrJi3R1Pi", "light_ring": false, "cover_image_phone": "http://ww1.sinaimg.cn/crop.0.0.640.640.640/549d0121tw1egm1kjly3jj20hs0hsq4f.jpg", "profile_url": "u/5236869060", "domain": "", "weihao": "", "gender": "f", "followers_count": 84, "followers_count_str": "84", "friends_count": 509, "pagefriends_count": 12, "statuses_count": 872, "video_status_count": 1, "video_play_count": 0, "super_topic_not_syn_count": 0, "favourites_count": 2, "created_at": "Wed Jul 30 14:00:45 +0800 2014", "following": false, "allow_all_act_msg": false, "geo_enabled": true, "verified": false, "verified_type": -1, "remark": "", "insecurity": {"sexual_content": false}, "ptype": 0, "allow_all_comment": true, "avatar_large": "https://tvax1.sinaimg.cn/default/images/default_avatar_female_180.gif?KID=imgbed,tva&Expires=1669659498&ssig=rYK0n3UW1G", "avatar_hd": "https://tvax1.sinaimg.cn/default/images/default_avatar_female_180.gif?KID=imgbed,tva&Expires=1669659498&ssig=rYK0n3UW1G", "verified_reason": "", "verified_trade": "", "verified_reason_url": "", "verified_source": "", "verified_source_url": "", "follow_me": false, "like": false, "like_me": false, "online_status": 0, "bi_followers_count": 0, "lang": "zh-cn", "star": 0, "mbtype": 0, "mbrank": 0, "svip": 0, "mb_expire_time": 0, "block_word": 0, "block_app": 0, "chaohua_ability": 0, "brand_ability": 0, "nft_ability": 0, "vplus_ability": 0, "wenda_ability": 0, "live_ability": 0, "gongyi_ability": 0, "paycolumn_ability": 0, "newbrand_ability": 0, "ecommerce_ability": 0, "hardfan_ability": 0, "credit_score": 80, "user_ability": 2359296, "urank": 14, "story_read_state": -1, "vclub_member": 0, "is_teenager": 0, "is_guardian": 0, "is_teenager_list": 0, "pc_new": 0, "special_follow": false, "planet_video": 2, "video_mark": 0, "live_status": 0, "user_ability_extend": 0, "status_total_counter": {"total_cnt": 50, "repost_cnt": 0, "comment_cnt": 14, "like_cnt": 36, "comment_like_cnt": 0}, "video_total_counter": {"play_cnt": 11}, "brand_account": 0, "hongbaofei": 0, "tab_manage": "[0, 0]", "reward_status": 0, "green_mode": 0, "urisk": 0, "avatar_type": 0}, "mid": "4832395884758034", "idstr": "4832395884758034", "status": {"visible": {"type": 0, "list_id": 0}, "created_at": "Sat Nov 05 10:35:52 +0800 2022", "id": 4832393070906911, "idstr": "4832393070906911", "mid": "4832393070906911", "can_edit": false, "version": 4, "show_additional_indication": 0, "text": "#警方通报呼和浩特一女子坠亡#你一个焦虑症就掩盖了你们所有的罪名！这都是你们干出来的事！今天是这个女孩子，那明天呢？后天呢？ ​", "textLength": 122, "source_allowclick": 1, "source_type": 1, "source": "<a href=\"http://app.weibo.com/t/feed/1wDN4h\" rel=\"nofollow\">HUAWEI Mate 20 Pro</a>", "favorited": false, "truncated": false, "in_reply_to_status_id": "", "in_reply_to_user_id": "", "in_reply_to_screen_name": "", "pic_urls": [{"thumbnail_pic": "http://wx1.sinaimg.cn/thumbnail/006FPUkGly1h7u1rvzp49j30u01pwdkc.jpg"}, {"thumbnail_pic": "http://wx2.sinaimg.cn/thumbnail/006FPUkGly1h7u1rwaiu5j30k00zjwka.jpg"}, {"thumbnail_pic": "http://wx3.sinaimg.cn/thumbnail/006FPUkGly1h7u1rwiq89j30u00yqq74.jpg"}, {"thumbnail_pic": "http://wx2.sinaimg.cn/thumbnail/006FPUkGly1h7u1rx770fj30n011i44r.jpg"}], "thumbnail_pic": "http://wx1.sinaimg.cn/thumbnail/006FPUkGly1h7u1rvzp49j30u01pwdkc.jpg", "bmiddle_pic": "http://wx1.sinaimg.cn/bmiddle/006FPUkGly1h7u1rvzp49j30u01pwdkc.jpg", "original_pic": "http://wx1.sinaimg.cn/large/006FPUkGly1h7u1rvzp49j30u01pwdkc.jpg", "geo": null, "is_paid": false, "mblog_vip_type": 0, "user": {"id": 6114998042, "idstr": "6114998042", "class": 1, "screen_name": "X玖少年团-仁兔成鸣", "name": "X玖少年团-仁兔成鸣", "province": "43", "city": "1", "location": "湖南 长沙", "description": "仁兔成鸣梦女子/🈲同价/直fo会回/我开心为主", "url": "", "profile_image_url": "https://tvax1.sinaimg.cn/crop.0.0.899.899.50/006FPUkGly8h7e88fu18tj30p00ozt9y.jpg?KID=imgbed,tva&Expires=1669659498&ssig=K1KaooeJt7", "light_ring": false, "cover_image_phone": "http://ww1.sinaimg.cn/crop.0.0.640.640.640/549d0121tw1egm1kjly3jj20hs0hsq4f.jpg", "profile_url": "u/6114998042", "domain": "", "weihao": "", "gender": "f", "followers_count": 258, "followers_count_str": "258", "friends_count": 1182, "pagefriends_count": 272, "statuses_count": 791, "video_status_count": 0, "video_play_count": 0, "super_topic_not_syn_count": 61, "favourites_count": 193, "created_at": "Wed Jan 25 02:18:14 +0800 2017", "following": false, "allow_all_act_msg": false, "geo_enabled": true, "verified": false, "verified_type": -1, "remark": "", "insecurity": {"sexual_content": false}, "ptype": 0, "allow_all_comment": true, "avatar_large": "https://tvax1.sinaimg.cn/crop.0.0.899.899.180/006FPUkGly8h7e88fu18tj30p00ozt9y.jpg?KID=imgbed,tva&Expires=1669659498&ssig=4Amc95l%2Bnz", "avatar_hd": "https://tvax1.sinaimg.cn/crop.0.0.899.899.1024/006FPUkGly8h7e88fu18tj30p00ozt9y.jpg?KID=imgbed,tva&Expires=1669659498&ssig=k904AjAY4E", "verified_reason": "", "verified_trade": "", "verified_reason_url": "", "verified_source": "", "verified_source_url": "", "follow_me": false, "like": false, "like_me": false, "online_status": 0, "bi_followers_count": 239, "lang": "zh-cn", "star": 0, "mbtype": 2, "mbrank": 2, "svip": 0, "mb_expire_time": 1668527999, "block_word": 0, "block_app": 0, "chaohua_ability": 0, "brand_ability": 0, "nft_ability": 0, "vplus_ability": 0, "wenda_ability": 0, "live_ability": 0, "gongyi_ability": 0, "paycolumn_ability": 0, "newbrand_ability": 0, "ecommerce_ability": 0, "hardfan_ability": 0, "credit_score": 80, "user_ability": 2097152, "urank": 3, "story_read_state": -1, "vclub_member": 0, "is_teenager": 0, "is_guardian": 0, "is_teenager_list": 0, "pc_new": 0, "special_follow": false, "planet_video": 2, "video_mark": 0, "live_status": 0, "user_ability_extend": 0, "status_total_counter": {"total_cnt": 1440, "repost_cnt": 40, "comment_cnt": 764, "like_cnt": 470, "comment_like_cnt": 166}, "video_total_counter": {"play_cnt": 6093}, "brand_account": 0, "hongbaofei": 0, "tab_manage": "[0, 0]", "reward_status": 0, "green_mode": 0, "urisk": 17179869184, "avatar_type": 0}, "annotations": [{"photo_sub_type": "0,0,0,0"}, {"ann_ext": "ann_ext:search|t:4|q:#警方通报呼和浩特一女子坠亡#|creator_source:bottomsendweibo|super_exparams=>{\"system_pic_only\":0}"}, {"client_mblogid": "c3e12a8e-7ffa-43cd-8861-34ffe05e0fc5"}, {"mapi_request": true}], "picStatus": "0:1,1:1,2:1,3:1", "reposts_count": 0, "comments_count": 0, "reprint_cmt_count": 0, "attitudes_count": 0, "pending_approval_count": 0, "isLongText": false, "reward_exhibition_type": 0, "hide_flag": 0, "mlevel": 128, "show_mlevel": 0, "biz_feature": 4294967300, "page_type": 64, "hasActionTypeCard": 0, "darwin_tags": [], "hot_weibo_tags": [], "text_tag_tips": [], "mblogtype": 0, "userType": 0, "mlevelSource": "monitor", "more_info_type": 0, "number_display_strategy": {"apply_scenario_flag": 3, "display_text_min_number": 1000000, "display_text": "100万+"}, "positive_recom_flag": 0, "content_auth": 0, "gif_ids": "", "is_show_bulletin": 2, "comment_manage_info": {"comment_permission_type": -1, "approval_comment_type": 0, "comment_sort_type": 0, "ai_play_picture_type": 0}, "pic_num": 4, "can_reprint": false, "new_comment_style": 0}, "readtimetype": "comment", "match_ai_play_picture": false}