{"created_at": "Mon May 16 06:16:15 +0800 2022", "id": 4769634634695998, "rootid": 4769634634695998, "rootidstr": "4769634634695998", "floor_number": 83, "text": "我大抵是病了，看着视频横竖睡不着，坐起身来点起一根烟，听见院外的狗叫了起来，我也跟着叫了起来。", "disable_reply": 0, "restrictOperate": 0, "source_allowclick": 0, "source_type": 4, "source": "<a href=\"\" rel=\"nofollow\">来自广东</a>", "user": {"id": 1098143672, "idstr": "1098143672", "class": 1, "screen_name": "Mustard_", "name": "Mustard_", "province": "11", "city": "5", "location": "北京 朝阳区", "description": "刚 好 五 个 字", "url": "http://size-s.taobao.com/", "profile_image_url": "https://tva1.sinaimg.cn/crop.79.60.520.520.50/417457b8gw1eo08etbl0rj20ib0i0q41.jpg?KID=imgbed,tva&Expires=1674109310&ssig=lM765LW%2BkW", "light_ring": false, "cover_image": "https://ww3.sinaimg.cn/crop.0.0.980.300/417457b8jw1e3bo2gj22rj.jpg", "cover_image_phone": "https://ww4.sinaimg.cn/crop.0.0.640.640.640/a1d3feabjw1ecat3p2p2qj20hs0hsmz4.jpg", "profile_url": "nonita", "domain": "nonita", "weihao": "", "gender": "m", "followers_count": 1985, "followers_count_str": "1985", "friends_count": 687, "pagefriends_count": 8, "statuses_count": 1144, "video_status_count": 0, "video_play_count": 0, "super_topic_not_syn_count": 0, "favourites_count": 2, "created_at": "Sun Apr 24 00:17:53 +0800 2011", "following": false, "allow_all_act_msg": true, "geo_enabled": true, "verified": false, "verified_type": 220, "remark": "", "insecurity": {"sexual_content": false}, "ptype": 0, "allow_all_comment": false, "avatar_large": "https://tva1.sinaimg.cn/crop.79.60.520.520.180/417457b8gw1eo08etbl0rj20ib0i0q41.jpg?KID=imgbed,tva&Expires=1674109310&ssig=xE%2FlDF%2BFEf", "avatar_hd": "https://tva1.sinaimg.cn/crop.79.60.520.520.1024/417457b8gw1eo08etbl0rj20ib0i0q41.jpg?KID=imgbed,tva&Expires=1674109310&ssig=kMl5KtlCVS", "verified_reason": "", "verified_trade": "", "verified_reason_url": "", "verified_source": "", "verified_source_url": "", "follow_me": false, "like": false, "like_me": false, "online_status": 0, "bi_followers_count": 130, "lang": "zh-cn", "star": 0, "mbtype": 2, "mbrank": 3, "svip": 0, "mb_expire_time": 1606751999, "block_word": 0, "block_app": 0, "chaohua_ability": 0, "brand_ability": 0, "nft_ability": 0, "vplus_ability": 0, "wenda_ability": 0, "live_ability": 0, "gongyi_ability": 0, "paycolumn_ability": 0, "newbrand_ability": 0, "ecommerce_ability": 0, "hardfan_ability": 0, "wbcolumn_ability": 0, "credit_score": 80, "user_ability": 2097152, "urank": 34, "story_read_state": -1, "vclub_member": 0, "is_teenager": 0, "is_guardian": 0, "is_teenager_list": 0, "pc_new": 0, "special_follow": false, "planet_video": 0, "video_mark": 0, "live_status": 0, "user_ability_extend": 0, "status_total_counter": {"total_cnt": 1539, "repost_cnt": 219, "comment_cnt": 1146, "like_cnt": 174, "comment_like_cnt": 0}, "video_total_counter": {"play_cnt": -1}, "brand_account": 0, "hongbaofei": 0, "tab_manage": "[0, 0]", "reward_status": 0, "green_mode": 0, "urisk": 0, "unfollowing_recom_switch": 1, "avatar_type": 0}, "mid": "4769634634695998", "idstr": "4769634634695998", "status": {"visible": {"type": 0, "list_id": 0}, "created_at": "Sun May 15 14:10:55 +0800 2022", "id": 4769391704801346, "idstr": "4769391704801346", "mid": "4769391704801346", "can_edit": false, "version": 3, "show_additional_indication": 0, "text": "#宽窄观察[超话]##上海疫情# http://t.cn/A6XIsL2B ​", "textLength": 47, "source_allowclick": 0, "source_type": 1, "source": "<a href=\"http://app.weibo.com/t/feed/5hFtym\" rel=\"nofollow\">iPhone 12 Pro Max</a>", "favorited": false, "truncated": false, "in_reply_to_status_id": "", "in_reply_to_user_id": "", "in_reply_to_screen_name": "", "pic_urls": [], "geo": null, "is_paid": false, "mblog_vip_type": 0, "user": {"id": 1000124571, "idstr": "1000124571", "class": 1, "screen_name": "布道宽窄", "name": "布道宽窄", "province": "51", "city": "1000", "location": "四川", "description": "《互联网时代的浪漫与痛痒》作者，与人合著《宽窄九章》。另外出版企业文化札记《嬗变》等。", "url": "http://weibo.com/1000124571/profile?to", "profile_image_url": "https://tva1.sinaimg.cn/crop.38.26.232.232.50/3b9cb09bjw8f6hi83mwekj208c086glt.jpg?KID=imgbed,tva&Expires=1674109310&ssig=%2BV6t7aHRvB", "light_ring": false, "cover_image_phone": "https://ww1.sinaimg.cn/crop.0.0.640.640.640/549d0121tw1egm1kjly3jj20hs0hsq4f.jpg", "profile_url": "u/1000124571", "domain": "", "weihao": "", "gender": "m", "followers_count": 700815, "followers_count_str": "70.1万", "friends_count": 243, "pagefriends_count": 21, "statuses_count": 24433, "video_status_count": 3795, "video_play_count": 0, "super_topic_not_syn_count": 0, "favourites_count": 15, "created_at": "Thu Mar 06 10:19:12 +0800 2014", "following": false, "allow_all_act_msg": false, "geo_enabled": true, "verified": true, "verified_type": 0, "remark": "", "insecurity": {"sexual_content": false}, "ptype": 0, "allow_all_comment": true, "avatar_large": "https://tva1.sinaimg.cn/crop.38.26.232.232.180/3b9cb09bjw8f6hi83mwekj208c086glt.jpg?KID=imgbed,tva&Expires=1674109310&ssig=FZlR9JF1VL", "avatar_hd": "https://tva1.sinaimg.cn/crop.38.26.232.232.1024/3b9cb09bjw8f6hi83mwekj208c086glt.jpg?KID=imgbed,tva&Expires=1674109310&ssig=J%2FtViy3Ud7", "verified_reason": "作家，代表作《互联网时代的浪漫与痛痒》 互联网科技博主 头条文章作者", "verified_trade": "1101", "verified_reason_url": "", "verified_source": "", "verified_source_url": "", "verified_state": 0, "verified_level": 3, "verified_type_ext": 0, "has_service_tel": false, "verified_reason_modified": "", "verified_contact_name": "", "verified_contact_email": "", "verified_contact_mobile": "", "follow_me": false, "like": false, "like_me": false, "online_status": 0, "bi_followers_count": 125, "lang": "zh-cn", "star": 0, "mbtype": 2, "mbrank": 7, "svip": 0, "mb_expire_time": 1666627199, "block_word": 0, "block_app": 0, "chaohua_ability": 0, "brand_ability": 0, "nft_ability": 0, "vplus_ability": 1, "wenda_ability": 0, "live_ability": 0, "gongyi_ability": 0, "paycolumn_ability": 0, "newbrand_ability": 0, "ecommerce_ability": 0, "hardfan_ability": 1, "wbcolumn_ability": 0, "credit_score": 80, "user_ability": -2136604148, "cardid": "star_1573", "avatargj_id": "gj_vip_719", "urank": 45, "story_read_state": -1, "verified_detail": {"custom": 1, "data": [{"key": 1, "sub_key": 0, "weight": 10, "desc": "作家，代表作《互联网时代的浪漫与痛痒》"}, {"key": 4, "sub_key": 9, "weight": 999, "desc": "头条文章作者"}, {"key": 2, "sub_key": 0, "weight": 101, "desc": "互联网科技博主"}]}, "vclub_member": 0, "is_teenager": 0, "is_guardian": 0, "is_teenager_list": 0, "pc_new": 0, "special_follow": false, "planet_video": 2, "video_mark": 15, "live_status": 0, "user_ability_extend": 0, "status_total_counter": {"total_cnt": 2017372, "repost_cnt": 508583, "comment_cnt": 417453, "like_cnt": 801201, "comment_like_cnt": 290135}, "video_total_counter": {"play_cnt": 40485804}, "brand_account": 0, "hongbaofei": 0, "tab_manage": "[0, 0]", "reward_status": 0, "green_mode": 0, "urisk": 34896609280, "unfollowing_recom_switch": 1, "avatar_type": 0}, "annotations": [{}, {}, {"client_mblogid": "iPhone-89372074-087F-4654-A725-5FD8C5FB33F3"}, {"mapi_request": true}], "reposts_count": 0, "comments_count": 0, "reprint_cmt_count": 0, "attitudes_count": 0, "pending_approval_count": 0, "isLongText": false, "reward_exhibition_type": 0, "hide_flag": 0, "mlevel": 128, "show_mlevel": 0, "biz_ids": [230444], "biz_feature": 4294967304, "topic_id": "1022:100808110c9a88e08951fa787505503a86f350", "sync_mblog": true, "is_imported_topic": false, "page_type": 96, "hasActionTypeCard": 0, "darwin_tags": [], "hot_weibo_tags": [], "text_tag_tips": [], "mblogtype": 0, "userType": 0, "mlevelSource": "monitor", "more_info_type": 0, "number_display_strategy": {"apply_scenario_flag": 3, "display_text_min_number": 1000000, "display_text": "100万+"}, "positive_recom_flag": 0, "content_auth": 0, "gif_ids": "", "is_show_bulletin": 2, "comment_manage_info": {"comment_permission_type": -1, "approval_comment_type": 0, "comment_sort_type": 0, "ai_play_picture_type": 0}, "pic_num": 0, "fid": 4769391639003213, "can_reprint": false, "new_comment_style": 0}, "readtimetype": "comment", "match_ai_play_picture": false}