{"created_at": "Sat Nov 26 20:06:46 +0800 2022", "id": 4840146886992503, "rootid": 4840146886992503, "rootidstr": "4840146886992503", "floor_number": 1, "text": "肯定有人指使", "disable_reply": 0, "restrictOperate": 0, "source_allowclick": 0, "source_type": 4, "source": "<a href=\"\" rel=\"nofollow\">来自四川</a>", "comment_badge": [{"pic_url": "https://h5.sinaimg.cn/upload/114/962/2022/07/08/member_0_bigfan1_5.png", "name": "loyal_fans", "length": 1.33, "actionlog": {"act_code": "3671", "ext": "status:fans"}, "scheme": "https://kefu.weibo.com/faqdetail?id=20848", "new_icon": true}], "user": {"id": 6391444431, "idstr": "6391444431", "class": 1, "screen_name": "安琪儿她爹A", "name": "安琪儿她爹A", "province": "51", "city": "1000", "location": "四川", "description": "", "url": "", "profile_image_url": "https://tvax2.sinaimg.cn/crop.0.0.996.996.50/006YxQFply8gfa686azivj30ro0ro76k.jpg?KID=imgbed,tva&Expires=1670937412&ssig=%2FEZgZw0XH3", "light_ring": false, "cover_image_phone": "https://ww1.sinaimg.cn/crop.0.0.640.640.640/549d0121tw1egm1kjly3jj20hs0hsq4f.jpg", "profile_url": "u/6391444431", "domain": "", "weihao": "", "gender": "m", "followers_count": 64, "followers_count_str": "64", "friends_count": 105, "pagefriends_count": 4, "statuses_count": 343, "video_status_count": 37, "video_play_count": 0, "super_topic_not_syn_count": 0, "favourites_count": 11, "created_at": "Wed Nov 01 15:32:23 +0800 2017", "following": false, "allow_all_act_msg": false, "geo_enabled": true, "verified": false, "verified_type": -1, "remark": "", "insecurity": {"sexual_content": false}, "ptype": 0, "allow_all_comment": false, "avatar_large": "https://tvax2.sinaimg.cn/crop.0.0.996.996.180/006YxQFply8gfa686azivj30ro0ro76k.jpg?KID=imgbed,tva&Expires=1670937412&ssig=ZiA%2Fygs6ot", "avatar_hd": "https://tvax2.sinaimg.cn/crop.0.0.996.996.1024/006YxQFply8gfa686azivj30ro0ro76k.jpg?KID=imgbed,tva&Expires=1670937412&ssig=ov2Y%2BUeAfY", "verified_reason": "", "verified_trade": "", "verified_reason_url": "", "verified_source": "", "verified_source_url": "", "follow_me": false, "like": false, "like_me": false, "online_status": 0, "bi_followers_count": 0, "lang": "zh-cn", "star": 0, "mbtype": 0, "mbrank": 0, "svip": 0, "mb_expire_time": 0, "block_word": 0, "block_app": 0, "chaohua_ability": 0, "brand_ability": 0, "nft_ability": 0, "vplus_ability": 0, "wenda_ability": 0, "live_ability": 0, "gongyi_ability": 0, "paycolumn_ability": 0, "newbrand_ability": 0, "ecommerce_ability": 0, "hardfan_ability": 0, "credit_score": 80, "user_ability": 35913728, "urank": 4, "story_read_state": -1, "vclub_member": 0, "is_teenager": 0, "is_guardian": 0, "is_teenager_list": 0, "pc_new": 0, "special_follow": false, "planet_video": 2, "video_mark": 2, "live_status": 0, "user_ability_extend": 0, "status_total_counter": {"total_cnt": 186, "repost_cnt": 2, "comment_cnt": 39, "like_cnt": 144, "comment_like_cnt": 1}, "video_total_counter": {"play_cnt": 9171}, "brand_account": 0, "hongbaofei": 0, "tab_manage": "[0, 0]", "reward_status": 0, "green_mode": 0, "urisk": 52076478464, "avatar_type": 0}, "mid": "4840146886992503", "idstr": "4840146886992503", "status": {"visible": {"type": 0, "list_id": 0}, "created_at": "Sat Nov 26 20:03:45 +0800 2022", "id": 4840146127818578, "idstr": "4840146127818578", "mid": "4840146127818578", "can_edit": false, "version": 5, "show_additional_indication": 0, "text": "11月25日，重庆，一混阳红码志愿者给全阴小区居民做核酸，被居民发现后，躲在车里不敢出来。 http://t.cn/A6KbqxG1 ​", "textLength": 107, "source_allowclick": 1, "source_type": 2, "source": "", "favorited": false, "truncated": false, "in_reply_to_status_id": "", "in_reply_to_user_id": "", "in_reply_to_screen_name": "", "pic_urls": [], "geo": null, "is_paid": false, "mblog_vip_type": 0, "user": {"id": 1773206563, "idstr": "1773206563", "class": 1, "screen_name": "侠骨柔情方恨晚", "name": "侠骨柔情方恨晚", "province": "12", "city": "1000", "location": "天津", "description": "", "url": "", "profile_image_url": "https://tvax3.sinaimg.cn/crop.0.0.996.996.50/69b0fc23ly8h2ewvxafwrj20ro0rot96.jpg?KID=imgbed,tva&Expires=1670937412&ssig=qoTSZ0FrkP", "light_ring": false, "cover_image_phone": "https://wx4.sinaimg.cn/crop.0.0.640.640.640/69b0fc23ly1h7m17rd9wjj20u00u0mzr.jpg", "profile_url": "u/1773206563", "domain": "", "weihao": "", "gender": "m", "followers_count": 305293, "followers_count_str": "30.5万", "friends_count": 447, "pagefriends_count": 31, "statuses_count": 24494, "video_status_count": 5065, "video_play_count": 0, "super_topic_not_syn_count": 0, "favourites_count": 33, "created_at": "Sun Jul 11 22:02:36 +0800 2010", "following": false, "allow_all_act_msg": false, "geo_enabled": true, "verified": true, "verified_type": 0, "remark": "", "insecurity": {"sexual_content": false}, "ptype": 3, "allow_all_comment": false, "avatar_large": "https://tvax3.sinaimg.cn/crop.0.0.996.996.180/69b0fc23ly8h2ewvxafwrj20ro0rot96.jpg?KID=imgbed,tva&Expires=1670937412&ssig=GbxRd16eMx", "avatar_hd": "https://tvax3.sinaimg.cn/crop.0.0.996.996.1024/69b0fc23ly8h2ewvxafwrj20ro0rot96.jpg?KID=imgbed,tva&Expires=1670937412&ssig=gpCnjn2efP", "verified_reason": "知名军事博主", "verified_trade": "1447", "verified_reason_url": "", "verified_source": "", "verified_source_url": "", "verified_state": 0, "verified_level": 3, "verified_type_ext": 0, "has_service_tel": false, "verified_reason_modified": "", "verified_contact_name": "", "verified_contact_email": "", "verified_contact_mobile": "", "follow_me": false, "like": false, "like_me": false, "online_status": 0, "bi_followers_count": 371, "lang": "zh-cn", "star": 0, "mbtype": 12, "mbrank": 6, "svip": 0, "mb_expire_time": 1698595200, "block_word": 0, "block_app": 1, "chaohua_ability": 0, "brand_ability": 0, "nft_ability": 0, "vplus_ability": 1, "wenda_ability": 0, "live_ability": 0, "gongyi_ability": 0, "paycolumn_ability": 0, "newbrand_ability": 0, "ecommerce_ability": 0, "hardfan_ability": 0, "credit_score": 80, "user_ability": -2136602104, "cardid": "star_1525", "urank": 38, "story_read_state": -1, "verified_detail": {"custom": 1, "data": [{"key": 2, "sub_key": 0, "weight": 10, "desc": "知名军事博主"}]}, "vclub_member": 0, "is_teenager": 0, "is_guardian": 0, "is_teenager_list": 0, "pc_new": 6, "special_follow": false, "planet_video": 2, "video_mark": 15, "live_status": 0, "user_ability_extend": 0, "video_cover": {"mid": 4662488320185741}, "status_total_counter": {"total_cnt": 1908351, "repost_cnt": 270194, "comment_cnt": 223320, "like_cnt": 682309, "comment_like_cnt": 732528}, "video_total_counter": {"play_cnt": 86280929}, "brand_account": 0, "hongbaofei": 0, "tab_manage": "[4329473418, 0]", "reward_status": 0, "green_mode": 0, "urisk": 0, "avatar_type": 0}, "annotations": [{}, {}, {"client_mblogid": "bbff9af0-64ef-456b-bc72-39c8612cd977"}, {"mapi_request": true}], "reposts_count": 0, "comments_count": 0, "reprint_cmt_count": 0, "attitudes_count": 0, "pending_approval_count": 0, "isLongText": false, "reward_exhibition_type": 0, "hide_flag": 0, "mlevel": 128, "show_mlevel": 0, "biz_ids": [230444], "biz_feature": 4294967304, "hasActionTypeCard": 0, "darwin_tags": [], "hot_weibo_tags": [], "text_tag_tips": [], "mblogtype": 0, "userType": 0, "mlevelSource": "monitor", "more_info_type": 0, "cardid": "star_1525", "number_display_strategy": {"apply_scenario_flag": 3, "display_text_min_number": 1000000, "display_text": "100万+"}, "positive_recom_flag": 0, "content_auth": 0, "gif_ids": "", "is_show_bulletin": 2, "comment_manage_info": {"comment_permission_type": -1, "approval_comment_type": 0, "comment_sort_type": 0, "ai_play_picture_type": 0}, "pic_num": 0, "fid": 4840145718083599, "can_reprint": false, "new_comment_style": 0}, "readtimetype": "comment", "match_ai_play_picture": false}