{"created_at": "Tue Dec 13 17:52:14 +0800 2022", "id": 4846273625329752, "rootid": 4846273625329752, "rootidstr": "4846273625329752", "floor_number": 156, "text": "啊？为啥啊？？？", "disable_reply": 0, "restrictOperate": 0, "source_allowclick": 0, "source_type": 4, "source": "<a href=\"\" rel=\"nofollow\">来自湖南</a>", "user": {"id": 7551682062, "idstr": "7551682062", "class": 1, "screen_name": "最不喜欢吃草莓", "name": "最不喜欢吃草莓", "province": "43", "city": "1000", "location": "湖南", "description": "自己的微博自己当爹。", "url": "", "profile_image_url": "https://tvax1.sinaimg.cn/crop.0.0.1080.1080.50/008f45tAly8h8pop949omj30u00u00ui.jpg?KID=imgbed,tva&Expires=1674050843&ssig=zX4hYPJXo3", "light_ring": false, "cover_image_phone": "https://wx1.sinaimg.cn/crop.0.0.640.640.640/008f45tAgy1h8ebeacq5sj30or0or76r.jpg", "profile_url": "u/7551682062", "domain": "", "weihao": "", "gender": "f", "followers_count": 94, "followers_count_str": "94", "friends_count": 853, "pagefriends_count": 94, "statuses_count": 1736, "video_status_count": 22, "video_play_count": 0, "super_topic_not_syn_count": 13, "favourites_count": 3, "created_at": "Mon Jan 18 19:39:05 +0800 2021", "following": false, "allow_all_act_msg": false, "geo_enabled": true, "verified": true, "verified_type": 0, "remark": "", "insecurity": {"sexual_content": false}, "ptype": 0, "allow_all_comment": true, "avatar_large": "https://tvax1.sinaimg.cn/crop.0.0.1080.1080.180/008f45tAly8h8pop949omj30u00u00ui.jpg?KID=imgbed,tva&Expires=1674050843&ssig=vZIFOaj7Hx", "avatar_hd": "https://tvax1.sinaimg.cn/crop.0.0.1080.1080.1024/008f45tAly8h8pop949omj30u00u00ui.jpg?KID=imgbed,tva&Expires=1674050843&ssig=EuCZ77rIlr", "verified_reason": "微博原创视频博主", "verified_trade": "", "verified_reason_url": "", "verified_source": "", "verified_source_url": "", "verified_state": 0, "verified_level": 3, "verified_type_ext": 0, "has_service_tel": false, "verified_reason_modified": "", "verified_contact_name": "", "verified_contact_email": "", "verified_contact_mobile": "", "follow_me": false, "like": false, "like_me": false, "online_status": 0, "bi_followers_count": 46, "lang": "zh-cn", "star": 0, "mbtype": 12, "mbrank": 5, "svip": 0, "mb_expire_time": 1699891200, "block_word": 0, "block_app": 1, "chaohua_ability": 0, "brand_ability": 0, "nft_ability": 0, "vplus_ability": 0, "wenda_ability": 0, "live_ability": 0, "gongyi_ability": 0, "paycolumn_ability": 0, "newbrand_ability": 0, "ecommerce_ability": 0, "hardfan_ability": 0, "wbcolumn_ability": 0, "credit_score": 80, "user_ability": 2359296, "cardid": "star_1618", "avatargj_id": "gj_vip_422", "urank": 0, "story_read_state": -1, "verified_detail": {"custom": 0, "data": [{"key": 16, "sub_key": 1, "weight": 103, "desc": "微博原创视频博主", "timestamp": 1654235544}]}, "vclub_member": 0, "is_teenager": 0, "is_guardian": 0, "is_teenager_list": 0, "pc_new": 0, "special_follow": false, "planet_video": 2, "video_mark": 0, "live_status": 0, "user_ability_extend": 0, "status_total_counter": {"total_cnt": 9538, "repost_cnt": 40, "comment_cnt": 1672, "like_cnt": 6058, "comment_like_cnt": 1768}, "video_total_counter": {"play_cnt": 59994}, "brand_account": 0, "hongbaofei": 0, "tab_manage": "[16912010, 0]", "reward_status": 0, "green_mode": 0, "urisk": 0, "unfollowing_recom_switch": 1, "avatar_type": 0}, "mid": "4846273625329752", "idstr": "4846273625329752", "status": {"visible": {"type": 0, "list_id": 0}, "created_at": "Tue Dec 13 17:03:51 +0800 2022", "id": 4846261449262701, "idstr": "4846261449262701", "mid": "4846261449262701", "edit_count": 1, "can_edit": false, "edit_at": "Tue Dec 13 17:39:30 +0800 2022", "version": 7, "show_additional_indication": 0, "text": "#肖战不再担任王曼昱主管教练# 中国乒乓球队教练肖战发博！\n@肖战xxxzzz ：“在曼昱的成长道路上，我们一起配合取得了很多难忘的成绩。但是随着曼昱的日渐成熟，职业生涯也到了新的阶段。我的执教风格，尤其是高强度的训练风格，和她现阶段发展不太适应。考虑到运动员长久的发展，也和曼昱商议过多次后 ​", "textLength": 350, "source_allowclick": 0, "source_type": 1, "source": "<a href=\"http://app.weibo.com/t/feed/xEsRX\" rel=\"nofollow\">新版微博 weibo.com</a>", "favorited": false, "truncated": false, "in_reply_to_status_id": "", "in_reply_to_user_id": "", "in_reply_to_screen_name": "", "pic_urls": [{"thumbnail_pic": "http://wx2.sinaimg.cn/thumbnail/001MUa3Ely1h92ajqtbf1j60sg11ywsh02.jpg"}, {"thumbnail_pic": "http://wx3.sinaimg.cn/thumbnail/001MUa3Ely1h92ajr2ptbj60j80c70vr02.jpg"}], "thumbnail_pic": "http://wx2.sinaimg.cn/thumbnail/001MUa3Ely1h92ajqtbf1j60sg11ywsh02.jpg", "bmiddle_pic": "http://wx2.sinaimg.cn/bmiddle/001MUa3Ely1h92ajqtbf1j60sg11ywsh02.jpg", "original_pic": "http://wx2.sinaimg.cn/large/001MUa3Ely1h92ajqtbf1j60sg11ywsh02.jpg", "geo": null, "is_paid": false, "mblog_vip_type": 0, "user": {"id": 1638781994, "idstr": "1638781994", "class": 1, "screen_name": "新浪体育", "name": "新浪体育", "province": "11", "city": "1000", "location": "北京", "description": "24小时滚动播报最新的体育快讯，趣闻和视频。新浪记者团带来独家图文报道。欢迎爆料、投稿，请发私信或者邮件： sports2009@vip.sina.com", "url": "http://sports.sina.com.cn/", "profile_image_url": "https://tvax3.sinaimg.cn/crop.0.0.160.160.50/6f0b57d3ly8h8w89zds67j204g04gjrf.jpg?KID=imgbed,tva&Expires=1674050843&ssig=xPsC9q3UXQ", "light_ring": false, "cover_image": "https://ww2.sinaimg.cn/crop.0.0.920.300/61add42ajw1eo8sykgzilj20pk08ctc7.jpg", "cover_image_phone": "https://ww4.sinaimg.cn/crop.0.0.640.640.640/638f41a8jw1ewj858xp05j20hs0hs77s.jpg;https://wx4.sinaimg.cn/crop.0.0.640.640.640/a1d3feably1fks654ow6gj20hs0hsacf.jpg", "profile_url": "sportschannel", "domain": "sportschannel", "weihao": "", "gender": "m", "followers_count": 25013925, "followers_count_str": "2501.4万", "friends_count": 3058, "pagefriends_count": 543, "statuses_count": 315667, "video_status_count": 5825, "video_play_count": 0, "super_topic_not_syn_count": 12, "favourites_count": 188, "created_at": "Fri Aug 28 16:34:39 +0800 2009", "following": false, "allow_all_act_msg": true, "geo_enabled": true, "verified": true, "verified_type": 7, "remark": "", "insecurity": {"sexual_content": false}, "ptype": 0, "allow_all_comment": true, "avatar_large": "https://tvax3.sinaimg.cn/crop.0.0.160.160.180/6f0b57d3ly8h8w89zds67j204g04gjrf.jpg?KID=imgbed,tva&Expires=1674050843&ssig=cgEejRkXIc", "avatar_hd": "https://tvax3.sinaimg.cn/crop.0.0.160.160.1024/6f0b57d3ly8h8w89zds67j204g04gjrf.jpg?KID=imgbed,tva&Expires=1674050843&ssig=OUXmDzkeeL", "verified_reason": "新浪体育新闻官方微博", "verified_trade": "", "verified_reason_url": "", "verified_source": "", "verified_source_url": "", "verified_state": 0, "verified_level": 3, "verified_type_ext": 0, "pay_remind": 0, "pay_date": "", "has_service_tel": false, "verified_reason_modified": "", "verified_contact_name": "", "verified_contact_email": "", "verified_contact_mobile": "", "follow_me": false, "like": false, "like_me": false, "online_status": 0, "bi_followers_count": 1545, "lang": "zh-cn", "star": 0, "mbtype": 12, "mbrank": 7, "svip": 0, "mb_expire_time": 1691769600, "block_word": 1, "block_app": 1, "chaohua_ability": 0, "brand_ability": 0, "nft_ability": 0, "vplus_ability": 0, "wenda_ability": 0, "live_ability": 1, "gongyi_ability": 0, "paycolumn_ability": 0, "newbrand_ability": 0, "ecommerce_ability": 0, "hardfan_ability": 1, "wbcolumn_ability": 0, "credit_score": 80, "user_ability": -1867185396, "cardid": "star_1637", "avatargj_id": "gj_vip_786", "urank": 48, "story_read_state": -1, "vclub_member": 0, "is_teenager": 0, "is_guardian": 0, "is_teenager_list": 1, "pc_new": 7, "special_follow": false, "planet_video": 2, "video_mark": 15, "live_status": 0, "user_ability_extend": 1, "status_total_counter": {"total_cnt": 279837918, "repost_cnt": 60932494, "comment_cnt": 44877022, "like_cnt": 90458509, "comment_like_cnt": 83569893}, "video_total_counter": {"play_cnt": 1330823980}, "brand_account": 0, "hongbaofei": 0, "tab_manage": "[0, 0]", "reward_status": 0, "green_mode": 0, "urisk": 4294967296, "unfollowing_recom_switch": 1, "avatar_type": 0}, "annotations": [{"photo_sub_type": "0,0"}, {}, {"mapi_request": true}], "picStatus": "0:1,1:1", "reposts_count": 0, "comments_count": 0, "reprint_cmt_count": 0, "attitudes_count": 0, "pending_approval_count": 0, "isLongText": true, "reward_exhibition_type": 0, "hide_flag": 0, "mlevel": 0, "show_mlevel": 0, "biz_feature": 4294967300, "page_type": 96, "hasActionTypeCard": 0, "darwin_tags": [], "hot_weibo_tags": [], "text_tag_tips": [], "mblogtype": 0, "userType": 0, "more_info_type": 0, "cardid": "star_1637", "positive_recom_flag": 0, "content_auth": 0, "gif_ids": "", "is_show_bulletin": 2, "comment_manage_info": {"comment_permission_type": -1, "approval_comment_type": 0, "comment_sort_type": 0, "ai_play_picture_type": 0}, "pic_num": 2, "can_reprint": false, "new_comment_style": 0}, "readtimetype": "comment", "comment_dynamic_message": {"id": "0039", "icon_url": "https://h5.sinaimg.cn/upload/1073/1841/2022/09/08/whale1.png", "tag_text": "年费", "start_color": "#00FF8F56", "end_color": "#1AFF8656", "start_color_dark": "#00FF8F56", "end_color_dark": "#1AFF8656", "name": {"zh_CN": "小鲸鱼", "zh_HK": "小鯨魚", "en_US": "Baby whales"}, "scheme": "https://new.vip.weibo.cn/bubble/mall?showmenu=0&decorateId=0039&uid=7551682062", "allow_vip_box_content": "用此评论气泡", "allow_vip_box_icon": "https://h5.sinaimg.cn/upload/100/1720/2022/08/08/icon_VIP_for_comment_bubble.png"}, "match_ai_play_picture": false}