{"created_at": "Wed Dec 14 13:42:58 +0800 2022", "id": 4846573286326286, "rootid": 4846573286326286, "rootidstr": "4846573286326286", "floor_number": 526, "text": "骚操作", "disable_reply": 0, "restrictOperate": 0, "source_allowclick": 0, "source_type": 4, "source": "<a href=\"\" rel=\"nofollow\">来自江苏</a>", "user": {"id": 7220354958, "idstr": "7220354958", "class": 1, "screen_name": "灣灣201907", "name": "灣灣201907", "province": "100", "city": "1000", "location": "其他", "description": "", "url": "", "profile_image_url": "https://tvax4.sinaimg.cn/crop.0.0.1080.1080.50/007SDSa2ly8h4mzl3boquj30u00u0q3j.jpg?KID=imgbed,tva&Expires=1674050791&ssig=h9D54Vmo5T", "light_ring": false, "cover_image_phone": "https://ww1.sinaimg.cn/crop.0.0.640.640.640/549d0121tw1egm1kjly3jj20hs0hsq4f.jpg", "profile_url": "u/7220354958", "domain": "", "weihao": "", "gender": "f", "followers_count": 3, "followers_count_str": "3", "friends_count": 244, "pagefriends_count": 16, "statuses_count": 401, "video_status_count": 0, "video_play_count": 0, "super_topic_not_syn_count": 0, "favourites_count": 0, "created_at": "Sat Jul 06 14:07:57 +0800 2019", "following": false, "allow_all_act_msg": false, "geo_enabled": true, "verified": false, "verified_type": -1, "remark": "", "insecurity": {"sexual_content": false}, "ptype": 0, "allow_all_comment": true, "avatar_large": "https://tvax4.sinaimg.cn/crop.0.0.1080.1080.180/007SDSa2ly8h4mzl3boquj30u00u0q3j.jpg?KID=imgbed,tva&Expires=1674050791&ssig=M1NmHBSGaE", "avatar_hd": "https://tvax4.sinaimg.cn/crop.0.0.1080.1080.1024/007SDSa2ly8h4mzl3boquj30u00u0q3j.jpg?KID=imgbed,tva&Expires=1674050791&ssig=UEeiJke8p1", "verified_reason": "", "verified_trade": "", "verified_reason_url": "", "verified_source": "", "verified_source_url": "", "follow_me": false, "like": false, "like_me": false, "online_status": 0, "bi_followers_count": 0, "lang": "zh-cn", "star": 0, "mbtype": 2, "mbrank": 1, "svip": 0, "mb_expire_time": 1648742399, "block_word": 0, "block_app": 0, "chaohua_ability": 0, "brand_ability": 0, "nft_ability": 0, "vplus_ability": 0, "wenda_ability": 0, "live_ability": 0, "gongyi_ability": 0, "paycolumn_ability": 0, "newbrand_ability": 0, "ecommerce_ability": 0, "hardfan_ability": 0, "wbcolumn_ability": 0, "credit_score": 80, "user_ability": 2097152, "urank": 4, "story_read_state": -1, "vclub_member": 0, "is_teenager": 0, "is_guardian": 0, "is_teenager_list": 0, "pc_new": 7, "special_follow": false, "planet_video": 0, "video_mark": 0, "live_status": 0, "user_ability_extend": 0, "status_total_counter": {"total_cnt": 38, "repost_cnt": 0, "comment_cnt": 12, "like_cnt": 26, "comment_like_cnt": 0}, "video_total_counter": {"play_cnt": -1}, "brand_account": 0, "hongbaofei": 0, "tab_manage": "[0, 0]", "reward_status": 0, "green_mode": 0, "urisk": 524288, "unfollowing_recom_switch": 1, "avatar_type": 0}, "mid": "4846573286326286", "idstr": "4846573286326286", "status": {"visible": {"type": 0, "list_id": 0}, "created_at": "Tue Dec 13 17:03:51 +0800 2022", "id": 4846261449262701, "idstr": "4846261449262701", "mid": "4846261449262701", "edit_count": 1, "can_edit": false, "edit_at": "Tue Dec 13 17:39:30 +0800 2022", "version": 7, "show_additional_indication": 0, "text": "#肖战不再担任王曼昱主管教练# 中国乒乓球队教练肖战发博！\n@肖战xxxzzz ：“在曼昱的成长道路上，我们一起配合取得了很多难忘的成绩。但是随着曼昱的日渐成熟，职业生涯也到了新的阶段。我的执教风格，尤其是高强度的训练风格，和她现阶段发展不太适应。考虑到运动员长久的发展，也和曼昱商议过多次后 ​", "textLength": 350, "source_allowclick": 0, "source_type": 1, "source": "<a href=\"http://app.weibo.com/t/feed/xEsRX\" rel=\"nofollow\">新版微博 weibo.com</a>", "favorited": false, "truncated": false, "in_reply_to_status_id": "", "in_reply_to_user_id": "", "in_reply_to_screen_name": "", "pic_urls": [{"thumbnail_pic": "http://wx2.sinaimg.cn/thumbnail/001MUa3Ely1h92ajqtbf1j60sg11ywsh02.jpg"}, {"thumbnail_pic": "http://wx3.sinaimg.cn/thumbnail/001MUa3Ely1h92ajr2ptbj60j80c70vr02.jpg"}], "thumbnail_pic": "http://wx2.sinaimg.cn/thumbnail/001MUa3Ely1h92ajqtbf1j60sg11ywsh02.jpg", "bmiddle_pic": "http://wx2.sinaimg.cn/bmiddle/001MUa3Ely1h92ajqtbf1j60sg11ywsh02.jpg", "original_pic": "http://wx2.sinaimg.cn/large/001MUa3Ely1h92ajqtbf1j60sg11ywsh02.jpg", "geo": null, "is_paid": false, "mblog_vip_type": 0, "user": {"id": 1638781994, "idstr": "1638781994", "class": 1, "screen_name": "新浪体育", "name": "新浪体育", "province": "11", "city": "1000", "location": "北京", "description": "24小时滚动播报最新的体育快讯，趣闻和视频。新浪记者团带来独家图文报道。欢迎爆料、投稿，请发私信或者邮件： sports2009@vip.sina.com", "url": "http://sports.sina.com.cn/", "profile_image_url": "https://tvax3.sinaimg.cn/crop.0.0.160.160.50/6f0b57d3ly8h8w89zds67j204g04gjrf.jpg?KID=imgbed,tva&Expires=1674050791&ssig=Jmn0nwSMkH", "light_ring": false, "cover_image": "https://ww2.sinaimg.cn/crop.0.0.920.300/61add42ajw1eo8sykgzilj20pk08ctc7.jpg", "cover_image_phone": "https://ww4.sinaimg.cn/crop.0.0.640.640.640/638f41a8jw1ewj858xp05j20hs0hs77s.jpg;https://wx4.sinaimg.cn/crop.0.0.640.640.640/a1d3feably1fks654ow6gj20hs0hsacf.jpg", "profile_url": "sportschannel", "domain": "sportschannel", "weihao": "", "gender": "m", "followers_count": 25013925, "followers_count_str": "2501.4万", "friends_count": 3058, "pagefriends_count": 543, "statuses_count": 315667, "video_status_count": 5825, "video_play_count": 0, "super_topic_not_syn_count": 12, "favourites_count": 188, "created_at": "Fri Aug 28 16:34:39 +0800 2009", "following": false, "allow_all_act_msg": true, "geo_enabled": true, "verified": true, "verified_type": 7, "remark": "", "insecurity": {"sexual_content": false}, "ptype": 0, "allow_all_comment": true, "avatar_large": "https://tvax3.sinaimg.cn/crop.0.0.160.160.180/6f0b57d3ly8h8w89zds67j204g04gjrf.jpg?KID=imgbed,tva&Expires=1674050791&ssig=yA7ufJmvCt", "avatar_hd": "https://tvax3.sinaimg.cn/crop.0.0.160.160.1024/6f0b57d3ly8h8w89zds67j204g04gjrf.jpg?KID=imgbed,tva&Expires=1674050791&ssig=ExF0zW%2BPby", "verified_reason": "新浪体育新闻官方微博", "verified_trade": "", "verified_reason_url": "", "verified_source": "", "verified_source_url": "", "verified_state": 0, "verified_level": 3, "verified_type_ext": 0, "pay_remind": 0, "pay_date": "", "has_service_tel": false, "verified_reason_modified": "", "verified_contact_name": "", "verified_contact_email": "", "verified_contact_mobile": "", "follow_me": false, "like": false, "like_me": false, "online_status": 0, "bi_followers_count": 1545, "lang": "zh-cn", "star": 0, "mbtype": 12, "mbrank": 7, "svip": 0, "mb_expire_time": 1691769600, "block_word": 1, "block_app": 1, "chaohua_ability": 0, "brand_ability": 0, "nft_ability": 0, "vplus_ability": 0, "wenda_ability": 0, "live_ability": 1, "gongyi_ability": 0, "paycolumn_ability": 0, "newbrand_ability": 0, "ecommerce_ability": 0, "hardfan_ability": 1, "wbcolumn_ability": 0, "credit_score": 80, "user_ability": -1867185396, "cardid": "star_1637", "avatargj_id": "gj_vip_786", "urank": 48, "story_read_state": -1, "vclub_member": 0, "is_teenager": 0, "is_guardian": 0, "is_teenager_list": 1, "pc_new": 7, "special_follow": false, "planet_video": 2, "video_mark": 15, "live_status": 0, "user_ability_extend": 1, "status_total_counter": {"total_cnt": 279837918, "repost_cnt": 60932494, "comment_cnt": 44877022, "like_cnt": 90458509, "comment_like_cnt": 83569893}, "video_total_counter": {"play_cnt": 1330823980}, "brand_account": 0, "hongbaofei": 0, "tab_manage": "[0, 0]", "reward_status": 0, "green_mode": 0, "urisk": 4294967296, "unfollowing_recom_switch": 1, "avatar_type": 0}, "annotations": [{"photo_sub_type": "0,0"}, {}, {"mapi_request": true}], "picStatus": "0:1,1:1", "reposts_count": 0, "comments_count": 0, "reprint_cmt_count": 0, "attitudes_count": 0, "pending_approval_count": 0, "isLongText": true, "reward_exhibition_type": 0, "hide_flag": 0, "mlevel": 0, "show_mlevel": 0, "biz_feature": 4294967300, "page_type": 96, "hasActionTypeCard": 0, "darwin_tags": [], "hot_weibo_tags": [], "text_tag_tips": [], "mblogtype": 0, "userType": 0, "more_info_type": 0, "cardid": "star_1637", "positive_recom_flag": 0, "content_auth": 0, "gif_ids": "", "is_show_bulletin": 2, "comment_manage_info": {"comment_permission_type": -1, "approval_comment_type": 0, "comment_sort_type": 0, "ai_play_picture_type": 0}, "pic_num": 2, "can_reprint": false, "new_comment_style": 0}, "readtimetype": "comment", "match_ai_play_picture": false}