{"created_at": "Tue Dec 13 19:40:31 +0800 2022", "id": 4846300879127860, "rootid": 4846300879127860, "rootidstr": "4846300879127860", "floor_number": 456, "text": "所以新教练是谁❓散养比肖导更适合王曼昱❓@刘国梁 #王曼昱主管教练#", "disable_reply": 0, "restrictOperate": 0, "source_allowclick": 0, "source_type": 4, "source": "<a href=\"\" rel=\"nofollow\">来自上海</a>", "comment_badge": [{"pic_url": "https://h5.sinaimg.cn/upload/114/962/2022/07/08/member_4_bigfan1_3.png", "name": "loyal_fans", "length": 1.33, "actionlog": {"act_code": "3671", "ext": "status:fans"}, "scheme": "https://kefu.weibo.com/faqdetail?id=20848", "new_icon": true}], "user": {"id": 7376113634, "idstr": "7376113634", "class": 1, "screen_name": "昱必胜", "name": "昱必胜", "province": "31", "city": "1000", "location": "上海", "description": "不进群不入粉籍，想说什么就说什么，最不想听到你想干什么你是黑子吗？我不违法不违章，想干什么你管不着，不想看就和我一样，拉黑，别废话！", "url": "", "profile_image_url": "https://tvax4.sinaimg.cn/crop.0.0.1080.1080.50/0083bq6Kly8h9hge1ci7cj30u00u0dja.jpg?KID=imgbed,tva&Expires=1674050791&ssig=nIww%2FzFT4S", "light_ring": false, "cover_image_phone": "https://ww1.sinaimg.cn/crop.0.0.640.640.640/549d0121tw1egm1kjly3jj20hs0hsq4f.jpg;https://wx1.sinaimg.cn/crop.0.0.640.640.640/0083bq6Kly1h03xq94qtjj30kh0kh3zl.jpg", "profile_url": "u/7376113634", "domain": "", "weihao": "", "gender": "f", "followers_count": 63, "followers_count_str": "63", "friends_count": 210, "pagefriends_count": 14, "statuses_count": 3529, "video_status_count": 8, "video_play_count": 0, "super_topic_not_syn_count": 6, "favourites_count": 11, "created_at": "Wed Jan 22 10:56:08 +0800 2020", "following": false, "allow_all_act_msg": false, "geo_enabled": true, "verified": false, "verified_type": -1, "remark": "", "insecurity": {"sexual_content": false}, "ptype": 0, "allow_all_comment": true, "avatar_large": "https://tvax4.sinaimg.cn/crop.0.0.1080.1080.180/0083bq6Kly8h9hge1ci7cj30u00u0dja.jpg?KID=imgbed,tva&Expires=1674050791&ssig=Spb%2Fib4yMU", "avatar_hd": "https://tvax4.sinaimg.cn/crop.0.0.1080.1080.1024/0083bq6Kly8h9hge1ci7cj30u00u0dja.jpg?KID=imgbed,tva&Expires=1674050791&ssig=xRbAP5DGol", "verified_reason": "", "verified_trade": "", "verified_reason_url": "", "verified_source": "", "verified_source_url": "", "follow_me": false, "like": false, "like_me": false, "online_status": 0, "bi_followers_count": 33, "lang": "zh-cn", "star": 0, "mbtype": 12, "mbrank": 4, "svip": 0, "mb_expire_time": 1694966400, "block_word": 0, "block_app": 1, "chaohua_ability": 0, "brand_ability": 0, "nft_ability": 0, "vplus_ability": 0, "wenda_ability": 0, "live_ability": 0, "gongyi_ability": 0, "paycolumn_ability": 0, "newbrand_ability": 0, "ecommerce_ability": 0, "hardfan_ability": 0, "wbcolumn_ability": 0, "credit_score": 80, "user_ability": 2359296, "cardid": "star_1526", "avatargj_id": "gj_vip_083", "urank": 0, "story_read_state": -1, "vclub_member": 0, "is_teenager": 0, "is_guardian": 1, "is_teenager_list": 0, "pc_new": 0, "special_follow": false, "planet_video": 2, "video_mark": 0, "live_status": 0, "user_ability_extend": 0, "video_cover": {"mid": 4789186332197353}, "status_total_counter": {"total_cnt": 5641, "repost_cnt": 663, "comment_cnt": 921, "like_cnt": 3203, "comment_like_cnt": 854}, "video_total_counter": {"play_cnt": 40503}, "brand_account": 0, "hongbaofei": 0, "tab_manage": "[0, 0]", "reward_status": 0, "green_mode": 0, "mb_like_privilege": {"like_id": "0042", "like_desc": "谢谢你喜欢小鱼"}, "urisk": 549756338176, "unfollowing_recom_switch": 1, "avatar_type": 0}, "mid": "4846300879127860", "idstr": "4846300879127860", "status": {"visible": {"type": 0, "list_id": 0}, "created_at": "Tue Dec 13 17:03:51 +0800 2022", "id": 4846261449262701, "idstr": "4846261449262701", "mid": "4846261449262701", "edit_count": 1, "can_edit": false, "edit_at": "Tue Dec 13 17:39:30 +0800 2022", "version": 7, "show_additional_indication": 0, "text": "#肖战不再担任王曼昱主管教练# 中国乒乓球队教练肖战发博！\n@肖战xxxzzz ：“在曼昱的成长道路上，我们一起配合取得了很多难忘的成绩。但是随着曼昱的日渐成熟，职业生涯也到了新的阶段。我的执教风格，尤其是高强度的训练风格，和她现阶段发展不太适应。考虑到运动员长久的发展，也和曼昱商议过多次后 ​", "textLength": 350, "source_allowclick": 0, "source_type": 1, "source": "<a href=\"http://app.weibo.com/t/feed/xEsRX\" rel=\"nofollow\">新版微博 weibo.com</a>", "favorited": false, "truncated": false, "in_reply_to_status_id": "", "in_reply_to_user_id": "", "in_reply_to_screen_name": "", "pic_urls": [{"thumbnail_pic": "http://wx2.sinaimg.cn/thumbnail/001MUa3Ely1h92ajqtbf1j60sg11ywsh02.jpg"}, {"thumbnail_pic": "http://wx3.sinaimg.cn/thumbnail/001MUa3Ely1h92ajr2ptbj60j80c70vr02.jpg"}], "thumbnail_pic": "http://wx2.sinaimg.cn/thumbnail/001MUa3Ely1h92ajqtbf1j60sg11ywsh02.jpg", "bmiddle_pic": "http://wx2.sinaimg.cn/bmiddle/001MUa3Ely1h92ajqtbf1j60sg11ywsh02.jpg", "original_pic": "http://wx2.sinaimg.cn/large/001MUa3Ely1h92ajqtbf1j60sg11ywsh02.jpg", "geo": null, "is_paid": false, "mblog_vip_type": 0, "user": {"id": 1638781994, "idstr": "1638781994", "class": 1, "screen_name": "新浪体育", "name": "新浪体育", "province": "11", "city": "1000", "location": "北京", "description": "24小时滚动播报最新的体育快讯，趣闻和视频。新浪记者团带来独家图文报道。欢迎爆料、投稿，请发私信或者邮件： sports2009@vip.sina.com", "url": "http://sports.sina.com.cn/", "profile_image_url": "https://tvax3.sinaimg.cn/crop.0.0.160.160.50/6f0b57d3ly8h8w89zds67j204g04gjrf.jpg?KID=imgbed,tva&Expires=1674050791&ssig=Jmn0nwSMkH", "light_ring": false, "cover_image": "https://ww2.sinaimg.cn/crop.0.0.920.300/61add42ajw1eo8sykgzilj20pk08ctc7.jpg", "cover_image_phone": "https://ww4.sinaimg.cn/crop.0.0.640.640.640/638f41a8jw1ewj858xp05j20hs0hs77s.jpg;https://wx4.sinaimg.cn/crop.0.0.640.640.640/a1d3feably1fks654ow6gj20hs0hsacf.jpg", "profile_url": "sportschannel", "domain": "sportschannel", "weihao": "", "gender": "m", "followers_count": 25013925, "followers_count_str": "2501.4万", "friends_count": 3058, "pagefriends_count": 543, "statuses_count": 315667, "video_status_count": 5825, "video_play_count": 0, "super_topic_not_syn_count": 12, "favourites_count": 188, "created_at": "Fri Aug 28 16:34:39 +0800 2009", "following": false, "allow_all_act_msg": true, "geo_enabled": true, "verified": true, "verified_type": 7, "remark": "", "insecurity": {"sexual_content": false}, "ptype": 0, "allow_all_comment": true, "avatar_large": "https://tvax3.sinaimg.cn/crop.0.0.160.160.180/6f0b57d3ly8h8w89zds67j204g04gjrf.jpg?KID=imgbed,tva&Expires=1674050791&ssig=yA7ufJmvCt", "avatar_hd": "https://tvax3.sinaimg.cn/crop.0.0.160.160.1024/6f0b57d3ly8h8w89zds67j204g04gjrf.jpg?KID=imgbed,tva&Expires=1674050791&ssig=ExF0zW%2BPby", "verified_reason": "新浪体育新闻官方微博", "verified_trade": "", "verified_reason_url": "", "verified_source": "", "verified_source_url": "", "verified_state": 0, "verified_level": 3, "verified_type_ext": 0, "pay_remind": 0, "pay_date": "", "has_service_tel": false, "verified_reason_modified": "", "verified_contact_name": "", "verified_contact_email": "", "verified_contact_mobile": "", "follow_me": false, "like": false, "like_me": false, "online_status": 0, "bi_followers_count": 1545, "lang": "zh-cn", "star": 0, "mbtype": 12, "mbrank": 7, "svip": 0, "mb_expire_time": 1691769600, "block_word": 1, "block_app": 1, "chaohua_ability": 0, "brand_ability": 0, "nft_ability": 0, "vplus_ability": 0, "wenda_ability": 0, "live_ability": 1, "gongyi_ability": 0, "paycolumn_ability": 0, "newbrand_ability": 0, "ecommerce_ability": 0, "hardfan_ability": 1, "wbcolumn_ability": 0, "credit_score": 80, "user_ability": -1867185396, "cardid": "star_1637", "avatargj_id": "gj_vip_786", "urank": 48, "story_read_state": -1, "vclub_member": 0, "is_teenager": 0, "is_guardian": 0, "is_teenager_list": 1, "pc_new": 7, "special_follow": false, "planet_video": 2, "video_mark": 15, "live_status": 0, "user_ability_extend": 1, "status_total_counter": {"total_cnt": 279837918, "repost_cnt": 60932494, "comment_cnt": 44877022, "like_cnt": 90458509, "comment_like_cnt": 83569893}, "video_total_counter": {"play_cnt": 1330823980}, "brand_account": 0, "hongbaofei": 0, "tab_manage": "[0, 0]", "reward_status": 0, "green_mode": 0, "urisk": 4294967296, "unfollowing_recom_switch": 1, "avatar_type": 0}, "annotations": [{"photo_sub_type": "0,0"}, {}, {"mapi_request": true}], "picStatus": "0:1,1:1", "reposts_count": 0, "comments_count": 0, "reprint_cmt_count": 0, "attitudes_count": 0, "pending_approval_count": 0, "isLongText": true, "reward_exhibition_type": 0, "hide_flag": 0, "mlevel": 0, "show_mlevel": 0, "biz_feature": 4294967300, "page_type": 96, "hasActionTypeCard": 0, "darwin_tags": [], "hot_weibo_tags": [], "text_tag_tips": [], "mblogtype": 0, "userType": 0, "more_info_type": 0, "cardid": "star_1637", "positive_recom_flag": 0, "content_auth": 0, "gif_ids": "", "is_show_bulletin": 2, "comment_manage_info": {"comment_permission_type": -1, "approval_comment_type": 0, "comment_sort_type": 0, "ai_play_picture_type": 0}, "pic_num": 2, "can_reprint": false, "new_comment_style": 0}, "readtimetype": "comment", "comment_dynamic_message": {"id": "0042", "icon_url": "https://h5.sinaimg.cn/upload/1073/1841/2022/09/07/moyu3.png", "tag_text": "年费", "start_color": "#00DEC84C", "end_color": "#1ADEC84C", "start_color_dark": "#00DEC84C", "end_color_dark": "#1ADEC84C", "name": {"zh_CN": "摸鱼时间", "zh_HK": "摸魚時間", "en_US": "slack off"}, "scheme": "https://new.vip.weibo.cn/bubble/mall?showmenu=0&decorateId=0042&uid=7376113634", "allow_vip_box_content": "用此评论气泡", "allow_vip_box_icon": "https://h5.sinaimg.cn/upload/100/1720/2022/08/08/icon_VIP_for_comment_bubble.png"}, "match_ai_play_picture": false}