{"created_at": "Mon Sep 05 13:42:16 +0800 2022", "id": 4810334319937420, "rootid": 4810334319937420, "rootidstr": "4810334319937420", "floor_number": 1, "text": "[doge]", "disable_reply": 0, "restrictOperate": 0, "source_allowclick": 0, "source_type": 4, "source": "<a href=\"\" rel=\"nofollow\">来自黑龙江</a>", "user": {"id": 5283732715, "idstr": "5283732715", "class": 1, "screen_name": "八月初秋天", "name": "八月初秋天", "province": "23", "city": "1000", "location": "黑龙江", "description": "富强、民主、文明、和谐、自由、平等、公正、法治、爱国、敬业、诚信、友善！", "url": "", "profile_image_url": "https://tvax3.sinaimg.cn/crop.0.0.560.560.50/005LA0fply8h49t9pqy6gj30fk0fkjrw.jpg?KID=imgbed,tva&Expires=1669916876&ssig=OztXIHjTRF", "light_ring": false, "cover_image_phone": "http://ww1.sinaimg.cn/crop.0.0.640.640.640/9d44112bjw1f1xl1c10tuj20hs0hs0tw.jpg", "profile_url": "u/5283732715", "domain": "", "weihao": "", "gender": "m", "followers_count": 62, "followers_count_str": "62", "friends_count": 111, "pagefriends_count": 38, "statuses_count": 157, "video_status_count": 1, "video_play_count": 0, "super_topic_not_syn_count": 0, "favourites_count": 2, "created_at": "Sun Sep 07 08:35:39 +0800 2014", "following": false, "allow_all_act_msg": false, "geo_enabled": true, "verified": false, "verified_type": -1, "remark": "", "insecurity": {"sexual_content": false}, "ptype": 0, "allow_all_comment": false, "avatar_large": "https://tvax3.sinaimg.cn/crop.0.0.560.560.180/005LA0fply8h49t9pqy6gj30fk0fkjrw.jpg?KID=imgbed,tva&Expires=1669916876&ssig=llhd1p8%2FMO", "avatar_hd": "https://tvax3.sinaimg.cn/crop.0.0.560.560.1024/005LA0fply8h49t9pqy6gj30fk0fkjrw.jpg?KID=imgbed,tva&Expires=1669916876&ssig=VG3s74BeOw", "verified_reason": "", "verified_trade": "", "verified_reason_url": "", "verified_source": "", "verified_source_url": "", "follow_me": false, "like": false, "like_me": false, "online_status": 0, "bi_followers_count": 1, "lang": "zh-cn", "star": 0, "mbtype": 2, "mbrank": 1, "svip": 0, "mb_expire_time": 1644249599, "block_word": 0, "block_app": 0, "chaohua_ability": 0, "brand_ability": 0, "nft_ability": 0, "vplus_ability": 0, "wenda_ability": 0, "live_ability": 0, "gongyi_ability": 0, "paycolumn_ability": 0, "newbrand_ability": 0, "ecommerce_ability": 0, "hardfan_ability": 0, "credit_score": 80, "user_ability": 2097152, "cardid": "star_113", "avatargj_id": "gj_vip_245", "urank": 9, "story_read_state": -1, "vclub_member": 0, "is_teenager": 0, "is_guardian": 0, "is_teenager_list": 0, "pc_new": 7, "special_follow": false, "planet_video": 0, "video_mark": 0, "live_status": 0, "user_ability_extend": 0, "status_total_counter": {"total_cnt": 85, "repost_cnt": 0, "comment_cnt": 5, "like_cnt": 80, "comment_like_cnt": 0}, "video_total_counter": {"play_cnt": 4}, "brand_account": 0, "hongbaofei": 0, "tab_manage": "[0, 0]", "reward_status": 0, "green_mode": 0, "urisk": 17179869184, "avatar_type": 0}, "mid": "4810334319937420", "idstr": "4810334319937420", "status": {"visible": {"type": 0, "list_id": 0}, "created_at": "Mon Sep 05 13:41:05 +0800 2022", "id": 4810334026334992, "idstr": "4810334026334992", "mid": "4810334026334992", "can_edit": false, "version": 2, "show_additional_indication": 0, "text": "#四川泸定6.8级地震#  四川人民要保护好自己哦，保护自己的方式必须要学会跳伞🪂 ​", "textLength": 77, "source_allowclick": 0, "source_type": 2, "source": "<a href=\"http://weibo.com/\" rel=\"nofollow\">iPhone客户端</a>", "favorited": false, "truncated": false, "in_reply_to_status_id": "", "in_reply_to_user_id": "", "in_reply_to_screen_name": "", "pic_urls": [{"thumbnail_pic": "http://wx2.sinaimg.cn/thumbnail/006oS5icly1h5voan0us7j30c80ccdg6.jpg"}], "thumbnail_pic": "http://wx2.sinaimg.cn/thumbnail/006oS5icly1h5voan0us7j30c80ccdg6.jpg", "bmiddle_pic": "http://wx2.sinaimg.cn/bmiddle/006oS5icly1h5voan0us7j30c80ccdg6.jpg", "original_pic": "http://wx2.sinaimg.cn/large/006oS5icly1h5voan0us7j30c80ccdg6.jpg", "geo": null, "is_paid": false, "mblog_vip_type": 0, "user": {"id": 5864319116, "idstr": "5864319116", "class": 1, "screen_name": "李现追求梦想jiayou", "name": "李现追求梦想jiayou", "province": "42", "city": "10", "location": "湖北 荆州", "description": "像风走了八千里  不问归期", "url": "", "profile_image_url": "https://tvax2.sinaimg.cn/crop.0.0.1080.1080.50/006oS5icly8h7ymps4kk0j30u00u0wgh.jpg?KID=imgbed,tva&Expires=1669916876&ssig=bQR11bmlMk", "light_ring": false, "cover_image_phone": "http://ww1.sinaimg.cn/crop.0.0.640.640.640/9d44112bjw1f1xl1c10tuj20hs0hs0tw.jpg", "profile_url": "u/5864319116", "domain": "", "weihao": "", "gender": "f", "followers_count": 2280, "followers_count_str": "2280", "friends_count": 186, "pagefriends_count": 48, "statuses_count": 11064, "video_status_count": 50, "video_play_count": 0, "super_topic_not_syn_count": 10, "favourites_count": 0, "created_at": "Sun Feb 21 23:01:51 +0800 2016", "following": false, "allow_all_act_msg": false, "geo_enabled": true, "verified": true, "verified_type": 0, "remark": "", "insecurity": {"sexual_content": false}, "ptype": 0, "allow_all_comment": true, "avatar_large": "https://tvax2.sinaimg.cn/crop.0.0.1080.1080.180/006oS5icly8h7ymps4kk0j30u00u0wgh.jpg?KID=imgbed,tva&Expires=1669916876&ssig=yIeuyBw5z2", "avatar_hd": "https://tvax2.sinaimg.cn/crop.0.0.1080.1080.1024/006oS5icly8h7ymps4kk0j30u00u0wgh.jpg?KID=imgbed,tva&Expires=1669916876&ssig=iL73kX17kY", "verified_reason": "超话粉丝大咖（李现超话）", "verified_trade": "", "verified_reason_url": "", "verified_source": "", "verified_source_url": "", "verified_state": 0, "verified_level": 3, "verified_type_ext": 0, "has_service_tel": false, "verified_reason_modified": "", "verified_contact_name": "", "verified_contact_email": "", "verified_contact_mobile": "", "follow_me": false, "like": false, "like_me": false, "online_status": 0, "bi_followers_count": 70, "lang": "zh-cn", "star": 0, "mbtype": 11, "mbrank": 1, "svip": 0, "mb_expire_time": 1670601600, "block_word": 0, "block_app": 1, "chaohua_ability": 0, "brand_ability": 0, "nft_ability": 0, "vplus_ability": 0, "wenda_ability": 0, "live_ability": 0, "gongyi_ability": 0, "paycolumn_ability": 0, "newbrand_ability": 0, "ecommerce_ability": 0, "hardfan_ability": 0, "credit_score": 80, "user_ability": 2359296, "cardid": "star_102810046795", "avatargj_id": "gj_vip_424", "urank": 4, "story_read_state": -1, "verified_detail": {"custom": 0, "data": [{"key": 8, "sub_key": 0, "weight": 102, "desc": "超话粉丝大咖（李现超话）"}]}, "vclub_member": 0, "is_teenager": 0, "is_guardian": 1, "is_teenager_list": 0, "pc_new": 0, "special_follow": false, "planet_video": 2, "video_mark": 2, "live_status": 0, "user_ability_extend": 0, "video_cover": {"mid": 4790391574365682}, "status_total_counter": {"total_cnt": 18840, "repost_cnt": 406, "comment_cnt": 16264, "like_cnt": 1996, "comment_like_cnt": 174}, "video_total_counter": {"play_cnt": 11409}, "brand_account": 0, "hongbaofei": 0, "tab_manage": "[0, 0]", "reward_status": 0, "green_mode": 0, "urisk": 0, "avatar_type": 0}, "annotations": [{"photo_sub_type": "0"}, {"ann_ext": "ann_ext:search|t:30|creator_source:bottomsendweibo"}, {"client_mblogid": "iPhone-D350AF8A-4265-414A-9DF1-63591A3D5B8E"}, {"mapi_request": true}], "picStatus": "0:1", "reposts_count": 0, "comments_count": 0, "reprint_cmt_count": 0, "attitudes_count": 0, "pending_approval_count": 0, "isLongText": false, "reward_exhibition_type": 0, "hide_flag": 0, "mlevel": 128, "show_mlevel": 0, "biz_feature": 4294967300, "page_type": 64, "hasActionTypeCard": 0, "darwin_tags": [], "hot_weibo_tags": [], "text_tag_tips": [], "mblogtype": 0, "userType": 0, "mlevelSource": "monitor", "more_info_type": 0, "number_display_strategy": {"apply_scenario_flag": 3, "display_text_min_number": 1000000, "display_text": "100万+"}, "positive_recom_flag": 0, "content_auth": 0, "gif_ids": "", "is_show_bulletin": 2, "comment_manage_info": {"comment_permission_type": -1, "approval_comment_type": 0, "comment_sort_type": 0, "ai_play_picture_type": 0}, "pic_num": 1, "can_reprint": false, "new_comment_style": 0}, "readtimetype": "comment", "match_ai_play_picture": false}