{"created_at": "Sat Jul 23 23:45:03 +0800 2022", "id": 4794540948720320, "rootid": 4794540948720320, "rootidstr": "4794540948720320", "floor_number": 66, "text": "图是P的", "disable_reply": 0, "restrictOperate": 0, "source_allowclick": 0, "source_type": 4, "source": "<a href=\"\" rel=\"nofollow\">来自天津</a>", "comment_badge": [{"pic_url": "https://h5.sinaimg.cn/upload/114/962/2022/07/08/member_0_bigfan1_1.png", "name": "loyal_fans", "length": 1.33, "actionlog": {"act_code": "3671", "ext": "status:fans"}, "scheme": "https://kefu.weibo.com/faqdetail?id=20848", "new_icon": true}], "user": {"id": 1097036737, "idstr": "1097036737", "class": 1, "screen_name": "hk_god007_230", "name": "hk_god007_230", "province": "12", "city": "1000", "location": "天津", "description": "", "url": "", "profile_image_url": "https://tvax1.sinaimg.cn/default/images/default_avatar_male_50.gif?KID=imgbed,tva&Expires=1674067307&ssig=aIGCNqKvRI", "light_ring": false, "cover_image_phone": "https://ww1.sinaimg.cn/crop.0.0.640.640.640/549d0121tw1egm1kjly3jj20hs0hsq4f.jpg", "profile_url": "u/1097036737", "domain": "", "weihao": "", "gender": "m", "followers_count": 38, "followers_count_str": "38", "friends_count": 432, "pagefriends_count": 5, "statuses_count": 64, "video_status_count": 0, "video_play_count": 0, "super_topic_not_syn_count": 0, "favourites_count": 67, "created_at": "Thu Jan 05 12:58:42 +0800 2012", "following": false, "allow_all_act_msg": false, "geo_enabled": true, "verified": false, "verified_type": -1, "remark": "", "insecurity": {"sexual_content": false}, "ptype": 0, "allow_all_comment": true, "avatar_large": "https://tvax1.sinaimg.cn/default/images/default_avatar_male_180.gif?KID=imgbed,tva&Expires=1674067307&ssig=FXSBawB71S", "avatar_hd": "https://tvax1.sinaimg.cn/default/images/default_avatar_male_180.gif?KID=imgbed,tva&Expires=1674067307&ssig=FXSBawB71S", "verified_reason": "", "verified_trade": "", "verified_reason_url": "", "verified_source": "", "verified_source_url": "", "follow_me": false, "like": false, "like_me": false, "online_status": 0, "bi_followers_count": 3, "lang": "zh-cn", "star": 0, "mbtype": 0, "mbrank": 0, "svip": 0, "mb_expire_time": 0, "block_word": 0, "block_app": 0, "chaohua_ability": 0, "brand_ability": 0, "nft_ability": 0, "vplus_ability": 0, "wenda_ability": 0, "live_ability": 0, "gongyi_ability": 0, "paycolumn_ability": 0, "newbrand_ability": 0, "ecommerce_ability": 0, "hardfan_ability": 0, "wbcolumn_ability": 0, "credit_score": 80, "user_ability": 2097152, "urank": 6, "story_read_state": -1, "vclub_member": 0, "is_teenager": 0, "is_guardian": 0, "is_teenager_list": 0, "pc_new": 6, "special_follow": false, "planet_video": 0, "video_mark": 0, "live_status": 0, "user_ability_extend": 0, "status_total_counter": {"total_cnt": 13, "repost_cnt": 0, "comment_cnt": 1, "like_cnt": 12, "comment_like_cnt": 0}, "video_total_counter": {"play_cnt": -1}, "brand_account": 0, "hongbaofei": 0, "tab_manage": "[0, 0]", "reward_status": 0, "green_mode": 0, "urisk": 550829555712, "unfollowing_recom_switch": 1, "avatar_type": 0}, "mid": "4794540948720320", "idstr": "4794540948720320", "status": {"visible": {"type": 0, "list_id": 0}, "created_at": "Sat Jul 23 14:54:26 +0800 2022", "id": 4794407415449852, "idstr": "4794407415449852", "mid": "4794407415449852", "can_edit": false, "version": 3, "show_additional_indication": 0, "text": "我不相信！中国贫困人口人均纯收入9057元/月。 ​", "textLength": 43, "source_allowclick": 1, "source_type": 1, "source": "<a href=\"http://app.weibo.com/t/feed/3qznid\" rel=\"nofollow\">HUAWEI Mate 40</a>", "favorited": false, "truncated": false, "in_reply_to_status_id": "", "in_reply_to_user_id": "", "in_reply_to_screen_name": "", "pic_urls": [{"thumbnail_pic": "http://wx2.sinaimg.cn/thumbnail/df26c32dly1h4gv5rch5ij20ia0wjwjf.jpg"}], "thumbnail_pic": "http://wx2.sinaimg.cn/thumbnail/df26c32dly1h4gv5rch5ij20ia0wjwjf.jpg", "bmiddle_pic": "http://wx2.sinaimg.cn/bmiddle/df26c32dly1h4gv5rch5ij20ia0wjwjf.jpg", "original_pic": "http://wx2.sinaimg.cn/large/df26c32dly1h4gv5rch5ij20ia0wjwjf.jpg", "geo": null, "is_paid": false, "mblog_vip_type": 0, "user": {"id": 3743859501, "idstr": "3743859501", "class": 1, "screen_name": "元宝宝爱吃肉肉", "name": "元宝宝爱吃肉肉", "province": "100", "city": "1000", "location": "其他", "description": "管好你自己，不要发表遗言。", "url": "", "profile_image_url": "https://tvax2.sinaimg.cn/crop.0.0.1242.1242.50/df26c32dly8fu63ggw8yzj20yi0yi41x.jpg?KID=imgbed,tva&Expires=1674067307&ssig=LJaTzkXvQa", "light_ring": false, "cover_image": "https://wx2.sinaimg.cn/crop.0.0.920.300/df26c32dly1fgyolvb2u5j20pk08ctkj.jpg", "cover_image_phone": "https://wx4.sinaimg.cn/crop.0.0.640.640.640/89ebe1d1ly1gp1jwqt575j20u00u01ae.jpg;https://wx3.sinaimg.cn/crop.0.0.640.640.640/df26c32dly1h6uu7dftekj20t00t0q8v.jpg;https://ww2.sinaimg.cn/crop.0.0.640.640.640/a1d3feabjw1f8xmrg2haoj20hs0hsq5r.jpg", "profile_url": "u/3743859501", "domain": "", "weihao": "", "gender": "m", "followers_count": 4051568, "followers_count_str": "405.2万", "friends_count": 1008, "pagefriends_count": 18, "statuses_count": 36625, "video_status_count": 4487, "video_play_count": 0, "super_topic_not_syn_count": 0, "favourites_count": 1, "created_at": "Sun Aug 25 03:00:10 +0800 2013", "following": false, "allow_all_act_msg": false, "geo_enabled": true, "verified": true, "verified_type": 0, "remark": "", "insecurity": {"sexual_content": false}, "ptype": 0, "allow_all_comment": false, "avatar_large": "https://tvax2.sinaimg.cn/crop.0.0.1242.1242.180/df26c32dly8fu63ggw8yzj20yi0yi41x.jpg?KID=imgbed,tva&Expires=1674067307&ssig=cJTm2He7vG", "avatar_hd": "https://tvax2.sinaimg.cn/crop.0.0.1242.1242.1024/df26c32dly8fu63ggw8yzj20yi0yi41x.jpg?KID=imgbed,tva&Expires=1674067307&ssig=Y0%2FmYsSNGT", "verified_reason": "互联网科技博主", "verified_trade": "", "verified_reason_url": "", "verified_source": "", "verified_source_url": "", "verified_state": 0, "verified_level": 3, "verified_type_ext": 1, "has_service_tel": false, "verified_reason_modified": "", "verified_contact_name": "", "verified_contact_email": "", "verified_contact_mobile": "", "follow_me": false, "like": false, "like_me": false, "online_status": 0, "bi_followers_count": 274, "lang": "zh-cn", "star": 0, "mbtype": 12, "mbrank": 6, "svip": 0, "mb_expire_time": 1757433600, "block_word": 1, "block_app": 1, "chaohua_ability": 0, "brand_ability": 0, "nft_ability": 0, "vplus_ability": 3, "wenda_ability": 0, "live_ability": 0, "gongyi_ability": 0, "paycolumn_ability": 0, "newbrand_ability": 0, "ecommerce_ability": 0, "hardfan_ability": 1, "wbcolumn_ability": 0, "credit_score": 80, "user_ability": -2135555576, "cardid": "star_1518", "avatargj_id": "gj_vip_660", "urank": 32, "story_read_state": -1, "verified_detail": {"custom": 0, "data": [{"key": 2, "sub_key": 0, "weight": 101, "desc": "互联网科技博主"}]}, "vclub_member": 0, "is_teenager": 0, "is_guardian": 0, "is_teenager_list": 0, "pc_new": 7, "special_follow": false, "planet_video": 2, "video_mark": 15, "live_status": 0, "user_ability_extend": 0, "video_cover": {"mid": 4825921469288398}, "status_total_counter": {"total_cnt": 1912494, "repost_cnt": 410778, "comment_cnt": 222512, "like_cnt": 1063959, "comment_like_cnt": 215245}, "video_total_counter": {"play_cnt": 119960307}, "brand_account": 0, "hongbaofei": 0, "tab_manage": "[0, 0]", "reward_status": 0, "green_mode": 0, "urisk": 566935683072, "unfollowing_recom_switch": 1, "avatar_type": 0}, "annotations": [{"photo_sub_type": "0"}, {}, {"client_mblogid": "21a8096f-fc36-49d9-84bf-e9366f91162b"}, {"mapi_request": true}], "picStatus": "0:1", "reposts_count": 0, "comments_count": 0, "reprint_cmt_count": 0, "attitudes_count": 0, "pending_approval_count": 0, "isLongText": false, "reward_exhibition_type": 0, "hide_flag": 0, "mlevel": 128, "show_mlevel": 0, "biz_feature": 4294967300, "hasActionTypeCard": 0, "darwin_tags": [], "hot_weibo_tags": [], "text_tag_tips": [], "mblogtype": 0, "userType": 0, "mlevelSource": "monitor", "more_info_type": 0, "cardid": "star_1518", "number_display_strategy": {"apply_scenario_flag": 3, "display_text_min_number": 1000000, "display_text": "100万+"}, "positive_recom_flag": 0, "content_auth": 0, "gif_ids": "", "is_show_bulletin": 2, "comment_manage_info": {"comment_permission_type": -1, "approval_comment_type": 0, "comment_sort_type": 0, "ai_play_picture_type": 0}, "pic_num": 1, "can_reprint": false, "new_comment_style": 0}, "readtimetype": "comment", "match_ai_play_picture": false}