{"created_at": "Sun Jul 17 14:16:11 +0800 2022", "id": 4792223465996779, "rootid": 4792108973818927, "rootidstr": "4792108973818927", "floor_number": 0, "text": "回复@四季繁花相伴:口感能分辨吗？", "disable_reply": 0, "restrictOperate": 0, "source_allowclick": 0, "source_type": 4, "source": "<a href=\"\" rel=\"nofollow\">来自上海</a>", "user": {"id": 7550489527, "idstr": "7550489527", "class": 1, "screen_name": "为人民服务_198902", "name": "为人民服务_198902", "province": "100", "city": "1000", "location": "其他", "description": "“你的账号被限制”，被🤐中", "url": "", "profile_image_url": "https://tvax1.sinaimg.cn/crop.0.0.1002.1002.50/008eZ5f9ly8gmoj5unn5vj30ru0ru753.jpg?KID=imgbed,tva&Expires=1669974946&ssig=RYz2X2uzcq", "light_ring": false, "cover_image_phone": "http://ww1.sinaimg.cn/crop.0.0.640.640.640/549d0121tw1egm1kjly3jj20hs0hsq4f.jpg", "profile_url": "u/7550489527", "domain": "", "weihao": "", "gender": "m", "followers_count": 31, "followers_count_str": "31", "friends_count": 283, "pagefriends_count": 12, "statuses_count": 2445, "video_status_count": 0, "video_play_count": 0, "super_topic_not_syn_count": 0, "favourites_count": 10, "created_at": "Fri Jan 15 17:53:18 +0800 2021", "following": false, "allow_all_act_msg": false, "geo_enabled": true, "verified": false, "verified_type": -1, "remark": "", "insecurity": {"sexual_content": false}, "ptype": 0, "allow_all_comment": false, "avatar_large": "https://tvax1.sinaimg.cn/crop.0.0.1002.1002.180/008eZ5f9ly8gmoj5unn5vj30ru0ru753.jpg?KID=imgbed,tva&Expires=1669974946&ssig=043UgoC1ci", "avatar_hd": "https://tvax1.sinaimg.cn/crop.0.0.1002.1002.1024/008eZ5f9ly8gmoj5unn5vj30ru0ru753.jpg?KID=imgbed,tva&Expires=1669974946&ssig=C99Ik7WH55", "verified_reason": "", "verified_trade": "", "verified_reason_url": "", "verified_source": "", "verified_source_url": "", "follow_me": false, "like": false, "like_me": false, "online_status": 0, "bi_followers_count": 11, "lang": "zh-cn", "star": 0, "mbtype": 0, "mbrank": 0, "svip": 0, "mb_expire_time": 0, "block_word": 0, "block_app": 0, "chaohua_ability": 0, "brand_ability": 0, "nft_ability": 0, "vplus_ability": 0, "wenda_ability": 0, "live_ability": 0, "gongyi_ability": 0, "paycolumn_ability": 0, "newbrand_ability": 0, "ecommerce_ability": 0, "hardfan_ability": 0, "credit_score": 80, "user_ability": 2359296, "urank": 0, "story_read_state": -1, "vclub_member": 0, "is_teenager": 0, "is_guardian": 0, "is_teenager_list": 0, "pc_new": 0, "special_follow": false, "planet_video": 0, "video_mark": 0, "live_status": 0, "user_ability_extend": 0, "status_total_counter": {"total_cnt": 372, "repost_cnt": 135, "comment_cnt": 82, "like_cnt": 152, "comment_like_cnt": 3}, "video_total_counter": {"play_cnt": -1}, "brand_account": 0, "hongbaofei": 0, "tab_manage": "[0, 0]", "reward_status": 0, "green_mode": 0, "urisk": 17179869184, "avatar_type": 0}, "mid": "4792223465996779", "idstr": "4792223465996779", "status": {"visible": {"type": 0, "list_id": 0}, "created_at": "Sat Jul 16 23:04:05 +0800 2022", "id": 4791993924323462, "idstr": "4791993924323462", "mid": "4791993924323462", "can_edit": false, "version": 3, "show_additional_indication": 0, "text": "医保基金亏空，北京医疗保障等官方机构将大批药品移出报销目录 ​", "textLength": 58, "source_allowclick": 0, "source_type": 2, "source": "<a href=\"http://weibo.com/\" rel=\"nofollow\">iPhone 12 Pro(金色)</a>", "favorited": false, "truncated": false, "in_reply_to_status_id": "", "in_reply_to_user_id": "", "in_reply_to_screen_name": "", "pic_urls": [{"thumbnail_pic": "http://wx3.sinaimg.cn/thumbnail/008q4I3Igy1h495t80tvhj30ku0p7myh.jpg"}], "thumbnail_pic": "http://wx3.sinaimg.cn/thumbnail/008q4I3Igy1h495t80tvhj30ku0p7myh.jpg", "bmiddle_pic": "http://wx3.sinaimg.cn/bmiddle/008q4I3Igy1h495t80tvhj30ku0p7myh.jpg", "original_pic": "http://wx3.sinaimg.cn/large/008q4I3Igy1h495t80tvhj30ku0p7myh.jpg", "geo": null, "is_paid": false, "mblog_vip_type": 0, "user": {"id": 7714370070, "idstr": "7714370070", "class": 1, "screen_name": "凜冬獵人", "name": "凜冬獵人", "province": "61", "city": "7", "location": "陕西 汉中", "description": "宣传中医被禁言了，请关注小号“打不死的小强2022”", "url": "", "profile_image_url": "https://tvax1.sinaimg.cn/crop.0.0.1080.1080.50/008q4I3Ily8gy63228gkrj30u00u0mz9.jpg?KID=imgbed,tva&Expires=1669974946&ssig=iexrmXxit1", "light_ring": false, "cover_image_phone": "http://wx4.sinaimg.cn/crop.0.0.640.640.640/008q4I3Igy1h0v01is6ndj30u00u0n0g.jpg", "profile_url": "u/7714370070", "domain": "", "weihao": "", "gender": "f", "followers_count": 9637, "followers_count_str": "9637", "friends_count": 291, "pagefriends_count": 17, "statuses_count": 711, "video_status_count": 113, "video_play_count": 0, "super_topic_not_syn_count": 0, "favourites_count": 3, "created_at": "Mon Oct 18 07:47:13 +0800 2021", "following": false, "allow_all_act_msg": false, "geo_enabled": true, "verified": false, "verified_type": -1, "remark": "", "insecurity": {"sexual_content": false}, "ptype": 0, "allow_all_comment": false, "avatar_large": "https://tvax1.sinaimg.cn/crop.0.0.1080.1080.180/008q4I3Ily8gy63228gkrj30u00u0mz9.jpg?KID=imgbed,tva&Expires=1669974946&ssig=ulEYhdyGfr", "avatar_hd": "https://tvax1.sinaimg.cn/crop.0.0.1080.1080.1024/008q4I3Ily8gy63228gkrj30u00u0mz9.jpg?KID=imgbed,tva&Expires=1669974946&ssig=8WaToBDa51", "verified_reason": "", "verified_trade": "", "verified_reason_url": "", "verified_source": "", "verified_source_url": "", "follow_me": false, "like": false, "like_me": false, "online_status": 0, "bi_followers_count": 85, "lang": "zh-cn", "star": 0, "mbtype": 12, "mbrank": 4, "svip": 0, "mb_expire_time": 1676131200, "block_word": 0, "block_app": 1, "chaohua_ability": 0, "brand_ability": 0, "nft_ability": 0, "vplus_ability": 0, "wenda_ability": 0, "live_ability": 0, "gongyi_ability": 0, "paycolumn_ability": 0, "newbrand_ability": 0, "ecommerce_ability": 0, "hardfan_ability": 0, "credit_score": 80, "user_ability": 2359808, "cardid": "star_1337", "avatargj_id": "gj_vip_047", "urank": 0, "story_read_state": -1, "vclub_member": 0, "is_teenager": 0, "is_guardian": 0, "is_teenager_list": 0, "pc_new": 7, "special_follow": false, "planet_video": 2, "video_mark": 0, "live_status": 0, "user_ability_extend": 0, "status_total_counter": {"total_cnt": 100862, "repost_cnt": 20530, "comment_cnt": 9406, "like_cnt": 35085, "comment_like_cnt": 35841}, "video_total_counter": {"play_cnt": 2027440}, "brand_account": 0, "hongbaofei": 0, "tab_manage": "[0, 0]", "reward_status": 0, "green_mode": 0, "urisk": 52076478464, "avatar_type": 0}, "annotations": [{"photo_sub_type": "0"}, {}, {"client_mblogid": "iPhone-6D7C08C6-8E17-4D2D-95D5-78DC50D5A67B"}, {"mapi_request": true}], "picStatus": "0:1", "reposts_count": 0, "comments_count": 0, "reprint_cmt_count": 0, "attitudes_count": 0, "pending_approval_count": 0, "isLongText": false, "reward_exhibition_type": 0, "hide_flag": 0, "mlevel": 128, "show_mlevel": 0, "biz_feature": 4294967300, "hasActionTypeCard": 0, "darwin_tags": [], "hot_weibo_tags": [], "text_tag_tips": [], "mblogtype": 0, "userType": 0, "mlevelSource": "monitor", "more_info_type": 0, "cardid": "star_1337", "number_display_strategy": {"apply_scenario_flag": 3, "display_text_min_number": 1000000, "display_text": "100万+"}, "positive_recom_flag": 0, "content_auth": 0, "gif_ids": "", "is_show_bulletin": 2, "comment_manage_info": {"comment_permission_type": -1, "approval_comment_type": 0, "comment_sort_type": 0, "ai_play_picture_type": 0}, "pic_num": 1, "can_reprint": false, "new_comment_style": 0}, "reply_comment": {"created_at": "Sun Jul 17 07:48:52 +0800 2022", "id": 4792125989848281, "rootid": 4792108973818927, "rootidstr": "4792108973818927", "floor_number": 0, "text": "回复@茱莉叶·白菜:网购无添加的青盐和竹盐，我们早就不在超市买盐了", "disable_reply": 0, "restrictOperate": 0, "user": {"id": 7279282068, "idstr": "7279282068", "class": 1, "screen_name": "四季繁花相伴", "name": "四季繁花相伴", "province": "51", "city": "1000", "location": "四川", "description": "", "url": "", "profile_image_url": "https://tvax2.sinaimg.cn/crop.0.0.996.996.50/007WD7Nily8g6pkfjxty9j30ro0roae5.jpg?KID=imgbed,tva&Expires=1669974946&ssig=MZUvUNnzwA", "light_ring": false, "cover_image_phone": "http://ww1.sinaimg.cn/crop.0.0.640.640.640/549d0121tw1egm1kjly3jj20hs0hsq4f.jpg", "profile_url": "u/7279282068", "domain": "", "weihao": "", "gender": "f", "followers_count": 115, "followers_count_str": "115", "friends_count": 440, "pagefriends_count": 6, "statuses_count": 11384, "video_status_count": 1218, "video_play_count": 0, "super_topic_not_syn_count": 0, "favourites_count": 8, "created_at": "Mon Aug 12 09:06:56 +0800 2019", "following": false, "allow_all_act_msg": false, "geo_enabled": true, "verified": false, "verified_type": -1, "remark": "", "insecurity": {"sexual_content": false}, "ptype": 0, "allow_all_comment": false, "avatar_large": "https://tvax2.sinaimg.cn/crop.0.0.996.996.180/007WD7Nily8g6pkfjxty9j30ro0roae5.jpg?KID=imgbed,tva&Expires=1669974946&ssig=3F80r8%2F5n%2F", "avatar_hd": "https://tvax2.sinaimg.cn/crop.0.0.996.996.1024/007WD7Nily8g6pkfjxty9j30ro0roae5.jpg?KID=imgbed,tva&Expires=1669974946&ssig=NQyWj4MXi7", "verified_reason": "", "verified_trade": "", "verified_reason_url": "", "verified_source": "", "verified_source_url": "", "follow_me": false, "like": false, "like_me": false, "online_status": 0, "bi_followers_count": 11, "lang": "zh-cn", "star": 0, "mbtype": 2, "mbrank": 1, "svip": 0, "mb_expire_time": 1628006399, "block_word": 0, "block_app": 0, "chaohua_ability": 0, "brand_ability": 0, "nft_ability": 0, "vplus_ability": 0, "wenda_ability": 0, "live_ability": 0, "gongyi_ability": 0, "paycolumn_ability": 0, "newbrand_ability": 0, "ecommerce_ability": 0, "hardfan_ability": 0, "credit_score": 80, "user_ability": 2359296, "cardid": "star_1378", "urank": 4, "story_read_state": -1, "vclub_member": 0, "is_teenager": 0, "is_guardian": 0, "is_teenager_list": 0, "pc_new": 0, "special_follow": false, "planet_video": 2, "video_mark": 14, "live_status": 0, "user_ability_extend": 0, "status_total_counter": {"total_cnt": 1502, "repost_cnt": 705, "comment_cnt": 99, "like_cnt": 698, "comment_like_cnt": 0}, "video_total_counter": {"play_cnt": 10723}, "brand_account": 0, "hongbaofei": 0, "tab_manage": "[0, 0]", "reward_status": 0, "green_mode": 0, "urisk": 60666413056, "avatar_type": 0}, "mid": "4792125989848281", "idstr": "4792125989848281", "match_ai_play_picture": false}, "reply_original_text": "口感能分辨吗？", "readtimetype": "comment", "match_ai_play_picture": false}