{"created_at": "Mon Sep 19 16:21:21 +0800 2022", "id": 4815447784424790, "rootid": 4815444797817077, "rootidstr": "4815444797817077", "floor_number": 0, "text": "回复@十七岁的英雄梦:现在有些幼儿园老师太不负责任了", "disable_reply": 0, "restrictOperate": 0, "source_allowclick": 0, "source_type": 4, "source": "<a href=\"\" rel=\"nofollow\">来自辽宁</a>", "user": {"id": 5448767316, "idstr": "5448767316", "class": 1, "screen_name": "八公虫", "name": "八公虫", "province": "21", "city": "1000", "location": "辽宁", "description": "喜欢八卦，哈哈", "url": "", "profile_image_url": "https://tvax3.sinaimg.cn/crop.0.0.664.664.50/005WKthOly8gorkn2nfi5j30ig0igwf2.jpg?KID=imgbed,tva&Expires=1674070059&ssig=5kVW7GyE8N", "light_ring": false, "cover_image_phone": "https://ww1.sinaimg.cn/crop.0.0.640.640.640/549d0121tw1egm1kjly3jj20hs0hsq4f.jpg", "profile_url": "u/5448767316", "domain": "", "weihao": "", "gender": "m", "followers_count": 18, "followers_count_str": "18", "friends_count": 144, "pagefriends_count": 41, "statuses_count": 10591, "video_status_count": 0, "video_play_count": 0, "super_topic_not_syn_count": 0, "favourites_count": 4, "created_at": "Sun Dec 28 08:08:33 +0800 2014", "following": false, "allow_all_act_msg": false, "geo_enabled": true, "verified": false, "verified_type": -1, "remark": "", "insecurity": {"sexual_content": false}, "ptype": 0, "allow_all_comment": true, "avatar_large": "https://tvax3.sinaimg.cn/crop.0.0.664.664.180/005WKthOly8gorkn2nfi5j30ig0igwf2.jpg?KID=imgbed,tva&Expires=1674070059&ssig=5HOTqBAhq0", "avatar_hd": "https://tvax3.sinaimg.cn/crop.0.0.664.664.1024/005WKthOly8gorkn2nfi5j30ig0igwf2.jpg?KID=imgbed,tva&Expires=1674070059&ssig=L%2BOMEcVeTC", "verified_reason": "", "verified_trade": "", "verified_reason_url": "", "verified_source": "", "verified_source_url": "", "follow_me": false, "like": false, "like_me": false, "online_status": 0, "bi_followers_count": 7, "lang": "zh-cn", "star": 0, "mbtype": 0, "mbrank": 0, "svip": 0, "mb_expire_time": 0, "block_word": 0, "block_app": 0, "chaohua_ability": 0, "brand_ability": 0, "nft_ability": 0, "vplus_ability": 0, "wenda_ability": 0, "live_ability": 0, "gongyi_ability": 0, "paycolumn_ability": 0, "newbrand_ability": 0, "ecommerce_ability": 0, "hardfan_ability": 0, "wbcolumn_ability": 0, "credit_score": 80, "user_ability": 2359296, "urank": 4, "story_read_state": -1, "vclub_member": 0, "is_teenager": 0, "is_guardian": 0, "is_teenager_list": 0, "pc_new": 0, "special_follow": false, "planet_video": 2, "video_mark": 0, "live_status": 0, "user_ability_extend": 0, "status_total_counter": {"total_cnt": 61, "repost_cnt": 5, "comment_cnt": 34, "like_cnt": 22, "comment_like_cnt": 0}, "video_total_counter": {"play_cnt": 0}, "brand_account": 0, "hongbaofei": 0, "tab_manage": "[0, 0]", "reward_status": 0, "green_mode": 0, "urisk": 0, "unfollowing_recom_switch": 1, "avatar_type": 0}, "mid": "4815447784424790", "idstr": "4815447784424790", "status": {"visible": {"type": 0, "list_id": 0}, "created_at": "Mon Sep 19 15:48:46 +0800 2022", "id": 4815439584560672, "idstr": "4815439584560672", "mid": "4815439584560672", "can_edit": false, "version": 2, "show_additional_indication": 0, "text": "湖南李先生送5岁女儿上幼儿园，担心孩子哭闹，他站在教室外看监控屏，突然看到老师打了女儿一耳光。李先生冲进教室扇了老师一巴掌，他要求回看监控，没想到老师还用围兜蒙住女儿的头摇晃。这时，李先生再次对老师拳打脚踢。如果是你的女儿遇到这种情况你会怎么做？ 李先生打老师并无不妥，甚至要投诉幼 ​", "textLength": 427, "source_allowclick": 0, "source_type": 1, "source": "<a href=\"http://app.weibo.com/t/feed/xEsRX\" rel=\"nofollow\">新版微博 weibo.com</a>", "favorited": false, "truncated": false, "in_reply_to_status_id": "", "in_reply_to_user_id": "", "in_reply_to_screen_name": "", "pic_urls": [], "geo": null, "is_paid": false, "mblog_vip_type": 0, "user": {"id": 6633830159, "idstr": "6633830159", "class": 1, "screen_name": "热门分享菌", "name": "热门分享菌", "province": "11", "city": "1", "location": "北京 东城区", "description": "分享美好新事物。联系微信：15982447925。", "url": "", "profile_image_url": "https://tvax1.sinaimg.cn/crop.0.0.1125.1125.50/007eWSgDly8fu85ficerjj30v90v9gmz.jpg?KID=imgbed,tva&Expires=1674070059&ssig=WumoreAqQm", "light_ring": false, "cover_image_phone": "https://ww1.sinaimg.cn/crop.0.0.640.640.640/549d0121tw1egm1kjly3jj20hs0hsq4f.jpg", "profile_url": "rmfxj999", "domain": "rmfxj999", "weihao": "", "gender": "f", "followers_count": 1075981, "followers_count_str": "107.6万", "friends_count": 205, "pagefriends_count": 2, "statuses_count": 1295, "video_status_count": 2, "video_play_count": 0, "super_topic_not_syn_count": 0, "favourites_count": 51, "created_at": "Mon Aug 13 15:44:52 +0800 2018", "following": false, "allow_all_act_msg": false, "geo_enabled": true, "verified": true, "verified_type": 0, "remark": "", "insecurity": {"sexual_content": false}, "ptype": 0, "allow_all_comment": true, "avatar_large": "https://tvax1.sinaimg.cn/crop.0.0.1125.1125.180/007eWSgDly8fu85ficerjj30v90v9gmz.jpg?KID=imgbed,tva&Expires=1674070059&ssig=GPTcFK%2FuGt", "avatar_hd": "https://tvax1.sinaimg.cn/crop.0.0.1125.1125.1024/007eWSgDly8fu85ficerjj30v90v9gmz.jpg?KID=imgbed,tva&Expires=1674070059&ssig=xcqX%2BCzEaS", "verified_reason": "头条文章作者", "verified_trade": "", "verified_reason_url": "", "verified_source": "", "verified_source_url": "", "verified_state": 0, "verified_level": 3, "verified_type_ext": 0, "has_service_tel": false, "verified_reason_modified": "", "verified_contact_name": "", "verified_contact_email": "", "verified_contact_mobile": "", "follow_me": false, "like": false, "like_me": false, "online_status": 0, "bi_followers_count": 2, "lang": "zh-cn", "star": 0, "mbtype": 0, "mbrank": 0, "svip": 0, "mb_expire_time": 0, "block_word": 0, "block_app": 0, "chaohua_ability": 0, "brand_ability": 0, "nft_ability": 0, "vplus_ability": 0, "wenda_ability": 0, "live_ability": 0, "gongyi_ability": 0, "paycolumn_ability": 0, "newbrand_ability": 0, "ecommerce_ability": 0, "hardfan_ability": 0, "wbcolumn_ability": 0, "credit_score": 80, "user_ability": 10747912, "urank": 4, "story_read_state": -1, "verified_detail": {"custom": 0, "data": [{"key": 4, "sub_key": 9, "weight": 999, "desc": "头条文章作者"}]}, "vclub_member": 0, "is_teenager": 0, "is_guardian": 0, "is_teenager_list": 0, "pc_new": 7, "special_follow": false, "planet_video": 2, "video_mark": 0, "live_status": 0, "user_ability_extend": 0, "status_total_counter": {"total_cnt": 448159, "repost_cnt": 113219, "comment_cnt": 119668, "like_cnt": 203212, "comment_like_cnt": 12060}, "video_total_counter": {"play_cnt": 140571}, "brand_account": 0, "hongbaofei": 0, "tab_manage": "[0, 0]", "reward_status": 0, "green_mode": 0, "urisk": 1048576, "unfollowing_recom_switch": 1, "avatar_type": 0}, "annotations": [{}, {}, {"mapi_request": true}], "reposts_count": 0, "comments_count": 0, "reprint_cmt_count": 0, "attitudes_count": 0, "pending_approval_count": 0, "isLongText": true, "reward_exhibition_type": 0, "hide_flag": 0, "mlevel": 128, "show_mlevel": 0, "biz_ids": [230444], "biz_feature": 4294967304, "hasActionTypeCard": 0, "darwin_tags": [], "hot_weibo_tags": [], "text_tag_tips": [], "mblogtype": 0, "userType": 0, "mlevelSource": "monitor", "more_info_type": 0, "number_display_strategy": {"apply_scenario_flag": 3, "display_text_min_number": 1000000, "display_text": "100万+"}, "positive_recom_flag": 0, "content_auth": 0, "gif_ids": "", "is_show_bulletin": 2, "comment_manage_info": {"comment_permission_type": -1, "approval_comment_type": 0, "comment_sort_type": 0, "ai_play_picture_type": 0}, "pic_num": 0, "fid": 4815439312977967, "can_reprint": false, "new_comment_style": 0}, "reply_comment": {"created_at": "Mon Sep 19 16:09:28 +0800 2022", "id": 4815444797817077, "rootid": 4815444797817077, "rootidstr": "4815444797817077", "floor_number": 7, "text": "说实话这种情况未免也太吓人了，我都不敢把孩子送到幼儿园了，这可怎么办", "disable_reply": 0, "restrictOperate": 0, "user": {"id": 6120726560, "idstr": "6120726560", "class": 1, "screen_name": "十七岁的英雄梦", "name": "十七岁的英雄梦", "province": "14", "city": "6", "location": "山西 朔州", "description": "", "url": "", "profile_image_url": "https://tva2.sinaimg.cn/crop.0.0.664.664.50/006GdWA8jw8fc9nix592oj30ig0igjsm.jpg?KID=imgbed,tva&Expires=1674070059&ssig=hlaRvVaMJm", "light_ring": false, "cover_image_phone": "https://ww1.sinaimg.cn/crop.0.0.640.640.640/549d0121tw1egm1kjly3jj20hs0hsq4f.jpg", "profile_url": "u/6120726560", "domain": "", "weihao": "", "gender": "f", "followers_count": 10, "followers_count_str": "10", "friends_count": 426, "pagefriends_count": 49, "statuses_count": 2635, "video_status_count": 0, "video_play_count": 0, "super_topic_not_syn_count": 0, "favourites_count": 0, "created_at": "Mon Jan 30 17:33:33 +0800 2017", "following": false, "allow_all_act_msg": false, "geo_enabled": true, "verified": false, "verified_type": -1, "remark": "", "insecurity": {"sexual_content": false}, "ptype": 0, "allow_all_comment": true, "avatar_large": "https://tva2.sinaimg.cn/crop.0.0.664.664.180/006GdWA8jw8fc9nix592oj30ig0igjsm.jpg?KID=imgbed,tva&Expires=1674070059&ssig=t3DEKX%2BGZj", "avatar_hd": "https://tva2.sinaimg.cn/crop.0.0.664.664.1024/006GdWA8jw8fc9nix592oj30ig0igjsm.jpg?KID=imgbed,tva&Expires=1674070059&ssig=5lreniR5i5", "verified_reason": "", "verified_trade": "", "verified_reason_url": "", "verified_source": "", "verified_source_url": "", "follow_me": false, "like": false, "like_me": false, "online_status": 0, "bi_followers_count": 2, "lang": "zh-cn", "star": 0, "mbtype": 2, "mbrank": 1, "svip": 0, "mb_expire_time": 1667404799, "block_word": 0, "block_app": 0, "chaohua_ability": 0, "brand_ability": 0, "nft_ability": 0, "vplus_ability": 0, "wenda_ability": 0, "live_ability": 0, "gongyi_ability": 0, "paycolumn_ability": 0, "newbrand_ability": 0, "ecommerce_ability": 0, "hardfan_ability": 0, "wbcolumn_ability": 0, "credit_score": 80, "user_ability": 10485760, "cardid": "star_1621", "avatargj_id": "gj_vip_758", "urank": 4, "story_read_state": -1, "vclub_member": 0, "is_teenager": 0, "is_guardian": 0, "is_teenager_list": 0, "pc_new": 0, "special_follow": false, "planet_video": 0, "video_mark": 0, "live_status": 0, "user_ability_extend": 0, "status_total_counter": {"total_cnt": 63, "repost_cnt": 1, "comment_cnt": 43, "like_cnt": 18, "comment_like_cnt": 1}, "video_total_counter": {"play_cnt": -1}, "brand_account": 0, "hongbaofei": 0, "tab_manage": "[0, 0]", "reward_status": 0, "green_mode": 0, "urisk": 0, "unfollowing_recom_switch": 1, "avatar_type": 0}, "mid": "4815444797817077", "idstr": "4815444797817077", "match_ai_play_picture": false}, "reply_original_text": "现在有些幼儿园老师太不负责任了", "readtimetype": "comment", "match_ai_play_picture": false}