{"created_at": "Sun Nov 06 16:52:10 +0800 2022", "id": 4832850156721334, "rootid": 4832404202327903, "rootidstr": "4832404202327903", "floor_number": 0, "text": "回复@狼崽佩奇吹风机:我看视频了[泪]真的心痛", "disable_reply": 0, "restrictOperate": 0, "source_allowclick": 0, "source_type": 4, "source": "<a href=\"\" rel=\"nofollow\">来自河北</a>", "comment_badge": [{"pic_url": "https://h5.sinaimg.cn/upload/114/962/2022/07/08/member_0_bigfan1_1.png", "name": "loyal_fans", "length": 1.33, "actionlog": {"act_code": "3671", "ext": "status:fans"}, "scheme": "https://kefu.weibo.com/faqdetail?id=20848", "new_icon": true}], "user": {"id": 7789003871, "idstr": "7789003871", "class": 1, "screen_name": "杀菌短靴", "name": "杀菌短靴", "province": "100", "city": "1000", "location": "其他", "description": "", "url": "", "profile_image_url": "https://tvax2.sinaimg.cn/crop.0.0.607.607.50/008v7RIHly8h8h5mobkq0j30gv0gvwfd.jpg?KID=imgbed,tva&Expires=1669837851&ssig=FmniUVf%2FSC", "light_ring": false, "profile_url": "u/7789003871", "domain": "", "weihao": "", "gender": "m", "followers_count": 2, "followers_count_str": "2", "friends_count": 48, "pagefriends_count": 2, "statuses_count": 10, "video_status_count": 0, "video_play_count": 0, "super_topic_not_syn_count": 0, "favourites_count": 2, "created_at": "Sun Sep 11 18:56:50 +0800 2022", "following": false, "allow_all_act_msg": false, "geo_enabled": true, "verified": false, "verified_type": -1, "remark": "", "insecurity": {"sexual_content": false}, "ptype": 0, "allow_all_comment": true, "avatar_large": "https://tvax2.sinaimg.cn/crop.0.0.607.607.180/008v7RIHly8h8h5mobkq0j30gv0gvwfd.jpg?KID=imgbed,tva&Expires=1669837851&ssig=L0M9OXqsFo", "avatar_hd": "https://tvax2.sinaimg.cn/crop.0.0.607.607.1024/008v7RIHly8h8h5mobkq0j30gv0gvwfd.jpg?KID=imgbed,tva&Expires=1669837851&ssig=4HCJ6d8tWu", "verified_reason": "", "verified_trade": "", "verified_reason_url": "", "verified_source": "", "verified_source_url": "", "follow_me": false, "like": false, "like_me": false, "online_status": 0, "bi_followers_count": 1, "lang": "zh-cn", "star": 0, "mbtype": 0, "mbrank": 0, "svip": 0, "mb_expire_time": 0, "block_word": 0, "block_app": 0, "chaohua_ability": 0, "brand_ability": 0, "nft_ability": 0, "vplus_ability": 0, "wenda_ability": 0, "live_ability": 0, "gongyi_ability": 0, "paycolumn_ability": 0, "newbrand_ability": 0, "ecommerce_ability": 0, "hardfan_ability": 0, "credit_score": 80, "user_ability": 2097152, "urank": 0, "story_read_state": -1, "vclub_member": 0, "is_teenager": 0, "is_guardian": 0, "is_teenager_list": 0, "pc_new": 0, "special_follow": false, "planet_video": 0, "video_mark": 0, "live_status": 0, "user_ability_extend": 0, "status_total_counter": {"total_cnt": 22, "repost_cnt": 0, "comment_cnt": 13, "like_cnt": 9, "comment_like_cnt": 0}, "video_total_counter": {"play_cnt": -1}, "brand_account": 0, "hongbaofei": 0, "tab_manage": "[0, 0]", "reward_status": 0, "green_mode": 0, "urisk": 0, "avatar_type": 0}, "mid": "4832850156721334", "idstr": "4832850156721334", "status": {"visible": {"type": 0, "list_id": 0}, "created_at": "Sat Nov 05 05:32:17 +0800 2022", "id": 4832316670607901, "idstr": "4832316670607901", "mid": "4832316670607901", "can_edit": false, "version": 6, "show_additional_indication": 0, "text": "敢问路在何方？#呼和浩特跳楼# ​", "textLength": 28, "source_allowclick": 0, "source_type": 2, "source": "", "favorited": false, "truncated": false, "in_reply_to_status_id": "", "in_reply_to_user_id": "", "in_reply_to_screen_name": "", "pic_urls": [{"thumbnail_pic": "http://wx1.sinaimg.cn/thumbnail/006z3ijZgy1h7tt056yfjj30qg0gjgnr.jpg"}, {"thumbnail_pic": "http://wx1.sinaimg.cn/thumbnail/006z3ijZgy1h7tt05jn7pj30t512jqa8.jpg"}, {"thumbnail_pic": "http://wx1.sinaimg.cn/thumbnail/006z3ijZgy1h7tt05zb80j30u01magqi.jpg"}, {"thumbnail_pic": "http://wx1.sinaimg.cn/thumbnail/006z3ijZgy1h7tt06ff9xj30tx1nqtd7.jpg"}, {"thumbnail_pic": "http://wx3.sinaimg.cn/thumbnail/006z3ijZgy1h7tt04tps1j30u01swwif.jpg"}, {"thumbnail_pic": "http://wx1.sinaimg.cn/thumbnail/006z3ijZgy1h7tt04fgp6j30sg1pkadx.jpg"}], "thumbnail_pic": "http://wx1.sinaimg.cn/thumbnail/006z3ijZgy1h7tt056yfjj30qg0gjgnr.jpg", "bmiddle_pic": "http://wx1.sinaimg.cn/bmiddle/006z3ijZgy1h7tt056yfjj30qg0gjgnr.jpg", "original_pic": "http://wx1.sinaimg.cn/large/006z3ijZgy1h7tt056yfjj30qg0gjgnr.jpg", "geo": null, "is_paid": false, "mblog_vip_type": 0, "user": {"id": 6014754167, "idstr": "6014754167", "class": 1, "screen_name": "引爆龟头", "name": "引爆龟头", "province": "100", "city": "1000", "location": "其他", "description": "梦想发财", "url": "", "profile_image_url": "https://tvax3.sinaimg.cn/crop.0.0.1080.1080.50/006z3ijZly8h78smfrzz2j30u00u0glo.jpg?KID=imgbed,tva&Expires=1669837851&ssig=Y2oCIcK7yA", "light_ring": false, "cover_image_phone": "http://wx4.sinaimg.cn/crop.0.0.640.640.640/006z3ijZgy1h86hfzupvdj30v90v9whl.jpg;http://wx3.sinaimg.cn/crop.0.0.640.640.640/006z3ijZgy1h78ssq9470j30v90v9jrm.jpg", "profile_url": "u/6014754167", "domain": "", "weihao": "", "gender": "m", "followers_count": 21590, "followers_count_str": "2.2万", "friends_count": 89, "pagefriends_count": 2, "statuses_count": 757, "video_status_count": 353, "video_play_count": 0, "super_topic_not_syn_count": 0, "favourites_count": 3, "created_at": "Fri Sep 02 15:27:20 +0800 2016", "following": false, "allow_all_act_msg": false, "geo_enabled": true, "verified": false, "verified_type": -1, "remark": "", "insecurity": {"sexual_content": false}, "ptype": 0, "allow_all_comment": true, "avatar_large": "https://tvax3.sinaimg.cn/crop.0.0.1080.1080.180/006z3ijZly8h78smfrzz2j30u00u0glo.jpg?KID=imgbed,tva&Expires=1669837851&ssig=TqTcovxZsI", "avatar_hd": "https://tvax3.sinaimg.cn/crop.0.0.1080.1080.1024/006z3ijZly8h78smfrzz2j30u00u0glo.jpg?KID=imgbed,tva&Expires=1669837851&ssig=15WlPtR8bL", "verified_reason": "", "verified_trade": "", "verified_reason_url": "", "verified_source": "", "verified_source_url": "", "follow_me": false, "like": false, "like_me": false, "online_status": 0, "bi_followers_count": 9, "lang": "zh-cn", "star": 0, "mbtype": 12, "mbrank": 4, "svip": 0, "mb_expire_time": 1694793600, "block_word": 0, "block_app": 1, "chaohua_ability": 0, "brand_ability": 0, "nft_ability": 0, "vplus_ability": 0, "wenda_ability": 0, "live_ability": 0, "gongyi_ability": 0, "paycolumn_ability": 0, "newbrand_ability": 0, "ecommerce_ability": 0, "hardfan_ability": 1, "credit_score": 80, "user_ability": 2359816, "cardid": "star_1021", "urank": 14, "story_read_state": -1, "vclub_member": 0, "is_teenager": 0, "is_guardian": 0, "is_teenager_list": 0, "pc_new": 6, "special_follow": false, "planet_video": 2, "video_mark": 0, "live_status": 0, "user_ability_extend": 0, "status_total_counter": {"total_cnt": 191798, "repost_cnt": 8603, "comment_cnt": 21421, "like_cnt": 92213, "comment_like_cnt": 69561}, "video_total_counter": {"play_cnt": 6318249}, "brand_account": 0, "hongbaofei": 0, "tab_manage": "[0, 0]", "reward_status": 0, "green_mode": 0, "urisk": 0, "avatar_type": 0}, "annotations": [{"photo_sub_type": "0,0,0,0,0,0"}, {}, {"client_mblogid": "iPhone-40597A80-697C-471A-8969-5EAE4889370B"}, {"mapi_request": true}], "reposts_count": 0, "comments_count": 0, "reprint_cmt_count": 0, "attitudes_count": 0, "pending_approval_count": 0, "isLongText": false, "reward_exhibition_type": 0, "hide_flag": 0, "mlevel": 128, "show_mlevel": 0, "biz_feature": 4294967300, "page_type": 64, "hasActionTypeCard": 0, "darwin_tags": [], "hot_weibo_tags": [], "text_tag_tips": [], "mblogtype": 0, "userType": 0, "mlevelSource": "monitor", "more_info_type": 0, "cardid": "star_1021", "number_display_strategy": {"apply_scenario_flag": 3, "display_text_min_number": 1000000, "display_text": "100万+"}, "positive_recom_flag": 0, "content_auth": 0, "gif_ids": "", "is_show_bulletin": 2, "comment_manage_info": {"comment_permission_type": -1, "approval_comment_type": 0, "comment_sort_type": 0, "ai_play_picture_type": 0}, "pic_num": 6, "can_reprint": false, "new_comment_style": 0}, "reply_comment": {"created_at": "Sat Nov 05 11:20:06 +0800 2022", "id": 4832404202327903, "rootid": 4832404202327903, "rootidstr": "4832404202327903", "floor_number": 7, "text": "@杀菌短靴 我靠看的我想杀人[拜拜]", "disable_reply": 0, "restrictOperate": 0, "user": {"id": 7386321079, "idstr": "7386321079", "class": 1, "screen_name": "狼崽佩奇吹风机", "name": "狼崽佩奇吹风机", "province": "13", "city": "11", "location": "河北 衡水", "description": "", "url": "", "profile_image_url": "https://tvax2.sinaimg.cn/crop.0.0.1080.1080.50/0083SfwXly8h0twt4xswcj30u00u0mzf.jpg?KID=imgbed,tva&Expires=1669837851&ssig=6CJ1YdHQ8H", "light_ring": false, "cover_image_phone": "http://ww1.sinaimg.cn/crop.0.0.640.640.640/549d0121tw1egm1kjly3jj20hs0hsq4f.jpg", "profile_url": "u/7386321079", "domain": "", "weihao": "", "gender": "f", "followers_count": 16, "followers_count_str": "16", "friends_count": 970, "pagefriends_count": 38, "statuses_count": 410, "video_status_count": 0, "video_play_count": 0, "super_topic_not_syn_count": 0, "favourites_count": 21, "created_at": "Tue Feb 04 22:49:18 +0800 2020", "following": false, "allow_all_act_msg": false, "geo_enabled": true, "verified": false, "verified_type": -1, "remark": "", "insecurity": {"sexual_content": false}, "ptype": 0, "allow_all_comment": true, "avatar_large": "https://tvax2.sinaimg.cn/crop.0.0.1080.1080.180/0083SfwXly8h0twt4xswcj30u00u0mzf.jpg?KID=imgbed,tva&Expires=1669837851&ssig=0gA2sdl9Fl", "avatar_hd": "https://tvax2.sinaimg.cn/crop.0.0.1080.1080.1024/0083SfwXly8h0twt4xswcj30u00u0mzf.jpg?KID=imgbed,tva&Expires=1669837851&ssig=DZYAux7oX0", "verified_reason": "", "verified_trade": "", "verified_reason_url": "", "verified_source": "", "verified_source_url": "", "follow_me": false, "like": false, "like_me": false, "online_status": 0, "bi_followers_count": 13, "lang": "zh-cn", "star": 0, "mbtype": 0, "mbrank": 0, "svip": 0, "mb_expire_time": 0, "block_word": 0, "block_app": 0, "chaohua_ability": 0, "brand_ability": 0, "nft_ability": 0, "vplus_ability": 0, "wenda_ability": 0, "live_ability": 0, "gongyi_ability": 0, "paycolumn_ability": 0, "newbrand_ability": 0, "ecommerce_ability": 0, "hardfan_ability": 0, "credit_score": 80, "user_ability": 2097152, "urank": 0, "story_read_state": -1, "vclub_member": 0, "is_teenager": 0, "is_guardian": 0, "is_teenager_list": 0, "pc_new": 0, "special_follow": false, "planet_video": 2, "video_mark": 0, "live_status": 0, "user_ability_extend": 0, "status_total_counter": {"total_cnt": 81, "repost_cnt": 1, "comment_cnt": 39, "like_cnt": 40, "comment_like_cnt": 1}, "video_total_counter": {"play_cnt": 0}, "brand_account": 0, "hongbaofei": 0, "tab_manage": "[0, 0]", "reward_status": 0, "green_mode": 0, "urisk": 1073741824, "avatar_type": 0}, "mid": "4832404202327903", "idstr": "4832404202327903", "match_ai_play_picture": false}, "reply_original_text": "我看视频了[泪]真的心痛", "readtimetype": "comment", "match_ai_play_picture": false}