{"mid": "1750070171", "uid": "MjquDdQzm", "name": "36氪", "time": "2022-12-13 19:40:00", "local": "", "iphone": "微博 weibo.com", "context": "【#宜宾世界杯1.4亿赌球案告破#，抓获犯罪嫌疑人22名】。据上游新闻消息，12月13日，记者从四川省公安厅获悉，宜宾市公安局叙州区分局成功打掉两个利用境外赌博网站组织人员参与网上赌球的团伙。。。宜宾市公安局叙州区分局近日接到群众举报，有团伙利用境外赌博网站组织人员参与网上赌球。在宜宾市公安局的指导下，叙州区公安分局抽调精干警力成立专案组，对线索进行核查深挖，进一步掌握了两个团伙的犯罪事实及团伙核心组织人员、架构、代理人员等基本信息和其主要活动地点。。。12月10日晚，专案组在宜宾、成都等地开展集中收网行动，破获卡塔尔世界杯开赛以来宜宾首起赌球案件，抓获犯罪嫌疑人22名，涉案金额逾1.4亿元，现场查扣涉案现金115万余元以及手机、电脑、银行卡、账本等一批涉案物品。。。警方初步调查显示，从卡塔尔世界杯开赛至今，该赌博团伙利用QQ、微信等社交软件推广赌球平台，以电话、微信等形式组织逾700名赌客，下注参与跨境网络赌球违法犯罪活动，从中非法获利。。。宜宾警方向记者介绍，目前相关涉案人员均已被依法采取刑事强制措施，案件正在进一步侦办中。", "comment_num": "2", "like_num": "14", "user": {"focus": "971", "fans": "345万", "tweet": "13万"}}