{"created_at": "Sat Nov 19 00:38:13 +0800 2022", "id": 4837316096951527, "rootid": 4837316096951527, "rootidstr": "4837316096951527", "floor_number": 5, "text": "有人说是虚假信息。[doge]看看明后天跟真实的发布有什么不同吧。", "disable_reply": 0, "is_mblog_author": true, "restrictOperate": 0, "source_allowclick": 0, "source_type": 4, "source": "<a href=\"\" rel=\"nofollow\">来自重庆</a>", "comment_badge": [{"pic_url": "https://h5.sinaimg.cn/upload/1007/25/2019/05/17/feed_icon_poster_identity133low.png", "name": "blogger", "length": 1.33, "actionlog": {"act_code": "3671", "ext": "status:author"}, "scheme": "https://kefu.weibo.com/faqdetail?id=20848"}], "user": {"id": 7722820053, "idstr": "7722820053", "class": 1, "screen_name": "华丽丽如偶4", "name": "华丽丽如偶4", "province": "11", "city": "1000", "location": "北京", "description": "要怎样", "url": "", "profile_image_url": "https://tvax3.sinaimg.cn/crop.0.0.828.828.50/008qEahLly8h84csc2uofj30n00n0mxz.jpg?KID=imgbed,tva&Expires=1669638930&ssig=rs%2BIyQ%2BOSy", "light_ring": false, "profile_url": "u/7722820053", "domain": "", "weihao": "", "gender": "f", "followers_count": 12, "followers_count_str": "12", "friends_count": 164, "pagefriends_count": 0, "statuses_count": 402, "video_status_count": 1, "video_play_count": 0, "super_topic_not_syn_count": 0, "favourites_count": 0, "created_at": "Thu Nov 11 15:26:57 +0800 2021", "following": false, "allow_all_act_msg": false, "geo_enabled": true, "verified": false, "verified_type": -1, "remark": "", "insecurity": {"sexual_content": false}, "ptype": 0, "allow_all_comment": true, "avatar_large": "https://tvax3.sinaimg.cn/crop.0.0.828.828.180/008qEahLly8h84csc2uofj30n00n0mxz.jpg?KID=imgbed,tva&Expires=1669638930&ssig=YIyYoUsofH", "avatar_hd": "https://tvax3.sinaimg.cn/crop.0.0.828.828.1024/008qEahLly8h84csc2uofj30n00n0mxz.jpg?KID=imgbed,tva&Expires=1669638930&ssig=5%2Bivsm%2Fzyv", "verified_reason": "", "verified_trade": "", "verified_reason_url": "", "verified_source": "", "verified_source_url": "", "follow_me": false, "like": false, "like_me": false, "online_status": 0, "bi_followers_count": 6, "lang": "zh-cn", "star": 0, "mbtype": 0, "mbrank": 0, "svip": 0, "mb_expire_time": 0, "block_word": 0, "block_app": 0, "chaohua_ability": 0, "brand_ability": 0, "nft_ability": 0, "vplus_ability": 0, "wenda_ability": 0, "live_ability": 0, "gongyi_ability": 0, "paycolumn_ability": 0, "newbrand_ability": 0, "ecommerce_ability": 0, "hardfan_ability": 0, "credit_score": 80, "user_ability": 262144, "urank": 0, "story_read_state": -1, "vclub_member": 0, "is_teenager": 0, "is_guardian": 0, "is_teenager_list": 0, "pc_new": 7, "special_follow": false, "planet_video": 2, "video_mark": 0, "live_status": 0, "user_ability_extend": 0, "status_total_counter": {"total_cnt": 331, "repost_cnt": 8, "comment_cnt": 62, "like_cnt": 201, "comment_like_cnt": 60}, "video_total_counter": {"play_cnt": 247}, "brand_account": 0, "hongbaofei": 0, "tab_manage": "[0, 0]", "reward_status": 0, "green_mode": 0, "urisk": 52076478464, "avatar_type": 0}, "mid": "4837316096951527", "idstr": "4837316096951527", "status": {"visible": {"type": 0, "list_id": 0}, "created_at": "Sat Nov 19 00:23:12 +0800 2022", "id": 4837312317363352, "idstr": "4837312317363352", "mid": "4837312317363352", "can_edit": false, "version": 3, "show_additional_indication": 0, "text": "#重庆疫情#重庆要封城了？起步价十天！！这是哪个级别的职能部门可以有法可依地下令的？！#重庆封城# ​", "textLength": 94, "source_allowclick": 0, "source_type": 2, "source": "<a href=\"http://weibo.com/\" rel=\"nofollow\">iPhone客户端</a>", "favorited": false, "truncated": false, "in_reply_to_status_id": "", "in_reply_to_user_id": "", "in_reply_to_screen_name": "", "pic_urls": [{"thumbnail_pic": "http://wx3.sinaimg.cn/thumbnail/008qEahLgy1h89qqey0rbj30fl130jyh.jpg"}], "thumbnail_pic": "http://wx3.sinaimg.cn/thumbnail/008qEahLgy1h89qqey0rbj30fl130jyh.jpg", "bmiddle_pic": "http://wx3.sinaimg.cn/bmiddle/008qEahLgy1h89qqey0rbj30fl130jyh.jpg", "original_pic": "http://wx3.sinaimg.cn/large/008qEahLgy1h89qqey0rbj30fl130jyh.jpg", "geo": null, "is_paid": false, "mblog_vip_type": 0, "user": {"id": 7722820053, "idstr": "7722820053", "class": 1, "screen_name": "华丽丽如偶4", "name": "华丽丽如偶4", "province": "11", "city": "1000", "location": "北京", "description": "要怎样", "url": "", "profile_image_url": "https://tvax3.sinaimg.cn/crop.0.0.828.828.50/008qEahLly8h84csc2uofj30n00n0mxz.jpg?KID=imgbed,tva&Expires=1669638930&ssig=rs%2BIyQ%2BOSy", "light_ring": false, "profile_url": "u/7722820053", "domain": "", "weihao": "", "gender": "f", "followers_count": 12, "followers_count_str": "12", "friends_count": 164, "pagefriends_count": 0, "statuses_count": 402, "video_status_count": 1, "video_play_count": 0, "super_topic_not_syn_count": 0, "favourites_count": 0, "created_at": "Thu Nov 11 15:26:57 +0800 2021", "following": false, "allow_all_act_msg": false, "geo_enabled": true, "verified": false, "verified_type": -1, "remark": "", "insecurity": {"sexual_content": false}, "ptype": 0, "allow_all_comment": true, "avatar_large": "https://tvax3.sinaimg.cn/crop.0.0.828.828.180/008qEahLly8h84csc2uofj30n00n0mxz.jpg?KID=imgbed,tva&Expires=1669638930&ssig=YIyYoUsofH", "avatar_hd": "https://tvax3.sinaimg.cn/crop.0.0.828.828.1024/008qEahLly8h84csc2uofj30n00n0mxz.jpg?KID=imgbed,tva&Expires=1669638930&ssig=5%2Bivsm%2Fzyv", "verified_reason": "", "verified_trade": "", "verified_reason_url": "", "verified_source": "", "verified_source_url": "", "follow_me": false, "like": false, "like_me": false, "online_status": 0, "bi_followers_count": 6, "lang": "zh-cn", "star": 0, "mbtype": 0, "mbrank": 0, "svip": 0, "mb_expire_time": 0, "block_word": 0, "block_app": 0, "chaohua_ability": 0, "brand_ability": 0, "nft_ability": 0, "vplus_ability": 0, "wenda_ability": 0, "live_ability": 0, "gongyi_ability": 0, "paycolumn_ability": 0, "newbrand_ability": 0, "ecommerce_ability": 0, "hardfan_ability": 0, "credit_score": 80, "user_ability": 262144, "urank": 0, "story_read_state": -1, "vclub_member": 0, "is_teenager": 0, "is_guardian": 0, "is_teenager_list": 0, "pc_new": 7, "special_follow": false, "planet_video": 2, "video_mark": 0, "live_status": 0, "user_ability_extend": 0, "status_total_counter": {"total_cnt": 331, "repost_cnt": 8, "comment_cnt": 62, "like_cnt": 201, "comment_like_cnt": 60}, "video_total_counter": {"play_cnt": 247}, "brand_account": 0, "hongbaofei": 0, "tab_manage": "[0, 0]", "reward_status": 0, "green_mode": 0, "urisk": 52076478464, "avatar_type": 0}, "annotations": [{"photo_sub_type": "0"}, {"ann_ext": "ann_ext:search|t:5|q:重庆疫情|creator_source:bottomsendweibo"}, {"client_mblogid": "iPhone-54F88FC2-A19C-43D6-A7FB-A4562471DB10"}, {"mapi_request": true}], "picStatus": "0:1", "reposts_count": 0, "comments_count": 0, "reprint_cmt_count": 0, "attitudes_count": 0, "pending_approval_count": 0, "isLongText": false, "reward_exhibition_type": 0, "hide_flag": 0, "mlevel": 128, "show_mlevel": 0, "biz_feature": 4294967300, "page_type": 64, "hasActionTypeCard": 0, "darwin_tags": [], "hot_weibo_tags": [], "text_tag_tips": [], "mblogtype": 0, "userType": 0, "mlevelSource": "monitor", "more_info_type": 0, "number_display_strategy": {"apply_scenario_flag": 3, "display_text_min_number": 1000000, "display_text": "100万+"}, "positive_recom_flag": 0, "content_auth": 0, "gif_ids": "", "is_show_bulletin": 2, "comment_manage_info": {"comment_permission_type": -1, "approval_comment_type": 0, "comment_sort_type": 0, "ai_play_picture_type": 0}, "pic_num": 1, "can_reprint": false, "new_comment_style": 0}, "readtimetype": "comment", "comment_dynamic_message": {"id": "0", "start_color": "#00FFFFFF", "end_color": "#1AFFFFFF", "start_color_dark": "#003A3A3A", "end_color_dark": "#333A3A3A", "name": {"zh_CN": "默认", "zh_HK": "默認", "en_US": "default"}, "scheme": "https://new.vip.weibo.cn/bubble/mall?showmenu=0&decorateId=0&uid=7722820053", "allow_vip_box_content": "用此评论气泡", "allow_vip_box_icon": "https://h5.sinaimg.cn/upload/100/1720/2022/08/08/icon_VIP_for_comment_bubble.png"}, "match_ai_play_picture": false}