{"created_at": "Mon Oct 31 10:47:43 +0800 2022", "id": 4830584117398068, "rootid": 4830584117398068, "rootidstr": "4830584117398068", "floor_number": 10, "text": "英雄走好！#24岁消防员扑救山火不幸牺牲#", "disable_reply": 0, "restrictOperate": 0, "source_allowclick": 0, "source_type": 4, "source": "<a href=\"\" rel=\"nofollow\">来自上海</a>", "user": {"id": 5873397237, "idstr": "5873397237", "class": 1, "screen_name": "金山正风", "name": "金山正风", "province": "31", "city": "16", "location": "上海 金山区", "description": "立足于弘扬社会正能量，普及科学生活知识，帮助民众防范邪教侵害，建立科学理性、健康向上、反邪教的综合性文化平台。", "url": "", "profile_image_url": "https://tvax4.sinaimg.cn/crop.0.0.1062.1062.50/006puaVvly8fwa7wa5960j30ti0tinjc.jpg?KID=imgbed,tva&Expires=1670700075&ssig=OJWjy%2FYeUf", "light_ring": false, "cover_image_phone": "https://ww1.sinaimg.cn/crop.0.0.640.640.640/549d0121tw1egm1kjly3jj20hs0hsq4f.jpg", "profile_url": "jinshanzhengfeng", "domain": "jinshanzhengfeng", "weihao": "", "gender": "m", "followers_count": 21495, "followers_count_str": "2.1万", "friends_count": 172, "pagefriends_count": 0, "statuses_count": 24682, "video_status_count": 0, "video_play_count": 0, "super_topic_not_syn_count": 0, "favourites_count": 1, "created_at": "Thu Mar 03 14:01:33 +0800 2016", "following": false, "allow_all_act_msg": false, "geo_enabled": true, "verified": true, "verified_type": 7, "remark": "", "insecurity": {"sexual_content": false}, "ptype": 0, "allow_all_comment": false, "avatar_large": "https://tvax4.sinaimg.cn/crop.0.0.1062.1062.180/006puaVvly8fwa7wa5960j30ti0tinjc.jpg?KID=imgbed,tva&Expires=1670700075&ssig=owrqnRjGPJ", "avatar_hd": "https://tvax4.sinaimg.cn/crop.0.0.1062.1062.1024/006puaVvly8fwa7wa5960j30ti0tinjc.jpg?KID=imgbed,tva&Expires=1670700075&ssig=YJ4aoiXLj0", "verified_reason": "上海市金山区反邪教协会", "verified_trade": "", "verified_reason_url": "", "verified_source": "", "verified_source_url": "", "verified_state": 0, "verified_level": 3, "verified_type_ext": 0, "pay_remind": 0, "pay_date": "", "has_service_tel": false, "verified_reason_modified": "", "verified_contact_name": "", "verified_contact_email": "jinshanzhengqi@sina.com", "verified_contact_mobile": "", "follow_me": false, "like": false, "like_me": false, "online_status": 0, "bi_followers_count": 100, "lang": "zh-cn", "star": 0, "mbtype": 2, "mbrank": 2, "svip": 0, "mb_expire_time": 1520006399, "block_word": 0, "block_app": 0, "chaohua_ability": 0, "brand_ability": 0, "nft_ability": 0, "vplus_ability": 0, "wenda_ability": 0, "live_ability": 0, "gongyi_ability": 0, "paycolumn_ability": 0, "newbrand_ability": 0, "ecommerce_ability": 0, "hardfan_ability": 0, "credit_score": 80, "user_ability": 8, "cardid": "star_1624", "urank": 26, "story_read_state": -1, "vclub_member": 0, "is_teenager": 0, "is_guardian": 0, "is_teenager_list": 0, "pc_new": 6, "special_follow": false, "planet_video": 0, "video_mark": 0, "live_status": 0, "user_ability_extend": 0, "status_total_counter": {"total_cnt": 2232, "repost_cnt": 825, "comment_cnt": 298, "like_cnt": 1108, "comment_like_cnt": 1}, "video_total_counter": {"play_cnt": -1}, "brand_account": 0, "hongbaofei": 0, "tab_manage": "[0, 0]", "reward_status": 0, "green_mode": 0, "urisk": 0, "avatar_type": 0}, "mid": "4830584117398068", "idstr": "4830584117398068", "status": {"visible": {"type": 0, "list_id": 0}, "created_at": "Sun Oct 30 20:21:55 +0800 2022", "id": 4830366227243153, "idstr": "4830366227243153", "mid": "4830366227243153", "can_edit": false, "show_additional_indication": 0, "text": "【英雄走好！#24岁消防员扑救山火不幸牺牲#】近日，四川省森林消防总队阿坝州支队消防员冯坪坪在湖南山火扑救过程中英勇负伤，因伤重不幸牺牲，年仅24岁。应急管理部森林消防局给其追记一等功，并批准为烈士。30日下午，冯坪坪烈士的遗体运抵重庆，魂归故里。一路走好！http://t.cn/A6oOp8mj  ​", "textLength": 305, "source_allowclick": 0, "source_type": 1, "source": "<a href=\"http://app.weibo.com/t/feed/6vtZb0\" rel=\"nofollow\">微博 weibo.com</a>", "favorited": false, "truncated": false, "in_reply_to_status_id": "", "in_reply_to_user_id": "", "in_reply_to_screen_name": "", "pic_urls": [], "geo": null, "is_paid": false, "mblog_vip_type": 0, "user": {"id": 1590753120, "idstr": "1590753120", "class": 1, "screen_name": "中国反邪教", "name": "中国反邪教", "province": "11", "city": "1000", "location": "北京", "description": "弘扬正能量 关注民生 崇尚科学 破除迷信 抵制邪教 共建和谐家园", "url": "http://blog.kaiwind.com/", "profile_image_url": "https://tvax2.sinaimg.cn/crop.0.0.985.985.50/5ed0f760ly8h8vgw42vp3j20rd0rdwfa.jpg?KID=imgbed,tva&Expires=1670700075&ssig=DoFlG8YQ2M", "light_ring": false, "cover_image": "https://wx2.sinaimg.cn/crop.0.0.920.300/5ed0f760ly1fzu3wsd2y9j20pk08cws1.jpg", "cover_image_phone": "https://wx4.sinaimg.cn/crop.0.0.640.640.640/5ed0f760ly1gp8h55yjplj20u00u0aho.jpg;https://wx2.sinaimg.cn/crop.0.0.640.640.640/5ed0f760ly1gp7e9kw1h6j20u00u0jw2.jpg;https://wx3.sinaimg.cn/crop.0.0.640.640.640/5ed0f760ly1gp7eb855xlj20u00u0aho.jpg", "profile_url": "kaiwindblog", "domain": "kaiwindblog", "weihao": "", "gender": "m", "followers_count": 4156951, "followers_count_str": "415.7万", "friends_count": 456, "pagefriends_count": 15, "statuses_count": 73641, "video_status_count": 5323, "video_play_count": 0, "super_topic_not_syn_count": 0, "favourites_count": 294, "created_at": "Tue Feb 14 10:51:56 +0800 2012", "following": false, "allow_all_act_msg": true, "geo_enabled": false, "verified": true, "verified_type": 1, "remark": "", "insecurity": {"sexual_content": false}, "ptype": 200, "allow_all_comment": true, "avatar_large": "https://tvax2.sinaimg.cn/crop.0.0.985.985.180/5ed0f760ly8h8vgw42vp3j20rd0rdwfa.jpg?KID=imgbed,tva&Expires=1670700075&ssig=Zph4Xcb9j9", "avatar_hd": "https://tvax2.sinaimg.cn/crop.0.0.985.985.1024/5ed0f760ly8h8vgw42vp3j20rd0rdwfa.jpg?KID=imgbed,tva&Expires=1670700075&ssig=6wv1RUj2Fb", "verified_reason": "中国反邪教官方微博", "verified_trade": "", "verified_reason_url": "", "verified_source": "", "verified_source_url": "", "verified_state": 0, "verified_level": 3, "verified_type_ext": 0, "has_service_tel": false, "verified_reason_modified": "中国反邪教官方微博", "verified_contact_name": "", "verified_contact_email": "kaiwindblog@sina.com", "verified_contact_mobile": "", "follow_me": false, "like": false, "like_me": false, "online_status": 0, "bi_followers_count": 355, "lang": "zh-cn", "star": 0, "mbtype": 12, "mbrank": 7, "svip": 0, "mb_expire_time": 1720454400, "block_word": 1, "block_app": 1, "chaohua_ability": 0, "brand_ability": 0, "nft_ability": 0, "vplus_ability": 0, "wenda_ability": 0, "live_ability": 1, "gongyi_ability": 0, "paycolumn_ability": 0, "newbrand_ability": 0, "ecommerce_ability": 0, "hardfan_ability": 1, "credit_score": 80, "user_ability": 547619340, "cardid": "star_1624", "avatargj_id": "gj_vip_722", "urank": 48, "story_read_state": -1, "vclub_member": 0, "is_teenager": 0, "is_guardian": 0, "is_teenager_list": 1, "pc_new": 6, "special_follow": false, "planet_video": 2, "video_mark": 15, "live_status": 0, "user_ability_extend": 0, "status_total_counter": {"total_cnt": 31326583, "repost_cnt": 6380000, "comment_cnt": 2503988, "like_cnt": 15165301, "comment_like_cnt": 7277294}, "video_total_counter": {"play_cnt": 586307367}, "brand_account": 0, "hongbaofei": 0, "tab_manage": "[1108169001354, 0]", "reward_status": 0, "green_mode": 0, "mb_like_privilege": {"like_id": "0039_106", "like_desc": ""}, "urisk": 0, "avatar_type": 0}, "reposts_count": 0, "comments_count": 0, "reprint_cmt_count": 0, "attitudes_count": 0, "pending_approval_count": 0, "isLongText": true, "reward_exhibition_type": 0, "hide_flag": 0, "mlevel": 0, "show_mlevel": 0, "biz_ids": [230444], "biz_feature": 4294967304, "page_type": 64, "hasActionTypeCard": 0, "darwin_tags": [], "hot_weibo_tags": [], "text_tag_tips": [], "mblogtype": 0, "userType": 0, "more_info_type": 0, "cardid": "star_1624", "positive_recom_flag": 0, "content_auth": 0, "gif_ids": "", "is_show_bulletin": 2, "comment_manage_info": {"comment_permission_type": -1, "approval_comment_type": 0, "comment_sort_type": 0, "ai_play_picture_type": 0}, "pic_num": 0, "can_reprint": false, "new_comment_style": 0}, "readtimetype": "comment", "match_ai_play_picture": false}