{"created_at": "Sun Dec 11 15:23:10 +0800 2022", "id": 4845511339671588, "rootid": 4845511339671588, "rootidstr": "4845511339671588", "floor_number": 37, "text": "心疼C罗[心][悲伤]", "disable_reply": 0, "restrictOperate": 0, "source_allowclick": 0, "source_type": 4, "source": "<a href=\"\" rel=\"nofollow\">来自重庆</a>", "user": {"id": 6986320342, "idstr": "6986320342", "class": 1, "screen_name": "新星201412", "name": "新星201412", "province": "50", "city": "1000", "location": "重庆", "description": "爱美食、爱玩耍、有❤️的摩蝎座美妹！", "url": "", "profile_image_url": "https://tvax4.sinaimg.cn/crop.0.0.1080.1080.50/007CNT4aly8h8qqo8lxn8j30u00u0gn5.jpg?KID=imgbed,tva&Expires=1670760639&ssig=oS6AfFZmHO", "light_ring": false, "cover_image_phone": "https://ww1.sinaimg.cn/crop.0.0.640.640.640/549d0121tw1egm1kjly3jj20hs0hsq4f.jpg", "profile_url": "u/6986320342", "domain": "", "weihao": "", "gender": "f", "followers_count": 18, "followers_count_str": "18", "friends_count": 170, "pagefriends_count": 3, "statuses_count": 5, "video_status_count": 0, "video_play_count": 0, "super_topic_not_syn_count": 0, "favourites_count": 4, "created_at": "Wed Feb 06 00:46:42 +0800 2019", "following": false, "allow_all_act_msg": false, "geo_enabled": true, "verified": false, "verified_type": -1, "remark": "", "insecurity": {"sexual_content": false}, "ptype": 0, "allow_all_comment": true, "avatar_large": "https://tvax4.sinaimg.cn/crop.0.0.1080.1080.180/007CNT4aly8h8qqo8lxn8j30u00u0gn5.jpg?KID=imgbed,tva&Expires=1670760639&ssig=ISVF%2B5a35Z", "avatar_hd": "https://tvax4.sinaimg.cn/crop.0.0.1080.1080.1024/007CNT4aly8h8qqo8lxn8j30u00u0gn5.jpg?KID=imgbed,tva&Expires=1670760639&ssig=vvmQxGFs7C", "verified_reason": "", "verified_trade": "", "verified_reason_url": "", "verified_source": "", "verified_source_url": "", "follow_me": false, "like": false, "like_me": false, "online_status": 0, "bi_followers_count": 0, "lang": "zh-cn", "star": 0, "mbtype": 0, "mbrank": 0, "svip": 0, "mb_expire_time": 0, "block_word": 0, "block_app": 0, "chaohua_ability": 0, "brand_ability": 0, "nft_ability": 0, "vplus_ability": 0, "wenda_ability": 0, "live_ability": 0, "gongyi_ability": 0, "paycolumn_ability": 0, "newbrand_ability": 0, "ecommerce_ability": 0, "hardfan_ability": 0, "credit_score": 80, "user_ability": 2097152, "urank": 4, "story_read_state": -1, "vclub_member": 0, "is_teenager": 0, "is_guardian": 0, "is_teenager_list": 0, "pc_new": 0, "special_follow": false, "planet_video": 0, "video_mark": 0, "live_status": 0, "user_ability_extend": 0, "status_total_counter": {"total_cnt": 29, "repost_cnt": 1, "comment_cnt": 4, "like_cnt": 24, "comment_like_cnt": 0}, "video_total_counter": {"play_cnt": -1}, "brand_account": 0, "hongbaofei": 0, "tab_manage": "[0, 0]", "reward_status": 0, "green_mode": 0, "urisk": 17180393472, "avatar_type": 0}, "mid": "4845511339671588", "idstr": "4845511339671588", "status": {"visible": {"type": 0, "list_id": 0}, "created_at": "Sun Dec 11 13:27:09 +0800 2022", "id": 4845482138145070, "idstr": "4845482138145070", "mid": "4845482138145070", "can_edit": false, "show_additional_indication": 0, "text": "心疼！C罗梦碎卡塔尔，告别本届世界杯\n\n#葡萄牙球迷怒喷桑托斯##桑托斯说不后悔C罗替补# http://t.cn/A6Koo7ax ​", "textLength": 103, "source_allowclick": 1, "source_type": 2, "source": "<a href=\"http://weibo.com/\" rel=\"nofollow\">2022倒计时</a>", "favorited": false, "truncated": false, "in_reply_to_status_id": "", "in_reply_to_user_id": "", "in_reply_to_screen_name": "", "pic_urls": [], "geo": null, "is_paid": false, "mblog_vip_type": 0, "user": {"id": 6156735356, "idstr": "6156735356", "class": 1, "screen_name": "正义小黄鸭", "name": "正义小黄鸭", "province": "11", "city": "1000", "location": "北京", "description": "尊严只在剑锋之上，真理只在大炮射程之内", "url": "", "profile_image_url": "https://tvax1.sinaimg.cn/crop.0.0.1080.1080.50/006IF27aly8gmppzdlewdj30u00u0jum.jpg?KID=imgbed,tva&Expires=1670760639&ssig=rnT4ukLqgU", "light_ring": false, "cover_image_phone": "https://ww1.sinaimg.cn/crop.0.0.640.640.640/549d0121tw1egm1kjly3jj20hs0hsq4f.jpg;https://wx1.sinaimg.cn/crop.0.0.640.640.640/006IF27aly1gxmkeo60bcj30u00u075o.jpg", "profile_url": "u/6156735356", "domain": "", "weihao": "", "gender": "m", "followers_count": 73558, "followers_count_str": "7.4万", "friends_count": 2264, "pagefriends_count": 35, "statuses_count": 10970, "video_status_count": 4516, "video_play_count": 0, "super_topic_not_syn_count": 1, "favourites_count": 178, "created_at": "Sat Feb 25 20:21:16 +0800 2017", "following": false, "allow_all_act_msg": false, "geo_enabled": true, "verified": true, "verified_type": 0, "remark": "", "insecurity": {"sexual_content": false}, "ptype": 0, "allow_all_comment": true, "avatar_large": "https://tvax1.sinaimg.cn/crop.0.0.1080.1080.180/006IF27aly8gmppzdlewdj30u00u0jum.jpg?KID=imgbed,tva&Expires=1670760639&ssig=mUz15REDZp", "avatar_hd": "https://tvax1.sinaimg.cn/crop.0.0.1080.1080.1024/006IF27aly8gmppzdlewdj30u00u0jum.jpg?KID=imgbed,tva&Expires=1670760639&ssig=os6fhoT0EN", "verified_reason": "军事博主 超话主持人（边关月超话） 微博原创视频博主", "verified_trade": "", "verified_reason_url": "", "verified_source": "", "verified_source_url": "", "verified_state": 0, "verified_level": 3, "verified_type_ext": 1, "has_service_tel": false, "verified_reason_modified": "", "verified_contact_name": "", "verified_contact_email": "", "verified_contact_mobile": "", "follow_me": false, "like": false, "like_me": false, "online_status": 0, "bi_followers_count": 1603, "lang": "zh-cn", "star": 0, "mbtype": 12, "mbrank": 8, "svip": 1, "mb_expire_time": 1763308800, "block_word": 0, "block_app": 1, "chaohua_ability": 0, "brand_ability": 0, "nft_ability": 0, "vplus_ability": 0, "wenda_ability": 0, "live_ability": 0, "gongyi_ability": 0, "paycolumn_ability": 1, "newbrand_ability": 0, "ecommerce_ability": 0, "hardfan_ability": 1, "credit_score": 80, "user_ability": -2145121752, "cardid": "star_1398", "avatargj_id": "gj_vip_375", "urank": 0, "story_read_state": -1, "verified_detail": {"custom": 0, "data": [{"key": 2, "sub_key": 0, "weight": 101, "desc": "军事博主", "timestamp": 0}, {"key": 16, "sub_key": 1, "weight": 103, "desc": "微博原创视频博主", "timestamp": 0}, {"key": 8, "sub_key": 0, "weight": 102, "desc": "超话主持人（边关月超话）", "timestamp": 0}]}, "vclub_member": 0, "is_teenager": 0, "is_guardian": 0, "is_teenager_list": 0, "pc_new": 7, "special_follow": false, "planet_video": 2, "video_mark": 14, "live_status": 0, "user_ability_extend": 0, "video_cover": {"mid": 4772706731951482}, "status_total_counter": {"total_cnt": 989697, "repost_cnt": 60158, "comment_cnt": 70456, "like_cnt": 574171, "comment_like_cnt": 284912}, "video_total_counter": {"play_cnt": 128913325}, "brand_account": 0, "hongbaofei": 0, "tab_manage": "[4329474701, 0]", "reward_status": 0, "green_mode": 0, "urisk": 0, "avatar_type": 0}, "annotations": [{}, {"ann_ext": "ann_ext:search|t:31|q:#桑托斯说不后悔C罗替补#|creator_source:bottomsendweibo|super_exparams=>{\"system_pic_only\":0}"}, {"client_mblogid": "a962d712-63a5-44d2-993b-e23347dd1ddb"}, {"mapi_request": true}], "reposts_count": 0, "comments_count": 0, "reprint_cmt_count": 0, "attitudes_count": 0, "pending_approval_count": 0, "isLongText": false, "reward_exhibition_type": 0, "hide_flag": 0, "mlevel": 0, "show_mlevel": 0, "biz_ids": [230444], "biz_feature": 4294967304, "page_type": 64, "hasActionTypeCard": 0, "darwin_tags": [], "hot_weibo_tags": [], "text_tag_tips": [], "mblogtype": 0, "userType": 0, "more_info_type": 0, "cardid": "star_1398", "number_display_strategy": {"apply_scenario_flag": 3, "display_text_min_number": 1000000, "display_text": "100万+"}, "positive_recom_flag": 0, "content_auth": 0, "gif_ids": "", "is_show_bulletin": 2, "comment_manage_info": {"comment_permission_type": -1, "approval_comment_type": 0, "comment_sort_type": 0, "ai_play_picture_type": 0}, "pic_num": 0, "fid": 4845481975873565, "can_reprint": false, "new_comment_style": 0}, "readtimetype": "comment", "match_ai_play_picture": false}