{"created_at": "Sun Dec 11 17:06:07 +0800 2022", "id": 4845537247364637, "rootid": 4845492913308102, "rootidstr": "4845492913308102", "floor_number": 0, "text": "回复@溫啊蒂:哎可惜", "disable_reply": 0, "restrictOperate": 0, "source_allowclick": 0, "source_type": 4, "source": "<a href=\"\" rel=\"nofollow\">来自广东</a>", "user": {"id": 7572125020, "idstr": "7572125020", "class": 1, "screen_name": "我是璐呀", "name": "我是璐呀", "province": "35", "city": "2", "location": "福建 厦门", "description": "不了解自己怎么简介", "url": "", "profile_image_url": "https://tvax3.sinaimg.cn/crop.0.0.1080.1080.50/008grRCIly8go8ly7q62oj30u00u078n.jpg?KID=imgbed,tva&Expires=1670760639&ssig=8RxvG%2B%2BOQp", "light_ring": false, "profile_url": "u/7572125020", "domain": "", "weihao": "", "gender": "f", "followers_count": 0, "followers_count_str": "0", "friends_count": 105, "pagefriends_count": 18, "statuses_count": 24, "video_status_count": 0, "video_play_count": 0, "super_topic_not_syn_count": 0, "favourites_count": 0, "created_at": "Fri Mar 05 06:00:46 +0800 2021", "following": false, "allow_all_act_msg": false, "geo_enabled": true, "verified": false, "verified_type": -1, "remark": "", "insecurity": {"sexual_content": false}, "ptype": 0, "allow_all_comment": true, "avatar_large": "https://tvax3.sinaimg.cn/crop.0.0.1080.1080.180/008grRCIly8go8ly7q62oj30u00u078n.jpg?KID=imgbed,tva&Expires=1670760639&ssig=i9Ewpt9Cp8", "avatar_hd": "https://tvax3.sinaimg.cn/crop.0.0.1080.1080.1024/008grRCIly8go8ly7q62oj30u00u078n.jpg?KID=imgbed,tva&Expires=1670760639&ssig=bGOiLbghtP", "verified_reason": "", "verified_trade": "", "verified_reason_url": "", "verified_source": "", "verified_source_url": "", "follow_me": false, "like": false, "like_me": false, "online_status": 0, "bi_followers_count": 0, "lang": "zh-cn", "star": 0, "mbtype": 0, "mbrank": 0, "svip": 0, "mb_expire_time": 0, "block_word": 0, "block_app": 0, "chaohua_ability": 0, "brand_ability": 0, "nft_ability": 0, "vplus_ability": 0, "wenda_ability": 0, "live_ability": 0, "gongyi_ability": 0, "paycolumn_ability": 0, "newbrand_ability": 0, "ecommerce_ability": 0, "hardfan_ability": 0, "credit_score": 80, "user_ability": 2097152, "urank": 0, "story_read_state": -1, "vclub_member": 0, "is_teenager": 0, "is_guardian": 0, "is_teenager_list": 0, "pc_new": 0, "special_follow": false, "planet_video": 0, "video_mark": 0, "live_status": 0, "user_ability_extend": 0, "status_total_counter": {"total_cnt": 0, "repost_cnt": 0, "comment_cnt": 0, "like_cnt": 0, "comment_like_cnt": 0}, "video_total_counter": {"play_cnt": -1}, "brand_account": 0, "hongbaofei": 0, "tab_manage": "[0, 0]", "reward_status": 0, "green_mode": 0, "urisk": 0, "avatar_type": 0}, "mid": "4845537247364637", "idstr": "4845537247364637", "status": {"visible": {"type": 0, "list_id": 0}, "created_at": "Sun Dec 11 13:27:09 +0800 2022", "id": 4845482138145070, "idstr": "4845482138145070", "mid": "4845482138145070", "can_edit": false, "show_additional_indication": 0, "text": "心疼！C罗梦碎卡塔尔，告别本届世界杯\n\n#葡萄牙球迷怒喷桑托斯##桑托斯说不后悔C罗替补# http://t.cn/A6Koo7ax ​", "textLength": 103, "source_allowclick": 1, "source_type": 2, "source": "<a href=\"http://weibo.com/\" rel=\"nofollow\">2022倒计时</a>", "favorited": false, "truncated": false, "in_reply_to_status_id": "", "in_reply_to_user_id": "", "in_reply_to_screen_name": "", "pic_urls": [], "geo": null, "is_paid": false, "mblog_vip_type": 0, "user": {"id": 6156735356, "idstr": "6156735356", "class": 1, "screen_name": "正义小黄鸭", "name": "正义小黄鸭", "province": "11", "city": "1000", "location": "北京", "description": "尊严只在剑锋之上，真理只在大炮射程之内", "url": "", "profile_image_url": "https://tvax1.sinaimg.cn/crop.0.0.1080.1080.50/006IF27aly8gmppzdlewdj30u00u0jum.jpg?KID=imgbed,tva&Expires=1670760639&ssig=rnT4ukLqgU", "light_ring": false, "cover_image_phone": "https://ww1.sinaimg.cn/crop.0.0.640.640.640/549d0121tw1egm1kjly3jj20hs0hsq4f.jpg;https://wx1.sinaimg.cn/crop.0.0.640.640.640/006IF27aly1gxmkeo60bcj30u00u075o.jpg", "profile_url": "u/6156735356", "domain": "", "weihao": "", "gender": "m", "followers_count": 73558, "followers_count_str": "7.4万", "friends_count": 2264, "pagefriends_count": 35, "statuses_count": 10970, "video_status_count": 4516, "video_play_count": 0, "super_topic_not_syn_count": 1, "favourites_count": 178, "created_at": "Sat Feb 25 20:21:16 +0800 2017", "following": false, "allow_all_act_msg": false, "geo_enabled": true, "verified": true, "verified_type": 0, "remark": "", "insecurity": {"sexual_content": false}, "ptype": 0, "allow_all_comment": true, "avatar_large": "https://tvax1.sinaimg.cn/crop.0.0.1080.1080.180/006IF27aly8gmppzdlewdj30u00u0jum.jpg?KID=imgbed,tva&Expires=1670760639&ssig=mUz15REDZp", "avatar_hd": "https://tvax1.sinaimg.cn/crop.0.0.1080.1080.1024/006IF27aly8gmppzdlewdj30u00u0jum.jpg?KID=imgbed,tva&Expires=1670760639&ssig=os6fhoT0EN", "verified_reason": "军事博主 超话主持人（边关月超话） 微博原创视频博主", "verified_trade": "", "verified_reason_url": "", "verified_source": "", "verified_source_url": "", "verified_state": 0, "verified_level": 3, "verified_type_ext": 1, "has_service_tel": false, "verified_reason_modified": "", "verified_contact_name": "", "verified_contact_email": "", "verified_contact_mobile": "", "follow_me": false, "like": false, "like_me": false, "online_status": 0, "bi_followers_count": 1603, "lang": "zh-cn", "star": 0, "mbtype": 12, "mbrank": 8, "svip": 1, "mb_expire_time": 1763308800, "block_word": 0, "block_app": 1, "chaohua_ability": 0, "brand_ability": 0, "nft_ability": 0, "vplus_ability": 0, "wenda_ability": 0, "live_ability": 0, "gongyi_ability": 0, "paycolumn_ability": 1, "newbrand_ability": 0, "ecommerce_ability": 0, "hardfan_ability": 1, "credit_score": 80, "user_ability": -2145121752, "cardid": "star_1398", "avatargj_id": "gj_vip_375", "urank": 0, "story_read_state": -1, "verified_detail": {"custom": 0, "data": [{"key": 2, "sub_key": 0, "weight": 101, "desc": "军事博主", "timestamp": 0}, {"key": 16, "sub_key": 1, "weight": 103, "desc": "微博原创视频博主", "timestamp": 0}, {"key": 8, "sub_key": 0, "weight": 102, "desc": "超话主持人（边关月超话）", "timestamp": 0}]}, "vclub_member": 0, "is_teenager": 0, "is_guardian": 0, "is_teenager_list": 0, "pc_new": 7, "special_follow": false, "planet_video": 2, "video_mark": 14, "live_status": 0, "user_ability_extend": 0, "video_cover": {"mid": 4772706731951482}, "status_total_counter": {"total_cnt": 989697, "repost_cnt": 60158, "comment_cnt": 70456, "like_cnt": 574171, "comment_like_cnt": 284912}, "video_total_counter": {"play_cnt": 128913325}, "brand_account": 0, "hongbaofei": 0, "tab_manage": "[4329474701, 0]", "reward_status": 0, "green_mode": 0, "urisk": 0, "avatar_type": 0}, "annotations": [{}, {"ann_ext": "ann_ext:search|t:31|q:#桑托斯说不后悔C罗替补#|creator_source:bottomsendweibo|super_exparams=>{\"system_pic_only\":0}"}, {"client_mblogid": "a962d712-63a5-44d2-993b-e23347dd1ddb"}, {"mapi_request": true}], "reposts_count": 0, "comments_count": 0, "reprint_cmt_count": 0, "attitudes_count": 0, "pending_approval_count": 0, "isLongText": false, "reward_exhibition_type": 0, "hide_flag": 0, "mlevel": 0, "show_mlevel": 0, "biz_ids": [230444], "biz_feature": 4294967304, "page_type": 64, "hasActionTypeCard": 0, "darwin_tags": [], "hot_weibo_tags": [], "text_tag_tips": [], "mblogtype": 0, "userType": 0, "more_info_type": 0, "cardid": "star_1398", "number_display_strategy": {"apply_scenario_flag": 3, "display_text_min_number": 1000000, "display_text": "100万+"}, "positive_recom_flag": 0, "content_auth": 0, "gif_ids": "", "is_show_bulletin": 2, "comment_manage_info": {"comment_permission_type": -1, "approval_comment_type": 0, "comment_sort_type": 0, "ai_play_picture_type": 0}, "pic_num": 0, "fid": 4845481975873565, "can_reprint": false, "new_comment_style": 0}, "reply_comment": {"created_at": "Sun Dec 11 14:09:57 +0800 2022", "id": 4845492913308102, "rootid": 4845492913308102, "rootidstr": "4845492913308102", "floor_number": 20, "text": "他哭 哭什么 哭不被信任 哭不甘 哭遗憾没参与全程 这么伟大的球员让他上半场坐冷板凳 莫斯里奇 佩佩和他一般大甚至比他大都可以参赛完全程？凭什么他不被首发？没有C罗谁认识葡萄牙队？ 愚蠢的教练，邋遢的队友 这个代价葡萄牙输不冤，唯独可惜了C罗", "disable_reply": 0, "restrictOperate": 0, "user": {"id": 1872015444, "idstr": "1872015444", "class": 1, "screen_name": "溫啊蒂", "name": "溫啊蒂", "province": "31", "city": "1", "location": "上海 黄浦区", "description": "Be cool  be good", "url": "http://wj1122.qzone.qq.com", "profile_image_url": "https://tvax2.sinaimg.cn/crop.0.0.1080.1080.50/6f94b054ly8h45em6yku8j20u00u0tcn.jpg?KID=imgbed,tva&Expires=1670760639&ssig=h1i%2BnNXVhs", "light_ring": false, "cover_image_phone": "https://ww1.sinaimg.cn/crop.0.0.640.640.640/9d44112bjw1f1xl1c10tuj20hs0hs0tw.jpg", "profile_url": "u/1872015444", "domain": "", "weihao": "", "gender": "f", "followers_count": 6539, "followers_count_str": "6539", "friends_count": 812, "pagefriends_count": 17, "statuses_count": 1512, "video_status_count": 4, "video_play_count": 0, "super_topic_not_syn_count": 0, "favourites_count": 9, "created_at": "Mon Nov 08 23:45:10 +0800 2010", "following": false, "allow_all_act_msg": false, "geo_enabled": false, "verified": false, "verified_type": -1, "remark": "", "insecurity": {"sexual_content": false}, "ptype": 0, "allow_all_comment": false, "avatar_large": "https://tvax2.sinaimg.cn/crop.0.0.1080.1080.180/6f94b054ly8h45em6yku8j20u00u0tcn.jpg?KID=imgbed,tva&Expires=1670760639&ssig=Ny%2FNoZ5SOO", "avatar_hd": "https://tvax2.sinaimg.cn/crop.0.0.1080.1080.1024/6f94b054ly8h45em6yku8j20u00u0tcn.jpg?KID=imgbed,tva&Expires=1670760639&ssig=wt%2Fp8jB6Oq", "verified_reason": "", "verified_trade": "", "verified_reason_url": "", "verified_source": "", "verified_source_url": "", "follow_me": false, "like": false, "like_me": false, "online_status": 0, "bi_followers_count": 155, "lang": "zh-hk", "star": 0, "mbtype": 11, "mbrank": 6, "svip": 0, "mb_expire_time": 1674662400, "block_word": 0, "block_app": 1, "chaohua_ability": 0, "brand_ability": 0, "nft_ability": 0, "vplus_ability": 0, "wenda_ability": 0, "live_ability": 0, "gongyi_ability": 0, "paycolumn_ability": 0, "newbrand_ability": 0, "ecommerce_ability": 0, "hardfan_ability": 0, "credit_score": 80, "user_ability": 2359296, "urank": 33, "story_read_state": -1, "vclub_member": 0, "is_teenager": 0, "is_guardian": 0, "is_teenager_list": 0, "pc_new": 0, "special_follow": false, "planet_video": 2, "video_mark": 0, "live_status": 0, "user_ability_extend": 0, "status_total_counter": {"total_cnt": 951, "repost_cnt": 333, "comment_cnt": 318, "like_cnt": 297, "comment_like_cnt": 3}, "video_total_counter": {"play_cnt": 982}, "brand_account": 0, "hongbaofei": 0, "tab_manage": "[0, 0]", "reward_status": 0, "green_mode": 0, "urisk": 0, "avatar_type": 0}, "mid": "4845492913308102", "idstr": "4845492913308102", "sync_id": 4845481975873565, "sync_uuid": 4845481975873565, "sync_generate_level": 1, "match_ai_play_picture": false}, "reply_original_text": "哎可惜", "readtimetype": "comment", "match_ai_play_picture": false}