{"created_at": "Wed Dec 28 17:58:26 +0800 2022", "id": 4851711007261524, "rootid": 4851711007261524, "rootidstr": "4851711007261524", "floor_number": 459, "text": "一路走好[蜡烛]", "disable_reply": 0, "restrictOperate": 0, "source_allowclick": 0, "source_type": 4, "source": "<a href=\"\" rel=\"nofollow\">来自广东</a>", "comment_badge": [{"pic_url": "https://h5.sinaimg.cn/upload/114/962/2022/07/08/member_0_bigfan3_1.png", "name": "loyal_fans", "length": 1.33, "actionlog": {"act_code": "3671", "ext": "status:fans"}, "scheme": "https://kefu.weibo.com/faqdetail?id=20848", "new_icon": true}], "user": {"id": 7500443351, "idstr": "7500443351", "class": 1, "screen_name": "今天你收破烂了吗", "name": "今天你收破烂了吗", "province": "44", "city": "52", "location": "广东 揭阳", "description": "遇事不决李泽言。", "url": "", "profile_image_url": "https://tvax4.sinaimg.cn/crop.0.0.1080.1080.50/008bB5WLly8gy0o6y1ow7j30u00u0tar.jpg?KID=imgbed,tva&Expires=1674043767&ssig=ukWqdavOFA", "light_ring": false, "cover_image_phone": "https://ww1.sinaimg.cn/crop.0.0.640.640.640/549d0121tw1egm1kjly3jj20hs0hsq4f.jpg", "profile_url": "u/7500443351", "domain": "", "weihao": "", "gender": "f", "followers_count": 13, "followers_count_str": "13", "friends_count": 617, "pagefriends_count": 149, "statuses_count": 814, "video_status_count": 1, "video_play_count": 0, "super_topic_not_syn_count": 11, "favourites_count": 205, "created_at": "Sat Sep 05 02:09:55 +0800 2020", "following": false, "allow_all_act_msg": false, "geo_enabled": true, "verified": false, "verified_type": -1, "remark": "", "insecurity": {"sexual_content": false}, "ptype": 0, "allow_all_comment": true, "avatar_large": "https://tvax4.sinaimg.cn/crop.0.0.1080.1080.180/008bB5WLly8gy0o6y1ow7j30u00u0tar.jpg?KID=imgbed,tva&Expires=1674043767&ssig=OxnY7tHEKX", "avatar_hd": "https://tvax4.sinaimg.cn/crop.0.0.1080.1080.1024/008bB5WLly8gy0o6y1ow7j30u00u0tar.jpg?KID=imgbed,tva&Expires=1674043767&ssig=EJCL0xW8dX", "verified_reason": "", "verified_trade": "", "verified_reason_url": "", "verified_source": "", "verified_source_url": "", "follow_me": false, "like": false, "like_me": false, "online_status": 0, "bi_followers_count": 10, "lang": "zh-cn", "star": 0, "mbtype": 0, "mbrank": 0, "svip": 0, "mb_expire_time": 0, "block_word": 0, "block_app": 0, "chaohua_ability": 0, "brand_ability": 0, "nft_ability": 0, "vplus_ability": 0, "wenda_ability": 0, "live_ability": 0, "gongyi_ability": 0, "paycolumn_ability": 0, "newbrand_ability": 0, "ecommerce_ability": 0, "hardfan_ability": 0, "wbcolumn_ability": 0, "credit_score": 80, "user_ability": 2359296, "cardid": "raresvip_0034000832", "avatargj_id": "gj_raresvip_0034000832", "urank": 0, "story_read_state": -1, "vclub_member": 0, "is_teenager": 0, "is_guardian": 0, "is_teenager_list": 0, "pc_new": 7, "special_follow": false, "planet_video": 2, "video_mark": 0, "live_status": 0, "user_ability_extend": 0, "status_total_counter": {"total_cnt": 155, "repost_cnt": 1, "comment_cnt": 50, "like_cnt": 95, "comment_like_cnt": 9}, "video_total_counter": {"play_cnt": 10}, "brand_account": 0, "hongbaofei": 0, "tab_manage": "[0, 0]", "reward_status": 0, "green_mode": 0, "urisk": 17180393472, "unfollowing_recom_switch": 1, "avatar_type": 0, "skin_profile_element": "000025", "skin_cover_poster": "000025", "skin_cover_image": "000025"}, "mid": "4851711007261524", "idstr": "4851711007261524", "status": {"visible": {"type": 0, "list_id": 0}, "created_at": "Wed Dec 28 15:26:59 +0800 2022", "id": 4851672893358264, "idstr": "4851672893358264", "mid": "4851672893358264", "can_edit": false, "show_additional_indication": 0, "text": "【送别！#又一位南京大屠杀幸存者去世#】据@侵华日军南京大屠杀遇难同胞纪念馆 消息：南京大屠杀幸存者袁桂龙于2022年12月28日凌晨去世，享年88岁。南京侵华日军受害者援助协会登记的#南京大屠杀在世幸存者仅剩51位#。铭记历史，珍爱和平！愿老人一路走好！http://t.cn/A6K3vqPm ​", "textLength": 258, "source_allowclick": 0, "source_type": 1, "source": "<a href=\"http://app.weibo.com/t/feed/xEsRX\" rel=\"nofollow\">新版微博 weibo.com</a>", "favorited": false, "truncated": false, "in_reply_to_status_id": "", "in_reply_to_user_id": "", "in_reply_to_screen_name": "", "pic_urls": [], "geo": null, "is_paid": false, "mblog_vip_type": 0, "user": {"id": 2803301701, "idstr": "2803301701", "class": 1, "screen_name": "人民日报", "name": "人民日报", "province": "11", "city": "1000", "location": "北京", "description": "人民日报法人微博。参与、沟通、记录时代。", "url": "", "profile_image_url": "https://tvax4.sinaimg.cn/crop.0.0.1018.1018.50/0033ImPzly8h8vgemh8kxj60sa0sadgw02.jpg?KID=imgbed,tva&Expires=1674043767&ssig=4VR%2BFdhYZE", "light_ring": false, "cover_image": "https://wx4.sinaimg.cn/crop.0.0.920.300/0033ImPzly1gs66yzvybrj60pk08cgya02.jpg", "cover_image_phone": "https://wx1.sinaimg.cn/crop.0.0.640.640.640/0033ImPzly1gs64jwa7uyj60v90v9n1r02.jpg", "profile_url": "rmrb", "domain": "rmrb", "weihao": "", "gender": "m", "followers_count": 150806507, "followers_count_str": "1.51亿", "friends_count": 3063, "pagefriends_count": 2678, "statuses_count": 153133, "video_status_count": 9841, "video_play_count": 0, "super_topic_not_syn_count": 1, "favourites_count": 1031, "created_at": "Sun Jul 22 02:28:35 +0800 2012", "following": false, "allow_all_act_msg": false, "geo_enabled": false, "verified": true, "verified_type": 3, "remark": "", "insecurity": {"sexual_content": false}, "ptype": 0, "allow_all_comment": false, "avatar_large": "https://tvax4.sinaimg.cn/crop.0.0.1018.1018.180/0033ImPzly8h8vgemh8kxj60sa0sadgw02.jpg?KID=imgbed,tva&Expires=1674043767&ssig=B9cRxGhR6u", "avatar_hd": "https://tvax4.sinaimg.cn/crop.0.0.1018.1018.1024/0033ImPzly8h8vgemh8kxj60sa0sadgw02.jpg?KID=imgbed,tva&Expires=1674043767&ssig=Y2wfKi8eAB", "verified_reason": "《人民日报》法人微博", "verified_trade": "", "verified_reason_url": "", "verified_source": "", "verified_source_url": "", "verified_state": 2, "verified_level": 3, "verified_type_ext": 0, "has_service_tel": false, "verified_reason_modified": "辽宁科技大学官方微博，教育官微联盟成员", "verified_contact_name": "", "verified_contact_email": "", "verified_contact_mobile": "", "follow_me": false, "like": false, "like_me": false, "online_status": 0, "bi_followers_count": 363, "lang": "zh-cn", "star": 0, "mbtype": 12, "mbrank": 7, "svip": 0, "mb_expire_time": 1884182400, "block_word": 0, "block_app": 1, "chaohua_ability": 0, "brand_ability": 0, "nft_ability": 0, "vplus_ability": 0, "wenda_ability": 0, "live_ability": 1, "gongyi_ability": 0, "paycolumn_ability": 0, "newbrand_ability": 0, "ecommerce_ability": 0, "hardfan_ability": 1, "wbcolumn_ability": 0, "credit_score": 80, "user_ability": -2135620852, "urank": 48, "story_read_state": -1, "vclub_member": 0, "is_teenager": 0, "is_guardian": 0, "is_teenager_list": 1, "pc_new": 7, "special_follow": false, "planet_video": 2, "video_mark": 15, "live_status": 0, "user_ability_extend": 1, "status_total_counter": {"total_cnt": 3365712713, "repost_cnt": 947595429, "comment_cnt": 234311206, "like_cnt": 1124867221, "comment_like_cnt": 1058938857}, "video_total_counter": {"play_cnt": 37845158447}, "brand_account": 0, "hongbaofei": 0, "tab_manage": "[283691264248460, 0]", "reward_status": 0, "green_mode": 0, "urisk": 0, "unfollowing_recom_switch": 1, "avatar_type": 0}, "annotations": [{}, {}, {"shooting": 1}, {"mapi_request": true}], "reposts_count": 0, "comments_count": 0, "reprint_cmt_count": 0, "attitudes_count": 0, "pending_approval_count": 0, "isLongText": false, "reward_exhibition_type": 0, "hide_flag": 0, "mlevel": 0, "show_mlevel": 0, "biz_ids": [230444], "biz_feature": 4294967304, "page_type": 64, "hasActionTypeCard": 0, "darwin_tags": [], "hot_weibo_tags": [], "text_tag_tips": [], "mblogtype": 0, "userType": 0, "more_info_type": 0, "positive_recom_flag": 0, "content_auth": 0, "gif_ids": "", "is_show_bulletin": 2, "comment_manage_info": {"comment_permission_type": -1, "approval_comment_type": 0, "comment_sort_type": 0, "ai_play_picture_type": 0}, "pic_num": 0, "can_reprint": false, "new_comment_style": 0}, "readtimetype": "comment", "comment_dynamic_message": {"id": "0", "start_color": "#00FFFFFF", "end_color": "#1AFFFFFF", "start_color_dark": "#003A3A3A", "end_color_dark": "#333A3A3A", "name": {"zh_CN": "默认", "zh_HK": "默認", "en_US": "default"}, "scheme": "https://new.vip.weibo.cn/bubble/mall?showmenu=0&decorateId=0&uid=7500443351", "allow_vip_box_content": "用此评论气泡", "allow_vip_box_icon": "https://h5.sinaimg.cn/upload/100/1720/2022/08/08/icon_VIP_for_comment_bubble.png"}, "match_ai_play_picture": false}