{"created_at": "Fri Jul 15 00:28:22 +0800 2022", "id": 4791290358926622, "rootid": 4791281248900780, "rootidstr": "4791281248900780", "floor_number": 0, "text": "回复@摊个荷包蛋:我靠 这什么东西", "disable_reply": 0, "is_mblog_author": true, "restrictOperate": 0, "source_allowclick": 0, "source_type": 4, "source": "<a href=\"\" rel=\"nofollow\">来自上海</a>", "comment_badge": [{"pic_url": "https://h5.sinaimg.cn/upload/1007/25/2019/05/17/feed_icon_poster_identity133low.png", "name": "blogger", "length": 1.33, "actionlog": {"act_code": "3671", "ext": "status:author"}, "scheme": "https://kefu.weibo.com/faqdetail?id=20848"}], "user": {"id": 7709575465, "idstr": "7709575465", "class": 1, "screen_name": "秒倒鱼头汤", "name": "秒倒鱼头汤", "province": "100", "city": "1000", "location": "其他", "description": "不实消息么，连我的做题经历也是你可以否定哒！好厉害喔！不删我微博给我留着挂个牌真是给我面子呢。我的用词可从来没有敲定你们为非作歹诶！", "url": "", "profile_image_url": "https://tvax4.sinaimg.cn/crop.0.0.240.240.50/008pKALnly8h46ro6y5eaj306o06o74e.jpg?KID=imgbed,tva&Expires=1669974788&ssig=5pHWERkgU1", "light_ring": false, "cover_image_phone": "http://ww1.sinaimg.cn/crop.0.0.640.640.640/549d0121tw1egm1kjly3jj20hs0hsq4f.jpg", "profile_url": "u/7709575465", "domain": "", "weihao": "", "gender": "f", "followers_count": 22, "followers_count_str": "22", "friends_count": 11, "pagefriends_count": 7, "statuses_count": 1, "video_status_count": 0, "video_play_count": 0, "super_topic_not_syn_count": 1, "favourites_count": 0, "created_at": "Thu Sep 30 22:01:58 +0800 2021", "following": false, "allow_all_act_msg": false, "geo_enabled": true, "verified": false, "verified_type": -1, "remark": "", "insecurity": {"sexual_content": false}, "ptype": 0, "allow_all_comment": false, "avatar_large": "https://tvax4.sinaimg.cn/crop.0.0.240.240.180/008pKALnly8h46ro6y5eaj306o06o74e.jpg?KID=imgbed,tva&Expires=1669974788&ssig=1FNs971fH3", "avatar_hd": "https://tvax4.sinaimg.cn/crop.0.0.240.240.1024/008pKALnly8h46ro6y5eaj306o06o74e.jpg?KID=imgbed,tva&Expires=1669974788&ssig=%2BMHDtHTjK7", "verified_reason": "", "verified_trade": "", "verified_reason_url": "", "verified_source": "", "verified_source_url": "", "follow_me": false, "like": false, "like_me": false, "online_status": 0, "bi_followers_count": 0, "lang": "zh-cn", "star": 0, "mbtype": 0, "mbrank": 0, "svip": 0, "mb_expire_time": 0, "block_word": 0, "block_app": 0, "chaohua_ability": 0, "brand_ability": 0, "nft_ability": 0, "vplus_ability": 0, "wenda_ability": 0, "live_ability": 0, "gongyi_ability": 0, "paycolumn_ability": 0, "newbrand_ability": 0, "ecommerce_ability": 0, "hardfan_ability": 0, "credit_score": 80, "user_ability": 2097152, "urank": 0, "story_read_state": -1, "vclub_member": 0, "is_teenager": 0, "is_guardian": 0, "is_teenager_list": 0, "pc_new": 0, "special_follow": false, "planet_video": 0, "video_mark": 0, "live_status": 0, "user_ability_extend": 0, "status_total_counter": {"total_cnt": 199, "repost_cnt": 5, "comment_cnt": 60, "like_cnt": 100, "comment_like_cnt": 34}, "video_total_counter": {"play_cnt": -1}, "brand_account": 0, "hongbaofei": 0, "tab_manage": "[0, 0]", "reward_status": 0, "green_mode": 0, "urisk": 0, "avatar_type": 0}, "mid": "4791290358926622", "idstr": "4791290358926622", "status": {"visible": {"type": 0, "list_id": 0}, "created_at": "Thu Jul 14 12:10:01 +0800 2022", "id": 4791104550995338, "idstr": "4791104550995338", "mid": "4791104550995338", "can_edit": false, "version": 1, "show_additional_indication": 0, "text": "#上海中考[超话]#不许屏我‼️‼️‼️‼️\n十分‼️凭什么不重视‼️‼️⚠️⚠️ ​", "textLength": 77, "source_allowclick": 1, "source_type": 1, "source": "<a href=\"http://app.weibo.com/t/feed/2F3i7o\" rel=\"nofollow\">HUAWEI P20 Pro</a>", "favorited": false, "truncated": false, "in_reply_to_status_id": "", "in_reply_to_user_id": "", "in_reply_to_screen_name": "", "pic_urls": [{"thumbnail_pic": "http://wx4.sinaimg.cn/thumbnail/008pKALnly1h46buughe0j30u01q8qfe.jpg"}, {"thumbnail_pic": "http://wx4.sinaimg.cn/thumbnail/008pKALnly1h46buvaprej30u00uh15l.jpg"}], "thumbnail_pic": "http://wx4.sinaimg.cn/thumbnail/008pKALnly1h46buughe0j30u01q8qfe.jpg", "bmiddle_pic": "http://wx4.sinaimg.cn/bmiddle/008pKALnly1h46buughe0j30u01q8qfe.jpg", "original_pic": "http://wx4.sinaimg.cn/large/008pKALnly1h46buughe0j30u01q8qfe.jpg", "geo": null, "is_paid": false, "mblog_vip_type": 0, "user": {"id": 7709575465, "idstr": "7709575465", "class": 1, "screen_name": "秒倒鱼头汤", "name": "秒倒鱼头汤", "province": "100", "city": "1000", "location": "其他", "description": "不实消息么，连我的做题经历也是你可以否定哒！好厉害喔！不删我微博给我留着挂个牌真是给我面子呢。我的用词可从来没有敲定你们为非作歹诶！", "url": "", "profile_image_url": "https://tvax4.sinaimg.cn/crop.0.0.240.240.50/008pKALnly8h46ro6y5eaj306o06o74e.jpg?KID=imgbed,tva&Expires=1669974788&ssig=5pHWERkgU1", "light_ring": false, "cover_image_phone": "http://ww1.sinaimg.cn/crop.0.0.640.640.640/549d0121tw1egm1kjly3jj20hs0hsq4f.jpg", "profile_url": "u/7709575465", "domain": "", "weihao": "", "gender": "f", "followers_count": 22, "followers_count_str": "22", "friends_count": 11, "pagefriends_count": 7, "statuses_count": 1, "video_status_count": 0, "video_play_count": 0, "super_topic_not_syn_count": 1, "favourites_count": 0, "created_at": "Thu Sep 30 22:01:58 +0800 2021", "following": false, "allow_all_act_msg": false, "geo_enabled": true, "verified": false, "verified_type": -1, "remark": "", "insecurity": {"sexual_content": false}, "ptype": 0, "allow_all_comment": false, "avatar_large": "https://tvax4.sinaimg.cn/crop.0.0.240.240.180/008pKALnly8h46ro6y5eaj306o06o74e.jpg?KID=imgbed,tva&Expires=1669974788&ssig=1FNs971fH3", "avatar_hd": "https://tvax4.sinaimg.cn/crop.0.0.240.240.1024/008pKALnly8h46ro6y5eaj306o06o74e.jpg?KID=imgbed,tva&Expires=1669974788&ssig=%2BMHDtHTjK7", "verified_reason": "", "verified_trade": "", "verified_reason_url": "", "verified_source": "", "verified_source_url": "", "follow_me": false, "like": false, "like_me": false, "online_status": 0, "bi_followers_count": 0, "lang": "zh-cn", "star": 0, "mbtype": 0, "mbrank": 0, "svip": 0, "mb_expire_time": 0, "block_word": 0, "block_app": 0, "chaohua_ability": 0, "brand_ability": 0, "nft_ability": 0, "vplus_ability": 0, "wenda_ability": 0, "live_ability": 0, "gongyi_ability": 0, "paycolumn_ability": 0, "newbrand_ability": 0, "ecommerce_ability": 0, "hardfan_ability": 0, "credit_score": 80, "user_ability": 2097152, "urank": 0, "story_read_state": -1, "vclub_member": 0, "is_teenager": 0, "is_guardian": 0, "is_teenager_list": 0, "pc_new": 0, "special_follow": false, "planet_video": 0, "video_mark": 0, "live_status": 0, "user_ability_extend": 0, "status_total_counter": {"total_cnt": 199, "repost_cnt": 5, "comment_cnt": 60, "like_cnt": 100, "comment_like_cnt": 34}, "video_total_counter": {"play_cnt": -1}, "brand_account": 0, "hongbaofei": 0, "tab_manage": "[0, 0]", "reward_status": 0, "green_mode": 0, "urisk": 0, "avatar_type": 0}, "annotations": [{"photo_sub_type": "0,0"}, {}, {"client_mblogid": "230cf2f2-b95b-4e32-94b4-7ed4058770e5"}, {"mapi_request": true}], "picStatus": "0:1,1:1", "reposts_count": 0, "comments_count": 0, "reprint_cmt_count": 0, "attitudes_count": 0, "pending_approval_count": 0, "isLongText": false, "reward_exhibition_type": 0, "hide_flag": 0, "mlevel": 128, "show_mlevel": 0, "biz_feature": 4294967300, "topic_id": "1022:100808b4ef79177a3ca3102dea8d75066f2a05", "sync_mblog": true, "is_imported_topic": false, "page_type": 32, "hasActionTypeCard": 0, "darwin_tags": [], "hot_weibo_tags": [], "text_tag_tips": [], "mblogtype": 0, "userType": 0, "mlevelSource": "monitor", "more_info_type": 0, "number_display_strategy": {"apply_scenario_flag": 3, "display_text_min_number": 1000000, "display_text": "100万+"}, "positive_recom_flag": 0, "content_auth": 0, "gif_ids": "", "is_show_bulletin": 2, "comment_manage_info": {"comment_permission_type": -1, "approval_comment_type": 0, "comment_sort_type": 0, "ai_play_picture_type": 0}, "pic_num": 2, "can_reprint": false, "new_comment_style": 0}, "reply_comment": {"created_at": "Thu Jul 14 23:52:10 +0800 2022", "id": 4791281248900780, "rootid": 4791281248900780, "rootidstr": "4791281248900780", "floor_number": 35, "text": "？？到底是不实还是懒得查[疑问] http://t.cn/A6a010h6", "disable_reply": 0, "restrictOperate": 0, "user": {"id": 6376057131, "idstr": "6376057131", "class": 1, "screen_name": "摊个荷包蛋", "name": "摊个荷包蛋", "province": "31", "city": "4", "location": "上海 徐汇区", "description": "卑微画手求约稿，剪短发后在自恋的路上越走越偏 一会画画一会唱歌的不专一菜鸟（抽奖狂魔）", "url": "", "profile_image_url": "https://tvax3.sinaimg.cn/crop.0.0.996.996.50/006XvhJ9ly8gmy72t8685j30ro0ro76k.jpg?KID=imgbed,tva&Expires=1669974788&ssig=IWUQQCWE37", "light_ring": false, "cover_image_phone": "http://wx3.sinaimg.cn/crop.0.0.640.640.640/006XvhJ9ly1h0q1wzfkxrj30qw0qw75l.jpg", "profile_url": "u/6376057131", "domain": "", "weihao": "", "gender": "f", "followers_count": 42, "followers_count_str": "42", "friends_count": 909, "pagefriends_count": 40, "statuses_count": 378, "video_status_count": 11, "video_play_count": 0, "super_topic_not_syn_count": 21, "favourites_count": 34, "created_at": "Sun Dec 03 18:51:58 +0800 2017", "following": false, "allow_all_act_msg": false, "geo_enabled": true, "verified": false, "verified_type": -1, "remark": "", "insecurity": {"sexual_content": false}, "ptype": 0, "allow_all_comment": true, "avatar_large": "https://tvax3.sinaimg.cn/crop.0.0.996.996.180/006XvhJ9ly8gmy72t8685j30ro0ro76k.jpg?KID=imgbed,tva&Expires=1669974788&ssig=SfpvQqKktX", "avatar_hd": "https://tvax3.sinaimg.cn/crop.0.0.996.996.1024/006XvhJ9ly8gmy72t8685j30ro0ro76k.jpg?KID=imgbed,tva&Expires=1669974788&ssig=ZF9TmbMMs4", "verified_reason": "", "verified_trade": "", "verified_reason_url": "", "verified_source": "", "verified_source_url": "", "follow_me": false, "like": false, "like_me": false, "online_status": 0, "bi_followers_count": 17, "lang": "zh-cn", "star": 0, "mbtype": 12, "mbrank": 6, "svip": 0, "mb_expire_time": 1670774400, "block_word": 0, "block_app": 1, "chaohua_ability": 0, "brand_ability": 0, "nft_ability": 0, "vplus_ability": 0, "wenda_ability": 0, "live_ability": 0, "gongyi_ability": 0, "paycolumn_ability": 0, "newbrand_ability": 0, "ecommerce_ability": 0, "hardfan_ability": 0, "credit_score": 80, "user_ability": 2359296, "cardid": "star_1554", "avatargj_id": "gj_vip_710", "urank": 0, "story_read_state": -1, "vclub_member": 0, "is_teenager": 0, "is_guardian": 0, "is_teenager_list": 0, "pc_new": 0, "special_follow": false, "planet_video": 2, "video_mark": 15, "live_status": 0, "user_ability_extend": 0, "status_total_counter": {"total_cnt": 1364, "repost_cnt": 16, "comment_cnt": 449, "like_cnt": 875, "comment_like_cnt": 24}, "video_total_counter": {"play_cnt": 12575}, "brand_account": 0, "hongbaofei": 0, "tab_manage": "[0, 0]", "reward_status": 0, "green_mode": 0, "urisk": 0, "avatar_type": 0}, "mid": "4791281248900780", "idstr": "4791281248900780", "match_ai_play_picture": false}, "reply_original_text": "我靠 这什么东西", "readtimetype": "comment", "match_ai_play_picture": false}