{"mid": "5380882701", "uid": "MkLCoc4a4", "name": "潼关检察", "time": "2022-12-22 15:17:00", "local": "", "iphone": "iPhone客户端", "context": "【#退役军人组爱心小队深夜送药#：多完成一单，就多帮一个人】陶博是名退役军人，做同城快递员已3年多。近日，北京深夜递送药品的单量爆增，但配送员很少。他和另外14名骑手组成爱心小队，自发延长送单时间到凌晨，坚持把药物送到。“大部分都是药物订单，我们多完成一单，就能多帮助一个人！”@京视频京视频的微博视频", "comment_num": "1", "like_num": "0", "user": {"focus": "1689", "fans": "5064", "tweet": "11万"}}