{"created_at": "Sun Nov 20 17:56:57 +0800 2022", "id": 4837939890096367, "rootid": 4837939890096367, "rootidstr": "4837939890096367", "floor_number": 7, "text": "一定要把凶手抓出来", "disable_reply": 0, "restrictOperate": 0, "source_allowclick": 0, "source_type": 4, "source": "<a href=\"\" rel=\"nofollow\">来自浙江</a>", "user": {"id": 2001671017, "idstr": "2001671017", "class": 1, "screen_name": "柠柠M", "name": "柠柠M", "province": "33", "city": "4", "location": "浙江 嘉兴", "description": "我还爱着，只是少了非在一起的执着！", "url": "", "profile_image_url": "https://tvax2.sinaimg.cn/crop.0.0.1242.1242.50/774f1369ly8fmf03vp8mnj20yi0yi779.jpg?KID=imgbed,tva&Expires=1669637268&ssig=ZoAQUlEwI1", "light_ring": false, "cover_image_phone": "http://ww1.sinaimg.cn/crop.0.0.640.640.640/549d0121tw1egm1kjly3jj20hs0hsq4f.jpg", "profile_url": "u/2001671017", "domain": "", "weihao": "", "gender": "f", "followers_count": 458, "followers_count_str": "458", "friends_count": 543, "pagefriends_count": 12, "statuses_count": 3310, "video_status_count": 1, "video_play_count": 0, "super_topic_not_syn_count": 0, "favourites_count": 142, "created_at": "Wed Mar 02 14:38:24 +0800 2011", "following": false, "allow_all_act_msg": false, "geo_enabled": true, "verified": false, "verified_type": -1, "remark": "", "insecurity": {"sexual_content": false}, "ptype": 0, "allow_all_comment": true, "avatar_large": "https://tvax2.sinaimg.cn/crop.0.0.1242.1242.180/774f1369ly8fmf03vp8mnj20yi0yi779.jpg?KID=imgbed,tva&Expires=1669637268&ssig=%2BJM%2Fb%2B3ZpX", "avatar_hd": "https://tvax2.sinaimg.cn/crop.0.0.1242.1242.1024/774f1369ly8fmf03vp8mnj20yi0yi779.jpg?KID=imgbed,tva&Expires=1669637268&ssig=z9eoKRPTY7", "verified_reason": "", "verified_trade": "", "verified_reason_url": "", "verified_source": "", "verified_source_url": "", "follow_me": false, "like": false, "like_me": false, "online_status": 0, "bi_followers_count": 152, "lang": "zh-cn", "star": 0, "mbtype": 0, "mbrank": 0, "svip": 0, "mb_expire_time": 0, "block_word": 0, "block_app": 0, "chaohua_ability": 0, "brand_ability": 0, "nft_ability": 0, "vplus_ability": 0, "wenda_ability": 0, "live_ability": 0, "gongyi_ability": 0, "paycolumn_ability": 0, "newbrand_ability": 0, "ecommerce_ability": 0, "hardfan_ability": 0, "credit_score": 80, "user_ability": 35651584, "urank": 19, "story_read_state": -1, "vclub_member": 0, "is_teenager": 0, "is_guardian": 0, "is_teenager_list": 0, "pc_new": 0, "special_follow": false, "planet_video": 0, "video_mark": 0, "live_status": 0, "user_ability_extend": 0, "status_total_counter": {"total_cnt": 271, "repost_cnt": 98, "comment_cnt": 135, "like_cnt": 38, "comment_like_cnt": 0}, "video_total_counter": {"play_cnt": 2}, "brand_account": 0, "hongbaofei": 0, "tab_manage": "[0, 0]", "reward_status": 0, "green_mode": 0, "urisk": 0, "avatar_type": 0}, "mid": "4837939890096367", "idstr": "4837939890096367", "status": {"visible": {"type": 0, "list_id": 0}, "created_at": "Sun Nov 20 17:04:59 +0800 2022", "id": 4837926813569933, "idstr": "4837926813569933", "mid": "4837926813569933", "can_edit": false, "version": 4, "show_additional_indication": 0, "text": "失踪36天的江西学生胡鑫宇已被发现，在江西信江河找到遗体！\n\n#云中漫步艺术画廊[超话]##新闻看点##社会新闻# http://t.cn/A6KZqSqK ​", "textLength": 123, "source_allowclick": 1, "source_type": 2, "source": "<a href=\"http://weibo.com/\" rel=\"nofollow\">灯火阑珊Android</a>", "favorited": false, "truncated": false, "in_reply_to_status_id": "", "in_reply_to_user_id": "", "in_reply_to_screen_name": "", "pic_urls": [], "geo": null, "is_paid": false, "mblog_vip_type": 0, "user": {"id": 6387517452, "idstr": "6387517452", "class": 1, "screen_name": "云中漫步_原创诗画", "name": "云中漫步_原创诗画", "province": "44", "city": "1", "location": "广东 广州", "description": "用努力定义优秀！", "url": "http://weibo.com/awalkinthecloud", "profile_image_url": "https://tvax3.sinaimg.cn/crop.0.0.1002.1002.50/006Yhn52ly8h0ozdr9uwuj30ru0ruabg.jpg?KID=imgbed,tva&Expires=1669637268&ssig=TDsgRxtK4E", "light_ring": false, "cover_image": "http://wx4.sinaimg.cn/crop.0.0.920.300/006Yhn52gy1fznfapv150j30pk08cnak.jpg", "cover_image_phone": "http://ww1.sinaimg.cn/crop.0.0.640.640.640/6ce2240djw1e9ob3xerqoj20hs0hsjur.jpg", "profile_url": "awalkinthecloud", "domain": "awalkinthecloud", "weihao": "", "gender": "m", "followers_count": 156766, "followers_count_str": "15.7万", "friends_count": 195, "pagefriends_count": 49, "statuses_count": 40983, "video_status_count": 26757, "video_play_count": 0, "super_topic_not_syn_count": 100, "favourites_count": 341, "created_at": "Thu Oct 26 23:48:39 +0800 2017", "following": false, "allow_all_act_msg": false, "geo_enabled": true, "verified": true, "verified_type": 0, "remark": "", "insecurity": {"sexual_content": false}, "ptype": 0, "allow_all_comment": true, "avatar_large": "https://tvax3.sinaimg.cn/crop.0.0.1002.1002.180/006Yhn52ly8h0ozdr9uwuj30ru0ruabg.jpg?KID=imgbed,tva&Expires=1669637268&ssig=PV999PJ%2BWD", "avatar_hd": "https://tvax3.sinaimg.cn/crop.0.0.1002.1002.1024/006Yhn52ly8h0ozdr9uwuj30ru0ruabg.jpg?KID=imgbed,tva&Expires=1669637268&ssig=ZiE%2FaEDc8I", "verified_reason": "知名设计美学博主 超话主持人（云中漫步艺术画廊超话） 微博原创视频博主 头条文章作者", "verified_trade": "", "verified_reason_url": "", "verified_source": "", "verified_source_url": "", "verified_state": 0, "verified_level": 3, "verified_type_ext": 0, "has_service_tel": false, "verified_reason_modified": "", "verified_contact_name": "", "verified_contact_email": "", "verified_contact_mobile": "", "follow_me": false, "like": false, "like_me": false, "online_status": 0, "bi_followers_count": 199, "lang": "zh-cn", "star": 0, "mbtype": 12, "mbrank": 7, "svip": 0, "mb_expire_time": 1693929600, "block_word": 0, "block_app": 1, "chaohua_ability": 0, "brand_ability": 0, "nft_ability": 0, "vplus_ability": 0, "wenda_ability": 0, "live_ability": 0, "gongyi_ability": 0, "paycolumn_ability": 0, "newbrand_ability": 0, "ecommerce_ability": 0, "hardfan_ability": 1, "credit_score": 80, "user_ability": -2136735224, "cardid": "star_1545", "avatargj_id": "gj_vip_072", "urank": 31, "story_read_state": -1, "verified_detail": {"custom": 1, "data": [{"key": 1, "sub_key": 0, "weight": 0, "desc": "广州市永平卡慕商务酒店物业管理有限公司 销售经理"}, {"key": 2, "sub_key": 0, "weight": 10, "desc": "知名设计美学博主"}, {"key": 8, "sub_key": 0, "weight": 11, "desc": "超话主持人（云中漫步艺术画廊超话）"}, {"key": 4, "sub_key": 9, "weight": 999, "desc": "头条文章作者"}, {"key": 16, "sub_key": 1, "weight": 12, "desc": "微博原创视频博主"}]}, "vclub_member": 0, "is_teenager": 0, "is_guardian": 0, "is_teenager_list": 0, "pc_new": 6, "special_follow": false, "planet_video": 2, "video_mark": 15, "live_status": 0, "user_ability_extend": 0, "status_total_counter": {"total_cnt": 1292952, "repost_cnt": 55442, "comment_cnt": 568542, "like_cnt": 427661, "comment_like_cnt": 241307}, "video_total_counter": {"play_cnt": 67674273}, "brand_account": 0, "hongbaofei": 0, "tab_manage": "[0, 0]", "reward_status": 0, "green_mode": 0, "urisk": 34896609280, "avatar_type": 0}, "annotations": [{}, {}, {"super_exparams": "{\"system_pic_only\":0}"}, {"client_mblogid": "cdea3027-d61a-4f07-b9e3-20d991e12871"}, {"mapi_request": true}], "reposts_count": 0, "comments_count": 0, "reprint_cmt_count": 0, "attitudes_count": 0, "pending_approval_count": 0, "isLongText": false, "reward_exhibition_type": 0, "hide_flag": 0, "mlevel": 128, "show_mlevel": 0, "biz_ids": [230444], "biz_feature": 4294967304, "topic_id": "1022:1008081c27dfe6ba93d11bef356ab2665a3e4c", "sync_mblog": true, "is_imported_topic": false, "page_type": 96, "hasActionTypeCard": 0, "darwin_tags": [], "hot_weibo_tags": [], "text_tag_tips": [], "mblogtype": 0, "userType": 0, "mlevelSource": "monitor", "more_info_type": 0, "cardid": "star_1545", "number_display_strategy": {"apply_scenario_flag": 3, "display_text_min_number": 1000000, "display_text": "100万+"}, "positive_recom_flag": 0, "content_auth": 0, "gif_ids": "", "is_show_bulletin": 2, "comment_manage_info": {"comment_permission_type": -1, "approval_comment_type": 0, "comment_sort_type": 0, "ai_play_picture_type": 0}, "pic_num": 0, "fid": 4837925530632279, "can_reprint": false, "new_comment_style": 0}, "readtimetype": "comment", "sync_id": 4837925530632279, "sync_uuid": 4837925530632279, "sync_generate_level": 1, "match_ai_play_picture": false}