{"created_at": "Tue Dec 20 17:27:32 +0800 2022", "id": 4848804123647123, "rootid": 4848778487530794, "rootidstr": "4848778487530794", "floor_number": 0, "text": "回复@马冬梅我是你大爷:这个是真的，我昨天39.8℃出不了什么汗，但是今天37.4℃稍微一捂就大汗淋漓", "disable_reply": 0, "restrictOperate": 0, "source_allowclick": 0, "source_type": 4, "source": "<a href=\"\" rel=\"nofollow\">来自安徽</a>", "comment_badge": [{"pic_url": "https://h5.sinaimg.cn/upload/114/962/2022/07/08/member_0_bigfan1_1.png", "name": "loyal_fans", "length": 1.33, "actionlog": {"act_code": "3671", "ext": "status:fans"}, "scheme": "https://kefu.weibo.com/faqdetail?id=20848", "new_icon": true}], "user": {"id": 6037551809, "idstr": "6037551809", "class": 1, "screen_name": "一林Echo", "name": "一林Echo", "province": "100", "city": "1000", "location": "其他", "description": "愛自己，做最真实的自己!", "url": "", "profile_image_url": "https://tvax4.sinaimg.cn/crop.0.0.996.996.50/006AAX1Tly8gpbdl7cqn5j30ro0rpjtb.jpg?KID=imgbed,tva&Expires=1674045738&ssig=U4BRELXQII", "light_ring": false, "cover_image_phone": "https://ww1.sinaimg.cn/crop.0.0.640.640.640/549d0121tw1egm1kjly3jj20hs0hsq4f.jpg", "profile_url": "u/6037551809", "domain": "", "weihao": "", "gender": "f", "followers_count": 40, "followers_count_str": "40", "friends_count": 204, "pagefriends_count": 76, "statuses_count": 386, "video_status_count": 0, "video_play_count": 0, "super_topic_not_syn_count": 0, "favourites_count": 372, "created_at": "Tue Oct 04 13:46:51 +0800 2016", "following": false, "allow_all_act_msg": false, "geo_enabled": true, "verified": false, "verified_type": -1, "remark": "", "insecurity": {"sexual_content": false}, "ptype": 0, "allow_all_comment": true, "avatar_large": "https://tvax4.sinaimg.cn/crop.0.0.996.996.180/006AAX1Tly8gpbdl7cqn5j30ro0rpjtb.jpg?KID=imgbed,tva&Expires=1674045738&ssig=tTS31%2BkEaL", "avatar_hd": "https://tvax4.sinaimg.cn/crop.0.0.996.996.1024/006AAX1Tly8gpbdl7cqn5j30ro0rpjtb.jpg?KID=imgbed,tva&Expires=1674045738&ssig=%2BFMUVUolhS", "verified_reason": "", "verified_trade": "", "verified_reason_url": "", "verified_source": "", "verified_source_url": "", "follow_me": false, "like": false, "like_me": false, "online_status": 0, "bi_followers_count": 3, "lang": "zh-cn", "star": 0, "mbtype": 0, "mbrank": 0, "svip": 0, "mb_expire_time": 0, "block_word": 0, "block_app": 0, "chaohua_ability": 0, "brand_ability": 0, "nft_ability": 0, "vplus_ability": 0, "wenda_ability": 0, "live_ability": 0, "gongyi_ability": 0, "paycolumn_ability": 0, "newbrand_ability": 0, "ecommerce_ability": 0, "hardfan_ability": 0, "wbcolumn_ability": 0, "credit_score": 80, "user_ability": 2359296, "cardid": "star_1624", "avatargj_id": "gj_vip_132", "urank": 9, "story_read_state": -1, "vclub_member": 0, "is_teenager": 0, "is_guardian": 0, "is_teenager_list": 0, "pc_new": 7, "special_follow": false, "planet_video": 2, "video_mark": 0, "live_status": 0, "user_ability_extend": 0, "status_total_counter": {"total_cnt": 129, "repost_cnt": 3, "comment_cnt": 10, "like_cnt": 116, "comment_like_cnt": 0}, "video_total_counter": {"play_cnt": 0}, "brand_account": 0, "hongbaofei": 0, "tab_manage": "[0, 0]", "reward_status": 0, "green_mode": 0, "urisk": 0, "unfollowing_recom_switch": 1, "avatar_type": 0}, "mid": "4848804123647123", "idstr": "4848804123647123", "status": {"visible": {"type": 0, "list_id": 0}, "created_at": "Tue Dec 20 15:23:24 +0800 2022", "id": 4848772884731258, "idstr": "4848772884731258", "mid": "4848772884731258", "can_edit": false, "version": 1, "show_additional_indication": 0, "text": "【扩散提醒！医生：#不建议用捂汗方式给婴儿退热#】北京儿童医院急诊科主任王荃：小婴儿的体温调节中枢发育并不健全，皮肤散热是非常重要的退热途径。孩子发烧时，如果穿得过多或盖得过多，就无法通过皮肤进行散热。#捂汗时发热婴儿体温可能越来越高#，可能出现呼吸衰竭、脱水、神经系统损伤等严重的并 ​", "textLength": 323, "source_allowclick": 0, "source_type": 1, "source": "<a href=\"http://app.weibo.com/t/feed/xEsRX\" rel=\"nofollow\">新版微博 weibo.com</a>", "favorited": false, "truncated": false, "in_reply_to_status_id": "", "in_reply_to_user_id": "", "in_reply_to_screen_name": "", "pic_urls": [], "geo": null, "is_paid": false, "mblog_vip_type": 0, "user": {"id": 2656274875, "idstr": "2656274875", "class": 1, "screen_name": "央视新闻", "name": "央视新闻", "province": "11", "city": "1000", "location": "北京", "description": "“央视新闻”是中央广播电视总台新闻新媒体旗舰账号，是总台重大新闻、突发事件和重要报道的首发平台。", "url": "", "profile_image_url": "https://tvax4.sinaimg.cn/crop.0.0.512.512.50/002TLsr9ly8h9qmpgpv09j60e80e8t8z02.jpg?KID=imgbed,tva&Expires=1674045738&ssig=5phE8rGGEC", "light_ring": false, "cover_image": "https://wx3.sinaimg.cn/crop.0.0.920.300/002TLsr9ly1h7fo0mm2puj60pk08c40x02.jpg", "cover_image_phone": "https://wx1.sinaimg.cn/crop.0.0.640.640.640/002TLsr9ly1gs5eyrchgpj60zo0zot9m02.jpg", "profile_url": "cctvxinwen", "domain": "cctvxinwen", "weihao": "", "gender": "m", "followers_count": 130802722, "followers_count_str": "1.31亿", "friends_count": 2738, "pagefriends_count": 2361, "statuses_count": 162830, "video_status_count": 30499, "video_play_count": 0, "super_topic_not_syn_count": 0, "favourites_count": 160, "created_at": "Wed Mar 07 15:11:13 +0800 2012", "following": false, "allow_all_act_msg": true, "geo_enabled": true, "verified": true, "verified_type": 3, "remark": "", "insecurity": {"sexual_content": false}, "ptype": 200, "allow_all_comment": true, "avatar_large": "https://tvax4.sinaimg.cn/crop.0.0.512.512.180/002TLsr9ly8h9qmpgpv09j60e80e8t8z02.jpg?KID=imgbed,tva&Expires=1674045738&ssig=whVSEi5ycl", "avatar_hd": "https://tvax4.sinaimg.cn/crop.0.0.512.512.1024/002TLsr9ly8h9qmpgpv09j60e80e8t8z02.jpg?KID=imgbed,tva&Expires=1674045738&ssig=x1m4C0V5mE", "verified_reason": "中央广播电视总台央视新闻官方账号", "verified_trade": "", "verified_reason_url": "", "verified_source": "", "verified_source_url": "", "verified_state": 2, "verified_level": 3, "verified_type_ext": 0, "has_service_tel": false, "verified_reason_modified": "江苏省大丰区公安局官方微博", "verified_contact_name": "", "verified_contact_email": "", "verified_contact_mobile": "", "follow_me": false, "like": false, "like_me": false, "online_status": 0, "bi_followers_count": 352, "lang": "zh-cn", "star": 0, "mbtype": 12, "mbrank": 7, "svip": 0, "mb_expire_time": 1992614400, "block_word": 1, "block_app": 1, "chaohua_ability": 0, "brand_ability": 0, "nft_ability": 0, "vplus_ability": 0, "wenda_ability": 0, "live_ability": 1, "gongyi_ability": 0, "paycolumn_ability": 0, "newbrand_ability": 0, "ecommerce_ability": 0, "hardfan_ability": 1, "wbcolumn_ability": 0, "credit_score": 80, "user_ability": -2135621108, "urank": 48, "story_read_state": -1, "vclub_member": 0, "is_teenager": 0, "is_guardian": 0, "is_teenager_list": 1, "pc_new": 7, "special_follow": false, "planet_video": 2, "video_mark": 15, "live_status": 0, "user_ability_extend": 1, "status_total_counter": {"total_cnt": 3150150143, "repost_cnt": 1027974193, "comment_cnt": 204955509, "like_cnt": 1025241442, "comment_like_cnt": 891978999}, "video_total_counter": {"play_cnt": 72353801568}, "brand_account": 0, "hongbaofei": 0, "tab_manage": "[283691264248460, 0]", "reward_status": 0, "green_mode": 0, "urisk": 0, "unfollowing_recom_switch": 1, "avatar_type": 0}, "annotations": [{}, {}, {"mapi_request": true}], "reposts_count": 0, "comments_count": 0, "reprint_cmt_count": 0, "attitudes_count": 0, "pending_approval_count": 0, "isLongText": true, "reward_exhibition_type": 0, "hide_flag": 0, "mlevel": 0, "show_mlevel": 0, "biz_ids": [230444], "biz_feature": 4294967304, "page_type": 64, "hasActionTypeCard": 0, "darwin_tags": [], "hot_weibo_tags": [], "text_tag_tips": [], "mblogtype": 0, "userType": 0, "more_info_type": 0, "positive_recom_flag": 0, "content_auth": 3, "gif_ids": "", "is_show_bulletin": 2, "comment_manage_info": {"comment_permission_type": -1, "approval_comment_type": 0, "comment_sort_type": 0, "ai_play_picture_type": 0}, "pic_num": 0, "fid": 4848772038262835, "can_reprint": false, "new_comment_style": 0}, "reply_comment": {"created_at": "Tue Dec 20 17:19:56 +0800 2022", "id": 4848802211301050, "rootid": 4848778487530794, "rootidstr": "4848778487530794", "floor_number": 0, "text": "回复@麗安与鹿:你在逗我？", "disable_reply": 0, "restrictOperate": 0, "comment_badge": [{"pic_url": "https://h5.sinaimg.cn/upload/114/962/2022/07/08/member_0_bigfan1_1.png", "name": "loyal_fans", "length": 1.33, "actionlog": {"act_code": "3671", "ext": "status:fans"}, "scheme": "https://kefu.weibo.com/faqdetail?id=20848", "new_icon": true}, {"pic_url": "https://h5.sinaimg.cn/upload/114/962/2022/07/08/member_0_bigfan1_1.png", "name": "loyal_fans", "length": 1.33, "actionlog": {"act_code": "3671", "ext": "status:fans"}, "scheme": "https://kefu.weibo.com/faqdetail?id=20848", "new_icon": true}, {"pic_url": "https://h5.sinaimg.cn/upload/114/962/2022/07/08/member_0_bigfan1_1.png", "name": "loyal_fans", "length": 1.33, "actionlog": {"act_code": "3671", "ext": "status:fans"}, "scheme": "https://kefu.weibo.com/faqdetail?id=20848", "new_icon": true}], "user": {"id": 5448036730, "idstr": "5448036730", "class": 1, "screen_name": "马冬梅我是你大爷", "name": "马冬梅我是你大爷", "province": "37", "city": "1", "location": "山东 济南", "description": "打工人打工魂打工都是人上人", "url": "", "profile_image_url": "https://tvax2.sinaimg.cn/crop.0.0.664.664.50/005WHpealy8gbsdr2wwh0j30ig0ig74v.jpg?KID=imgbed,tva&Expires=1674045738&ssig=ovnk%2BeLx%2FJ", "light_ring": false, "cover_image_phone": "https://ww1.sinaimg.cn/crop.0.0.640.640.640/549d0121tw1egm1kjly3jj20hs0hsq4f.jpg", "profile_url": "u/5448036730", "domain": "", "weihao": "", "gender": "m", "followers_count": 91, "followers_count_str": "91", "friends_count": 77, "pagefriends_count": 3, "statuses_count": 42, "video_status_count": 2, "video_play_count": 0, "super_topic_not_syn_count": 0, "favourites_count": 0, "created_at": "Sun Dec 28 12:55:52 +0800 2014", "following": false, "allow_all_act_msg": false, "geo_enabled": true, "verified": false, "verified_type": -1, "remark": "", "insecurity": {"sexual_content": false}, "ptype": 0, "allow_all_comment": false, "avatar_large": "https://tvax2.sinaimg.cn/crop.0.0.664.664.180/005WHpealy8gbsdr2wwh0j30ig0ig74v.jpg?KID=imgbed,tva&Expires=1674045738&ssig=0Y4JMclU5t", "avatar_hd": "https://tvax2.sinaimg.cn/crop.0.0.664.664.1024/005WHpealy8gbsdr2wwh0j30ig0ig74v.jpg?KID=imgbed,tva&Expires=1674045738&ssig=wnQLkY87su", "verified_reason": "", "verified_trade": "", "verified_reason_url": "", "verified_source": "", "verified_source_url": "", "follow_me": false, "like": false, "like_me": false, "online_status": 0, "bi_followers_count": 31, "lang": "zh-cn", "star": 0, "mbtype": 0, "mbrank": 0, "svip": 0, "mb_expire_time": 0, "block_word": 0, "block_app": 0, "chaohua_ability": 0, "brand_ability": 0, "nft_ability": 0, "vplus_ability": 0, "wenda_ability": 0, "live_ability": 0, "gongyi_ability": 0, "paycolumn_ability": 0, "newbrand_ability": 0, "ecommerce_ability": 0, "hardfan_ability": 0, "wbcolumn_ability": 0, "credit_score": 80, "user_ability": 35914752, "urank": 9, "story_read_state": -1, "vclub_member": 0, "is_teenager": 0, "is_guardian": 0, "is_teenager_list": 0, "pc_new": 7, "special_follow": false, "planet_video": 1, "video_mark": 2, "live_status": 0, "user_ability_extend": 0, "status_total_counter": {"total_cnt": 214, "repost_cnt": 0, "comment_cnt": 117, "like_cnt": 96, "comment_like_cnt": 1}, "video_total_counter": {"play_cnt": 115}, "brand_account": 0, "hongbaofei": 0, "tab_manage": "[0, 0]", "reward_status": 0, "green_mode": 1, "urisk": 0, "unfollowing_recom_switch": 1, "avatar_type": 0}, "mid": "4848802211301050", "idstr": "4848802211301050", "match_ai_play_picture": false}, "reply_original_text": "这个是真的，我昨天39.8℃出不了什么汗，但是今天37.4℃稍微一捂就大汗淋漓", "readtimetype": "comment", "match_ai_play_picture": false}