{"created_at": "Tue Dec 20 16:22:39 +0800 2022", "id": 4848787795218437, "rootid": 4848782862453871, "rootidstr": "4848782862453871", "floor_number": 0, "text": "回复@老婆小安:因为买不到药了[并不简单]", "disable_reply": 0, "restrictOperate": 0, "source_allowclick": 0, "source_type": 4, "source": "<a href=\"\" rel=\"nofollow\">来自湖南</a>", "comment_badge": [{"pic_url": "https://h5.sinaimg.cn/upload/114/962/2022/07/08/member_0_bigfan1_1.png", "name": "loyal_fans", "length": 1.33, "actionlog": {"act_code": "3671", "ext": "status:fans"}, "scheme": "https://kefu.weibo.com/faqdetail?id=20848", "new_icon": true}], "user": {"id": 6043779497, "idstr": "6043779497", "class": 1, "screen_name": "余心之所善兮00", "name": "余心之所善兮00", "province": "43", "city": "1", "location": "湖南 长沙", "description": "一位少年", "url": "", "profile_image_url": "https://tvax2.sinaimg.cn/crop.0.0.996.996.50/006B158tly8ga4b2abfjuj30ro0ro77c.jpg?KID=imgbed,tva&Expires=1674045738&ssig=VPlRqEyvZm", "light_ring": false, "cover_image_phone": "https://ww1.sinaimg.cn/crop.0.0.640.640.640/549d0121tw1egm1kjly3jj20hs0hsq4f.jpg", "profile_url": "u/6043779497", "domain": "", "weihao": "", "gender": "m", "followers_count": 110, "followers_count_str": "110", "friends_count": 459, "pagefriends_count": 16, "statuses_count": 204, "video_status_count": 1, "video_play_count": 0, "super_topic_not_syn_count": 0, "favourites_count": 107, "created_at": "Wed Oct 12 10:07:10 +0800 2016", "following": false, "allow_all_act_msg": false, "geo_enabled": true, "verified": false, "verified_type": -1, "remark": "", "insecurity": {"sexual_content": false}, "ptype": 0, "allow_all_comment": false, "avatar_large": "https://tvax2.sinaimg.cn/crop.0.0.996.996.180/006B158tly8ga4b2abfjuj30ro0ro77c.jpg?KID=imgbed,tva&Expires=1674045738&ssig=pwyMN8qYgQ", "avatar_hd": "https://tvax2.sinaimg.cn/crop.0.0.996.996.1024/006B158tly8ga4b2abfjuj30ro0ro77c.jpg?KID=imgbed,tva&Expires=1674045738&ssig=kEEUJIaRps", "verified_reason": "", "verified_trade": "", "verified_reason_url": "", "verified_source": "", "verified_source_url": "", "follow_me": false, "like": false, "like_me": false, "online_status": 0, "bi_followers_count": 2, "lang": "zh-cn", "star": 0, "mbtype": 0, "mbrank": 0, "svip": 0, "mb_expire_time": 0, "block_word": 0, "block_app": 0, "chaohua_ability": 0, "brand_ability": 0, "nft_ability": 0, "vplus_ability": 0, "wenda_ability": 0, "live_ability": 0, "gongyi_ability": 0, "paycolumn_ability": 0, "newbrand_ability": 0, "ecommerce_ability": 0, "hardfan_ability": 0, "wbcolumn_ability": 0, "credit_score": 80, "user_ability": 2359296, "cardid": "star_11247_common", "urank": 9, "story_read_state": -1, "vclub_member": 0, "is_teenager": 0, "is_guardian": 0, "is_teenager_list": 0, "pc_new": 0, "special_follow": false, "planet_video": 0, "video_mark": 0, "live_status": 0, "user_ability_extend": 0, "status_total_counter": {"total_cnt": 113, "repost_cnt": 3, "comment_cnt": 35, "like_cnt": 68, "comment_like_cnt": 7}, "video_total_counter": {"play_cnt": 5}, "brand_account": 0, "hongbaofei": 0, "tab_manage": "[0, 0]", "reward_status": 0, "green_mode": 0, "urisk": 566935683072, "unfollowing_recom_switch": 1, "avatar_type": 0}, "mid": "4848787795218437", "idstr": "4848787795218437", "status": {"visible": {"type": 0, "list_id": 0}, "created_at": "Tue Dec 20 15:23:24 +0800 2022", "id": 4848772884731258, "idstr": "4848772884731258", "mid": "4848772884731258", "can_edit": false, "version": 1, "show_additional_indication": 0, "text": "【扩散提醒！医生：#不建议用捂汗方式给婴儿退热#】北京儿童医院急诊科主任王荃：小婴儿的体温调节中枢发育并不健全，皮肤散热是非常重要的退热途径。孩子发烧时，如果穿得过多或盖得过多，就无法通过皮肤进行散热。#捂汗时发热婴儿体温可能越来越高#，可能出现呼吸衰竭、脱水、神经系统损伤等严重的并 ​", "textLength": 323, "source_allowclick": 0, "source_type": 1, "source": "<a href=\"http://app.weibo.com/t/feed/xEsRX\" rel=\"nofollow\">新版微博 weibo.com</a>", "favorited": false, "truncated": false, "in_reply_to_status_id": "", "in_reply_to_user_id": "", "in_reply_to_screen_name": "", "pic_urls": [], "geo": null, "is_paid": false, "mblog_vip_type": 0, "user": {"id": 2656274875, "idstr": "2656274875", "class": 1, "screen_name": "央视新闻", "name": "央视新闻", "province": "11", "city": "1000", "location": "北京", "description": "“央视新闻”是中央广播电视总台新闻新媒体旗舰账号，是总台重大新闻、突发事件和重要报道的首发平台。", "url": "", "profile_image_url": "https://tvax4.sinaimg.cn/crop.0.0.512.512.50/002TLsr9ly8h9qmpgpv09j60e80e8t8z02.jpg?KID=imgbed,tva&Expires=1674045738&ssig=5phE8rGGEC", "light_ring": false, "cover_image": "https://wx3.sinaimg.cn/crop.0.0.920.300/002TLsr9ly1h7fo0mm2puj60pk08c40x02.jpg", "cover_image_phone": "https://wx1.sinaimg.cn/crop.0.0.640.640.640/002TLsr9ly1gs5eyrchgpj60zo0zot9m02.jpg", "profile_url": "cctvxinwen", "domain": "cctvxinwen", "weihao": "", "gender": "m", "followers_count": 130802722, "followers_count_str": "1.31亿", "friends_count": 2738, "pagefriends_count": 2361, "statuses_count": 162830, "video_status_count": 30499, "video_play_count": 0, "super_topic_not_syn_count": 0, "favourites_count": 160, "created_at": "Wed Mar 07 15:11:13 +0800 2012", "following": false, "allow_all_act_msg": true, "geo_enabled": true, "verified": true, "verified_type": 3, "remark": "", "insecurity": {"sexual_content": false}, "ptype": 200, "allow_all_comment": true, "avatar_large": "https://tvax4.sinaimg.cn/crop.0.0.512.512.180/002TLsr9ly8h9qmpgpv09j60e80e8t8z02.jpg?KID=imgbed,tva&Expires=1674045738&ssig=whVSEi5ycl", "avatar_hd": "https://tvax4.sinaimg.cn/crop.0.0.512.512.1024/002TLsr9ly8h9qmpgpv09j60e80e8t8z02.jpg?KID=imgbed,tva&Expires=1674045738&ssig=x1m4C0V5mE", "verified_reason": "中央广播电视总台央视新闻官方账号", "verified_trade": "", "verified_reason_url": "", "verified_source": "", "verified_source_url": "", "verified_state": 2, "verified_level": 3, "verified_type_ext": 0, "has_service_tel": false, "verified_reason_modified": "江苏省大丰区公安局官方微博", "verified_contact_name": "", "verified_contact_email": "", "verified_contact_mobile": "", "follow_me": false, "like": false, "like_me": false, "online_status": 0, "bi_followers_count": 352, "lang": "zh-cn", "star": 0, "mbtype": 12, "mbrank": 7, "svip": 0, "mb_expire_time": 1992614400, "block_word": 1, "block_app": 1, "chaohua_ability": 0, "brand_ability": 0, "nft_ability": 0, "vplus_ability": 0, "wenda_ability": 0, "live_ability": 1, "gongyi_ability": 0, "paycolumn_ability": 0, "newbrand_ability": 0, "ecommerce_ability": 0, "hardfan_ability": 1, "wbcolumn_ability": 0, "credit_score": 80, "user_ability": -2135621108, "urank": 48, "story_read_state": -1, "vclub_member": 0, "is_teenager": 0, "is_guardian": 0, "is_teenager_list": 1, "pc_new": 7, "special_follow": false, "planet_video": 2, "video_mark": 15, "live_status": 0, "user_ability_extend": 1, "status_total_counter": {"total_cnt": 3150150143, "repost_cnt": 1027974193, "comment_cnt": 204955509, "like_cnt": 1025241442, "comment_like_cnt": 891978999}, "video_total_counter": {"play_cnt": 72353801568}, "brand_account": 0, "hongbaofei": 0, "tab_manage": "[283691264248460, 0]", "reward_status": 0, "green_mode": 0, "urisk": 0, "unfollowing_recom_switch": 1, "avatar_type": 0}, "annotations": [{}, {}, {"mapi_request": true}], "reposts_count": 0, "comments_count": 0, "reprint_cmt_count": 0, "attitudes_count": 0, "pending_approval_count": 0, "isLongText": true, "reward_exhibition_type": 0, "hide_flag": 0, "mlevel": 0, "show_mlevel": 0, "biz_ids": [230444], "biz_feature": 4294967304, "page_type": 64, "hasActionTypeCard": 0, "darwin_tags": [], "hot_weibo_tags": [], "text_tag_tips": [], "mblogtype": 0, "userType": 0, "more_info_type": 0, "positive_recom_flag": 0, "content_auth": 3, "gif_ids": "", "is_show_bulletin": 2, "comment_manage_info": {"comment_permission_type": -1, "approval_comment_type": 0, "comment_sort_type": 0, "ai_play_picture_type": 0}, "pic_num": 0, "fid": 4848772038262835, "can_reprint": false, "new_comment_style": 0}, "reply_comment": {"created_at": "Tue Dec 20 16:03:03 +0800 2022", "id": 4848782862453871, "rootid": 4848782862453871, "rootidstr": "4848782862453871", "floor_number": 73, "text": "能不能讲讲为什么买不到药", "disable_reply": 0, "restrictOperate": 0, "user": {"id": 1792847164, "idstr": "1792847164", "class": 1, "screen_name": "老婆小安", "name": "老婆小安", "province": "53", "city": "1", "location": "云南 昆明", "description": "👧 天道酬勤 👧", "url": "", "profile_image_url": "https://tvax3.sinaimg.cn/crop.0.0.996.996.50/6adcad3cly8gb1dtjsx9ij20ro0rodh5.jpg?KID=imgbed,tva&Expires=1674045738&ssig=3xqmKmPMaK", "light_ring": false, "cover_image": "https://ww3.sinaimg.cn/crop.0.105.980.300/6adcad3cgw1dxzpx51qnqj.jpg", "cover_image_phone": "https://ww4.sinaimg.cn/crop.0.0.640.640.640/6ce2240djw1e8iktk4ohij20hs0hsmz6.jpg", "profile_url": "luckteresa", "domain": "luckteresa", "weihao": "", "gender": "f", "followers_count": 478, "followers_count_str": "478", "friends_count": 118, "pagefriends_count": 11, "statuses_count": 167, "video_status_count": 0, "video_play_count": 0, "super_topic_not_syn_count": 3, "favourites_count": 1, "created_at": "Sat Aug 14 12:55:28 +0800 2010", "following": false, "allow_all_act_msg": false, "geo_enabled": false, "verified": false, "verified_type": -1, "remark": "", "insecurity": {"sexual_content": false}, "ptype": 0, "allow_all_comment": true, "avatar_large": "https://tvax3.sinaimg.cn/crop.0.0.996.996.180/6adcad3cly8gb1dtjsx9ij20ro0rodh5.jpg?KID=imgbed,tva&Expires=1674045738&ssig=atYmOf7ADg", "avatar_hd": "https://tvax3.sinaimg.cn/crop.0.0.996.996.1024/6adcad3cly8gb1dtjsx9ij20ro0rodh5.jpg?KID=imgbed,tva&Expires=1674045738&ssig=eZAh8vn8HG", "verified_reason": "", "verified_trade": "", "verified_reason_url": "", "verified_source": "", "verified_source_url": "", "follow_me": false, "like": false, "like_me": false, "online_status": 0, "bi_followers_count": 90, "lang": "zh-cn", "star": 0, "mbtype": 0, "mbrank": 0, "svip": 0, "mb_expire_time": 0, "block_word": 0, "block_app": 0, "credit_score": 80, "user_ability": 35652608, "cardid": "star_110", "avatargj_id": "gj_vip_081", "urank": 35, "story_read_state": -1, "vclub_member": 0, "is_teenager": 0, "is_guardian": 0, "is_teenager_list": 0, "pc_new": 0, "special_follow": false, "planet_video": 0, "video_mark": 0, "live_status": 0, "user_ability_extend": 0, "status_total_counter": {"total_cnt": 176, "repost_cnt": 6, "comment_cnt": 64, "like_cnt": 98, "comment_like_cnt": 8}, "video_total_counter": {"play_cnt": -1}, "brand_account": 0, "hongbaofei": 0, "tab_manage": "[0, 0]", "green_mode": 0, "urisk": 0, "unfollowing_recom_switch": 1, "block": 0, "block_me": 0, "avatar_type": 0}, "mid": "4848782862453871", "idstr": "4848782862453871", "match_ai_play_picture": false}, "reply_original_text": "因为买不到药了[并不简单]", "readtimetype": "comment", "match_ai_play_picture": false}