{"created_at": "Tue Dec 13 19:59:34 +0800 2022", "id": 4846305668766388, "rootid": 4846282378842753, "rootidstr": "4846282378842753", "floor_number": 0, "text": "回复@爱所有的人:现在打仗可不那么简单，你真打印度，欧美不会坐视不管，一套经济制裁下来，国家没事、百姓兜里钱可就没了，参考现今俄罗斯", "disable_reply": 0, "restrictOperate": 0, "source_allowclick": 0, "source_type": 4, "source": "<a href=\"\" rel=\"nofollow\">来自辽宁</a>", "user": {"id": 7331440466, "idstr": "7331440466", "class": 1, "screen_name": "开着鄂A-026oW领3M口罩去", "name": "开着鄂A-026oW领3M口罩去", "province": "31", "city": "12", "location": "上海 闵行区", "description": "饭量很大的快乐宅男", "url": "", "profile_image_url": "https://tvax2.sinaimg.cn/crop.0.0.395.395.50/00809YzMly8gzowd4eji8j30az0azt92.jpg?KID=imgbed,tva&Expires=1673965348&ssig=wkLTHOF86x", "light_ring": false, "profile_url": "u/7331440466", "domain": "", "weihao": "", "gender": "m", "followers_count": 6, "followers_count_str": "6", "friends_count": 165, "pagefriends_count": 2, "statuses_count": 1, "video_status_count": 0, "video_play_count": 0, "super_topic_not_syn_count": 0, "favourites_count": 0, "created_at": "Fri Nov 01 17:02:30 +0800 2019", "following": false, "allow_all_act_msg": false, "geo_enabled": true, "verified": false, "verified_type": -1, "remark": "", "insecurity": {"sexual_content": false}, "ptype": 0, "allow_all_comment": false, "avatar_large": "https://tvax2.sinaimg.cn/crop.0.0.395.395.180/00809YzMly8gzowd4eji8j30az0azt92.jpg?KID=imgbed,tva&Expires=1673965348&ssig=xVgfdIkO5r", "avatar_hd": "https://tvax2.sinaimg.cn/crop.0.0.395.395.1024/00809YzMly8gzowd4eji8j30az0azt92.jpg?KID=imgbed,tva&Expires=1673965348&ssig=O3wuPinuHK", "verified_reason": "", "verified_trade": "", "verified_reason_url": "", "verified_source": "", "verified_source_url": "", "follow_me": false, "like": false, "like_me": false, "online_status": 0, "bi_followers_count": 0, "lang": "zh-cn", "star": 0, "mbtype": 0, "mbrank": 0, "svip": 0, "mb_expire_time": 0, "block_word": 0, "block_app": 0, "chaohua_ability": 0, "brand_ability": 0, "nft_ability": 0, "vplus_ability": 0, "wenda_ability": 0, "live_ability": 0, "gongyi_ability": 0, "paycolumn_ability": 0, "newbrand_ability": 0, "ecommerce_ability": 0, "hardfan_ability": 0, "wbcolumn_ability": 0, "credit_score": 80, "user_ability": 2097152, "avatargj_id": "gj_vip_422", "urank": 0, "story_read_state": -1, "vclub_member": 0, "is_teenager": 0, "is_guardian": 0, "is_teenager_list": 0, "pc_new": 0, "special_follow": false, "planet_video": 2, "video_mark": 0, "live_status": 0, "user_ability_extend": 0, "video_cover": {"mid": 4740644625711447}, "status_total_counter": {"total_cnt": 0, "repost_cnt": 0, "comment_cnt": 0, "like_cnt": 0, "comment_like_cnt": 0}, "video_total_counter": {"play_cnt": 8}, "brand_account": 0, "hongbaofei": 0, "tab_manage": "[0, 0]", "reward_status": 0, "green_mode": 0, "urisk": 549756338176, "avatar_type": 0}, "mid": "4846305668766388", "idstr": "4846305668766388", "status": {"visible": {"type": 0, "list_id": 0}, "created_at": "Tue Dec 13 18:26:26 +0800 2022", "id": 4846282231515020, "idstr": "4846282231515020", "mid": "4846282231515020", "can_edit": false, "version": 120, "show_additional_indication": 0, "text": "【#中方巡逻遭印军非法越线拦阻# 西部战区回应】中国人民解放军西部战区新闻发言人龙绍华大校就我位东章地区例行巡逻发表谈话指出，12月9日，西部战区边防部队位中印边境东段东章地区实控线中方一侧组织例行巡逻，遭到印军非法越线拦阻，我应对处置专业规范有力，稳控现地局势，目前中印双方已脱离接触 ​", "textLength": 362, "source_allowclick": 0, "source_type": 1, "source": "<a href=\"http://app.weibo.com/t/feed/xEsRX\" rel=\"nofollow\">新版微博 weibo.com</a>", "favorited": false, "truncated": false, "in_reply_to_status_id": "", "in_reply_to_user_id": "", "in_reply_to_screen_name": "", "pic_urls": [{"thumbnail_pic": "http://wx3.sinaimg.cn/thumbnail/001WLsZ7ly1h92cwpuo6uj60vs0m0tl702.jpg"}], "thumbnail_pic": "http://wx3.sinaimg.cn/thumbnail/001WLsZ7ly1h92cwpuo6uj60vs0m0tl702.jpg", "bmiddle_pic": "http://wx3.sinaimg.cn/bmiddle/001WLsZ7ly1h92cwpuo6uj60vs0m0tl702.jpg", "original_pic": "http://wx3.sinaimg.cn/large/001WLsZ7ly1h92cwpuo6uj60vs0m0tl702.jpg", "geo": null, "is_paid": false, "mblog_vip_type": 0, "user": {"id": 1784473157, "idstr": "1784473157", "class": 1, "screen_name": "中国新闻网", "name": "中国新闻网", "province": "11", "city": "2", "location": "北京 西城区", "description": "北京中新网信息科技有限公司", "url": "http://www.chinanews.com.cn/", "profile_image_url": "https://tvax3.sinaimg.cn/crop.0.0.300.300.50/001WLsZ7ly8h8vgjl2u01j608c08caa302.jpg?KID=imgbed,tva&Expires=1673965348&ssig=ybuf9ohrH1", "light_ring": false, "cover_image": "https://wx2.sinaimg.cn/crop.0.0.920.300/001WLsZ7ly1h8vk1pfrafj60pk08cdg402.jpg", "cover_image_phone": "https://ww1.sinaimg.cn/crop.0.0.640.640.640/549d0121tw1egm1kjly3jj20hs0hsq4f.jpg;https://wx1.sinaimg.cn/crop.0.0.640.640.640/001WLsZ7ly1h8nbyp1pvaj60u00u00sn02.jpg", "profile_url": "chinanewsv", "domain": "chinanewsv", "weihao": "", "gender": "m", "followers_count": 77764416, "followers_count_str": "7776.4万", "friends_count": 1297, "pagefriends_count": 867, "statuses_count": 207006, "video_status_count": 5868, "video_play_count": 0, "super_topic_not_syn_count": 0, "favourites_count": 2253, "created_at": "Mon Jul 26 13:27:36 +0800 2010", "following": false, "allow_all_act_msg": true, "geo_enabled": true, "verified": true, "verified_type": 3, "remark": "", "insecurity": {"sexual_content": false}, "ptype": 0, "allow_all_comment": true, "avatar_large": "https://tvax3.sinaimg.cn/crop.0.0.300.300.180/001WLsZ7ly8h8vgjl2u01j608c08caa302.jpg?KID=imgbed,tva&Expires=1673965348&ssig=9zDe6Y6UKz", "avatar_hd": "https://tvax3.sinaimg.cn/crop.0.0.300.300.1024/001WLsZ7ly8h8vgjl2u01j608c08caa302.jpg?KID=imgbed,tva&Expires=1673965348&ssig=LuaA9vMPUe", "verified_reason": "中国新闻网法人微博", "verified_trade": "", "verified_reason_url": "", "verified_source": "", "verified_source_url": "", "verified_state": 0, "verified_level": 3, "verified_type_ext": 50, "has_service_tel": false, "verified_reason_modified": "", "verified_contact_name": "", "verified_contact_email": "", "verified_contact_mobile": "", "follow_me": false, "like": false, "like_me": false, "online_status": 0, "bi_followers_count": 390, "lang": "zh-cn", "star": 0, "mbtype": 12, "mbrank": 7, "svip": 0, "mb_expire_time": 1971705600, "block_word": 0, "block_app": 1, "chaohua_ability": 0, "brand_ability": 0, "nft_ability": 0, "vplus_ability": 0, "wenda_ability": 0, "live_ability": 1, "gongyi_ability": 0, "paycolumn_ability": 0, "newbrand_ability": 0, "ecommerce_ability": 0, "hardfan_ability": 1, "wbcolumn_ability": 0, "dianping": "stock", "credit_score": 80, "user_ability": 11863820, "urank": 48, "story_read_state": -1, "vclub_member": 0, "is_teenager": 0, "is_guardian": 0, "is_teenager_list": 1, "pc_new": 7, "special_follow": false, "planet_video": 2, "video_mark": 15, "live_status": 0, "user_ability_extend": 1, "status_total_counter": {"total_cnt": 695456040, "repost_cnt": 42422066, "comment_cnt": 56236086, "like_cnt": 200912542, "comment_like_cnt": 395885346}, "video_total_counter": {"play_cnt": 2033564696}, "brand_account": 0, "hongbaofei": 0, "tab_manage": "[0, 0]", "reward_status": 0, "green_mode": 0, "urisk": 0, "avatar_type": 0}, "annotations": [{"photo_sub_type": "0"}, {}, {"mapi_request": true}], "picStatus": "0:1", "reposts_count": 0, "comments_count": 0, "reprint_cmt_count": 0, "attitudes_count": 0, "pending_approval_count": 0, "isLongText": true, "reward_exhibition_type": 0, "hide_flag": 0, "mlevel": 0, "show_mlevel": 0, "biz_feature": 4294967300, "page_type": 64, "hasActionTypeCard": 0, "darwin_tags": [], "hot_weibo_tags": [], "text_tag_tips": [], "mblogtype": 0, "userType": 0, "extend_info": {"red_envelope": {"red_envelope_flag": "0", "biz_flag": "2"}, "mark": {"value": "1"}}, "more_info_type": 0, "positive_recom_flag": 0, "content_auth": 0, "gif_ids": "", "is_show_bulletin": 2, "comment_manage_info": {"comment_permission_type": -1, "approval_comment_type": 0, "approval_op_from": 1, "comment_sort_type": 0, "ai_play_picture_type": 0}, "pic_num": 1, "can_reprint": false, "new_comment_style": 0}, "reply_comment": {"created_at": "Tue Dec 13 19:37:58 +0800 2022", "id": 4846300232687291, "rootid": 4846282378842753, "rootidstr": "4846282378842753", "floor_number": 0, "text": "回复@悟_空_2022:三哥又想来一场新德里保卫战[笑cry]", "disable_reply": 0, "restrictOperate": 0, "user": {"id": 6563890301, "idstr": "6563890301", "class": 1, "screen_name": "爱所有的人", "name": "爱所有的人", "province": "100", "city": "1000", "location": "其他", "description": "", "url": "", "profile_image_url": "https://tvax3.sinaimg.cn/crop.0.0.1080.1080.50/007adpIply8h4d5rtz6gxj30u00u0n0x.jpg?KID=imgbed,tva&Expires=1673965348&ssig=MugXuicPeX", "light_ring": false, "cover_image_phone": "https://ww1.sinaimg.cn/crop.0.0.640.640.640/549d0121tw1egm1kjly3jj20hs0hsq4f.jpg", "profile_url": "u/6563890301", "domain": "", "weihao": "", "gender": "m", "followers_count": 17, "followers_count_str": "17", "friends_count": 30, "pagefriends_count": 10, "statuses_count": 143, "video_status_count": 1, "video_play_count": 0, "super_topic_not_syn_count": 0, "favourites_count": 78, "created_at": "Thu May 31 19:42:46 +0800 2018", "following": false, "allow_all_act_msg": false, "geo_enabled": true, "verified": false, "verified_type": -1, "remark": "", "insecurity": {"sexual_content": false}, "ptype": 0, "allow_all_comment": false, "avatar_large": "https://tvax3.sinaimg.cn/crop.0.0.1080.1080.180/007adpIply8h4d5rtz6gxj30u00u0n0x.jpg?KID=imgbed,tva&Expires=1673965348&ssig=gJeBE9DML4", "avatar_hd": "https://tvax3.sinaimg.cn/crop.0.0.1080.1080.1024/007adpIply8h4d5rtz6gxj30u00u0n0x.jpg?KID=imgbed,tva&Expires=1673965348&ssig=qF8swCc84A", "verified_reason": "", "verified_trade": "", "verified_reason_url": "", "verified_source": "", "verified_source_url": "", "follow_me": false, "like": false, "like_me": false, "online_status": 0, "bi_followers_count": 1, "lang": "zh-cn", "star": 0, "mbtype": 2, "mbrank": 4, "svip": 0, "mb_expire_time": 1625414399, "block_word": 0, "block_app": 0, "credit_score": 80, "user_ability": 2359296, "urank": 4, "story_read_state": -1, "vclub_member": 0, "is_teenager": 0, "is_guardian": 0, "is_teenager_list": 0, "pc_new": 0, "special_follow": false, "planet_video": 0, "video_mark": 0, "live_status": 0, "user_ability_extend": 0, "status_total_counter": {"total_cnt": 231, "repost_cnt": 4, "comment_cnt": 55, "like_cnt": 141, "comment_like_cnt": 31}, "video_total_counter": {"play_cnt": 700}, "brand_account": 0, "hongbaofei": 0, "tab_manage": "[0, 0]", "green_mode": 0, "urisk": 0, "block": 0, "block_me": 0, "avatar_type": 0}, "mid": "4846300232687291", "idstr": "4846300232687291", "match_ai_play_picture": false}, "reply_original_text": "现在打仗可不那么简单，你真打印度，欧美不会坐视不管，一套经济制裁下来，国家没事、百姓兜里钱可就没了，参考现今俄罗斯", "readtimetype": "comment", "match_ai_play_picture": false}