{"created_at": "Tue Dec 13 20:29:02 +0800 2022", "id": 4846313084556429, "rootid": 4846282378842753, "rootidstr": "4846282378842753", "floor_number": 0, "text": "回复@柴本柴柴:刚刚举报成功[doge]", "disable_reply": 0, "restrictOperate": 0, "source_allowclick": 0, "source_type": 4, "source": "<a href=\"\" rel=\"nofollow\">来自江苏</a>", "user": {"id": 7397208938, "idstr": "7397208938", "class": 1, "screen_name": "黑大帅不会放电", "name": "黑大帅不会放电", "province": "32", "city": "1", "location": "江苏 南京", "description": "希望我们都很快乐.", "url": "", "profile_image_url": "https://tvax2.sinaimg.cn/crop.0.0.1080.1080.50/0084BVXAly8h2n8zoxzizj30u00u0wfl.jpg?KID=imgbed,tva&Expires=1673965300&ssig=%2BaZs7hmmA2", "light_ring": false, "profile_url": "u/7397208938", "domain": "", "weihao": "", "gender": "m", "followers_count": 3, "followers_count_str": "3", "friends_count": 33, "pagefriends_count": 0, "statuses_count": 3, "video_status_count": 0, "video_play_count": 0, "super_topic_not_syn_count": 0, "favourites_count": 10, "created_at": "Sat Feb 22 13:00:27 +0800 2020", "following": false, "allow_all_act_msg": false, "geo_enabled": true, "verified": false, "verified_type": -1, "remark": "", "insecurity": {"sexual_content": false}, "ptype": 0, "allow_all_comment": true, "avatar_large": "https://tvax2.sinaimg.cn/crop.0.0.1080.1080.180/0084BVXAly8h2n8zoxzizj30u00u0wfl.jpg?KID=imgbed,tva&Expires=1673965300&ssig=ASQ9frd2ga", "avatar_hd": "https://tvax2.sinaimg.cn/crop.0.0.1080.1080.1024/0084BVXAly8h2n8zoxzizj30u00u0wfl.jpg?KID=imgbed,tva&Expires=1673965300&ssig=PGzFs2WUBW", "verified_reason": "", "verified_trade": "", "verified_reason_url": "", "verified_source": "", "verified_source_url": "", "follow_me": false, "like": false, "like_me": false, "online_status": 0, "bi_followers_count": 3, "lang": "zh-cn", "star": 0, "mbtype": 0, "mbrank": 0, "svip": 0, "mb_expire_time": 0, "block_word": 0, "block_app": 0, "chaohua_ability": 0, "brand_ability": 0, "nft_ability": 0, "vplus_ability": 0, "wenda_ability": 0, "live_ability": 0, "gongyi_ability": 0, "paycolumn_ability": 0, "newbrand_ability": 0, "ecommerce_ability": 0, "hardfan_ability": 0, "wbcolumn_ability": 0, "credit_score": 80, "user_ability": 0, "urank": 0, "story_read_state": -1, "vclub_member": 0, "is_teenager": 0, "is_guardian": 0, "is_teenager_list": 0, "pc_new": 0, "special_follow": false, "planet_video": 0, "video_mark": 0, "live_status": 0, "user_ability_extend": 0, "status_total_counter": {"total_cnt": 4, "repost_cnt": 0, "comment_cnt": 3, "like_cnt": 1, "comment_like_cnt": 0}, "video_total_counter": {"play_cnt": -1}, "brand_account": 0, "hongbaofei": 0, "tab_manage": "[66186, 0]", "reward_status": 0, "green_mode": 0, "urisk": 524288, "avatar_type": 0}, "mid": "4846313084556429", "idstr": "4846313084556429", "status": {"visible": {"type": 0, "list_id": 0}, "created_at": "Tue Dec 13 18:26:26 +0800 2022", "id": 4846282231515020, "idstr": "4846282231515020", "mid": "4846282231515020", "can_edit": false, "version": 120, "show_additional_indication": 0, "text": "【#中方巡逻遭印军非法越线拦阻# 西部战区回应】中国人民解放军西部战区新闻发言人龙绍华大校就我位东章地区例行巡逻发表谈话指出，12月9日，西部战区边防部队位中印边境东段东章地区实控线中方一侧组织例行巡逻，遭到印军非法越线拦阻，我应对处置专业规范有力，稳控现地局势，目前中印双方已脱离接触 ​", "textLength": 362, "source_allowclick": 0, "source_type": 1, "source": "<a href=\"http://app.weibo.com/t/feed/xEsRX\" rel=\"nofollow\">新版微博 weibo.com</a>", "favorited": false, "truncated": false, "in_reply_to_status_id": "", "in_reply_to_user_id": "", "in_reply_to_screen_name": "", "pic_urls": [{"thumbnail_pic": "http://wx3.sinaimg.cn/thumbnail/001WLsZ7ly1h92cwpuo6uj60vs0m0tl702.jpg"}], "thumbnail_pic": "http://wx3.sinaimg.cn/thumbnail/001WLsZ7ly1h92cwpuo6uj60vs0m0tl702.jpg", "bmiddle_pic": "http://wx3.sinaimg.cn/bmiddle/001WLsZ7ly1h92cwpuo6uj60vs0m0tl702.jpg", "original_pic": "http://wx3.sinaimg.cn/large/001WLsZ7ly1h92cwpuo6uj60vs0m0tl702.jpg", "geo": null, "is_paid": false, "mblog_vip_type": 0, "user": {"id": 1784473157, "idstr": "1784473157", "class": 1, "screen_name": "中国新闻网", "name": "中国新闻网", "province": "11", "city": "2", "location": "北京 西城区", "description": "北京中新网信息科技有限公司", "url": "http://www.chinanews.com.cn/", "profile_image_url": "https://tvax3.sinaimg.cn/crop.0.0.300.300.50/001WLsZ7ly8h8vgjl2u01j608c08caa302.jpg?KID=imgbed,tva&Expires=1673965300&ssig=1HQhQh%2BD7U", "light_ring": false, "cover_image": "https://wx2.sinaimg.cn/crop.0.0.920.300/001WLsZ7ly1h8vk1pfrafj60pk08cdg402.jpg", "cover_image_phone": "https://ww1.sinaimg.cn/crop.0.0.640.640.640/549d0121tw1egm1kjly3jj20hs0hsq4f.jpg;https://wx1.sinaimg.cn/crop.0.0.640.640.640/001WLsZ7ly1h8nbyp1pvaj60u00u00sn02.jpg", "profile_url": "chinanewsv", "domain": "chinanewsv", "weihao": "", "gender": "m", "followers_count": 77764416, "followers_count_str": "7776.4万", "friends_count": 1297, "pagefriends_count": 867, "statuses_count": 207006, "video_status_count": 5868, "video_play_count": 0, "super_topic_not_syn_count": 0, "favourites_count": 2253, "created_at": "Mon Jul 26 13:27:36 +0800 2010", "following": false, "allow_all_act_msg": true, "geo_enabled": true, "verified": true, "verified_type": 3, "remark": "", "insecurity": {"sexual_content": false}, "ptype": 0, "allow_all_comment": true, "avatar_large": "https://tvax3.sinaimg.cn/crop.0.0.300.300.180/001WLsZ7ly8h8vgjl2u01j608c08caa302.jpg?KID=imgbed,tva&Expires=1673965300&ssig=2UICRtYSby", "avatar_hd": "https://tvax3.sinaimg.cn/crop.0.0.300.300.1024/001WLsZ7ly8h8vgjl2u01j608c08caa302.jpg?KID=imgbed,tva&Expires=1673965300&ssig=%2FJuf3sPDzx", "verified_reason": "中国新闻网法人微博", "verified_trade": "", "verified_reason_url": "", "verified_source": "", "verified_source_url": "", "verified_state": 0, "verified_level": 3, "verified_type_ext": 50, "has_service_tel": false, "verified_reason_modified": "", "verified_contact_name": "", "verified_contact_email": "", "verified_contact_mobile": "", "follow_me": false, "like": false, "like_me": false, "online_status": 0, "bi_followers_count": 390, "lang": "zh-cn", "star": 0, "mbtype": 12, "mbrank": 7, "svip": 0, "mb_expire_time": 1971705600, "block_word": 0, "block_app": 1, "chaohua_ability": 0, "brand_ability": 0, "nft_ability": 0, "vplus_ability": 0, "wenda_ability": 0, "live_ability": 1, "gongyi_ability": 0, "paycolumn_ability": 0, "newbrand_ability": 0, "ecommerce_ability": 0, "hardfan_ability": 1, "wbcolumn_ability": 0, "dianping": "stock", "credit_score": 80, "user_ability": 11863820, "urank": 48, "story_read_state": -1, "vclub_member": 0, "is_teenager": 0, "is_guardian": 0, "is_teenager_list": 1, "pc_new": 7, "special_follow": false, "planet_video": 2, "video_mark": 15, "live_status": 0, "user_ability_extend": 1, "status_total_counter": {"total_cnt": 695456040, "repost_cnt": 42422066, "comment_cnt": 56236086, "like_cnt": 200912542, "comment_like_cnt": 395885346}, "video_total_counter": {"play_cnt": 2033564696}, "brand_account": 0, "hongbaofei": 0, "tab_manage": "[0, 0]", "reward_status": 0, "green_mode": 0, "urisk": 0, "avatar_type": 0}, "annotations": [{"photo_sub_type": "0"}, {}, {"mapi_request": true}], "picStatus": "0:1", "reposts_count": 0, "comments_count": 0, "reprint_cmt_count": 0, "attitudes_count": 0, "pending_approval_count": 0, "isLongText": true, "reward_exhibition_type": 0, "hide_flag": 0, "mlevel": 0, "show_mlevel": 0, "biz_feature": 4294967300, "page_type": 64, "hasActionTypeCard": 0, "darwin_tags": [], "hot_weibo_tags": [], "text_tag_tips": [], "mblogtype": 0, "userType": 0, "extend_info": {"red_envelope": {"red_envelope_flag": "0", "biz_flag": "2"}, "mark": {"value": "1"}}, "more_info_type": 0, "positive_recom_flag": 0, "content_auth": 0, "gif_ids": "", "is_show_bulletin": 2, "comment_manage_info": {"comment_permission_type": -1, "approval_comment_type": 0, "approval_op_from": 1, "comment_sort_type": 0, "ai_play_picture_type": 0}, "pic_num": 1, "can_reprint": false, "new_comment_style": 0}, "reply_comment": {"created_at": "Tue Dec 13 20:28:24 +0800 2022", "id": 4846312925696935, "rootid": 4846282378842753, "rootidstr": "4846282378842753", "floor_number": 0, "text": "回复@黑大帅不会放电:？这么初生", "disable_reply": 0, "restrictOperate": 0, "user": {"id": 5464196317, "idstr": "5464196317", "class": 1, "screen_name": "柴本柴柴", "name": "柴本柴柴", "province": "44", "city": "1", "location": "广东 广州", "description": "已感染奥密克戎。后遗症：看见躺吠就得骂，忍不住。", "url": "", "profile_image_url": "https://tvax1.sinaimg.cn/crop.0.0.856.856.50/005XNd4Fly8h8p6iqmhxvj30ns0nswg4.jpg?KID=imgbed,tva&Expires=1673965300&ssig=RfsVNk1z1R", "light_ring": false, "cover_image_phone": "https://ww1.sinaimg.cn/crop.0.0.640.640.640/549d0121tw1egm1kjly3jj20hs0hsq4f.jpg", "profile_url": "u/5464196317", "domain": "", "weihao": "", "gender": "m", "followers_count": 114, "followers_count_str": "114", "friends_count": 141, "pagefriends_count": 15, "statuses_count": 3977, "video_status_count": 11, "video_play_count": 0, "super_topic_not_syn_count": 0, "favourites_count": 4, "created_at": "Thu Jan 29 10:06:49 +0800 2015", "following": false, "allow_all_act_msg": false, "geo_enabled": true, "verified": false, "verified_type": -1, "remark": "", "insecurity": {"sexual_content": false}, "ptype": 0, "allow_all_comment": true, "avatar_large": "https://tvax1.sinaimg.cn/crop.0.0.856.856.180/005XNd4Fly8h8p6iqmhxvj30ns0nswg4.jpg?KID=imgbed,tva&Expires=1673965300&ssig=Pp2j%2B4SDGl", "avatar_hd": "https://tvax1.sinaimg.cn/crop.0.0.856.856.1024/005XNd4Fly8h8p6iqmhxvj30ns0nswg4.jpg?KID=imgbed,tva&Expires=1673965300&ssig=QBbPQr4LB1", "verified_reason": "", "verified_trade": "", "verified_reason_url": "", "verified_source": "", "verified_source_url": "", "follow_me": false, "like": false, "like_me": false, "online_status": 0, "bi_followers_count": 7, "lang": "zh-cn", "star": 0, "mbtype": 0, "mbrank": 0, "svip": 0, "mb_expire_time": 0, "block_word": 0, "block_app": 0, "chaohua_ability": 0, "brand_ability": 0, "nft_ability": 0, "vplus_ability": 0, "wenda_ability": 0, "live_ability": 0, "gongyi_ability": 0, "paycolumn_ability": 0, "newbrand_ability": 0, "ecommerce_ability": 0, "hardfan_ability": 0, "wbcolumn_ability": 0, "credit_score": 80, "user_ability": 35914752, "urank": 9, "story_read_state": -1, "vclub_member": 0, "is_teenager": 0, "is_guardian": 1, "is_teenager_list": 0, "pc_new": 7, "special_follow": false, "planet_video": 2, "video_mark": 2, "live_status": 0, "user_ability_extend": 0, "video_cover": {"mid": 4658789082991530}, "status_total_counter": {"total_cnt": 7248, "repost_cnt": 142, "comment_cnt": 1177, "like_cnt": 3960, "comment_like_cnt": 1969}, "video_total_counter": {"play_cnt": 11597}, "brand_account": 0, "hongbaofei": 0, "tab_manage": "[0, 0]", "reward_status": 0, "green_mode": 0, "urisk": 17179869184, "avatar_type": 0}, "mid": "4846312925696935", "idstr": "4846312925696935", "match_ai_play_picture": false}, "reply_original_text": "刚刚举报成功[doge]", "readtimetype": "comment", "match_ai_play_picture": false}