{"created_at": "Tue Dec 13 19:48:57 +0800 2022", "id": 4846302998044200, "rootid": 4846301436448942, "rootidstr": "4846301436448942", "floor_number": 0, "text": "回复@Macey__:上次打成啥样？", "disable_reply": 0, "restrictOperate": 0, "source_allowclick": 0, "source_type": 4, "source": "<a href=\"\" rel=\"nofollow\">来自浙江</a>", "comment_badge": [{"pic_url": "https://h5.sinaimg.cn/upload/114/962/2022/07/08/member_0_bigfan1_1.png", "name": "loyal_fans", "length": 1.33, "actionlog": {"act_code": "3671", "ext": "status:fans"}, "scheme": "https://kefu.weibo.com/faqdetail?id=20848", "new_icon": true}], "user": {"id": 2932916027, "idstr": "2932916027", "class": 1, "screen_name": "LeeSir25", "name": "LeeSir25", "province": "31", "city": "1", "location": "上海 黄浦区", "description": "٩(͡๏̯͡๏)۶", "url": "", "profile_image_url": "https://tvax4.sinaimg.cn/crop.0.0.1080.1080.50/aed0bf3bly8gt9h9txwojj20u00u0wfe.jpg?KID=imgbed,tva&Expires=1673965372&ssig=wPtyzEr%2BmX", "light_ring": false, "cover_image_phone": "https://ww1.sinaimg.cn/crop.0.0.640.640.640/549d0121tw1egm1kjly3jj20hs0hsq4f.jpg", "profile_url": "u/2932916027", "domain": "", "weihao": "", "gender": "m", "followers_count": 54, "followers_count_str": "54", "friends_count": 129, "pagefriends_count": 18, "statuses_count": 74, "video_status_count": 0, "video_play_count": 0, "super_topic_not_syn_count": 0, "favourites_count": 117, "created_at": "Sat Sep 08 23:26:29 +0800 2012", "following": false, "allow_all_act_msg": false, "geo_enabled": false, "verified": false, "verified_type": -1, "remark": "", "insecurity": {"sexual_content": false}, "ptype": 0, "allow_all_comment": false, "avatar_large": "https://tvax4.sinaimg.cn/crop.0.0.1080.1080.180/aed0bf3bly8gt9h9txwojj20u00u0wfe.jpg?KID=imgbed,tva&Expires=1673965372&ssig=PRzzBPpQsF", "avatar_hd": "https://tvax4.sinaimg.cn/crop.0.0.1080.1080.1024/aed0bf3bly8gt9h9txwojj20u00u0wfe.jpg?KID=imgbed,tva&Expires=1673965372&ssig=JofxHY5cFq", "verified_reason": "", "verified_trade": "", "verified_reason_url": "", "verified_source": "", "verified_source_url": "", "follow_me": false, "like": false, "like_me": false, "online_status": 0, "bi_followers_count": 1, "lang": "zh-cn", "star": 0, "mbtype": 0, "mbrank": 0, "svip": 0, "mb_expire_time": 0, "block_word": 0, "block_app": 0, "chaohua_ability": 0, "brand_ability": 0, "nft_ability": 0, "vplus_ability": 0, "wenda_ability": 0, "live_ability": 0, "gongyi_ability": 0, "paycolumn_ability": 0, "newbrand_ability": 0, "ecommerce_ability": 0, "hardfan_ability": 0, "wbcolumn_ability": 0, "credit_score": 80, "user_ability": 2359296, "cardid": "star_11247_common", "avatargj_id": "gj_vip_375", "urank": 14, "story_read_state": -1, "vclub_member": 0, "is_teenager": 0, "is_guardian": 0, "is_teenager_list": 0, "pc_new": 7, "special_follow": false, "planet_video": 0, "video_mark": 0, "live_status": 0, "user_ability_extend": 0, "status_total_counter": {"total_cnt": 41, "repost_cnt": 4, "comment_cnt": 5, "like_cnt": 32, "comment_like_cnt": 0}, "video_total_counter": {"play_cnt": -1}, "brand_account": 0, "hongbaofei": 0, "tab_manage": "[0, 0]", "reward_status": 0, "green_mode": 0, "urisk": 0, "avatar_type": 0}, "mid": "4846302998044200", "idstr": "4846302998044200", "status": {"visible": {"type": 0, "list_id": 0}, "created_at": "Tue Dec 13 18:26:26 +0800 2022", "id": 4846282231515020, "idstr": "4846282231515020", "mid": "4846282231515020", "can_edit": false, "version": 120, "show_additional_indication": 0, "text": "【#中方巡逻遭印军非法越线拦阻# 西部战区回应】中国人民解放军西部战区新闻发言人龙绍华大校就我位东章地区例行巡逻发表谈话指出，12月9日，西部战区边防部队位中印边境东段东章地区实控线中方一侧组织例行巡逻，遭到印军非法越线拦阻，我应对处置专业规范有力，稳控现地局势，目前中印双方已脱离接触 ​", "textLength": 362, "source_allowclick": 0, "source_type": 1, "source": "<a href=\"http://app.weibo.com/t/feed/xEsRX\" rel=\"nofollow\">新版微博 weibo.com</a>", "favorited": false, "truncated": false, "in_reply_to_status_id": "", "in_reply_to_user_id": "", "in_reply_to_screen_name": "", "pic_urls": [{"thumbnail_pic": "http://wx3.sinaimg.cn/thumbnail/001WLsZ7ly1h92cwpuo6uj60vs0m0tl702.jpg"}], "thumbnail_pic": "http://wx3.sinaimg.cn/thumbnail/001WLsZ7ly1h92cwpuo6uj60vs0m0tl702.jpg", "bmiddle_pic": "http://wx3.sinaimg.cn/bmiddle/001WLsZ7ly1h92cwpuo6uj60vs0m0tl702.jpg", "original_pic": "http://wx3.sinaimg.cn/large/001WLsZ7ly1h92cwpuo6uj60vs0m0tl702.jpg", "geo": null, "is_paid": false, "mblog_vip_type": 0, "user": {"id": 1784473157, "idstr": "1784473157", "class": 1, "screen_name": "中国新闻网", "name": "中国新闻网", "province": "11", "city": "2", "location": "北京 西城区", "description": "北京中新网信息科技有限公司", "url": "http://www.chinanews.com.cn/", "profile_image_url": "https://tvax3.sinaimg.cn/crop.0.0.300.300.50/001WLsZ7ly8h8vgjl2u01j608c08caa302.jpg?KID=imgbed,tva&Expires=1673965372&ssig=vkWN8GQ49U", "light_ring": false, "cover_image": "https://wx2.sinaimg.cn/crop.0.0.920.300/001WLsZ7ly1h8vk1pfrafj60pk08cdg402.jpg", "cover_image_phone": "https://ww1.sinaimg.cn/crop.0.0.640.640.640/549d0121tw1egm1kjly3jj20hs0hsq4f.jpg;https://wx1.sinaimg.cn/crop.0.0.640.640.640/001WLsZ7ly1h8nbyp1pvaj60u00u00sn02.jpg", "profile_url": "chinanewsv", "domain": "chinanewsv", "weihao": "", "gender": "m", "followers_count": 77764416, "followers_count_str": "7776.4万", "friends_count": 1297, "pagefriends_count": 867, "statuses_count": 207006, "video_status_count": 5868, "video_play_count": 0, "super_topic_not_syn_count": 0, "favourites_count": 2253, "created_at": "Mon Jul 26 13:27:36 +0800 2010", "following": false, "allow_all_act_msg": true, "geo_enabled": true, "verified": true, "verified_type": 3, "remark": "", "insecurity": {"sexual_content": false}, "ptype": 0, "allow_all_comment": true, "avatar_large": "https://tvax3.sinaimg.cn/crop.0.0.300.300.180/001WLsZ7ly8h8vgjl2u01j608c08caa302.jpg?KID=imgbed,tva&Expires=1673965372&ssig=7gftXRnv67", "avatar_hd": "https://tvax3.sinaimg.cn/crop.0.0.300.300.1024/001WLsZ7ly8h8vgjl2u01j608c08caa302.jpg?KID=imgbed,tva&Expires=1673965372&ssig=FmnfQo5y6C", "verified_reason": "中国新闻网法人微博", "verified_trade": "", "verified_reason_url": "", "verified_source": "", "verified_source_url": "", "verified_state": 0, "verified_level": 3, "verified_type_ext": 50, "has_service_tel": false, "verified_reason_modified": "", "verified_contact_name": "", "verified_contact_email": "", "verified_contact_mobile": "", "follow_me": false, "like": false, "like_me": false, "online_status": 0, "bi_followers_count": 390, "lang": "zh-cn", "star": 0, "mbtype": 12, "mbrank": 7, "svip": 0, "mb_expire_time": 1971705600, "block_word": 0, "block_app": 1, "chaohua_ability": 0, "brand_ability": 0, "nft_ability": 0, "vplus_ability": 0, "wenda_ability": 0, "live_ability": 1, "gongyi_ability": 0, "paycolumn_ability": 0, "newbrand_ability": 0, "ecommerce_ability": 0, "hardfan_ability": 1, "wbcolumn_ability": 0, "dianping": "stock", "credit_score": 80, "user_ability": 11863820, "urank": 48, "story_read_state": -1, "vclub_member": 0, "is_teenager": 0, "is_guardian": 0, "is_teenager_list": 1, "pc_new": 7, "special_follow": false, "planet_video": 2, "video_mark": 15, "live_status": 0, "user_ability_extend": 1, "status_total_counter": {"total_cnt": 695456040, "repost_cnt": 42422066, "comment_cnt": 56236086, "like_cnt": 200912542, "comment_like_cnt": 395885346}, "video_total_counter": {"play_cnt": 2033564696}, "brand_account": 0, "hongbaofei": 0, "tab_manage": "[0, 0]", "reward_status": 0, "green_mode": 0, "urisk": 0, "avatar_type": 0}, "annotations": [{"photo_sub_type": "0"}, {}, {"mapi_request": true}], "picStatus": "0:1", "reposts_count": 0, "comments_count": 0, "reprint_cmt_count": 0, "attitudes_count": 0, "pending_approval_count": 0, "isLongText": true, "reward_exhibition_type": 0, "hide_flag": 0, "mlevel": 0, "show_mlevel": 0, "biz_feature": 4294967300, "page_type": 64, "hasActionTypeCard": 0, "darwin_tags": [], "hot_weibo_tags": [], "text_tag_tips": [], "mblogtype": 0, "userType": 0, "extend_info": {"red_envelope": {"red_envelope_flag": "0", "biz_flag": "2"}, "mark": {"value": "1"}}, "more_info_type": 0, "positive_recom_flag": 0, "content_auth": 0, "gif_ids": "", "is_show_bulletin": 2, "comment_manage_info": {"comment_permission_type": -1, "approval_comment_type": 0, "approval_op_from": 1, "comment_sort_type": 0, "ai_play_picture_type": 0}, "pic_num": 1, "can_reprint": false, "new_comment_style": 0}, "reply_comment": {"created_at": "Tue Dec 13 19:42:45 +0800 2022", "id": 4846301436448942, "rootid": 4846301436448942, "rootidstr": "4846301436448942", "floor_number": 45, "text": "不是，上次都给打成那样了，还不长记性吗[二哈]", "disable_reply": 0, "restrictOperate": 0, "user": {"id": 6470861071, "idstr": "6470861071", "class": 1, "screen_name": "Macey__", "name": "Macey__", "province": "37", "city": "11", "location": "山东 日照", "description": "愿君移向长林间，他日将来作梁栋", "url": "", "profile_image_url": "https://tvax1.sinaimg.cn/crop.0.0.1000.1000.50/0073V4yXly8h9q7sv2ly4j30rs0rsn04.jpg?KID=imgbed,tva&Expires=1673965372&ssig=c0rSfZuGQn", "light_ring": false, "cover_image_phone": "https://wx1.sinaimg.cn/crop.0.0.640.640.640/0073V4yXly1gyttn565o8j30e80e8wh8.jpg;https://wx4.sinaimg.cn/crop.0.0.640.640.640/0073V4yXly1gyttnlvdmjj30e80e8wg3.jpg;https://wx4.sinaimg.cn/crop.0.0.640.640.640/0073V4yXly1gytto3ukjsj30e80e8411.jpg;https://wx1.sinaimg.cn/crop.0.0.640.640.640/0073V4yXly1gyttom5qe0j30e80e840y.jpg;https://wx3.sinaimg.cn/crop.0.0.640.640.640/0073V4yXly1gyttpblq46j30e80e8adh.jpg", "profile_url": "u/6470861071", "domain": "", "weihao": "", "gender": "m", "followers_count": 569, "followers_count_str": "569", "friends_count": 43, "pagefriends_count": 10, "statuses_count": 152, "video_status_count": 19, "video_play_count": 0, "super_topic_not_syn_count": 0, "favourites_count": 12, "created_at": "Tue Feb 06 22:36:50 +0800 2018", "following": false, "allow_all_act_msg": false, "geo_enabled": true, "verified": false, "verified_type": -1, "remark": "", "insecurity": {"sexual_content": false}, "ptype": 0, "allow_all_comment": true, "avatar_large": "https://tvax1.sinaimg.cn/crop.0.0.1000.1000.180/0073V4yXly8h9q7sv2ly4j30rs0rsn04.jpg?KID=imgbed,tva&Expires=1673965372&ssig=pEnP3TTClZ", "avatar_hd": "https://tvax1.sinaimg.cn/crop.0.0.1000.1000.1024/0073V4yXly8h9q7sv2ly4j30rs0rsn04.jpg?KID=imgbed,tva&Expires=1673965372&ssig=15qoGR6QdW", "verified_reason": "", "verified_trade": "", "verified_reason_url": "", "verified_source": "", "verified_source_url": "", "follow_me": false, "like": false, "like_me": false, "online_status": 0, "bi_followers_count": 15, "lang": "zh-cn", "star": 0, "mbtype": 12, "mbrank": 7, "svip": 1, "mb_expire_time": 1677945600, "block_word": 0, "block_app": 1, "chaohua_ability": 0, "brand_ability": 0, "nft_ability": 0, "vplus_ability": 0, "wenda_ability": 0, "live_ability": 0, "gongyi_ability": 0, "paycolumn_ability": 0, "newbrand_ability": 0, "ecommerce_ability": 0, "hardfan_ability": 0, "wbcolumn_ability": 0, "credit_score": 80, "user_ability": 2359296, "cardid": "star_661", "avatargj_id": "gj_vip_687", "urank": 9, "story_read_state": -1, "vclub_member": 0, "is_teenager": 0, "is_guardian": 0, "is_teenager_list": 0, "pc_new": 7, "special_follow": false, "planet_video": 2, "video_mark": 12, "live_status": 0, "user_ability_extend": 0, "status_total_counter": {"total_cnt": 435, "repost_cnt": 9, "comment_cnt": 105, "like_cnt": 316, "comment_like_cnt": 5}, "video_total_counter": {"play_cnt": 12397}, "brand_account": 0, "hongbaofei": 0, "tab_manage": "[0, 0]", "reward_status": 0, "green_mode": 0, "urisk": 0, "avatar_type": 0}, "mid": "4846301436448942", "idstr": "4846301436448942", "match_ai_play_picture": false}, "reply_original_text": "上次打成啥样？", "readtimetype": "comment", "match_ai_play_picture": false}