{"created_at": "Tue Dec 13 20:58:57 +0800 2022", "id": 4846320613593718, "rootid": 4846301436448942, "rootidstr": "4846301436448942", "floor_number": 0, "text": "回复@悠悠秋遇:我说的不是针对你说的历史事实，而是近期网上出现的中印战争前叫德里，中印战争后叫新德里的梗[汗]还有三百公里的问题，你要不拿出地图看看我们边境离新德里多远[汗]从加勒万河谷口到新德里是四百多公里，整个边境离新德里最近是323公里[汗]", "disable_reply": 0, "restrictOperate": 0, "source_allowclick": 0, "source_type": 4, "source": "<a href=\"\" rel=\"nofollow\">来自广东</a>", "user": {"id": 2451126217, "idstr": "2451126217", "class": 1, "screen_name": "高仿00后从不找虐", "name": "高仿00后从不找虐", "province": "14", "city": "10", "location": "山西 临汾", "description": "boom！", "url": "", "profile_image_url": "https://tvax1.sinaimg.cn/crop.0.0.1002.1002.50/921937c9ly8gbh3llpmvlj20ru0ruwf7.jpg?KID=imgbed,tva&Expires=1673965279&ssig=udg4eHvBM9", "light_ring": false, "cover_image_phone": "https://ww1.sinaimg.cn/crop.0.0.640.640.640/549d0121tw1egm1kjly3jj20hs0hsq4f.jpg", "profile_url": "u/2451126217", "domain": "", "weihao": "", "gender": "m", "followers_count": 207, "followers_count_str": "207", "friends_count": 860, "pagefriends_count": 58, "statuses_count": 548, "video_status_count": 2, "video_play_count": 0, "super_topic_not_syn_count": 0, "favourites_count": 38, "created_at": "Mon Nov 07 11:48:55 +0800 2011", "following": false, "allow_all_act_msg": false, "geo_enabled": true, "verified": false, "verified_type": -1, "remark": "", "insecurity": {"sexual_content": false}, "ptype": 0, "allow_all_comment": false, "avatar_large": "https://tvax1.sinaimg.cn/crop.0.0.1002.1002.180/921937c9ly8gbh3llpmvlj20ru0ruwf7.jpg?KID=imgbed,tva&Expires=1673965279&ssig=HhOsj3d5C5", "avatar_hd": "https://tvax1.sinaimg.cn/crop.0.0.1002.1002.1024/921937c9ly8gbh3llpmvlj20ru0ruwf7.jpg?KID=imgbed,tva&Expires=1673965279&ssig=TDkKi5MEHF", "verified_reason": "", "verified_trade": "", "verified_reason_url": "", "verified_source": "", "verified_source_url": "", "follow_me": false, "like": false, "like_me": false, "online_status": 0, "bi_followers_count": 8, "lang": "zh-cn", "star": 0, "mbtype": 0, "mbrank": 0, "svip": 0, "mb_expire_time": 0, "block_word": 0, "block_app": 0, "chaohua_ability": 0, "brand_ability": 0, "nft_ability": 0, "vplus_ability": 0, "wenda_ability": 0, "live_ability": 0, "gongyi_ability": 0, "paycolumn_ability": 0, "newbrand_ability": 0, "ecommerce_ability": 0, "hardfan_ability": 0, "wbcolumn_ability": 0, "credit_score": 80, "user_ability": 35914752, "urank": 9, "story_read_state": -1, "vclub_member": 0, "is_teenager": 0, "is_guardian": 0, "is_teenager_list": 0, "pc_new": 7, "special_follow": false, "planet_video": 0, "video_mark": 0, "live_status": 0, "user_ability_extend": 0, "status_total_counter": {"total_cnt": 367, "repost_cnt": 17, "comment_cnt": 39, "like_cnt": 299, "comment_like_cnt": 12}, "video_total_counter": {"play_cnt": 3}, "brand_account": 0, "hongbaofei": 0, "tab_manage": "[0, 0]", "reward_status": 0, "green_mode": 0, "urisk": 566935683072, "avatar_type": 0}, "mid": "4846320613593718", "idstr": "4846320613593718", "status": {"visible": {"type": 0, "list_id": 0}, "created_at": "Tue Dec 13 18:26:26 +0800 2022", "id": 4846282231515020, "idstr": "4846282231515020", "mid": "4846282231515020", "can_edit": false, "version": 120, "show_additional_indication": 0, "text": "【#中方巡逻遭印军非法越线拦阻# 西部战区回应】中国人民解放军西部战区新闻发言人龙绍华大校就我位东章地区例行巡逻发表谈话指出，12月9日，西部战区边防部队位中印边境东段东章地区实控线中方一侧组织例行巡逻，遭到印军非法越线拦阻，我应对处置专业规范有力，稳控现地局势，目前中印双方已脱离接触 ​", "textLength": 362, "source_allowclick": 0, "source_type": 1, "source": "<a href=\"http://app.weibo.com/t/feed/xEsRX\" rel=\"nofollow\">新版微博 weibo.com</a>", "favorited": false, "truncated": false, "in_reply_to_status_id": "", "in_reply_to_user_id": "", "in_reply_to_screen_name": "", "pic_urls": [{"thumbnail_pic": "http://wx3.sinaimg.cn/thumbnail/001WLsZ7ly1h92cwpuo6uj60vs0m0tl702.jpg"}], "thumbnail_pic": "http://wx3.sinaimg.cn/thumbnail/001WLsZ7ly1h92cwpuo6uj60vs0m0tl702.jpg", "bmiddle_pic": "http://wx3.sinaimg.cn/bmiddle/001WLsZ7ly1h92cwpuo6uj60vs0m0tl702.jpg", "original_pic": "http://wx3.sinaimg.cn/large/001WLsZ7ly1h92cwpuo6uj60vs0m0tl702.jpg", "geo": null, "is_paid": false, "mblog_vip_type": 0, "user": {"id": 1784473157, "idstr": "1784473157", "class": 1, "screen_name": "中国新闻网", "name": "中国新闻网", "province": "11", "city": "2", "location": "北京 西城区", "description": "北京中新网信息科技有限公司", "url": "http://www.chinanews.com.cn/", "profile_image_url": "https://tvax3.sinaimg.cn/crop.0.0.300.300.50/001WLsZ7ly8h8vgjl2u01j608c08caa302.jpg?KID=imgbed,tva&Expires=1673965279&ssig=3M1jbMY1QJ", "light_ring": false, "cover_image": "https://wx2.sinaimg.cn/crop.0.0.920.300/001WLsZ7ly1h8vk1pfrafj60pk08cdg402.jpg", "cover_image_phone": "https://ww1.sinaimg.cn/crop.0.0.640.640.640/549d0121tw1egm1kjly3jj20hs0hsq4f.jpg;https://wx1.sinaimg.cn/crop.0.0.640.640.640/001WLsZ7ly1h8nbyp1pvaj60u00u00sn02.jpg", "profile_url": "chinanewsv", "domain": "chinanewsv", "weihao": "", "gender": "m", "followers_count": 77764416, "followers_count_str": "7776.4万", "friends_count": 1297, "pagefriends_count": 867, "statuses_count": 207006, "video_status_count": 5868, "video_play_count": 0, "super_topic_not_syn_count": 0, "favourites_count": 2253, "created_at": "Mon Jul 26 13:27:36 +0800 2010", "following": false, "allow_all_act_msg": true, "geo_enabled": true, "verified": true, "verified_type": 3, "remark": "", "insecurity": {"sexual_content": false}, "ptype": 0, "allow_all_comment": true, "avatar_large": "https://tvax3.sinaimg.cn/crop.0.0.300.300.180/001WLsZ7ly8h8vgjl2u01j608c08caa302.jpg?KID=imgbed,tva&Expires=1673965279&ssig=IQwUNT9Vsg", "avatar_hd": "https://tvax3.sinaimg.cn/crop.0.0.300.300.1024/001WLsZ7ly8h8vgjl2u01j608c08caa302.jpg?KID=imgbed,tva&Expires=1673965279&ssig=jMkXahKtL7", "verified_reason": "中国新闻网法人微博", "verified_trade": "", "verified_reason_url": "", "verified_source": "", "verified_source_url": "", "verified_state": 0, "verified_level": 3, "verified_type_ext": 50, "has_service_tel": false, "verified_reason_modified": "", "verified_contact_name": "", "verified_contact_email": "", "verified_contact_mobile": "", "follow_me": false, "like": false, "like_me": false, "online_status": 0, "bi_followers_count": 390, "lang": "zh-cn", "star": 0, "mbtype": 12, "mbrank": 7, "svip": 0, "mb_expire_time": 1971705600, "block_word": 0, "block_app": 1, "chaohua_ability": 0, "brand_ability": 0, "nft_ability": 0, "vplus_ability": 0, "wenda_ability": 0, "live_ability": 1, "gongyi_ability": 0, "paycolumn_ability": 0, "newbrand_ability": 0, "ecommerce_ability": 0, "hardfan_ability": 1, "wbcolumn_ability": 0, "dianping": "stock", "credit_score": 80, "user_ability": 11863820, "urank": 48, "story_read_state": -1, "vclub_member": 0, "is_teenager": 0, "is_guardian": 0, "is_teenager_list": 1, "pc_new": 7, "special_follow": false, "planet_video": 2, "video_mark": 15, "live_status": 0, "user_ability_extend": 1, "status_total_counter": {"total_cnt": 695456040, "repost_cnt": 42422066, "comment_cnt": 56236086, "like_cnt": 200912542, "comment_like_cnt": 395885346}, "video_total_counter": {"play_cnt": 2033564696}, "brand_account": 0, "hongbaofei": 0, "tab_manage": "[0, 0]", "reward_status": 0, "green_mode": 0, "urisk": 0, "avatar_type": 0}, "annotations": [{"photo_sub_type": "0"}, {}, {"mapi_request": true}], "picStatus": "0:1", "reposts_count": 0, "comments_count": 0, "reprint_cmt_count": 0, "attitudes_count": 0, "pending_approval_count": 0, "isLongText": true, "reward_exhibition_type": 0, "hide_flag": 0, "mlevel": 0, "show_mlevel": 0, "biz_feature": 4294967300, "page_type": 64, "hasActionTypeCard": 0, "darwin_tags": [], "hot_weibo_tags": [], "text_tag_tips": [], "mblogtype": 0, "userType": 0, "extend_info": {"red_envelope": {"red_envelope_flag": "0", "biz_flag": "2"}, "mark": {"value": "1"}}, "more_info_type": 0, "positive_recom_flag": 0, "content_auth": 0, "gif_ids": "", "is_show_bulletin": 2, "comment_manage_info": {"comment_permission_type": -1, "approval_comment_type": 0, "approval_op_from": 1, "comment_sort_type": 0, "ai_play_picture_type": 0}, "pic_num": 1, "can_reprint": false, "new_comment_style": 0}, "reply_comment": {"created_at": "Tue Dec 13 20:38:52 +0800 2022", "id": 4846315559979754, "rootid": 4846301436448942, "rootidstr": "4846301436448942", "floor_number": 0, "text": "回复@高仿00后从不找虐:你整一句《有根据吗[汗]》我是真没想到，多读书，学学历史，1962中印战争我们深入印度领土，离首都新德里就剩三百公里，后来主动后撤，归还装备及三千余战俘", "disable_reply": 0, "restrictOperate": 0, "user": {"id": 6313447404, "idstr": "6313447404", "class": 1, "screen_name": "悠悠秋遇", "name": "悠悠秋遇", "province": "100", "city": "1000", "location": "其他", "description": "子已舍予草木", "url": "", "profile_image_url": "https://tvax1.sinaimg.cn/crop.0.0.1080.1080.50/006TgA4Qly8h82uumxkzvj30u00u0tbw.jpg?KID=imgbed,tva&Expires=1673965279&ssig=9tZf94hKsi", "light_ring": false, "cover_image_phone": "https://ww1.sinaimg.cn/crop.0.0.640.640.640/9d44112bjw1f1xl1c10tuj20hs0hs0tw.jpg", "profile_url": "u/6313447404", "domain": "", "weihao": "", "gender": "m", "followers_count": 11, "followers_count_str": "11", "friends_count": 37, "pagefriends_count": 5, "statuses_count": 10, "video_status_count": 0, "video_play_count": 0, "super_topic_not_syn_count": 0, "favourites_count": 0, "created_at": "Sun Jul 09 20:48:12 +0800 2017", "following": false, "allow_all_act_msg": false, "geo_enabled": true, "verified": false, "verified_type": -1, "remark": "", "insecurity": {"sexual_content": false}, "ptype": 0, "allow_all_comment": true, "avatar_large": "https://tvax1.sinaimg.cn/crop.0.0.1080.1080.180/006TgA4Qly8h82uumxkzvj30u00u0tbw.jpg?KID=imgbed,tva&Expires=1673965279&ssig=sgm1mjejOD", "avatar_hd": "https://tvax1.sinaimg.cn/crop.0.0.1080.1080.1024/006TgA4Qly8h82uumxkzvj30u00u0tbw.jpg?KID=imgbed,tva&Expires=1673965279&ssig=xrWV54AYsg", "verified_reason": "", "verified_trade": "", "verified_reason_url": "", "verified_source": "", "verified_source_url": "", "follow_me": false, "like": false, "like_me": false, "online_status": 0, "bi_followers_count": 1, "lang": "zh-cn", "star": 0, "mbtype": 2, "mbrank": 1, "svip": 0, "mb_expire_time": 1668873599, "block_word": 0, "block_app": 0, "credit_score": 80, "user_ability": 2097152, "urank": 4, "story_read_state": -1, "vclub_member": 0, "is_teenager": 0, "is_guardian": 0, "is_teenager_list": 0, "pc_new": 0, "special_follow": false, "planet_video": 0, "video_mark": 0, "live_status": 0, "user_ability_extend": 0, "status_total_counter": {"total_cnt": 19, "repost_cnt": 1, "comment_cnt": 0, "like_cnt": 18, "comment_like_cnt": 0}, "video_total_counter": {"play_cnt": -1}, "brand_account": 0, "hongbaofei": 0, "tab_manage": "[0, 0]", "green_mode": 0, "urisk": 0, "block": 0, "block_me": 0, "avatar_type": 0}, "mid": "4846315559979754", "idstr": "4846315559979754", "match_ai_play_picture": false}, "reply_original_text": "我说的不是针对你说的历史事实，而是近期网上出现的中印战争前叫德里，中印战争后叫新德里的梗[汗]还有三百公里的问题，你要不拿出地图看看我们边境离新德里多远[汗]从加勒万河谷口到新德里是四百多公里，整个边境离新德里最近是323公里[汗]", "readtimetype": "comment", "match_ai_play_picture": false}