{"created_at": "Tue Jun 14 22:25:19 +0800 2022", "id": 4780387756411644, "rootid": 4780175369961571, "rootidstr": "4780175369961571", "floor_number": 0, "text": "回复@缓缓飘落的枫叶像什么呢:词条没了", "disable_reply": 0, "restrictOperate": 0, "source_allowclick": 0, "source_type": 4, "source": "<a href=\"\" rel=\"nofollow\">来自河南</a>", "user": {"id": 6294302612, "idstr": "6294302612", "class": 1, "screen_name": "懒惰使人勤奋", "name": "懒惰使人勤奋", "province": "41", "city": "1000", "location": "河南", "description": "keep❤️", "url": "", "profile_image_url": "https://tvax4.sinaimg.cn/crop.0.0.996.996.50/006RYfDSly8gvzsm87lqxj30ro0rojt6.jpg?KID=imgbed,tva&Expires=1670074094&ssig=iIr%2B97YNu4", "light_ring": false, "cover_image_phone": "http://ww1.sinaimg.cn/crop.0.0.640.640.640/549d0121tw1egm1kjly3jj20hs0hsq4f.jpg", "profile_url": "u/6294302612", "domain": "", "weihao": "", "gender": "f", "followers_count": 51, "followers_count_str": "51", "friends_count": 164, "pagefriends_count": 41, "statuses_count": 643, "video_status_count": 9, "video_play_count": 0, "super_topic_not_syn_count": 6, "favourites_count": 10, "created_at": "Fri Jun 23 09:17:48 +0800 2017", "following": false, "allow_all_act_msg": false, "geo_enabled": true, "verified": false, "verified_type": -1, "remark": "", "insecurity": {"sexual_content": false}, "ptype": 0, "allow_all_comment": true, "avatar_large": "https://tvax4.sinaimg.cn/crop.0.0.996.996.180/006RYfDSly8gvzsm87lqxj30ro0rojt6.jpg?KID=imgbed,tva&Expires=1670074094&ssig=JFBs0VSuo6", "avatar_hd": "https://tvax4.sinaimg.cn/crop.0.0.996.996.1024/006RYfDSly8gvzsm87lqxj30ro0rojt6.jpg?KID=imgbed,tva&Expires=1670074094&ssig=tShSRgwodi", "verified_reason": "", "verified_trade": "", "verified_reason_url": "", "verified_source": "", "verified_source_url": "", "follow_me": false, "like": false, "like_me": false, "online_status": 0, "bi_followers_count": 26, "lang": "zh-cn", "star": 0, "mbtype": 0, "mbrank": 0, "svip": 0, "mb_expire_time": 0, "block_word": 0, "block_app": 0, "chaohua_ability": 0, "brand_ability": 0, "nft_ability": 0, "vplus_ability": 0, "wenda_ability": 0, "live_ability": 0, "gongyi_ability": 0, "paycolumn_ability": 0, "newbrand_ability": 0, "ecommerce_ability": 0, "hardfan_ability": 0, "credit_score": 80, "user_ability": 2359296, "cardid": "star_1624", "urank": 8, "story_read_state": -1, "vclub_member": 0, "is_teenager": 0, "is_guardian": 1, "is_teenager_list": 0, "pc_new": 0, "special_follow": false, "planet_video": 2, "video_mark": 14, "live_status": 0, "user_ability_extend": 0, "video_cover": {"mid": 4698779686536656}, "status_total_counter": {"total_cnt": 1940, "repost_cnt": 39, "comment_cnt": 756, "like_cnt": 821, "comment_like_cnt": 324}, "video_total_counter": {"play_cnt": 1879}, "brand_account": 0, "hongbaofei": 0, "tab_manage": "[0, 0]", "reward_status": 0, "green_mode": 0, "urisk": 0, "avatar_type": 0}, "mid": "4780387756411644", "idstr": "4780387756411644", "status": {"visible": {"type": 0, "list_id": 0}, "created_at": "Mon Jun 13 23:25:29 +0800 2022", "id": 4780040510245465, "idstr": "4780040510245465", "mid": "4780040510245465", "can_edit": false, "version": 3, "show_additional_indication": 0, "text": "#鹤壁一男子被警察暴力殴打致死##警察荣誉# \n麻烦大家帮忙增加一下热度[作揖][作揖][作揖]\n原博主@念心思阳 ​", "textLength": 100, "source_allowclick": 1, "source_type": 1, "source": "<a href=\"http://app.weibo.com/t/feed/6uaYFC\" rel=\"nofollow\">HUAWEI P40 Pro 5G</a>", "favorited": false, "truncated": false, "in_reply_to_status_id": "", "in_reply_to_user_id": "", "in_reply_to_screen_name": "", "pic_urls": [{"thumbnail_pic": "http://wx3.sinaimg.cn/thumbnail/c133b20dgy1h3715el7gsj20xc21cdw9.jpg"}], "thumbnail_pic": "http://wx3.sinaimg.cn/thumbnail/c133b20dgy1h3715el7gsj20xc21cdw9.jpg", "bmiddle_pic": "http://wx3.sinaimg.cn/bmiddle/c133b20dgy1h3715el7gsj20xc21cdw9.jpg", "original_pic": "http://wx3.sinaimg.cn/large/c133b20dgy1h3715el7gsj20xc21cdw9.jpg", "geo": null, "is_paid": false, "mblog_vip_type": 0, "user": {"id": 3241390605, "idstr": "3241390605", "class": 1, "screen_name": "缓缓飘落的枫叶像什么呢", "name": "缓缓飘落的枫叶像什么呢", "province": "42", "city": "1000", "location": "湖北", "description": "颜狗！啥瓜都吃！互联网高贵路人，你骂我，我就骂你蒸煮", "url": "", "profile_image_url": "https://tvax2.sinaimg.cn/crop.0.0.600.600.50/c133b20dly8h0zvkx88cvj20go0gojsy.jpg?KID=imgbed,tva&Expires=1670074094&ssig=zp6uRagOxf", "light_ring": false, "cover_image_phone": "http://ww1.sinaimg.cn/crop.0.0.640.640.640/549d0121tw1egm1kjly3jj20hs0hsq4f.jpg", "profile_url": "wxcnvp", "domain": "wxcnvp", "weihao": "", "gender": "f", "followers_count": 46076, "followers_count_str": "4.6万", "friends_count": 115, "pagefriends_count": 28, "statuses_count": 1005, "video_status_count": 13, "video_play_count": 0, "super_topic_not_syn_count": 0, "favourites_count": 0, "created_at": "Wed Jul 23 22:35:43 +0800 2014", "following": false, "allow_all_act_msg": false, "geo_enabled": true, "verified": false, "verified_type": -1, "remark": "", "insecurity": {"sexual_content": false}, "ptype": 0, "allow_all_comment": true, "avatar_large": "https://tvax2.sinaimg.cn/crop.0.0.600.600.180/c133b20dly8h0zvkx88cvj20go0gojsy.jpg?KID=imgbed,tva&Expires=1670074094&ssig=cwNNDcCvCi", "avatar_hd": "https://tvax2.sinaimg.cn/crop.0.0.600.600.1024/c133b20dly8h0zvkx88cvj20go0gojsy.jpg?KID=imgbed,tva&Expires=1670074094&ssig=rpTFcAz6nP", "verified_reason": "", "verified_trade": "", "verified_reason_url": "", "verified_source": "", "verified_source_url": "", "follow_me": false, "like": false, "like_me": false, "online_status": 0, "bi_followers_count": 2, "lang": "zh-cn", "star": 0, "mbtype": 2, "mbrank": 1, "svip": 0, "mb_expire_time": 1644335999, "block_word": 0, "block_app": 0, "chaohua_ability": 0, "brand_ability": 0, "nft_ability": 0, "vplus_ability": 0, "wenda_ability": 0, "live_ability": 0, "gongyi_ability": 0, "paycolumn_ability": 0, "newbrand_ability": 0, "ecommerce_ability": 0, "hardfan_ability": 0, "credit_score": 80, "user_ability": 2359304, "avatargj_id": "gj_vip_660", "urank": 9, "story_read_state": -1, "vclub_member": 0, "is_teenager": 0, "is_guardian": 0, "is_teenager_list": 0, "pc_new": 7, "special_follow": false, "planet_video": 2, "video_mark": 0, "live_status": 0, "user_ability_extend": 0, "status_total_counter": {"total_cnt": 51074, "repost_cnt": 316, "comment_cnt": 4609, "like_cnt": 24231, "comment_like_cnt": 21918}, "video_total_counter": {"play_cnt": 18166}, "brand_account": 0, "hongbaofei": 0, "tab_manage": "[0, 0]", "reward_status": 0, "green_mode": 0, "urisk": 8589934592, "avatar_type": 0}, "annotations": [{"photo_sub_type": "0"}, {"ann_ext": "ann_ext:search|t:3|creator_source:bottomsendweibo"}, {"client_mblogid": "736b98d4-cc23-4f78-a9bd-fa11a08f7682"}, {"mapi_request": true}], "picStatus": "0:1", "reposts_count": 0, "comments_count": 0, "reprint_cmt_count": 0, "attitudes_count": 0, "pending_approval_count": 0, "isLongText": false, "reward_exhibition_type": 0, "hide_flag": 0, "mlevel": 128, "show_mlevel": 0, "biz_feature": 4294967300, "page_type": 64, "hasActionTypeCard": 0, "darwin_tags": [], "hot_weibo_tags": [], "text_tag_tips": [], "mblogtype": 0, "userType": 0, "mlevelSource": "monitor", "more_info_type": 0, "number_display_strategy": {"apply_scenario_flag": 3, "display_text_min_number": 1000000, "display_text": "100万+"}, "positive_recom_flag": 0, "content_auth": 0, "gif_ids": "", "is_show_bulletin": 2, "comment_manage_info": {"comment_permission_type": -1, "approval_comment_type": 0, "comment_sort_type": 0, "ai_play_picture_type": 0}, "pic_num": 1, "can_reprint": false, "new_comment_style": 0}, "reply_comment": {"created_at": "Tue Jun 14 08:21:21 +0800 2022", "id": 4780175369961571, "rootid": 4780175369961571, "rootidstr": "4780175369961571", "floor_number": 1, "text": "#唐山被打女子已转入普通病房#  昨晚还有词条被炸[裂开][裂开][裂开]", "disable_reply": 0, "is_mblog_author": true, "restrictOperate": 0, "comment_badge": [{"pic_url": "https://h5.sinaimg.cn/upload/1007/25/2019/05/17/feed_icon_poster_identity133low.png", "name": "blogger", "length": 1.33, "actionlog": {"act_code": "3671", "ext": "status:author"}, "scheme": "https://kefu.weibo.com/faqdetail?id=20848"}, {"pic_url": "https://h5.sinaimg.cn/upload/1007/25/2019/05/17/feed_icon_poster_identity133low.png", "name": "blogger", "length": 1.33, "actionlog": {"act_code": "3671", "ext": "status:author"}, "scheme": "https://kefu.weibo.com/faqdetail?id=20848"}], "user": {"id": 3241390605, "idstr": "3241390605", "class": 1, "screen_name": "缓缓飘落的枫叶像什么呢", "name": "缓缓飘落的枫叶像什么呢", "province": "42", "city": "1000", "location": "湖北", "description": "颜狗！啥瓜都吃！互联网高贵路人，你骂我，我就骂你蒸煮", "url": "", "profile_image_url": "https://tvax2.sinaimg.cn/crop.0.0.600.600.50/c133b20dly8h0zvkx88cvj20go0gojsy.jpg?KID=imgbed,tva&Expires=1670074094&ssig=zp6uRagOxf", "light_ring": false, "cover_image_phone": "http://ww1.sinaimg.cn/crop.0.0.640.640.640/549d0121tw1egm1kjly3jj20hs0hsq4f.jpg", "profile_url": "wxcnvp", "domain": "wxcnvp", "weihao": "", "gender": "f", "followers_count": 46076, "followers_count_str": "4.6万", "friends_count": 115, "pagefriends_count": 28, "statuses_count": 1005, "video_status_count": 13, "video_play_count": 0, "super_topic_not_syn_count": 0, "favourites_count": 0, "created_at": "Wed Jul 23 22:35:43 +0800 2014", "following": false, "allow_all_act_msg": false, "geo_enabled": true, "verified": false, "verified_type": -1, "remark": "", "insecurity": {"sexual_content": false}, "ptype": 0, "allow_all_comment": true, "avatar_large": "https://tvax2.sinaimg.cn/crop.0.0.600.600.180/c133b20dly8h0zvkx88cvj20go0gojsy.jpg?KID=imgbed,tva&Expires=1670074094&ssig=cwNNDcCvCi", "avatar_hd": "https://tvax2.sinaimg.cn/crop.0.0.600.600.1024/c133b20dly8h0zvkx88cvj20go0gojsy.jpg?KID=imgbed,tva&Expires=1670074094&ssig=rpTFcAz6nP", "verified_reason": "", "verified_trade": "", "verified_reason_url": "", "verified_source": "", "verified_source_url": "", "follow_me": false, "like": false, "like_me": false, "online_status": 0, "bi_followers_count": 2, "lang": "zh-cn", "star": 0, "mbtype": 2, "mbrank": 1, "svip": 0, "mb_expire_time": 1644335999, "block_word": 0, "block_app": 0, "chaohua_ability": 0, "brand_ability": 0, "nft_ability": 0, "vplus_ability": 0, "wenda_ability": 0, "live_ability": 0, "gongyi_ability": 0, "paycolumn_ability": 0, "newbrand_ability": 0, "ecommerce_ability": 0, "hardfan_ability": 0, "credit_score": 80, "user_ability": 2359304, "avatargj_id": "gj_vip_660", "urank": 9, "story_read_state": -1, "vclub_member": 0, "is_teenager": 0, "is_guardian": 0, "is_teenager_list": 0, "pc_new": 7, "special_follow": false, "planet_video": 2, "video_mark": 0, "live_status": 0, "user_ability_extend": 0, "status_total_counter": {"total_cnt": 51074, "repost_cnt": 316, "comment_cnt": 4609, "like_cnt": 24231, "comment_like_cnt": 21918}, "video_total_counter": {"play_cnt": 18166}, "brand_account": 0, "hongbaofei": 0, "tab_manage": "[0, 0]", "reward_status": 0, "green_mode": 0, "urisk": 8589934592, "avatar_type": 0}, "mid": "4780175369961571", "idstr": "4780175369961571", "match_ai_play_picture": false}, "reply_original_text": "词条没了", "readtimetype": "comment", "match_ai_play_picture": false}