{"created_at": "Tue Jun 14 20:01:41 +0800 2022", "id": 4780351610951020, "rootid": 4780351610951020, "rootidstr": "4780351610951020", "floor_number": 4, "text": "看不到微博了，哈哈[doge]", "disable_reply": 0, "restrictOperate": 0, "source_allowclick": 0, "source_type": 4, "source": "<a href=\"\" rel=\"nofollow\">来自北京</a>", "user": {"id": 2402349473, "idstr": "2402349473", "class": 1, "screen_name": "艾美丽娅QQ", "name": "艾美丽娅QQ", "province": "41", "city": "1", "location": "河南 郑州", "description": "", "url": "", "profile_image_url": "https://tvax1.sinaimg.cn/default/images/default_avatar_male_50.gif?KID=imgbed,tva&Expires=1670074094&ssig=ghAvgpI8NN", "light_ring": false, "cover_image_phone": "http://ww1.sinaimg.cn/crop.0.0.640.640.640/549d0121tw1egm1kjly3jj20hs0hsq4f.jpg", "profile_url": "u/2402349473", "domain": "", "weihao": "", "gender": "m", "followers_count": 0, "followers_count_str": "0", "friends_count": 1, "pagefriends_count": 0, "statuses_count": 0, "video_status_count": 0, "video_play_count": 0, "super_topic_not_syn_count": 0, "favourites_count": 0, "created_at": "Sat Oct 08 17:42:24 +0800 2011", "following": false, "allow_all_act_msg": false, "geo_enabled": true, "verified": false, "verified_type": -1, "remark": "", "insecurity": {"sexual_content": false}, "ptype": 0, "allow_all_comment": true, "avatar_large": "https://tvax1.sinaimg.cn/default/images/default_avatar_male_180.gif?KID=imgbed,tva&Expires=1670074094&ssig=KY%2Bx9%2F7J99", "avatar_hd": "https://tvax1.sinaimg.cn/default/images/default_avatar_male_180.gif?KID=imgbed,tva&Expires=1670074094&ssig=KY%2Bx9%2F7J99", "verified_reason": "", "verified_trade": "", "verified_reason_url": "", "verified_source": "", "verified_source_url": "", "follow_me": false, "like": false, "like_me": false, "online_status": 0, "bi_followers_count": 0, "lang": "zh-cn", "star": 0, "mbtype": 0, "mbrank": 0, "svip": 0, "mb_expire_time": 0, "block_word": 0, "block_app": 0, "chaohua_ability": 0, "brand_ability": 0, "nft_ability": 0, "vplus_ability": 0, "wenda_ability": 0, "live_ability": 0, "gongyi_ability": 0, "paycolumn_ability": 0, "newbrand_ability": 0, "ecommerce_ability": 0, "hardfan_ability": 0, "credit_score": 80, "user_ability": 0, "urank": 4, "story_read_state": -1, "vclub_member": 0, "is_teenager": 0, "is_guardian": 0, "is_teenager_list": 0, "pc_new": 7, "special_follow": false, "planet_video": 2, "video_mark": 0, "live_status": 0, "user_ability_extend": 0, "status_total_counter": {"total_cnt": 0, "repost_cnt": 0, "comment_cnt": 0, "like_cnt": 0, "comment_like_cnt": 0}, "video_total_counter": {"play_cnt": 176}, "brand_account": 0, "hongbaofei": 0, "tab_manage": "[0, 0]", "reward_status": 0, "green_mode": 0, "urisk": 0, "avatar_type": 0}, "mid": "4780351610951020", "idstr": "4780351610951020", "status": {"visible": {"type": 0, "list_id": 0}, "created_at": "Mon Jun 13 23:25:29 +0800 2022", "id": 4780040510245465, "idstr": "4780040510245465", "mid": "4780040510245465", "can_edit": false, "version": 3, "show_additional_indication": 0, "text": "#鹤壁一男子被警察暴力殴打致死##警察荣誉# \n麻烦大家帮忙增加一下热度[作揖][作揖][作揖]\n原博主@念心思阳 ​", "textLength": 100, "source_allowclick": 1, "source_type": 1, "source": "<a href=\"http://app.weibo.com/t/feed/6uaYFC\" rel=\"nofollow\">HUAWEI P40 Pro 5G</a>", "favorited": false, "truncated": false, "in_reply_to_status_id": "", "in_reply_to_user_id": "", "in_reply_to_screen_name": "", "pic_urls": [{"thumbnail_pic": "http://wx3.sinaimg.cn/thumbnail/c133b20dgy1h3715el7gsj20xc21cdw9.jpg"}], "thumbnail_pic": "http://wx3.sinaimg.cn/thumbnail/c133b20dgy1h3715el7gsj20xc21cdw9.jpg", "bmiddle_pic": "http://wx3.sinaimg.cn/bmiddle/c133b20dgy1h3715el7gsj20xc21cdw9.jpg", "original_pic": "http://wx3.sinaimg.cn/large/c133b20dgy1h3715el7gsj20xc21cdw9.jpg", "geo": null, "is_paid": false, "mblog_vip_type": 0, "user": {"id": 3241390605, "idstr": "3241390605", "class": 1, "screen_name": "缓缓飘落的枫叶像什么呢", "name": "缓缓飘落的枫叶像什么呢", "province": "42", "city": "1000", "location": "湖北", "description": "颜狗！啥瓜都吃！互联网高贵路人，你骂我，我就骂你蒸煮", "url": "", "profile_image_url": "https://tvax2.sinaimg.cn/crop.0.0.600.600.50/c133b20dly8h0zvkx88cvj20go0gojsy.jpg?KID=imgbed,tva&Expires=1670074094&ssig=zp6uRagOxf", "light_ring": false, "cover_image_phone": "http://ww1.sinaimg.cn/crop.0.0.640.640.640/549d0121tw1egm1kjly3jj20hs0hsq4f.jpg", "profile_url": "wxcnvp", "domain": "wxcnvp", "weihao": "", "gender": "f", "followers_count": 46076, "followers_count_str": "4.6万", "friends_count": 115, "pagefriends_count": 28, "statuses_count": 1005, "video_status_count": 13, "video_play_count": 0, "super_topic_not_syn_count": 0, "favourites_count": 0, "created_at": "Wed Jul 23 22:35:43 +0800 2014", "following": false, "allow_all_act_msg": false, "geo_enabled": true, "verified": false, "verified_type": -1, "remark": "", "insecurity": {"sexual_content": false}, "ptype": 0, "allow_all_comment": true, "avatar_large": "https://tvax2.sinaimg.cn/crop.0.0.600.600.180/c133b20dly8h0zvkx88cvj20go0gojsy.jpg?KID=imgbed,tva&Expires=1670074094&ssig=cwNNDcCvCi", "avatar_hd": "https://tvax2.sinaimg.cn/crop.0.0.600.600.1024/c133b20dly8h0zvkx88cvj20go0gojsy.jpg?KID=imgbed,tva&Expires=1670074094&ssig=rpTFcAz6nP", "verified_reason": "", "verified_trade": "", "verified_reason_url": "", "verified_source": "", "verified_source_url": "", "follow_me": false, "like": false, "like_me": false, "online_status": 0, "bi_followers_count": 2, "lang": "zh-cn", "star": 0, "mbtype": 2, "mbrank": 1, "svip": 0, "mb_expire_time": 1644335999, "block_word": 0, "block_app": 0, "chaohua_ability": 0, "brand_ability": 0, "nft_ability": 0, "vplus_ability": 0, "wenda_ability": 0, "live_ability": 0, "gongyi_ability": 0, "paycolumn_ability": 0, "newbrand_ability": 0, "ecommerce_ability": 0, "hardfan_ability": 0, "credit_score": 80, "user_ability": 2359304, "avatargj_id": "gj_vip_660", "urank": 9, "story_read_state": -1, "vclub_member": 0, "is_teenager": 0, "is_guardian": 0, "is_teenager_list": 0, "pc_new": 7, "special_follow": false, "planet_video": 2, "video_mark": 0, "live_status": 0, "user_ability_extend": 0, "status_total_counter": {"total_cnt": 51074, "repost_cnt": 316, "comment_cnt": 4609, "like_cnt": 24231, "comment_like_cnt": 21918}, "video_total_counter": {"play_cnt": 18166}, "brand_account": 0, "hongbaofei": 0, "tab_manage": "[0, 0]", "reward_status": 0, "green_mode": 0, "urisk": 8589934592, "avatar_type": 0}, "annotations": [{"photo_sub_type": "0"}, {"ann_ext": "ann_ext:search|t:3|creator_source:bottomsendweibo"}, {"client_mblogid": "736b98d4-cc23-4f78-a9bd-fa11a08f7682"}, {"mapi_request": true}], "picStatus": "0:1", "reposts_count": 0, "comments_count": 0, "reprint_cmt_count": 0, "attitudes_count": 0, "pending_approval_count": 0, "isLongText": false, "reward_exhibition_type": 0, "hide_flag": 0, "mlevel": 128, "show_mlevel": 0, "biz_feature": 4294967300, "page_type": 64, "hasActionTypeCard": 0, "darwin_tags": [], "hot_weibo_tags": [], "text_tag_tips": [], "mblogtype": 0, "userType": 0, "mlevelSource": "monitor", "more_info_type": 0, "number_display_strategy": {"apply_scenario_flag": 3, "display_text_min_number": 1000000, "display_text": "100万+"}, "positive_recom_flag": 0, "content_auth": 0, "gif_ids": "", "is_show_bulletin": 2, "comment_manage_info": {"comment_permission_type": -1, "approval_comment_type": 0, "comment_sort_type": 0, "ai_play_picture_type": 0}, "pic_num": 1, "can_reprint": false, "new_comment_style": 0}, "readtimetype": "comment", "match_ai_play_picture": false}