{"created_at": "Mon Apr 11 17:04:18 +0800 2022", "id": 4757114150716977, "rootid": 4757114150716977, "rootidstr": "4757114150716977", "floor_number": 51, "text": "随手举报", "disable_reply": 0, "restrictOperate": 0, "user": {"id": 5565939407, "idstr": "5565939407", "class": 1, "screen_name": "脑壳才大", "name": "脑壳才大", "province": "100", "city": "1000", "location": "其他", "description": "张艺兴", "url": "", "profile_image_url": "https://tvax2.sinaimg.cn/crop.0.0.996.996.50/0064G76fly8gsvjxl1i8qj60ro0ro76702.jpg?KID=imgbed,tva&Expires=1674067066&ssig=vJzqBr2k%2BD", "light_ring": false, "cover_image_phone": "https://ww1.sinaimg.cn/crop.0.0.640.640.640/9d44112bjw1f1xl1c10tuj20hs0hs0tw.jpg", "profile_url": "u/5565939407", "domain": "", "weihao": "", "gender": "f", "followers_count": 185, "followers_count_str": "185", "friends_count": 531, "pagefriends_count": 85, "statuses_count": 4674, "video_status_count": 42, "video_play_count": 0, "super_topic_not_syn_count": 23, "favourites_count": 21, "created_at": "Sat Mar 21 17:37:51 +0800 2015", "following": false, "allow_all_act_msg": false, "geo_enabled": true, "verified": true, "verified_type": 0, "remark": "", "insecurity": {"sexual_content": false}, "ptype": 0, "allow_all_comment": false, "avatar_large": "https://tvax2.sinaimg.cn/crop.0.0.996.996.180/0064G76fly8gsvjxl1i8qj60ro0ro76702.jpg?KID=imgbed,tva&Expires=1674067066&ssig=Ib3uSBn8Cb", "avatar_hd": "https://tvax2.sinaimg.cn/crop.0.0.996.996.1024/0064G76fly8gsvjxl1i8qj60ro0ro76702.jpg?KID=imgbed,tva&Expires=1674067066&ssig=CTE1W7voHV", "verified_reason": "超话粉丝大咖（张艺兴超话）", "verified_trade": "", "verified_reason_url": "", "verified_source": "", "verified_source_url": "", "verified_state": 0, "verified_level": 3, "verified_type_ext": 0, "has_service_tel": false, "verified_reason_modified": "", "verified_contact_name": "", "verified_contact_email": "", "verified_contact_mobile": "", "follow_me": false, "like": false, "like_me": false, "online_status": 0, "bi_followers_count": 9, "lang": "zh-cn", "star": 0, "mbtype": 0, "mbrank": 0, "svip": 0, "mb_expire_time": 0, "block_word": 0, "block_app": 0, "chaohua_ability": 0, "brand_ability": 0, "nft_ability": 0, "vplus_ability": 0, "wenda_ability": 0, "live_ability": 0, "gongyi_ability": 0, "paycolumn_ability": 0, "newbrand_ability": 0, "ecommerce_ability": 0, "hardfan_ability": 0, "wbcolumn_ability": 0, "credit_score": 80, "user_ability": 3407872, "cardid": "star_293", "avatargj_id": "gj_vip_075", "urank": 9, "story_read_state": -1, "verified_detail": {"custom": 0, "data": [{"key": 8, "sub_key": 0, "weight": 102, "desc": "超话粉丝大咖（张艺兴超话）"}]}, "vclub_member": 0, "is_teenager": 0, "is_guardian": 0, "is_teenager_list": 0, "pc_new": 0, "special_follow": false, "planet_video": 1, "video_mark": 14, "live_status": 0, "user_ability_extend": 0, "status_total_counter": {"total_cnt": 15970, "repost_cnt": 521, "comment_cnt": 5291, "like_cnt": 10133, "comment_like_cnt": 25}, "video_total_counter": {"play_cnt": 86}, "brand_account": 0, "hongbaofei": 0, "tab_manage": "[0, 0]", "reward_status": 0, "green_mode": 0, "urisk": 17179869184, "unfollowing_recom_switch": 1, "avatar_type": 0}, "mid": "4757114150716977", "idstr": "4757114150716977", "status": {"visible": {"type": 0, "list_id": 0}, "created_at": "Mon Apr 11 10:55:38 +0800 2022", "id": 4757021368258421, "idstr": "4757021368258421", "mid": "4757021368258421", "can_edit": false, "version": 1, "show_additional_indication": 0, "text": "失事的飞机MU5735黑匣子已经破译，原因实在是太过于震惊。往往就是最难以置信的结果，就真的发生了，现在人的压力真的太大了，一起等待官方的通知。 http://t.cn/R2WxuoH ​", "textLength": 158, "source_allowclick": 0, "source_type": 2, "source": "<a href=\"http://weibo.com/\" rel=\"nofollow\">iPhone客户端</a>", "favorited": false, "truncated": false, "in_reply_to_status_id": "", "in_reply_to_user_id": "", "in_reply_to_screen_name": "", "pic_urls": [], "geo": {"type": "Point", "coordinates": [30.670589, 104.125854]}, "is_paid": false, "mblog_vip_type": 0, "user": {"id": 5949490519, "idstr": "5949490519", "class": 1, "screen_name": "罗茂文", "name": "罗茂文", "province": "51", "city": "1000", "location": "四川", "description": "一个正能量可爱的人", "url": "", "profile_image_url": "https://tvax1.sinaimg.cn/crop.0.0.512.512.50/006uDsgvly8ggysjoxntpj30e80e80sw.jpg?KID=imgbed,tva&Expires=1674067066&ssig=djqBAclZ8v", "light_ring": false, "cover_image": "https://wx1.sinaimg.cn/crop.0.0.920.300/006uDsgvgy1g8yne78tevj30pk08c108.jpg", "cover_image_phone": "https://ww1.sinaimg.cn/crop.0.0.640.640.640/549d0121tw1egm1kjly3jj20hs0hsq4f.jpg", "profile_url": "WCW8090", "domain": "WCW8090", "weihao": "", "gender": "m", "followers_count": 226092, "followers_count_str": "22.6万", "friends_count": 355, "pagefriends_count": 6, "statuses_count": 3338, "video_status_count": 215, "video_play_count": 0, "super_topic_not_syn_count": 0, "favourites_count": 2, "created_at": "Fri Jun 10 16:16:17 +0800 2016", "following": false, "allow_all_act_msg": false, "geo_enabled": true, "verified": true, "verified_type": 0, "remark": "", "insecurity": {"sexual_content": false}, "ptype": 0, "allow_all_comment": true, "avatar_large": "https://tvax1.sinaimg.cn/crop.0.0.512.512.180/006uDsgvly8ggysjoxntpj30e80e80sw.jpg?KID=imgbed,tva&Expires=1674067066&ssig=trPBqah2RP", "avatar_hd": "https://tvax1.sinaimg.cn/crop.0.0.512.512.1024/006uDsgvly8ggysjoxntpj30e80e80sw.jpg?KID=imgbed,tva&Expires=1674067066&ssig=engTRQkrFq", "verified_reason": "搞笑幽默博主", "verified_trade": "3550", "verified_reason_url": "", "verified_source": "", "verified_source_url": "", "verified_state": 0, "verified_level": 3, "verified_type_ext": 0, "has_service_tel": false, "verified_reason_modified": "", "verified_contact_name": "", "verified_contact_email": "", "verified_contact_mobile": "", "follow_me": false, "like": false, "like_me": false, "online_status": 0, "bi_followers_count": 22, "lang": "zh-cn", "star": 0, "mbtype": 2, "mbrank": 4, "svip": 0, "mb_expire_time": 1635263999, "block_word": 0, "block_app": 0, "chaohua_ability": 0, "brand_ability": 0, "nft_ability": 0, "vplus_ability": 0, "wenda_ability": 0, "live_ability": 0, "gongyi_ability": 0, "paycolumn_ability": 0, "newbrand_ability": 0, "ecommerce_ability": 0, "hardfan_ability": 0, "wbcolumn_ability": 0, "credit_score": 80, "user_ability": 10747912, "cardid": "star_005", "avatargj_id": "gj_vip_027", "urank": 14, "story_read_state": -1, "verified_detail": {"custom": 1, "data": [{"key": 2, "sub_key": 0, "weight": 10, "desc": "搞笑幽默博主", "timestamp": 0}]}, "vclub_member": 0, "is_teenager": 0, "is_guardian": 0, "is_teenager_list": 0, "pc_new": 0, "special_follow": false, "planet_video": 2, "video_mark": 14, "live_status": 0, "user_ability_extend": 0, "status_total_counter": {"total_cnt": 143540, "repost_cnt": 30541, "comment_cnt": 26282, "like_cnt": 79144, "comment_like_cnt": 7573}, "video_total_counter": {"play_cnt": 3331086}, "brand_account": 0, "hongbaofei": 0, "tab_manage": "[0, 0]", "reward_status": 0, "green_mode": 0, "urisk": 1048576, "unfollowing_recom_switch": 1, "avatar_type": 0}, "annotations": [{}, {"spot_type": "0"}, {"shooting": 1, "place": {"poiid": "8008651010000000000", "title": "成都", "type": "checkin", "spot_type": "0"}, "client_mblogid": "iPhone-CA590BFA-03BD-4F79-962F-EDE5A88FB685"}, {"mapi_request": true}], "reposts_count": 0, "comments_count": 0, "reprint_cmt_count": 0, "attitudes_count": 0, "pending_approval_count": 0, "isLongText": false, "reward_exhibition_type": 0, "hide_flag": 0, "mlevel": 128, "show_mlevel": 0, "biz_ids": [100101], "biz_feature": 0, "hasActionTypeCard": 0, "darwin_tags": [], "hot_weibo_tags": [], "text_tag_tips": [], "mblogtype": 0, "userType": 0, "mlevelSource": "monitor", "more_info_type": 0, "number_display_strategy": {"apply_scenario_flag": 3, "display_text_min_number": 1000000, "display_text": "100万+"}, "positive_recom_flag": 0, "content_auth": 0, "gif_ids": "", "is_show_bulletin": 2, "comment_manage_info": {"comment_permission_type": -1, "approval_comment_type": 0, "comment_sort_type": 0, "ai_play_picture_type": 0}, "pic_num": 0, "can_reprint": false, "new_comment_style": 0}, "readtimetype": "comment", "match_ai_play_picture": false}