{"created_at": "Wed Jun 15 05:05:45 +0800 2022", "id": 4780488528757321, "rootid": 4780371626168495, "rootidstr": "4780371626168495", "floor_number": 0, "text": "回复@今生是何生:醒醒，这里是公安系统[二哈]", "disable_reply": 0, "restrictOperate": 0, "source_allowclick": 0, "source_type": 4, "source": "<a href=\"\" rel=\"nofollow\">来自湖北</a>", "user": {"id": 7385942359, "idstr": "7385942359", "class": 1, "screen_name": "触摸心跳touch", "name": "触摸心跳touch", "province": "41", "city": "1000", "location": "河南", "description": "", "url": "", "profile_image_url": "https://tvax3.sinaimg.cn/crop.0.0.750.750.50/0083QF0zly8gbkm8xl57tj30ku0kumyp.jpg?KID=imgbed,tva&Expires=1674068841&ssig=CKO3p5vc5W", "light_ring": false, "profile_url": "u/7385942359", "domain": "", "weihao": "", "gender": "m", "followers_count": 2, "followers_count_str": "2", "friends_count": 134, "pagefriends_count": 0, "statuses_count": 12, "video_status_count": 0, "video_play_count": 0, "super_topic_not_syn_count": 0, "favourites_count": 3, "created_at": "Tue Feb 04 19:52:05 +0800 2020", "following": false, "allow_all_act_msg": false, "geo_enabled": true, "verified": false, "verified_type": -1, "remark": "", "insecurity": {"sexual_content": false}, "ptype": 0, "allow_all_comment": true, "avatar_large": "https://tvax3.sinaimg.cn/crop.0.0.750.750.180/0083QF0zly8gbkm8xl57tj30ku0kumyp.jpg?KID=imgbed,tva&Expires=1674068841&ssig=c5itJjMS4Z", "avatar_hd": "https://tvax3.sinaimg.cn/crop.0.0.750.750.1024/0083QF0zly8gbkm8xl57tj30ku0kumyp.jpg?KID=imgbed,tva&Expires=1674068841&ssig=1TbvvHQhwd", "verified_reason": "", "verified_trade": "", "verified_reason_url": "", "verified_source": "", "verified_source_url": "", "follow_me": false, "like": false, "like_me": false, "online_status": 0, "bi_followers_count": 2, "lang": "zh-cn", "star": 0, "mbtype": 0, "mbrank": 0, "svip": 0, "mb_expire_time": 0, "block_word": 0, "block_app": 0, "chaohua_ability": 0, "brand_ability": 0, "nft_ability": 0, "vplus_ability": 0, "wenda_ability": 0, "live_ability": 0, "gongyi_ability": 0, "paycolumn_ability": 0, "newbrand_ability": 0, "ecommerce_ability": 0, "hardfan_ability": 0, "wbcolumn_ability": 0, "credit_score": 80, "user_ability": 0, "urank": 0, "story_read_state": -1, "vclub_member": 0, "is_teenager": 0, "is_guardian": 0, "is_teenager_list": 0, "pc_new": 0, "special_follow": false, "planet_video": 0, "video_mark": 0, "live_status": 0, "user_ability_extend": 0, "status_total_counter": {"total_cnt": 0, "repost_cnt": 0, "comment_cnt": 0, "like_cnt": 0, "comment_like_cnt": 0}, "video_total_counter": {"play_cnt": -1}, "brand_account": 0, "hongbaofei": 0, "tab_manage": "[0, 0]", "reward_status": 0, "green_mode": 0, "urisk": 8590458880, "unfollowing_recom_switch": 1, "avatar_type": 0}, "mid": "4780488528757321", "idstr": "4780488528757321", "status": {"visible": {"type": 0, "list_id": 0}, "created_at": "Tue Jun 14 20:57:27 +0800 2022", "id": 4780365645089120, "idstr": "4780365645089120", "mid": "4780365645089120", "can_edit": false, "version": 4, "show_additional_indication": 0, "text": "河南女生举报当地警察， 暴力殴打她父亲致死！这都什么世道啊……深深的无力感。\n\n#河南卫健委调查储户被赋红码##唐山公安局回应是否增设接待窗口#  http://t.cn/A6avUTwK ​", "textLength": 159, "source_allowclick": 0, "source_type": 1, "source": "<a href=\"http://app.weibo.com/t/feed/19DcdW\" rel=\"nofollow\">微博视频</a>", "favorited": false, "truncated": false, "in_reply_to_status_id": "", "in_reply_to_user_id": "", "in_reply_to_screen_name": "", "pic_urls": [], "geo": null, "is_paid": false, "mblog_vip_type": 0, "user": {"id": 5227820733, "idstr": "5227820733", "class": 1, "screen_name": "猫星乾坤", "name": "猫星乾坤", "province": "31", "city": "1000", "location": "上海", "description": "汤乾观岳，中华环保联形象大使、英国赛手联青年理事；职业赛车手、纪录片演员、博物馆馆主。国家赛夺冠27次，CCTV1、4、5、10、13，专题7次报道。", "url": "https://weibo.com/p/1005055227820733", "profile_image_url": "https://tvax4.sinaimg.cn/crop.0.0.1080.1080.50/005HNoZfly8gxzjmdy2urj30u00u0q6o.jpg?KID=imgbed,tva&Expires=1674068841&ssig=U0L1%2BbWaHV", "light_ring": false, "cover_image": "https://wx3.sinaimg.cn/crop.0.0.920.300/867b5e2fgy1fpc79cwuq8j20pk08ck66.jpg", "cover_image_phone": "https://wx4.sinaimg.cn/crop.0.0.640.640.640/005HNoZfgy1gdc5lii3qxj30v90v9jyn.jpg;https://wx4.sinaimg.cn/crop.0.0.640.640.640/005HNoZfgy1gdc4w4vitgj30v90v948i.jpg;https://wx2.sinaimg.cn/crop.0.0.640.640.640/005HNoZfly1gd8wbr9s4zj30e80e874e.jpg;https://wx1.sinaimg.cn/crop.0.0.640.640.640/005HNoZfly1gd7sjf6ltaj30e80e8420.jpg;https://wx1.sinaimg.cn/crop.0.0.640.640.640/005HNoZfgy1gdc58p4whoj30v90v947j.jpg", "profile_url": "bg02", "domain": "bg02", "weihao": "", "gender": "m", "followers_count": 2814685, "followers_count_str": "281.5万", "friends_count": 105, "pagefriends_count": 29, "statuses_count": 64028, "video_status_count": 23969, "video_play_count": 0, "super_topic_not_syn_count": 6, "favourites_count": 20, "created_at": "Tue Jul 22 17:46:10 +0800 2014", "following": false, "allow_all_act_msg": false, "geo_enabled": false, "verified": true, "verified_type": 0, "remark": "", "insecurity": {"sexual_content": false}, "ptype": 0, "allow_all_comment": true, "avatar_large": "https://tvax4.sinaimg.cn/crop.0.0.1080.1080.180/005HNoZfly8gxzjmdy2urj30u00u0q6o.jpg?KID=imgbed,tva&Expires=1674068841&ssig=Ri3ABZIglC", "avatar_hd": "https://tvax4.sinaimg.cn/crop.0.0.1080.1080.1024/005HNoZfly8gxzjmdy2urj30u00u0q6o.jpg?KID=imgbed,tva&Expires=1674068841&ssig=VpvF%2FFEyGx", "verified_reason": "丝绸之路文史研究所 研究员  2022年辰星计划博主", "verified_trade": "2135", "verified_reason_url": "", "verified_source": "", "verified_source_url": "", "verified_state": 0, "verified_level": 3, "verified_type_ext": 1, "has_service_tel": false, "verified_reason_modified": "", "verified_contact_name": "", "verified_contact_email": "", "verified_contact_mobile": "", "follow_me": false, "like": false, "like_me": false, "online_status": 0, "bi_followers_count": -2606, "lang": "zh-cn", "star": 0, "mbtype": 12, "mbrank": 8, "svip": 1, "mb_expire_time": 1699286400, "block_word": 0, "block_app": 1, "chaohua_ability": 0, "brand_ability": 0, "nft_ability": 0, "vplus_ability": 3, "wenda_ability": 0, "live_ability": 1, "gongyi_ability": 0, "paycolumn_ability": 1, "newbrand_ability": 0, "ecommerce_ability": 0, "hardfan_ability": 1, "wbcolumn_ability": 0, "ability_tags": "宏观经济,收藏,外汇,基金,投资,贵金属,港股,美股,A股,股票", "credit_score": 80, "user_ability": -2135537144, "cardid": "star_1624", "urank": 48, "story_read_state": -1, "verified_detail": {"custom": 1, "data": [{"key": 1, "sub_key": 0, "weight": 10, "desc": "丝绸之路文史研究所 研究员  2022年辰星计划博主", "timestamp": 0}, {"key": 2, "sub_key": 0, "weight": 0, "desc": "人文艺术博主", "timestamp": 0}, {"key": 16, "sub_key": 10, "weight": 0, "desc": "资讯视频自媒体", "timestamp": 0}, {"key": 16, "sub_key": 3, "weight": 0, "desc": "微博故事红人", "timestamp": 0}, {"key": 16, "sub_key": 1, "weight": 0, "desc": "微博原创视频博主", "timestamp": 0}, {"key": 16, "sub_key": 2, "weight": 0, "desc": "微博VLOG博主", "timestamp": 0}, {"key": 8, "sub_key": 0, "weight": 0, "desc": "超话主持人（文物鉴定超话）", "timestamp": 0}]}, "vclub_member": 0, "is_teenager": 0, "is_guardian": 0, "is_teenager_list": 0, "pc_new": 6, "special_follow": false, "planet_video": 2, "video_mark": 15, "live_status": 0, "user_ability_extend": 1, "video_cover": {"mid": 4681318488868372}, "status_total_counter": {"total_cnt": 11524633, "repost_cnt": 638245, "comment_cnt": 1305237, "like_cnt": 3977715, "comment_like_cnt": 5603436}, "video_total_counter": {"play_cnt": 555902853}, "brand_account": 0, "hongbaofei": 0, "tab_manage": "[0, 0]", "reward_status": 0, "green_mode": 0, "urisk": 43486543872, "unfollowing_recom_switch": 1, "avatar_type": 0}, "annotations": [{"mapi_request": true}], "reposts_count": 0, "comments_count": 0, "reprint_cmt_count": 0, "attitudes_count": 0, "pending_approval_count": 0, "isLongText": false, "reward_exhibition_type": 0, "hide_flag": 0, "mlevel": 128, "show_mlevel": 0, "biz_ids": [230444], "biz_feature": 4294967304, "page_type": 64, "hasActionTypeCard": 0, "darwin_tags": [], "hot_weibo_tags": [], "text_tag_tips": [], "mblogtype": 0, "userType": 0, "mlevelSource": "monitor", "more_info_type": 0, "cardid": "star_1573", "number_display_strategy": {"apply_scenario_flag": 3, "display_text_min_number": 1000000, "display_text": "100万+"}, "positive_recom_flag": 0, "content_auth": 0, "gif_ids": "", "is_show_bulletin": 2, "comment_manage_info": {"comment_permission_type": -1, "approval_comment_type": 0, "comment_sort_type": 0, "ai_play_picture_type": 0}, "pic_num": 0, "fid": 4780365330776141, "can_reprint": false, "new_comment_style": 0}, "reply_comment": {"created_at": "Tue Jun 14 21:21:13 +0800 2022", "id": 4780371626168495, "rootid": 4780371626168495, "rootidstr": "4780371626168495", "floor_number": 18, "text": "估计全国司法系统瑟瑟发抖", "disable_reply": 0, "restrictOperate": 0, "user": {"id": 7745067745, "idstr": "7745067745", "class": 1, "screen_name": "今生是何生", "name": "今生是何生", "province": "100", "city": "1000", "location": "其他", "description": "柳暗花明又一村", "url": "", "profile_image_url": "https://tvax1.sinaimg.cn/crop.0.0.750.750.50/008s9vVvly8h2qku0qx1qj30ku0kutac.jpg?KID=imgbed,tva&Expires=1674068841&ssig=5TA7H%2B6zqX", "light_ring": false, "profile_url": "u/7745067745", "domain": "", "weihao": "", "gender": "m", "followers_count": 0, "followers_count_str": "0", "friends_count": 32, "pagefriends_count": 1, "statuses_count": 2, "video_status_count": 0, "video_play_count": 0, "super_topic_not_syn_count": 0, "favourites_count": 1, "created_at": "Mon Mar 14 11:28:45 +0800 2022", "following": false, "allow_all_act_msg": false, "geo_enabled": true, "verified": false, "verified_type": -1, "remark": "", "insecurity": {"sexual_content": false}, "ptype": 0, "allow_all_comment": true, "avatar_large": "https://tvax1.sinaimg.cn/crop.0.0.750.750.180/008s9vVvly8h2qku0qx1qj30ku0kutac.jpg?KID=imgbed,tva&Expires=1674068841&ssig=iwzH34Vgxk", "avatar_hd": "https://tvax1.sinaimg.cn/crop.0.0.750.750.1024/008s9vVvly8h2qku0qx1qj30ku0kutac.jpg?KID=imgbed,tva&Expires=1674068841&ssig=Sk0bHmS0Ll", "verified_reason": "", "verified_trade": "", "verified_reason_url": "", "verified_source": "", "verified_source_url": "", "follow_me": false, "like": false, "like_me": false, "online_status": 0, "bi_followers_count": 0, "lang": "zh-cn", "star": 0, "mbtype": 0, "mbrank": 0, "svip": 0, "mb_expire_time": 0, "block_word": 0, "block_app": 0, "credit_score": 80, "user_ability": 2097152, "urank": 0, "story_read_state": -1, "vclub_member": 0, "is_teenager": 0, "is_guardian": 0, "is_teenager_list": 0, "pc_new": 0, "special_follow": false, "planet_video": 0, "video_mark": 0, "live_status": 0, "user_ability_extend": 0, "status_total_counter": {"total_cnt": 0, "repost_cnt": 0, "comment_cnt": 0, "like_cnt": 0, "comment_like_cnt": 0}, "video_total_counter": {"play_cnt": -1}, "brand_account": 0, "hongbaofei": 0, "tab_manage": "[0, 0]", "green_mode": 0, "urisk": 0, "unfollowing_recom_switch": 1, "block": 0, "block_me": 0, "avatar_type": 0}, "mid": "4780371626168495", "idstr": "4780371626168495", "match_ai_play_picture": false}, "reply_original_text": "醒醒，这里是公安系统[二哈]", "readtimetype": "comment", "match_ai_play_picture": false}