{"created_at": "Tue Jul 05 16:27:11 +0800 2022", "id": 4787907775170494, "rootid": 4787907775170494, "rootidstr": "4787907775170494", "floor_number": 4, "text": "干扰了平行时空的运作[doge]", "disable_reply": 0, "restrictOperate": 0, "source_allowclick": 0, "source_type": 4, "source": "<a href=\"\" rel=\"nofollow\">来自湖北</a>", "comment_badge": [{"pic_url": "https://h5.sinaimg.cn/upload/114/962/2022/07/08/member_6_bigfan3_1.png", "name": "loyal_fans", "length": 1.33, "actionlog": {"act_code": "3671", "ext": "status:fans"}, "scheme": "https://kefu.weibo.com/faqdetail?id=20848", "new_icon": true}], "user": {"id": 6826094549, "idstr": "6826094549", "class": 1, "screen_name": "疲倦的油条", "name": "疲倦的油条", "province": "42", "city": "1000", "location": "湖北", "description": "初心不改", "url": "", "profile_image_url": "https://tvax3.sinaimg.cn/crop.0.0.996.996.50/007rXB1bly8fwznkyzbttj30ro0roq5p.jpg?KID=imgbed,tva&Expires=1670006564&ssig=Vyfl6D6u7%2B", "light_ring": false, "cover_image_phone": "http://ww1.sinaimg.cn/crop.0.0.640.640.640/549d0121tw1egm1kjly3jj20hs0hsq4f.jpg", "profile_url": "u/6826094549", "domain": "", "weihao": "", "gender": "m", "followers_count": 378, "followers_count_str": "378", "friends_count": 1399, "pagefriends_count": 13, "statuses_count": 825, "video_status_count": 0, "video_play_count": 0, "super_topic_not_syn_count": 0, "favourites_count": 0, "created_at": "Wed Nov 07 17:33:32 +0800 2018", "following": false, "allow_all_act_msg": false, "geo_enabled": true, "verified": false, "verified_type": -1, "remark": "", "insecurity": {"sexual_content": false}, "ptype": 0, "allow_all_comment": true, "avatar_large": "https://tvax3.sinaimg.cn/crop.0.0.996.996.180/007rXB1bly8fwznkyzbttj30ro0roq5p.jpg?KID=imgbed,tva&Expires=1670006564&ssig=2BQAPxhN8w", "avatar_hd": "https://tvax3.sinaimg.cn/crop.0.0.996.996.1024/007rXB1bly8fwznkyzbttj30ro0roq5p.jpg?KID=imgbed,tva&Expires=1670006564&ssig=Kx2zGjg4ex", "verified_reason": "", "verified_trade": "", "verified_reason_url": "", "verified_source": "", "verified_source_url": "", "follow_me": false, "like": false, "like_me": false, "online_status": 0, "bi_followers_count": 37, "lang": "zh-cn", "star": 0, "mbtype": 12, "mbrank": 6, "svip": 0, "mb_expire_time": 1703001600, "block_word": 0, "block_app": 1, "chaohua_ability": 0, "brand_ability": 0, "nft_ability": 0, "vplus_ability": 0, "wenda_ability": 0, "live_ability": 0, "gongyi_ability": 0, "paycolumn_ability": 0, "newbrand_ability": 0, "ecommerce_ability": 0, "hardfan_ability": 0, "credit_score": 80, "user_ability": 2097152, "avatargj_id": "gj_vip_037", "urank": 14, "story_read_state": -1, "vclub_member": 0, "is_teenager": 0, "is_guardian": 0, "is_teenager_list": 0, "pc_new": 0, "special_follow": false, "planet_video": 0, "video_mark": 0, "live_status": 0, "user_ability_extend": 0, "status_total_counter": {"total_cnt": 2268, "repost_cnt": 294, "comment_cnt": 788, "like_cnt": 933, "comment_like_cnt": 253}, "video_total_counter": {"play_cnt": -1}, "brand_account": 0, "hongbaofei": 0, "tab_manage": "[0, 0]", "reward_status": 0, "green_mode": 0, "urisk": 17179869184, "avatar_type": 0}, "mid": "4787907775170494", "idstr": "4787907775170494", "status": {"visible": {"type": 0, "list_id": 0}, "created_at": "Tue Jul 05 14:40:58 +0800 2022", "id": 4787881045135370, "idstr": "4787881045135370", "mid": "4787881045135370", "can_edit": false, "version": 2, "show_additional_indication": 0, "text": "震惊！\n广西离婚率高达33.25！\n是说 每一对广西人结婚就有33对离婚吗？[思考] ​", "textLength": 72, "source_allowclick": 1, "source_type": 1, "source": "<a href=\"http://app.weibo.com/t/feed/3c7MKp\" rel=\"nofollow\">Redmi Note 11 Pro</a>", "favorited": false, "truncated": false, "in_reply_to_status_id": "", "in_reply_to_user_id": "", "in_reply_to_screen_name": "", "pic_urls": [{"thumbnail_pic": "http://wx1.sinaimg.cn/thumbnail/007Y9PKwly1h3w1lmnzqyj30u01uogv0.jpg"}], "thumbnail_pic": "http://wx1.sinaimg.cn/thumbnail/007Y9PKwly1h3w1lmnzqyj30u01uogv0.jpg", "bmiddle_pic": "http://wx1.sinaimg.cn/bmiddle/007Y9PKwly1h3w1lmnzqyj30u01uogv0.jpg", "original_pic": "http://wx1.sinaimg.cn/large/007Y9PKwly1h3w1lmnzqyj30u01uogv0.jpg", "geo": null, "is_paid": false, "mblog_vip_type": 0, "user": {"id": 7301853864, "idstr": "7301853864", "class": 1, "screen_name": "椟菽荫", "name": "椟菽荫", "province": "12", "city": "1", "location": "天津 和平区", "description": "双标狗，五行缺冰镐", "url": "", "profile_image_url": "https://tvax1.sinaimg.cn/crop.432.13.1066.1066.50/007Y9PKwly8h8gk5ap5fdj31hc0u011a.jpg?KID=imgbed,tva&Expires=1670006564&ssig=E5Z8V8rqqP", "light_ring": false, "cover_image_phone": "http://ww1.sinaimg.cn/crop.0.0.640.640.640/549d0121tw1egm1kjly3jj20hs0hsq4f.jpg", "profile_url": "u/7301853864", "domain": "", "weihao": "", "gender": "m", "followers_count": 23093, "followers_count_str": "2.3万", "friends_count": 1774, "pagefriends_count": 12, "statuses_count": 93793, "video_status_count": 463, "video_play_count": 0, "super_topic_not_syn_count": 0, "favourites_count": 2475, "created_at": "Sat Sep 07 20:20:57 +0800 2019", "following": false, "allow_all_act_msg": false, "geo_enabled": true, "verified": true, "verified_type": 0, "remark": "", "insecurity": {"sexual_content": false}, "ptype": 0, "allow_all_comment": false, "avatar_large": "https://tvax1.sinaimg.cn/crop.432.13.1066.1066.180/007Y9PKwly8h8gk5ap5fdj31hc0u011a.jpg?KID=imgbed,tva&Expires=1670006564&ssig=N8Q98dgi1K", "avatar_hd": "https://tvax1.sinaimg.cn/crop.432.13.1066.1066.1024/007Y9PKwly8h8gk5ap5fdj31hc0u011a.jpg?KID=imgbed,tva&Expires=1670006564&ssig=fwDe4UfBqB", "verified_reason": "微博原创视频博主", "verified_trade": "", "verified_reason_url": "", "verified_source": "", "verified_source_url": "", "verified_state": 0, "verified_level": 3, "verified_type_ext": 1, "has_service_tel": false, "verified_reason_modified": "", "verified_contact_name": "", "verified_contact_email": "", "verified_contact_mobile": "", "follow_me": false, "like": false, "like_me": false, "online_status": 0, "bi_followers_count": 1142, "lang": "zh-cn", "star": 0, "mbtype": 11, "mbrank": 2, "svip": 0, "mb_expire_time": 1673193600, "block_word": 0, "block_app": 1, "chaohua_ability": 0, "brand_ability": 0, "nft_ability": 0, "vplus_ability": 0, "wenda_ability": 0, "live_ability": 0, "gongyi_ability": 0, "paycolumn_ability": 1, "newbrand_ability": 0, "ecommerce_ability": 0, "hardfan_ability": 1, "credit_score": 80, "user_ability": -2136735224, "cardid": "star_1554", "avatargj_id": "gj_vip_436", "urank": 0, "story_read_state": -1, "verified_detail": {"custom": 0, "data": [{"key": 16, "sub_key": 1, "weight": 103, "desc": "微博原创视频博主", "timestamp": 1634462938}]}, "vclub_member": 0, "is_teenager": 0, "is_guardian": 0, "is_teenager_list": 0, "pc_new": 6, "special_follow": false, "planet_video": 2, "video_mark": 15, "live_status": 0, "user_ability_extend": 1, "status_total_counter": {"total_cnt": 2101543, "repost_cnt": 1111740, "comment_cnt": 96466, "like_cnt": 331027, "comment_like_cnt": 562310}, "video_total_counter": {"play_cnt": 737749}, "brand_account": 0, "hongbaofei": 0, "tab_manage": "[0, 0]", "reward_status": 0, "green_mode": 0, "urisk": 53150220296, "avatar_type": 0}, "annotations": [{"photo_sub_type": "0"}, {}, {"client_mblogid": "ae8c9dab-ac1f-4157-a230-ac346c9caf4c"}, {"mapi_request": true}], "reposts_count": 0, "comments_count": 0, "reprint_cmt_count": 0, "attitudes_count": 0, "pending_approval_count": 0, "isLongText": false, "reward_exhibition_type": 0, "hide_flag": 0, "mlevel": 128, "show_mlevel": 0, "biz_feature": 4294967300, "hasActionTypeCard": 0, "darwin_tags": [], "hot_weibo_tags": [], "text_tag_tips": [], "mblogtype": 0, "userType": 0, "mlevelSource": "monitor", "more_info_type": 0, "number_display_strategy": {"apply_scenario_flag": 3, "display_text_min_number": 1000000, "display_text": "100万+"}, "positive_recom_flag": 0, "content_auth": 0, "gif_ids": "", "is_show_bulletin": 2, "comment_manage_info": {"comment_permission_type": -1, "approval_comment_type": 0, "comment_sort_type": 0, "ai_play_picture_type": 0}, "pic_num": 1, "can_reprint": false, "new_comment_style": 0}, "readtimetype": "comment", "match_ai_play_picture": false}