{"created_at": "Thu Dec 22 15:21:22 +0800 2022", "id": 4849497149281330, "rootid": 4847076842151137, "rootidstr": "4847076842151137", "floor_number": 0, "text": "回复@风没她会吹:亲身经历 鸟用没有", "disable_reply": 0, "restrictOperate": 0, "source_allowclick": 0, "source_type": 4, "source": "<a href=\"\" rel=\"nofollow\">来自安徽</a>", "user": {"id": 2696831965, "idstr": "2696831965", "class": 1, "screen_name": "大宝狗子", "name": "大宝狗子", "province": "31", "city": "4", "location": "上海 徐汇区", "description": "As long as you place me in your heart, I will always be with you", "url": "", "profile_image_url": "https://tvax2.sinaimg.cn/crop.0.0.1080.1080.50/a0be63ddly8h3tgfhmeklj20u00u0gp0.jpg?KID=imgbed,tva&Expires=1674054272&ssig=ATOZt02eVp", "light_ring": false, "cover_image_phone": "https://ww1.sinaimg.cn/crop.0.0.640.640.640/549d0121tw1egm1kjly3jj20hs0hsq4f.jpg", "profile_url": "u/2696831965", "domain": "", "weihao": "", "gender": "f", "followers_count": 185, "followers_count_str": "185", "friends_count": 214, "pagefriends_count": 17, "statuses_count": 116, "video_status_count": 1, "video_play_count": 0, "super_topic_not_syn_count": 0, "favourites_count": 2, "created_at": "Thu May 23 13:11:39 +0800 2013", "following": false, "allow_all_act_msg": false, "geo_enabled": true, "verified": false, "verified_type": -1, "remark": "", "insecurity": {"sexual_content": false}, "ptype": 0, "allow_all_comment": false, "avatar_large": "https://tvax2.sinaimg.cn/crop.0.0.1080.1080.180/a0be63ddly8h3tgfhmeklj20u00u0gp0.jpg?KID=imgbed,tva&Expires=1674054272&ssig=DCXKlWB3AZ", "avatar_hd": "https://tvax2.sinaimg.cn/crop.0.0.1080.1080.1024/a0be63ddly8h3tgfhmeklj20u00u0gp0.jpg?KID=imgbed,tva&Expires=1674054272&ssig=VDt6WMyRHA", "verified_reason": "", "verified_trade": "", "verified_reason_url": "", "verified_source": "", "verified_source_url": "", "follow_me": false, "like": false, "like_me": false, "online_status": 0, "bi_followers_count": 8, "lang": "zh-cn", "star": 0, "mbtype": 2, "mbrank": 1, "svip": 0, "mb_expire_time": 0, "block_word": 0, "block_app": 0, "chaohua_ability": 0, "brand_ability": 0, "nft_ability": 0, "vplus_ability": 0, "wenda_ability": 0, "live_ability": 0, "gongyi_ability": 0, "paycolumn_ability": 0, "newbrand_ability": 0, "ecommerce_ability": 0, "hardfan_ability": 0, "wbcolumn_ability": 0, "credit_score": 80, "user_ability": 2359296, "urank": 9, "story_read_state": -1, "vclub_member": 0, "is_teenager": 0, "is_guardian": 0, "is_teenager_list": 0, "pc_new": 7, "special_follow": false, "planet_video": 0, "video_mark": 2, "live_status": 0, "user_ability_extend": 0, "status_total_counter": {"total_cnt": 2280, "repost_cnt": 73, "comment_cnt": 640, "like_cnt": 1494, "comment_like_cnt": 73}, "video_total_counter": {"play_cnt": 5}, "brand_account": 0, "hongbaofei": 0, "tab_manage": "[0, 0]", "reward_status": 0, "green_mode": 0, "urisk": 0, "unfollowing_recom_switch": 1, "avatar_type": 0}, "mid": "4849497149281330", "idstr": "4849497149281330", "status": {"visible": {"type": 0, "list_id": 0}, "created_at": "Thu Dec 15 22:47:00 +0800 2022", "id": 4847072580999505, "idstr": "4847072580999505", "mid": "4847072580999505", "edit_count": 2, "can_edit": false, "edit_at": "Sat Dec 17 13:45:56 +0800 2022", "version": 4, "show_additional_indication": 0, "text": "#进口退烧药遭哄抢# \n抢偏远地区的药真的很缺德，本来就都是老人留守儿童，太可恨了[拜拜]\ncr.bigjoey大舅 http://t.cn/A6KpYTK3 ​", "textLength": 120, "source_allowclick": 0, "source_type": 2, "source": "<a href=\"http://weibo.com/\" rel=\"nofollow\">iPhone客户端</a>", "favorited": false, "truncated": false, "in_reply_to_status_id": "", "in_reply_to_user_id": "", "in_reply_to_screen_name": "", "pic_urls": [], "geo": null, "is_paid": false, "mblog_vip_type": 0, "user": {"id": 6060658423, "idstr": "6060658423", "class": 1, "screen_name": "耽于美色", "name": "耽于美色", "province": "400", "city": "1000", "location": "海外", "description": "耽于美色，颜即正义。", "url": "", "profile_image_url": "https://tva3.sinaimg.cn/crop.0.0.300.300.50/006C9U7djw8fbbi273igwj308c08cgm5.jpg?KID=imgbed,tva&Expires=1674054272&ssig=xaNrAOtm4T", "light_ring": false, "cover_image_phone": "https://ww4.sinaimg.cn/crop.0.0.640.640.640/006C9U7dgw1f9jy3x7rjkj30ku0lkacf.jpg", "profile_url": "u/6060658423", "domain": "", "weihao": "", "gender": "m", "followers_count": 930840, "followers_count_str": "93.1万", "friends_count": 260, "pagefriends_count": 86, "statuses_count": 4643, "video_status_count": 1457, "video_play_count": 0, "super_topic_not_syn_count": 10, "favourites_count": 419, "created_at": "Mon Nov 07 22:15:21 +0800 2016", "following": false, "allow_all_act_msg": false, "geo_enabled": true, "verified": true, "verified_type": 0, "remark": "", "insecurity": {"sexual_content": false}, "ptype": 0, "allow_all_comment": true, "avatar_large": "https://tva3.sinaimg.cn/crop.0.0.300.300.180/006C9U7djw8fbbi273igwj308c08cgm5.jpg?KID=imgbed,tva&Expires=1674054272&ssig=2oZmfAAvIz", "avatar_hd": "https://tva3.sinaimg.cn/crop.0.0.300.300.1024/006C9U7djw8fbbi273igwj308c08cgm5.jpg?KID=imgbed,tva&Expires=1674054272&ssig=dpduY26CL%2F", "verified_reason": "颜值博主", "verified_trade": "", "verified_reason_url": "", "verified_source": "", "verified_source_url": "", "verified_state": 0, "verified_level": 3, "verified_type_ext": 1, "has_service_tel": false, "verified_reason_modified": "", "verified_contact_name": "", "verified_contact_email": "", "verified_contact_mobile": "", "follow_me": false, "like": false, "like_me": false, "online_status": 0, "bi_followers_count": 42, "lang": "zh-cn", "star": 0, "mbtype": 12, "mbrank": 7, "svip": 0, "mb_expire_time": 1703606400, "block_word": 1, "block_app": 1, "chaohua_ability": 0, "brand_ability": 0, "nft_ability": 0, "vplus_ability": 3, "wenda_ability": 0, "live_ability": 0, "gongyi_ability": 0, "paycolumn_ability": 0, "newbrand_ability": 0, "ecommerce_ability": 0, "hardfan_ability": 1, "wbcolumn_ability": 0, "credit_score": 80, "user_ability": 2490888, "urank": 9, "story_read_state": -1, "verified_detail": {"custom": 0, "data": [{"key": 2, "sub_key": 0, "weight": 101, "desc": "颜值博主", "timestamp": 0}]}, "vclub_member": 0, "is_teenager": 0, "is_guardian": 0, "is_teenager_list": 0, "pc_new": 7, "special_follow": false, "planet_video": 2, "video_mark": 14, "live_status": 0, "user_ability_extend": 0, "status_total_counter": {"total_cnt": 10564641, "repost_cnt": 933944, "comment_cnt": 622112, "like_cnt": 4402975, "comment_like_cnt": 4605610}, "video_total_counter": {"play_cnt": 263892241}, "brand_account": 0, "hongbaofei": 0, "tab_manage": "[0, 0]", "reward_status": 0, "green_mode": 0, "urisk": 0, "unfollowing_recom_switch": 1, "avatar_type": 0}, "annotations": [{}, {}, {"client_mblogid": "iPhone-52BB3BDD-8853-4591-8220-B6E6992FAB9E"}, {"mapi_request": true}], "reposts_count": 0, "comments_count": 0, "reprint_cmt_count": 0, "attitudes_count": 0, "pending_approval_count": 0, "isLongText": false, "reward_exhibition_type": 0, "hide_flag": 0, "mlevel": 0, "show_mlevel": 0, "biz_ids": [230444], "biz_feature": 4294967304, "hasActionTypeCard": 0, "darwin_tags": [], "hot_weibo_tags": [], "text_tag_tips": [], "mblogtype": 0, "userType": 0, "more_info_type": 0, "number_display_strategy": {"apply_scenario_flag": 3, "display_text_min_number": 1000000, "display_text": "100万+"}, "positive_recom_flag": 0, "content_auth": 0, "gif_ids": "", "is_show_bulletin": 2, "comment_manage_info": {"comment_permission_type": -1, "approval_comment_type": 0, "comment_sort_type": 0, "ai_play_picture_type": 0}, "pic_num": 0, "fid": 4847072057753854, "can_reprint": false, "new_comment_style": 0}, "reply_comment": {"created_at": "Fri Dec 16 06:23:08 +0800 2022", "id": 4847187369919433, "rootid": 4847076842151137, "rootidstr": "4847076842151137", "floor_number": 0, "text": "回复@香菇老虎头推广大使:连花清瘟没用，我医生朋友说", "disable_reply": 0, "restrictOperate": 0, "user": {"id": 3166131687, "idstr": "3166131687", "class": 1, "screen_name": "风没她会吹", "name": "风没她会吹", "province": "46", "city": "2", "location": "海南 三亚", "description": "Like Sunday,like rain", "url": "", "profile_image_url": "https://tvax4.sinaimg.cn/crop.0.0.500.500.50/bcb755e7ly8h8gim71dtlj20dw0dwjrm.jpg?KID=imgbed,tva&Expires=1674054272&ssig=JvB3mBuWSO", "light_ring": false, "cover_image_phone": "https://ww4.sinaimg.cn/crop.0.0.640.640.640/a1d3feabjw1ez3ul46nlsj20hs0hsmz1.jpg", "profile_url": "u/3166131687", "domain": "", "weihao": "", "gender": "f", "followers_count": 129, "followers_count_str": "129", "friends_count": 388, "pagefriends_count": 21, "statuses_count": 93, "video_status_count": 2, "video_play_count": 0, "super_topic_not_syn_count": 3, "favourites_count": 2715, "created_at": "Tue Apr 09 13:11:49 +0800 2013", "following": false, "allow_all_act_msg": false, "geo_enabled": true, "verified": false, "verified_type": -1, "remark": "", "insecurity": {"sexual_content": false}, "ptype": 0, "allow_all_comment": true, "avatar_large": "https://tvax4.sinaimg.cn/crop.0.0.500.500.180/bcb755e7ly8h8gim71dtlj20dw0dwjrm.jpg?KID=imgbed,tva&Expires=1674054272&ssig=ySBSeg0%2BA%2B", "avatar_hd": "https://tvax4.sinaimg.cn/crop.0.0.500.500.1024/bcb755e7ly8h8gim71dtlj20dw0dwjrm.jpg?KID=imgbed,tva&Expires=1674054272&ssig=EgwHxDH2Ls", "verified_reason": "", "verified_trade": "", "verified_reason_url": "", "verified_source": "", "verified_source_url": "", "follow_me": false, "like": false, "like_me": false, "online_status": 0, "bi_followers_count": 17, "lang": "zh-cn", "star": 0, "mbtype": 2, "mbrank": 1, "svip": 0, "mb_expire_time": 1609775999, "block_word": 0, "block_app": 0, "chaohua_ability": 0, "brand_ability": 0, "nft_ability": 0, "vplus_ability": 0, "wenda_ability": 0, "live_ability": 0, "gongyi_ability": 0, "paycolumn_ability": 0, "newbrand_ability": 0, "ecommerce_ability": 0, "hardfan_ability": 0, "wbcolumn_ability": 0, "credit_score": 80, "user_ability": 2359296, "cardid": "star_1397", "avatargj_id": "gj_vip_587", "urank": 32, "story_read_state": -1, "vclub_member": 0, "is_teenager": 0, "is_guardian": 0, "is_teenager_list": 0, "pc_new": 0, "special_follow": false, "planet_video": 2, "video_mark": 0, "live_status": 0, "user_ability_extend": 0, "status_total_counter": {"total_cnt": 90, "repost_cnt": 2, "comment_cnt": 36, "like_cnt": 52, "comment_like_cnt": 0}, "video_total_counter": {"play_cnt": 1711}, "brand_account": 0, "hongbaofei": 0, "tab_manage": "[0, 0]", "reward_status": 0, "green_mode": 0, "urisk": 8589934592, "unfollowing_recom_switch": 1, "avatar_type": 0}, "mid": "4847187369919433", "idstr": "4847187369919433", "match_ai_play_picture": false}, "reply_original_text": "亲身经历 鸟用没有", "readtimetype": "comment", "match_ai_play_picture": false}