{"created_at": "Thu Dec 15 23:30:35 +0800 2022", "id": 4847083553292558, "rootid": 4847075948501453, "rootidstr": "4847075948501453", "floor_number": 0, "text": "回复@为什么吃不饱ccccc:好可怕我明天要好好的，从早上37.6反反复复到晚上的39.6我真怕了，还哭了", "disable_reply": 0, "restrictOperate": 0, "source_allowclick": 0, "source_type": 4, "source": "<a href=\"\" rel=\"nofollow\">来自广东</a>", "user": {"id": 3279698045, "idstr": "3279698045", "class": 1, "screen_name": "米七一吖", "name": "米七一吖", "province": "44", "city": "5", "location": "广东 汕头", "description": "我要多爱我自己！", "url": "", "profile_image_url": "https://tvax3.sinaimg.cn/crop.0.0.1002.1002.50/c37c387dly8g9kgv2ohlej20ru0rugnv.jpg?KID=imgbed,tva&Expires=1674054272&ssig=Pk1FT7nssl", "light_ring": false, "cover_image_phone": "https://ww1.sinaimg.cn/crop.0.0.640.640.640/549d0121tw1egm1kjly3jj20hs0hsq4f.jpg", "profile_url": "u/3279698045", "domain": "", "weihao": "", "gender": "f", "followers_count": 52, "followers_count_str": "52", "friends_count": 512, "pagefriends_count": 44, "statuses_count": 598, "video_status_count": 0, "video_play_count": 0, "super_topic_not_syn_count": 13, "favourites_count": 189, "created_at": "Wed Mar 05 10:23:37 +0800 2014", "following": false, "allow_all_act_msg": false, "geo_enabled": true, "verified": false, "verified_type": -1, "remark": "", "insecurity": {"sexual_content": false}, "ptype": 0, "allow_all_comment": true, "avatar_large": "https://tvax3.sinaimg.cn/crop.0.0.1002.1002.180/c37c387dly8g9kgv2ohlej20ru0rugnv.jpg?KID=imgbed,tva&Expires=1674054272&ssig=nOGnmjvtWZ", "avatar_hd": "https://tvax3.sinaimg.cn/crop.0.0.1002.1002.1024/c37c387dly8g9kgv2ohlej20ru0rugnv.jpg?KID=imgbed,tva&Expires=1674054272&ssig=BbU9mR0iqR", "verified_reason": "", "verified_trade": "", "verified_reason_url": "", "verified_source": "", "verified_source_url": "", "follow_me": false, "like": false, "like_me": false, "online_status": 0, "bi_followers_count": 13, "lang": "zh-cn", "star": 0, "mbtype": 2, "mbrank": 1, "svip": 0, "mb_expire_time": 1644335999, "block_word": 0, "block_app": 0, "chaohua_ability": 0, "brand_ability": 0, "nft_ability": 0, "vplus_ability": 0, "wenda_ability": 0, "live_ability": 0, "gongyi_ability": 0, "paycolumn_ability": 0, "newbrand_ability": 0, "ecommerce_ability": 0, "hardfan_ability": 0, "wbcolumn_ability": 0, "credit_score": 80, "user_ability": 35652608, "cardid": "star_1372", "avatargj_id": "gj_vip_660", "urank": 9, "story_read_state": -1, "vclub_member": 0, "is_teenager": 0, "is_guardian": 0, "is_teenager_list": 0, "pc_new": 0, "special_follow": false, "planet_video": 0, "video_mark": 0, "live_status": 0, "user_ability_extend": 0, "status_total_counter": {"total_cnt": 1723, "repost_cnt": 60, "comment_cnt": 436, "like_cnt": 1107, "comment_like_cnt": 120}, "video_total_counter": {"play_cnt": 1}, "brand_account": 0, "hongbaofei": 0, "tab_manage": "[0, 0]", "reward_status": 0, "green_mode": 0, "urisk": 17179869184, "unfollowing_recom_switch": 1, "avatar_type": 0}, "mid": "4847083553292558", "idstr": "4847083553292558", "status": {"visible": {"type": 0, "list_id": 0}, "created_at": "Thu Dec 15 22:47:00 +0800 2022", "id": 4847072580999505, "idstr": "4847072580999505", "mid": "4847072580999505", "edit_count": 2, "can_edit": false, "edit_at": "Sat Dec 17 13:45:56 +0800 2022", "version": 4, "show_additional_indication": 0, "text": "#进口退烧药遭哄抢# \n抢偏远地区的药真的很缺德，本来就都是老人留守儿童，太可恨了[拜拜]\ncr.bigjoey大舅 http://t.cn/A6KpYTK3 ​", "textLength": 120, "source_allowclick": 0, "source_type": 2, "source": "<a href=\"http://weibo.com/\" rel=\"nofollow\">iPhone客户端</a>", "favorited": false, "truncated": false, "in_reply_to_status_id": "", "in_reply_to_user_id": "", "in_reply_to_screen_name": "", "pic_urls": [], "geo": null, "is_paid": false, "mblog_vip_type": 0, "user": {"id": 6060658423, "idstr": "6060658423", "class": 1, "screen_name": "耽于美色", "name": "耽于美色", "province": "400", "city": "1000", "location": "海外", "description": "耽于美色，颜即正义。", "url": "", "profile_image_url": "https://tva3.sinaimg.cn/crop.0.0.300.300.50/006C9U7djw8fbbi273igwj308c08cgm5.jpg?KID=imgbed,tva&Expires=1674054272&ssig=xaNrAOtm4T", "light_ring": false, "cover_image_phone": "https://ww4.sinaimg.cn/crop.0.0.640.640.640/006C9U7dgw1f9jy3x7rjkj30ku0lkacf.jpg", "profile_url": "u/6060658423", "domain": "", "weihao": "", "gender": "m", "followers_count": 930840, "followers_count_str": "93.1万", "friends_count": 260, "pagefriends_count": 86, "statuses_count": 4643, "video_status_count": 1457, "video_play_count": 0, "super_topic_not_syn_count": 10, "favourites_count": 419, "created_at": "Mon Nov 07 22:15:21 +0800 2016", "following": false, "allow_all_act_msg": false, "geo_enabled": true, "verified": true, "verified_type": 0, "remark": "", "insecurity": {"sexual_content": false}, "ptype": 0, "allow_all_comment": true, "avatar_large": "https://tva3.sinaimg.cn/crop.0.0.300.300.180/006C9U7djw8fbbi273igwj308c08cgm5.jpg?KID=imgbed,tva&Expires=1674054272&ssig=2oZmfAAvIz", "avatar_hd": "https://tva3.sinaimg.cn/crop.0.0.300.300.1024/006C9U7djw8fbbi273igwj308c08cgm5.jpg?KID=imgbed,tva&Expires=1674054272&ssig=dpduY26CL%2F", "verified_reason": "颜值博主", "verified_trade": "", "verified_reason_url": "", "verified_source": "", "verified_source_url": "", "verified_state": 0, "verified_level": 3, "verified_type_ext": 1, "has_service_tel": false, "verified_reason_modified": "", "verified_contact_name": "", "verified_contact_email": "", "verified_contact_mobile": "", "follow_me": false, "like": false, "like_me": false, "online_status": 0, "bi_followers_count": 42, "lang": "zh-cn", "star": 0, "mbtype": 12, "mbrank": 7, "svip": 0, "mb_expire_time": 1703606400, "block_word": 1, "block_app": 1, "chaohua_ability": 0, "brand_ability": 0, "nft_ability": 0, "vplus_ability": 3, "wenda_ability": 0, "live_ability": 0, "gongyi_ability": 0, "paycolumn_ability": 0, "newbrand_ability": 0, "ecommerce_ability": 0, "hardfan_ability": 1, "wbcolumn_ability": 0, "credit_score": 80, "user_ability": 2490888, "urank": 9, "story_read_state": -1, "verified_detail": {"custom": 0, "data": [{"key": 2, "sub_key": 0, "weight": 101, "desc": "颜值博主", "timestamp": 0}]}, "vclub_member": 0, "is_teenager": 0, "is_guardian": 0, "is_teenager_list": 0, "pc_new": 7, "special_follow": false, "planet_video": 2, "video_mark": 14, "live_status": 0, "user_ability_extend": 0, "status_total_counter": {"total_cnt": 10564641, "repost_cnt": 933944, "comment_cnt": 622112, "like_cnt": 4402975, "comment_like_cnt": 4605610}, "video_total_counter": {"play_cnt": 263892241}, "brand_account": 0, "hongbaofei": 0, "tab_manage": "[0, 0]", "reward_status": 0, "green_mode": 0, "urisk": 0, "unfollowing_recom_switch": 1, "avatar_type": 0}, "annotations": [{}, {}, {"client_mblogid": "iPhone-52BB3BDD-8853-4591-8220-B6E6992FAB9E"}, {"mapi_request": true}], "reposts_count": 0, "comments_count": 0, "reprint_cmt_count": 0, "attitudes_count": 0, "pending_approval_count": 0, "isLongText": false, "reward_exhibition_type": 0, "hide_flag": 0, "mlevel": 0, "show_mlevel": 0, "biz_ids": [230444], "biz_feature": 4294967304, "hasActionTypeCard": 0, "darwin_tags": [], "hot_weibo_tags": [], "text_tag_tips": [], "mblogtype": 0, "userType": 0, "more_info_type": 0, "number_display_strategy": {"apply_scenario_flag": 3, "display_text_min_number": 1000000, "display_text": "100万+"}, "positive_recom_flag": 0, "content_auth": 0, "gif_ids": "", "is_show_bulletin": 2, "comment_manage_info": {"comment_permission_type": -1, "approval_comment_type": 0, "comment_sort_type": 0, "ai_play_picture_type": 0}, "pic_num": 0, "fid": 4847072057753854, "can_reprint": false, "new_comment_style": 0}, "reply_comment": {"created_at": "Thu Dec 15 23:25:59 +0800 2022", "id": 4847082390947909, "rootid": 4847075948501453, "rootidstr": "4847075948501453", "floor_number": 0, "text": "回复@米七一吖:昨天我就是这样 今天又烧了 不知道是感冒还是阳掉了[单身狗]", "disable_reply": 0, "restrictOperate": 0, "user": {"id": 6304417654, "idstr": "6304417654", "class": 1, "screen_name": "为什么吃不饱ccccc", "name": "为什么吃不饱ccccc", "province": "32", "city": "1000", "location": "江苏", "description": "小号记事本🗒️", "url": "", "profile_image_url": "https://tvax3.sinaimg.cn/crop.0.0.1080.1080.50/006SEH1Ily8h1kxpinhqgj30u00u0tae.jpg?KID=imgbed,tva&Expires=1674054272&ssig=wOqtGOWX0e", "light_ring": false, "cover_image_phone": "https://ww1.sinaimg.cn/crop.0.0.640.640.640/9d44112bjw1f1xl1c10tuj20hs0hs0tw.jpg", "profile_url": "u/6304417654", "domain": "", "weihao": "", "gender": "f", "followers_count": 43, "followers_count_str": "43", "friends_count": 331, "pagefriends_count": 18, "statuses_count": 1752, "video_status_count": 14, "video_play_count": 0, "super_topic_not_syn_count": 1, "favourites_count": 10, "created_at": "Wed Jul 05 18:03:03 +0800 2017", "following": false, "allow_all_act_msg": false, "geo_enabled": true, "verified": false, "verified_type": -1, "remark": "", "insecurity": {"sexual_content": false}, "ptype": 0, "allow_all_comment": true, "avatar_large": "https://tvax3.sinaimg.cn/crop.0.0.1080.1080.180/006SEH1Ily8h1kxpinhqgj30u00u0tae.jpg?KID=imgbed,tva&Expires=1674054272&ssig=hk%2FnPaOQil", "avatar_hd": "https://tvax3.sinaimg.cn/crop.0.0.1080.1080.1024/006SEH1Ily8h1kxpinhqgj30u00u0tae.jpg?KID=imgbed,tva&Expires=1674054272&ssig=iiUC9dL%2BDv", "verified_reason": "", "verified_trade": "", "verified_reason_url": "", "verified_source": "", "verified_source_url": "", "follow_me": false, "like": false, "like_me": false, "online_status": 0, "bi_followers_count": 23, "lang": "zh-cn", "star": 0, "mbtype": 2, "mbrank": 1, "svip": 0, "mb_expire_time": 1669391999, "block_word": 0, "block_app": 0, "chaohua_ability": 0, "brand_ability": 0, "nft_ability": 0, "vplus_ability": 0, "wenda_ability": 0, "live_ability": 0, "gongyi_ability": 0, "paycolumn_ability": 0, "newbrand_ability": 0, "ecommerce_ability": 0, "hardfan_ability": 0, "wbcolumn_ability": 0, "credit_score": 80, "user_ability": 2359296, "avatargj_id": "gj_vip_660", "urank": 4, "story_read_state": -1, "vclub_member": 0, "is_teenager": 0, "is_guardian": 0, "is_teenager_list": 0, "pc_new": 0, "special_follow": false, "planet_video": 2, "video_mark": 2, "live_status": 0, "user_ability_extend": 0, "status_total_counter": {"total_cnt": 889, "repost_cnt": 9, "comment_cnt": 520, "like_cnt": 338, "comment_like_cnt": 22}, "video_total_counter": {"play_cnt": 1203}, "brand_account": 0, "hongbaofei": 0, "tab_manage": "[0, 0]", "reward_status": 0, "green_mode": 0, "urisk": 17179869184, "unfollowing_recom_switch": 1, "avatar_type": 0}, "mid": "4847082390947909", "idstr": "4847082390947909", "match_ai_play_picture": false}, "reply_original_text": "好可怕我明天要好好的，从早上37.6反反复复到晚上的39.6我真怕了，还哭了", "readtimetype": "comment", "match_ai_play_picture": false}