{"created_at": "Mon Dec 12 13:42:58 +0800 2022", "id": 4845848506930094, "rootid": 4845828021947976, "rootidstr": "4845828021947976", "floor_number": 0, "text": "回复@猫星老少女:你看看这个[允悲] http://t.cn/A6KKYgCB", "disable_reply": 0, "restrictOperate": 0, "source_allowclick": 0, "source_type": 4, "source": "<a href=\"\" rel=\"nofollow\">来自上海</a>", "user": {"id": 3882783240, "idstr": "3882783240", "class": 1, "screen_name": "小黑不是小白哦", "name": "小黑不是小白哦", "province": "35", "city": "2", "location": "福建 厦门", "description": "只爱扫大街🎥", "url": "", "profile_image_url": "https://tvax2.sinaimg.cn/crop.0.10.1242.1242.50/e76e9208ly8fncjzbvk54j20yi0z3gpr.jpg?KID=imgbed,tva&Expires=1673959978&ssig=rRJj%2BKjJuG", "light_ring": false, "cover_image_phone": "https://ww1.sinaimg.cn/crop.0.0.640.640.640/9d44112bjw1f1xl1c10tuj20hs0hs0tw.jpg", "profile_url": "u/3882783240", "domain": "", "weihao": "", "gender": "m", "followers_count": 439, "followers_count_str": "439", "friends_count": 297, "pagefriends_count": 14, "statuses_count": 182, "video_status_count": 26, "video_play_count": 0, "super_topic_not_syn_count": 0, "favourites_count": 5, "created_at": "Sat Nov 02 10:37:19 +0800 2013", "following": false, "allow_all_act_msg": false, "geo_enabled": true, "verified": false, "verified_type": -1, "remark": "", "insecurity": {"sexual_content": false}, "ptype": 0, "allow_all_comment": true, "avatar_large": "https://tvax2.sinaimg.cn/crop.0.10.1242.1242.180/e76e9208ly8fncjzbvk54j20yi0z3gpr.jpg?KID=imgbed,tva&Expires=1673959978&ssig=hIRQOuxDBs", "avatar_hd": "https://tvax2.sinaimg.cn/crop.0.10.1242.1242.1024/e76e9208ly8fncjzbvk54j20yi0z3gpr.jpg?KID=imgbed,tva&Expires=1673959978&ssig=%2B5XVla703B", "verified_reason": "", "verified_trade": "", "verified_reason_url": "", "verified_source": "", "verified_source_url": "", "follow_me": false, "like": false, "like_me": false, "online_status": 0, "bi_followers_count": 83, "lang": "zh-cn", "star": 0, "mbtype": 2, "mbrank": 1, "svip": 0, "mb_expire_time": 1579708799, "block_word": 0, "block_app": 0, "chaohua_ability": 0, "brand_ability": 0, "nft_ability": 0, "vplus_ability": 0, "wenda_ability": 0, "live_ability": 0, "gongyi_ability": 0, "paycolumn_ability": 0, "newbrand_ability": 0, "ecommerce_ability": 0, "hardfan_ability": 0, "wbcolumn_ability": 0, "credit_score": 80, "user_ability": 35914752, "avatargj_id": "gj_vip_060", "urank": 25, "story_read_state": -1, "vclub_member": 0, "is_teenager": 0, "is_guardian": 0, "is_teenager_list": 0, "pc_new": 0, "special_follow": false, "planet_video": 1, "video_mark": 13, "live_status": 0, "user_ability_extend": 0, "status_total_counter": {"total_cnt": 1005, "repost_cnt": 27, "comment_cnt": 318, "like_cnt": 638, "comment_like_cnt": 22}, "video_total_counter": {"play_cnt": 169}, "brand_account": 0, "hongbaofei": 0, "tab_manage": "[0, 0]", "reward_status": 0, "green_mode": 0, "urisk": 0, "avatar_type": 0}, "mid": "4845848506930094", "idstr": "4845848506930094", "status": {"visible": {"type": 0, "list_id": 0}, "created_at": "Mon Dec 12 11:07:38 +0800 2022", "id": 4845809416275595, "idstr": "4845809416275595", "mid": "4845809416275595", "can_edit": false, "version": 4, "show_additional_indication": 0, "text": "【#行程卡行程码商标申请均被驳回#】12月13日0时起，正式下线“通信行程卡”服务。企查查APP显示，上海一科技公司曾申请注册一枚“行程卡”商标，国际分类包括39类运输贮藏，商品服务项目包括旅行指南服务、机票预订服务、导航等，该商标申请于2020年8月，2021年3月，该商标被驳回。此外，企查查信息显 ​", "textLength": 439, "source_allowclick": 0, "source_type": 1, "source": "<a href=\"http://app.weibo.com/t/feed/xEsRX\" rel=\"nofollow\">新版微博 weibo.com</a>", "favorited": false, "truncated": false, "in_reply_to_status_id": "", "in_reply_to_user_id": "", "in_reply_to_screen_name": "", "pic_urls": [], "geo": null, "is_paid": false, "mblog_vip_type": 0, "user": {"id": 7575030448, "idstr": "7575030448", "class": 1, "screen_name": "白鹿视频", "name": "白鹿视频", "province": "100", "city": "1000", "location": "其他", "description": "投稿邮箱：bailuvideo@qq.com", "url": "", "profile_image_url": "https://tvax1.sinaimg.cn/crop.0.0.959.959.50/008gE3ssly8h8viru7jnaj30qn0qnq3a.jpg?KID=imgbed,tva&Expires=1673959978&ssig=OIuL4MrLb3", "light_ring": false, "cover_image_phone": "https://ww1.sinaimg.cn/crop.0.0.640.640.640/549d0121tw1egm1kjly3jj20hs0hsq4f.jpg", "profile_url": "u/7575030448", "domain": "", "weihao": "", "gender": "m", "followers_count": 1222749, "followers_count_str": "122.3万", "friends_count": 702, "pagefriends_count": 115, "statuses_count": 26957, "video_status_count": 10927, "video_play_count": 0, "super_topic_not_syn_count": 1, "favourites_count": 12, "created_at": "Fri Mar 12 11:30:46 +0800 2021", "following": false, "allow_all_act_msg": false, "geo_enabled": true, "verified": true, "verified_type": 3, "remark": "", "insecurity": {"sexual_content": false}, "ptype": 0, "allow_all_comment": true, "avatar_large": "https://tvax1.sinaimg.cn/crop.0.0.959.959.180/008gE3ssly8h8viru7jnaj30qn0qnq3a.jpg?KID=imgbed,tva&Expires=1673959978&ssig=kFWBdyTlqf", "avatar_hd": "https://tvax1.sinaimg.cn/crop.0.0.959.959.1024/008gE3ssly8h8viru7jnaj30qn0qnq3a.jpg?KID=imgbed,tva&Expires=1673959978&ssig=NRy3FAkc%2FD", "verified_reason": "陕西网白鹿视频官方微博", "verified_trade": "", "verified_reason_url": "", "verified_source": "", "verified_source_url": "", "verified_state": 0, "verified_level": 3, "verified_type_ext": 50, "has_service_tel": false, "verified_reason_modified": "", "verified_contact_name": "", "verified_contact_email": "", "verified_contact_mobile": "", "follow_me": false, "like": false, "like_me": false, "online_status": 0, "bi_followers_count": 266, "lang": "zh-cn", "star": 0, "mbtype": 12, "mbrank": 5, "svip": 0, "mb_expire_time": 1689091200, "block_word": 0, "block_app": 1, "chaohua_ability": 0, "brand_ability": 0, "nft_ability": 0, "vplus_ability": 0, "wenda_ability": 0, "live_ability": 1, "gongyi_ability": 0, "paycolumn_ability": 0, "newbrand_ability": 0, "ecommerce_ability": 0, "hardfan_ability": 1, "wbcolumn_ability": 0, "credit_score": 80, "user_ability": 10748424, "cardid": "star_1618", "urank": 0, "story_read_state": -1, "vclub_member": 0, "is_teenager": 0, "is_guardian": 0, "is_teenager_list": 0, "pc_new": 7, "special_follow": false, "planet_video": 2, "video_mark": 15, "live_status": 0, "user_ability_extend": 1, "status_total_counter": {"total_cnt": 69573798, "repost_cnt": 1831551, "comment_cnt": 2856014, "like_cnt": 22745123, "comment_like_cnt": 42141110}, "video_total_counter": {"play_cnt": 6366136721}, "brand_account": 0, "hongbaofei": 0, "tab_manage": "[0, 0]", "reward_status": 0, "green_mode": 0, "urisk": 0, "avatar_type": 0}, "annotations": [{}, {}, {"mapi_request": true}], "reposts_count": 0, "comments_count": 0, "reprint_cmt_count": 0, "attitudes_count": 0, "pending_approval_count": 0, "isLongText": true, "reward_exhibition_type": 0, "hide_flag": 0, "mlevel": 0, "show_mlevel": 0, "biz_ids": [230444], "biz_feature": 4294967304, "page_type": 64, "hasActionTypeCard": 0, "darwin_tags": [], "hot_weibo_tags": [], "text_tag_tips": [], "mblogtype": 0, "userType": 0, "more_info_type": 0, "cardid": "star_1618", "number_display_strategy": {"apply_scenario_flag": 3, "display_text_min_number": 1000000, "display_text": "100万+"}, "positive_recom_flag": 0, "content_auth": 0, "gif_ids": "", "is_show_bulletin": 2, "comment_manage_info": {"comment_permission_type": -1, "approval_comment_type": 0, "comment_sort_type": 0, "ai_play_picture_type": 0}, "pic_num": 0, "fid": 4845809094099167, "can_reprint": false, "new_comment_style": 0}, "reply_comment": {"created_at": "Mon Dec 12 12:21:34 +0800 2022", "id": 4845828021947976, "rootid": 4845828021947976, "rootidstr": "4845828021947976", "floor_number": 21, "text": "不嫌弃寓意不好吗[怒骂]真滖", "disable_reply": 0, "restrictOperate": 0, "user": {"id": 2028998533, "idstr": "2028998533", "class": 1, "screen_name": "猫星老少女", "name": "猫星老少女", "province": "11", "city": "8", "location": "北京 海淀区", "description": "只和猫打交道", "url": "", "profile_image_url": "https://tvax1.sinaimg.cn/crop.0.0.834.834.50/78f00f85ly8h05srzgnkrj20n60n6wfg.jpg?KID=imgbed,tva&Expires=1673959978&ssig=DUZb2ZXXIN", "light_ring": false, "cover_image_phone": "https://wx3.sinaimg.cn/crop.0.0.640.640.640/69e273f8gy1h4dejrukzdj20u00u0751.jpg;https://wx4.sinaimg.cn/crop.0.0.640.640.640/78f00f85ly1gqg31zqqsyj20v90v9qbn.jpg;https://wx2.sinaimg.cn/crop.0.0.640.640.640/78f00f85ly1gqg2ivoweaj20v90v9ac7.jpg", "profile_url": "u/2028998533", "domain": "", "weihao": "", "gender": "f", "followers_count": 632, "followers_count_str": "632", "friends_count": 407, "pagefriends_count": 38, "statuses_count": 2522, "video_status_count": 43, "video_play_count": 0, "super_topic_not_syn_count": 1, "favourites_count": 125, "created_at": "Wed Mar 16 18:16:38 +0800 2011", "following": false, "allow_all_act_msg": false, "geo_enabled": false, "verified": false, "verified_type": -1, "remark": "", "insecurity": {"sexual_content": false}, "ptype": 0, "allow_all_comment": false, "avatar_large": "https://tvax1.sinaimg.cn/crop.0.0.834.834.180/78f00f85ly8h05srzgnkrj20n60n6wfg.jpg?KID=imgbed,tva&Expires=1673959978&ssig=I8Hxfpzshh", "avatar_hd": "https://tvax1.sinaimg.cn/crop.0.0.834.834.1024/78f00f85ly8h05srzgnkrj20n60n6wfg.jpg?KID=imgbed,tva&Expires=1673959978&ssig=T75ZNeK2UW", "verified_reason": "", "verified_trade": "", "verified_reason_url": "", "verified_source": "", "verified_source_url": "", "follow_me": false, "like": false, "like_me": false, "online_status": 0, "bi_followers_count": 138, "lang": "zh-cn", "star": 0, "mbtype": 12, "mbrank": 5, "svip": 0, "mb_expire_time": 1687276800, "block_word": 0, "block_app": 1, "credit_score": 80, "user_ability": 2359328, "cardid": "star_1330", "avatargj_id": "gj_vip_053", "urank": 30, "story_read_state": -1, "vclub_member": 0, "is_teenager": 0, "is_guardian": 0, "is_teenager_list": 0, "pc_new": 0, "special_follow": false, "planet_video": 0, "video_mark": 0, "live_status": 0, "user_ability_extend": 0, "status_total_counter": {"total_cnt": 4521, "repost_cnt": 689, "comment_cnt": 1635, "like_cnt": 2131, "comment_like_cnt": 66}, "video_total_counter": {"play_cnt": 38771}, "brand_account": 0, "hongbaofei": 0, "tab_manage": "[0, 0]", "green_mode": 0, "urisk": 17179869184, "block": 0, "block_me": 0, "avatar_type": 0}, "mid": "4845828021947976", "idstr": "4845828021947976", "match_ai_play_picture": false}, "reply_original_text": "你看看这个[允悲] http://t.cn/A6KKYgCB", "readtimetype": "comment", "match_ai_play_picture": false}