{"created_at": "Mon Dec 12 13:53:21 +0800 2022", "id": 4845851119980932, "rootid": 4845828113959806, "rootidstr": "4845828113959806", "floor_number": 0, "text": "回复@对面打野在哪里:你这么可以这样子呢，不应该也分我一份吗[喵喵]", "disable_reply": 0, "restrictOperate": 0, "source_allowclick": 0, "source_type": 4, "source": "<a href=\"\" rel=\"nofollow\">来自广东</a>", "user": {"id": 5718320180, "idstr": "5718320180", "class": 1, "screen_name": "tyhguan", "name": "tyhguan", "province": "44", "city": "12", "location": "广东 肇庆", "description": "我就是我，不一样的烟火。", "url": "https://www.tyhguan.com/", "profile_image_url": "https://tvax2.sinaimg.cn/crop.0.0.500.500.50/006eZuiEly8h8nlgybg56j30dw0dwt8u.jpg?KID=imgbed,tva&Expires=1673959940&ssig=Mger7zsRMu", "light_ring": false, "cover_image_phone": "https://ww4.sinaimg.cn/crop.0.0.640.640.640/a1d3feabjw1ecasp2d0b2j20hs0hsdgn.jpg;https://ww1.sinaimg.cn/crop.0.0.640.640.640/6ce2240djw1e9ob3xerqoj20hs0hsjur.jpg", "profile_url": "574331175", "domain": "tyhguanrui", "weihao": "574331175", "gender": "m", "followers_count": 427, "followers_count_str": "427", "friends_count": 312, "pagefriends_count": 12, "statuses_count": 3330, "video_status_count": 30, "video_play_count": 0, "super_topic_not_syn_count": 0, "favourites_count": 21, "created_at": "Tue Oct 06 13:06:29 +0800 2015", "following": false, "allow_all_act_msg": false, "geo_enabled": false, "verified": true, "verified_type": 0, "remark": "", "insecurity": {"sexual_content": false}, "ptype": 0, "allow_all_comment": true, "avatar_large": "https://tvax2.sinaimg.cn/crop.0.0.500.500.180/006eZuiEly8h8nlgybg56j30dw0dwt8u.jpg?KID=imgbed,tva&Expires=1673959940&ssig=MsCwzP2d6m", "avatar_hd": "https://tvax2.sinaimg.cn/crop.0.0.500.500.1024/006eZuiEly8h8nlgybg56j30dw0dwt8u.jpg?KID=imgbed,tva&Expires=1673959940&ssig=Wie0RlppNA", "verified_reason": "数码博主", "verified_trade": "", "verified_reason_url": "", "verified_source": "", "verified_source_url": "", "verified_state": 0, "verified_level": 3, "verified_type_ext": 0, "has_service_tel": false, "verified_reason_modified": "", "verified_contact_name": "", "verified_contact_email": "", "verified_contact_mobile": "", "follow_me": false, "like": false, "like_me": false, "online_status": 0, "bi_followers_count": 23, "lang": "zh-cn", "star": 0, "mbtype": 12, "mbrank": 8, "svip": 1, "mb_expire_time": 1699027200, "block_word": 0, "block_app": 1, "chaohua_ability": 0, "brand_ability": 0, "nft_ability": 0, "vplus_ability": 0, "wenda_ability": 0, "live_ability": 0, "gongyi_ability": 0, "paycolumn_ability": 0, "newbrand_ability": 0, "ecommerce_ability": 0, "hardfan_ability": 1, "wbcolumn_ability": 0, "credit_score": 80, "user_ability": -2145122300, "cardid": "star_1631", "avatargj_id": "gj_vip_024", "urank": 37, "story_read_state": -1, "verified_detail": {"custom": 0, "data": [{"key": 2, "sub_key": 0, "weight": 101, "desc": "数码博主", "timestamp": 0}]}, "vclub_member": 0, "is_teenager": 0, "is_guardian": 1, "is_teenager_list": 0, "pc_new": 7, "special_follow": false, "planet_video": 2, "video_mark": 15, "live_status": 0, "user_ability_extend": 0, "video_cover": {"mid": 4714643057021088}, "status_total_counter": {"total_cnt": 2399, "repost_cnt": 190, "comment_cnt": 778, "like_cnt": 1317, "comment_like_cnt": 114}, "video_total_counter": {"play_cnt": 142597}, "brand_account": 0, "hongbaofei": 0, "tab_manage": "[1108169591436, 0]", "reward_status": 0, "green_mode": 0, "mb_like_privilege": {"like_id": "0003_16", "like_desc": ""}, "urisk": 0, "avatar_type": 0}, "mid": "4845851119980932", "idstr": "4845851119980932", "status": {"visible": {"type": 0, "list_id": 0}, "created_at": "Mon Dec 12 11:07:38 +0800 2022", "id": 4845809416275595, "idstr": "4845809416275595", "mid": "4845809416275595", "can_edit": false, "version": 4, "show_additional_indication": 0, "text": "【#行程卡行程码商标申请均被驳回#】12月13日0时起，正式下线“通信行程卡”服务。企查查APP显示，上海一科技公司曾申请注册一枚“行程卡”商标，国际分类包括39类运输贮藏，商品服务项目包括旅行指南服务、机票预订服务、导航等，该商标申请于2020年8月，2021年3月，该商标被驳回。此外，企查查信息显 ​", "textLength": 439, "source_allowclick": 0, "source_type": 1, "source": "<a href=\"http://app.weibo.com/t/feed/xEsRX\" rel=\"nofollow\">新版微博 weibo.com</a>", "favorited": false, "truncated": false, "in_reply_to_status_id": "", "in_reply_to_user_id": "", "in_reply_to_screen_name": "", "pic_urls": [], "geo": null, "is_paid": false, "mblog_vip_type": 0, "user": {"id": 7575030448, "idstr": "7575030448", "class": 1, "screen_name": "白鹿视频", "name": "白鹿视频", "province": "100", "city": "1000", "location": "其他", "description": "投稿邮箱：bailuvideo@qq.com", "url": "", "profile_image_url": "https://tvax1.sinaimg.cn/crop.0.0.959.959.50/008gE3ssly8h8viru7jnaj30qn0qnq3a.jpg?KID=imgbed,tva&Expires=1673959940&ssig=zceHQf6aEg", "light_ring": false, "cover_image_phone": "https://ww1.sinaimg.cn/crop.0.0.640.640.640/549d0121tw1egm1kjly3jj20hs0hsq4f.jpg", "profile_url": "u/7575030448", "domain": "", "weihao": "", "gender": "m", "followers_count": 1222749, "followers_count_str": "122.3万", "friends_count": 702, "pagefriends_count": 115, "statuses_count": 26957, "video_status_count": 10927, "video_play_count": 0, "super_topic_not_syn_count": 1, "favourites_count": 12, "created_at": "Fri Mar 12 11:30:46 +0800 2021", "following": false, "allow_all_act_msg": false, "geo_enabled": true, "verified": true, "verified_type": 3, "remark": "", "insecurity": {"sexual_content": false}, "ptype": 0, "allow_all_comment": true, "avatar_large": "https://tvax1.sinaimg.cn/crop.0.0.959.959.180/008gE3ssly8h8viru7jnaj30qn0qnq3a.jpg?KID=imgbed,tva&Expires=1673959940&ssig=rYolcXDHZJ", "avatar_hd": "https://tvax1.sinaimg.cn/crop.0.0.959.959.1024/008gE3ssly8h8viru7jnaj30qn0qnq3a.jpg?KID=imgbed,tva&Expires=1673959940&ssig=e3HxFskVxf", "verified_reason": "陕西网白鹿视频官方微博", "verified_trade": "", "verified_reason_url": "", "verified_source": "", "verified_source_url": "", "verified_state": 0, "verified_level": 3, "verified_type_ext": 50, "has_service_tel": false, "verified_reason_modified": "", "verified_contact_name": "", "verified_contact_email": "", "verified_contact_mobile": "", "follow_me": false, "like": false, "like_me": false, "online_status": 0, "bi_followers_count": 266, "lang": "zh-cn", "star": 0, "mbtype": 12, "mbrank": 5, "svip": 0, "mb_expire_time": 1689091200, "block_word": 0, "block_app": 1, "chaohua_ability": 0, "brand_ability": 0, "nft_ability": 0, "vplus_ability": 0, "wenda_ability": 0, "live_ability": 1, "gongyi_ability": 0, "paycolumn_ability": 0, "newbrand_ability": 0, "ecommerce_ability": 0, "hardfan_ability": 1, "wbcolumn_ability": 0, "credit_score": 80, "user_ability": 10748424, "cardid": "star_1618", "urank": 0, "story_read_state": -1, "vclub_member": 0, "is_teenager": 0, "is_guardian": 0, "is_teenager_list": 0, "pc_new": 7, "special_follow": false, "planet_video": 2, "video_mark": 15, "live_status": 0, "user_ability_extend": 1, "status_total_counter": {"total_cnt": 69573798, "repost_cnt": 1831551, "comment_cnt": 2856014, "like_cnt": 22745123, "comment_like_cnt": 42141110}, "video_total_counter": {"play_cnt": 6366136721}, "brand_account": 0, "hongbaofei": 0, "tab_manage": "[0, 0]", "reward_status": 0, "green_mode": 0, "urisk": 0, "avatar_type": 0}, "annotations": [{}, {}, {"mapi_request": true}], "reposts_count": 0, "comments_count": 0, "reprint_cmt_count": 0, "attitudes_count": 0, "pending_approval_count": 0, "isLongText": true, "reward_exhibition_type": 0, "hide_flag": 0, "mlevel": 0, "show_mlevel": 0, "biz_ids": [230444], "biz_feature": 4294967304, "page_type": 64, "hasActionTypeCard": 0, "darwin_tags": [], "hot_weibo_tags": [], "text_tag_tips": [], "mblogtype": 0, "userType": 0, "more_info_type": 0, "cardid": "star_1618", "number_display_strategy": {"apply_scenario_flag": 3, "display_text_min_number": 1000000, "display_text": "100万+"}, "positive_recom_flag": 0, "content_auth": 0, "gif_ids": "", "is_show_bulletin": 2, "comment_manage_info": {"comment_permission_type": -1, "approval_comment_type": 0, "comment_sort_type": 0, "ai_play_picture_type": 0}, "pic_num": 0, "fid": 4845809094099167, "can_reprint": false, "new_comment_style": 0}, "reply_comment": {"created_at": "Mon Dec 12 13:31:06 +0800 2022", "id": 4845845520325377, "rootid": 4845828113959806, "rootidstr": "4845828113959806", "floor_number": 0, "text": "回复@super丨我是谁:能不能我去举报也给我分一笔罚款[doge]", "disable_reply": 0, "restrictOperate": 0, "user": {"id": 5660679109, "idstr": "5660679109", "class": 1, "screen_name": "对面打野在哪里", "name": "对面打野在哪里", "province": "100", "city": "1000", "location": "其他", "description": "你学你🐴呢？", "url": "", "profile_image_url": "https://tvax2.sinaimg.cn/crop.0.0.511.511.50/006b5DdXly8h7v5ae6fz6j30e80e7mxn.jpg?KID=imgbed,tva&Expires=1673959940&ssig=vhKpteOsIb", "light_ring": false, "cover_image_phone": "https://ww1.sinaimg.cn/crop.0.0.640.640.640/549d0121tw1egm1kjly3jj20hs0hsq4f.jpg", "profile_url": "u/5660679109", "domain": "", "weihao": "", "gender": "m", "followers_count": 31, "followers_count_str": "31", "friends_count": 124, "pagefriends_count": 7, "statuses_count": 18, "video_status_count": 0, "video_play_count": 0, "super_topic_not_syn_count": 0, "favourites_count": 7, "created_at": "Sat Jul 25 15:34:59 +0800 2015", "following": false, "allow_all_act_msg": false, "geo_enabled": true, "verified": false, "verified_type": -1, "remark": "", "insecurity": {"sexual_content": false}, "ptype": 0, "allow_all_comment": true, "avatar_large": "https://tvax2.sinaimg.cn/crop.0.0.511.511.180/006b5DdXly8h7v5ae6fz6j30e80e7mxn.jpg?KID=imgbed,tva&Expires=1673959940&ssig=hxm9%2FpmLrR", "avatar_hd": "https://tvax2.sinaimg.cn/crop.0.0.511.511.1024/006b5DdXly8h7v5ae6fz6j30e80e7mxn.jpg?KID=imgbed,tva&Expires=1673959940&ssig=%2FgsSfF8NgC", "verified_reason": "", "verified_trade": "", "verified_reason_url": "", "verified_source": "", "verified_source_url": "", "follow_me": false, "like": false, "like_me": false, "online_status": 0, "bi_followers_count": 2, "lang": "zh-cn", "star": 0, "mbtype": 0, "mbrank": 0, "svip": 0, "mb_expire_time": 0, "block_word": 0, "block_app": 0, "credit_score": 80, "user_ability": 2097152, "urank": 9, "story_read_state": -1, "vclub_member": 0, "is_teenager": 0, "is_guardian": 0, "is_teenager_list": 0, "pc_new": 0, "special_follow": false, "planet_video": 0, "video_mark": 0, "live_status": 0, "user_ability_extend": 0, "status_total_counter": {"total_cnt": 19, "repost_cnt": 1, "comment_cnt": 1, "like_cnt": 16, "comment_like_cnt": 1}, "video_total_counter": {"play_cnt": -1}, "brand_account": 0, "hongbaofei": 0, "tab_manage": "[0, 0]", "green_mode": 0, "urisk": 0, "block": 0, "block_me": 0, "avatar_type": 0}, "mid": "4845845520325377", "idstr": "4845845520325377", "match_ai_play_picture": false}, "reply_original_text": "你这么可以这样子呢，不应该也分我一份吗[喵喵]", "readtimetype": "comment", "match_ai_play_picture": false}