{"created_at": "Mon Dec 12 21:09:47 +0800 2022", "id": 4845960955692355, "rootid": 4845819481818536, "rootidstr": "4845819481818536", "floor_number": 0, "text": "回复@渝-yv:什么都不做也穷困潦倒[爱你]", "disable_reply": 0, "restrictOperate": 0, "source_allowclick": 0, "source_type": 4, "source": "<a href=\"\" rel=\"nofollow\">来自吉林</a>", "user": {"id": 2756146567, "idstr": "2756146567", "class": 1, "screen_name": "想成为瘦子的超哥", "name": "想成为瘦子的超哥", "province": "22", "city": "2", "location": "吉林 吉林", "description": "哎呀，哎呀，哎呀。没啥可介绍的。←_←", "url": "", "profile_image_url": "https://tvax3.sinaimg.cn/crop.0.0.1080.1080.50/a4477587ly8h8w1np5h2kj20u00u0q4d.jpg?KID=imgbed,tva&Expires=1673959940&ssig=Bo85mkmoMj", "light_ring": false, "cover_image_phone": "https://ww1.sinaimg.cn/crop.0.0.640.640.640/549d0121tw1egm1kjly3jj20hs0hsq4f.jpg", "profile_url": "u/2756146567", "domain": "", "weihao": "", "gender": "m", "followers_count": 560, "followers_count_str": "560", "friends_count": 822, "pagefriends_count": 9, "statuses_count": 143, "video_status_count": 2, "video_play_count": 0, "super_topic_not_syn_count": 0, "favourites_count": 9, "created_at": "Wed May 09 08:41:36 +0800 2012", "following": false, "allow_all_act_msg": false, "geo_enabled": true, "verified": false, "verified_type": -1, "remark": "", "insecurity": {"sexual_content": false}, "ptype": 0, "allow_all_comment": false, "avatar_large": "https://tvax3.sinaimg.cn/crop.0.0.1080.1080.180/a4477587ly8h8w1np5h2kj20u00u0q4d.jpg?KID=imgbed,tva&Expires=1673959940&ssig=EACKapzOwo", "avatar_hd": "https://tvax3.sinaimg.cn/crop.0.0.1080.1080.1024/a4477587ly8h8w1np5h2kj20u00u0q4d.jpg?KID=imgbed,tva&Expires=1673959940&ssig=wh0iP%2Bq0V7", "verified_reason": "", "verified_trade": "", "verified_reason_url": "", "verified_source": "", "verified_source_url": "", "follow_me": false, "like": false, "like_me": false, "online_status": 0, "bi_followers_count": 80, "lang": "zh-cn", "star": 0, "mbtype": 12, "mbrank": 5, "svip": 1, "mb_expire_time": 1699545600, "block_word": 0, "block_app": 1, "chaohua_ability": 0, "brand_ability": 0, "nft_ability": 0, "vplus_ability": 0, "wenda_ability": 0, "live_ability": 0, "gongyi_ability": 0, "paycolumn_ability": 0, "newbrand_ability": 0, "ecommerce_ability": 0, "hardfan_ability": 0, "wbcolumn_ability": 0, "credit_score": 80, "user_ability": 2359296, "cardid": "star_11247_common", "avatargj_id": "gj_vip_011", "urank": 32, "story_read_state": -1, "vclub_member": 0, "is_teenager": 0, "is_guardian": 0, "is_teenager_list": 0, "pc_new": 7, "special_follow": false, "planet_video": 2, "video_mark": 15, "live_status": 0, "user_ability_extend": 0, "status_total_counter": {"total_cnt": 765, "repost_cnt": 4, "comment_cnt": 166, "like_cnt": 535, "comment_like_cnt": 60}, "video_total_counter": {"play_cnt": 668}, "brand_account": 0, "hongbaofei": 0, "tab_manage": "[0, 0]", "reward_status": 0, "green_mode": 0, "urisk": 17179869184, "avatar_type": 0}, "mid": "4845960955692355", "idstr": "4845960955692355", "status": {"visible": {"type": 0, "list_id": 0}, "created_at": "Mon Dec 12 11:07:38 +0800 2022", "id": 4845809416275595, "idstr": "4845809416275595", "mid": "4845809416275595", "can_edit": false, "version": 4, "show_additional_indication": 0, "text": "【#行程卡行程码商标申请均被驳回#】12月13日0时起，正式下线“通信行程卡”服务。企查查APP显示，上海一科技公司曾申请注册一枚“行程卡”商标，国际分类包括39类运输贮藏，商品服务项目包括旅行指南服务、机票预订服务、导航等，该商标申请于2020年8月，2021年3月，该商标被驳回。此外，企查查信息显 ​", "textLength": 439, "source_allowclick": 0, "source_type": 1, "source": "<a href=\"http://app.weibo.com/t/feed/xEsRX\" rel=\"nofollow\">新版微博 weibo.com</a>", "favorited": false, "truncated": false, "in_reply_to_status_id": "", "in_reply_to_user_id": "", "in_reply_to_screen_name": "", "pic_urls": [], "geo": null, "is_paid": false, "mblog_vip_type": 0, "user": {"id": 7575030448, "idstr": "7575030448", "class": 1, "screen_name": "白鹿视频", "name": "白鹿视频", "province": "100", "city": "1000", "location": "其他", "description": "投稿邮箱：bailuvideo@qq.com", "url": "", "profile_image_url": "https://tvax1.sinaimg.cn/crop.0.0.959.959.50/008gE3ssly8h8viru7jnaj30qn0qnq3a.jpg?KID=imgbed,tva&Expires=1673959940&ssig=zceHQf6aEg", "light_ring": false, "cover_image_phone": "https://ww1.sinaimg.cn/crop.0.0.640.640.640/549d0121tw1egm1kjly3jj20hs0hsq4f.jpg", "profile_url": "u/7575030448", "domain": "", "weihao": "", "gender": "m", "followers_count": 1222749, "followers_count_str": "122.3万", "friends_count": 702, "pagefriends_count": 115, "statuses_count": 26957, "video_status_count": 10927, "video_play_count": 0, "super_topic_not_syn_count": 1, "favourites_count": 12, "created_at": "Fri Mar 12 11:30:46 +0800 2021", "following": false, "allow_all_act_msg": false, "geo_enabled": true, "verified": true, "verified_type": 3, "remark": "", "insecurity": {"sexual_content": false}, "ptype": 0, "allow_all_comment": true, "avatar_large": "https://tvax1.sinaimg.cn/crop.0.0.959.959.180/008gE3ssly8h8viru7jnaj30qn0qnq3a.jpg?KID=imgbed,tva&Expires=1673959940&ssig=rYolcXDHZJ", "avatar_hd": "https://tvax1.sinaimg.cn/crop.0.0.959.959.1024/008gE3ssly8h8viru7jnaj30qn0qnq3a.jpg?KID=imgbed,tva&Expires=1673959940&ssig=e3HxFskVxf", "verified_reason": "陕西网白鹿视频官方微博", "verified_trade": "", "verified_reason_url": "", "verified_source": "", "verified_source_url": "", "verified_state": 0, "verified_level": 3, "verified_type_ext": 50, "has_service_tel": false, "verified_reason_modified": "", "verified_contact_name": "", "verified_contact_email": "", "verified_contact_mobile": "", "follow_me": false, "like": false, "like_me": false, "online_status": 0, "bi_followers_count": 266, "lang": "zh-cn", "star": 0, "mbtype": 12, "mbrank": 5, "svip": 0, "mb_expire_time": 1689091200, "block_word": 0, "block_app": 1, "chaohua_ability": 0, "brand_ability": 0, "nft_ability": 0, "vplus_ability": 0, "wenda_ability": 0, "live_ability": 1, "gongyi_ability": 0, "paycolumn_ability": 0, "newbrand_ability": 0, "ecommerce_ability": 0, "hardfan_ability": 1, "wbcolumn_ability": 0, "credit_score": 80, "user_ability": 10748424, "cardid": "star_1618", "urank": 0, "story_read_state": -1, "vclub_member": 0, "is_teenager": 0, "is_guardian": 0, "is_teenager_list": 0, "pc_new": 7, "special_follow": false, "planet_video": 2, "video_mark": 15, "live_status": 0, "user_ability_extend": 1, "status_total_counter": {"total_cnt": 69573798, "repost_cnt": 1831551, "comment_cnt": 2856014, "like_cnt": 22745123, "comment_like_cnt": 42141110}, "video_total_counter": {"play_cnt": 6366136721}, "brand_account": 0, "hongbaofei": 0, "tab_manage": "[0, 0]", "reward_status": 0, "green_mode": 0, "urisk": 0, "avatar_type": 0}, "annotations": [{}, {}, {"mapi_request": true}], "reposts_count": 0, "comments_count": 0, "reprint_cmt_count": 0, "attitudes_count": 0, "pending_approval_count": 0, "isLongText": true, "reward_exhibition_type": 0, "hide_flag": 0, "mlevel": 0, "show_mlevel": 0, "biz_ids": [230444], "biz_feature": 4294967304, "page_type": 64, "hasActionTypeCard": 0, "darwin_tags": [], "hot_weibo_tags": [], "text_tag_tips": [], "mblogtype": 0, "userType": 0, "more_info_type": 0, "cardid": "star_1618", "number_display_strategy": {"apply_scenario_flag": 3, "display_text_min_number": 1000000, "display_text": "100万+"}, "positive_recom_flag": 0, "content_auth": 0, "gif_ids": "", "is_show_bulletin": 2, "comment_manage_info": {"comment_permission_type": -1, "approval_comment_type": 0, "comment_sort_type": 0, "ai_play_picture_type": 0}, "pic_num": 0, "fid": 4845809094099167, "can_reprint": false, "new_comment_style": 0}, "reply_comment": {"created_at": "Mon Dec 12 12:25:48 +0800 2022", "id": 4845829087045133, "rootid": 4845819481818536, "rootidstr": "4845819481818536", "floor_number": 0, "text": "回复@羊又走丢了:注册这个人愿他做什么都倒闭", "disable_reply": 0, "restrictOperate": 0, "user": {"id": 1806993653, "idstr": "1806993653", "class": 1, "screen_name": "渝-yv", "name": "渝-yv", "province": "44", "city": "3", "location": "广东 深圳", "description": "1 个懒又佛系嘀偶", "url": "", "profile_image_url": "https://tvax3.sinaimg.cn/crop.0.0.512.512.50/6bb488f5ly8ge9gu1832xj20e80e8dgx.jpg?KID=imgbed,tva&Expires=1673959940&ssig=DDXgOcoFC6", "light_ring": false, "cover_image_phone": "https://ww2.sinaimg.cn/crop.0.0.640.640.640/6b513d12jw1f83ltmy20aj20hs0hs78g.jpg", "profile_url": "chenxiaoyu69", "domain": "chenxiaoyu69", "weihao": "", "gender": "f", "followers_count": 504, "followers_count_str": "504", "friends_count": 151, "pagefriends_count": 6, "statuses_count": 11870, "video_status_count": 3, "video_play_count": 0, "super_topic_not_syn_count": 0, "favourites_count": 1373, "created_at": "Wed Sep 01 04:30:43 +0800 2010", "following": false, "allow_all_act_msg": false, "geo_enabled": true, "verified": false, "verified_type": 220, "remark": "", "insecurity": {"sexual_content": false}, "ptype": 0, "allow_all_comment": true, "avatar_large": "https://tvax3.sinaimg.cn/crop.0.0.512.512.180/6bb488f5ly8ge9gu1832xj20e80e8dgx.jpg?KID=imgbed,tva&Expires=1673959940&ssig=wTzNRpg9i2", "avatar_hd": "https://tvax3.sinaimg.cn/crop.0.0.512.512.1024/6bb488f5ly8ge9gu1832xj20e80e8dgx.jpg?KID=imgbed,tva&Expires=1673959940&ssig=wNaV%2FavGhJ", "verified_reason": "", "verified_trade": "", "verified_reason_url": "", "verified_source": "", "verified_source_url": "", "follow_me": false, "like": false, "like_me": false, "online_status": 0, "bi_followers_count": 82, "lang": "zh-cn", "star": 0, "mbtype": 12, "mbrank": 7, "svip": 0, "mb_expire_time": 1767542400, "block_word": 1, "block_app": 1, "credit_score": 80, "user_ability": 2359296, "cardid": "star_038", "avatargj_id": "gj_vip_010", "urank": 45, "story_read_state": -1, "vclub_member": 0, "is_teenager": 0, "is_guardian": 0, "is_teenager_list": 0, "pc_new": 0, "special_follow": false, "planet_video": 0, "video_mark": 0, "live_status": 0, "user_ability_extend": 0, "status_total_counter": {"total_cnt": 6306, "repost_cnt": 2760, "comment_cnt": 2878, "like_cnt": 668, "comment_like_cnt": 0}, "video_total_counter": {"play_cnt": 188}, "brand_account": 0, "hongbaofei": 0, "tab_manage": "[4328786560, 0]", "green_mode": 0, "urisk": 0, "block": 0, "block_me": 0, "avatar_type": 0}, "mid": "4845829087045133", "idstr": "4845829087045133", "match_ai_play_picture": false}, "reply_original_text": "什么都不做也穷困潦倒[爱你]", "readtimetype": "comment", "match_ai_play_picture": false}