{"created_at": "Wed Sep 14 10:44:07 +0800 2022", "id": 4813550982267866, "rootid": 4813550982267866, "rootidstr": "4813550982267866", "floor_number": 2, "text": "#美国承认乌克兰有生物研究设施#", "disable_reply": 0, "restrictOperate": 0, "source_allowclick": 0, "source_type": 4, "source": "<a href=\"\" rel=\"nofollow\">来自安徽</a>", "user": {"id": 2150749582, "idstr": "2150749582", "class": 1, "screen_name": "股票基金私募投资互粉", "name": "股票基金私募投资互粉", "province": "34", "city": "15", "location": "安徽 六安", "description": "微信：everfine88", "url": "http://blog.sina.com.cn/u/2565850034", "profile_image_url": "https://tva2.sinaimg.cn/crop.1.2.407.407.50/8031d58egw1e9ypuumc8gj20dc0hswgo.jpg?KID=imgbed,tva&Expires=1669711210&ssig=pvpW27vOuE", "light_ring": false, "cover_image": "http://ww4.sinaimg.cn/crop.0.0.980.300/8031d58egw1e9wcx22lcaj20r808ctg4.jpg", "cover_image_phone": "http://ww1.sinaimg.cn/crop.0.0.640.640.640/549d0121tw1egm1kjly3jj20hs0hsq4f.jpg", "profile_url": "hengbangdianchi", "domain": "hengbangdianchi", "weihao": "", "gender": "m", "followers_count": 249927, "followers_count_str": "25万", "friends_count": 802, "pagefriends_count": 22, "statuses_count": 61264, "video_status_count": 30, "video_play_count": 0, "super_topic_not_syn_count": 0, "favourites_count": 15, "created_at": "Mon May 30 14:44:19 +0800 2011", "following": false, "allow_all_act_msg": false, "geo_enabled": true, "verified": false, "verified_type": -1, "remark": "", "insecurity": {"sexual_content": false}, "ptype": 0, "allow_all_comment": true, "avatar_large": "https://tva2.sinaimg.cn/crop.1.2.407.407.180/8031d58egw1e9ypuumc8gj20dc0hswgo.jpg?KID=imgbed,tva&Expires=1669711210&ssig=bTP1dLih1Y", "avatar_hd": "https://tva2.sinaimg.cn/crop.1.2.407.407.1024/8031d58egw1e9ypuumc8gj20dc0hswgo.jpg?KID=imgbed,tva&Expires=1669711210&ssig=oB%2Fm1Nl%2F5v", "verified_reason": "", "verified_trade": "", "verified_reason_url": "", "verified_source": "", "verified_source_url": "", "follow_me": false, "like": false, "like_me": false, "online_status": 0, "bi_followers_count": 62, "lang": "zh-cn", "star": 0, "mbtype": 12, "mbrank": 7, "svip": 0, "mb_expire_time": 1683993600, "block_word": 0, "block_app": 1, "chaohua_ability": 0, "brand_ability": 0, "nft_ability": 0, "vplus_ability": 0, "wenda_ability": 0, "live_ability": 0, "gongyi_ability": 0, "paycolumn_ability": 0, "newbrand_ability": 0, "ecommerce_ability": 0, "hardfan_ability": 1, "dianping": "stock", "credit_score": 80, "user_ability": -2135687128, "cardid": "star_1520", "urank": 48, "story_read_state": -1, "vclub_member": 0, "is_teenager": 0, "is_guardian": 0, "is_teenager_list": 0, "pc_new": 6, "special_follow": false, "planet_video": 2, "video_mark": 15, "live_status": 0, "user_ability_extend": 1, "status_total_counter": {"total_cnt": 132225, "repost_cnt": 37279, "comment_cnt": 88345, "like_cnt": 6564, "comment_like_cnt": 37}, "video_total_counter": {"play_cnt": 55899}, "brand_account": 0, "hongbaofei": 0, "tab_manage": "[0, 0]", "reward_status": 0, "green_mode": 0, "urisk": 52076478464, "avatar_type": 0}, "mid": "4813550982267866", "idstr": "4813550982267866", "status": {"visible": {"type": 0, "list_id": 0}, "created_at": "Wed Sep 14 10:28:20 +0800 2022", "id": 4813547005808919, "idstr": "4813547005808919", "mid": "4813547005808919", "can_edit": false, "version": 3, "show_additional_indication": 0, "text": "#美国承认乌克兰有生物研究设施# 【恐怖!俄罗斯男子抓到一带编号的蚊子】 http://t.cn/A6SnRziN ​", "textLength": 89, "source_allowclick": 1, "source_type": 1, "source": "<a href=\"http://app.weibo.com/t/feed/44ea9o\" rel=\"nofollow\">小米11 Pro</a>", "favorited": false, "truncated": false, "in_reply_to_status_id": "", "in_reply_to_user_id": "", "in_reply_to_screen_name": "", "pic_urls": [], "geo": null, "is_paid": false, "mblog_vip_type": 0, "user": {"id": 3966129175, "idstr": "3966129175", "class": 1, "screen_name": "兰斌强", "name": "兰斌强", "province": "42", "city": "1", "location": "湖北 武汉", "description": "關注時政 聊侃港台 隨心所欲 信手拈來", "url": "http://blog.sina.com.cn/u/3966129175", "profile_image_url": "https://tva2.sinaimg.cn/crop.0.0.179.179.50/ec665417gw1ecswymegisj2050050aa9.jpg?KID=imgbed,tva&Expires=1669711210&ssig=ClYSxUfAwa", "light_ring": false, "cover_image_phone": "http://ww1.sinaimg.cn/crop.0.0.640.640.640/549d0121tw1egm1kjly3jj20hs0hsq4f.jpg", "profile_url": "whlbq", "domain": "whlbq", "weihao": "", "gender": "m", "followers_count": 144363, "followers_count_str": "14.4万", "friends_count": 602, "pagefriends_count": 3, "statuses_count": 9257, "video_status_count": 1480, "video_play_count": 0, "super_topic_not_syn_count": 0, "favourites_count": 130, "created_at": "Thu Jan 23 00:24:08 +0800 2014", "following": false, "allow_all_act_msg": false, "geo_enabled": false, "verified": true, "verified_type": 0, "remark": "", "insecurity": {"sexual_content": false}, "ptype": 0, "allow_all_comment": true, "avatar_large": "https://tva2.sinaimg.cn/crop.0.0.179.179.180/ec665417gw1ecswymegisj2050050aa9.jpg?KID=imgbed,tva&Expires=1669711210&ssig=V07mB7efD2", "avatar_hd": "https://tva2.sinaimg.cn/crop.0.0.179.179.1024/ec665417gw1ecswymegisj2050050aa9.jpg?KID=imgbed,tva&Expires=1669711210&ssig=pyq1%2FseYoR", "verified_reason": "互联网科技博主 头条文章作者", "verified_trade": "", "verified_reason_url": "", "verified_source": "", "verified_source_url": "", "verified_state": 0, "verified_level": 3, "verified_type_ext": 1, "has_service_tel": false, "verified_reason_modified": "", "verified_contact_name": "", "verified_contact_email": "", "verified_contact_mobile": "", "follow_me": false, "like": false, "like_me": false, "online_status": 0, "bi_followers_count": 564, "lang": "zh-cn", "star": 0, "mbtype": 12, "mbrank": 8, "svip": 1, "mb_expire_time": 1675267200, "block_word": 0, "block_app": 1, "chaohua_ability": 0, "brand_ability": 0, "nft_ability": 0, "vplus_ability": 1, "wenda_ability": 1, "live_ability": 0, "gongyi_ability": 0, "paycolumn_ability": 1, "newbrand_ability": 0, "ecommerce_ability": 0, "hardfan_ability": 1, "credit_score": 80, "user_ability": -2136602104, "cardid": "star_1342", "urank": 44, "story_read_state": -1, "verified_detail": {"custom": 0, "data": [{"key": 2, "sub_key": 0, "weight": 101, "desc": "互联网科技博主", "timestamp": 0}, {"key": 4, "sub_key": 9, "weight": 999, "desc": "头条文章作者", "timestamp": 0}]}, "vclub_member": 0, "is_teenager": 0, "is_guardian": 0, "is_teenager_list": 0, "pc_new": 7, "special_follow": false, "planet_video": 2, "video_mark": 15, "live_status": 0, "user_ability_extend": 0, "status_total_counter": {"total_cnt": 961577, "repost_cnt": 168536, "comment_cnt": 140003, "like_cnt": 417594, "comment_like_cnt": 235444}, "video_total_counter": {"play_cnt": 38816117}, "brand_account": 0, "hongbaofei": 0, "tab_manage": "[0, 0]", "reward_status": 0, "green_mode": 0, "urisk": 34896609280, "avatar_type": 0}, "annotations": [{}, {}, {"client_mblogid": "5d76806a-ebde-48db-bb7e-93474ec95013"}, {"mapi_request": true}], "reposts_count": 0, "comments_count": 0, "reprint_cmt_count": 0, "attitudes_count": 0, "pending_approval_count": 0, "isLongText": false, "reward_exhibition_type": 0, "hide_flag": 0, "mlevel": 128, "show_mlevel": 0, "biz_ids": [230444], "biz_feature": 4294967304, "page_type": 64, "hasActionTypeCard": 0, "darwin_tags": [], "hot_weibo_tags": [], "text_tag_tips": [], "mblogtype": 0, "userType": 0, "mlevelSource": "monitor", "more_info_type": 0, "cardid": "star_1342", "number_display_strategy": {"apply_scenario_flag": 3, "display_text_min_number": 1000000, "display_text": "100万+"}, "positive_recom_flag": 0, "content_auth": 0, "gif_ids": "", "is_show_bulletin": 2, "comment_manage_info": {"comment_permission_type": -1, "approval_comment_type": 0, "comment_sort_type": 0, "ai_play_picture_type": 0}, "pic_num": 0, "fid": 4813546323181902, "can_reprint": false, "new_comment_style": 0}, "readtimetype": "comment", "match_ai_play_picture": false}