{"created_at": "Mon Sep 19 09:31:51 +0800 2022", "id": 4815344731165311, "rootid": 4815344731165311, "rootidstr": "4815344731165311", "floor_number": 10, "text": "http://t.cn/A6SBgGqg", "disable_reply": 0, "is_mblog_author": true, "restrictOperate": 0, "source_allowclick": 0, "source_type": 4, "source": "<a href=\"\" rel=\"nofollow\">来自黑龙江</a>", "comment_badge": [{"pic_url": "https://h5.sinaimg.cn/upload/1007/25/2019/05/17/feed_icon_poster_identity133low.png", "name": "blogger", "length": 1.33, "actionlog": {"act_code": "3671", "ext": "status:author"}, "scheme": "https://kefu.weibo.com/faqdetail?id=20848"}], "user": {"id": 7745903924, "idstr": "7745903924", "class": 1, "screen_name": "猫小咪的苏格拉底", "name": "猫小咪的苏格拉底", "province": "23", "city": "1000", "location": "黑龙江", "description": "只负责抛砖，希望大家独立思考，信息时代，顺着砖的方向会有很多信息和线索出现。信也好、不信也罢，君子和而不同，有独立辩证思考的过程总是好的", "url": "", "profile_image_url": "https://tvax3.sinaimg.cn/crop.0.0.750.750.50/008sd1sgly8h2gcggfldjj30ku0kujsn.jpg?KID=imgbed,tva&Expires=1669885741&ssig=KZhgxtCgOF", "light_ring": false, "profile_url": "u/7745903924", "domain": "", "weihao": "", "gender": "f", "followers_count": 1015, "followers_count_str": "1015", "friends_count": 174, "pagefriends_count": 12, "statuses_count": 1013, "video_status_count": 9, "video_play_count": 0, "super_topic_not_syn_count": 0, "favourites_count": 1697, "created_at": "Fri Mar 18 23:15:37 +0800 2022", "following": false, "allow_all_act_msg": false, "geo_enabled": true, "verified": false, "verified_type": -1, "remark": "", "insecurity": {"sexual_content": false}, "ptype": 0, "allow_all_comment": true, "avatar_large": "https://tvax3.sinaimg.cn/crop.0.0.750.750.180/008sd1sgly8h2gcggfldjj30ku0kujsn.jpg?KID=imgbed,tva&Expires=1669885741&ssig=zTolqN5Ar6", "avatar_hd": "https://tvax3.sinaimg.cn/crop.0.0.750.750.1024/008sd1sgly8h2gcggfldjj30ku0kujsn.jpg?KID=imgbed,tva&Expires=1669885741&ssig=JW5tragrU2", "verified_reason": "", "verified_trade": "", "verified_reason_url": "", "verified_source": "", "verified_source_url": "", "follow_me": false, "like": false, "like_me": false, "online_status": 0, "bi_followers_count": 4, "lang": "zh-cn", "star": 0, "mbtype": 0, "mbrank": 0, "svip": 0, "mb_expire_time": 0, "block_word": 0, "block_app": 0, "chaohua_ability": 0, "brand_ability": 0, "nft_ability": 0, "vplus_ability": 0, "wenda_ability": 0, "live_ability": 0, "gongyi_ability": 0, "paycolumn_ability": 0, "newbrand_ability": 0, "ecommerce_ability": 0, "hardfan_ability": 0, "credit_score": 80, "user_ability": 2359296, "urank": 0, "story_read_state": -1, "vclub_member": 0, "is_teenager": 0, "is_guardian": 0, "is_teenager_list": 0, "pc_new": 7, "special_follow": false, "planet_video": 2, "video_mark": 0, "live_status": 0, "user_ability_extend": 0, "status_total_counter": {"total_cnt": 10167, "repost_cnt": 1410, "comment_cnt": 1590, "like_cnt": 4824, "comment_like_cnt": 2343}, "video_total_counter": {"play_cnt": 31376}, "brand_account": 0, "hongbaofei": 0, "tab_manage": "[0, 0]", "reward_status": 0, "green_mode": 0, "urisk": 17179869184, "avatar_type": 0}, "mid": "4815344731165311", "idstr": "4815344731165311", "status": {"visible": {"type": 0, "list_id": 0}, "created_at": "Wed Sep 14 00:00:24 +0800 2022", "id": 4813388985664333, "idstr": "4813388985664333", "mid": "4813388985664333", "can_edit": false, "version": 4, "show_additional_indication": 0, "text": "#NWO新世界秩序[超话]# ​", "textLength": 21, "source_allowclick": 0, "source_type": 2, "source": "<a href=\"http://weibo.com/\" rel=\"nofollow\">iPhone</a>", "favorited": false, "truncated": false, "in_reply_to_status_id": "", "in_reply_to_user_id": "", "in_reply_to_screen_name": "", "pic_urls": [{"thumbnail_pic": "http://wx2.sinaimg.cn/thumbnail/008sd1sggy1h65f6yi6d7j30zk1bf79h.jpg"}, {"thumbnail_pic": "http://wx2.sinaimg.cn/thumbnail/008sd1sggy1h65f6zmtjuj30ps1e075g.jpg"}, {"thumbnail_pic": "http://wx4.sinaimg.cn/thumbnail/008sd1sggy1h65f6xo5vdj30zk1beq49.jpg"}, {"thumbnail_pic": "http://wx1.sinaimg.cn/thumbnail/008sd1sggy1h65f70kub5j30u01drtaf.jpg"}, {"thumbnail_pic": "http://wx3.sinaimg.cn/thumbnail/008sd1sggy1h65f71itplj30pf14gt9h.jpg"}, {"thumbnail_pic": "http://wx3.sinaimg.cn/thumbnail/008sd1sggy1h65f72gk2jj30oo0yqwfe.jpg"}], "thumbnail_pic": "http://wx2.sinaimg.cn/thumbnail/008sd1sggy1h65f6yi6d7j30zk1bf79h.jpg", "bmiddle_pic": "http://wx2.sinaimg.cn/bmiddle/008sd1sggy1h65f6yi6d7j30zk1bf79h.jpg", "original_pic": "http://wx2.sinaimg.cn/large/008sd1sggy1h65f6yi6d7j30zk1bf79h.jpg", "geo": null, "is_paid": false, "mblog_vip_type": 0, "user": {"id": 7745903924, "idstr": "7745903924", "class": 1, "screen_name": "猫小咪的苏格拉底", "name": "猫小咪的苏格拉底", "province": "23", "city": "1000", "location": "黑龙江", "description": "只负责抛砖，希望大家独立思考，信息时代，顺着砖的方向会有很多信息和线索出现。信也好、不信也罢，君子和而不同，有独立辩证思考的过程总是好的", "url": "", "profile_image_url": "https://tvax3.sinaimg.cn/crop.0.0.750.750.50/008sd1sgly8h2gcggfldjj30ku0kujsn.jpg?KID=imgbed,tva&Expires=1669885741&ssig=KZhgxtCgOF", "light_ring": false, "profile_url": "u/7745903924", "domain": "", "weihao": "", "gender": "f", "followers_count": 1015, "followers_count_str": "1015", "friends_count": 174, "pagefriends_count": 12, "statuses_count": 1013, "video_status_count": 9, "video_play_count": 0, "super_topic_not_syn_count": 0, "favourites_count": 1697, "created_at": "Fri Mar 18 23:15:37 +0800 2022", "following": false, "allow_all_act_msg": false, "geo_enabled": true, "verified": false, "verified_type": -1, "remark": "", "insecurity": {"sexual_content": false}, "ptype": 0, "allow_all_comment": true, "avatar_large": "https://tvax3.sinaimg.cn/crop.0.0.750.750.180/008sd1sgly8h2gcggfldjj30ku0kujsn.jpg?KID=imgbed,tva&Expires=1669885741&ssig=zTolqN5Ar6", "avatar_hd": "https://tvax3.sinaimg.cn/crop.0.0.750.750.1024/008sd1sgly8h2gcggfldjj30ku0kujsn.jpg?KID=imgbed,tva&Expires=1669885741&ssig=JW5tragrU2", "verified_reason": "", "verified_trade": "", "verified_reason_url": "", "verified_source": "", "verified_source_url": "", "follow_me": false, "like": false, "like_me": false, "online_status": 0, "bi_followers_count": 4, "lang": "zh-cn", "star": 0, "mbtype": 0, "mbrank": 0, "svip": 0, "mb_expire_time": 0, "block_word": 0, "block_app": 0, "chaohua_ability": 0, "brand_ability": 0, "nft_ability": 0, "vplus_ability": 0, "wenda_ability": 0, "live_ability": 0, "gongyi_ability": 0, "paycolumn_ability": 0, "newbrand_ability": 0, "ecommerce_ability": 0, "hardfan_ability": 0, "credit_score": 80, "user_ability": 2359296, "urank": 0, "story_read_state": -1, "vclub_member": 0, "is_teenager": 0, "is_guardian": 0, "is_teenager_list": 0, "pc_new": 7, "special_follow": false, "planet_video": 2, "video_mark": 0, "live_status": 0, "user_ability_extend": 0, "status_total_counter": {"total_cnt": 10167, "repost_cnt": 1410, "comment_cnt": 1590, "like_cnt": 4824, "comment_like_cnt": 2343}, "video_total_counter": {"play_cnt": 31376}, "brand_account": 0, "hongbaofei": 0, "tab_manage": "[0, 0]", "reward_status": 0, "green_mode": 0, "urisk": 17179869184, "avatar_type": 0}, "annotations": [{"photo_sub_type": "0,0,0,0,0,0"}, {}, {"client_mblogid": "iPhone-5B362D35-B372-4008-8D74-985229068680"}, {"mapi_request": true}], "picStatus": "0:1,1:1,2:1,3:1,4:1,5:1", "reposts_count": 0, "comments_count": 0, "reprint_cmt_count": 0, "attitudes_count": 0, "pending_approval_count": 0, "isLongText": false, "reward_exhibition_type": 0, "hide_flag": 0, "mlevel": 128, "show_mlevel": 0, "biz_feature": 4294967300, "topic_id": "1022:100808e93348a11d0a2f0bb8c0c687e69a708d", "sync_mblog": true, "is_imported_topic": false, "page_type": 32, "hasActionTypeCard": 0, "darwin_tags": [], "hot_weibo_tags": [], "text_tag_tips": [], "mblogtype": 0, "userType": 0, "mlevelSource": "monitor", "more_info_type": 0, "number_display_strategy": {"apply_scenario_flag": 3, "display_text_min_number": 1000000, "display_text": "100万+"}, "positive_recom_flag": 0, "content_auth": 0, "gif_ids": "", "is_show_bulletin": 2, "comment_manage_info": {"comment_permission_type": -1, "approval_comment_type": 0, "comment_sort_type": 0, "ai_play_picture_type": 0}, "pic_num": 6, "can_reprint": false, "new_comment_style": 0}, "readtimetype": "comment", "match_ai_play_picture": false}