{"created_at": "Sat Dec 17 11:37:20 +0800 2022", "id": 4847628829860811, "rootid": 4847628829860811, "rootidstr": "4847628829860811", "floor_number": 340, "text": "看到女神报平安我就放心了，大家都要注意交通安全，要平安过大年", "disable_reply": 0, "restrictOperate": 0, "source_allowclick": 0, "source_type": 4, "source": "<a href=\"\" rel=\"nofollow\">来自广东</a>", "user": {"id": 5701703759, "idstr": "5701703759", "class": 1, "screen_name": "益的毅力", "name": "益的毅力", "province": "44", "city": "1000", "location": "广东", "description": "", "url": "", "profile_image_url": "https://tvax4.sinaimg.cn/crop.0.0.1080.1080.50/006dRLBRly8h6f3fwj66uj30u00u00uz.jpg?KID=imgbed,tva&Expires=1673966984&ssig=3Htsfog68d", "light_ring": false, "cover_image_phone": "https://wx1.sinaimg.cn/crop.0.0.640.640.640/bcdf2748ly1gw015uyy9vj20zo0zo43r.jpg;https://ww1.sinaimg.cn/crop.0.0.640.640.640/549d0121tw1egm1kjly3jj20hs0hsq4f.jpg", "profile_url": "u/5701703759", "domain": "", "weihao": "", "gender": "m", "followers_count": 69, "followers_count_str": "69", "friends_count": 534, "pagefriends_count": 29, "statuses_count": 24860, "video_status_count": 0, "video_play_count": 0, "super_topic_not_syn_count": 0, "favourites_count": 12, "created_at": "Sun Sep 13 17:04:20 +0800 2015", "following": false, "allow_all_act_msg": false, "geo_enabled": true, "verified": true, "verified_type": 0, "remark": "", "insecurity": {"sexual_content": false}, "ptype": 0, "allow_all_comment": true, "avatar_large": "https://tvax4.sinaimg.cn/crop.0.0.1080.1080.180/006dRLBRly8h6f3fwj66uj30u00u00uz.jpg?KID=imgbed,tva&Expires=1673966984&ssig=oLkVl6PxLx", "avatar_hd": "https://tvax4.sinaimg.cn/crop.0.0.1080.1080.1024/006dRLBRly8h6f3fwj66uj30u00u00uz.jpg?KID=imgbed,tva&Expires=1673966984&ssig=IuJKUA%2BnQg", "verified_reason": "超话小主持人（恰饭达人超话）", "verified_trade": "", "verified_reason_url": "", "verified_source": "", "verified_source_url": "", "verified_state": 0, "verified_level": 3, "verified_type_ext": 0, "has_service_tel": false, "verified_reason_modified": "", "verified_contact_name": "", "verified_contact_email": "", "verified_contact_mobile": "", "follow_me": false, "like": false, "like_me": false, "online_status": 0, "bi_followers_count": 12, "lang": "zh-cn", "star": 0, "mbtype": 12, "mbrank": 5, "svip": 0, "mb_expire_time": 1693152000, "block_word": 0, "block_app": 1, "chaohua_ability": 0, "brand_ability": 0, "nft_ability": 0, "vplus_ability": 0, "wenda_ability": 0, "live_ability": 0, "gongyi_ability": 0, "paycolumn_ability": 0, "newbrand_ability": 0, "ecommerce_ability": 0, "hardfan_ability": 0, "wbcolumn_ability": 0, "credit_score": 80, "user_ability": 2359296, "cardid": "star_1576", "avatargj_id": "gj_vip_128", "urank": 4, "story_read_state": -1, "verified_detail": {"custom": 0, "data": [{"key": 8, "sub_key": 0, "weight": 102, "desc": "超话小主持人（恰饭达人超话）", "timestamp": 1635768319}]}, "vclub_member": 0, "is_teenager": 0, "is_guardian": 0, "is_teenager_list": 0, "pc_new": 6, "special_follow": false, "planet_video": 2, "video_mark": 0, "live_status": 0, "user_ability_extend": 0, "status_total_counter": {"total_cnt": 4043, "repost_cnt": 2339, "comment_cnt": 249, "like_cnt": 1448, "comment_like_cnt": 7}, "video_total_counter": {"play_cnt": 0}, "brand_account": 0, "hongbaofei": 0, "tab_manage": "[0, 0]", "reward_status": 0, "green_mode": 0, "urisk": 17179869184, "avatar_type": 0}, "mid": "4847628829860811", "idstr": "4847628829860811", "status": {"visible": {"type": 0, "list_id": 0}, "created_at": "Sat Dec 17 11:33:53 +0800 2022", "id": 4847627961372248, "idstr": "4847627961372248", "mid": "4847627961372248", "can_edit": false, "version": 4, "show_additional_indication": 0, "text": "#陈慧琳与儿子出车祸#明星出行一定要注意安全呀！香港天后陈慧琳遭遇车祸，与儿子受伤被送医救治，现场曝光一片狼藉，祝我们女神平安，早日康复[爱你] http://t.cn/A6KO6QED ​", "textLength": 161, "source_allowclick": 0, "source_type": 1, "source": "<a href=\"http://app.weibo.com/t/feed/3EhUcS\" rel=\"nofollow\">iPhone 13</a>", "favorited": false, "truncated": false, "in_reply_to_status_id": "", "in_reply_to_user_id": "", "in_reply_to_screen_name": "", "pic_urls": [], "geo": null, "is_paid": false, "mblog_vip_type": 0, "user": {"id": 5389720333, "idstr": "5389720333", "class": 1, "screen_name": "软柿子扒星", "name": "软柿子扒星", "province": "11", "city": "1000", "location": "北京", "description": "娱乐点评人。商务Wechat：shinyzii", "url": "http://blog.sina.com.cn/u/5389720333", "profile_image_url": "https://tvax3.sinaimg.cn/crop.0.0.690.690.50/005SKIt7ly8ge41l5f5eqj30j60j6wfy.jpg?KID=imgbed,tva&Expires=1673966984&ssig=TLUg4pW5iK", "light_ring": false, "cover_image": "https://wx1.sinaimg.cn/crop.0.0.920.300/005SKIt7ly1fz9nouxv3lj30pk08cjut.jpg", "cover_image_phone": "https://wx1.sinaimg.cn/crop.0.0.640.640.640/005SKIt7ly1fz9n8wwjgnj30yi0yin0u.jpg;https://wx1.sinaimg.cn/crop.0.0.640.640.640/005SKIt7ly1h9t77yzb4aj30u00u0q7u.jpg;https://wx1.sinaimg.cn/crop.0.0.640.640.640/005SKIt7ly1fz9nadutlgj30yi0yijs3.jpg", "profile_url": "520052152", "domain": "shizi", "weihao": "520052152", "gender": "m", "followers_count": 7931312, "followers_count_str": "793.1万", "friends_count": 801, "pagefriends_count": 59, "statuses_count": 5932, "video_status_count": 1362, "video_play_count": 0, "super_topic_not_syn_count": 3, "favourites_count": 571, "created_at": "Fri Nov 28 18:19:11 +0800 2014", "following": false, "allow_all_act_msg": false, "geo_enabled": false, "verified": true, "verified_type": 0, "remark": "", "insecurity": {"sexual_content": false}, "ptype": 8, "allow_all_comment": true, "avatar_large": "https://tvax3.sinaimg.cn/crop.0.0.690.690.180/005SKIt7ly8ge41l5f5eqj30j60j6wfy.jpg?KID=imgbed,tva&Expires=1673966984&ssig=37FKFMw%2FLY", "avatar_hd": "https://tvax3.sinaimg.cn/crop.0.0.690.690.1024/005SKIt7ly8ge41l5f5eqj30j60j6wfy.jpg?KID=imgbed,tva&Expires=1673966984&ssig=vJZAK49Mju", "verified_reason": "娱乐媒体人", "verified_trade": "1028", "verified_reason_url": "", "verified_source": "", "verified_source_url": "", "verified_state": 0, "verified_level": 3, "verified_type_ext": 1, "has_service_tel": false, "verified_reason_modified": "", "verified_contact_name": "", "verified_contact_email": "", "verified_contact_mobile": "", "follow_me": false, "like": false, "like_me": false, "online_status": 0, "bi_followers_count": 252, "lang": "zh-cn", "star": 0, "mbtype": 12, "mbrank": 8, "svip": 1, "mb_expire_time": 1702051200, "block_word": 1, "block_app": 1, "chaohua_ability": 0, "brand_ability": 0, "nft_ability": 0, "vplus_ability": 0, "wenda_ability": 0, "live_ability": 0, "gongyi_ability": 0, "paycolumn_ability": 0, "newbrand_ability": 0, "ecommerce_ability": 0, "hardfan_ability": 1, "wbcolumn_ability": 0, "ability_tags": "影评,国产电影,港台电影,影讯,演员", "credit_score": 80, "user_ability": -2135676402, "cardid": "star_005", "avatargj_id": "gj_vip_033", "urank": 48, "story_read_state": -1, "verified_detail": {"custom": 1, "data": [{"key": 2, "sub_key": 0, "weight": 0, "desc": "知名娱乐博主"}, {"key": 16, "sub_key": 7, "weight": 0, "desc": "娱乐明星视频博主"}, {"key": 1, "sub_key": 0, "weight": 10, "desc": "娱乐媒体人"}]}, "vclub_member": 0, "is_teenager": 0, "is_guardian": 0, "is_teenager_list": 0, "pc_new": 7, "special_follow": false, "planet_video": 2, "video_mark": 15, "live_status": 0, "user_ability_extend": 0, "status_total_counter": {"total_cnt": 108985265, "repost_cnt": 100690740, "comment_cnt": 2079534, "like_cnt": 5135662, "comment_like_cnt": 1079329}, "video_total_counter": {"play_cnt": 207752894}, "brand_account": 0, "hongbaofei": 0, "tab_manage": "[0, 0]", "reward_status": 0, "green_mode": 0, "mb_like_privilege": {"like_id": "0015", "like_desc": "点过赞的都发了财🤩"}, "urisk": 8589934592, "avatar_type": 0}, "annotations": [{}, {"ann_ext": "ann_ext:search|t:2|q:#陈慧琳与儿子出车祸#|creator_source:bottomsendweibo"}, {"client_mblogid": "iPhone-46CAF4BC-3A9C-470C-992D-9FBC36D52D3C"}, {"mapi_request": true}], "reposts_count": 0, "comments_count": 0, "reprint_cmt_count": 0, "attitudes_count": 0, "pending_approval_count": 0, "isLongText": false, "reward_exhibition_type": 0, "hide_flag": 0, "mlevel": 0, "show_mlevel": 0, "biz_ids": [230444], "biz_feature": 4294967304, "page_type": 64, "hasActionTypeCard": 0, "darwin_tags": [], "hot_weibo_tags": [], "text_tag_tips": [], "mblogtype": 0, "userType": 0, "more_info_type": 0, "cardid": "star_005", "number_display_strategy": {"apply_scenario_flag": 3, "display_text_min_number": 1000000, "display_text": "100万+"}, "positive_recom_flag": 0, "content_auth": 0, "gif_ids": "", "is_show_bulletin": 2, "comment_manage_info": {"comment_permission_type": -1, "approval_comment_type": 0, "comment_sort_type": 0, "ai_play_picture_type": 0}, "pic_num": 0, "fid": 4847627752439907, "can_reprint": false, "new_comment_style": 0}, "readtimetype": "comment", "comment_dynamic_message": {"id": "0", "start_color": "#00FFFFFF", "end_color": "#1AFFFFFF", "start_color_dark": "#003A3A3A", "end_color_dark": "#333A3A3A", "name": {"zh_CN": "默认", "zh_HK": "默認", "en_US": "default"}, "scheme": "https://new.vip.weibo.cn/bubble/mall?showmenu=0&decorateId=0&uid=5701703759", "allow_vip_box_content": "用此评论气泡", "allow_vip_box_icon": "https://h5.sinaimg.cn/upload/100/1720/2022/08/08/icon_VIP_for_comment_bubble.png"}, "match_ai_play_picture": false}