{"created_at": "Mon Dec 12 19:02:40 +0800 2022", "id": 4845928961545822, "rootid": 4845928961545822, "rootidstr": "4845928961545822", "floor_number": 63, "text": "好滴", "disable_reply": 0, "restrictOperate": 0, "source_allowclick": 0, "source_type": 4, "source": "<a href=\"\" rel=\"nofollow\">来自上海</a>", "comment_badge": [{"pic_url": "https://h5.sinaimg.cn/upload/114/962/2022/07/08/member_3_bigfan1_1.png", "name": "loyal_fans", "length": 1.33, "actionlog": {"act_code": "3671", "ext": "status:fans"}, "scheme": "https://kefu.weibo.com/faqdetail?id=20848", "new_icon": true}], "user": {"id": 7773529453, "idstr": "7773529453", "class": 1, "screen_name": "小能睡觉噜", "name": "小能睡觉噜", "province": "31", "city": "1000", "location": "上海", "description": "棉花｜乙游｜棣", "url": "", "profile_image_url": "https://tvax4.sinaimg.cn/crop.0.0.552.552.50/008u4W7jly8ha1el26ipqj30fc0fc74q.jpg?KID=imgbed,tva&Expires=1673958589&ssig=%2FjEzJD891u", "light_ring": false, "cover_image_phone": "https://wx4.sinaimg.cn/crop.0.0.640.640.640/008u4W7jly1h83j91u64nj30lo0lomyw.jpg;https://wx4.sinaimg.cn/crop.0.0.640.640.640/008u4W7jly1h6talhxyj8j30u00u0acj.jpg;https://wx1.sinaimg.cn/crop.0.0.640.640.640/008u4W7jly1h82ne71gj6j30u00u0acx.jpg", "profile_url": "u/7773529453", "domain": "", "weihao": "", "gender": "f", "followers_count": 667, "followers_count_str": "667", "friends_count": 458, "pagefriends_count": 53, "statuses_count": 1056, "video_status_count": 0, "video_play_count": 0, "super_topic_not_syn_count": 1, "favourites_count": 182, "created_at": "Sat Jul 16 20:40:50 +0800 2022", "following": false, "allow_all_act_msg": false, "geo_enabled": true, "verified": false, "verified_type": -1, "remark": "", "insecurity": {"sexual_content": false}, "ptype": 0, "allow_all_comment": true, "avatar_large": "https://tvax4.sinaimg.cn/crop.0.0.552.552.180/008u4W7jly8ha1el26ipqj30fc0fc74q.jpg?KID=imgbed,tva&Expires=1673958589&ssig=xsJhPvltFz", "avatar_hd": "https://tvax4.sinaimg.cn/crop.0.0.552.552.1024/008u4W7jly8ha1el26ipqj30fc0fc74q.jpg?KID=imgbed,tva&Expires=1673958589&ssig=E0zNdQ5sBt", "verified_reason": "", "verified_trade": "", "verified_reason_url": "", "verified_source": "", "verified_source_url": "", "follow_me": false, "like": false, "like_me": false, "online_status": 0, "bi_followers_count": 151, "lang": "zh-cn", "star": 0, "mbtype": 12, "mbrank": 3, "svip": 0, "mb_expire_time": 1702137600, "block_word": 0, "block_app": 1, "chaohua_ability": 0, "brand_ability": 0, "nft_ability": 0, "vplus_ability": 0, "wenda_ability": 0, "live_ability": 0, "gongyi_ability": 0, "paycolumn_ability": 0, "newbrand_ability": 0, "ecommerce_ability": 0, "hardfan_ability": 0, "wbcolumn_ability": 0, "credit_score": 80, "user_ability": 2359296, "cardid": "star_1415", "avatargj_id": "gj_vip_5874", "urank": 0, "story_read_state": -1, "vclub_member": 0, "is_teenager": 0, "is_guardian": 0, "is_teenager_list": 0, "pc_new": 0, "special_follow": false, "planet_video": 2, "video_mark": 0, "live_status": 0, "user_ability_extend": 0, "status_total_counter": {"total_cnt": 11783, "repost_cnt": 56, "comment_cnt": 6109, "like_cnt": 1276, "comment_like_cnt": 4342}, "video_total_counter": {"play_cnt": 0}, "brand_account": 0, "hongbaofei": 0, "tab_manage": "[0, 0]", "reward_status": 0, "green_mode": 0, "urisk": 524288, "avatar_type": 0}, "mid": "4845928961545822", "idstr": "4845928961545822", "status": {"visible": {"type": 0, "list_id": 0}, "created_at": "Mon Dec 12 18:58:11 +0800 2022", "id": 4845927838253502, "idstr": "4845927838253502", "mid": "4845927838253502", "edit_count": 1, "can_edit": false, "edit_at": "Mon Dec 12 19:00:47 +0800 2022", "version": 1, "show_additional_indication": 0, "text": "【除特定场所外，#上海不再扫场所码#】据@上海发布 ，除养老机构、儿童福利机构、医疗机构、学校（含托幼机构）等特殊场所外，本市其余场所不再要求查验“随申码”等健康码，不再要求扫“场所码”（含“数字哨兵”）。上述措施自2022 年 12 月13日零时起实施。 ​​​#上海一般场所不再查健康码# ​", "textLength": 274, "source_allowclick": 0, "source_type": 1, "source": "<a href=\"http://app.weibo.com/t/feed/xEsRX\" rel=\"nofollow\">新版微博 weibo.com</a>", "favorited": false, "truncated": false, "in_reply_to_status_id": "", "in_reply_to_user_id": "", "in_reply_to_screen_name": "", "pic_urls": [{"thumbnail_pic": "http://wx3.sinaimg.cn/thumbnail/0033ImPzly1h9187gnkpxj615c14mwxk02.jpg"}], "thumbnail_pic": "http://wx3.sinaimg.cn/thumbnail/0033ImPzly1h9187gnkpxj615c14mwxk02.jpg", "bmiddle_pic": "http://wx3.sinaimg.cn/bmiddle/0033ImPzly1h9187gnkpxj615c14mwxk02.jpg", "original_pic": "http://wx3.sinaimg.cn/large/0033ImPzly1h9187gnkpxj615c14mwxk02.jpg", "geo": null, "is_paid": false, "mblog_vip_type": 0, "user": {"id": 2803301701, "idstr": "2803301701", "class": 1, "screen_name": "人民日报", "name": "人民日报", "province": "11", "city": "1000", "location": "北京", "description": "人民日报法人微博。参与、沟通、记录时代。", "url": "", "profile_image_url": "https://tvax4.sinaimg.cn/crop.0.0.1018.1018.50/0033ImPzly8h8vgemh8kxj60sa0sadgw02.jpg?KID=imgbed,tva&Expires=1673958589&ssig=UDUu0GUnbx", "light_ring": false, "cover_image": "https://wx4.sinaimg.cn/crop.0.0.920.300/0033ImPzly1gs66yzvybrj60pk08cgya02.jpg", "cover_image_phone": "https://wx1.sinaimg.cn/crop.0.0.640.640.640/0033ImPzly1gs64jwa7uyj60v90v9n1r02.jpg", "profile_url": "rmrb", "domain": "rmrb", "weihao": "", "gender": "m", "followers_count": 150811752, "followers_count_str": "1.51亿", "friends_count": 3063, "pagefriends_count": 2678, "statuses_count": 153106, "video_status_count": 9834, "video_play_count": 0, "super_topic_not_syn_count": 1, "favourites_count": 1031, "created_at": "Sun Jul 22 02:28:35 +0800 2012", "following": false, "allow_all_act_msg": false, "geo_enabled": false, "verified": true, "verified_type": 3, "remark": "", "insecurity": {"sexual_content": false}, "ptype": 0, "allow_all_comment": false, "avatar_large": "https://tvax4.sinaimg.cn/crop.0.0.1018.1018.180/0033ImPzly8h8vgemh8kxj60sa0sadgw02.jpg?KID=imgbed,tva&Expires=1673958589&ssig=UVyFtbhoLi", "avatar_hd": "https://tvax4.sinaimg.cn/crop.0.0.1018.1018.1024/0033ImPzly8h8vgemh8kxj60sa0sadgw02.jpg?KID=imgbed,tva&Expires=1673958589&ssig=1F5rvCDdsg", "verified_reason": "《人民日报》法人微博", "verified_trade": "", "verified_reason_url": "", "verified_source": "", "verified_source_url": "", "verified_state": 2, "verified_level": 3, "verified_type_ext": 0, "has_service_tel": false, "verified_reason_modified": "辽宁科技大学官方微博，教育官微联盟成员", "verified_contact_name": "", "verified_contact_email": "", "verified_contact_mobile": "", "follow_me": false, "like": false, "like_me": false, "online_status": 0, "bi_followers_count": 363, "lang": "zh-cn", "star": 0, "mbtype": 12, "mbrank": 7, "svip": 0, "mb_expire_time": 1884182400, "block_word": 0, "block_app": 1, "chaohua_ability": 0, "brand_ability": 0, "nft_ability": 0, "vplus_ability": 0, "wenda_ability": 0, "live_ability": 1, "gongyi_ability": 0, "paycolumn_ability": 0, "newbrand_ability": 0, "ecommerce_ability": 0, "hardfan_ability": 1, "wbcolumn_ability": 0, "credit_score": 80, "user_ability": -2135620852, "urank": 48, "story_read_state": -1, "vclub_member": 0, "is_teenager": 0, "is_guardian": 0, "is_teenager_list": 1, "pc_new": 7, "special_follow": false, "planet_video": 2, "video_mark": 15, "live_status": 0, "user_ability_extend": 1, "status_total_counter": {"total_cnt": 3365587741, "repost_cnt": 947583715, "comment_cnt": 234290761, "like_cnt": 1124789279, "comment_like_cnt": 1058923986}, "video_total_counter": {"play_cnt": 37826914453}, "brand_account": 0, "hongbaofei": 0, "tab_manage": "[283691264248460, 0]", "reward_status": 0, "green_mode": 0, "urisk": 0, "avatar_type": 0}, "annotations": [{"photo_sub_type": "0"}, {}, {"mapi_request": true}], "picStatus": "0:1", "reposts_count": 0, "comments_count": 0, "reprint_cmt_count": 0, "attitudes_count": 0, "pending_approval_count": 0, "isLongText": false, "reward_exhibition_type": 0, "hide_flag": 0, "mlevel": 0, "show_mlevel": 0, "biz_feature": 4294967300, "page_type": 64, "hasActionTypeCard": 0, "darwin_tags": [], "hot_weibo_tags": [], "text_tag_tips": [], "mblogtype": 0, "userType": 0, "more_info_type": 0, "positive_recom_flag": 0, "content_auth": 0, "gif_ids": "", "is_show_bulletin": 2, "comment_manage_info": {"comment_permission_type": -1, "approval_comment_type": 0, "comment_sort_type": 0, "ai_play_picture_type": 0}, "pic_num": 1, "can_reprint": false, "new_comment_style": 0}, "readtimetype": "comment", "comment_dynamic_message": {"id": "0038", "icon_url": "https://h5.sinaimg.cn/upload/1073/1841/2022/09/07/yyds4.png", "tag_text": "年费", "start_color": "#00A55DAB", "end_color": "#1AA55DAB", "start_color_dark": "#00A55DAB", "end_color_dark": "#1AA55DAB", "name": {"zh_CN": "YYDS", "zh_HK": "YYDS", "en_US": "YYDS"}, "scheme": "https://new.vip.weibo.cn/bubble/mall?showmenu=0&decorateId=0038&uid=7773529453", "allow_vip_box_content": "用此评论气泡", "allow_vip_box_icon": "https://h5.sinaimg.cn/upload/100/1720/2022/08/08/icon_VIP_for_comment_bubble.png"}, "match_ai_play_picture": false}