{"created_at": "Mon Dec 12 21:07:38 +0800 2022", "id": 4845960410180332, "rootid": 4845935086012288, "rootidstr": "4845935086012288", "floor_number": 0, "text": "回复@贰叁柒拾壹:感觉如果真有问题还是去医院挂个号问问医生比较好，毕竟咱啥也不懂[二哈]", "disable_reply": 0, "restrictOperate": 0, "source_allowclick": 0, "source_type": 4, "source": "<a href=\"\" rel=\"nofollow\">来自河北</a>", "comment_badge": [{"pic_url": "https://h5.sinaimg.cn/upload/114/962/2022/07/08/member_0_bigfan1_1.png", "name": "loyal_fans", "length": 1.33, "actionlog": {"act_code": "3671", "ext": "status:fans"}, "scheme": "https://kefu.weibo.com/faqdetail?id=20848", "new_icon": true}], "user": {"id": 5189629397, "idstr": "5189629397", "class": 1, "screen_name": "哈哈hahh", "name": "哈哈hahh", "province": "100", "city": "1000", "location": "其他", "description": "『努力』！！！『努力』！！！『努力』！！！随心所欲 清心寡欲 靠别人不如靠自己，靠自己得来的才是最实在的。", "url": "", "profile_image_url": "https://tva2.sinaimg.cn/crop.0.0.438.438.50/005Fd9FXjw8f7bu8viombj30c60c63yp.jpg?KID=imgbed,tva&Expires=1673958492&ssig=flpSPDM%2FQb", "light_ring": false, "cover_image_phone": "https://ww2.sinaimg.cn/crop.0.0.640.640.640/68f96449jw1ergqx79rw4j20hs0hswh0.jpg", "profile_url": "u/5189629397", "domain": "", "weihao": "", "gender": "m", "followers_count": 136, "followers_count_str": "136", "friends_count": 86, "pagefriends_count": 38, "statuses_count": 466, "video_status_count": 1, "video_play_count": 0, "super_topic_not_syn_count": 0, "favourites_count": 628, "created_at": "Mon Jun 23 06:32:59 +0800 2014", "following": false, "allow_all_act_msg": false, "geo_enabled": false, "verified": false, "verified_type": -1, "remark": "", "insecurity": {"sexual_content": false}, "ptype": 0, "allow_all_comment": false, "avatar_large": "https://tva2.sinaimg.cn/crop.0.0.438.438.180/005Fd9FXjw8f7bu8viombj30c60c63yp.jpg?KID=imgbed,tva&Expires=1673958492&ssig=1PhA9SnmZN", "avatar_hd": "https://tva2.sinaimg.cn/crop.0.0.438.438.1024/005Fd9FXjw8f7bu8viombj30c60c63yp.jpg?KID=imgbed,tva&Expires=1673958492&ssig=%2BKDLQTYmqG", "verified_reason": "", "verified_trade": "", "verified_reason_url": "", "verified_source": "", "verified_source_url": "", "follow_me": false, "like": false, "like_me": false, "online_status": 0, "bi_followers_count": 1, "lang": "zh-cn", "star": 0, "mbtype": 2, "mbrank": 1, "svip": 0, "mb_expire_time": 1602863999, "block_word": 0, "block_app": 0, "chaohua_ability": 0, "brand_ability": 0, "nft_ability": 0, "vplus_ability": 0, "wenda_ability": 0, "live_ability": 0, "gongyi_ability": 0, "paycolumn_ability": 0, "newbrand_ability": 0, "ecommerce_ability": 0, "hardfan_ability": 0, "wbcolumn_ability": 0, "credit_score": 80, "user_ability": 2360320, "cardid": "star_396", "avatargj_id": "gj_vip_124", "urank": 14, "story_read_state": -1, "vclub_member": 0, "is_teenager": 0, "is_guardian": 0, "is_teenager_list": 0, "pc_new": 0, "special_follow": false, "planet_video": 2, "video_mark": 2, "live_status": 0, "user_ability_extend": 0, "status_total_counter": {"total_cnt": 294, "repost_cnt": 13, "comment_cnt": 23, "like_cnt": 258, "comment_like_cnt": 0}, "video_total_counter": {"play_cnt": 243}, "brand_account": 0, "hongbaofei": 0, "tab_manage": "[16910980, 0]", "reward_status": 0, "green_mode": 0, "urisk": 0, "avatar_type": 0}, "mid": "4845960410180332", "idstr": "4845960410180332", "status": {"visible": {"type": 0, "list_id": 0}, "created_at": "Mon Dec 12 18:58:11 +0800 2022", "id": 4845927838253502, "idstr": "4845927838253502", "mid": "4845927838253502", "edit_count": 1, "can_edit": false, "edit_at": "Mon Dec 12 19:00:47 +0800 2022", "version": 1, "show_additional_indication": 0, "text": "【除特定场所外，#上海不再扫场所码#】据@上海发布 ，除养老机构、儿童福利机构、医疗机构、学校（含托幼机构）等特殊场所外，本市其余场所不再要求查验“随申码”等健康码，不再要求扫“场所码”（含“数字哨兵”）。上述措施自2022 年 12 月13日零时起实施。 ​​​#上海一般场所不再查健康码# ​", "textLength": 274, "source_allowclick": 0, "source_type": 1, "source": "<a href=\"http://app.weibo.com/t/feed/xEsRX\" rel=\"nofollow\">新版微博 weibo.com</a>", "favorited": false, "truncated": false, "in_reply_to_status_id": "", "in_reply_to_user_id": "", "in_reply_to_screen_name": "", "pic_urls": [{"thumbnail_pic": "http://wx3.sinaimg.cn/thumbnail/0033ImPzly1h9187gnkpxj615c14mwxk02.jpg"}], "thumbnail_pic": "http://wx3.sinaimg.cn/thumbnail/0033ImPzly1h9187gnkpxj615c14mwxk02.jpg", "bmiddle_pic": "http://wx3.sinaimg.cn/bmiddle/0033ImPzly1h9187gnkpxj615c14mwxk02.jpg", "original_pic": "http://wx3.sinaimg.cn/large/0033ImPzly1h9187gnkpxj615c14mwxk02.jpg", "geo": null, "is_paid": false, "mblog_vip_type": 0, "user": {"id": 2803301701, "idstr": "2803301701", "class": 1, "screen_name": "人民日报", "name": "人民日报", "province": "11", "city": "1000", "location": "北京", "description": "人民日报法人微博。参与、沟通、记录时代。", "url": "", "profile_image_url": "https://tvax4.sinaimg.cn/crop.0.0.1018.1018.50/0033ImPzly8h8vgemh8kxj60sa0sadgw02.jpg?KID=imgbed,tva&Expires=1673958492&ssig=p2%2Bdc%2BJJVg", "light_ring": false, "cover_image": "https://wx4.sinaimg.cn/crop.0.0.920.300/0033ImPzly1gs66yzvybrj60pk08cgya02.jpg", "cover_image_phone": "https://wx1.sinaimg.cn/crop.0.0.640.640.640/0033ImPzly1gs64jwa7uyj60v90v9n1r02.jpg", "profile_url": "rmrb", "domain": "rmrb", "weihao": "", "gender": "m", "followers_count": 150811752, "followers_count_str": "1.51亿", "friends_count": 3063, "pagefriends_count": 2678, "statuses_count": 153106, "video_status_count": 9834, "video_play_count": 0, "super_topic_not_syn_count": 1, "favourites_count": 1031, "created_at": "Sun Jul 22 02:28:35 +0800 2012", "following": false, "allow_all_act_msg": false, "geo_enabled": false, "verified": true, "verified_type": 3, "remark": "", "insecurity": {"sexual_content": false}, "ptype": 0, "allow_all_comment": false, "avatar_large": "https://tvax4.sinaimg.cn/crop.0.0.1018.1018.180/0033ImPzly8h8vgemh8kxj60sa0sadgw02.jpg?KID=imgbed,tva&Expires=1673958492&ssig=50u5tcbYQE", "avatar_hd": "https://tvax4.sinaimg.cn/crop.0.0.1018.1018.1024/0033ImPzly8h8vgemh8kxj60sa0sadgw02.jpg?KID=imgbed,tva&Expires=1673958492&ssig=pZXSX%2BBk8y", "verified_reason": "《人民日报》法人微博", "verified_trade": "", "verified_reason_url": "", "verified_source": "", "verified_source_url": "", "verified_state": 2, "verified_level": 3, "verified_type_ext": 0, "has_service_tel": false, "verified_reason_modified": "辽宁科技大学官方微博，教育官微联盟成员", "verified_contact_name": "", "verified_contact_email": "", "verified_contact_mobile": "", "follow_me": false, "like": false, "like_me": false, "online_status": 0, "bi_followers_count": 363, "lang": "zh-cn", "star": 0, "mbtype": 12, "mbrank": 7, "svip": 0, "mb_expire_time": 1884182400, "block_word": 0, "block_app": 1, "chaohua_ability": 0, "brand_ability": 0, "nft_ability": 0, "vplus_ability": 0, "wenda_ability": 0, "live_ability": 1, "gongyi_ability": 0, "paycolumn_ability": 0, "newbrand_ability": 0, "ecommerce_ability": 0, "hardfan_ability": 1, "wbcolumn_ability": 0, "credit_score": 80, "user_ability": -2135620852, "urank": 48, "story_read_state": -1, "vclub_member": 0, "is_teenager": 0, "is_guardian": 0, "is_teenager_list": 1, "pc_new": 7, "special_follow": false, "planet_video": 2, "video_mark": 15, "live_status": 0, "user_ability_extend": 1, "status_total_counter": {"total_cnt": 3365587741, "repost_cnt": 947583715, "comment_cnt": 234290761, "like_cnt": 1124789279, "comment_like_cnt": 1058923986}, "video_total_counter": {"play_cnt": 37826914453}, "brand_account": 0, "hongbaofei": 0, "tab_manage": "[283691264248460, 0]", "reward_status": 0, "green_mode": 0, "urisk": 0, "avatar_type": 0}, "annotations": [{"photo_sub_type": "0"}, {}, {"mapi_request": true}], "picStatus": "0:1", "reposts_count": 0, "comments_count": 0, "reprint_cmt_count": 0, "attitudes_count": 0, "pending_approval_count": 0, "isLongText": false, "reward_exhibition_type": 0, "hide_flag": 0, "mlevel": 0, "show_mlevel": 0, "biz_feature": 4294967300, "page_type": 64, "hasActionTypeCard": 0, "darwin_tags": [], "hot_weibo_tags": [], "text_tag_tips": [], "mblogtype": 0, "userType": 0, "more_info_type": 0, "positive_recom_flag": 0, "content_auth": 0, "gif_ids": "", "is_show_bulletin": 2, "comment_manage_info": {"comment_permission_type": -1, "approval_comment_type": 0, "comment_sort_type": 0, "ai_play_picture_type": 0}, "pic_num": 1, "can_reprint": false, "new_comment_style": 0}, "reply_comment": {"created_at": "Mon Dec 12 20:55:28 +0800 2022", "id": 4845957348337826, "rootid": 4845935086012288, "rootidstr": "4845935086012288", "floor_number": 0, "text": "回复 @哈哈hahh:如果您确实不知道手上的感冒药怎么服用，建议一来可以仔细阅读说明书，二来可以看专业医生的科普，相关文字or视频在各大平台上都有。祝您健康[鲜花]", "disable_reply": 0, "restrictOperate": 0, "comment_badge": [{"pic_url": "https://h5.sinaimg.cn/upload/114/962/2022/07/08/member_0_bigfan1_2.png", "name": "loyal_fans", "length": 1.33, "actionlog": {"act_code": "3671", "ext": "status:fans"}, "scheme": "https://kefu.weibo.com/faqdetail?id=20848", "new_icon": true}], "user": {"id": 2048363693, "idstr": "2048363693", "class": 1, "screen_name": "贰叁柒拾壹", "name": "贰叁柒拾壹", "province": "31", "city": "1", "location": "上海 黄浦区", "description": "", "url": "", "profile_image_url": "https://tva3.sinaimg.cn/crop.160.60.480.480.50/7a178cadgw1f8akd02q4lj20m80gon46.jpg?KID=imgbed,tva&Expires=1673958492&ssig=KJ16txTAEX", "light_ring": false, "cover_image_phone": "https://ww1.sinaimg.cn/crop.0.0.640.640.640/549d0121tw1egm1kjly3jj20hs0hsq4f.jpg", "profile_url": "u/2048363693", "domain": "", "weihao": "", "gender": "f", "followers_count": 21, "followers_count_str": "21", "friends_count": 434, "pagefriends_count": 6, "statuses_count": 22, "video_status_count": 0, "video_play_count": 0, "super_topic_not_syn_count": 0, "favourites_count": 2428, "created_at": "Sun Mar 27 14:25:50 +0800 2011", "following": false, "allow_all_act_msg": false, "geo_enabled": false, "verified": false, "verified_type": -1, "remark": "", "insecurity": {"sexual_content": false}, "ptype": 0, "allow_all_comment": false, "avatar_large": "https://tva3.sinaimg.cn/crop.160.60.480.480.180/7a178cadgw1f8akd02q4lj20m80gon46.jpg?KID=imgbed,tva&Expires=1673958492&ssig=cfSkTztY%2B9", "avatar_hd": "https://tva3.sinaimg.cn/crop.160.60.480.480.1024/7a178cadgw1f8akd02q4lj20m80gon46.jpg?KID=imgbed,tva&Expires=1673958492&ssig=VuNr3jXGHV", "verified_reason": "", "verified_trade": "", "verified_reason_url": "", "verified_source": "", "verified_source_url": "", "follow_me": false, "like": false, "like_me": false, "online_status": 0, "bi_followers_count": 6, "lang": "zh-cn", "star": 0, "mbtype": 0, "mbrank": 0, "svip": 0, "mb_expire_time": 0, "block_word": 0, "block_app": 0, "chaohua_ability": 0, "brand_ability": 0, "nft_ability": 0, "vplus_ability": 0, "wenda_ability": 0, "live_ability": 0, "gongyi_ability": 0, "paycolumn_ability": 0, "newbrand_ability": 0, "ecommerce_ability": 0, "hardfan_ability": 0, "wbcolumn_ability": 0, "credit_score": 80, "user_ability": 2097152, "urank": 18, "story_read_state": -1, "vclub_member": 0, "is_teenager": 0, "is_guardian": 0, "is_teenager_list": 0, "pc_new": 0, "special_follow": false, "planet_video": 0, "video_mark": 0, "live_status": 0, "user_ability_extend": 0, "status_total_counter": {"total_cnt": 12, "repost_cnt": 0, "comment_cnt": 3, "like_cnt": 9, "comment_like_cnt": 0}, "video_total_counter": {"play_cnt": -1}, "brand_account": 0, "hongbaofei": 0, "tab_manage": "[0, 0]", "reward_status": 0, "green_mode": 0, "urisk": 0, "avatar_type": 0}, "mid": "4845957348337826", "idstr": "4845957348337826", "match_ai_play_picture": false}, "reply_original_text": "感觉如果真有问题还是去医院挂个号问问医生比较好，毕竟咱啥也不懂[二哈]", "readtimetype": "comment", "match_ai_play_picture": false}