{"created_at": "Mon Dec 12 19:32:08 +0800 2022", "id": 4845936381002781, "rootid": 4845928119275432, "rootidstr": "4845928119275432", "floor_number": 0, "text": "回复@Shrek-VivaLaVida:保留最后的体面，但不多、也不久。", "disable_reply": 0, "restrictOperate": 0, "source_allowclick": 0, "source_type": 4, "source": "<a href=\"\" rel=\"nofollow\">来自上海</a>", "comment_badge": [{"pic_url": "https://h5.sinaimg.cn/upload/114/962/2022/07/08/member_0_bigfan1_3.png", "name": "loyal_fans", "length": 1.33, "actionlog": {"act_code": "3671", "ext": "status:fans"}, "scheme": "https://kefu.weibo.com/faqdetail?id=20848", "new_icon": true}], "user": {"id": 3130287953, "idstr": "3130287953", "class": 1, "screen_name": "韩小璃驾到", "name": "韩小璃驾到", "province": "31", "city": "1", "location": "上海 黄浦区", "description": "闲逛闲逛", "url": "", "profile_image_url": "https://tvax1.sinaimg.cn/crop.0.0.640.640.50/ba946751ly8g8n1k426fkj20hs0hsdij.jpg?KID=imgbed,tva&Expires=1673958567&ssig=yTYycq3UDl", "light_ring": false, "cover_image_phone": "https://ww1.sinaimg.cn/crop.0.0.640.640.640/9d44112bjw1f1xl1c10tuj20hs0hs0tw.jpg", "profile_url": "u/3130287953", "domain": "", "weihao": "", "gender": "f", "followers_count": 189, "followers_count_str": "189", "friends_count": 414, "pagefriends_count": 16, "statuses_count": 1817, "video_status_count": 3, "video_play_count": 0, "super_topic_not_syn_count": 0, "favourites_count": 192, "created_at": "Mon Nov 19 19:25:27 +0800 2012", "following": false, "allow_all_act_msg": false, "geo_enabled": true, "verified": false, "verified_type": -1, "remark": "", "insecurity": {"sexual_content": false}, "ptype": 0, "allow_all_comment": true, "avatar_large": "https://tvax1.sinaimg.cn/crop.0.0.640.640.180/ba946751ly8g8n1k426fkj20hs0hsdij.jpg?KID=imgbed,tva&Expires=1673958567&ssig=f9Vo%2F3fPmu", "avatar_hd": "https://tvax1.sinaimg.cn/crop.0.0.640.640.1024/ba946751ly8g8n1k426fkj20hs0hsdij.jpg?KID=imgbed,tva&Expires=1673958567&ssig=7qs%2BSCT6nX", "verified_reason": "", "verified_trade": "", "verified_reason_url": "", "verified_source": "", "verified_source_url": "", "follow_me": false, "like": false, "like_me": false, "online_status": 0, "bi_followers_count": 12, "lang": "zh-cn", "star": 0, "mbtype": 2, "mbrank": 6, "svip": 0, "mb_expire_time": 1615219199, "block_word": 0, "block_app": 0, "chaohua_ability": 0, "brand_ability": 0, "nft_ability": 0, "vplus_ability": 0, "wenda_ability": 0, "live_ability": 0, "gongyi_ability": 0, "paycolumn_ability": 0, "newbrand_ability": 0, "ecommerce_ability": 0, "hardfan_ability": 0, "wbcolumn_ability": 0, "credit_score": 80, "user_ability": 3407904, "cardid": "star_004", "avatargj_id": "gj_vip_011", "urank": 9, "story_read_state": -1, "vclub_member": 0, "is_teenager": 0, "is_guardian": 0, "is_teenager_list": 0, "pc_new": 0, "special_follow": false, "planet_video": 1, "video_mark": 2, "live_status": 0, "user_ability_extend": 0, "status_total_counter": {"total_cnt": 1579, "repost_cnt": 88, "comment_cnt": 817, "like_cnt": 598, "comment_like_cnt": 76}, "video_total_counter": {"play_cnt": -1}, "brand_account": 0, "hongbaofei": 0, "tab_manage": "[0, 0]", "reward_status": 0, "green_mode": 0, "urisk": 566935683072, "avatar_type": 0}, "mid": "4845936381002781", "idstr": "4845936381002781", "status": {"visible": {"type": 0, "list_id": 0}, "created_at": "Mon Dec 12 18:58:11 +0800 2022", "id": 4845927838253502, "idstr": "4845927838253502", "mid": "4845927838253502", "edit_count": 1, "can_edit": false, "edit_at": "Mon Dec 12 19:00:47 +0800 2022", "version": 1, "show_additional_indication": 0, "text": "【除特定场所外，#上海不再扫场所码#】据@上海发布 ，除养老机构、儿童福利机构、医疗机构、学校（含托幼机构）等特殊场所外，本市其余场所不再要求查验“随申码”等健康码，不再要求扫“场所码”（含“数字哨兵”）。上述措施自2022 年 12 月13日零时起实施。 ​​​#上海一般场所不再查健康码# ​", "textLength": 274, "source_allowclick": 0, "source_type": 1, "source": "<a href=\"http://app.weibo.com/t/feed/xEsRX\" rel=\"nofollow\">新版微博 weibo.com</a>", "favorited": false, "truncated": false, "in_reply_to_status_id": "", "in_reply_to_user_id": "", "in_reply_to_screen_name": "", "pic_urls": [{"thumbnail_pic": "http://wx3.sinaimg.cn/thumbnail/0033ImPzly1h9187gnkpxj615c14mwxk02.jpg"}], "thumbnail_pic": "http://wx3.sinaimg.cn/thumbnail/0033ImPzly1h9187gnkpxj615c14mwxk02.jpg", "bmiddle_pic": "http://wx3.sinaimg.cn/bmiddle/0033ImPzly1h9187gnkpxj615c14mwxk02.jpg", "original_pic": "http://wx3.sinaimg.cn/large/0033ImPzly1h9187gnkpxj615c14mwxk02.jpg", "geo": null, "is_paid": false, "mblog_vip_type": 0, "user": {"id": 2803301701, "idstr": "2803301701", "class": 1, "screen_name": "人民日报", "name": "人民日报", "province": "11", "city": "1000", "location": "北京", "description": "人民日报法人微博。参与、沟通、记录时代。", "url": "", "profile_image_url": "https://tvax4.sinaimg.cn/crop.0.0.1018.1018.50/0033ImPzly8h8vgemh8kxj60sa0sadgw02.jpg?KID=imgbed,tva&Expires=1673958567&ssig=%2FHgj4vnUFr", "light_ring": false, "cover_image": "https://wx4.sinaimg.cn/crop.0.0.920.300/0033ImPzly1gs66yzvybrj60pk08cgya02.jpg", "cover_image_phone": "https://wx1.sinaimg.cn/crop.0.0.640.640.640/0033ImPzly1gs64jwa7uyj60v90v9n1r02.jpg", "profile_url": "rmrb", "domain": "rmrb", "weihao": "", "gender": "m", "followers_count": 150811752, "followers_count_str": "1.51亿", "friends_count": 3063, "pagefriends_count": 2678, "statuses_count": 153106, "video_status_count": 9834, "video_play_count": 0, "super_topic_not_syn_count": 1, "favourites_count": 1031, "created_at": "Sun Jul 22 02:28:35 +0800 2012", "following": false, "allow_all_act_msg": false, "geo_enabled": false, "verified": true, "verified_type": 3, "remark": "", "insecurity": {"sexual_content": false}, "ptype": 0, "allow_all_comment": false, "avatar_large": "https://tvax4.sinaimg.cn/crop.0.0.1018.1018.180/0033ImPzly8h8vgemh8kxj60sa0sadgw02.jpg?KID=imgbed,tva&Expires=1673958567&ssig=trFN6Zz4jA", "avatar_hd": "https://tvax4.sinaimg.cn/crop.0.0.1018.1018.1024/0033ImPzly8h8vgemh8kxj60sa0sadgw02.jpg?KID=imgbed,tva&Expires=1673958567&ssig=H6T1C7H%2Fah", "verified_reason": "《人民日报》法人微博", "verified_trade": "", "verified_reason_url": "", "verified_source": "", "verified_source_url": "", "verified_state": 2, "verified_level": 3, "verified_type_ext": 0, "has_service_tel": false, "verified_reason_modified": "辽宁科技大学官方微博，教育官微联盟成员", "verified_contact_name": "", "verified_contact_email": "", "verified_contact_mobile": "", "follow_me": false, "like": false, "like_me": false, "online_status": 0, "bi_followers_count": 363, "lang": "zh-cn", "star": 0, "mbtype": 12, "mbrank": 7, "svip": 0, "mb_expire_time": 1884182400, "block_word": 0, "block_app": 1, "chaohua_ability": 0, "brand_ability": 0, "nft_ability": 0, "vplus_ability": 0, "wenda_ability": 0, "live_ability": 1, "gongyi_ability": 0, "paycolumn_ability": 0, "newbrand_ability": 0, "ecommerce_ability": 0, "hardfan_ability": 1, "wbcolumn_ability": 0, "credit_score": 80, "user_ability": -2135620852, "urank": 48, "story_read_state": -1, "vclub_member": 0, "is_teenager": 0, "is_guardian": 0, "is_teenager_list": 1, "pc_new": 7, "special_follow": false, "planet_video": 2, "video_mark": 15, "live_status": 0, "user_ability_extend": 1, "status_total_counter": {"total_cnt": 3365587741, "repost_cnt": 947583715, "comment_cnt": 234290761, "like_cnt": 1124789279, "comment_like_cnt": 1058923986}, "video_total_counter": {"play_cnt": 37826914453}, "brand_account": 0, "hongbaofei": 0, "tab_manage": "[283691264248460, 0]", "reward_status": 0, "green_mode": 0, "urisk": 0, "avatar_type": 0}, "annotations": [{"photo_sub_type": "0"}, {}, {"mapi_request": true}], "picStatus": "0:1", "reposts_count": 0, "comments_count": 0, "reprint_cmt_count": 0, "attitudes_count": 0, "pending_approval_count": 0, "isLongText": false, "reward_exhibition_type": 0, "hide_flag": 0, "mlevel": 0, "show_mlevel": 0, "biz_feature": 4294967300, "page_type": 64, "hasActionTypeCard": 0, "darwin_tags": [], "hot_weibo_tags": [], "text_tag_tips": [], "mblogtype": 0, "userType": 0, "more_info_type": 0, "positive_recom_flag": 0, "content_auth": 0, "gif_ids": "", "is_show_bulletin": 2, "comment_manage_info": {"comment_permission_type": -1, "approval_comment_type": 0, "comment_sort_type": 0, "ai_play_picture_type": 0}, "pic_num": 1, "can_reprint": false, "new_comment_style": 0}, "reply_comment": {"created_at": "Mon Dec 12 18:59:19 +0800 2022", "id": 4845928119275432, "rootid": 4845928119275432, "rootidstr": "4845928119275432", "floor_number": 14, "text": "学校不放开的话， 是真的矛盾  。社会早就全是了，要求孩子们有什么意义", "disable_reply": 0, "restrictOperate": 0, "user": {"id": 2578963400, "idstr": "2578963400", "class": 1, "screen_name": "Shrek-VivaLaVida", "name": "Shrek-VivaLaVida", "province": "22", "city": "1", "location": "吉林 长春", "description": "我爬过沙漠去看青海，金色的油菜花儿正开~", "url": "", "profile_image_url": "https://tva2.sinaimg.cn/crop.288.16.878.878.50/99b7dbc8gw1ef78mr7gacj21400p0nhk.jpg?KID=imgbed,tva&Expires=1673958567&ssig=C2FIM8N8QP", "light_ring": false, "cover_image": "https://ww4.sinaimg.cn/crop.0.341.980.245/99b7dbc8gw1dwq9mmedfrj.jpg", "cover_image_phone": "https://ww2.sinaimg.cn/crop.0.0.640.640.640/a1d3feabjw1ecasunmkncj20hs0hsq4j.jpg", "profile_url": "shrk2046", "domain": "shrk2046", "weihao": "", "gender": "m", "followers_count": 395, "followers_count_str": "395", "friends_count": 425, "pagefriends_count": 5, "statuses_count": 1429, "video_status_count": 3, "video_play_count": 0, "super_topic_not_syn_count": 0, "favourites_count": 22, "created_at": "Fri Dec 02 08:34:13 +0800 2011", "following": false, "allow_all_act_msg": false, "geo_enabled": true, "verified": false, "verified_type": 220, "remark": "", "insecurity": {"sexual_content": false}, "ptype": 0, "allow_all_comment": true, "avatar_large": "https://tva2.sinaimg.cn/crop.288.16.878.878.180/99b7dbc8gw1ef78mr7gacj21400p0nhk.jpg?KID=imgbed,tva&Expires=1673958567&ssig=a9XMDQ8F51", "avatar_hd": "https://tva2.sinaimg.cn/crop.288.16.878.878.1024/99b7dbc8gw1ef78mr7gacj21400p0nhk.jpg?KID=imgbed,tva&Expires=1673958567&ssig=%2BjeH%2BcnA0e", "verified_reason": "", "verified_trade": "", "verified_reason_url": "", "verified_source": "", "verified_source_url": "", "follow_me": false, "like": false, "like_me": false, "online_status": 0, "bi_followers_count": 66, "lang": "zh-cn", "star": 0, "mbtype": 0, "mbrank": 0, "svip": 0, "mb_expire_time": 0, "block_word": 0, "block_app": 0, "credit_score": 80, "user_ability": 45350912, "urank": 31, "story_read_state": -1, "vclub_member": 0, "is_teenager": 0, "is_guardian": 0, "is_teenager_list": 0, "pc_new": 0, "special_follow": false, "planet_video": 0, "video_mark": 0, "live_status": 0, "user_ability_extend": 0, "video_cover": {"mid": 4782409918710586}, "status_total_counter": {"total_cnt": 1110, "repost_cnt": 114, "comment_cnt": 880, "like_cnt": 116, "comment_like_cnt": 0}, "video_total_counter": {"play_cnt": 1905}, "brand_account": 0, "hongbaofei": 0, "tab_manage": "[0, 0]", "green_mode": 0, "urisk": 17179869184, "block": 0, "block_me": 0, "avatar_type": 0}, "mid": "4845928119275432", "idstr": "4845928119275432", "match_ai_play_picture": false}, "reply_original_text": "保留最后的体面，但不多、也不久。", "readtimetype": "comment", "match_ai_play_picture": false}