{"created_at": "Mon Dec 12 20:52:09 +0800 2022", "id": 4845956514451602, "rootid": 4845956514451602, "rootidstr": "4845956514451602", "floor_number": 155, "text": "你好你坏 我们都在", "disable_reply": 0, "restrictOperate": 0, "source_allowclick": 0, "source_type": 4, "source": "<a href=\"\" rel=\"nofollow\">来自福建</a>", "user": {"id": 3886031286, "idstr": "3886031286", "class": 1, "screen_name": "也许真的寒", "name": "也许真的寒", "province": "32", "city": "6", "location": "江苏 南通", "description": "低调 谦逊 自律", "url": "", "profile_image_url": "https://tvax1.sinaimg.cn/crop.0.0.1080.1080.50/e7a021b6ly8h91kfeddflj20u00u0mza.jpg?KID=imgbed,tva&Expires=1671276381&ssig=UzP1W9VjlA", "light_ring": false, "profile_url": "u/3886031286", "domain": "", "weihao": "", "gender": "m", "followers_count": 1, "followers_count_str": "1", "friends_count": 9, "pagefriends_count": 2, "statuses_count": 1, "video_status_count": 0, "video_play_count": 0, "super_topic_not_syn_count": 0, "favourites_count": 0, "created_at": "Thu Nov 07 17:22:58 +0800 2013", "following": false, "allow_all_act_msg": false, "geo_enabled": true, "verified": false, "verified_type": -1, "remark": "", "insecurity": {"sexual_content": false}, "ptype": 0, "allow_all_comment": true, "avatar_large": "https://tvax1.sinaimg.cn/crop.0.0.1080.1080.180/e7a021b6ly8h91kfeddflj20u00u0mza.jpg?KID=imgbed,tva&Expires=1671276381&ssig=ECkkNedD3v", "avatar_hd": "https://tvax1.sinaimg.cn/crop.0.0.1080.1080.1024/e7a021b6ly8h91kfeddflj20u00u0mza.jpg?KID=imgbed,tva&Expires=1671276381&ssig=JSrIybMkx1", "verified_reason": "", "verified_trade": "", "verified_reason_url": "", "verified_source": "", "verified_source_url": "", "follow_me": false, "like": false, "like_me": false, "online_status": 0, "bi_followers_count": 1, "lang": "zh-cn", "star": 0, "mbtype": 0, "mbrank": 0, "svip": 0, "mb_expire_time": 0, "block_word": 0, "block_app": 0, "chaohua_ability": 0, "brand_ability": 0, "nft_ability": 0, "vplus_ability": 0, "wenda_ability": 0, "live_ability": 0, "gongyi_ability": 0, "paycolumn_ability": 0, "newbrand_ability": 0, "ecommerce_ability": 0, "hardfan_ability": 0, "credit_score": 80, "user_ability": 2097152, "urank": 0, "story_read_state": -1, "vclub_member": 0, "is_teenager": 0, "is_guardian": 0, "is_teenager_list": 0, "pc_new": 7, "special_follow": false, "planet_video": 0, "video_mark": 0, "live_status": 0, "user_ability_extend": 0, "status_total_counter": {"total_cnt": 0, "repost_cnt": 0, "comment_cnt": 0, "like_cnt": 0, "comment_like_cnt": 0}, "video_total_counter": {"play_cnt": -1}, "brand_account": 0, "hongbaofei": 0, "tab_manage": "[0, 0]", "reward_status": 0, "green_mode": 0, "urisk": 262144, "avatar_type": 0}, "mid": "4845956514451602", "idstr": "4845956514451602", "status": {"visible": {"type": 0, "list_id": 0}, "created_at": "Mon Dec 12 20:49:46 +0800 2022", "id": 4845955914931505, "idstr": "4845955914931505", "mid": "4845955914931505", "can_edit": false, "version": 2, "show_additional_indication": 0, "text": "Up官宣：#Ning重回赛场#\n\nUP.Ning 正式连接，欢迎宁王重回赛场！\n期待2023新赛季！[赢牛奶][赢牛奶]\n\n #2022lol冬季转会期# ​", "textLength": 115, "source_allowclick": 0, "source_type": 1, "source": "<a href=\"http://app.weibo.com/t/feed/5hFtym\" rel=\"nofollow\">iPhone 12 Pro Max</a>", "favorited": false, "truncated": false, "in_reply_to_status_id": "", "in_reply_to_user_id": "", "in_reply_to_screen_name": "", "pic_urls": [{"thumbnail_pic": "http://wx2.sinaimg.cn/thumbnail/005A1W61ly1h91bgmac3ej31mc31se81.jpg"}, {"thumbnail_pic": "http://wx2.sinaimg.cn/thumbnail/005A1W61ly1h91bgls72tj30u00voael.jpg"}], "thumbnail_pic": "http://wx2.sinaimg.cn/thumbnail/005A1W61ly1h91bgmac3ej31mc31se81.jpg", "bmiddle_pic": "http://wx2.sinaimg.cn/bmiddle/005A1W61ly1h91bgmac3ej31mc31se81.jpg", "original_pic": "http://wx2.sinaimg.cn/large/005A1W61ly1h91bgmac3ej31mc31se81.jpg", "geo": null, "is_paid": false, "mblog_vip_type": 0, "user": {"id": 5113073909, "idstr": "5113073909", "class": 1, "screen_name": "电竞萌妹萝北北", "name": "电竞萌妹萝北北", "province": "12", "city": "8", "location": "天津 汉沽区", "description": "合作加 V X：a18640903016", "url": "", "profile_image_url": "https://tvax4.sinaimg.cn/crop.0.0.844.844.50/005A1W61ly8fucrh61vq5j30ng0ngjta.jpg?KID=imgbed,tva&Expires=1671276381&ssig=VAtUnywiCB", "light_ring": false, "cover_image": "https://wx4.sinaimg.cn/crop.0.0.920.300/005A1W61ly1fxdemjthyij30pk08cwkx.jpg", "cover_image_phone": "https://ww4.sinaimg.cn/crop.0.0.640.640.640/4be1438djw1eyfup552grj20hs0hsmzw.jpg", "profile_url": "u/5113073909", "domain": "", "weihao": "", "gender": "f", "followers_count": 1735120, "followers_count_str": "173.5万", "friends_count": 416, "pagefriends_count": 46, "statuses_count": 6650, "video_status_count": 2907, "video_play_count": 0, "super_topic_not_syn_count": 3, "favourites_count": 3, "created_at": "Wed Apr 16 23:20:44 +0800 2014", "following": false, "allow_all_act_msg": false, "geo_enabled": true, "verified": true, "verified_type": 0, "remark": "", "insecurity": {"sexual_content": false}, "ptype": 0, "allow_all_comment": true, "avatar_large": "https://tvax4.sinaimg.cn/crop.0.0.844.844.180/005A1W61ly8fucrh61vq5j30ng0ngjta.jpg?KID=imgbed,tva&Expires=1671276381&ssig=7wTqkOsyXd", "avatar_hd": "https://tvax4.sinaimg.cn/crop.0.0.844.844.1024/005A1W61ly8fucrh61vq5j30ng0ngjta.jpg?KID=imgbed,tva&Expires=1671276381&ssig=7SZ5BlnON6", "verified_reason": "游戏博主", "verified_trade": "", "verified_reason_url": "", "verified_source": "", "verified_source_url": "", "verified_state": 0, "verified_level": 3, "verified_type_ext": 1, "has_service_tel": false, "verified_reason_modified": "", "verified_contact_name": "", "verified_contact_email": "", "verified_contact_mobile": "", "follow_me": false, "like": false, "like_me": false, "online_status": 0, "bi_followers_count": 62, "lang": "zh-cn", "star": 0, "mbtype": 12, "mbrank": 7, "svip": 0, "mb_expire_time": 1725811200, "block_word": 0, "block_app": 1, "chaohua_ability": 0, "brand_ability": 0, "nft_ability": 0, "vplus_ability": 0, "wenda_ability": 0, "live_ability": 0, "gongyi_ability": 0, "paycolumn_ability": 0, "newbrand_ability": 0, "ecommerce_ability": 0, "hardfan_ability": 1, "credit_score": 80, "user_ability": 3408392, "cardid": "star_1060", "avatargj_id": "gj_vip_299", "urank": 28, "story_read_state": -1, "verified_detail": {"custom": 0, "data": [{"key": 2, "sub_key": 0, "weight": 101, "desc": "游戏博主"}]}, "vclub_member": 0, "is_teenager": 0, "is_guardian": 0, "is_teenager_list": 0, "pc_new": 7, "special_follow": false, "planet_video": 2, "video_mark": 15, "live_status": 0, "user_ability_extend": 0, "status_total_counter": {"total_cnt": 6707513, "repost_cnt": 841203, "comment_cnt": 1143760, "like_cnt": 4530846, "comment_like_cnt": 191704}, "video_total_counter": {"play_cnt": 167261303}, "brand_account": 0, "hongbaofei": 0, "tab_manage": "[0, 0]", "reward_status": 0, "green_mode": 0, "urisk": 0, "avatar_type": 0}, "annotations": [{"photo_sub_type": "0,0"}, {}, {"client_mblogid": "iPhone-4E5FF8F4-F818-4AC4-AAEB-5A5C58DCD880"}, {"mapi_request": true}], "picStatus": "0:1,1:1", "reposts_count": 0, "comments_count": 0, "reprint_cmt_count": 0, "attitudes_count": 0, "pending_approval_count": 0, "isLongText": false, "reward_exhibition_type": 0, "hide_flag": 0, "mlevel": 0, "show_mlevel": 0, "biz_feature": 4294967300, "page_type": 64, "hasActionTypeCard": 0, "darwin_tags": [], "hot_weibo_tags": [], "text_tag_tips": [], "mblogtype": 0, "userType": 0, "more_info_type": 0, "cardid": "star_1060", "number_display_strategy": {"apply_scenario_flag": 3, "display_text_min_number": 1000000, "display_text": "100万+"}, "positive_recom_flag": 0, "content_auth": 0, "gif_ids": "", "is_show_bulletin": 2, "comment_manage_info": {"comment_permission_type": -1, "approval_comment_type": 0, "comment_sort_type": 0, "ai_play_picture_type": 0}, "pic_num": 2, "can_reprint": false, "new_comment_style": 0}, "readtimetype": "comment", "match_ai_play_picture": false}