{"created_at": "Sun Jun 12 13:39:35 +0800 2022", "id": 4779530675293513, "rootid": 4778949714641424, "rootidstr": "4778949714641424", "floor_number": 0, "text": "回复@昵喃自在语:那你咋知道就听不懂呢", "disable_reply": 0, "restrictOperate": 0, "source_allowclick": 0, "source_type": 4, "source": "<a href=\"\" rel=\"nofollow\">来自重庆</a>", "user": {"id": 1629946150, "idstr": "1629946150", "class": 1, "screen_name": "无意笑谈", "name": "无意笑谈", "province": "23", "city": "1", "location": "黑龙江 哈尔滨", "description": "一个有志青年", "url": "", "profile_image_url": "https://tvax2.sinaimg.cn/crop.0.0.664.664.50/61270126ly8g3zp286jabj20ig0igjrr.jpg?KID=imgbed,tva&Expires=1674110729&ssig=dRipKIN5r9", "light_ring": false, "cover_image_phone": "https://ww1.sinaimg.cn/crop.0.0.640.640/549d0121tw1egm1kjly3jj20hs0hsq4f.jpg", "profile_url": "u/1629946150", "domain": "", "weihao": "", "gender": "m", "followers_count": 727, "followers_count_str": "727", "friends_count": 1527, "pagefriends_count": 19, "statuses_count": 6498, "video_status_count": 0, "video_play_count": 0, "super_topic_not_syn_count": 0, "favourites_count": 211, "created_at": "Sat Jul 10 07:57:24 +0800 2010", "following": false, "allow_all_act_msg": false, "geo_enabled": true, "verified": false, "verified_type": -1, "remark": "", "insecurity": {"sexual_content": false}, "ptype": 0, "allow_all_comment": false, "avatar_large": "https://tvax2.sinaimg.cn/crop.0.0.664.664.180/61270126ly8g3zp286jabj20ig0igjrr.jpg?KID=imgbed,tva&Expires=1674110729&ssig=U7iVoNSOlm", "avatar_hd": "https://tvax2.sinaimg.cn/crop.0.0.664.664.1024/61270126ly8g3zp286jabj20ig0igjrr.jpg?KID=imgbed,tva&Expires=1674110729&ssig=VxRkGDO9r7", "verified_reason": "", "verified_trade": "", "verified_reason_url": "", "verified_source": "", "verified_source_url": "", "follow_me": false, "like": false, "like_me": false, "online_status": 0, "bi_followers_count": 47, "lang": "zh-cn", "star": 0, "mbtype": 0, "mbrank": 0, "svip": 0, "mb_expire_time": 0, "block_word": 0, "block_app": 0, "chaohua_ability": 0, "brand_ability": 0, "nft_ability": 0, "vplus_ability": 0, "wenda_ability": 0, "live_ability": 0, "gongyi_ability": 0, "paycolumn_ability": 0, "newbrand_ability": 0, "ecommerce_ability": 0, "hardfan_ability": 0, "wbcolumn_ability": 0, "credit_score": 80, "user_ability": 36963328, "urank": 41, "story_read_state": -1, "vclub_member": 0, "is_teenager": 0, "is_guardian": 0, "is_teenager_list": 0, "pc_new": 0, "special_follow": false, "planet_video": 0, "video_mark": 0, "live_status": 0, "user_ability_extend": 0, "status_total_counter": {"total_cnt": 1401, "repost_cnt": 773, "comment_cnt": 149, "like_cnt": 479, "comment_like_cnt": 0}, "video_total_counter": {"play_cnt": 7}, "brand_account": 0, "hongbaofei": 0, "tab_manage": "[0, 0]", "reward_status": 0, "green_mode": 0, "urisk": 0, "unfollowing_recom_switch": 1, "avatar_type": 0}, "mid": "4779530675293513", "idstr": "4779530675293513", "status": {"visible": {"type": 0, "list_id": 0}, "created_at": "Fri Jun 10 18:58:06 +0800 2022", "id": 4778886057430945, "idstr": "4778886057430945", "mid": "4778886057430945", "edit_count": 1, "can_edit": false, "edit_at": "Sat Jun 11 10:07:32 +0800 2022", "version": 4, "show_additional_indication": 0, "text": "网友：烈士子女高考加20分，引起其他家长不满，女孩哭着说：我把20分给你们，你们能把爸爸还给我吗？[悲伤] ​", "textLength": 100, "source_allowclick": 1, "source_type": 2, "source": "<a href=\"http://weibo.com/\" rel=\"nofollow\">Android</a>", "favorited": false, "truncated": false, "in_reply_to_status_id": "", "in_reply_to_user_id": "", "in_reply_to_screen_name": "", "pic_urls": [{"thumbnail_pic": "http://wx1.sinaimg.cn/thumbnail/006lSpIhly1h342vo9gzwj30qy0up0x2.jpg"}], "thumbnail_pic": "http://wx1.sinaimg.cn/thumbnail/006lSpIhly1h342vo9gzwj30qy0up0x2.jpg", "bmiddle_pic": "http://wx1.sinaimg.cn/bmiddle/006lSpIhly1h342vo9gzwj30qy0up0x2.jpg", "original_pic": "http://wx1.sinaimg.cn/large/006lSpIhly1h342vo9gzwj30qy0up0x2.jpg", "geo": null, "is_paid": false, "mblog_vip_type": 0, "user": {"id": 5820068605, "idstr": "5820068605", "class": 1, "screen_name": "军事博主", "name": "军事博主", "province": "11", "city": "5", "location": "北京 朝阳区", "description": "《防务新观察》 军事论坛撰稿人", "url": "", "profile_image_url": "https://tvax3.sinaimg.cn/crop.0.0.828.828.50/006lSpIhly8glljznsvfuj30n00n076g.jpg?KID=imgbed,tva&Expires=1674110729&ssig=83Knczawbz", "light_ring": false, "cover_image_phone": "https://ww1.sinaimg.cn/crop.0.0.640.640.640/9d44112bjw1f1xl1c10tuj20hs0hs0tw.jpg", "profile_url": "u/5820068605", "domain": "", "weihao": "", "gender": "m", "followers_count": 1135849, "followers_count_str": "113.6万", "friends_count": 53, "pagefriends_count": 5, "statuses_count": 28259, "video_status_count": 13261, "video_play_count": 0, "super_topic_not_syn_count": 4, "favourites_count": 162, "created_at": "Sun Jan 03 23:30:08 +0800 2016", "following": false, "allow_all_act_msg": false, "geo_enabled": true, "verified": true, "verified_type": 0, "remark": "", "insecurity": {"sexual_content": false}, "ptype": 0, "allow_all_comment": true, "avatar_large": "https://tvax3.sinaimg.cn/crop.0.0.828.828.180/006lSpIhly8glljznsvfuj30n00n076g.jpg?KID=imgbed,tva&Expires=1674110729&ssig=Ed5WM0GeJu", "avatar_hd": "https://tvax3.sinaimg.cn/crop.0.0.828.828.1024/006lSpIhly8glljznsvfuj30n00n076g.jpg?KID=imgbed,tva&Expires=1674110729&ssig=ZGGXy%2F1EiV", "verified_reason": "知名军事博主", "verified_trade": "", "verified_reason_url": "", "verified_source": "", "verified_source_url": "", "verified_state": 0, "verified_level": 3, "verified_type_ext": 1, "has_service_tel": false, "verified_reason_modified": "", "verified_contact_name": "", "verified_contact_email": "", "verified_contact_mobile": "", "follow_me": false, "like": false, "like_me": false, "online_status": 0, "bi_followers_count": 41, "lang": "zh-cn", "star": 0, "mbtype": 12, "mbrank": 6, "svip": 0, "mb_expire_time": 1707235200, "block_word": 0, "block_app": 1, "chaohua_ability": 0, "brand_ability": 0, "nft_ability": 0, "vplus_ability": 0, "wenda_ability": 0, "live_ability": 0, "gongyi_ability": 0, "paycolumn_ability": 0, "newbrand_ability": 0, "ecommerce_ability": 0, "hardfan_ability": 1, "wbcolumn_ability": 0, "credit_score": 80, "user_ability": 3407880, "cardid": "star_1576", "avatargj_id": "gj_vip_375", "urank": 4, "story_read_state": -1, "verified_detail": {"custom": 0, "data": [{"key": 2, "weight": 101, "desc": "知名军事博主"}]}, "vclub_member": 0, "is_teenager": 0, "is_guardian": 0, "is_teenager_list": 0, "pc_new": 7, "special_follow": false, "planet_video": 2, "video_mark": 15, "live_status": 0, "user_ability_extend": 0, "video_cover": {"mid": 4640732981233330}, "status_total_counter": {"total_cnt": 8933862, "repost_cnt": 550183, "comment_cnt": 577261, "like_cnt": 6261340, "comment_like_cnt": 1545078}, "video_total_counter": {"play_cnt": 377171077}, "brand_account": 0, "hongbaofei": 0, "tab_manage": "[0, 0]", "reward_status": 0, "green_mode": 0, "urisk": 8589934592, "unfollowing_recom_switch": 1, "avatar_type": 0}, "annotations": [{"photo_sub_type": "0"}, {}, {"client_mblogid": "86075bf8-6b0a-4236-81a7-47bff725a550"}, {"mapi_request": true}], "reposts_count": 0, "comments_count": 0, "reprint_cmt_count": 0, "attitudes_count": 0, "pending_approval_count": 0, "isLongText": false, "reward_exhibition_type": 0, "hide_flag": 0, "mlevel": 128, "show_mlevel": 0, "biz_feature": 4294967300, "hasActionTypeCard": 0, "darwin_tags": [], "hot_weibo_tags": [], "text_tag_tips": [], "mblogtype": 0, "userType": 0, "mlevelSource": "monitor", "more_info_type": 0, "cardid": "star_063", "number_display_strategy": {"apply_scenario_flag": 3, "display_text_min_number": 1000000, "display_text": "100万+"}, "positive_recom_flag": 0, "content_auth": 0, "gif_ids": "", "is_show_bulletin": 2, "comment_manage_info": {"comment_permission_type": -1, "approval_comment_type": 0, "comment_sort_type": 0, "ai_play_picture_type": 0}, "pic_num": 1, "can_reprint": false, "new_comment_style": 0}, "reply_comment": {"created_at": "Sun Jun 12 13:31:02 +0800 2022", "id": 4779528524402398, "rootid": 4778949714641424, "rootidstr": "4778949714641424", "floor_number": 0, "text": "回复@书是误读:加两百分二本水平上清华孩子也听不懂啊", "disable_reply": 0, "restrictOperate": 0, "user": {"id": 2802372013, "idstr": "2802372013", "class": 1, "screen_name": "昵喃自在语", "name": "昵喃自在语", "province": "35", "city": "1000", "location": "福建", "description": "若无心头牵挂事,便是人间自在天。", "url": "", "profile_image_url": "https://tva4.sinaimg.cn/crop.0.1.1242.1242.50/a708cdadjw8etwgwk541zj20yi0ykt9w.jpg?KID=imgbed,tva&Expires=1674110729&ssig=kxhx8Y2uRj", "light_ring": false, "profile_url": "u/2802372013", "domain": "", "weihao": "", "gender": "f", "followers_count": 184, "followers_count_str": "184", "friends_count": 1027, "pagefriends_count": 208, "statuses_count": 1132, "video_status_count": 0, "video_play_count": 0, "super_topic_not_syn_count": 0, "favourites_count": 2, "created_at": "Tue Sep 18 08:25:09 +0800 2012", "following": false, "allow_all_act_msg": false, "geo_enabled": false, "verified": false, "verified_type": -1, "remark": "", "insecurity": {"sexual_content": false}, "ptype": 0, "allow_all_comment": false, "avatar_large": "https://tva4.sinaimg.cn/crop.0.1.1242.1242.180/a708cdadjw8etwgwk541zj20yi0ykt9w.jpg?KID=imgbed,tva&Expires=1674110729&ssig=sUTemqcqRb", "avatar_hd": "https://tva4.sinaimg.cn/crop.0.1.1242.1242.1024/a708cdadjw8etwgwk541zj20yi0ykt9w.jpg?KID=imgbed,tva&Expires=1674110729&ssig=9YVtExfSOi", "verified_reason": "", "verified_trade": "", "verified_reason_url": "", "verified_source": "", "verified_source_url": "", "follow_me": false, "like": false, "like_me": false, "online_status": 0, "bi_followers_count": 0, "lang": "zh-cn", "star": 0, "mbtype": 0, "mbrank": 0, "svip": 0, "mb_expire_time": 0, "block_word": 0, "block_app": 0, "chaohua_ability": 0, "brand_ability": 0, "nft_ability": 0, "vplus_ability": 0, "wenda_ability": 0, "live_ability": 0, "gongyi_ability": 0, "paycolumn_ability": 0, "newbrand_ability": 0, "ecommerce_ability": 0, "hardfan_ability": 0, "wbcolumn_ability": 0, "credit_score": 80, "user_ability": 2097152, "cardid": "star_699", "urank": 14, "story_read_state": -1, "vclub_member": 0, "is_teenager": 0, "is_guardian": 0, "is_teenager_list": 0, "pc_new": 0, "special_follow": false, "planet_video": 0, "video_mark": 0, "live_status": 0, "user_ability_extend": 0, "status_total_counter": {"total_cnt": 35, "repost_cnt": 5, "comment_cnt": 2, "like_cnt": 27, "comment_like_cnt": 1}, "video_total_counter": {"play_cnt": -1}, "brand_account": 0, "hongbaofei": 0, "tab_manage": "[0, 0]", "reward_status": 0, "green_mode": 0, "urisk": 17179869184, "unfollowing_recom_switch": 1, "avatar_type": 0}, "mid": "4779528524402398", "idstr": "4779528524402398", "match_ai_play_picture": false}, "reply_original_text": "那你咋知道就听不懂呢", "readtimetype": "comment", "match_ai_play_picture": false}