{"created_at": "Sat Jun 11 09:58:28 +0800 2022", "id": 4779112642647102, "rootid": 4778905946819457, "rootidstr": "4778905946819457", "floor_number": 0, "text": "说了一堆屁话[开学季]", "disable_reply": 0, "restrictOperate": 0, "source_allowclick": 0, "source_type": 4, "source": "<a href=\"\" rel=\"nofollow\">来自山东</a>", "user": {"id": 3612585432, "idstr": "3612585432", "class": 1, "screen_name": "小黑reveire", "name": "小黑reveire", "province": "37", "city": "2", "location": "山东 青岛", "description": "——〉新世界", "url": "", "profile_image_url": "https://tvax2.sinaimg.cn/crop.0.0.480.480.50/d753add8ly8fz2s2rs7i7j20dc0dcgoz.jpg?KID=imgbed,tva&Expires=1674110842&ssig=VB%2BYKSyQk%2F", "light_ring": false, "cover_image_phone": "https://ww1.sinaimg.cn/crop.0.0.640.640.640/549d0121tw1egm1kjly3jj20hs0hsq4f.jpg", "profile_url": "u/3612585432", "domain": "", "weihao": "", "gender": "m", "followers_count": 279, "followers_count_str": "279", "friends_count": 503, "pagefriends_count": 7, "statuses_count": 2229, "video_status_count": 6, "video_play_count": 0, "super_topic_not_syn_count": 0, "favourites_count": 2795, "created_at": "Sat Jul 27 20:03:34 +0800 2013", "following": false, "allow_all_act_msg": false, "geo_enabled": true, "verified": false, "verified_type": -1, "remark": "", "insecurity": {"sexual_content": false}, "ptype": 0, "allow_all_comment": true, "avatar_large": "https://tvax2.sinaimg.cn/crop.0.0.480.480.180/d753add8ly8fz2s2rs7i7j20dc0dcgoz.jpg?KID=imgbed,tva&Expires=1674110842&ssig=X6cpsll98t", "avatar_hd": "https://tvax2.sinaimg.cn/crop.0.0.480.480.1024/d753add8ly8fz2s2rs7i7j20dc0dcgoz.jpg?KID=imgbed,tva&Expires=1674110842&ssig=t7FpG00Kzf", "verified_reason": "", "verified_trade": "", "verified_reason_url": "", "verified_source": "", "verified_source_url": "", "follow_me": false, "like": false, "like_me": false, "online_status": 0, "bi_followers_count": 39, "lang": "zh-cn", "star": 0, "mbtype": 2, "mbrank": 2, "svip": 0, "mb_expire_time": 1530028799, "block_word": 0, "block_app": 0, "chaohua_ability": 0, "brand_ability": 0, "nft_ability": 0, "vplus_ability": 0, "wenda_ability": 0, "live_ability": 0, "gongyi_ability": 0, "paycolumn_ability": 0, "newbrand_ability": 0, "ecommerce_ability": 0, "hardfan_ability": 0, "wbcolumn_ability": 0, "credit_score": 80, "user_ability": 35914752, "cardid": "star_003", "avatargj_id": "gj_vip_021", "urank": 14, "story_read_state": -1, "vclub_member": 0, "is_teenager": 0, "is_guardian": 0, "is_teenager_list": 0, "pc_new": 0, "special_follow": false, "planet_video": 2, "video_mark": 0, "live_status": 0, "user_ability_extend": 0, "status_total_counter": {"total_cnt": 1854, "repost_cnt": 95, "comment_cnt": 704, "like_cnt": 1053, "comment_like_cnt": 2}, "video_total_counter": {"play_cnt": 134}, "brand_account": 0, "hongbaofei": 0, "tab_manage": "[0, 0]", "reward_status": 0, "green_mode": 0, "urisk": 8589934592, "unfollowing_recom_switch": 1, "avatar_type": 0}, "mid": "4779112642647102", "idstr": "4779112642647102", "status": {"visible": {"type": 0, "list_id": 0}, "created_at": "Fri Jun 10 18:58:06 +0800 2022", "id": 4778886057430945, "idstr": "4778886057430945", "mid": "4778886057430945", "edit_count": 1, "can_edit": false, "edit_at": "Sat Jun 11 10:07:32 +0800 2022", "version": 4, "show_additional_indication": 0, "text": "网友：烈士子女高考加20分，引起其他家长不满，女孩哭着说：我把20分给你们，你们能把爸爸还给我吗？[悲伤] ​", "textLength": 100, "source_allowclick": 1, "source_type": 2, "source": "<a href=\"http://weibo.com/\" rel=\"nofollow\">Android</a>", "favorited": false, "truncated": false, "in_reply_to_status_id": "", "in_reply_to_user_id": "", "in_reply_to_screen_name": "", "pic_urls": [{"thumbnail_pic": "http://wx1.sinaimg.cn/thumbnail/006lSpIhly1h342vo9gzwj30qy0up0x2.jpg"}], "thumbnail_pic": "http://wx1.sinaimg.cn/thumbnail/006lSpIhly1h342vo9gzwj30qy0up0x2.jpg", "bmiddle_pic": "http://wx1.sinaimg.cn/bmiddle/006lSpIhly1h342vo9gzwj30qy0up0x2.jpg", "original_pic": "http://wx1.sinaimg.cn/large/006lSpIhly1h342vo9gzwj30qy0up0x2.jpg", "geo": null, "is_paid": false, "mblog_vip_type": 0, "user": {"id": 5820068605, "idstr": "5820068605", "class": 1, "screen_name": "军事博主", "name": "军事博主", "province": "11", "city": "5", "location": "北京 朝阳区", "description": "《防务新观察》 军事论坛撰稿人", "url": "", "profile_image_url": "https://tvax3.sinaimg.cn/crop.0.0.828.828.50/006lSpIhly8glljznsvfuj30n00n076g.jpg?KID=imgbed,tva&Expires=1674110842&ssig=hj6Bavtmso", "light_ring": false, "cover_image_phone": "https://ww1.sinaimg.cn/crop.0.0.640.640.640/9d44112bjw1f1xl1c10tuj20hs0hs0tw.jpg", "profile_url": "u/5820068605", "domain": "", "weihao": "", "gender": "m", "followers_count": 1135849, "followers_count_str": "113.6万", "friends_count": 53, "pagefriends_count": 5, "statuses_count": 28259, "video_status_count": 13261, "video_play_count": 0, "super_topic_not_syn_count": 4, "favourites_count": 162, "created_at": "Sun Jan 03 23:30:08 +0800 2016", "following": false, "allow_all_act_msg": false, "geo_enabled": true, "verified": true, "verified_type": 0, "remark": "", "insecurity": {"sexual_content": false}, "ptype": 0, "allow_all_comment": true, "avatar_large": "https://tvax3.sinaimg.cn/crop.0.0.828.828.180/006lSpIhly8glljznsvfuj30n00n076g.jpg?KID=imgbed,tva&Expires=1674110842&ssig=X1%2BuJlicpF", "avatar_hd": "https://tvax3.sinaimg.cn/crop.0.0.828.828.1024/006lSpIhly8glljznsvfuj30n00n076g.jpg?KID=imgbed,tva&Expires=1674110842&ssig=CA7FjVPJcC", "verified_reason": "知名军事博主", "verified_trade": "", "verified_reason_url": "", "verified_source": "", "verified_source_url": "", "verified_state": 0, "verified_level": 3, "verified_type_ext": 1, "has_service_tel": false, "verified_reason_modified": "", "verified_contact_name": "", "verified_contact_email": "", "verified_contact_mobile": "", "follow_me": false, "like": false, "like_me": false, "online_status": 0, "bi_followers_count": 41, "lang": "zh-cn", "star": 0, "mbtype": 12, "mbrank": 6, "svip": 0, "mb_expire_time": 1707235200, "block_word": 0, "block_app": 1, "chaohua_ability": 0, "brand_ability": 0, "nft_ability": 0, "vplus_ability": 0, "wenda_ability": 0, "live_ability": 0, "gongyi_ability": 0, "paycolumn_ability": 0, "newbrand_ability": 0, "ecommerce_ability": 0, "hardfan_ability": 1, "wbcolumn_ability": 0, "credit_score": 80, "user_ability": 3407880, "cardid": "star_1576", "avatargj_id": "gj_vip_375", "urank": 4, "story_read_state": -1, "verified_detail": {"custom": 0, "data": [{"key": 2, "weight": 101, "desc": "知名军事博主"}]}, "vclub_member": 0, "is_teenager": 0, "is_guardian": 0, "is_teenager_list": 0, "pc_new": 7, "special_follow": false, "planet_video": 2, "video_mark": 15, "live_status": 0, "user_ability_extend": 0, "video_cover": {"mid": 4640732981233330}, "status_total_counter": {"total_cnt": 8933862, "repost_cnt": 550183, "comment_cnt": 577261, "like_cnt": 6261340, "comment_like_cnt": 1545078}, "video_total_counter": {"play_cnt": 377171077}, "brand_account": 0, "hongbaofei": 0, "tab_manage": "[0, 0]", "reward_status": 0, "green_mode": 0, "urisk": 8589934592, "unfollowing_recom_switch": 1, "avatar_type": 0}, "annotations": [{"photo_sub_type": "0"}, {}, {"client_mblogid": "86075bf8-6b0a-4236-81a7-47bff725a550"}, {"mapi_request": true}], "reposts_count": 0, "comments_count": 0, "reprint_cmt_count": 0, "attitudes_count": 0, "pending_approval_count": 0, "isLongText": false, "reward_exhibition_type": 0, "hide_flag": 0, "mlevel": 128, "show_mlevel": 0, "biz_feature": 4294967300, "hasActionTypeCard": 0, "darwin_tags": [], "hot_weibo_tags": [], "text_tag_tips": [], "mblogtype": 0, "userType": 0, "mlevelSource": "monitor", "more_info_type": 0, "cardid": "star_063", "number_display_strategy": {"apply_scenario_flag": 3, "display_text_min_number": 1000000, "display_text": "100万+"}, "positive_recom_flag": 0, "content_auth": 0, "gif_ids": "", "is_show_bulletin": 2, "comment_manage_info": {"comment_permission_type": -1, "approval_comment_type": 0, "comment_sort_type": 0, "ai_play_picture_type": 0}, "pic_num": 1, "can_reprint": false, "new_comment_style": 0}, "reply_comment": {"created_at": "Fri Jun 10 20:17:07 +0800 2022", "id": 4778905946819457, "rootid": 4778905946819457, "rootidstr": "4778905946819457", "floor_number": 53, "text": "逝去烈士为我们的祖国和人民奉献了一切，国家政府应该给予烈士的家人和子女予以抚恤和帮助，政府要予以重视，而不是简单给予一点特殊照顾，用损失其他人的正当权益来完成，抛弃了平等公平的原则！高考是国家选拔人才的考试，不适合做为一种奖励，同样其他的加分都是滥用特权，造成新的不公平！", "disable_reply": 0, "restrictOperate": 0, "user": {"id": 1765392377, "idstr": "1765392377", "class": 1, "screen_name": "龛谷人", "name": "龛谷人", "province": "62", "city": "1", "location": "甘肃 兰州", "description": "", "url": "", "profile_image_url": "https://tvax3.sinaimg.cn/crop.0.0.960.960.50/6939bff9ly8h1yrv6q8nsj20qo0qotbf.jpg?KID=imgbed,tva&Expires=1674110842&ssig=JyEP6YGppl", "light_ring": false, "cover_image_phone": "https://ww1.sinaimg.cn/crop.0.0.640.640.640/549d0121tw1egm1kjly3jj20hs0hsq4f.jpg", "profile_url": "u/1765392377", "domain": "", "weihao": "", "gender": "m", "followers_count": 33, "followers_count_str": "33", "friends_count": 246, "pagefriends_count": 2, "statuses_count": 9, "video_status_count": 1, "video_play_count": 0, "super_topic_not_syn_count": 0, "favourites_count": 3, "created_at": "Tue Apr 28 11:55:40 +0800 2015", "following": false, "allow_all_act_msg": false, "geo_enabled": true, "verified": false, "verified_type": -1, "remark": "", "insecurity": {"sexual_content": false}, "ptype": 0, "allow_all_comment": true, "avatar_large": "https://tvax3.sinaimg.cn/crop.0.0.960.960.180/6939bff9ly8h1yrv6q8nsj20qo0qotbf.jpg?KID=imgbed,tva&Expires=1674110842&ssig=6HHQLDWL0C", "avatar_hd": "https://tvax3.sinaimg.cn/crop.0.0.960.960.1024/6939bff9ly8h1yrv6q8nsj20qo0qotbf.jpg?KID=imgbed,tva&Expires=1674110842&ssig=4IbGcTssl0", "verified_reason": "", "verified_trade": "", "verified_reason_url": "", "verified_source": "", "verified_source_url": "", "follow_me": false, "like": false, "like_me": false, "online_status": 0, "bi_followers_count": 4, "lang": "zh-cn", "star": 0, "mbtype": 0, "mbrank": 0, "svip": 0, "mb_expire_time": 0, "block_word": 0, "block_app": 0, "credit_score": 80, "user_ability": 2097152, "urank": 9, "story_read_state": -1, "vclub_member": 0, "is_teenager": 0, "is_guardian": 0, "is_teenager_list": 0, "pc_new": 0, "special_follow": false, "planet_video": 0, "video_mark": 0, "live_status": 0, "user_ability_extend": 0, "status_total_counter": {"total_cnt": 12, "repost_cnt": 4, "comment_cnt": 3, "like_cnt": 5, "comment_like_cnt": 0}, "video_total_counter": {"play_cnt": 1421}, "brand_account": 0, "hongbaofei": 0, "tab_manage": "[0, 0]", "green_mode": 0, "urisk": 0, "unfollowing_recom_switch": 1, "block": 0, "block_me": 0, "avatar_type": 0}, "mid": "4778905946819457", "idstr": "4778905946819457", "match_ai_play_picture": false}, "readtimetype": "comment", "match_ai_play_picture": false}