{"created_at": "Sat Jun 11 14:22:32 +0800 2022", "id": 4779179097198668, "rootid": 4779179097198668, "rootidstr": "4779179097198668", "floor_number": 440, "text": "反对任何形式的加分，烈士子女可以报考军校提前批", "disable_reply": 0, "restrictOperate": 0, "source_allowclick": 0, "source_type": 4, "source": "<a href=\"\" rel=\"nofollow\">来自山东</a>", "user": {"id": 2175145347, "idstr": "2175145347", "class": 1, "screen_name": "独牧雀鸣", "name": "独牧雀鸣", "province": "37", "city": "2", "location": "山东 青岛", "description": "来客莫怕，正襟安坐。品？一盏清茗。酌？过岗三碗....大河向东流,四仰八叉十二郎", "url": "", "profile_image_url": "https://tva1.sinaimg.cn/crop.0.0.1200.1200.50/81a61583jw8eo5hibd0h4j20xc0xc752.jpg?KID=imgbed,tva&Expires=1674110819&ssig=p6kZzlymB4", "light_ring": false, "cover_image_phone": "https://ww3.sinaimg.cn/crop.0.0.640.640.640/6ce2240djw1e9114p3hudj20hs0hs427.jpg", "profile_url": "wtr555", "domain": "wtr555", "weihao": "", "gender": "m", "followers_count": 255, "followers_count_str": "255", "friends_count": 349, "pagefriends_count": 5, "statuses_count": 1763, "video_status_count": 0, "video_play_count": 0, "super_topic_not_syn_count": 0, "favourites_count": 252, "created_at": "Sun Jun 12 14:16:31 +0800 2011", "following": false, "allow_all_act_msg": false, "geo_enabled": false, "verified": false, "verified_type": -1, "remark": "", "insecurity": {"sexual_content": false}, "ptype": 0, "allow_all_comment": false, "avatar_large": "https://tva1.sinaimg.cn/crop.0.0.1200.1200.180/81a61583jw8eo5hibd0h4j20xc0xc752.jpg?KID=imgbed,tva&Expires=1674110819&ssig=vL9ftUj7Ry", "avatar_hd": "https://tva1.sinaimg.cn/crop.0.0.1200.1200.1024/81a61583jw8eo5hibd0h4j20xc0xc752.jpg?KID=imgbed,tva&Expires=1674110819&ssig=ZMILe7H9XV", "verified_reason": "", "verified_trade": "", "verified_reason_url": "", "verified_source": "", "verified_source_url": "", "follow_me": false, "like": false, "like_me": false, "online_status": 0, "bi_followers_count": 27, "lang": "zh-cn", "star": 0, "mbtype": 0, "mbrank": 0, "svip": 0, "mb_expire_time": 0, "block_word": 0, "block_app": 0, "chaohua_ability": 0, "brand_ability": 0, "nft_ability": 0, "vplus_ability": 0, "wenda_ability": 0, "live_ability": 0, "gongyi_ability": 0, "paycolumn_ability": 0, "newbrand_ability": 0, "ecommerce_ability": 0, "hardfan_ability": 0, "wbcolumn_ability": 0, "credit_score": 80, "user_ability": 35651584, "cardid": "star_1007", "urank": 24, "story_read_state": -1, "vclub_member": 0, "is_teenager": 0, "is_guardian": 0, "is_teenager_list": 0, "pc_new": 7, "special_follow": false, "planet_video": 0, "video_mark": 0, "live_status": 0, "user_ability_extend": 0, "status_total_counter": {"total_cnt": 534, "repost_cnt": 24, "comment_cnt": 427, "like_cnt": 83, "comment_like_cnt": 0}, "video_total_counter": {"play_cnt": -1}, "brand_account": 0, "hongbaofei": 0, "tab_manage": "[0, 0]", "reward_status": 0, "green_mode": 0, "urisk": 0, "unfollowing_recom_switch": 1, "avatar_type": 0}, "mid": "4779179097198668", "idstr": "4779179097198668", "status": {"visible": {"type": 0, "list_id": 0}, "created_at": "Fri Jun 10 18:58:06 +0800 2022", "id": 4778886057430945, "idstr": "4778886057430945", "mid": "4778886057430945", "edit_count": 1, "can_edit": false, "edit_at": "Sat Jun 11 10:07:32 +0800 2022", "version": 4, "show_additional_indication": 0, "text": "网友：烈士子女高考加20分，引起其他家长不满，女孩哭着说：我把20分给你们，你们能把爸爸还给我吗？[悲伤] ​", "textLength": 100, "source_allowclick": 1, "source_type": 2, "source": "<a href=\"http://weibo.com/\" rel=\"nofollow\">Android</a>", "favorited": false, "truncated": false, "in_reply_to_status_id": "", "in_reply_to_user_id": "", "in_reply_to_screen_name": "", "pic_urls": [{"thumbnail_pic": "http://wx1.sinaimg.cn/thumbnail/006lSpIhly1h342vo9gzwj30qy0up0x2.jpg"}], "thumbnail_pic": "http://wx1.sinaimg.cn/thumbnail/006lSpIhly1h342vo9gzwj30qy0up0x2.jpg", "bmiddle_pic": "http://wx1.sinaimg.cn/bmiddle/006lSpIhly1h342vo9gzwj30qy0up0x2.jpg", "original_pic": "http://wx1.sinaimg.cn/large/006lSpIhly1h342vo9gzwj30qy0up0x2.jpg", "geo": null, "is_paid": false, "mblog_vip_type": 0, "user": {"id": 5820068605, "idstr": "5820068605", "class": 1, "screen_name": "军事博主", "name": "军事博主", "province": "11", "city": "5", "location": "北京 朝阳区", "description": "《防务新观察》 军事论坛撰稿人", "url": "", "profile_image_url": "https://tvax3.sinaimg.cn/crop.0.0.828.828.50/006lSpIhly8glljznsvfuj30n00n076g.jpg?KID=imgbed,tva&Expires=1674110819&ssig=jC59B2Qeec", "light_ring": false, "cover_image_phone": "https://ww1.sinaimg.cn/crop.0.0.640.640.640/9d44112bjw1f1xl1c10tuj20hs0hs0tw.jpg", "profile_url": "u/5820068605", "domain": "", "weihao": "", "gender": "m", "followers_count": 1135849, "followers_count_str": "113.6万", "friends_count": 53, "pagefriends_count": 5, "statuses_count": 28259, "video_status_count": 13261, "video_play_count": 0, "super_topic_not_syn_count": 4, "favourites_count": 162, "created_at": "Sun Jan 03 23:30:08 +0800 2016", "following": false, "allow_all_act_msg": false, "geo_enabled": true, "verified": true, "verified_type": 0, "remark": "", "insecurity": {"sexual_content": false}, "ptype": 0, "allow_all_comment": true, "avatar_large": "https://tvax3.sinaimg.cn/crop.0.0.828.828.180/006lSpIhly8glljznsvfuj30n00n076g.jpg?KID=imgbed,tva&Expires=1674110819&ssig=lROCwxOMSe", "avatar_hd": "https://tvax3.sinaimg.cn/crop.0.0.828.828.1024/006lSpIhly8glljznsvfuj30n00n076g.jpg?KID=imgbed,tva&Expires=1674110819&ssig=3eRFqei28%2F", "verified_reason": "知名军事博主", "verified_trade": "", "verified_reason_url": "", "verified_source": "", "verified_source_url": "", "verified_state": 0, "verified_level": 3, "verified_type_ext": 1, "has_service_tel": false, "verified_reason_modified": "", "verified_contact_name": "", "verified_contact_email": "", "verified_contact_mobile": "", "follow_me": false, "like": false, "like_me": false, "online_status": 0, "bi_followers_count": 41, "lang": "zh-cn", "star": 0, "mbtype": 12, "mbrank": 6, "svip": 0, "mb_expire_time": 1707235200, "block_word": 0, "block_app": 1, "chaohua_ability": 0, "brand_ability": 0, "nft_ability": 0, "vplus_ability": 0, "wenda_ability": 0, "live_ability": 0, "gongyi_ability": 0, "paycolumn_ability": 0, "newbrand_ability": 0, "ecommerce_ability": 0, "hardfan_ability": 1, "wbcolumn_ability": 0, "credit_score": 80, "user_ability": 3407880, "cardid": "star_1576", "avatargj_id": "gj_vip_375", "urank": 4, "story_read_state": -1, "verified_detail": {"custom": 0, "data": [{"key": 2, "weight": 101, "desc": "知名军事博主"}]}, "vclub_member": 0, "is_teenager": 0, "is_guardian": 0, "is_teenager_list": 0, "pc_new": 7, "special_follow": false, "planet_video": 2, "video_mark": 15, "live_status": 0, "user_ability_extend": 0, "video_cover": {"mid": 4640732981233330}, "status_total_counter": {"total_cnt": 8933862, "repost_cnt": 550183, "comment_cnt": 577261, "like_cnt": 6261340, "comment_like_cnt": 1545078}, "video_total_counter": {"play_cnt": 377171077}, "brand_account": 0, "hongbaofei": 0, "tab_manage": "[0, 0]", "reward_status": 0, "green_mode": 0, "urisk": 8589934592, "unfollowing_recom_switch": 1, "avatar_type": 0}, "annotations": [{"photo_sub_type": "0"}, {}, {"client_mblogid": "86075bf8-6b0a-4236-81a7-47bff725a550"}, {"mapi_request": true}], "reposts_count": 0, "comments_count": 0, "reprint_cmt_count": 0, "attitudes_count": 0, "pending_approval_count": 0, "isLongText": false, "reward_exhibition_type": 0, "hide_flag": 0, "mlevel": 128, "show_mlevel": 0, "biz_feature": 4294967300, "hasActionTypeCard": 0, "darwin_tags": [], "hot_weibo_tags": [], "text_tag_tips": [], "mblogtype": 0, "userType": 0, "mlevelSource": "monitor", "more_info_type": 0, "cardid": "star_063", "number_display_strategy": {"apply_scenario_flag": 3, "display_text_min_number": 1000000, "display_text": "100万+"}, "positive_recom_flag": 0, "content_auth": 0, "gif_ids": "", "is_show_bulletin": 2, "comment_manage_info": {"comment_permission_type": -1, "approval_comment_type": 0, "comment_sort_type": 0, "ai_play_picture_type": 0}, "pic_num": 1, "can_reprint": false, "new_comment_style": 0}, "readtimetype": "comment", "match_ai_play_picture": false}