{"created_at": "Tue Dec 13 14:22:47 +0800 2022", "id": 4846220914200696, "rootid": 4846220914200696, "rootidstr": "4846220914200696", "floor_number": 16, "text": "[心]", "disable_reply": 0, "restrictOperate": 0, "source_allowclick": 0, "source_type": 4, "source": "<a href=\"\" rel=\"nofollow\">来自福建</a>", "comment_badge": [{"pic_url": "https://h5.sinaimg.cn/upload/114/962/2022/07/08/member_0_bigfan1_2.png", "name": "loyal_fans", "length": 1.33, "actionlog": {"act_code": "3671", "ext": "status:fans"}, "scheme": "https://kefu.weibo.com/faqdetail?id=20848", "new_icon": true}], "user": {"id": 7729326719, "idstr": "7729326719", "class": 1, "screen_name": "富岭合际村吴建孙", "name": "富岭合际村吴建孙", "province": "35", "city": "1000", "location": "福建", "description": "", "url": "", "profile_image_url": "https://tvax1.sinaimg.cn/default/images/default_avatar_male_50.gif?KID=imgbed,tva&Expires=1674060113&ssig=enGKICMnMm", "light_ring": false, "profile_url": "u/7729326719", "domain": "", "weihao": "", "gender": "m", "followers_count": 5, "followers_count_str": "5", "friends_count": 26, "pagefriends_count": 1, "statuses_count": 5, "video_status_count": 0, "video_play_count": 0, "super_topic_not_syn_count": 0, "favourites_count": 0, "created_at": "Wed Dec 15 13:28:46 +0800 2021", "following": false, "allow_all_act_msg": false, "geo_enabled": true, "verified": false, "verified_type": -1, "remark": "", "insecurity": {"sexual_content": false}, "ptype": 0, "allow_all_comment": true, "avatar_large": "https://tvax1.sinaimg.cn/default/images/default_avatar_male_180.gif?KID=imgbed,tva&Expires=1674060113&ssig=Rg7%2BYHCyb2", "avatar_hd": "https://tvax1.sinaimg.cn/default/images/default_avatar_male_180.gif?KID=imgbed,tva&Expires=1674060113&ssig=Rg7%2BYHCyb2", "verified_reason": "", "verified_trade": "", "verified_reason_url": "", "verified_source": "", "verified_source_url": "", "follow_me": false, "like": false, "like_me": false, "online_status": 0, "bi_followers_count": 0, "lang": "zh-cn", "star": 0, "mbtype": 0, "mbrank": 0, "svip": 0, "mb_expire_time": 0, "block_word": 0, "block_app": 0, "chaohua_ability": 0, "brand_ability": 0, "nft_ability": 0, "vplus_ability": 0, "wenda_ability": 0, "live_ability": 0, "gongyi_ability": 0, "paycolumn_ability": 0, "newbrand_ability": 0, "ecommerce_ability": 0, "hardfan_ability": 0, "wbcolumn_ability": 0, "credit_score": 80, "user_ability": 2097152, "urank": 0, "story_read_state": -1, "vclub_member": 0, "is_teenager": 0, "is_guardian": 0, "is_teenager_list": 0, "pc_new": 6, "special_follow": false, "planet_video": 0, "video_mark": 0, "live_status": 0, "user_ability_extend": 0, "status_total_counter": {"total_cnt": 0, "repost_cnt": 0, "comment_cnt": 0, "like_cnt": 0, "comment_like_cnt": 0}, "video_total_counter": {"play_cnt": -1}, "brand_account": 0, "hongbaofei": 0, "tab_manage": "[0, 0]", "reward_status": 0, "green_mode": 0, "urisk": 524288, "unfollowing_recom_switch": 1, "avatar_type": 0}, "mid": "4846220914200696", "idstr": "4846220914200696", "status": {"visible": {"type": 0, "list_id": 0}, "created_at": "Tue Dec 13 13:14:21 +0800 2022", "id": 4846203692648297, "idstr": "4846203692648297", "mid": "4846203692648297", "edit_count": 1, "can_edit": false, "edit_at": "Tue Dec 13 14:07:32 +0800 2022", "version": 2, "show_additional_indication": 0, "text": "【#中青年阳了7天内会发生什么# 转发参考！】#感染后第三天症状最重# 第一天症状较轻，轻微咽干咽痛、身体乏力；第二天开始发热，部分年轻人高烧39℃；第三天是症状最重的一天，高热39℃以上，浑身酸疼乏力，咽痛加剧；第四天，体温高烧开始下降，很多人从这一天起体温降为正常，一部分人开始流鼻涕、 ​", "textLength": 484, "source_allowclick": 0, "source_type": 1, "source": "<a href=\"http://app.weibo.com/t/feed/4iDt6Q\" rel=\"nofollow\">微博云剪</a>", "favorited": false, "truncated": false, "in_reply_to_status_id": "", "in_reply_to_user_id": "", "in_reply_to_screen_name": "", "pic_urls": [], "geo": null, "is_paid": false, "mblog_vip_type": 0, "user": {"id": 3266943013, "idstr": "3266943013", "class": 1, "screen_name": "央视网", "name": "央视网", "province": "11", "city": "1000", "location": "北京", "description": "合作请联系邮箱292768042@qq.com", "url": "", "profile_image_url": "https://tvax4.sinaimg.cn/crop.0.0.180.180.50/003z5L7fly8h8ursf868gj6050050mwz02.jpg?KID=imgbed,tva&Expires=1674060113&ssig=D%2FACQUlziq", "light_ring": false, "cover_image": "https://wx3.sinaimg.cn/crop.0.0.920.300/c2b99825ly1fe3kdp82w1j20pk08cqc5.jpg", "cover_image_phone": "https://ww1.sinaimg.cn/crop.0.0.640.640.640/549d0121tw1egm1kjly3jj20hs0hsq4f.jpg", "profile_url": "yangshiwangnet", "domain": "yangshiwangnet", "weihao": "", "gender": "m", "followers_count": 18075567, "followers_count_str": "1807.6万", "friends_count": 354, "pagefriends_count": 101, "statuses_count": 131431, "video_status_count": 27101, "video_play_count": 0, "super_topic_not_syn_count": 0, "favourites_count": 96, "created_at": "Tue Feb 19 16:36:50 +0800 2013", "following": false, "allow_all_act_msg": false, "geo_enabled": false, "verified": true, "verified_type": 3, "remark": "", "insecurity": {"sexual_content": false}, "ptype": 0, "allow_all_comment": false, "avatar_large": "https://tvax4.sinaimg.cn/crop.0.0.180.180.180/003z5L7fly8h8ursf868gj6050050mwz02.jpg?KID=imgbed,tva&Expires=1674060113&ssig=MCs8BKtced", "avatar_hd": "https://tvax4.sinaimg.cn/crop.0.0.180.180.1024/003z5L7fly8h8ursf868gj6050050mwz02.jpg?KID=imgbed,tva&Expires=1674060113&ssig=pVIejV%2FWnb", "verified_reason": "央视国际网络有限公司", "verified_trade": "", "verified_reason_url": "", "verified_source": "", "verified_source_url": "", "verified_state": 0, "verified_level": 3, "verified_type_ext": 0, "has_service_tel": false, "verified_reason_modified": "", "verified_contact_name": "", "verified_contact_email": "", "verified_contact_mobile": "", "follow_me": false, "like": false, "like_me": false, "online_status": 0, "bi_followers_count": 191, "lang": "zh-cn", "star": 0, "mbtype": 12, "mbrank": 7, "svip": 0, "mb_expire_time": 1700236800, "block_word": 1, "block_app": 1, "chaohua_ability": 0, "brand_ability": 0, "nft_ability": 0, "vplus_ability": 0, "wenda_ability": 0, "live_ability": 1, "gongyi_ability": 0, "paycolumn_ability": 0, "newbrand_ability": 0, "ecommerce_ability": 0, "hardfan_ability": 1, "wbcolumn_ability": 0, "credit_score": 80, "user_ability": 11862796, "urank": 48, "story_read_state": -1, "vclub_member": 0, "is_teenager": 0, "is_guardian": 0, "is_teenager_list": 1, "pc_new": 7, "special_follow": false, "planet_video": 2, "video_mark": 15, "live_status": 0, "user_ability_extend": 1, "status_total_counter": {"total_cnt": 165541368, "repost_cnt": 20242811, "comment_cnt": 11966289, "like_cnt": 48001299, "comment_like_cnt": 85330969}, "video_total_counter": {"play_cnt": 10610213430}, "brand_account": 0, "hongbaofei": 0, "tab_manage": "[0, 0]", "reward_status": 0, "green_mode": 0, "urisk": 0, "unfollowing_recom_switch": 1, "avatar_type": 0}, "annotations": [{"mapi_request": true}], "reposts_count": 0, "comments_count": 0, "reprint_cmt_count": 0, "attitudes_count": 0, "pending_approval_count": 0, "isLongText": true, "reward_exhibition_type": 0, "hide_flag": 0, "mlevel": 0, "show_mlevel": 0, "biz_ids": [230444], "biz_feature": 4294967304, "page_type": 64, "hasActionTypeCard": 0, "darwin_tags": [], "hot_weibo_tags": [], "text_tag_tips": [], "mblogtype": 0, "userType": 0, "more_info_type": 0, "positive_recom_flag": 0, "content_auth": 0, "gif_ids": "", "is_show_bulletin": 2, "comment_manage_info": {"comment_permission_type": -1, "approval_comment_type": 1, "approval_op_from": 1, "comment_sort_type": 0, "ai_play_picture_type": 0}, "pic_num": 0, "fid": 4846203627110407, "can_reprint": false, "new_comment_style": 0}, "readtimetype": "comment", "match_ai_play_picture": false}