{"created_at": "Fri Sep 23 16:12:35 +0800 2022", "id": 4816895129158598, "rootid": 4816895129158598, "rootidstr": "4816895129158598", "floor_number": 10, "text": "求", "disable_reply": 0, "restrictOperate": 0, "source_allowclick": 0, "source_type": 4, "source": "<a href=\"\" rel=\"nofollow\">来自江苏</a>", "user": {"id": 6606319239, "idstr": "6606319239", "class": 1, "screen_name": "山鬼199205", "name": "山鬼199205", "province": "100", "city": "1000", "location": "其他", "description": "", "url": "", "profile_image_url": "https://tvax2.sinaimg.cn/crop.0.0.498.498.50/007d5rq7ly8ftu1mo1v3sj30du0dumxu.jpg?KID=imgbed,tva&Expires=1669714971&ssig=%2Ff6bvD6OF2", "light_ring": false, "cover_image_phone": "http://ww1.sinaimg.cn/crop.0.0.640.640.640/549d0121tw1egm1kjly3jj20hs0hsq4f.jpg", "profile_url": "u/6606319239", "domain": "", "weihao": "", "gender": "f", "followers_count": 2, "followers_count_str": "2", "friends_count": 141, "pagefriends_count": 42, "statuses_count": 0, "video_status_count": 0, "video_play_count": 0, "super_topic_not_syn_count": 0, "favourites_count": 0, "created_at": "Fri Jul 20 16:16:44 +0800 2018", "following": false, "allow_all_act_msg": false, "geo_enabled": true, "verified": false, "verified_type": -1, "remark": "", "insecurity": {"sexual_content": false}, "ptype": 0, "allow_all_comment": true, "avatar_large": "https://tvax2.sinaimg.cn/crop.0.0.498.498.180/007d5rq7ly8ftu1mo1v3sj30du0dumxu.jpg?KID=imgbed,tva&Expires=1669714971&ssig=n57f9lV4rV", "avatar_hd": "https://tvax2.sinaimg.cn/crop.0.0.498.498.1024/007d5rq7ly8ftu1mo1v3sj30du0dumxu.jpg?KID=imgbed,tva&Expires=1669714971&ssig=LX5Ke7jat8", "verified_reason": "", "verified_trade": "", "verified_reason_url": "", "verified_source": "", "verified_source_url": "", "follow_me": false, "like": false, "like_me": false, "online_status": 0, "bi_followers_count": 1, "lang": "zh-cn", "star": 0, "mbtype": 0, "mbrank": 0, "svip": 0, "mb_expire_time": 0, "block_word": 0, "block_app": 0, "chaohua_ability": 0, "brand_ability": 0, "nft_ability": 0, "vplus_ability": 0, "wenda_ability": 0, "live_ability": 0, "gongyi_ability": 0, "paycolumn_ability": 0, "newbrand_ability": 0, "ecommerce_ability": 0, "hardfan_ability": 0, "credit_score": 80, "user_ability": 2097152, "urank": 4, "story_read_state": -1, "vclub_member": 0, "is_teenager": 0, "is_guardian": 0, "is_teenager_list": 0, "pc_new": 0, "special_follow": false, "planet_video": 0, "video_mark": 0, "live_status": 0, "user_ability_extend": 0, "status_total_counter": {"total_cnt": 0, "repost_cnt": 0, "comment_cnt": 0, "like_cnt": 0, "comment_like_cnt": 0}, "video_total_counter": {"play_cnt": -1}, "brand_account": 0, "hongbaofei": 0, "tab_manage": "[0, 0]", "reward_status": 0, "green_mode": 0, "urisk": 8589934592, "avatar_type": 0}, "mid": "4816895129158598", "idstr": "4816895129158598", "status": {"visible": {"type": 0, "list_id": 0}, "created_at": "Fri Sep 23 16:09:39 +0800 2022", "id": 4816894392009194, "idstr": "4816894392009194", "mid": "4816894392009194", "can_edit": false, "version": 1, "show_additional_indication": 0, "text": "#集美大学诚毅学院# \n多点包容 多点理解 在哪里都是不会错的🙏🙏🙏 ​", "textLength": 68, "source_allowclick": 0, "source_type": 2, "source": "<a href=\"http://weibo.com/\" rel=\"nofollow\">iPhone客户端</a>", "favorited": false, "truncated": false, "in_reply_to_status_id": "", "in_reply_to_user_id": "", "in_reply_to_screen_name": "", "pic_urls": [{"thumbnail_pic": "http://wx3.sinaimg.cn/thumbnail/005SYCkLgy1h6glqwtn1xj30u01sxgmh.jpg"}], "thumbnail_pic": "http://wx3.sinaimg.cn/thumbnail/005SYCkLgy1h6glqwtn1xj30u01sxgmh.jpg", "bmiddle_pic": "http://wx3.sinaimg.cn/bmiddle/005SYCkLgy1h6glqwtn1xj30u01sxgmh.jpg", "original_pic": "http://wx3.sinaimg.cn/large/005SYCkLgy1h6glqwtn1xj30u01sxgmh.jpg", "geo": null, "is_paid": false, "mblog_vip_type": 0, "user": {"id": 5393033343, "idstr": "5393033343", "class": 1, "screen_name": "头大大头头大头大头大的忠实铁粉", "name": "头大大头头大头大头大的忠实铁粉", "province": "35", "city": "1000", "location": "福建", "description": "静心慎独，厚积薄发", "url": "", "profile_image_url": "https://tvax3.sinaimg.cn/crop.0.0.554.554.50/005SYCkLly8h0ynk63329j30fe0femxq.jpg?KID=imgbed,tva&Expires=1669714971&ssig=ly2LXcsi0h", "light_ring": false, "cover_image_phone": "http://ww1.sinaimg.cn/crop.0.0.0.640.640/6ce2240djw1e9uwtyezgfj20hs0hstb7.jpg", "profile_url": "u/5393033343", "domain": "", "weihao": "", "gender": "m", "followers_count": 163, "followers_count_str": "163", "friends_count": 365, "pagefriends_count": 48, "statuses_count": 344, "video_status_count": 9, "video_play_count": 0, "super_topic_not_syn_count": 0, "favourites_count": 3, "created_at": "Thu Feb 05 00:10:40 +0800 2015", "following": false, "allow_all_act_msg": false, "geo_enabled": true, "verified": false, "verified_type": -1, "remark": "", "insecurity": {"sexual_content": false}, "ptype": 0, "allow_all_comment": true, "avatar_large": "https://tvax3.sinaimg.cn/crop.0.0.554.554.180/005SYCkLly8h0ynk63329j30fe0femxq.jpg?KID=imgbed,tva&Expires=1669714971&ssig=jQB0enskF4", "avatar_hd": "https://tvax3.sinaimg.cn/crop.0.0.554.554.1024/005SYCkLly8h0ynk63329j30fe0femxq.jpg?KID=imgbed,tva&Expires=1669714971&ssig=hucEK0VBTV", "verified_reason": "", "verified_trade": "", "verified_reason_url": "", "verified_source": "", "verified_source_url": "", "follow_me": false, "like": false, "like_me": false, "online_status": 0, "bi_followers_count": 40, "lang": "zh-cn", "star": 0, "mbtype": 0, "mbrank": 0, "svip": 0, "mb_expire_time": 0, "block_word": 0, "block_app": 0, "chaohua_ability": 0, "brand_ability": 0, "nft_ability": 0, "vplus_ability": 0, "wenda_ability": 0, "live_ability": 0, "gongyi_ability": 0, "paycolumn_ability": 0, "newbrand_ability": 0, "ecommerce_ability": 0, "hardfan_ability": 0, "credit_score": 80, "user_ability": 10748960, "urank": 11, "story_read_state": -1, "vclub_member": 0, "is_teenager": 0, "is_guardian": 0, "is_teenager_list": 0, "pc_new": 0, "special_follow": false, "planet_video": 2, "video_mark": 2, "live_status": 0, "user_ability_extend": 0, "status_total_counter": {"total_cnt": 1354, "repost_cnt": 7, "comment_cnt": 597, "like_cnt": 745, "comment_like_cnt": 5}, "video_total_counter": {"play_cnt": 2083}, "brand_account": 0, "hongbaofei": 0, "tab_manage": "[0, 0]", "reward_status": 0, "green_mode": 0, "urisk": 0, "avatar_type": 0}, "annotations": [{"photo_sub_type": "0"}, {}, {"client_mblogid": "iPhone-7C231F4B-D025-418F-B015-2069B1785881"}, {"mapi_request": true}], "picStatus": "0:1", "reposts_count": 0, "comments_count": 0, "reprint_cmt_count": 0, "attitudes_count": 0, "pending_approval_count": 0, "isLongText": false, "reward_exhibition_type": 0, "hide_flag": 0, "mlevel": 128, "show_mlevel": 0, "biz_feature": 4294967300, "page_type": 64, "hasActionTypeCard": 0, "darwin_tags": [], "hot_weibo_tags": [], "text_tag_tips": [], "mblogtype": 0, "userType": 0, "mlevelSource": "monitor", "more_info_type": 0, "number_display_strategy": {"apply_scenario_flag": 3, "display_text_min_number": 1000000, "display_text": "100万+"}, "positive_recom_flag": 0, "content_auth": 0, "gif_ids": "", "is_show_bulletin": 2, "comment_manage_info": {"comment_permission_type": -1, "approval_comment_type": 0, "comment_sort_type": 0, "ai_play_picture_type": 0}, "pic_num": 1, "can_reprint": false, "new_comment_style": 0}, "readtimetype": "comment", "match_ai_play_picture": false}