{"created_at": "Sat Jul 09 00:54:16 +0800 2022", "id": 4789122554659340, "rootid": 4787244160256690, "rootidstr": "4787244160256690", "floor_number": 0, "text": "回复@NICO_高天翔:[赞][握手][哈哈][允悲]", "disable_reply": 0, "restrictOperate": 0, "source_allowclick": 0, "source_type": 4, "source": "<a href=\"\" rel=\"nofollow\">来自广东</a>", "comment_badge": [{"pic_url": "https://h5.sinaimg.cn/upload/114/962/2022/07/08/member_6_bigfan1_2.png", "name": "loyal_fans", "length": 1.33, "actionlog": {"act_code": "3671", "ext": "status:fans"}, "scheme": "https://kefu.weibo.com/faqdetail?id=20848", "new_icon": true}], "user": {"id": 1905699530, "idstr": "1905699530", "class": 1, "screen_name": "張王李趙先生", "name": "張王李趙先生", "province": "44", "city": "1", "location": "广东 广州", "description": "张灯结彩，万事如意。", "url": "http://blog.sina.com.cn/u/1905699530", "profile_image_url": "https://tvax1.sinaimg.cn/crop.0.0.1080.1080.50/7196aacaly8h5jiqpfvt9j20u00u0jvi.jpg?KID=imgbed,tva&Expires=1670007160&ssig=OvznTHqjob", "light_ring": false, "cover_image": "http://wx2.sinaimg.cn/crop.0.0.920.300/7196aacagy1gckjzxkk3dj20pk08cqbe.jpg", "cover_image_phone": "http://ww4.sinaimg.cn/crop.0.0.640.640.640/6ce2240djw1e8iktk4ohij20hs0hsmz6.jpg;http://wx4.sinaimg.cn/crop.0.0.640.640.640/7196aacagy1grqgflk02uj20yi0yiqdv.jpg", "profile_url": "zuotengmulang", "domain": "zuotengmulang", "weihao": "", "gender": "m", "followers_count": 2092, "followers_count_str": "2092", "friends_count": 208, "pagefriends_count": 1, "statuses_count": 6833, "video_status_count": 10, "video_play_count": 0, "super_topic_not_syn_count": 0, "favourites_count": 31, "created_at": "Fri Dec 24 14:52:31 +0800 2010", "following": false, "allow_all_act_msg": false, "geo_enabled": false, "verified": false, "verified_type": -1, "remark": "", "insecurity": {"sexual_content": false}, "ptype": 0, "allow_all_comment": true, "avatar_large": "https://tvax1.sinaimg.cn/crop.0.0.1080.1080.180/7196aacaly8h5jiqpfvt9j20u00u0jvi.jpg?KID=imgbed,tva&Expires=1670007160&ssig=2ID9UH0KiS", "avatar_hd": "https://tvax1.sinaimg.cn/crop.0.0.1080.1080.1024/7196aacaly8h5jiqpfvt9j20u00u0jvi.jpg?KID=imgbed,tva&Expires=1670007160&ssig=pzWupXMYYZ", "verified_reason": "", "verified_trade": "", "verified_reason_url": "", "verified_source": "", "verified_source_url": "", "follow_me": false, "like": false, "like_me": false, "online_status": 0, "bi_followers_count": 42, "lang": "zh-cn", "star": 0, "mbtype": 12, "mbrank": 6, "svip": 0, "mb_expire_time": 1754064000, "block_word": 0, "block_app": 1, "chaohua_ability": 0, "brand_ability": 0, "nft_ability": 0, "vplus_ability": 0, "wenda_ability": 0, "live_ability": 0, "gongyi_ability": 0, "paycolumn_ability": 0, "newbrand_ability": 0, "ecommerce_ability": 0, "hardfan_ability": 0, "credit_score": 80, "user_ability": 44302336, "urank": 39, "story_read_state": -1, "vclub_member": 0, "is_teenager": 0, "is_guardian": 0, "is_teenager_list": 0, "pc_new": 7, "special_follow": false, "planet_video": 2, "video_mark": 14, "live_status": 0, "user_ability_extend": 0, "status_total_counter": {"total_cnt": 5608, "repost_cnt": 904, "comment_cnt": 3468, "like_cnt": 1003, "comment_like_cnt": 233}, "video_total_counter": {"play_cnt": 5668}, "brand_account": 0, "hongbaofei": 0, "tab_manage": "[0, 0]", "reward_status": 0, "green_mode": 0, "urisk": 25769803776, "avatar_type": 0}, "mid": "4789122554659340", "idstr": "4789122554659340", "status": {"visible": {"type": 0, "list_id": 0}, "created_at": "Sun Jul 03 20:28:03 +0800 2022", "id": 4787243618664798, "idstr": "4787243618664798", "mid": "4787243618664798", "can_edit": false, "version": 2, "show_additional_indication": 0, "text": "离婚率，高到这个地步，那么，相关的法律，是不是要改改了？\n你看，吉林！ ​", "textLength": 69, "source_allowclick": 0, "source_type": 1, "source": "<a href=\"http://app.weibo.com/t/feed/1tqBja\" rel=\"nofollow\">360安全浏览器</a>", "favorited": false, "truncated": false, "in_reply_to_status_id": "", "in_reply_to_user_id": "", "in_reply_to_screen_name": "", "pic_urls": [{"thumbnail_pic": "http://wx2.sinaimg.cn/thumbnail/4c795f70gy1h3u0fg475rj20j60sudkt.jpg"}], "thumbnail_pic": "http://wx2.sinaimg.cn/thumbnail/4c795f70gy1h3u0fg475rj20j60sudkt.jpg", "bmiddle_pic": "http://wx2.sinaimg.cn/bmiddle/4c795f70gy1h3u0fg475rj20j60sudkt.jpg", "original_pic": "http://wx2.sinaimg.cn/large/4c795f70gy1h3u0fg475rj20j60sudkt.jpg", "geo": null, "is_paid": false, "mblog_vip_type": 0, "user": {"id": 1283022704, "idstr": "1283022704", "class": 1, "screen_name": "杜子建", "name": "杜子建", "province": "11", "city": "1", "location": "北京 东城区", "description": "非名山不留仙笈，是真佛但聊家常； 大江湖莫问深浅，小风雨方证大千。", "url": "", "profile_image_url": "https://tvax3.sinaimg.cn/crop.0.0.1080.1080.50/4c795f70ly8gdjwqi4ljtj20u00u0th3.jpg?KID=imgbed,tva&Expires=1670007160&ssig=3o9i7RrRYx", "light_ring": false, "cover_image": "http://wx3.sinaimg.cn/crop.0.0.920.300/4c795f70gy1gz2yibb3qqj20pk08cmy1.jpg", "cover_image_phone": "http://ww3.sinaimg.cn/crop.0.0.0.0/4c795f70jw1ebhljsytlzj20k00k0dkf.jpg", "profile_url": "duzijian", "domain": "duzijian", "weihao": "", "gender": "m", "followers_count": 1696644, "followers_count_str": "169.7万", "friends_count": 2354, "pagefriends_count": 0, "statuses_count": 17370, "video_status_count": 602, "video_play_count": 0, "super_topic_not_syn_count": 0, "favourites_count": 949, "created_at": "Wed Sep 16 15:07:31 +0800 2009", "following": false, "allow_all_act_msg": true, "geo_enabled": false, "verified": true, "verified_type": 0, "remark": "", "insecurity": {"sexual_content": false}, "ptype": 8, "allow_all_comment": true, "avatar_large": "https://tvax3.sinaimg.cn/crop.0.0.1080.1080.180/4c795f70ly8gdjwqi4ljtj20u00u0th3.jpg?KID=imgbed,tva&Expires=1670007160&ssig=ogUYj1gtLC", "avatar_hd": "https://tvax3.sinaimg.cn/crop.0.0.1080.1080.1024/4c795f70ly8gdjwqi4ljtj20u00u0th3.jpg?KID=imgbed,tva&Expires=1670007160&ssig=DnwA02yam%2F", "verified_reason": "社会化媒体营销研究者、《微力无边》作者", "verified_trade": "1332", "verified_reason_url": "", "verified_source": "", "verified_source_url": "", "verified_state": 0, "verified_level": 3, "verified_type_ext": 1, "has_service_tel": false, "verified_reason_modified": "", "verified_contact_name": "", "verified_contact_email": "", "verified_contact_mobile": "", "follow_me": false, "like": false, "like_me": false, "online_status": 0, "bi_followers_count": 1981, "lang": "zh-cn", "star": 0, "mbtype": 12, "mbrank": 7, "svip": 0, "mb_expire_time": 1701532800, "block_word": 1, "block_app": 1, "chaohua_ability": 0, "brand_ability": 0, "nft_ability": 0, "vplus_ability": 1, "wenda_ability": 0, "live_ability": 0, "gongyi_ability": 0, "paycolumn_ability": 0, "newbrand_ability": 0, "ecommerce_ability": 0, "hardfan_ability": 1, "ability_tags": "电商,社交,文化产业,生活消费", "credit_score": 80, "user_ability": -2135528936, "cardid": "star_1628", "avatargj_id": "gj_vip_126", "urank": 48, "story_read_state": -1, "verified_detail": {"custom": 1, "data": [{"key": 1, "sub_key": 0, "weight": 10, "desc": "社会化媒体营销研究者、《微力无边》作者", "timestamp": 0, "verify_extend": {"real_name_verified": "1"}}]}, "vclub_member": 0, "is_teenager": 0, "is_guardian": 0, "is_teenager_list": 0, "pc_new": 6, "special_follow": false, "planet_video": 2, "video_mark": 15, "live_status": 0, "user_ability_extend": 1, "status_total_counter": {"total_cnt": 3031775, "repost_cnt": 962440, "comment_cnt": 611663, "like_cnt": 1143408, "comment_like_cnt": 314264}, "video_total_counter": {"play_cnt": 14839637}, "brand_account": 0, "hongbaofei": 0, "tab_manage": "[0, 0]", "reward_status": 0, "green_mode": 0, "urisk": 34896609280, "avatar_type": 0}, "picStatus": "1", "reposts_count": 0, "comments_count": 0, "reprint_cmt_count": 0, "attitudes_count": 0, "pending_approval_count": 0, "isLongText": false, "reward_exhibition_type": 0, "hide_flag": 0, "mlevel": 128, "show_mlevel": 0, "biz_feature": 0, "hasActionTypeCard": 0, "darwin_tags": [], "hot_weibo_tags": [], "text_tag_tips": [], "mblogtype": 0, "userType": 0, "mlevelSource": "monitor", "more_info_type": 0, "cardid": "star_044", "number_display_strategy": {"apply_scenario_flag": 3, "display_text_min_number": 1000000, "display_text": "100万+"}, "positive_recom_flag": 0, "content_auth": 0, "gif_ids": "", "is_show_bulletin": 2, "comment_manage_info": {"comment_permission_type": -1, "approval_comment_type": 0, "comment_sort_type": 0, "ai_play_picture_type": 0}, "pic_num": 1, "can_reprint": false, "new_comment_style": 0}, "reply_comment": {"created_at": "Sat Jul 09 00:32:17 +0800 2022", "id": 4789117018442626, "rootid": 4787244160256690, "rootidstr": "4787244160256690", "floor_number": 0, "text": "回复@張王李趙先生:图片评论 http://t.cn/A6aSH9Gb", "disable_reply": 0, "restrictOperate": 0, "user": {"id": 1779589380, "idstr": "1779589380", "class": 1, "screen_name": "NICO_高天翔", "name": "NICO_高天翔", "province": "43", "city": "1", "location": "湖南 长沙", "description": "网易云澳门音乐人 #NICOBOY来自湖大新影院 想住进你的心里面 研一在读 Represent马麓厂牌 Instagram:Nico-koutincheong 各平台同名", "url": "http://blog.sina.com.cn/nico260072305", "profile_image_url": "https://tvax4.sinaimg.cn/crop.0.0.996.996.50/6a126104ly8h7ou4mnodtj20ro0ro0ul.jpg?KID=imgbed,tva&Expires=1670007160&ssig=9gZWAEyePv", "light_ring": false, "cover_image_phone": "http://wx2.sinaimg.cn/crop.0.0.640.640.640/6a126104gy1h5h9ou8jiaj20u00u0423.jpg;http://wx4.sinaimg.cn/crop.0.0.640.640.640/6a126104gy1h5h9o74ttij20u00u07ad.jpg;http://wx3.sinaimg.cn/crop.0.0.640.640.640/6a126104gy1h5h9pdp9unj20u00u0402.jpg;http://wx2.sinaimg.cn/crop.0.0.640.640.640/6a126104gy1h5h9q2slzyj20u00u0ad2.jpg;http://wx2.sinaimg.cn/crop.0.0.640.640.640/6a126104gy1h5h9qcr8rnj20u00u0q6g.jpg;http://wx1.sinaimg.cn/crop.0.0.640.640.640/6a126104gy1h5h9vb1j8wj20u00u00v3.jpg;http://wx4.sinaimg.cn/crop.0.0.640.640.640/6a126104gy1h5h9ui7h8bj20u00u042s.jpg;http://wx3.sinaimg.cn/crop.0.0.640.640.640/6a126104gy1h5h9sxomzoj20u00u0q53.jpg;http://wx4.sinaimg.cn/crop.0.0.640.640.640/6a126104gy1h5h9tiy2tbj20u00u0acd.jpg", "profile_url": "nicokao", "domain": "nicokao", "weihao": "", "gender": "m", "followers_count": 315, "followers_count_str": "315", "friends_count": 655, "pagefriends_count": 13, "statuses_count": 2524, "video_status_count": 43, "video_play_count": 0, "super_topic_not_syn_count": 0, "favourites_count": 13, "created_at": "Tue Feb 08 22:14:46 +0800 2011", "following": false, "allow_all_act_msg": false, "geo_enabled": true, "verified": false, "verified_type": -1, "remark": "", "insecurity": {"sexual_content": false}, "ptype": 0, "allow_all_comment": true, "avatar_large": "https://tvax4.sinaimg.cn/crop.0.0.996.996.180/6a126104ly8h7ou4mnodtj20ro0ro0ul.jpg?KID=imgbed,tva&Expires=1670007160&ssig=y43wqH3TfO", "avatar_hd": "https://tvax4.sinaimg.cn/crop.0.0.996.996.1024/6a126104ly8h7ou4mnodtj20ro0ro0ul.jpg?KID=imgbed,tva&Expires=1670007160&ssig=RxIAsydf1z", "verified_reason": "", "verified_trade": "", "verified_reason_url": "", "verified_source": "", "verified_source_url": "", "follow_me": false, "like": false, "like_me": false, "online_status": 0, "bi_followers_count": 59, "lang": "zh-cn", "star": 0, "mbtype": 11, "mbrank": 2, "svip": 0, "mb_expire_time": 1677340800, "block_word": 0, "block_app": 1, "chaohua_ability": 0, "brand_ability": 0, "nft_ability": 0, "vplus_ability": 0, "wenda_ability": 0, "live_ability": 0, "gongyi_ability": 0, "paycolumn_ability": 0, "newbrand_ability": 0, "ecommerce_ability": 0, "hardfan_ability": 0, "credit_score": 80, "user_ability": 44303360, "cardid": "star_657", "avatargj_id": "gj_vip_375", "urank": 31, "story_read_state": -1, "vclub_member": 0, "is_teenager": 0, "is_guardian": 0, "is_teenager_list": 0, "pc_new": 7, "special_follow": false, "planet_video": 2, "video_mark": 15, "live_status": 0, "user_ability_extend": 0, "status_total_counter": {"total_cnt": 1253, "repost_cnt": 93, "comment_cnt": 384, "like_cnt": 722, "comment_like_cnt": 54}, "video_total_counter": {"play_cnt": 59270}, "brand_account": 0, "hongbaofei": 0, "tab_manage": "[0, 0]", "reward_status": 0, "green_mode": 0, "urisk": 8589934592, "avatar_type": 0}, "mid": "4789117018442626", "idstr": "4789117018442626", "match_ai_play_picture": false}, "reply_original_text": "[赞][握手][哈哈][允悲]", "readtimetype": "comment", "match_ai_play_picture": false}