{"created_at": "Sun Jul 03 21:45:33 +0800 2022", "id": 4787263123489263, "rootid": 4787248794960544, "rootidstr": "4787248794960544", "floor_number": 0, "text": "回复@愤青儿路小七:你没有去过农村吧，都是有几个小孩的都离的，大把的是", "disable_reply": 0, "restrictOperate": 0, "source_allowclick": 0, "source_type": 4, "source": "<a href=\"\" rel=\"nofollow\">来自江苏</a>", "user": {"id": 3948213969, "idstr": "3948213969", "class": 1, "screen_name": "111贫僧洗头用飘柔111", "name": "111贫僧洗头用飘柔111", "province": "41", "city": "14", "location": "河南 商丘", "description": "", "url": "", "profile_image_url": "https://tvax1.sinaimg.cn/crop.0.0.1002.1002.50/eb54f6d1ly8ga2etzvdi0j20ru0rutac.jpg?KID=imgbed,tva&Expires=1670007160&ssig=UUFYUtLzci", "light_ring": false, "cover_image_phone": "http://ww1.sinaimg.cn/crop.0.0.640.640.640/549d0121tw1egm1kjly3jj20hs0hsq4f.jpg", "profile_url": "u/3948213969", "domain": "", "weihao": "", "gender": "m", "followers_count": 259, "followers_count_str": "259", "friends_count": 196, "pagefriends_count": 9, "statuses_count": 116, "video_status_count": 0, "video_play_count": 0, "super_topic_not_syn_count": 0, "favourites_count": 4, "created_at": "Tue Dec 17 12:43:32 +0800 2013", "following": false, "allow_all_act_msg": false, "geo_enabled": true, "verified": false, "verified_type": -1, "remark": "", "insecurity": {"sexual_content": false}, "ptype": 0, "allow_all_comment": true, "avatar_large": "https://tvax1.sinaimg.cn/crop.0.0.1002.1002.180/eb54f6d1ly8ga2etzvdi0j20ru0rutac.jpg?KID=imgbed,tva&Expires=1670007160&ssig=L7%2FOpXzvoU", "avatar_hd": "https://tvax1.sinaimg.cn/crop.0.0.1002.1002.1024/eb54f6d1ly8ga2etzvdi0j20ru0rutac.jpg?KID=imgbed,tva&Expires=1670007160&ssig=jdNbEAPpb1", "verified_reason": "", "verified_trade": "", "verified_reason_url": "", "verified_source": "", "verified_source_url": "", "follow_me": false, "like": false, "like_me": false, "online_status": 0, "bi_followers_count": 2, "lang": "zh-cn", "star": 0, "mbtype": 0, "mbrank": 0, "svip": 0, "mb_expire_time": 0, "block_word": 0, "block_app": 0, "chaohua_ability": 0, "brand_ability": 0, "nft_ability": 0, "vplus_ability": 0, "wenda_ability": 0, "live_ability": 0, "gongyi_ability": 0, "paycolumn_ability": 0, "newbrand_ability": 0, "ecommerce_ability": 0, "hardfan_ability": 0, "credit_score": 80, "user_ability": 35651584, "urank": 9, "story_read_state": -1, "vclub_member": 0, "is_teenager": 0, "is_guardian": 0, "is_teenager_list": 0, "pc_new": 0, "special_follow": false, "planet_video": 0, "video_mark": 0, "live_status": 0, "user_ability_extend": 0, "status_total_counter": {"total_cnt": 66, "repost_cnt": 6, "comment_cnt": 29, "like_cnt": 31, "comment_like_cnt": 0}, "video_total_counter": {"play_cnt": -1}, "brand_account": 0, "hongbaofei": 0, "tab_manage": "[16910976, 0]", "reward_status": 0, "green_mode": 0, "urisk": 0, "avatar_type": 0}, "mid": "4787263123489263", "idstr": "4787263123489263", "status": {"visible": {"type": 0, "list_id": 0}, "created_at": "Sun Jul 03 20:28:03 +0800 2022", "id": 4787243618664798, "idstr": "4787243618664798", "mid": "4787243618664798", "can_edit": false, "version": 2, "show_additional_indication": 0, "text": "离婚率，高到这个地步，那么，相关的法律，是不是要改改了？\n你看，吉林！ ​", "textLength": 69, "source_allowclick": 0, "source_type": 1, "source": "<a href=\"http://app.weibo.com/t/feed/1tqBja\" rel=\"nofollow\">360安全浏览器</a>", "favorited": false, "truncated": false, "in_reply_to_status_id": "", "in_reply_to_user_id": "", "in_reply_to_screen_name": "", "pic_urls": [{"thumbnail_pic": "http://wx2.sinaimg.cn/thumbnail/4c795f70gy1h3u0fg475rj20j60sudkt.jpg"}], "thumbnail_pic": "http://wx2.sinaimg.cn/thumbnail/4c795f70gy1h3u0fg475rj20j60sudkt.jpg", "bmiddle_pic": "http://wx2.sinaimg.cn/bmiddle/4c795f70gy1h3u0fg475rj20j60sudkt.jpg", "original_pic": "http://wx2.sinaimg.cn/large/4c795f70gy1h3u0fg475rj20j60sudkt.jpg", "geo": null, "is_paid": false, "mblog_vip_type": 0, "user": {"id": 1283022704, "idstr": "1283022704", "class": 1, "screen_name": "杜子建", "name": "杜子建", "province": "11", "city": "1", "location": "北京 东城区", "description": "非名山不留仙笈，是真佛但聊家常； 大江湖莫问深浅，小风雨方证大千。", "url": "", "profile_image_url": "https://tvax3.sinaimg.cn/crop.0.0.1080.1080.50/4c795f70ly8gdjwqi4ljtj20u00u0th3.jpg?KID=imgbed,tva&Expires=1670007160&ssig=3o9i7RrRYx", "light_ring": false, "cover_image": "http://wx3.sinaimg.cn/crop.0.0.920.300/4c795f70gy1gz2yibb3qqj20pk08cmy1.jpg", "cover_image_phone": "http://ww3.sinaimg.cn/crop.0.0.0.0/4c795f70jw1ebhljsytlzj20k00k0dkf.jpg", "profile_url": "duzijian", "domain": "duzijian", "weihao": "", "gender": "m", "followers_count": 1696644, "followers_count_str": "169.7万", "friends_count": 2354, "pagefriends_count": 0, "statuses_count": 17370, "video_status_count": 602, "video_play_count": 0, "super_topic_not_syn_count": 0, "favourites_count": 949, "created_at": "Wed Sep 16 15:07:31 +0800 2009", "following": false, "allow_all_act_msg": true, "geo_enabled": false, "verified": true, "verified_type": 0, "remark": "", "insecurity": {"sexual_content": false}, "ptype": 8, "allow_all_comment": true, "avatar_large": "https://tvax3.sinaimg.cn/crop.0.0.1080.1080.180/4c795f70ly8gdjwqi4ljtj20u00u0th3.jpg?KID=imgbed,tva&Expires=1670007160&ssig=ogUYj1gtLC", "avatar_hd": "https://tvax3.sinaimg.cn/crop.0.0.1080.1080.1024/4c795f70ly8gdjwqi4ljtj20u00u0th3.jpg?KID=imgbed,tva&Expires=1670007160&ssig=DnwA02yam%2F", "verified_reason": "社会化媒体营销研究者、《微力无边》作者", "verified_trade": "1332", "verified_reason_url": "", "verified_source": "", "verified_source_url": "", "verified_state": 0, "verified_level": 3, "verified_type_ext": 1, "has_service_tel": false, "verified_reason_modified": "", "verified_contact_name": "", "verified_contact_email": "", "verified_contact_mobile": "", "follow_me": false, "like": false, "like_me": false, "online_status": 0, "bi_followers_count": 1981, "lang": "zh-cn", "star": 0, "mbtype": 12, "mbrank": 7, "svip": 0, "mb_expire_time": 1701532800, "block_word": 1, "block_app": 1, "chaohua_ability": 0, "brand_ability": 0, "nft_ability": 0, "vplus_ability": 1, "wenda_ability": 0, "live_ability": 0, "gongyi_ability": 0, "paycolumn_ability": 0, "newbrand_ability": 0, "ecommerce_ability": 0, "hardfan_ability": 1, "ability_tags": "电商,社交,文化产业,生活消费", "credit_score": 80, "user_ability": -2135528936, "cardid": "star_1628", "avatargj_id": "gj_vip_126", "urank": 48, "story_read_state": -1, "verified_detail": {"custom": 1, "data": [{"key": 1, "sub_key": 0, "weight": 10, "desc": "社会化媒体营销研究者、《微力无边》作者", "timestamp": 0, "verify_extend": {"real_name_verified": "1"}}]}, "vclub_member": 0, "is_teenager": 0, "is_guardian": 0, "is_teenager_list": 0, "pc_new": 6, "special_follow": false, "planet_video": 2, "video_mark": 15, "live_status": 0, "user_ability_extend": 1, "status_total_counter": {"total_cnt": 3031775, "repost_cnt": 962440, "comment_cnt": 611663, "like_cnt": 1143408, "comment_like_cnt": 314264}, "video_total_counter": {"play_cnt": 14839637}, "brand_account": 0, "hongbaofei": 0, "tab_manage": "[0, 0]", "reward_status": 0, "green_mode": 0, "urisk": 34896609280, "avatar_type": 0}, "picStatus": "1", "reposts_count": 0, "comments_count": 0, "reprint_cmt_count": 0, "attitudes_count": 0, "pending_approval_count": 0, "isLongText": false, "reward_exhibition_type": 0, "hide_flag": 0, "mlevel": 128, "show_mlevel": 0, "biz_feature": 0, "hasActionTypeCard": 0, "darwin_tags": [], "hot_weibo_tags": [], "text_tag_tips": [], "mblogtype": 0, "userType": 0, "mlevelSource": "monitor", "more_info_type": 0, "cardid": "star_044", "number_display_strategy": {"apply_scenario_flag": 3, "display_text_min_number": 1000000, "display_text": "100万+"}, "positive_recom_flag": 0, "content_auth": 0, "gif_ids": "", "is_show_bulletin": 2, "comment_manage_info": {"comment_permission_type": -1, "approval_comment_type": 0, "comment_sort_type": 0, "ai_play_picture_type": 0}, "pic_num": 1, "can_reprint": false, "new_comment_style": 0}, "reply_comment": {"created_at": "Sun Jul 03 21:42:07 +0800 2022", "id": 4787262255273843, "rootid": 4787248794960544, "rootidstr": "4787248794960544", "floor_number": 0, "text": "回复@111贫僧洗头用飘柔111:离婚率高必然的结果就是生育率低，所以你说的现象不会存在", "disable_reply": 0, "restrictOperate": 0, "user": {"id": 1753230603, "idstr": "1753230603", "class": 1, "screen_name": "正能量剪片员", "name": "正能量剪片员", "province": "11", "city": "1000", "location": "北京", "description": "美女混剪~车牌混剪", "url": "", "profile_image_url": "https://tvax2.sinaimg.cn/crop.0.0.798.798.50/68802d0bly8h7jo4pgwhnj20m60m63zo.jpg?KID=imgbed,tva&Expires=1670007160&ssig=oSEzbtTiFv", "light_ring": false, "cover_image": "http://ww1.sinaimg.cn/crop.0.90.980.300/68802d0bjw1dzjyled426j.jpg", "cover_image_phone": "http://ww1.sinaimg.cn/crop.0.0.640.640.640/549d0121tw1egm1kjly3jj20hs0hsq4f.jpg", "profile_url": "luxiao7", "domain": "luxiao7", "weihao": "", "gender": "m", "followers_count": 3168, "followers_count_str": "3168", "friends_count": 405, "pagefriends_count": 5, "statuses_count": 28, "video_status_count": 4, "video_play_count": 0, "super_topic_not_syn_count": 0, "favourites_count": 350, "created_at": "Thu Jun 10 01:14:51 +0800 2010", "following": false, "allow_all_act_msg": true, "geo_enabled": true, "verified": false, "verified_type": -1, "remark": "", "insecurity": {"sexual_content": false}, "ptype": 0, "allow_all_comment": true, "avatar_large": "https://tvax2.sinaimg.cn/crop.0.0.798.798.180/68802d0bly8h7jo4pgwhnj20m60m63zo.jpg?KID=imgbed,tva&Expires=1670007160&ssig=EszKb3F1lU", "avatar_hd": "https://tvax2.sinaimg.cn/crop.0.0.798.798.1024/68802d0bly8h7jo4pgwhnj20m60m63zo.jpg?KID=imgbed,tva&Expires=1670007160&ssig=fTLakZ4zqo", "verified_reason": "", "verified_trade": "", "verified_reason_url": "", "verified_source": "", "verified_source_url": "", "follow_me": false, "like": false, "like_me": false, "online_status": 0, "bi_followers_count": 111, "lang": "zh-cn", "star": 0, "mbtype": 12, "mbrank": 2, "svip": 0, "mb_expire_time": 1702915200, "block_word": 0, "block_app": 1, "chaohua_ability": 0, "brand_ability": 0, "nft_ability": 0, "vplus_ability": 0, "wenda_ability": 0, "live_ability": 0, "gongyi_ability": 0, "paycolumn_ability": 0, "newbrand_ability": 0, "ecommerce_ability": 0, "hardfan_ability": 0, "credit_score": 76, "user_ability": 2359296, "cardid": "star_1189", "avatargj_id": "gj_vip_011", "urank": 34, "story_read_state": -1, "vclub_member": 0, "is_teenager": 0, "is_guardian": 0, "is_teenager_list": 0, "pc_new": 0, "special_follow": false, "planet_video": 2, "video_mark": 0, "live_status": 0, "user_ability_extend": 0, "status_total_counter": {"total_cnt": 270, "repost_cnt": 16, "comment_cnt": 211, "like_cnt": 43, "comment_like_cnt": 0}, "video_total_counter": {"play_cnt": 2461}, "brand_account": 0, "hongbaofei": 0, "tab_manage": "[0, 0]", "reward_status": 0, "green_mode": 0, "urisk": 17179869184, "avatar_type": 0}, "mid": "4787262255273843", "idstr": "4787262255273843", "match_ai_play_picture": false}, "reply_original_text": "你没有去过农村吧，都是有几个小孩的都离的，大把的是", "readtimetype": "comment", "match_ai_play_picture": false}