{"created_at": "Sat Sep 10 12:34:32 +0800 2022", "id": 4812129218069089, "rootid": 4812129218069089, "rootidstr": "4812129218069089", "floor_number": 18, "text": "就作吧", "disable_reply": 0, "restrictOperate": 0, "source_allowclick": 0, "source_type": 4, "source": "<a href=\"\" rel=\"nofollow\">来自广东</a>", "user": {"id": 6677534185, "idstr": "6677534185", "class": 1, "screen_name": "清晨的小鹿LH7", "name": "清晨的小鹿LH7", "province": "100", "city": "1000", "location": "其他", "description": "独一无二的！", "url": "", "profile_image_url": "https://tvax1.sinaimg.cn/crop.0.0.1080.1080.50/007hUfGhly8h7y2cpmd50j30u00u1q6p.jpg?KID=imgbed,tva&Expires=1669712071&ssig=WR9DRKdIOO", "light_ring": false, "cover_image_phone": "http://ww1.sinaimg.cn/crop.0.0.640.640.640/549d0121tw1egm1kjly3jj20hs0hsq4f.jpg", "profile_url": "u/6677534185", "domain": "", "weihao": "", "gender": "m", "followers_count": 183, "followers_count_str": "183", "friends_count": 537, "pagefriends_count": 27, "statuses_count": 26470, "video_status_count": 49, "video_play_count": 0, "super_topic_not_syn_count": 0, "favourites_count": 552, "created_at": "Sun Sep 02 22:16:44 +0800 2018", "following": false, "allow_all_act_msg": false, "geo_enabled": true, "verified": false, "verified_type": -1, "remark": "", "insecurity": {"sexual_content": false}, "ptype": 0, "allow_all_comment": true, "avatar_large": "https://tvax1.sinaimg.cn/crop.0.0.1080.1080.180/007hUfGhly8h7y2cpmd50j30u00u1q6p.jpg?KID=imgbed,tva&Expires=1669712071&ssig=PfpZ6zvBzt", "avatar_hd": "https://tvax1.sinaimg.cn/crop.0.0.1080.1080.1024/007hUfGhly8h7y2cpmd50j30u00u1q6p.jpg?KID=imgbed,tva&Expires=1669712071&ssig=W1mlyfcIQr", "verified_reason": "", "verified_trade": "", "verified_reason_url": "", "verified_source": "", "verified_source_url": "", "follow_me": false, "like": false, "like_me": false, "online_status": 0, "bi_followers_count": 66, "lang": "zh-cn", "star": 0, "mbtype": 0, "mbrank": 0, "svip": 0, "mb_expire_time": 0, "block_word": 0, "block_app": 0, "chaohua_ability": 0, "brand_ability": 0, "nft_ability": 0, "vplus_ability": 0, "wenda_ability": 0, "live_ability": 0, "gongyi_ability": 0, "paycolumn_ability": 0, "newbrand_ability": 0, "ecommerce_ability": 0, "hardfan_ability": 0, "credit_score": 80, "user_ability": 2359296, "urank": 4, "story_read_state": -1, "vclub_member": 0, "is_teenager": 0, "is_guardian": 1, "is_teenager_list": 0, "pc_new": 0, "special_follow": false, "planet_video": 0, "video_mark": 14, "live_status": 0, "user_ability_extend": 0, "status_total_counter": {"total_cnt": 9352, "repost_cnt": 1182, "comment_cnt": 1145, "like_cnt": 6950, "comment_like_cnt": 75}, "video_total_counter": {"play_cnt": 24}, "brand_account": 0, "hongbaofei": 0, "tab_manage": "[0, 0]", "reward_status": 0, "green_mode": 0, "urisk": 17179869184, "avatar_type": 0}, "mid": "4812129218069089", "idstr": "4812129218069089", "status": {"visible": {"type": 0, "list_id": 0}, "created_at": "Sat Sep 10 11:20:49 +0800 2022", "id": 4812110661687453, "idstr": "4812110661687453", "mid": "4812110661687453", "can_edit": false, "version": 4, "show_additional_indication": 0, "text": "据央行透露，疫情重点地区收到的现金都要消毒隔离14天 http://t.cn/A6SHFBWk ​", "textLength": 71, "source_allowclick": 0, "source_type": 1, "source": "<a href=\"http://app.weibo.com/t/feed/xEsRX\" rel=\"nofollow\">新版微博 weibo.com</a>", "favorited": false, "truncated": false, "in_reply_to_status_id": "", "in_reply_to_user_id": "", "in_reply_to_screen_name": "", "pic_urls": [], "geo": null, "is_paid": false, "mblog_vip_type": 0, "user": {"id": 6630168366, "idstr": "6630168366", "class": 1, "screen_name": "他已化作胡笑狗在人间", "name": "他已化作胡笑狗在人间", "province": "100", "city": "1000", "location": "其他", "description": "我都是网上看来的", "url": "", "profile_image_url": "https://tvax3.sinaimg.cn/crop.0.0.512.512.50/007eHvFsly8h8k8fx0cfrj30e80e8q2p.jpg?KID=imgbed,tva&Expires=1669712071&ssig=fVIkP1F7ly", "light_ring": false, "cover_image": "http://wx1.sinaimg.cn/crop.0.0.920.300/007eHvFsgy1grvuyvuz00j30pk08cdr2.jpg", "cover_image_phone": "http://ww1.sinaimg.cn/crop.0.0.640.640.640/9d44112bjw1f1xl1c10tuj20hs0hs0tw.jpg", "profile_url": "u/6630168366", "domain": "", "weihao": "", "gender": "m", "followers_count": 42003, "followers_count_str": "4.2万", "friends_count": 6104, "pagefriends_count": 1, "statuses_count": 14535, "video_status_count": 664, "video_play_count": 0, "super_topic_not_syn_count": 0, "favourites_count": 40, "created_at": "Sat Aug 11 07:43:21 +0800 2018", "following": false, "allow_all_act_msg": false, "geo_enabled": true, "verified": false, "verified_type": -1, "remark": "", "insecurity": {"sexual_content": false}, "ptype": 0, "allow_all_comment": true, "avatar_large": "https://tvax3.sinaimg.cn/crop.0.0.512.512.180/007eHvFsly8h8k8fx0cfrj30e80e8q2p.jpg?KID=imgbed,tva&Expires=1669712071&ssig=7eFALoYSjk", "avatar_hd": "https://tvax3.sinaimg.cn/crop.0.0.512.512.1024/007eHvFsly8h8k8fx0cfrj30e80e8q2p.jpg?KID=imgbed,tva&Expires=1669712071&ssig=864hM%2FmP7e", "verified_reason": "", "verified_trade": "", "verified_reason_url": "", "verified_source": "", "verified_source_url": "", "follow_me": false, "like": false, "like_me": false, "online_status": 0, "bi_followers_count": 1956, "lang": "zh-cn", "star": 0, "mbtype": 12, "mbrank": 5, "svip": 0, "mb_expire_time": 1727280000, "block_word": 0, "block_app": 1, "chaohua_ability": 0, "brand_ability": 0, "nft_ability": 0, "vplus_ability": 0, "wenda_ability": 0, "live_ability": 0, "gongyi_ability": 0, "paycolumn_ability": 0, "newbrand_ability": 0, "ecommerce_ability": 0, "hardfan_ability": 0, "credit_score": 80, "user_ability": 8651272, "urank": 18, "story_read_state": -1, "vclub_member": 0, "is_teenager": 0, "is_guardian": 0, "is_teenager_list": 0, "pc_new": 6, "special_follow": false, "planet_video": 2, "video_mark": 15, "live_status": 0, "user_ability_extend": 0, "status_total_counter": {"total_cnt": 1901848, "repost_cnt": 324634, "comment_cnt": 75651, "like_cnt": 280029, "comment_like_cnt": 1221534}, "video_total_counter": {"play_cnt": 20274370}, "brand_account": 0, "hongbaofei": 0, "tab_manage": "[0, 0]", "reward_status": 0, "green_mode": 0, "urisk": 52076478472, "avatar_type": 0}, "annotations": [{}, {}, {"mapi_request": true}], "reposts_count": 0, "comments_count": 0, "reprint_cmt_count": 0, "attitudes_count": 0, "pending_approval_count": 0, "isLongText": false, "reward_exhibition_type": 0, "hide_flag": 0, "mlevel": 128, "show_mlevel": 0, "biz_ids": [230444], "biz_feature": 4294967304, "hasActionTypeCard": 0, "darwin_tags": [], "hot_weibo_tags": [], "text_tag_tips": [], "mblogtype": 0, "userType": 0, "mlevelSource": "monitor", "more_info_type": 0, "number_display_strategy": {"apply_scenario_flag": 3, "display_text_min_number": 1000000, "display_text": "100万+"}, "positive_recom_flag": 0, "content_auth": 0, "gif_ids": "", "is_show_bulletin": 2, "comment_manage_info": {"comment_permission_type": -1, "approval_comment_type": 0, "comment_sort_type": 0, "ai_play_picture_type": 0}, "pic_num": 0, "fid": 4812110403207272, "can_reprint": false, "new_comment_style": 0}, "readtimetype": "comment", "match_ai_play_picture": false}