{"created_at": "Sun Nov 20 09:56:28 +0800 2022", "id": 4837818972770501, "rootid": 4837816985719497, "rootidstr": "4837816985719497", "floor_number": 0, "text": "回复@魏完结篇:对啊！一条都不管！继续封城+全员核酸！tmd有完没完啊，兰州自治我真的[怒骂][怒骂][怒骂][怒骂]", "disable_reply": 0, "is_mblog_author": true, "restrictOperate": 0, "source_allowclick": 0, "source_type": 4, "source": "<a href=\"\" rel=\"nofollow\">来自甘肃</a>", "comment_badge": [{"pic_url": "https://h5.sinaimg.cn/upload/1007/25/2019/05/17/feed_icon_poster_identity133low.png", "name": "blogger", "length": 1.33, "actionlog": {"act_code": "3671", "ext": "status:author"}, "scheme": "https://kefu.weibo.com/faqdetail?id=20848"}], "user": {"id": 5666912787, "idstr": "5666912787", "class": 1, "screen_name": "心是晴朗的LyJ", "name": "心是晴朗的LyJ", "province": "62", "city": "1", "location": "甘肃 兰州", "description": "-但行好事 不渡他人。", "url": "", "profile_image_url": "https://tvax3.sinaimg.cn/crop.0.0.996.996.50/006bvMT9ly8gfwv636f3uj30ro0rotcg.jpg?KID=imgbed,tva&Expires=1669635561&ssig=xWyXEvceys", "light_ring": false, "cover_image_phone": "http://ww1.sinaimg.cn/crop.0.0.640.640.640/549d0121tw1egm1kjly3jj20hs0hsq4f.jpg", "profile_url": "u/5666912787", "domain": "", "weihao": "", "gender": "f", "followers_count": 156, "followers_count_str": "156", "friends_count": 224, "pagefriends_count": 1, "statuses_count": 260, "video_status_count": 5, "video_play_count": 0, "super_topic_not_syn_count": 0, "favourites_count": 54, "created_at": "Sun Aug 02 09:33:45 +0800 2015", "following": false, "allow_all_act_msg": false, "geo_enabled": true, "verified": false, "verified_type": -1, "remark": "", "insecurity": {"sexual_content": false}, "ptype": 0, "allow_all_comment": true, "avatar_large": "https://tvax3.sinaimg.cn/crop.0.0.996.996.180/006bvMT9ly8gfwv636f3uj30ro0rotcg.jpg?KID=imgbed,tva&Expires=1669635561&ssig=Vw8RWq%2Bf%2Fg", "avatar_hd": "https://tvax3.sinaimg.cn/crop.0.0.996.996.1024/006bvMT9ly8gfwv636f3uj30ro0rotcg.jpg?KID=imgbed,tva&Expires=1669635561&ssig=KFmB8mkmW2", "verified_reason": "", "verified_trade": "", "verified_reason_url": "", "verified_source": "", "verified_source_url": "", "follow_me": false, "like": false, "like_me": false, "online_status": 0, "bi_followers_count": 75, "lang": "zh-cn", "star": 0, "mbtype": 12, "mbrank": 2, "svip": 0, "mb_expire_time": 1699372800, "block_word": 0, "block_app": 1, "chaohua_ability": 0, "brand_ability": 0, "nft_ability": 0, "vplus_ability": 0, "wenda_ability": 0, "live_ability": 0, "gongyi_ability": 0, "paycolumn_ability": 0, "newbrand_ability": 0, "ecommerce_ability": 0, "hardfan_ability": 0, "credit_score": 80, "user_ability": 35914752, "urank": 21, "story_read_state": -1, "vclub_member": 0, "is_teenager": 0, "is_guardian": 0, "is_teenager_list": 0, "pc_new": 0, "special_follow": false, "planet_video": 2, "video_mark": 14, "live_status": 0, "user_ability_extend": 0, "status_total_counter": {"total_cnt": 2753, "repost_cnt": 9, "comment_cnt": 1525, "like_cnt": 1181, "comment_like_cnt": 38}, "video_total_counter": {"play_cnt": 2238}, "brand_account": 0, "hongbaofei": 0, "tab_manage": "[0, 0]", "reward_status": 0, "green_mode": 0, "urisk": 0, "avatar_type": 0}, "mid": "4837818972770501", "idstr": "4837818972770501", "status": {"visible": {"type": 0, "list_id": 0}, "created_at": "Sun Nov 20 09:43:57 +0800 2022", "id": 4837815822848511, "idstr": "4837815822848511", "mid": "4837815822848511", "can_edit": false, "version": 2, "show_additional_indication": 0, "text": "#坚持动态清零##兰州疫情防控# 又静默了，什么都不说又静默了，明明通知的周一大家复工，结果今天各个小区全部静默了，还是做完全员核酸之后直接锁门的那种，连个通知都没有，我真的想认真的问一下：七八个方舱+居家的无数阳怎么动态清零？？怎么清零？怎么清啊到底？ ​", "textLength": 248, "source_allowclick": 1, "source_type": 1, "source": "<a href=\"http://app.weibo.com/t/feed/5uakoD\" rel=\"nofollow\">HUAWEI Mate 40 Pro</a>", "favorited": false, "truncated": false, "in_reply_to_status_id": "", "in_reply_to_user_id": "", "in_reply_to_screen_name": "", "pic_urls": [], "geo": null, "is_paid": false, "mblog_vip_type": 0, "user": {"id": 5666912787, "idstr": "5666912787", "class": 1, "screen_name": "心是晴朗的LyJ", "name": "心是晴朗的LyJ", "province": "62", "city": "1", "location": "甘肃 兰州", "description": "-但行好事 不渡他人。", "url": "", "profile_image_url": "https://tvax3.sinaimg.cn/crop.0.0.996.996.50/006bvMT9ly8gfwv636f3uj30ro0rotcg.jpg?KID=imgbed,tva&Expires=1669635561&ssig=xWyXEvceys", "light_ring": false, "cover_image_phone": "http://ww1.sinaimg.cn/crop.0.0.640.640.640/549d0121tw1egm1kjly3jj20hs0hsq4f.jpg", "profile_url": "u/5666912787", "domain": "", "weihao": "", "gender": "f", "followers_count": 156, "followers_count_str": "156", "friends_count": 224, "pagefriends_count": 1, "statuses_count": 260, "video_status_count": 5, "video_play_count": 0, "super_topic_not_syn_count": 0, "favourites_count": 54, "created_at": "Sun Aug 02 09:33:45 +0800 2015", "following": false, "allow_all_act_msg": false, "geo_enabled": true, "verified": false, "verified_type": -1, "remark": "", "insecurity": {"sexual_content": false}, "ptype": 0, "allow_all_comment": true, "avatar_large": "https://tvax3.sinaimg.cn/crop.0.0.996.996.180/006bvMT9ly8gfwv636f3uj30ro0rotcg.jpg?KID=imgbed,tva&Expires=1669635561&ssig=Vw8RWq%2Bf%2Fg", "avatar_hd": "https://tvax3.sinaimg.cn/crop.0.0.996.996.1024/006bvMT9ly8gfwv636f3uj30ro0rotcg.jpg?KID=imgbed,tva&Expires=1669635561&ssig=KFmB8mkmW2", "verified_reason": "", "verified_trade": "", "verified_reason_url": "", "verified_source": "", "verified_source_url": "", "follow_me": false, "like": false, "like_me": false, "online_status": 0, "bi_followers_count": 75, "lang": "zh-cn", "star": 0, "mbtype": 12, "mbrank": 2, "svip": 0, "mb_expire_time": 1699372800, "block_word": 0, "block_app": 1, "chaohua_ability": 0, "brand_ability": 0, "nft_ability": 0, "vplus_ability": 0, "wenda_ability": 0, "live_ability": 0, "gongyi_ability": 0, "paycolumn_ability": 0, "newbrand_ability": 0, "ecommerce_ability": 0, "hardfan_ability": 0, "credit_score": 80, "user_ability": 35914752, "urank": 21, "story_read_state": -1, "vclub_member": 0, "is_teenager": 0, "is_guardian": 0, "is_teenager_list": 0, "pc_new": 0, "special_follow": false, "planet_video": 2, "video_mark": 14, "live_status": 0, "user_ability_extend": 0, "status_total_counter": {"total_cnt": 2753, "repost_cnt": 9, "comment_cnt": 1525, "like_cnt": 1181, "comment_like_cnt": 38}, "video_total_counter": {"play_cnt": 2238}, "brand_account": 0, "hongbaofei": 0, "tab_manage": "[0, 0]", "reward_status": 0, "green_mode": 0, "urisk": 0, "avatar_type": 0}, "annotations": [{}, {"shooting": 1, "client_mblogid": "2b83969c-6f81-426b-afd9-b245a15eb62d"}, {"mapi_request": true}], "reposts_count": 0, "comments_count": 0, "reprint_cmt_count": 0, "attitudes_count": 0, "pending_approval_count": 0, "isLongText": false, "reward_exhibition_type": 0, "hide_flag": 0, "mlevel": 128, "show_mlevel": 0, "biz_feature": 0, "page_type": 64, "hasActionTypeCard": 0, "darwin_tags": [], "hot_weibo_tags": [], "text_tag_tips": [], "mblogtype": 0, "userType": 0, "mlevelSource": "monitor", "more_info_type": 0, "number_display_strategy": {"apply_scenario_flag": 3, "display_text_min_number": 1000000, "display_text": "100万+"}, "positive_recom_flag": 0, "content_auth": 0, "gif_ids": "", "is_show_bulletin": 2, "comment_manage_info": {"comment_permission_type": -1, "approval_comment_type": 0, "comment_sort_type": 0, "ai_play_picture_type": 0}, "pic_num": 0, "can_reprint": false, "new_comment_style": 0}, "reply_comment": {"created_at": "Sun Nov 20 09:53:23 +0800 2022", "id": 4837818196562644, "rootid": 4837816985719497, "rootidstr": "4837816985719497", "floor_number": 0, "text": "回复@心是晴朗的LyJ:离谱，为啥啊？二十条是一条也不管了呗", "disable_reply": 0, "restrictOperate": 0, "user": {"id": 2212622763, "idstr": "2212622763", "class": 1, "screen_name": "魏完结篇", "name": "魏完结篇", "province": "62", "city": "1000", "location": "甘肃", "description": "疯狂的钻石有黄金的体验", "url": "", "profile_image_url": "https://tvax1.sinaimg.cn/crop.0.0.996.996.50/83e1f1ably8fu7d5c2d14j20ro0rojuc.jpg?KID=imgbed,tva&Expires=1669635561&ssig=o0splQcPCY", "light_ring": false, "cover_image_phone": "http://wx1.sinaimg.cn/crop.0.0.640.640.640/83e1f1ably1fz1pgdtjhpj20u00u0tvz.jpg;http://wx4.sinaimg.cn/crop.0.0.640.640.640/83e1f1ably1fz1pgo001oj20u00u0h5q.jpg;http://wx1.sinaimg.cn/crop.0.0.640.640.640/83e1f1ably1fz1pgz11apj20u00u0gun.jpg;http://wx4.sinaimg.cn/crop.0.0.640.640.640/83e1f1ably1fz1ph41hu8j20u00u0gwf.jpg;http://wx2.sinaimg.cn/crop.0.0.640.640.640/83e1f1ably1fz1pj8ibu4j20u00u0qcb.jpg", "profile_url": "u/2212622763", "domain": "", "weihao": "", "gender": "m", "followers_count": 146, "followers_count_str": "146", "friends_count": 434, "pagefriends_count": 11, "statuses_count": 834, "video_status_count": 8, "video_play_count": 0, "super_topic_not_syn_count": 0, "favourites_count": 109, "created_at": "Sat Jul 02 00:24:09 +0800 2011", "following": false, "allow_all_act_msg": false, "geo_enabled": true, "verified": false, "verified_type": -1, "remark": "", "insecurity": {"sexual_content": false}, "ptype": 0, "allow_all_comment": true, "avatar_large": "https://tvax1.sinaimg.cn/crop.0.0.996.996.180/83e1f1ably8fu7d5c2d14j20ro0rojuc.jpg?KID=imgbed,tva&Expires=1669635561&ssig=eCwj2xWQSr", "avatar_hd": "https://tvax1.sinaimg.cn/crop.0.0.996.996.1024/83e1f1ably8fu7d5c2d14j20ro0rojuc.jpg?KID=imgbed,tva&Expires=1669635561&ssig=Zg%2BYTlkExA", "verified_reason": "", "verified_trade": "", "verified_reason_url": "", "verified_source": "", "verified_source_url": "", "follow_me": false, "like": false, "like_me": false, "online_status": 0, "bi_followers_count": 66, "lang": "zh-cn", "star": 0, "mbtype": 12, "mbrank": 7, "svip": 0, "mb_expire_time": 1774627200, "block_word": 1, "block_app": 1, "chaohua_ability": 0, "brand_ability": 0, "nft_ability": 0, "vplus_ability": 0, "wenda_ability": 0, "live_ability": 0, "gongyi_ability": 0, "paycolumn_ability": 0, "newbrand_ability": 0, "ecommerce_ability": 0, "hardfan_ability": 0, "credit_score": 80, "user_ability": 3408896, "cardid": "star_1244", "avatargj_id": "gj_vip_021", "urank": 38, "story_read_state": -1, "vclub_member": 0, "is_teenager": 0, "is_guardian": 0, "is_teenager_list": 0, "pc_new": 6, "special_follow": false, "planet_video": 2, "video_mark": 2, "live_status": 0, "user_ability_extend": 0, "status_total_counter": {"total_cnt": 5221, "repost_cnt": 27, "comment_cnt": 3964, "like_cnt": 1219, "comment_like_cnt": 11}, "video_total_counter": {"play_cnt": 417}, "brand_account": 0, "hongbaofei": 0, "tab_manage": "[4329179264, 0]", "reward_status": 0, "green_mode": 0, "urisk": 52076478464, "avatar_type": 0}, "mid": "4837818196562644", "idstr": "4837818196562644", "match_ai_play_picture": false}, "reply_original_text": "对啊！一条都不管！继续封城+全员核酸！tmd有完没完啊，兰州自治我真的[怒骂][怒骂][怒骂][怒骂]", "readtimetype": "comment", "match_ai_play_picture": false}