{"mid": "1926909715", "uid": "Mjh9FqLXC", "name": "第一财经日报", "time": "2022-12-12 19:53:00", "local": "", "iphone": "", "context": "【#专家称收集部门要主动删除行程卡个人数据#】。继“新十条”不再对跨地区流动人员查验核酸检测阴性证明和健康码，行程卡也将正式退场。。12月12日，通信行程卡官方微信发布通知，称将在12月13日0时起，正式下线“通信行程卡”服务。“通信行程卡”短信、网页、微信小程序、支付宝小程序、APP等查询渠道将同步下线。。至此，诞生1000余天的行程卡正式“下线”。绿色箭头、星号标识这些曾经出现的符号也彻底退出历史舞台。根据5月26日工信部公布的数据，彼时行程卡用户查询次数累计达到556亿次以上。。作为最初支持疫情防控的技术手段之一，“通信行程卡”（简称“行程卡”）是由中国信通院联合中国电信、中国移动、中国联通三家运营商企业利用手机“信令数据”，通过用户手机所处的基站位置获取，为全国手机用户免费提供的查询服务，手机用户可通过服务，查询本人前14天到过的所有地市信息。。最初上线时，因为只需要绑定手机号即可识别到访地点，操作简单且全国通用，为支持人员合理流动、安全复工复产提供有力支撑。上线仅16天后，也就是到2020年2月29日，行程卡已为全国16亿手机用户，免费提供其本人14天内到访地服务。。随着疫情形势的不断变化，行程卡也在适时做出调整。。2021年1月8日20时30分起，行程卡将不再对包含中高风险区域的城市名称标记为红色，变更为在该城市名称后以*（星号）标记，*（星号）标记表示用户前14天内到访过的该城市当前存在中风险或高风险地区，并不表示用户实际到访过这些中高风险地区。。2022年6月29日，取消通信行程卡“星号”标记。7月8日凌晨，行程卡官方微信公众号再次发文：即日起“通信行程卡”查询结果的覆盖时间范围由“14天”调整为“7天”。。如今，行程卡虽即将下线，那些绑定在移动APP上的海量数据该如何处理？。国务院联防联控机制综合组此前印发的《新冠肺炎疫情防控健康码管理与服务暂行办法》，第二十四条明确加强个人隐私保护，为疫情防控、疾病防治收集的个人信息，不得用于其他用途。第二十九条明确，任何组织和个人发现违规违法收集、利用、公开个人信息的行为，可以及时向网信、公安部门举报。。因此，如果要变更健康码使用目的的，对其已经收集存储的个人信息，应当再次征得的用户同意的方式进行处理或者具备其他合法性基础（比如政府为履行法定职责或者法定义务所必需），再继续保留以用作新目的。。工信部信息通信经济专家委员会委员、中国行为法学会网络与数据法学研究部主任王春晖认为，“通信大数据行程卡”的数据分析的是“手机信令数据”，通过用户手机所处的基站位置获取，信令数据的采集、传输和处理过程自动化，有严格的安全隐私保障机制，查询结果实时可得、方便快捷，为我国的疫情防控做出了重大贡献。。王春晖告诉第一财经记者，行程卡、健康码的使命已经结束，处理个人信息的目的已经不再必要，应当依法全部删除。行程卡下线，个人数据怎么办？专家称收集部门要主动删除", "comment_num": "5", "like_num": "33", "user": {"focus": "2046", "fans": "2140万", "tweet": "10万"}}