{"created_at": "Sun Dec 11 14:06:58 +0800 2022", "id": 4845492163314631, "rootid": 4845489936141261, "rootidstr": "4845489936141261", "floor_number": 0, "text": "回复@上官靓颖:[心]", "disable_reply": 0, "is_mblog_author": true, "restrictOperate": 0, "source_allowclick": 0, "source_type": 4, "source": "<a href=\"\" rel=\"nofollow\">来自山东</a>", "comment_badge": [{"pic_url": "https://h5.sinaimg.cn/upload/1007/25/2019/05/17/feed_icon_poster_identity133low.png", "name": "blogger", "length": 1.33, "actionlog": {"act_code": "3671", "ext": "status:author"}, "scheme": "https://kefu.weibo.com/faqdetail?id=20848"}], "user": {"id": 3096432491, "idstr": "3096432491", "class": 1, "screen_name": "进击的子路", "name": "进击的子路", "province": "37", "city": "1000", "location": "山东", "description": "🌱弘扬社会主义核心价值观，分享社会正能量，做新时代火炬传承者🇨🇳", "url": "", "profile_image_url": "https://tvax2.sinaimg.cn/crop.0.0.1080.1080.50/b88fcf6bly8h8chcksircj20u00u0n1h.jpg?KID=imgbed,tva&Expires=1671278853&ssig=YSrFqn0NHr", "light_ring": false, "cover_image": "https://wx3.sinaimg.cn/crop.0.0.920.300/b88fcf6bly1gsn8mnjdy1j20pk08c0ts.jpg", "cover_image_phone": "https://wx2.sinaimg.cn/crop.0.0.640.640.640/b88fcf6bly1h7ld9ctz24j20u00u0abg.jpg", "profile_url": "weiyulu0125", "domain": "weiyulu0125", "weihao": "", "gender": "m", "followers_count": 16413, "followers_count_str": "1.6万", "friends_count": 1675, "pagefriends_count": 79, "statuses_count": 9569, "video_status_count": 2900, "video_play_count": 0, "super_topic_not_syn_count": 59, "favourites_count": 11, "created_at": "Fri Nov 09 11:30:52 +0800 2012", "following": false, "allow_all_act_msg": false, "geo_enabled": true, "verified": true, "verified_type": 0, "remark": "", "insecurity": {"sexual_content": false}, "ptype": 0, "allow_all_comment": true, "avatar_large": "https://tvax2.sinaimg.cn/crop.0.0.1080.1080.180/b88fcf6bly8h8chcksircj20u00u0n1h.jpg?KID=imgbed,tva&Expires=1671278853&ssig=DMaQO4QI3d", "avatar_hd": "https://tvax2.sinaimg.cn/crop.0.0.1080.1080.1024/b88fcf6bly8h8chcksircj20u00u0n1h.jpg?KID=imgbed,tva&Expires=1671278853&ssig=%2FKSu60xuII", "verified_reason": "退役军人 军事博主 超话主持人（军事超话） 微博原创视频博主", "verified_trade": "", "verified_reason_url": "", "verified_source": "", "verified_source_url": "", "verified_state": 0, "verified_level": 3, "verified_type_ext": 1, "has_service_tel": false, "verified_reason_modified": "", "verified_contact_name": "", "verified_contact_email": "", "verified_contact_mobile": "", "follow_me": false, "like": false, "like_me": false, "online_status": 0, "bi_followers_count": 1242, "lang": "zh-cn", "star": 0, "mbtype": 12, "mbrank": 8, "svip": 1, "mb_expire_time": 1763308800, "block_word": 0, "block_app": 1, "chaohua_ability": 0, "brand_ability": 0, "nft_ability": 0, "vplus_ability": 0, "wenda_ability": 0, "live_ability": 0, "gongyi_ability": 0, "paycolumn_ability": 0, "newbrand_ability": 0, "ecommerce_ability": 0, "hardfan_ability": 1, "credit_score": 80, "user_ability": 10748456, "cardid": "star_1628", "avatargj_id": "gj_vip_784", "urank": 9, "story_read_state": -1, "verified_detail": {"custom": 1, "data": [{"key": 1, "sub_key": 0, "weight": 10, "desc": "退役军人", "timestamp": 0}, {"key": 16, "sub_key": 1, "weight": 103, "desc": "微博原创视频博主", "timestamp": 0}, {"key": 2, "sub_key": 0, "weight": 101, "desc": "军事博主", "timestamp": 0}, {"key": 8, "sub_key": 0, "weight": 102, "desc": "超话主持人（军事超话）", "timestamp": 0}]}, "vclub_member": 0, "is_teenager": 0, "is_guardian": 0, "is_teenager_list": 0, "pc_new": 6, "special_follow": false, "planet_video": 2, "video_mark": 15, "live_status": 0, "user_ability_extend": 0, "status_total_counter": {"total_cnt": 135513, "repost_cnt": 13301, "comment_cnt": 36304, "like_cnt": 54391, "comment_like_cnt": 31517}, "video_total_counter": {"play_cnt": 14044118}, "brand_account": 0, "hongbaofei": 0, "tab_manage": "[0, 0]", "reward_status": 0, "green_mode": 0, "mb_like_privilege": {"like_id": "0036_96", "like_desc": ""}, "urisk": 17179869184, "avatar_type": 0}, "mid": "4845492163314631", "idstr": "4845492163314631", "status": {"visible": {"type": 0, "list_id": 0}, "created_at": "Sun Dec 11 13:52:09 +0800 2022", "id": 4845488429601263, "idstr": "4845488429601263", "mid": "4845488429601263", "edit_count": 3, "can_edit": false, "edit_at": "Mon Dec 12 11:18:54 +0800 2022", "version": 4, "show_additional_indication": 0, "text": "C罗泪别世界杯，梦碎卡塔尔[悲伤]致敬传奇[泪]\n\n#卡塔尔世界杯印象最深的瞬间#http://t.cn/A6KoKLW1 ​", "textLength": 93, "source_allowclick": 1, "source_type": 2, "source": "<a href=\"http://weibo.com/\" rel=\"nofollow\">SVIP推荐官</a>", "favorited": false, "truncated": false, "in_reply_to_status_id": "", "in_reply_to_user_id": "", "in_reply_to_screen_name": "", "pic_urls": [], "geo": null, "is_paid": false, "mblog_vip_type": 0, "user": {"id": 3096432491, "idstr": "3096432491", "class": 1, "screen_name": "进击的子路", "name": "进击的子路", "province": "37", "city": "1000", "location": "山东", "description": "🌱弘扬社会主义核心价值观，分享社会正能量，做新时代火炬传承者🇨🇳", "url": "", "profile_image_url": "https://tvax2.sinaimg.cn/crop.0.0.1080.1080.50/b88fcf6bly8h8chcksircj20u00u0n1h.jpg?KID=imgbed,tva&Expires=1671278853&ssig=YSrFqn0NHr", "light_ring": false, "cover_image": "https://wx3.sinaimg.cn/crop.0.0.920.300/b88fcf6bly1gsn8mnjdy1j20pk08c0ts.jpg", "cover_image_phone": "https://wx2.sinaimg.cn/crop.0.0.640.640.640/b88fcf6bly1h7ld9ctz24j20u00u0abg.jpg", "profile_url": "weiyulu0125", "domain": "weiyulu0125", "weihao": "", "gender": "m", "followers_count": 16413, "followers_count_str": "1.6万", "friends_count": 1675, "pagefriends_count": 79, "statuses_count": 9569, "video_status_count": 2900, "video_play_count": 0, "super_topic_not_syn_count": 59, "favourites_count": 11, "created_at": "Fri Nov 09 11:30:52 +0800 2012", "following": false, "allow_all_act_msg": false, "geo_enabled": true, "verified": true, "verified_type": 0, "remark": "", "insecurity": {"sexual_content": false}, "ptype": 0, "allow_all_comment": true, "avatar_large": "https://tvax2.sinaimg.cn/crop.0.0.1080.1080.180/b88fcf6bly8h8chcksircj20u00u0n1h.jpg?KID=imgbed,tva&Expires=1671278853&ssig=DMaQO4QI3d", "avatar_hd": "https://tvax2.sinaimg.cn/crop.0.0.1080.1080.1024/b88fcf6bly8h8chcksircj20u00u0n1h.jpg?KID=imgbed,tva&Expires=1671278853&ssig=%2FKSu60xuII", "verified_reason": "退役军人 军事博主 超话主持人（军事超话） 微博原创视频博主", "verified_trade": "", "verified_reason_url": "", "verified_source": "", "verified_source_url": "", "verified_state": 0, "verified_level": 3, "verified_type_ext": 1, "has_service_tel": false, "verified_reason_modified": "", "verified_contact_name": "", "verified_contact_email": "", "verified_contact_mobile": "", "follow_me": false, "like": false, "like_me": false, "online_status": 0, "bi_followers_count": 1242, "lang": "zh-cn", "star": 0, "mbtype": 12, "mbrank": 8, "svip": 1, "mb_expire_time": 1763308800, "block_word": 0, "block_app": 1, "chaohua_ability": 0, "brand_ability": 0, "nft_ability": 0, "vplus_ability": 0, "wenda_ability": 0, "live_ability": 0, "gongyi_ability": 0, "paycolumn_ability": 0, "newbrand_ability": 0, "ecommerce_ability": 0, "hardfan_ability": 1, "credit_score": 80, "user_ability": 10748456, "cardid": "star_1628", "avatargj_id": "gj_vip_784", "urank": 9, "story_read_state": -1, "verified_detail": {"custom": 1, "data": [{"key": 1, "sub_key": 0, "weight": 10, "desc": "退役军人", "timestamp": 0}, {"key": 16, "sub_key": 1, "weight": 103, "desc": "微博原创视频博主", "timestamp": 0}, {"key": 2, "sub_key": 0, "weight": 101, "desc": "军事博主", "timestamp": 0}, {"key": 8, "sub_key": 0, "weight": 102, "desc": "超话主持人（军事超话）", "timestamp": 0}]}, "vclub_member": 0, "is_teenager": 0, "is_guardian": 0, "is_teenager_list": 0, "pc_new": 6, "special_follow": false, "planet_video": 2, "video_mark": 15, "live_status": 0, "user_ability_extend": 0, "status_total_counter": {"total_cnt": 135513, "repost_cnt": 13301, "comment_cnt": 36304, "like_cnt": 54391, "comment_like_cnt": 31517}, "video_total_counter": {"play_cnt": 14044118}, "brand_account": 0, "hongbaofei": 0, "tab_manage": "[0, 0]", "reward_status": 0, "green_mode": 0, "mb_like_privilege": {"like_id": "0036_96", "like_desc": ""}, "urisk": 17179869184, "avatar_type": 0}, "annotations": [{}, {}, {"client_mblogid": "26770ff3-887d-4c20-aa79-e57bf3f05cc6"}, {"mapi_request": true}], "reposts_count": 0, "comments_count": 0, "reprint_cmt_count": 0, "attitudes_count": 0, "pending_approval_count": 0, "isLongText": false, "reward_exhibition_type": 0, "hide_flag": 0, "mlevel": 0, "show_mlevel": 0, "biz_ids": [230444], "biz_feature": 4294967304, "page_type": 64, "hasActionTypeCard": 0, "darwin_tags": [], "hot_weibo_tags": [], "text_tag_tips": [], "mblogtype": 0, "userType": 0, "more_info_type": 0, "cardid": "star_1628", "number_display_strategy": {"apply_scenario_flag": 3, "display_text_min_number": 1000000, "display_text": "100万+"}, "positive_recom_flag": 0, "content_auth": 0, "gif_ids": "", "is_show_bulletin": 2, "comment_manage_info": {"comment_permission_type": -1, "approval_comment_type": 0, "comment_sort_type": 0, "ai_play_picture_type": 0}, "pic_num": 0, "fid": 4845488263397462, "can_reprint": false, "new_comment_style": 0}, "reply_comment": {"created_at": "Sun Dec 11 13:58:08 +0800 2022", "id": 4845489936141261, "rootid": 4845489936141261, "rootidstr": "4845489936141261", "floor_number": 10, "text": "梦碎卡塔尔[伤心]//@emo太久:罗哥，沙特有钱，去沙特吧[泪]", "disable_reply": 0, "restrictOperate": 0, "comment_badge": [{"pic_url": "https://h5.sinaimg.cn/upload/114/962/2022/07/08/member_0_bigfan1_3.png", "name": "loyal_fans", "length": 1.33, "actionlog": {"act_code": "3671", "ext": "status:fans"}, "scheme": "https://kefu.weibo.com/faqdetail?id=20848", "new_icon": true}], "user": {"id": 7780703810, "idstr": "7780703810", "class": 1, "screen_name": "上官靓颖", "name": "上官靓颖", "province": "37", "city": "1", "location": "山东 济南", "description": "热心市民，理性吃瓜。", "url": "", "profile_image_url": "https://tvax1.sinaimg.cn/crop.0.0.512.512.50/008uz2uKly8h6msvue00uj30e80e8q35.jpg?KID=imgbed,tva&Expires=1671278853&ssig=fP9dglccLT", "light_ring": false, "cover_image_phone": "https://ww1.sinaimg.cn/crop.0.0.640.640.640/549d0121tw1egm1kjly3jj20hs0hsq4f.jpg", "profile_url": "u/7780703810", "domain": "", "weihao": "", "gender": "f", "followers_count": 643, "followers_count_str": "643", "friends_count": 127, "pagefriends_count": 11, "statuses_count": 320, "video_status_count": 0, "video_play_count": 0, "super_topic_not_syn_count": 13, "favourites_count": 0, "created_at": "Tue Aug 09 15:56:59 +0800 2022", "following": false, "allow_all_act_msg": false, "geo_enabled": true, "verified": false, "verified_type": -1, "remark": "", "insecurity": {"sexual_content": false}, "ptype": 0, "allow_all_comment": true, "avatar_large": "https://tvax1.sinaimg.cn/crop.0.0.512.512.180/008uz2uKly8h6msvue00uj30e80e8q35.jpg?KID=imgbed,tva&Expires=1671278853&ssig=7k3WINHl%2Fi", "avatar_hd": "https://tvax1.sinaimg.cn/crop.0.0.512.512.1024/008uz2uKly8h6msvue00uj30e80e8q35.jpg?KID=imgbed,tva&Expires=1671278853&ssig=c2Oxp6OoMk", "verified_reason": "", "verified_trade": "", "verified_reason_url": "", "verified_source": "", "verified_source_url": "", "follow_me": false, "like": false, "like_me": false, "online_status": 0, "bi_followers_count": 23, "lang": "zh-cn", "star": 0, "mbtype": 0, "mbrank": 0, "svip": 0, "mb_expire_time": 0, "block_word": 0, "block_app": 0, "chaohua_ability": 0, "brand_ability": 0, "nft_ability": 0, "vplus_ability": 0, "wenda_ability": 0, "live_ability": 0, "gongyi_ability": 0, "paycolumn_ability": 0, "newbrand_ability": 0, "ecommerce_ability": 0, "hardfan_ability": 0, "credit_score": 80, "user_ability": 2359296, "urank": 0, "story_read_state": -1, "vclub_member": 0, "is_teenager": 0, "is_guardian": 0, "is_teenager_list": 0, "pc_new": 7, "special_follow": false, "planet_video": 0, "video_mark": 0, "live_status": 0, "user_ability_extend": 0, "status_total_counter": {"total_cnt": 283, "repost_cnt": 33, "comment_cnt": 83, "like_cnt": 140, "comment_like_cnt": 27}, "video_total_counter": {"play_cnt": -1}, "brand_account": 0, "hongbaofei": 0, "tab_manage": "[0, 0]", "reward_status": 0, "green_mode": 0, "urisk": 524288, "avatar_type": 0}, "mid": "4845489936141261", "idstr": "4845489936141261", "match_ai_play_picture": false}, "reply_original_text": "[心]", "readtimetype": "comment", "sync_id": 4845489936141261, "sync_uuid": 4845488263397462, "sync_generate_level": 2, "match_ai_play_picture": false}