{"created_at": "Mon Jan 02 09:04:10 +0800 2023", "id": 4853388494246675, "rootid": 4853388494246675, "rootidstr": "4853388494246675", "floor_number": 14, "text": "一起加油[哇]", "disable_reply": 0, "restrictOperate": 0, "source_allowclick": 0, "source_type": 4, "source": "<a href=\"\" rel=\"nofollow\">来自河南</a>", "comment_badge": [{"pic_url": "https://h5.sinaimg.cn/upload/114/962/2022/07/08/member_3_bigfan1_1.png", "name": "loyal_fans", "length": 1.33, "actionlog": {"act_code": "3671", "ext": "status:fans"}, "scheme": "https://kefu.weibo.com/faqdetail?id=20848", "new_icon": true}], "user": {"id": 7349833730, "idstr": "7349833730", "class": 1, "screen_name": "偏偏柾爱泰", "name": "偏偏柾爱泰", "province": "41", "city": "1", "location": "河南 郑州", "description": "「釜山的風吹亂了大邱的玫瑰」（镇魂", "url": "", "profile_image_url": "https://tvax1.sinaimg.cn/crop.0.0.1000.1000.50/0081p9vkly8h6qzundhpdj30rs0rsn18.jpg?KID=imgbed,tva&Expires=1674057961&ssig=TxfULk9Kro", "light_ring": false, "cover_image_phone": "https://wx2.sinaimg.cn/crop.0.0.640.640.640/0081p9vkly1h6r0dbyntrj30if0ifjul.jpg", "profile_url": "u/7349833730", "domain": "", "weihao": "", "gender": "f", "followers_count": 326, "followers_count_str": "326", "friends_count": 400, "pagefriends_count": 44, "statuses_count": 2517, "video_status_count": 28, "video_play_count": 0, "super_topic_not_syn_count": 101, "favourites_count": 35, "created_at": "Fri Dec 06 20:10:36 +0800 2019", "following": false, "allow_all_act_msg": false, "geo_enabled": true, "verified": false, "verified_type": -1, "remark": "", "insecurity": {"sexual_content": false}, "ptype": 0, "allow_all_comment": true, "avatar_large": "https://tvax1.sinaimg.cn/crop.0.0.1000.1000.180/0081p9vkly8h6qzundhpdj30rs0rsn18.jpg?KID=imgbed,tva&Expires=1674057961&ssig=jQiCLsdgDS", "avatar_hd": "https://tvax1.sinaimg.cn/crop.0.0.1000.1000.1024/0081p9vkly8h6qzundhpdj30rs0rsn18.jpg?KID=imgbed,tva&Expires=1674057961&ssig=pVPCyTkBth", "verified_reason": "", "verified_trade": "", "verified_reason_url": "", "verified_source": "", "verified_source_url": "", "follow_me": false, "like": false, "like_me": false, "online_status": 0, "bi_followers_count": 222, "lang": "zh-cn", "star": 0, "mbtype": 11, "mbrank": 3, "svip": 0, "mb_expire_time": 1675872000, "block_word": 0, "block_app": 1, "chaohua_ability": 0, "brand_ability": 0, "nft_ability": 0, "vplus_ability": 0, "wenda_ability": 0, "live_ability": 0, "gongyi_ability": 0, "paycolumn_ability": 0, "newbrand_ability": 0, "ecommerce_ability": 0, "hardfan_ability": 0, "wbcolumn_ability": 0, "credit_score": 80, "user_ability": 2359296, "avatargj_id": "gj_vip_5467", "urank": 0, "story_read_state": -1, "vclub_member": 0, "is_teenager": 0, "is_guardian": 0, "is_teenager_list": 0, "pc_new": 0, "special_follow": false, "planet_video": 2, "video_mark": 0, "live_status": 0, "user_ability_extend": 0, "video_cover": {"mid": 4754194915395754}, "status_total_counter": {"total_cnt": 24922, "repost_cnt": 1081, "comment_cnt": 4559, "like_cnt": 15840, "comment_like_cnt": 3442}, "video_total_counter": {"play_cnt": 82368}, "brand_account": 0, "hongbaofei": 0, "tab_manage": "[0, 0]", "reward_status": 0, "green_mode": 0, "mb_like_privilege": {"like_id": "0051", "like_desc": "否極泰來萬事亨通哦"}, "urisk": 0, "unfollowing_recom_switch": 1, "avatar_type": 0}, "mid": "4853388494246675", "idstr": "4853388494246675", "status": {"visible": {"type": 0, "list_id": 0}, "created_at": "Mon Jan 02 09:03:03 +0800 2023", "id": 4853388213223727, "idstr": "4853388213223727", "mid": "4853388213223727", "can_edit": false, "show_additional_indication": 0, "text": "【推荐阅读：#张桂梅老师的新年来信太戳了#】①人生是一段必然充满不易、也处处暗藏希望的旅程。②我们无法预测前路还有多少荆棘曲折，就像我们不知道自己身上还藏着多么巨大的潜力。③#即便暂时迷茫也要努力发光#，照亮脚下的每一步路。新的一年，我们一起加油！ http://t.cn/A6KeOI3b ​", "textLength": 265, "source_allowclick": 0, "source_type": 1, "source": "<a href=\"http://app.weibo.com/t/feed/PBP2P\" rel=\"nofollow\">微博 weibo.com</a>", "favorited": false, "truncated": false, "in_reply_to_status_id": "", "in_reply_to_user_id": "", "in_reply_to_screen_name": "", "pic_urls": [], "geo": null, "is_paid": false, "mblog_vip_type": 0, "user": {"id": 2803301701, "idstr": "2803301701", "class": 1, "screen_name": "人民日报", "name": "人民日报", "province": "11", "city": "1000", "location": "北京", "description": "人民日报法人微博。参与、沟通、记录时代。", "url": "", "profile_image_url": "https://tvax4.sinaimg.cn/crop.0.0.1018.1018.50/0033ImPzly8h8vgemh8kxj60sa0sadgw02.jpg?KID=imgbed,tva&Expires=1674057961&ssig=RdwKmWITAG", "light_ring": false, "cover_image": "https://wx4.sinaimg.cn/crop.0.0.920.300/0033ImPzly1gs66yzvybrj60pk08cgya02.jpg", "cover_image_phone": "https://wx1.sinaimg.cn/crop.0.0.640.640.640/0033ImPzly1gs64jwa7uyj60v90v9n1r02.jpg", "profile_url": "rmrb", "domain": "rmrb", "weihao": "", "gender": "m", "followers_count": 150805691, "followers_count_str": "1.51亿", "friends_count": 3063, "pagefriends_count": 2678, "statuses_count": 153138, "video_status_count": 9843, "video_play_count": 0, "super_topic_not_syn_count": 1, "favourites_count": 1031, "created_at": "Sun Jul 22 02:28:35 +0800 2012", "following": false, "allow_all_act_msg": false, "geo_enabled": false, "verified": true, "verified_type": 3, "remark": "", "insecurity": {"sexual_content": false}, "ptype": 0, "allow_all_comment": false, "avatar_large": "https://tvax4.sinaimg.cn/crop.0.0.1018.1018.180/0033ImPzly8h8vgemh8kxj60sa0sadgw02.jpg?KID=imgbed,tva&Expires=1674057961&ssig=z0JwFHUGE8", "avatar_hd": "https://tvax4.sinaimg.cn/crop.0.0.1018.1018.1024/0033ImPzly8h8vgemh8kxj60sa0sadgw02.jpg?KID=imgbed,tva&Expires=1674057961&ssig=AjHMkYI2JS", "verified_reason": "《人民日报》法人微博", "verified_trade": "", "verified_reason_url": "", "verified_source": "", "verified_source_url": "", "verified_state": 2, "verified_level": 3, "verified_type_ext": 0, "has_service_tel": false, "verified_reason_modified": "辽宁科技大学官方微博，教育官微联盟成员", "verified_contact_name": "", "verified_contact_email": "", "verified_contact_mobile": "", "follow_me": false, "like": false, "like_me": false, "online_status": 0, "bi_followers_count": 363, "lang": "zh-cn", "star": 0, "mbtype": 12, "mbrank": 7, "svip": 0, "mb_expire_time": 1884182400, "block_word": 0, "block_app": 1, "chaohua_ability": 0, "brand_ability": 0, "nft_ability": 0, "vplus_ability": 0, "wenda_ability": 0, "live_ability": 1, "gongyi_ability": 0, "paycolumn_ability": 0, "newbrand_ability": 0, "ecommerce_ability": 0, "hardfan_ability": 1, "wbcolumn_ability": 0, "credit_score": 80, "user_ability": -2135620852, "urank": 48, "story_read_state": -1, "vclub_member": 0, "is_teenager": 0, "is_guardian": 0, "is_teenager_list": 1, "pc_new": 7, "special_follow": false, "planet_video": 2, "video_mark": 15, "live_status": 0, "user_ability_extend": 1, "status_total_counter": {"total_cnt": 3365743568, "repost_cnt": 947596488, "comment_cnt": 234314431, "like_cnt": 1124887400, "comment_like_cnt": 1058945249}, "video_total_counter": {"play_cnt": 37853240700}, "brand_account": 0, "hongbaofei": 0, "tab_manage": "[283691264248460, 0]", "reward_status": 0, "green_mode": 0, "urisk": 0, "unfollowing_recom_switch": 1, "avatar_type": 0}, "annotations": [{"oid": "1022:2309404853388209947001", "type": "article"}], "reposts_count": 0, "comments_count": 0, "reprint_cmt_count": 0, "attitudes_count": 0, "pending_approval_count": 0, "isLongText": false, "reward_exhibition_type": 0, "hide_flag": 0, "mlevel": 0, "show_mlevel": 0, "biz_ids": [230940], "biz_feature": 0, "page_type": 64, "hasActionTypeCard": 0, "darwin_tags": [], "hot_weibo_tags": [], "text_tag_tips": [], "mblogtype": 0, "userType": 0, "more_info_type": 0, "positive_recom_flag": 0, "content_auth": 0, "gif_ids": "", "is_show_bulletin": 2, "bus_flag": 32, "comment_manage_info": {"comment_permission_type": -1, "approval_comment_type": 0, "comment_sort_type": 0, "ai_play_picture_type": 0}, "pic_num": 0, "can_reprint": false, "new_comment_style": 0}, "readtimetype": "comment", "comment_dynamic_message": {"id": "0035", "icon_url": "https://h5.sinaimg.cn/upload/100/1720/2022/09/01/comment_bubble_noneback_0901.png", "tag_text": "会员", "start_color": "#00D04666", "end_color": "#1AD04666", "start_color_dark": "#00D04666", "end_color_dark": "#1AD04666", "name": {"zh_CN": "轻紫渐变", "zh_HK": "輕紫漸變", "en_US": "purple"}, "scheme": "https://new.vip.weibo.cn/bubble/mall?showmenu=0&decorateId=0035&uid=7349833730", "allow_vip_box_content": "用此评论气泡", "allow_vip_box_icon": "https://h5.sinaimg.cn/upload/100/1720/2022/08/08/icon_VIP_for_comment_bubble.png"}, "match_ai_play_picture": false}