{"created_at": "Mon Jan 02 10:14:10 +0800 2023", "id": 4853406110320455, "rootid": 4853406110320455, "rootidstr": "4853406110320455", "floor_number": 297, "text": "致敬张桂梅老师", "disable_reply": 0, "restrictOperate": 0, "source_allowclick": 0, "source_type": 4, "source": "<a href=\"\" rel=\"nofollow\">来自陕西</a>", "comment_badge": [{"pic_url": "https://h5.sinaimg.cn/upload/114/962/2022/07/08/member_1_bigfan1_1.png", "name": "loyal_fans", "length": 1.33, "actionlog": {"act_code": "3671", "ext": "status:fans"}, "scheme": "https://kefu.weibo.com/faqdetail?id=20848", "new_icon": true}], "user": {"id": 7538717444, "idstr": "7538717444", "class": 1, "screen_name": "吃祎口猪桃_", "name": "吃祎口猪桃_", "province": "50", "city": "1000", "location": "重庆", "description": "In keeping with the times", "url": "", "profile_image_url": "https://tvax4.sinaimg.cn/crop.0.0.1080.1080.50/008ebGMQly8ha815pyh24j30u00u0acj.jpg?KID=imgbed,tva&Expires=1674057879&ssig=K5qdkebnot", "light_ring": false, "cover_image_phone": "https://wx3.sinaimg.cn/crop.0.0.640.640.640/008ebGMQly1h9dzr0wgkfj30qo0qo0yf.jpg", "profile_url": "u/7538717444", "domain": "", "weihao": "", "gender": "f", "followers_count": 2444, "followers_count_str": "2444", "friends_count": 293, "pagefriends_count": 22, "statuses_count": 2990, "video_status_count": 9, "video_play_count": 0, "super_topic_not_syn_count": 0, "favourites_count": 2, "created_at": "Sun Dec 20 20:44:18 +0800 2020", "following": false, "allow_all_act_msg": false, "geo_enabled": true, "verified": false, "verified_type": -1, "remark": "", "insecurity": {"sexual_content": false}, "ptype": 0, "allow_all_comment": true, "avatar_large": "https://tvax4.sinaimg.cn/crop.0.0.1080.1080.180/008ebGMQly8ha815pyh24j30u00u0acj.jpg?KID=imgbed,tva&Expires=1674057879&ssig=0YVib30HTr", "avatar_hd": "https://tvax4.sinaimg.cn/crop.0.0.1080.1080.1024/008ebGMQly8ha815pyh24j30u00u0acj.jpg?KID=imgbed,tva&Expires=1674057879&ssig=5sRNrchYhb", "verified_reason": "", "verified_trade": "", "verified_reason_url": "", "verified_source": "", "verified_source_url": "", "follow_me": false, "like": false, "like_me": false, "online_status": 0, "bi_followers_count": 216, "lang": "zh-cn", "star": 0, "mbtype": 12, "mbrank": 1, "svip": 0, "mb_expire_time": 1705420800, "block_word": 0, "block_app": 1, "chaohua_ability": 0, "brand_ability": 0, "nft_ability": 0, "vplus_ability": 0, "wenda_ability": 0, "live_ability": 0, "gongyi_ability": 0, "paycolumn_ability": 0, "newbrand_ability": 0, "ecommerce_ability": 0, "hardfan_ability": 1, "wbcolumn_ability": 0, "credit_score": 80, "user_ability": 2359296, "cardid": "star_1155", "avatargj_id": "gj_vip_053", "urank": 0, "story_read_state": -1, "vclub_member": 0, "is_teenager": 0, "is_guardian": 0, "is_teenager_list": 0, "pc_new": 0, "special_follow": false, "planet_video": 2, "video_mark": 0, "live_status": 0, "user_ability_extend": 0, "status_total_counter": {"total_cnt": 14190, "repost_cnt": 1003, "comment_cnt": 6006, "like_cnt": 3404, "comment_like_cnt": 3777}, "video_total_counter": {"play_cnt": 7131}, "brand_account": 0, "hongbaofei": 0, "tab_manage": "[0, 0]", "reward_status": 0, "green_mode": 0, "urisk": 524288, "unfollowing_recom_switch": 1, "avatar_type": 0}, "mid": "4853406110320455", "idstr": "4853406110320455", "status": {"visible": {"type": 0, "list_id": 0}, "created_at": "Mon Jan 02 09:03:03 +0800 2023", "id": 4853388213223727, "idstr": "4853388213223727", "mid": "4853388213223727", "can_edit": false, "show_additional_indication": 0, "text": "【推荐阅读：#张桂梅老师的新年来信太戳了#】①人生是一段必然充满不易、也处处暗藏希望的旅程。②我们无法预测前路还有多少荆棘曲折，就像我们不知道自己身上还藏着多么巨大的潜力。③#即便暂时迷茫也要努力发光#，照亮脚下的每一步路。新的一年，我们一起加油！ http://t.cn/A6KeOI3b ​", "textLength": 265, "source_allowclick": 0, "source_type": 1, "source": "<a href=\"http://app.weibo.com/t/feed/PBP2P\" rel=\"nofollow\">微博 weibo.com</a>", "favorited": false, "truncated": false, "in_reply_to_status_id": "", "in_reply_to_user_id": "", "in_reply_to_screen_name": "", "pic_urls": [], "geo": null, "is_paid": false, "mblog_vip_type": 0, "user": {"id": 2803301701, "idstr": "2803301701", "class": 1, "screen_name": "人民日报", "name": "人民日报", "province": "11", "city": "1000", "location": "北京", "description": "人民日报法人微博。参与、沟通、记录时代。", "url": "", "profile_image_url": "https://tvax4.sinaimg.cn/crop.0.0.1018.1018.50/0033ImPzly8h8vgemh8kxj60sa0sadgw02.jpg?KID=imgbed,tva&Expires=1674057879&ssig=9AxnAKvtXW", "light_ring": false, "cover_image": "https://wx4.sinaimg.cn/crop.0.0.920.300/0033ImPzly1gs66yzvybrj60pk08cgya02.jpg", "cover_image_phone": "https://wx1.sinaimg.cn/crop.0.0.640.640.640/0033ImPzly1gs64jwa7uyj60v90v9n1r02.jpg", "profile_url": "rmrb", "domain": "rmrb", "weihao": "", "gender": "m", "followers_count": 150805691, "followers_count_str": "1.51亿", "friends_count": 3063, "pagefriends_count": 2678, "statuses_count": 153138, "video_status_count": 9843, "video_play_count": 0, "super_topic_not_syn_count": 1, "favourites_count": 1031, "created_at": "Sun Jul 22 02:28:35 +0800 2012", "following": false, "allow_all_act_msg": false, "geo_enabled": false, "verified": true, "verified_type": 3, "remark": "", "insecurity": {"sexual_content": false}, "ptype": 0, "allow_all_comment": false, "avatar_large": "https://tvax4.sinaimg.cn/crop.0.0.1018.1018.180/0033ImPzly8h8vgemh8kxj60sa0sadgw02.jpg?KID=imgbed,tva&Expires=1674057879&ssig=Uyj252I4Lp", "avatar_hd": "https://tvax4.sinaimg.cn/crop.0.0.1018.1018.1024/0033ImPzly8h8vgemh8kxj60sa0sadgw02.jpg?KID=imgbed,tva&Expires=1674057879&ssig=6R0C1TEVmF", "verified_reason": "《人民日报》法人微博", "verified_trade": "", "verified_reason_url": "", "verified_source": "", "verified_source_url": "", "verified_state": 2, "verified_level": 3, "verified_type_ext": 0, "has_service_tel": false, "verified_reason_modified": "辽宁科技大学官方微博，教育官微联盟成员", "verified_contact_name": "", "verified_contact_email": "", "verified_contact_mobile": "", "follow_me": false, "like": false, "like_me": false, "online_status": 0, "bi_followers_count": 363, "lang": "zh-cn", "star": 0, "mbtype": 12, "mbrank": 7, "svip": 0, "mb_expire_time": 1884182400, "block_word": 0, "block_app": 1, "chaohua_ability": 0, "brand_ability": 0, "nft_ability": 0, "vplus_ability": 0, "wenda_ability": 0, "live_ability": 1, "gongyi_ability": 0, "paycolumn_ability": 0, "newbrand_ability": 0, "ecommerce_ability": 0, "hardfan_ability": 1, "wbcolumn_ability": 0, "credit_score": 80, "user_ability": -2135620852, "urank": 48, "story_read_state": -1, "vclub_member": 0, "is_teenager": 0, "is_guardian": 0, "is_teenager_list": 1, "pc_new": 7, "special_follow": false, "planet_video": 2, "video_mark": 15, "live_status": 0, "user_ability_extend": 1, "status_total_counter": {"total_cnt": 3365743568, "repost_cnt": 947596488, "comment_cnt": 234314431, "like_cnt": 1124887400, "comment_like_cnt": 1058945249}, "video_total_counter": {"play_cnt": 37853240700}, "brand_account": 0, "hongbaofei": 0, "tab_manage": "[283691264248460, 0]", "reward_status": 0, "green_mode": 0, "urisk": 0, "unfollowing_recom_switch": 1, "avatar_type": 0}, "annotations": [{"oid": "1022:2309404853388209947001", "type": "article"}], "reposts_count": 0, "comments_count": 0, "reprint_cmt_count": 0, "attitudes_count": 0, "pending_approval_count": 0, "isLongText": false, "reward_exhibition_type": 0, "hide_flag": 0, "mlevel": 0, "show_mlevel": 0, "biz_ids": [230940], "biz_feature": 0, "page_type": 64, "hasActionTypeCard": 0, "darwin_tags": [], "hot_weibo_tags": [], "text_tag_tips": [], "mblogtype": 0, "userType": 0, "more_info_type": 0, "positive_recom_flag": 0, "content_auth": 0, "gif_ids": "", "is_show_bulletin": 2, "bus_flag": 32, "comment_manage_info": {"comment_permission_type": -1, "approval_comment_type": 0, "comment_sort_type": 0, "ai_play_picture_type": 0}, "pic_num": 0, "can_reprint": false, "new_comment_style": 0}, "readtimetype": "comment", "comment_dynamic_message": {"id": "0035", "icon_url": "https://h5.sinaimg.cn/upload/100/1720/2022/09/01/comment_bubble_noneback_0901.png", "tag_text": "会员", "start_color": "#00D04666", "end_color": "#1AD04666", "start_color_dark": "#00D04666", "end_color_dark": "#1AD04666", "name": {"zh_CN": "轻紫渐变", "zh_HK": "輕紫漸變", "en_US": "purple"}, "scheme": "https://new.vip.weibo.cn/bubble/mall?showmenu=0&decorateId=0035&uid=7538717444", "allow_vip_box_content": "用此评论气泡", "allow_vip_box_icon": "https://h5.sinaimg.cn/upload/100/1720/2022/08/08/icon_VIP_for_comment_bubble.png"}, "match_ai_play_picture": false}