{"created_at": "Thu Dec 08 15:26:28 +0800 2022", "id": 4844425002093845, "rootid": 4844425002093845, "rootidstr": "4844425002093845", "floor_number": 167, "text": "[doge]不踩点走亏的是公司呀，多的电费不得公司交吗", "disable_reply": 0, "restrictOperate": 0, "source_allowclick": 0, "source_type": 4, "source": "<a href=\"\" rel=\"nofollow\">来自重庆</a>", "user": {"id": 2869490740, "idstr": "2869490740", "class": 1, "screen_name": "YYYDMMM", "name": "YYYDMMM", "province": "50", "city": "12", "location": "重庆 渝北区", "description": "", "url": "", "profile_image_url": "https://tvax1.sinaimg.cn/crop.0.0.1080.1080.50/ab08f434ly8h5z2kmgfz8j20u00u0tau.jpg?KID=imgbed,tva&Expires=1673960366&ssig=xb3ZT7IOVn", "light_ring": false, "cover_image": "https://wx2.sinaimg.cn/crop.0.0.920.300/ab08f434gy1fel2iembx3j20pk08ctnk.jpg", "cover_image_phone": "https://wx4.sinaimg.cn/crop.0.0.640.640.640/ab08f434gy1gzlafva2nbj20u00u078y.jpg;https://wx1.sinaimg.cn/crop.0.0.640.640.640/ab08f434gy1h03pzh32lmj20u00u0q6p.jpg", "profile_url": "u/2869490740", "domain": "", "weihao": "", "gender": "f", "followers_count": 309, "followers_count_str": "309", "friends_count": 165, "pagefriends_count": 9, "statuses_count": 732, "video_status_count": 0, "video_play_count": 0, "super_topic_not_syn_count": 2, "favourites_count": 46, "created_at": "Sat Jul 14 14:33:00 +0800 2012", "following": false, "allow_all_act_msg": false, "geo_enabled": true, "verified": false, "verified_type": 220, "remark": "", "insecurity": {"sexual_content": false}, "ptype": 0, "allow_all_comment": true, "avatar_large": "https://tvax1.sinaimg.cn/crop.0.0.1080.1080.180/ab08f434ly8h5z2kmgfz8j20u00u0tau.jpg?KID=imgbed,tva&Expires=1673960366&ssig=a8hT4AkoLV", "avatar_hd": "https://tvax1.sinaimg.cn/crop.0.0.1080.1080.1024/ab08f434ly8h5z2kmgfz8j20u00u0tau.jpg?KID=imgbed,tva&Expires=1673960366&ssig=YaUFEho%2B%2FN", "verified_reason": "", "verified_trade": "", "verified_reason_url": "", "verified_source": "", "verified_source_url": "", "follow_me": false, "like": false, "like_me": false, "online_status": 0, "bi_followers_count": 86, "lang": "zh-cn", "star": 0, "mbtype": 12, "mbrank": 4, "svip": 0, "mb_expire_time": 1677513600, "block_word": 0, "block_app": 1, "chaohua_ability": 0, "brand_ability": 0, "nft_ability": 0, "vplus_ability": 0, "wenda_ability": 0, "live_ability": 0, "gongyi_ability": 0, "paycolumn_ability": 0, "newbrand_ability": 0, "ecommerce_ability": 0, "hardfan_ability": 0, "wbcolumn_ability": 0, "credit_score": 80, "user_ability": 35651584, "cardid": "star_1189", "avatargj_id": "gj_vip_693", "urank": 31, "story_read_state": -1, "vclub_member": 0, "is_teenager": 0, "is_guardian": 0, "is_teenager_list": 0, "pc_new": 0, "special_follow": false, "planet_video": 0, "video_mark": 0, "live_status": 0, "user_ability_extend": 0, "status_total_counter": {"total_cnt": 1651, "repost_cnt": 52, "comment_cnt": 1157, "like_cnt": 442, "comment_like_cnt": 0}, "video_total_counter": {"play_cnt": 15}, "brand_account": 0, "hongbaofei": 0, "tab_manage": "[0, 0]", "reward_status": 0, "green_mode": 0, "mb_like_privilege": {"like_id": "0034_90", "like_desc": ""}, "urisk": 0, "avatar_type": 0}, "mid": "4844425002093845", "idstr": "4844425002093845", "status": {"visible": {"type": 0, "list_id": 0}, "created_at": "Thu Dec 08 12:26:13 +0800 2022", "id": 4844379640174967, "idstr": "4844379640174967", "mid": "4844379640174967", "can_edit": false, "version": 1, "show_additional_indication": 0, "text": "#女生准时下班被批踩点走#，这单位也是的，你不会报复这个女生吗？你也准时踩点发她的工资，让她也尝尝被踩点的滋味[doge] ​", "textLength": 114, "source_allowclick": 0, "source_type": 2, "source": "<a href=\"http://weibo.com/\" rel=\"nofollow\">绿气的沙发</a>", "favorited": false, "truncated": false, "in_reply_to_status_id": "", "in_reply_to_user_id": "", "in_reply_to_screen_name": "", "pic_urls": [{"thumbnail_pic": "http://wx4.sinaimg.cn/thumbnail/69744744ly1h8waevuwwkj20zu1i5na1.jpg"}], "thumbnail_pic": "http://wx4.sinaimg.cn/thumbnail/69744744ly1h8waevuwwkj20zu1i5na1.jpg", "bmiddle_pic": "http://wx4.sinaimg.cn/bmiddle/69744744ly1h8waevuwwkj20zu1i5na1.jpg", "original_pic": "http://wx4.sinaimg.cn/large/69744744ly1h8waevuwwkj20zu1i5na1.jpg", "geo": null, "is_paid": false, "mblog_vip_type": 0, "user": {"id": 1769228100, "idstr": "1769228100", "class": 1, "screen_name": "长安数码君", "name": "长安数码君", "province": "61", "city": "1000", "location": "陕西", "description": "最新手机数码资讯，美食数码运动家电～商务VX：changanshumajun，注明来意", "url": "http://blog.sina.com.cn/u/1769228100", "profile_image_url": "https://tvax4.sinaimg.cn/crop.0.0.511.511.50/69744744ly8h8uhmjuc76j20e70e7mxt.jpg?KID=imgbed,tva&Expires=1673960366&ssig=1%2BfAELKCGw", "light_ring": false, "cover_image": "https://wx2.sinaimg.cn/crop.0.0.920.300/69744744ly1fusouqec0sj20pk08ctne.jpg", "cover_image_phone": "https://ww2.sinaimg.cn/crop.0.0.640.640/68f96449jw1ergqx79rw4j20hs0hswh0.jpg", "profile_url": "zanghuaren", "domain": "zanghuaren", "weihao": "", "gender": "m", "followers_count": 1351993, "followers_count_str": "135.2万", "friends_count": 445, "pagefriends_count": 22, "statuses_count": 20956, "video_status_count": 712, "video_play_count": 0, "super_topic_not_syn_count": 0, "favourites_count": 6762, "created_at": "Tue Jul 06 20:59:48 +0800 2010", "following": false, "allow_all_act_msg": false, "geo_enabled": true, "verified": true, "verified_type": 0, "remark": "", "insecurity": {"sexual_content": false}, "ptype": 0, "allow_all_comment": true, "avatar_large": "https://tvax4.sinaimg.cn/crop.0.0.511.511.180/69744744ly8h8uhmjuc76j20e70e7mxt.jpg?KID=imgbed,tva&Expires=1673960366&ssig=s78LPdZhFL", "avatar_hd": "https://tvax4.sinaimg.cn/crop.0.0.511.511.1024/69744744ly8h8uhmjuc76j20e70e7mxt.jpg?KID=imgbed,tva&Expires=1673960366&ssig=0%2Bf5lFkyn5", "verified_reason": "知名数码博主 微博原创视频博主 2022年辰星计划博主 头条文章作者", "verified_trade": "", "verified_reason_url": "", "verified_source": "", "verified_source_url": "", "verified_state": 0, "verified_level": 3, "verified_type_ext": 1, "has_service_tel": false, "verified_reason_modified": "", "verified_contact_name": "", "verified_contact_email": "", "verified_contact_mobile": "", "follow_me": false, "like": false, "like_me": false, "online_status": 0, "bi_followers_count": 199, "lang": "zh-cn", "star": 0, "mbtype": 12, "mbrank": 8, "svip": 1, "mb_expire_time": 1699027200, "block_word": 0, "block_app": 1, "chaohua_ability": 0, "brand_ability": 0, "nft_ability": 0, "vplus_ability": 1, "wenda_ability": 0, "live_ability": 1, "gongyi_ability": 0, "paycolumn_ability": 0, "newbrand_ability": 0, "ecommerce_ability": 0, "hardfan_ability": 1, "wbcolumn_ability": 0, "credit_score": 80, "user_ability": -2135552488, "cardid": "star_1572", "avatargj_id": "gj_vip_073", "urank": 40, "story_read_state": -1, "verified_detail": {"custom": 1, "data": [{"key": 2, "sub_key": 0, "weight": 10, "desc": "知名数码博主", "timestamp": 0}, {"key": 4, "sub_key": 9, "weight": 999, "desc": "头条文章作者", "timestamp": 0}, {"key": 16, "sub_key": 7, "weight": 11, "desc": "微博原创视频博主", "timestamp": 0}, {"key": 1, "sub_key": 0, "weight": 100, "desc": "2022年辰星计划博主", "timestamp": 0}]}, "vclub_member": 0, "is_teenager": 0, "is_guardian": 0, "is_teenager_list": 0, "pc_new": 7, "special_follow": false, "planet_video": 2, "video_mark": 15, "live_status": 0, "user_ability_extend": 1, "brand_account": 0, "hongbaofei": 0, "tab_manage": "[0, 0]", "reward_status": 0, "green_mode": 0, "urisk": 8589934592, "avatar_type": 0}, "annotations": [{"photo_sub_type": "0"}, {"ann_ext": "ann_ext:search|t:31|q:#女生准时下班被批踩点走#|creator_source:bottomsendweibo"}, {"client_mblogid": "iPhone-E1BF38B4-CD3D-479F-AB80-1CC60206EB88"}, {"mapi_request": true}], "picStatus": "0:1", "reposts_count": 0, "comments_count": 0, "reprint_cmt_count": 0, "attitudes_count": 0, "pending_approval_count": 0, "isLongText": false, "reward_exhibition_type": 0, "hide_flag": 0, "mlevel": 0, "show_mlevel": 0, "biz_feature": 4294967300, "page_type": 64, "hasActionTypeCard": 0, "darwin_tags": [], "hot_weibo_tags": [], "text_tag_tips": [], "mblogtype": 0, "userType": 0, "more_info_type": 0, "cardid": "star_1572", "number_display_strategy": {"apply_scenario_flag": 3, "display_text_min_number": 1000000, "display_text": "100万+"}, "positive_recom_flag": 0, "content_auth": 0, "gif_ids": "", "is_show_bulletin": 2, "comment_manage_info": {"comment_permission_type": -1, "approval_comment_type": 0, "comment_sort_type": 0, "ai_play_picture_type": 0}, "pic_num": 1, "can_reprint": false, "new_comment_style": 0}, "readtimetype": "comment", "comment_dynamic_message": {"id": "0042", "icon_url": "https://h5.sinaimg.cn/upload/1073/1841/2022/09/07/moyu3.png", "tag_text": "年费", "start_color": "#00DEC84C", "end_color": "#1ADEC84C", "start_color_dark": "#00DEC84C", "end_color_dark": "#1ADEC84C", "name": {"zh_CN": "摸鱼时间", "zh_HK": "摸魚時間", "en_US": "slack off"}, "scheme": "https://new.vip.weibo.cn/bubble/mall?showmenu=0&decorateId=0042&uid=2869490740", "allow_vip_box_content": "用此评论气泡", "allow_vip_box_icon": "https://h5.sinaimg.cn/upload/100/1720/2022/08/08/icon_VIP_for_comment_bubble.png"}, "match_ai_play_picture": false}