{"created_at": "Tue Oct 04 12:57:47 +0800 2022", "id": 4820832373446792, "rootid": 4820832373446792, "rootidstr": "4820832373446792", "floor_number": 3, "text": "太可怕了。", "disable_reply": 0, "restrictOperate": 0, "source_allowclick": 0, "source_type": 4, "source": "<a href=\"\" rel=\"nofollow\">来自湖北</a>", "user": {"id": 6448949162, "idstr": "6448949162", "class": 1, "screen_name": "思默6448949162", "name": "思默6448949162", "province": "42", "city": "8", "location": "湖北 荆门", "description": "", "url": "", "profile_image_url": "https://tvax1.sinaimg.cn/default/images/default_avatar_female_50.gif?KID=imgbed,tva&Expires=1669715196&ssig=ti10swHDci", "light_ring": false, "cover_image_phone": "http://ww1.sinaimg.cn/crop.0.0.640.640.640/549d0121tw1egm1kjly3jj20hs0hsq4f.jpg", "profile_url": "u/6448949162", "domain": "", "weihao": "", "gender": "f", "followers_count": 9, "followers_count_str": "9", "friends_count": 174, "pagefriends_count": 5, "statuses_count": 536, "video_status_count": 1, "video_play_count": 0, "super_topic_not_syn_count": 0, "favourites_count": 26, "created_at": "Sun Dec 31 18:52:57 +0800 2017", "following": false, "allow_all_act_msg": false, "geo_enabled": true, "verified": false, "verified_type": -1, "remark": "", "insecurity": {"sexual_content": false}, "ptype": 0, "allow_all_comment": true, "avatar_large": "https://tvax1.sinaimg.cn/default/images/default_avatar_female_180.gif?KID=imgbed,tva&Expires=1669715196&ssig=gZLlA5YMpl", "avatar_hd": "https://tvax1.sinaimg.cn/default/images/default_avatar_female_180.gif?KID=imgbed,tva&Expires=1669715196&ssig=gZLlA5YMpl", "verified_reason": "", "verified_trade": "", "verified_reason_url": "", "verified_source": "", "verified_source_url": "", "follow_me": false, "like": false, "like_me": false, "online_status": 0, "bi_followers_count": 1, "lang": "zh-cn", "star": 0, "mbtype": 0, "mbrank": 0, "svip": 0, "mb_expire_time": 0, "block_word": 0, "block_app": 0, "chaohua_ability": 0, "brand_ability": 0, "nft_ability": 0, "vplus_ability": 0, "wenda_ability": 0, "live_ability": 0, "gongyi_ability": 0, "paycolumn_ability": 0, "newbrand_ability": 0, "ecommerce_ability": 0, "hardfan_ability": 0, "credit_score": 80, "user_ability": 2359296, "urank": 4, "story_read_state": -1, "vclub_member": 0, "is_teenager": 0, "is_guardian": 0, "is_teenager_list": 0, "pc_new": 0, "special_follow": false, "planet_video": 0, "video_mark": 0, "live_status": 0, "user_ability_extend": 0, "status_total_counter": {"total_cnt": 15, "repost_cnt": 1, "comment_cnt": 10, "like_cnt": 4, "comment_like_cnt": 0}, "video_total_counter": {"play_cnt": -1}, "brand_account": 0, "hongbaofei": 0, "tab_manage": "[0, 0]", "reward_status": 0, "green_mode": 0, "urisk": 0, "avatar_type": 0}, "mid": "4820832373446792", "idstr": "4820832373446792", "status": {"visible": {"type": 0, "list_id": 0}, "created_at": "Tue Oct 04 12:43:54 +0800 2022", "id": 4820828879849791, "idstr": "4820828879849791", "mid": "4820828879849791", "can_edit": false, "version": 5, "show_additional_indication": 0, "text": "齐齐哈尔马戏团在沧州表演时，老虎忽然向马扑去，似乎要吃马。现场顿时乱作一团。据说是由于疫情造成马戏团效益变差，再加上肉价上涨，不得不减少老虎的伙食，导致老虎要吃马。还好，沒有吃人。这段视頻比看马戏还刺激，令人震惊。#v光计划# http://t.cn/A6oL9dnL ​", "textLength": 244, "source_allowclick": 0, "source_type": 1, "source": "<a href=\"http://app.weibo.com/t/feed/xEsRX\" rel=\"nofollow\">新版微博 weibo.com</a>", "favorited": false, "truncated": false, "in_reply_to_status_id": "", "in_reply_to_user_id": "", "in_reply_to_screen_name": "", "pic_urls": [], "geo": null, "is_paid": false, "mblog_vip_type": 0, "user": {"id": 1002224393, "idstr": "1002224393", "class": 1, "screen_name": "老陶在路上", "name": "老陶在路上", "province": "11", "city": "5", "location": "北京 朝阳区", "description": "商业合作请发邮件至 958585270@qq.com", "url": "", "profile_image_url": "https://tvax1.sinaimg.cn/crop.1061.0.794.794.50/3bbcbb09ly8ghdzexpudtj21t50u0ah8.jpg?KID=imgbed,tva&Expires=1669715196&ssig=utuq2C%2FjVi", "light_ring": false, "cover_image_phone": "http://ww1.sinaimg.cn/crop.0.0.640.640.640/549d0121tw1egm1kjly3jj20hs0hsq4f.jpg", "profile_url": "u/1002224393", "domain": "", "weihao": "", "gender": "m", "followers_count": 974762, "followers_count_str": "97.5万", "friends_count": 391, "pagefriends_count": 5, "statuses_count": 14838, "video_status_count": 4545, "video_play_count": 0, "super_topic_not_syn_count": 0, "favourites_count": 575, "created_at": "Sat May 15 19:53:09 +0800 2010", "following": false, "allow_all_act_msg": false, "geo_enabled": false, "verified": true, "verified_type": 0, "remark": "", "insecurity": {"sexual_content": false}, "ptype": 0, "allow_all_comment": false, "avatar_large": "https://tvax1.sinaimg.cn/crop.1061.0.794.794.180/3bbcbb09ly8ghdzexpudtj21t50u0ah8.jpg?KID=imgbed,tva&Expires=1669715196&ssig=%2FodGGPFMhM", "avatar_hd": "https://tvax1.sinaimg.cn/crop.1061.0.794.794.1024/3bbcbb09ly8ghdzexpudtj21t50u0ah8.jpg?KID=imgbed,tva&Expires=1669715196&ssig=Q6nGVnEOkM", "verified_reason": "记者 微博原创视频博主", "verified_trade": "842", "verified_reason_url": "", "verified_source": "", "verified_source_url": "", "verified_state": 0, "verified_level": 3, "verified_type_ext": 0, "has_service_tel": false, "verified_reason_modified": "", "verified_contact_name": "", "verified_contact_email": "", "verified_contact_mobile": "", "follow_me": false, "like": false, "like_me": false, "online_status": 0, "bi_followers_count": 180, "lang": "zh-cn", "star": 0, "mbtype": 12, "mbrank": 7, "svip": 0, "mb_expire_time": 1718035200, "block_word": 0, "block_app": 1, "chaohua_ability": 0, "brand_ability": 0, "nft_ability": 0, "vplus_ability": 1, "wenda_ability": 1, "live_ability": 0, "gongyi_ability": 0, "paycolumn_ability": 0, "newbrand_ability": 0, "ecommerce_ability": 0, "hardfan_ability": 1, "dianping": "stock", "credit_score": 80, "user_ability": -2136602104, "cardid": "star_583", "urank": 40, "story_read_state": -1, "verified_detail": {"custom": 0, "data": [{"key": 1, "sub_key": 0, "weight": 10, "desc": "记者"}, {"key": 16, "sub_key": 1, "weight": 103, "desc": "微博原创视频博主"}]}, "vclub_member": 0, "is_teenager": 0, "is_guardian": 0, "is_teenager_list": 0, "pc_new": 6, "special_follow": false, "planet_video": 2, "video_mark": 15, "live_status": 0, "user_ability_extend": 1, "status_total_counter": {"total_cnt": 614285, "repost_cnt": 78556, "comment_cnt": 91634, "like_cnt": 252092, "comment_like_cnt": 192003}, "video_total_counter": {"play_cnt": 84584994}, "brand_account": 0, "hongbaofei": 0, "tab_manage": "[0, 0]", "reward_status": 0, "green_mode": 0, "urisk": 34896609280, "avatar_type": 0}, "annotations": [{}, {}, {"mapi_request": true}], "reposts_count": 0, "comments_count": 0, "reprint_cmt_count": 0, "attitudes_count": 0, "pending_approval_count": 0, "isLongText": false, "reward_exhibition_type": 0, "hide_flag": 0, "mlevel": 128, "show_mlevel": 0, "biz_ids": [230444], "biz_feature": 4294967304, "page_type": 64, "hasActionTypeCard": 0, "darwin_tags": [], "hot_weibo_tags": [], "text_tag_tips": [], "mblogtype": 0, "userType": 0, "mlevelSource": "monitor", "more_info_type": 0, "cardid": "star_583", "number_display_strategy": {"apply_scenario_flag": 3, "display_text_min_number": 1000000, "display_text": "100万+"}, "positive_recom_flag": 0, "content_auth": 0, "gif_ids": "", "is_show_bulletin": 2, "comment_manage_info": {"comment_permission_type": -1, "approval_comment_type": 0, "comment_sort_type": 0, "ai_play_picture_type": 0}, "pic_num": 0, "fid": 4820828335112245, "can_reprint": false, "new_comment_style": 0}, "readtimetype": "comment", "match_ai_play_picture": false}