{"created_at": "Mon Jun 13 09:04:20 +0800 2022", "id": 4779823794752617, "rootid": 4779823794752617, "rootidstr": "4779823794752617", "floor_number": 8, "text": "加什么分，应该保送", "disable_reply": 0, "restrictOperate": 0, "source_allowclick": 0, "source_type": 4, "source": "<a href=\"\" rel=\"nofollow\">来自吉林</a>", "user": {"id": 5669703119, "idstr": "5669703119", "class": 1, "screen_name": "特别慢车", "name": "特别慢车", "province": "22", "city": "1000", "location": "吉林", "description": "", "url": "", "profile_image_url": "https://tvax3.sinaimg.cn/crop.0.0.1328.1328.50/006bHuMvly8fdc6wwaa8vj310w10wah2.jpg?KID=imgbed,tva&Expires=1670004778&ssig=HzEQHvX68m", "light_ring": false, "cover_image_phone": "http://ww1.sinaimg.cn/crop.0.0.640.640.640/549d0121tw1egm1kjly3jj20hs0hsq4f.jpg", "profile_url": "979327762", "domain": "du19690819", "weihao": "979327762", "gender": "m", "followers_count": 94, "followers_count_str": "94", "friends_count": 94, "pagefriends_count": 0, "statuses_count": 46, "video_status_count": 2, "video_play_count": 0, "super_topic_not_syn_count": 0, "favourites_count": 0, "created_at": "Thu Aug 06 12:55:44 +0800 2015", "following": false, "allow_all_act_msg": false, "geo_enabled": true, "verified": false, "verified_type": -1, "remark": "", "insecurity": {"sexual_content": false}, "ptype": 0, "allow_all_comment": true, "avatar_large": "https://tvax3.sinaimg.cn/crop.0.0.1328.1328.180/006bHuMvly8fdc6wwaa8vj310w10wah2.jpg?KID=imgbed,tva&Expires=1670004778&ssig=ZvXDKHQ5nk", "avatar_hd": "https://tvax3.sinaimg.cn/crop.0.0.1328.1328.1024/006bHuMvly8fdc6wwaa8vj310w10wah2.jpg?KID=imgbed,tva&Expires=1670004778&ssig=pgawh%2FwXb4", "verified_reason": "", "verified_trade": "", "verified_reason_url": "", "verified_source": "", "verified_source_url": "", "follow_me": false, "like": false, "like_me": false, "online_status": 0, "bi_followers_count": 0, "lang": "zh-cn", "star": 0, "mbtype": 0, "mbrank": 0, "svip": 0, "mb_expire_time": 0, "block_word": 0, "block_app": 0, "chaohua_ability": 0, "brand_ability": 0, "nft_ability": 0, "vplus_ability": 0, "wenda_ability": 0, "live_ability": 0, "gongyi_ability": 0, "paycolumn_ability": 0, "newbrand_ability": 0, "ecommerce_ability": 0, "hardfan_ability": 0, "credit_score": 80, "user_ability": 34865152, "urank": 4, "story_read_state": -1, "vclub_member": 0, "is_teenager": 0, "is_guardian": 0, "is_teenager_list": 0, "pc_new": 0, "special_follow": false, "planet_video": 2, "video_mark": 0, "live_status": 0, "user_ability_extend": 0, "status_total_counter": {"total_cnt": 39, "repost_cnt": 11, "comment_cnt": 14, "like_cnt": 8, "comment_like_cnt": 6}, "video_total_counter": {"play_cnt": 42}, "brand_account": 0, "hongbaofei": 0, "tab_manage": "[0, 0]", "reward_status": 0, "green_mode": 0, "urisk": 0, "avatar_type": 0}, "mid": "4779823794752617", "idstr": "4779823794752617", "status": {"visible": {"type": 0, "list_id": 0}, "created_at": "Sun Jun 12 18:45:24 +0800 2022", "id": 4779607637362640, "idstr": "4779607637362640", "mid": "4779607637362640", "can_edit": false, "version": 3, "show_additional_indication": 0, "text": "网友：烈士子女高考加20分，引起其他家长不满，女孩哭着说：我把20分给你们，你们能把爸爸还给我吗？[悲伤] ​​​​", "textLength": 109, "source_allowclick": 0, "source_type": 1, "source": "<a href=\"http://app.weibo.com/t/feed/6vtZb0\" rel=\"nofollow\">微博 weibo.com</a>", "favorited": false, "truncated": false, "in_reply_to_status_id": "", "in_reply_to_user_id": "", "in_reply_to_screen_name": "", "pic_urls": [{"thumbnail_pic": "http://wx2.sinaimg.cn/thumbnail/007uICjVgy1h35nfxshfkj30dw0f4tal.jpg"}], "thumbnail_pic": "http://wx2.sinaimg.cn/thumbnail/007uICjVgy1h35nfxshfkj30dw0f4tal.jpg", "bmiddle_pic": "http://wx2.sinaimg.cn/bmiddle/007uICjVgy1h35nfxshfkj30dw0f4tal.jpg", "original_pic": "http://wx2.sinaimg.cn/large/007uICjVgy1h35nfxshfkj30dw0f4tal.jpg", "geo": null, "is_paid": false, "mblog_vip_type": 0, "user": {"id": 2307318984, "idstr": "2307318984", "class": 1, "screen_name": "人民正能量", "name": "人民正能量", "province": "11", "city": "1000", "location": "北京", "description": "公益合作673938825q", "url": "", "profile_image_url": "https://tvax3.sinaimg.cn/crop.0.0.996.996.50/8986e4c8ly8gi6f5aes8zj20ro0rodhi.jpg?KID=imgbed,tva&Expires=1670004778&ssig=oHWyZtJPjo", "light_ring": false, "cover_image": "http://wx4.sinaimg.cn/crop.0.0.920.300/8986e4c8gy1ftdsu2vin5j20pk08cadz.jpg", "cover_image_phone": "http://ww1.sinaimg.cn/crop.0.0.640.640.640/549d0121tw1egm1kjly3jj20hs0hsq4f.jpg", "profile_url": "206107775", "domain": "xms328", "weihao": "206107775", "gender": "f", "followers_count": 2213744, "followers_count_str": "221.4万", "friends_count": 57, "pagefriends_count": 11, "statuses_count": 19499, "video_status_count": 10152, "video_play_count": 0, "super_topic_not_syn_count": 0, "favourites_count": 31, "created_at": "Sat Aug 13 20:07:40 +0800 2011", "following": false, "allow_all_act_msg": true, "geo_enabled": false, "verified": true, "verified_type": 0, "remark": "", "insecurity": {"sexual_content": false}, "ptype": 0, "allow_all_comment": true, "avatar_large": "https://tvax3.sinaimg.cn/crop.0.0.996.996.180/8986e4c8ly8gi6f5aes8zj20ro0rodhi.jpg?KID=imgbed,tva&Expires=1670004778&ssig=CZ6h058A9d", "avatar_hd": "https://tvax3.sinaimg.cn/crop.0.0.996.996.1024/8986e4c8ly8gi6f5aes8zj20ro0rodhi.jpg?KID=imgbed,tva&Expires=1670004778&ssig=Gh06F%2BmV5r", "verified_reason": "知名公益博主", "verified_trade": "", "verified_reason_url": "", "verified_source": "", "verified_source_url": "", "verified_state": 0, "verified_level": 3, "verified_type_ext": 0, "has_service_tel": false, "verified_reason_modified": "", "verified_contact_name": "", "verified_contact_email": "", "verified_contact_mobile": "", "follow_me": false, "like": false, "like_me": false, "online_status": 0, "bi_followers_count": 10, "lang": "zh-cn", "star": 0, "mbtype": 2, "mbrank": 7, "svip": 0, "mb_expire_time": 1635350399, "block_word": 0, "block_app": 0, "chaohua_ability": 0, "brand_ability": 0, "nft_ability": 0, "vplus_ability": 0, "wenda_ability": 0, "live_ability": 0, "gongyi_ability": 0, "paycolumn_ability": 0, "newbrand_ability": 0, "ecommerce_ability": 0, "hardfan_ability": 1, "credit_score": 80, "user_ability": 3408648, "cardid": "star_1377", "avatargj_id": "gj_vip_570", "urank": 48, "story_read_state": -1, "verified_detail": {"custom": 0, "data": [{"key": 2, "weight": 101, "desc": "知名公益博主"}]}, "vclub_member": 0, "is_teenager": 0, "is_guardian": 0, "is_teenager_list": 0, "pc_new": 6, "special_follow": false, "planet_video": 2, "video_mark": 15, "live_status": 0, "user_ability_extend": 0, "status_total_counter": {"total_cnt": 5688730, "repost_cnt": 567155, "comment_cnt": 281718, "like_cnt": 4620369, "comment_like_cnt": 219488}, "video_total_counter": {"play_cnt": 134570338}, "brand_account": 0, "hongbaofei": 0, "tab_manage": "[0, 0]", "reward_status": 0, "green_mode": 0, "urisk": 0, "avatar_type": 0}, "picStatus": "1", "reposts_count": 0, "comments_count": 0, "reprint_cmt_count": 0, "attitudes_count": 0, "pending_approval_count": 0, "isLongText": false, "reward_exhibition_type": 0, "hide_flag": 0, "mlevel": 128, "show_mlevel": 0, "biz_feature": 0, "hasActionTypeCard": 0, "darwin_tags": [], "hot_weibo_tags": [], "text_tag_tips": [], "mblogtype": 0, "userType": 0, "mlevelSource": "monitor", "more_info_type": 0, "number_display_strategy": {"apply_scenario_flag": 3, "display_text_min_number": 1000000, "display_text": "100万+"}, "positive_recom_flag": 0, "content_auth": 0, "gif_ids": "", "is_show_bulletin": 2, "comment_manage_info": {"comment_permission_type": -1, "approval_comment_type": 0, "comment_sort_type": 0, "ai_play_picture_type": 0}, "pic_num": 1, "can_reprint": false, "new_comment_style": 0}, "readtimetype": "comment", "match_ai_play_picture": false}