{"created_at": "Sat Dec 10 22:19:54 +0800 2022", "id": 4845253820941539, "rootid": 4845253820941539, "rootidstr": "4845253820941539", "floor_number": 6, "text": "希望小宝宝没事", "disable_reply": 0, "restrictOperate": 0, "source_allowclick": 0, "source_type": 4, "source": "<a href=\"\" rel=\"nofollow\">来自广东</a>", "comment_badge": [{"pic_url": "https://h5.sinaimg.cn/upload/114/962/2022/07/08/member_6_bigfan3_1.png", "name": "loyal_fans", "length": 1.33, "actionlog": {"act_code": "3671", "ext": "status:fans"}, "scheme": "https://kefu.weibo.com/faqdetail?id=20848", "new_icon": true}], "user": {"id": 5847292205, "idstr": "5847292205", "class": 1, "screen_name": "雪落樱花v", "name": "雪落樱花v", "province": "44", "city": "1000", "location": "广东", "description": "陪你走过的青春，是我一生一世的认真", "url": "", "profile_image_url": "https://tvax4.sinaimg.cn/crop.0.0.960.960.50/006nIDOBly8h0ctbmyzbqj30qo0qo758.jpg?KID=imgbed,tva&Expires=1670699767&ssig=oit7VX%2FaDM", "light_ring": false, "cover_image_phone": "https://wx4.sinaimg.cn/crop.0.0.640.640.640/006nIDOBgy1gryw0mqz6hj30u00u0jxk.jpg", "profile_url": "u/5847292205", "domain": "", "weihao": "", "gender": "f", "followers_count": 17567, "followers_count_str": "1.8万", "friends_count": 933, "pagefriends_count": 39, "statuses_count": 7234, "video_status_count": 1524, "video_play_count": 0, "super_topic_not_syn_count": 84, "favourites_count": 25, "created_at": "Tue Feb 02 09:38:03 +0800 2016", "following": false, "allow_all_act_msg": false, "geo_enabled": true, "verified": true, "verified_type": 0, "remark": "", "insecurity": {"sexual_content": false}, "ptype": 0, "allow_all_comment": true, "avatar_large": "https://tvax4.sinaimg.cn/crop.0.0.960.960.180/006nIDOBly8h0ctbmyzbqj30qo0qo758.jpg?KID=imgbed,tva&Expires=1670699767&ssig=pwYheoqag9", "avatar_hd": "https://tvax4.sinaimg.cn/crop.0.0.960.960.1024/006nIDOBly8h0ctbmyzbqj30qo0qo758.jpg?KID=imgbed,tva&Expires=1670699767&ssig=1Uk3NqwWsK", "verified_reason": "超话粉丝大咖（王一博超话） 微博原创视频博主", "verified_trade": "", "verified_reason_url": "", "verified_source": "", "verified_source_url": "", "verified_state": 0, "verified_level": 3, "verified_type_ext": 1, "has_service_tel": false, "verified_reason_modified": "", "verified_contact_name": "", "verified_contact_email": "", "verified_contact_mobile": "", "follow_me": false, "like": false, "like_me": false, "online_status": 0, "bi_followers_count": 851, "lang": "zh-cn", "star": 0, "mbtype": 12, "mbrank": 6, "svip": 0, "mb_expire_time": 1671552000, "block_word": 0, "block_app": 1, "chaohua_ability": 0, "brand_ability": 0, "nft_ability": 0, "vplus_ability": 0, "wenda_ability": 0, "live_ability": 0, "gongyi_ability": 0, "paycolumn_ability": 0, "newbrand_ability": 0, "ecommerce_ability": 0, "hardfan_ability": 1, "credit_score": 80, "user_ability": 11797000, "cardid": "star_1573", "avatargj_id": "gj_vip_719", "urank": 4, "story_read_state": -1, "verified_detail": {"custom": 0, "data": [{"key": 16, "sub_key": 1, "weight": 103, "desc": "微博原创视频博主"}, {"key": 8, "sub_key": 0, "weight": 102, "desc": "超话粉丝大咖（王一博超话）"}]}, "vclub_member": 0, "is_teenager": 0, "is_guardian": 1, "is_teenager_list": 0, "pc_new": 6, "special_follow": false, "planet_video": 2, "video_mark": 15, "live_status": 0, "user_ability_extend": 0, "video_cover": {"mid": 4747614531357713}, "status_total_counter": {"total_cnt": 1269391, "repost_cnt": 57856, "comment_cnt": 546034, "like_cnt": 381530, "comment_like_cnt": 283971}, "video_total_counter": {"play_cnt": 14466554}, "brand_account": 0, "hongbaofei": 0, "tab_manage": "[4329440650, 0]", "reward_status": 0, "green_mode": 0, "urisk": 0, "avatar_type": 0}, "mid": "4845253820941539", "idstr": "4845253820941539", "status": {"visible": {"type": 0, "list_id": 0}, "created_at": "Sat Dec 10 22:17:52 +0800 2022", "id": 4845253310286572, "idstr": "4845253310286572", "mid": "4845253310286572", "can_edit": false, "show_additional_indication": 0, "text": "#宝妈被追尾1岁娃从车中滚落#\n\n这哪是追尾啊，这简直是眼瞅着人就往身上撞啊[允悲]\n真的太危险了，还是赶紧去医院检查一下啊。 ​", "textLength": 118, "source_allowclick": 1, "source_type": 1, "source": "<a href=\"http://app.weibo.com/t/feed/BDOcv\" rel=\"nofollow\">Redmi K30 5G先锋</a>", "favorited": false, "truncated": false, "in_reply_to_status_id": "", "in_reply_to_user_id": "", "in_reply_to_screen_name": "", "pic_urls": [], "geo": null, "is_paid": false, "mblog_vip_type": 0, "user": {"id": 6719745797, "idstr": "6719745797", "class": 1, "screen_name": "YiBo-叶叶", "name": "YiBo-叶叶", "province": "44", "city": "1000", "location": "广东", "description": "🚫 🦐 🐢", "url": "", "profile_image_url": "https://tvax3.sinaimg.cn/crop.0.0.1080.1080.50/007kLmQJly8h8nlnw1dsdj30u00u0goo.jpg?KID=imgbed,tva&Expires=1670699767&ssig=qEN7OBgEem", "light_ring": false, "cover_image_phone": "https://wx3.sinaimg.cn/crop.0.0.640.640.640/007kLmQJgy1h2j4fl942pj30u00u0wi5.jpg", "profile_url": "u/6719745797", "domain": "", "weihao": "", "gender": "m", "followers_count": 12280, "followers_count_str": "1.2万", "friends_count": 560, "pagefriends_count": 16, "statuses_count": 4671, "video_status_count": 1001, "video_play_count": 0, "super_topic_not_syn_count": 54, "favourites_count": 0, "created_at": "Sun Sep 23 14:31:26 +0800 2018", "following": false, "allow_all_act_msg": false, "geo_enabled": true, "verified": true, "verified_type": 0, "remark": "", "insecurity": {"sexual_content": false}, "ptype": 0, "allow_all_comment": true, "avatar_large": "https://tvax3.sinaimg.cn/crop.0.0.1080.1080.180/007kLmQJly8h8nlnw1dsdj30u00u0goo.jpg?KID=imgbed,tva&Expires=1670699767&ssig=HyySoCO54%2B", "avatar_hd": "https://tvax3.sinaimg.cn/crop.0.0.1080.1080.1024/007kLmQJly8h8nlnw1dsdj30u00u0goo.jpg?KID=imgbed,tva&Expires=1670699767&ssig=Atxyg23YP9", "verified_reason": "娱乐博主 超话粉丝大咖（王一博超话） 微博剪辑视频博主", "verified_trade": "", "verified_reason_url": "", "verified_source": "", "verified_source_url": "", "verified_state": 0, "verified_level": 3, "verified_type_ext": 1, "has_service_tel": false, "verified_reason_modified": "", "verified_contact_name": "", "verified_contact_email": "", "verified_contact_mobile": "", "follow_me": false, "like": false, "like_me": false, "online_status": 0, "bi_followers_count": 520, "lang": "zh-cn", "star": 0, "mbtype": 12, "mbrank": 6, "svip": 0, "mb_expire_time": 1685894400, "block_word": 0, "block_app": 1, "chaohua_ability": 0, "brand_ability": 0, "nft_ability": 0, "vplus_ability": 0, "wenda_ability": 0, "live_ability": 0, "gongyi_ability": 0, "paycolumn_ability": 0, "newbrand_ability": 0, "ecommerce_ability": 0, "hardfan_ability": 1, "credit_score": 80, "user_ability": 2359304, "cardid": "star_104300055938", "avatargj_id": "gj_vip_011", "urank": 20, "story_read_state": -1, "verified_detail": {"custom": 0, "data": [{"key": 8, "sub_key": 0, "weight": 102, "desc": "超话粉丝大咖（王一博超话）", "timestamp": 0}, {"key": 2, "sub_key": 0, "weight": 101, "desc": "娱乐博主", "timestamp": 0}, {"key": 16, "sub_key": 4, "weight": 103, "desc": "微博剪辑视频博主", "timestamp": 1647313804}]}, "vclub_member": 0, "is_teenager": 0, "is_guardian": 1, "is_teenager_list": 0, "pc_new": 0, "special_follow": false, "planet_video": 2, "video_mark": 3, "live_status": 0, "user_ability_extend": 0, "video_cover": {"mid": 4773886572367409}, "status_total_counter": {"total_cnt": 711082, "repost_cnt": 17549, "comment_cnt": 365179, "like_cnt": 163054, "comment_like_cnt": 165300}, "video_total_counter": {"play_cnt": 4669003}, "brand_account": 0, "hongbaofei": 0, "tab_manage": "[16943748, 0]", "reward_status": 0, "green_mode": 0, "mb_like_privilege": {"like_id": "0024_60", "like_desc": ""}, "urisk": 0, "avatar_type": 0}, "annotations": [{}, {"shooting": 1, "client_mblogid": "afdbc544-8c1e-42a2-a3a1-8c2ebd93ab72"}, {"mapi_request": true}], "reposts_count": 0, "comments_count": 0, "reprint_cmt_count": 0, "attitudes_count": 0, "pending_approval_count": 0, "isLongText": false, "reward_exhibition_type": 0, "hide_flag": 0, "mlevel": 0, "show_mlevel": 0, "biz_feature": 0, "page_type": 64, "hasActionTypeCard": 0, "darwin_tags": [], "hot_weibo_tags": [], "text_tag_tips": [], "mblogtype": 0, "userType": 0, "more_info_type": 0, "cardid": "star_104300055938", "number_display_strategy": {"apply_scenario_flag": 3, "display_text_min_number": 1000000, "display_text": "100万+"}, "positive_recom_flag": 0, "content_auth": 0, "gif_ids": "", "is_show_bulletin": 2, "comment_manage_info": {"comment_permission_type": -1, "approval_comment_type": 0, "comment_sort_type": 0, "ai_play_picture_type": 0}, "pic_num": 0, "can_reprint": false, "new_comment_style": 0}, "readtimetype": "comment", "comment_dynamic_message": {"id": "0037", "icon_url": "https://h5.sinaimg.cn/upload/100/1720/2022/09/01/comment_bubble_noneback_0901.png", "tag_text": "会员", "start_color": "#00FF8F56", "end_color": "#1AFF8656", "start_color_dark": "#00FF8F56", "end_color_dark": "#1AFF8656", "name": {"zh_CN": "轻橙渐变", "zh_HK": "轻橙渐变", "en_US": "orange"}, "scheme": "https://new.vip.weibo.cn/bubble/mall?showmenu=0&decorateId=0037&uid=5847292205", "allow_vip_box_content": "用此评论气泡", "allow_vip_box_icon": "https://h5.sinaimg.cn/upload/100/1720/2022/08/08/icon_VIP_for_comment_bubble.png"}, "match_ai_play_picture": false}