{"created_at": "Tue Sep 13 21:33:28 +0800 2022", "id": 4813352004225746, "rootid": 4813352004225746, "rootidstr": "4813352004225746", "floor_number": 15, "text": "此视频经有关部门核查，是谣言，请大家不信谣不传谣[允悲]，我删不掉[允悲]", "disable_reply": 0, "is_mblog_author": true, "restrictOperate": 0, "source_allowclick": 0, "source_type": 4, "source": "<a href=\"\" rel=\"nofollow\">来自山东</a>", "comment_badge": [{"pic_url": "https://h5.sinaimg.cn/upload/1007/25/2019/05/17/feed_icon_poster_identity133low.png", "name": "blogger", "length": 1.33, "actionlog": {"act_code": "3671", "ext": "status:author"}, "scheme": "https://kefu.weibo.com/faqdetail?id=20848"}], "user": {"id": 6042829129, "idstr": "6042829129", "class": 1, "screen_name": "莫问前路勿念归途-德云", "name": "莫问前路勿念归途-德云", "province": "37", "city": "8", "location": "山东 济宁", "description": "求人不如求己，靠谁不如靠己，与其放下脸面，讨好别人，不如努力改变，活好自己，当你成功了，就无惧风雨，当你强大了，就不怕人欺，共勉~", "url": "", "profile_image_url": "https://tvax4.sinaimg.cn/crop.181.190.459.459.50/006AX5TXly8gn0xpfsg76j30n00n00tl.jpg?KID=imgbed,tva&Expires=1669886257&ssig=c%2F3lWtYzkZ", "light_ring": false, "cover_image_phone": "http://ww1.sinaimg.cn/crop.0.0.640.640.640/549d0121tw1egm1kjly3jj20hs0hsq4f.jpg", "profile_url": "u/6042829129", "domain": "", "weihao": "", "gender": "f", "followers_count": 71, "followers_count_str": "71", "friends_count": 438, "pagefriends_count": 8, "statuses_count": 1972, "video_status_count": 9, "video_play_count": 0, "super_topic_not_syn_count": 0, "favourites_count": 46, "created_at": "Mon Oct 10 19:53:52 +0800 2016", "following": false, "allow_all_act_msg": false, "geo_enabled": true, "verified": false, "verified_type": -1, "remark": "", "insecurity": {"sexual_content": false}, "ptype": 0, "allow_all_comment": true, "avatar_large": "https://tvax4.sinaimg.cn/crop.181.190.459.459.180/006AX5TXly8gn0xpfsg76j30n00n00tl.jpg?KID=imgbed,tva&Expires=1669886257&ssig=%2F6dAByx7dG", "avatar_hd": "https://tvax4.sinaimg.cn/crop.181.190.459.459.1024/006AX5TXly8gn0xpfsg76j30n00n00tl.jpg?KID=imgbed,tva&Expires=1669886257&ssig=RL%2ByOQwsi5", "verified_reason": "", "verified_trade": "", "verified_reason_url": "", "verified_source": "", "verified_source_url": "", "follow_me": false, "like": false, "like_me": false, "online_status": 0, "bi_followers_count": 1, "lang": "zh-cn", "star": 0, "mbtype": 0, "mbrank": 0, "svip": 0, "mb_expire_time": 0, "block_word": 0, "block_app": 0, "chaohua_ability": 0, "brand_ability": 0, "nft_ability": 0, "vplus_ability": 0, "wenda_ability": 0, "live_ability": 0, "gongyi_ability": 0, "paycolumn_ability": 0, "newbrand_ability": 0, "ecommerce_ability": 0, "hardfan_ability": 0, "credit_score": 80, "user_ability": 3407872, "urank": 4, "story_read_state": -1, "vclub_member": 0, "is_teenager": 0, "is_guardian": 0, "is_teenager_list": 0, "pc_new": 7, "special_follow": false, "planet_video": 2, "video_mark": 2, "live_status": 0, "user_ability_extend": 0, "status_total_counter": {"total_cnt": 163, "repost_cnt": 12, "comment_cnt": 18, "like_cnt": 126, "comment_like_cnt": 7}, "video_total_counter": {"play_cnt": 17825}, "brand_account": 0, "hongbaofei": 0, "tab_manage": "[0, 0]", "reward_status": 0, "green_mode": 0, "urisk": 17179869184, "avatar_type": 0}, "mid": "4813352004225746", "idstr": "4813352004225746", "status": {"visible": {"type": 0, "list_id": 0}, "created_at": "Sun Sep 11 15:38:17 +0800 2022", "id": 4812537842896172, "idstr": "4812537842896172", "mid": "4812537842896172", "can_edit": false, "version": 3, "show_additional_indication": 0, "text": "现在山东济宁被拉走的隔离点，都成羊圈了，就看看吧，我们山东之前没少帮助外省吧？我们的人在如此恶劣的环境下隔离，没窗户没门，羊圈现收拾，这一次疫情真的很无语，好无语…… http://t.cn/A6LagaZp http://t.cn/A6S8Ynar ​", "textLength": 208, "source_allowclick": 0, "source_type": 2, "source": "<a href=\"http://weibo.com/\" rel=\"nofollow\">iPhone客户端</a>", "favorited": false, "truncated": false, "in_reply_to_status_id": "", "in_reply_to_user_id": "", "in_reply_to_screen_name": "", "pic_urls": [], "geo": {"type": "Point", "coordinates": [35.418587, 116.61554]}, "is_paid": false, "mblog_vip_type": 0, "user": {"id": 6042829129, "idstr": "6042829129", "class": 1, "screen_name": "莫问前路勿念归途-德云", "name": "莫问前路勿念归途-德云", "province": "37", "city": "8", "location": "山东 济宁", "description": "求人不如求己，靠谁不如靠己，与其放下脸面，讨好别人，不如努力改变，活好自己，当你成功了，就无惧风雨，当你强大了，就不怕人欺，共勉~", "url": "", "profile_image_url": "https://tvax4.sinaimg.cn/crop.181.190.459.459.50/006AX5TXly8gn0xpfsg76j30n00n00tl.jpg?KID=imgbed,tva&Expires=1669886257&ssig=c%2F3lWtYzkZ", "light_ring": false, "cover_image_phone": "http://ww1.sinaimg.cn/crop.0.0.640.640.640/549d0121tw1egm1kjly3jj20hs0hsq4f.jpg", "profile_url": "u/6042829129", "domain": "", "weihao": "", "gender": "f", "followers_count": 71, "followers_count_str": "71", "friends_count": 438, "pagefriends_count": 8, "statuses_count": 1972, "video_status_count": 9, "video_play_count": 0, "super_topic_not_syn_count": 0, "favourites_count": 46, "created_at": "Mon Oct 10 19:53:52 +0800 2016", "following": false, "allow_all_act_msg": false, "geo_enabled": true, "verified": false, "verified_type": -1, "remark": "", "insecurity": {"sexual_content": false}, "ptype": 0, "allow_all_comment": true, "avatar_large": "https://tvax4.sinaimg.cn/crop.181.190.459.459.180/006AX5TXly8gn0xpfsg76j30n00n00tl.jpg?KID=imgbed,tva&Expires=1669886257&ssig=%2F6dAByx7dG", "avatar_hd": "https://tvax4.sinaimg.cn/crop.181.190.459.459.1024/006AX5TXly8gn0xpfsg76j30n00n00tl.jpg?KID=imgbed,tva&Expires=1669886257&ssig=RL%2ByOQwsi5", "verified_reason": "", "verified_trade": "", "verified_reason_url": "", "verified_source": "", "verified_source_url": "", "follow_me": false, "like": false, "like_me": false, "online_status": 0, "bi_followers_count": 1, "lang": "zh-cn", "star": 0, "mbtype": 0, "mbrank": 0, "svip": 0, "mb_expire_time": 0, "block_word": 0, "block_app": 0, "chaohua_ability": 0, "brand_ability": 0, "nft_ability": 0, "vplus_ability": 0, "wenda_ability": 0, "live_ability": 0, "gongyi_ability": 0, "paycolumn_ability": 0, "newbrand_ability": 0, "ecommerce_ability": 0, "hardfan_ability": 0, "credit_score": 80, "user_ability": 3407872, "urank": 4, "story_read_state": -1, "vclub_member": 0, "is_teenager": 0, "is_guardian": 0, "is_teenager_list": 0, "pc_new": 7, "special_follow": false, "planet_video": 2, "video_mark": 2, "live_status": 0, "user_ability_extend": 0, "status_total_counter": {"total_cnt": 163, "repost_cnt": 12, "comment_cnt": 18, "like_cnt": 126, "comment_like_cnt": 7}, "video_total_counter": {"play_cnt": 17825}, "brand_account": 0, "hongbaofei": 0, "tab_manage": "[0, 0]", "reward_status": 0, "green_mode": 0, "urisk": 17179869184, "avatar_type": 0}, "annotations": [{}, {}, {"spot_type": "0"}, {"place": {"poiid": "8008637080000000000", "title": "济宁", "type": "checkin", "spot_type": "0"}, "client_mblogid": "iPhone-60E44737-77E5-4C38-99A0-3606EC4A1E89"}, {"mapi_request": true}], "reposts_count": 0, "comments_count": 0, "reprint_cmt_count": 0, "attitudes_count": 0, "pending_approval_count": 0, "isLongText": false, "reward_exhibition_type": 0, "hide_flag": 0, "mlevel": 128, "show_mlevel": 0, "biz_ids": [100101, 230444], "biz_feature": 4294967304, "hasActionTypeCard": 0, "darwin_tags": [], "hot_weibo_tags": [], "text_tag_tips": [], "mblogtype": 0, "userType": 0, "mlevelSource": "monitor", "more_info_type": 0, "number_display_strategy": {"apply_scenario_flag": 3, "display_text_min_number": 1000000, "display_text": "100万+"}, "positive_recom_flag": 0, "content_auth": 0, "gif_ids": "", "is_show_bulletin": 2, "comment_manage_info": {"comment_permission_type": -1, "approval_comment_type": 0, "comment_sort_type": 0, "ai_play_picture_type": 0}, "pic_num": 0, "fid": 4812537014255854, "can_reprint": false, "new_comment_style": 0}, "readtimetype": "comment", "sync_id": 4812537014255854, "sync_uuid": 4812537014255854, "sync_generate_level": 1, "match_ai_play_picture": false}