{"created_at": "Sat Nov 05 01:18:10 +0800 2022", "id": 4832252721104223, "rootid": 4832252721104223, "rootidstr": "4832252721104223", "floor_number": 4, "text": "消杀等于吵架！这座没温度的城市", "disable_reply": 0, "restrictOperate": 0, "source_allowclick": 0, "source_type": 4, "source": "<a href=\"\" rel=\"nofollow\">来自内蒙古</a>", "extend_info": {"from_same_city": true}, "user": {"id": 5192512316, "idstr": "5192512316", "class": 1, "screen_name": "秦红宝iYy", "name": "秦红宝iYy", "province": "15", "city": "1000", "location": "内蒙古", "description": "", "url": "", "profile_image_url": "https://tvax4.sinaimg.cn/crop.0.0.1080.1080.50/005FpfEEly8gu6pp9u96fj60u00u041z02.jpg?KID=imgbed,tva&Expires=1674109450&ssig=TvhA%2BbqbQ9", "light_ring": false, "cover_image_phone": "https://ww1.sinaimg.cn/crop.0.0.640.640.640/9d44112bjw1f1xl1c10tuj20hs0hs0tw.jpg", "profile_url": "u/5192512316", "domain": "", "weihao": "", "gender": "m", "followers_count": 595, "followers_count_str": "595", "friends_count": 204, "pagefriends_count": 2, "statuses_count": 898, "video_status_count": 3, "video_play_count": 0, "super_topic_not_syn_count": 0, "favourites_count": 40, "created_at": "Wed Jun 25 08:28:09 +0800 2014", "following": false, "allow_all_act_msg": false, "geo_enabled": true, "verified": false, "verified_type": -1, "remark": "", "insecurity": {"sexual_content": false}, "ptype": 0, "allow_all_comment": true, "avatar_large": "https://tvax4.sinaimg.cn/crop.0.0.1080.1080.180/005FpfEEly8gu6pp9u96fj60u00u041z02.jpg?KID=imgbed,tva&Expires=1674109450&ssig=4RtyY%2FeYOV", "avatar_hd": "https://tvax4.sinaimg.cn/crop.0.0.1080.1080.1024/005FpfEEly8gu6pp9u96fj60u00u041z02.jpg?KID=imgbed,tva&Expires=1674109450&ssig=c%2BSxli9DpN", "verified_reason": "", "verified_trade": "", "verified_reason_url": "", "verified_source": "", "verified_source_url": "", "follow_me": false, "like": false, "like_me": false, "online_status": 0, "bi_followers_count": 18, "lang": "zh-cn", "star": 0, "mbtype": 2, "mbrank": 6, "svip": 0, "mb_expire_time": 1644595199, "block_word": 0, "block_app": 0, "chaohua_ability": 0, "brand_ability": 0, "nft_ability": 0, "vplus_ability": 0, "wenda_ability": 0, "live_ability": 0, "gongyi_ability": 0, "paycolumn_ability": 0, "newbrand_ability": 0, "ecommerce_ability": 0, "hardfan_ability": 0, "wbcolumn_ability": 0, "credit_score": 80, "user_ability": 2360320, "cardid": "star_116204251632", "avatargj_id": "gj_vip_375", "urank": 31, "story_read_state": -1, "vclub_member": 0, "is_teenager": 0, "is_guardian": 0, "is_teenager_list": 0, "pc_new": 7, "special_follow": false, "planet_video": 2, "video_mark": 2, "live_status": 0, "user_ability_extend": 0, "status_total_counter": {"total_cnt": 176, "repost_cnt": 19, "comment_cnt": 7, "like_cnt": 148, "comment_like_cnt": 2}, "video_total_counter": {"play_cnt": 6}, "brand_account": 0, "hongbaofei": 0, "tab_manage": "[0, 0]", "reward_status": 0, "green_mode": 0, "urisk": 0, "unfollowing_recom_switch": 1, "avatar_type": 0}, "mid": "4832252721104223", "idstr": "4832252721104223", "status": {"visible": {"type": 0, "list_id": 0}, "created_at": "Fri Nov 04 23:23:48 +0800 2022", "id": 4832223938744393, "idstr": "4832223938744393", "mid": "4832223938744393", "can_edit": false, "version": 4, "show_additional_indication": 0, "text": "#呼和浩特跳楼#\n我真的要气死了！！！！你消杀就消杀凭什么扔掉人家家里的东西？！！抗疫期间这个救护车就没法发出是吧？！不管大家是死是活 单元门还是不能打开是吧？！这是2022年会发生的新闻？我简直难以置信！规定是死的人是活的这个道理很难懂吗？！学学鄂尔多斯救人优先很难吗？非要做对比中的反 ​", "textLength": 340, "source_allowclick": 0, "source_type": 2, "source": "<a href=\"http://weibo.com/\" rel=\"nofollow\">iPhone客户端</a>", "favorited": false, "truncated": false, "in_reply_to_status_id": "", "in_reply_to_user_id": "", "in_reply_to_screen_name": "", "pic_urls": [{"thumbnail_pic": "http://wx4.sinaimg.cn/thumbnail/006oyTCkly1h7ti4qsnwvj30n01dsq9s.jpg"}, {"thumbnail_pic": "http://wx4.sinaimg.cn/thumbnail/006oyTCkly1h7ti4sw9zoj30n01dsndy.jpg"}, {"thumbnail_pic": "http://wx1.sinaimg.cn/thumbnail/006oyTCkly1h7ti4xs93mj30n00ybwq3.jpg"}], "thumbnail_pic": "http://wx4.sinaimg.cn/thumbnail/006oyTCkly1h7ti4qsnwvj30n01dsq9s.jpg", "bmiddle_pic": "http://wx4.sinaimg.cn/bmiddle/006oyTCkly1h7ti4qsnwvj30n01dsq9s.jpg", "original_pic": "http://wx4.sinaimg.cn/large/006oyTCkly1h7ti4qsnwvj30n01dsq9s.jpg", "geo": null, "is_paid": false, "mblog_vip_type": 0, "user": {"id": 5859746004, "idstr": "5859746004", "class": 1, "screen_name": "考拉小姐Amanda", "name": "考拉小姐Amanda", "province": "15", "city": "1", "location": "内蒙古 呼和浩特", "description": "当然要记录生活啦 又不是随时会想起～", "url": "", "profile_image_url": "https://tvax3.sinaimg.cn/crop.0.0.824.824.50/006oyTCkly8ha18alb3mrj30mw0mw40e.jpg?KID=imgbed,tva&Expires=1674109450&ssig=9GsXkKWw1%2F", "light_ring": false, "cover_image_phone": "https://ww1.sinaimg.cn/crop.0.0.640.640.640/9d44112bjw1f1xl1c10tuj20hs0hs0tw.jpg", "profile_url": "u/5859746004", "domain": "", "weihao": "", "gender": "f", "followers_count": 305, "followers_count_str": "305", "friends_count": 258, "pagefriends_count": 13, "statuses_count": 952, "video_status_count": 52, "video_play_count": 0, "super_topic_not_syn_count": 33, "favourites_count": 1399, "created_at": "Mon Feb 15 19:30:22 +0800 2016", "following": false, "allow_all_act_msg": false, "geo_enabled": true, "verified": false, "verified_type": -1, "remark": "", "insecurity": {"sexual_content": false}, "ptype": 0, "allow_all_comment": true, "avatar_large": "https://tvax3.sinaimg.cn/crop.0.0.824.824.180/006oyTCkly8ha18alb3mrj30mw0mw40e.jpg?KID=imgbed,tva&Expires=1674109450&ssig=TtVbq%2BgcxD", "avatar_hd": "https://tvax3.sinaimg.cn/crop.0.0.824.824.1024/006oyTCkly8ha18alb3mrj30mw0mw40e.jpg?KID=imgbed,tva&Expires=1674109450&ssig=q2BazQrHX%2B", "verified_reason": "", "verified_trade": "", "verified_reason_url": "", "verified_source": "", "verified_source_url": "", "follow_me": false, "like": false, "like_me": false, "online_status": 0, "bi_followers_count": 44, "lang": "zh-cn", "star": 0, "mbtype": 2, "mbrank": 5, "svip": 0, "mb_expire_time": 1629475199, "block_word": 0, "block_app": 0, "chaohua_ability": 0, "brand_ability": 0, "nft_ability": 0, "vplus_ability": 0, "wenda_ability": 0, "live_ability": 0, "gongyi_ability": 0, "paycolumn_ability": 0, "newbrand_ability": 0, "ecommerce_ability": 0, "hardfan_ability": 0, "wbcolumn_ability": 0, "credit_score": 80, "user_ability": 3408896, "cardid": "star_1334", "avatargj_id": "gj_vip_5115", "urank": 14, "story_read_state": -1, "vclub_member": 0, "is_teenager": 0, "is_guardian": 1, "is_teenager_list": 0, "pc_new": 7, "special_follow": false, "planet_video": 2, "video_mark": 2, "live_status": 0, "user_ability_extend": 0, "status_total_counter": {"total_cnt": 6973, "repost_cnt": 106, "comment_cnt": 2516, "like_cnt": 3956, "comment_like_cnt": 395}, "video_total_counter": {"play_cnt": 480}, "brand_account": 0, "hongbaofei": 0, "tab_manage": "[0, 0]", "reward_status": 0, "green_mode": 0, "urisk": 0, "unfollowing_recom_switch": 1, "avatar_type": 0}, "annotations": [{"photo_sub_type": "0,0,0"}, {"ann_ext": "ann_ext:search|t:3|q:#呼和浩特跳楼#|creator_source:bottomsendweibo"}, {"client_mblogid": "iPhone-6FB2B3E5-F048-4DB8-9CEC-7F8B3F82493C"}, {"mapi_request": true}], "picStatus": "0:1,1:1,2:1", "reposts_count": 0, "comments_count": 0, "reprint_cmt_count": 0, "attitudes_count": 0, "pending_approval_count": 0, "isLongText": true, "reward_exhibition_type": 0, "hide_flag": 0, "mlevel": 128, "show_mlevel": 0, "biz_feature": 4294967300, "page_type": 64, "hasActionTypeCard": 0, "darwin_tags": [], "hot_weibo_tags": [], "text_tag_tips": [], "mblogtype": 0, "userType": 0, "mlevelSource": "monitor", "more_info_type": 0, "number_display_strategy": {"apply_scenario_flag": 3, "display_text_min_number": 1000000, "display_text": "100万+"}, "positive_recom_flag": 0, "content_auth": 0, "gif_ids": "", "is_show_bulletin": 2, "comment_manage_info": {"comment_permission_type": -1, "approval_comment_type": 0, "comment_sort_type": 0, "ai_play_picture_type": 0}, "pic_num": 3, "can_reprint": false, "new_comment_style": 0}, "readtimetype": "comment", "match_ai_play_picture": false}