{"mid": "5480201571", "uid": "LApJpbEwJ", "name": "财经小仙女说", "time": "2022-7-2 14:14:00", "local": "广东", "iphone": "热门博主iPhone 13 Pro Max(苍岭绿色)", "context": "太吓人了，这个离婚率排行榜！东三省高居前三名！第一名：吉林，71%；第二名：黑龙江，67%；第三名：辽宁，65%；离婚率较低的，青海，宁夏，甘肃，广东，澳门；有什么规律吗？应该是，经济发达，离婚率应该相对高啊，但东三省高居前三；广东省，排在靠后的位置；而经济相对欠发达的青海，宁夏，甘肃是最低的；这是为什么呢？哪位情感专家，经济学家出来解读一下？", "comment_num": "28", "like_num": "200", "user": {"focus": "5118", "fans": "22.1万", "tweet": "46346"}}