{"mid": "6367306401", "uid": "M6KHow5kx", "name": "陕西舆论讯点", "time": "2022-9-21 11:12:00", "local": "陕西", "iphone": "HUAWEI P30", "context": "#网传贵阳志愿者专给好看的女生送饭#.真是让人大跌眼镜！这样的地痞流氓配叫志愿者❓❓❓近日，一名博主曝出贵阳花果园小区的“志愿者”们夜间穿着防护服蹦迪跳舞的视频并配文：真的太感谢贵阳的志愿者了，穿着防护服跳舞的蹦迪的，自拍发抖音的，你们穿着防护服都要化美美的妆呀，还有想着今天给哪一栋的美女送饭吗？白天全都和鬼一样了躺地上没力气了，跳起舞来的时候蹦起迪来的时候怎么有力气啊，把我们的物资拿去卖的时候赚到钱了开心吗？如果没有你们的努力，我们应该就能正常生活了。谢谢你们让我第一次觉得大白，志愿者原来是这样的呀^_^喷子们不要喷我，我说的都是大实话^_^并且曝出志愿者“贵阳领班群”群里的聊天记录，里面众人讨论给隔离区女生送饭，还做出一个表格统计，内容猥琐至极！.#贵阳身边事##贵阳通报向全社会作出诚恳道歉#", "comment_num": "0", "like_num": "0"}