{"created_at": "Sat Dec 31 12:40:24 +0800 2022", "id": 4852718130171096, "rootid": 4852718130171096, "rootidstr": "4852718130171096", "floor_number": 187, "text": "#国际乒联首位00后年终第一# 莎莎好棒 孙颖莎继续加油#孙颖莎国际乒联2022年终世界第一#", "disable_reply": 0, "restrictOperate": 0, "source_allowclick": 0, "source_type": 4, "source": "<a href=\"\" rel=\"nofollow\">来自美国</a>", "comment_badge": [{"pic_url": "https://h5.sinaimg.cn/upload/115/735/2022/10/12/svip_2_bigfan1_5.png", "name": "loyal_fans", "length": 1.33, "actionlog": {"act_code": "3671", "ext": "status:fans"}, "scheme": "https://kefu.weibo.com/faqdetail?id=20848", "new_icon": true}], "user": {"id": 7721296449, "idstr": "7721296449", "class": 1, "screen_name": "Cindywaipo", "name": "Cindywaipo", "province": "100", "city": "1000", "location": "其他", "description": "", "url": "", "profile_image_url": "https://tvax2.sinaimg.cn/crop.0.0.1080.1080.50/008qxLVvly8h7nfn5g0hoj30u00u0jwu.jpg?KID=imgbed,tva&Expires=1674053722&ssig=ffRTMBqWSB", "light_ring": false, "profile_url": "u/7721296449", "domain": "", "weihao": "", "gender": "f", "followers_count": 0, "followers_count_str": "0", "friends_count": 65, "pagefriends_count": 9, "statuses_count": 383, "video_status_count": 0, "video_play_count": 0, "super_topic_not_syn_count": 0, "favourites_count": 1, "created_at": "Thu Nov 11 17:46:36 +0800 2021", "following": false, "allow_all_act_msg": false, "geo_enabled": true, "verified": false, "verified_type": -1, "remark": "", "insecurity": {"sexual_content": false}, "ptype": 0, "allow_all_comment": true, "avatar_large": "https://tvax2.sinaimg.cn/crop.0.0.1080.1080.180/008qxLVvly8h7nfn5g0hoj30u00u0jwu.jpg?KID=imgbed,tva&Expires=1674053722&ssig=6rwR%2BJPaa6", "avatar_hd": "https://tvax2.sinaimg.cn/crop.0.0.1080.1080.1024/008qxLVvly8h7nfn5g0hoj30u00u0jwu.jpg?KID=imgbed,tva&Expires=1674053722&ssig=gPw9VXIkIu", "verified_reason": "", "verified_trade": "", "verified_reason_url": "", "verified_source": "", "verified_source_url": "", "follow_me": false, "like": false, "like_me": false, "online_status": 0, "bi_followers_count": 0, "lang": "zh-cn", "star": 0, "mbtype": 11, "mbrank": 2, "svip": 1, "mb_expire_time": 1676563200, "block_word": 0, "block_app": 1, "chaohua_ability": 0, "brand_ability": 0, "nft_ability": 0, "vplus_ability": 0, "wenda_ability": 0, "live_ability": 0, "gongyi_ability": 0, "paycolumn_ability": 0, "newbrand_ability": 0, "ecommerce_ability": 0, "hardfan_ability": 0, "wbcolumn_ability": 0, "credit_score": 80, "user_ability": 2097152, "cardid": "topic_100808a9fc59651c0baff67337f98b9717ad55_lv9", "urank": 0, "story_read_state": -1, "vclub_member": 0, "is_teenager": 0, "is_guardian": 0, "is_teenager_list": 0, "pc_new": 0, "special_follow": false, "planet_video": 0, "video_mark": 0, "live_status": 0, "user_ability_extend": 0, "status_total_counter": {"total_cnt": 83, "repost_cnt": 0, "comment_cnt": 26, "like_cnt": 57, "comment_like_cnt": 0}, "video_total_counter": {"play_cnt": -1}, "brand_account": 0, "hongbaofei": 0, "tab_manage": "[0, 0]", "reward_status": 0, "green_mode": 0, "urisk": 524288, "unfollowing_recom_switch": 1, "avatar_type": 0}, "mid": "4852718130171096", "idstr": "4852718130171096", "status": {"visible": {"type": 0, "list_id": 0}, "created_at": "Sat Dec 31 10:41:38 +0800 2022", "id": 4852688241828023, "idstr": "4852688241828023", "mid": "4852688241828023", "can_edit": false, "version": 3, "show_additional_indication": 0, "text": "#孙颖莎[超话]# \n【新华社公众号发文｜祝贺孙颖莎！】\n\n【孙颖莎成首位“00后”国际乒联年终世界第一】\n        国际乒联日前公布了2022年最后一期世界排名。中国队运动员孙颖莎以8270分位居女单第一，她由此成为第一位国际乒联年终世界排名第一的“00后”运动员。\n        孙颖莎在1月30日公布的国际 ​", "textLength": 694, "source_allowclick": 0, "source_type": 2, "source": "<a href=\"http://weibo.com/\" rel=\"nofollow\">熬夜小能手</a>", "favorited": false, "truncated": false, "in_reply_to_status_id": "", "in_reply_to_user_id": "", "in_reply_to_screen_name": "", "pic_urls": [{"thumbnail_pic": "http://wx4.sinaimg.cn/thumbnail/007dkwF7gy1h9msna486mj30u00k040q.jpg"}, {"thumbnail_pic": "http://wx4.sinaimg.cn/thumbnail/007dkwF7gy1h9msn6i7d0j30u04v6at0.jpg"}], "thumbnail_pic": "http://wx4.sinaimg.cn/thumbnail/007dkwF7gy1h9msna486mj30u00k040q.jpg", "bmiddle_pic": "http://wx4.sinaimg.cn/bmiddle/007dkwF7gy1h9msna486mj30u00k040q.jpg", "original_pic": "http://wx4.sinaimg.cn/large/007dkwF7gy1h9msna486mj30u00k040q.jpg", "geo": null, "is_paid": false, "mblog_vip_type": 0, "user": {"id": 6609914309, "idstr": "6609914309", "class": 1, "screen_name": "孙颖莎的DOCS姐姐", "name": "孙颖莎的DOCS姐姐", "province": "33", "city": "2", "location": "浙江 宁波", "description": "💛不要秒关秒取💛不要快转💛授权问题封面右滑💛不是超话主持人！", "url": "http://blog.sina.com.cn/gman17", "profile_image_url": "https://tvax2.sinaimg.cn/crop.0.0.512.512.50/007dkwF7ly8gwi6socic8j30e80e8q3u.jpg?KID=imgbed,tva&Expires=1674053722&ssig=VxRlF1AEjJ", "light_ring": false, "cover_image_phone": "https://wx3.sinaimg.cn/crop.0.0.640.640.640/008s1skyly1h2nbtjfdayj30u00u0wgj.jpg;https://wx2.sinaimg.cn/crop.0.0.640.640.640/007dkwF7gy1gyzfu9v96wj30u00u0n1d.jpg;https://wx3.sinaimg.cn/crop.0.0.640.640.640/007dkwF7gy1h0lae4mctmj30u00u0wj6.jpg;https://wx2.sinaimg.cn/crop.0.0.640.640.640/007dkwF7gy1gyzfugbehhj30u00u0wfz.jpg;https://wx4.sinaimg.cn/crop.0.0.640.640.640/007dkwF7gy1gwi9rhp74cj30e80e8mya.jpg;https://wx1.sinaimg.cn/crop.0.0.640.640.640/007dkwF7gy1gwi9rch511j30e80e80uj.jpg;https://wx2.sinaimg.cn/crop.0.0.640.640.640/007dkwF7gy1gzipjv93pej30p00p0wje.jpg", "profile_url": "u/6609914309", "domain": "", "weihao": "", "gender": "f", "followers_count": 198974, "followers_count_str": "19.9万", "friends_count": 112, "pagefriends_count": 8, "statuses_count": 2780, "video_status_count": 674, "video_play_count": 0, "super_topic_not_syn_count": 62, "favourites_count": 4, "created_at": "Fri Aug 24 12:26:51 +0800 2018", "following": false, "allow_all_act_msg": false, "geo_enabled": true, "verified": true, "verified_type": 0, "remark": "", "insecurity": {"sexual_content": false}, "ptype": 0, "allow_all_comment": true, "avatar_large": "https://tvax2.sinaimg.cn/crop.0.0.512.512.180/007dkwF7ly8gwi6socic8j30e80e8q3u.jpg?KID=imgbed,tva&Expires=1674053722&ssig=tdoj77eSfC", "avatar_hd": "https://tvax2.sinaimg.cn/crop.0.0.512.512.1024/007dkwF7ly8gwi6socic8j30e80e8q3u.jpg?KID=imgbed,tva&Expires=1674053722&ssig=oabicI%2Fk3y", "verified_reason": "体育博主 超话粉丝大咖（孙颖莎超话） 微博原创视频博主", "verified_trade": "", "verified_reason_url": "", "verified_source": "", "verified_source_url": "", "verified_state": 0, "verified_level": 3, "verified_type_ext": 1, "has_service_tel": false, "verified_reason_modified": "", "verified_contact_name": "", "verified_contact_email": "", "verified_contact_mobile": "", "follow_me": false, "like": false, "like_me": false, "online_status": 0, "bi_followers_count": 57, "lang": "zh-cn", "star": 0, "mbtype": 12, "mbrank": 5, "svip": 0, "mb_expire_time": 1705248000, "block_word": 1, "block_app": 1, "chaohua_ability": 0, "brand_ability": 0, "nft_ability": 11, "vplus_ability": 0, "wenda_ability": 0, "live_ability": 0, "gongyi_ability": 0, "paycolumn_ability": 0, "newbrand_ability": 0, "ecommerce_ability": 0, "hardfan_ability": 1, "wbcolumn_ability": 0, "credit_score": 80, "user_ability": 2359816, "cardid": "flag_36609914309005251", "avatargj_id": "gj_vip_810", "urank": 8, "story_read_state": -1, "verified_detail": {"custom": 0, "data": [{"key": 8, "sub_key": 0, "weight": 102, "desc": "超话粉丝大咖（孙颖莎超话）", "timestamp": 0}, {"key": 16, "sub_key": 1, "weight": 103, "desc": "微博原创视频博主", "timestamp": 0}, {"key": 2, "sub_key": 0, "weight": 101, "desc": "体育博主", "timestamp": 0}]}, "vclub_member": 0, "is_teenager": 0, "is_guardian": 0, "is_teenager_list": 0, "pc_new": 7, "special_follow": false, "planet_video": 2, "video_mark": 0, "live_status": 0, "user_ability_extend": 0, "video_cover": {"mid": 4755687571721628}, "status_total_counter": {"total_cnt": 1531834, "repost_cnt": 146578, "comment_cnt": 222527, "like_cnt": 924307, "comment_like_cnt": 238422}, "video_total_counter": {"play_cnt": 35271723}, "brand_account": 0, "hongbaofei": 0, "tab_manage": "[0, 0]", "reward_status": 0, "green_mode": 0, "mb_like_privilege": {"like_id": "0013", "like_desc": "莎莎最棒💕莎莎加油"}, "urisk": 2147483648, "unfollowing_recom_switch": 1, "avatar_type": 0}, "annotations": [{"photo_sub_type": "0,0"}, {}, {"client_mblogid": "iPhone-440401E1-E3DD-46F0-B19C-C121BDBDCC00"}, {"mapi_request": true}], "reposts_count": 0, "comments_count": 0, "reprint_cmt_count": 0, "attitudes_count": 0, "pending_approval_count": 0, "isLongText": true, "reward_exhibition_type": 0, "hide_flag": 0, "mlevel": 0, "show_mlevel": 0, "biz_ids": [0], "biz_feature": 4294967300, "topic_id": "1022:100808a9fc59651c0baff67337f98b9717ad55", "sync_mblog": true, "is_imported_topic": false, "page_type": 32, "hasActionTypeCard": 0, "darwin_tags": [], "hot_weibo_tags": [], "text_tag_tips": [], "mblogtype": 0, "userType": 0, "more_info_type": 0, "cardid": "flag_36609914309005251", "number_display_strategy": {"apply_scenario_flag": 3, "display_text_min_number": 1000000, "display_text": "100万+"}, "positive_recom_flag": 0, "content_auth": 0, "gif_ids": "", "is_show_bulletin": 2, "comment_manage_info": {"comment_permission_type": -1, "approval_comment_type": 0, "comment_sort_type": 0, "ai_play_picture_type": 0}, "pic_num": 2, "can_reprint": false, "new_comment_style": 0}, "readtimetype": "comment", "match_ai_play_picture": false}