{"created_at": "Sat Dec 10 20:54:09 +0800 2022", "id": 4845232241255966, "rootid": 4845232241255966, "rootidstr": "4845232241255966", "floor_number": 4, "text": "[抱一抱][抱一抱][抱一抱]太棒了", "disable_reply": 0, "restrictOperate": 0, "source_allowclick": 0, "source_type": 4, "source": "<a href=\"\" rel=\"nofollow\">来自上海</a>", "user": {"id": 5652852123, "idstr": "5652852123", "class": 1, "screen_name": "害羞blue-strawberry", "name": "害羞blue-strawberry", "province": "37", "city": "2", "location": "山东 青岛", "description": "", "url": "", "profile_image_url": "https://tvax4.sinaimg.cn/crop.0.0.720.720.50/006ayN4fly8h8gnxyww01j30k00k0wfl.jpg?KID=imgbed,tva&Expires=1670699833&ssig=sjxA4K8yhO", "light_ring": false, "cover_image_phone": "https://ww1.sinaimg.cn/crop.0.0.640.640.640/549d0121tw1egm1kjly3jj20hs0hsq4f.jpg", "profile_url": "u/5652852123", "domain": "", "weihao": "", "gender": "f", "followers_count": 165, "followers_count_str": "165", "friends_count": 492, "pagefriends_count": 14, "statuses_count": 1855, "video_status_count": 0, "video_play_count": 0, "super_topic_not_syn_count": 25, "favourites_count": 7, "created_at": "Tue Jul 14 09:47:46 +0800 2015", "following": false, "allow_all_act_msg": false, "geo_enabled": true, "verified": false, "verified_type": -1, "remark": "", "insecurity": {"sexual_content": false}, "ptype": 0, "allow_all_comment": true, "avatar_large": "https://tvax4.sinaimg.cn/crop.0.0.720.720.180/006ayN4fly8h8gnxyww01j30k00k0wfl.jpg?KID=imgbed,tva&Expires=1670699833&ssig=UOOWznLKDi", "avatar_hd": "https://tvax4.sinaimg.cn/crop.0.0.720.720.1024/006ayN4fly8h8gnxyww01j30k00k0wfl.jpg?KID=imgbed,tva&Expires=1670699833&ssig=Ynf6lzoIVg", "verified_reason": "", "verified_trade": "", "verified_reason_url": "", "verified_source": "", "verified_source_url": "", "follow_me": false, "like": false, "like_me": false, "online_status": 0, "bi_followers_count": 82, "lang": "zh-cn", "star": 0, "mbtype": 12, "mbrank": 5, "svip": 0, "mb_expire_time": 1719590400, "block_word": 1, "block_app": 1, "chaohua_ability": 0, "brand_ability": 0, "nft_ability": 0, "vplus_ability": 0, "wenda_ability": 0, "live_ability": 0, "gongyi_ability": 0, "paycolumn_ability": 0, "newbrand_ability": 0, "ecommerce_ability": 0, "hardfan_ability": 0, "credit_score": 80, "user_ability": 2359296, "cardid": "star_1189", "avatargj_id": "gj_vip_422", "urank": 9, "story_read_state": -1, "vclub_member": 0, "is_teenager": 0, "is_guardian": 1, "is_teenager_list": 0, "pc_new": 7, "special_follow": false, "planet_video": 2, "video_mark": 0, "live_status": 0, "user_ability_extend": 0, "status_total_counter": {"total_cnt": 1855, "repost_cnt": 299, "comment_cnt": 919, "like_cnt": 585, "comment_like_cnt": 52}, "video_total_counter": {"play_cnt": 0}, "brand_account": 0, "hongbaofei": 0, "tab_manage": "[66186, 0]", "reward_status": 0, "green_mode": 0, "urisk": 120795955200, "avatar_type": 0}, "mid": "4845232241255966", "idstr": "4845232241255966", "status": {"visible": {"type": 0, "list_id": 0}, "created_at": "Sat Dec 10 20:51:09 +0800 2022", "id": 4845231487322768, "idstr": "4845231487322768", "mid": "4845231487322768", "can_edit": false, "version": 2, "show_additional_indication": 0, "text": "下来之后积极分享中～\n\n#2022LPL全明星##TheShy年度最受欢迎选手# http://t.cn/A6KSHp6E ​", "textLength": 82, "source_allowclick": 0, "source_type": 2, "source": "", "favorited": false, "truncated": false, "in_reply_to_status_id": "", "in_reply_to_user_id": "", "in_reply_to_screen_name": "", "pic_urls": [], "geo": null, "is_paid": false, "mblog_vip_type": 0, "user": {"id": 5688542967, "idstr": "5688542967", "class": 1, "screen_name": "Score赛高", "name": "Score赛高", "province": "31", "city": "1000", "location": "上海", "description": "商务合作邮箱：wangshuai@famulei.com QQ：272084365", "url": "http://www.famulei.com", "profile_image_url": "https://tvax3.sinaimg.cn/crop.0.0.160.160.50/006cYxT1ly8h25zhmcn53j304g04g742.jpg?KID=imgbed,tva&Expires=1670699833&ssig=UbezrvQzK7", "light_ring": false, "cover_image": "https://wx3.sinaimg.cn/crop.0.0.920.300/006cYxT1gy1gdit0k0s9jj30pk08c0ye.jpg", "cover_image_phone": "https://wx2.sinaimg.cn/crop.0.0.640.640.640/006cYxT1ly1gditzhl4ocj30e80e8t93.jpg", "profile_url": "famulei2015", "domain": "famulei2015", "weihao": "", "gender": "f", "followers_count": 1168716, "followers_count_str": "116.9万", "friends_count": 899, "pagefriends_count": 158, "statuses_count": 74081, "video_status_count": 25952, "video_play_count": 0, "super_topic_not_syn_count": 93, "favourites_count": 33, "created_at": "Fri Aug 28 15:53:43 +0800 2015", "following": false, "allow_all_act_msg": false, "geo_enabled": true, "verified": true, "verified_type": 7, "remark": "", "insecurity": {"sexual_content": false}, "ptype": 0, "allow_all_comment": true, "avatar_large": "https://tvax3.sinaimg.cn/crop.0.0.160.160.180/006cYxT1ly8h25zhmcn53j304g04g742.jpg?KID=imgbed,tva&Expires=1670699833&ssig=tnuSM6gVeb", "avatar_hd": "https://tvax3.sinaimg.cn/crop.0.0.160.160.1024/006cYxT1ly8h25zhmcn53j304g04g742.jpg?KID=imgbed,tva&Expires=1670699833&ssig=X8ioMRt%2FB%2B", "verified_reason": "Score赛高官方微博", "verified_trade": "", "verified_reason_url": "", "verified_source": "", "verified_source_url": "", "verified_state": 0, "verified_level": 3, "verified_type_ext": 50, "pay_remind": 0, "pay_date": "20210126", "has_service_tel": false, "verified_reason_modified": "", "verified_contact_name": "", "verified_contact_email": "", "verified_contact_mobile": "", "follow_me": false, "like": false, "like_me": false, "online_status": 0, "bi_followers_count": 375, "lang": "zh-cn", "star": 0, "mbtype": 12, "mbrank": 7, "svip": 0, "mb_expire_time": 1691424000, "block_word": 0, "block_app": 1, "chaohua_ability": 0, "brand_ability": 0, "nft_ability": 0, "vplus_ability": 0, "wenda_ability": 0, "live_ability": 0, "gongyi_ability": 0, "paycolumn_ability": 0, "newbrand_ability": 0, "ecommerce_ability": 0, "hardfan_ability": 0, "credit_score": 80, "user_ability": -2136732148, "avatargj_id": "gj_vip_013", "urank": 40, "story_read_state": -1, "vclub_member": 0, "is_teenager": 0, "is_guardian": 0, "is_teenager_list": 0, "pc_new": 6, "special_follow": false, "planet_video": 2, "video_mark": 15, "live_status": 0, "user_ability_extend": 0, "status_total_counter": {"total_cnt": 7431540, "repost_cnt": 617063, "comment_cnt": 981835, "like_cnt": 3605620, "comment_like_cnt": 2227022}, "video_total_counter": {"play_cnt": 333484148}, "brand_account": 0, "hongbaofei": 0, "tab_manage": "[0, 0]", "reward_status": 0, "green_mode": 0, "urisk": 0, "avatar_type": 0}, "annotations": [{}, {}, {"client_mblogid": "iPhone-801D8798-CDF2-4E69-8860-3F497056B07B"}, {"mapi_request": true}], "reposts_count": 0, "comments_count": 0, "reprint_cmt_count": 0, "attitudes_count": 0, "pending_approval_count": 0, "isLongText": false, "reward_exhibition_type": 0, "hide_flag": 0, "mlevel": 0, "show_mlevel": 0, "biz_ids": [230444], "biz_feature": 4294967304, "topic_id": "1022:10080856e052a5455107f60586cec3c877295e", "sync_mblog": true, "is_imported_topic": false, "page_type": 64, "hasActionTypeCard": 0, "darwin_tags": [], "hot_weibo_tags": [], "text_tag_tips": [], "mblogtype": 0, "userType": 0, "more_info_type": 0, "number_display_strategy": {"apply_scenario_flag": 3, "display_text_min_number": 1000000, "display_text": "100万+"}, "positive_recom_flag": 0, "content_auth": 0, "gif_ids": "", "is_show_bulletin": 2, "comment_manage_info": {"comment_permission_type": -1, "approval_comment_type": 0, "comment_sort_type": 0, "ai_play_picture_type": 0}, "pic_num": 0, "fid": 4845231324266565, "can_reprint": false, "new_comment_style": 0}, "readtimetype": "comment", "comment_dynamic_message": {"id": "0", "start_color": "#00FFFFFF", "end_color": "#1AFFFFFF", "start_color_dark": "#003A3A3A", "end_color_dark": "#333A3A3A", "name": {"zh_CN": "默认", "zh_HK": "默認", "en_US": "default"}, "scheme": "https://new.vip.weibo.cn/bubble/mall?showmenu=0&decorateId=0&uid=5652852123", "allow_vip_box_content": "用此评论气泡", "allow_vip_box_icon": "https://h5.sinaimg.cn/upload/100/1720/2022/08/08/icon_VIP_for_comment_bubble.png"}, "match_ai_play_picture": false}