{"created_at": "Mon Dec 12 17:43:43 +0800 2022", "id": 4845909093124261, "rootid": 4845909093124261, "rootidstr": "4845909093124261", "floor_number": 382, "text": "经常崩", "disable_reply": 0, "restrictOperate": 0, "source_allowclick": 0, "source_type": 4, "source": "<a href=\"\" rel=\"nofollow\">来自四川</a>", "user": {"id": 1749628321, "idstr": "1749628321", "class": 1, "screen_name": "咩咩向前进不要停", "name": "咩咩向前进不要停", "province": "51", "city": "3", "location": "四川 自贡", "description": "IF", "url": "", "profile_image_url": "https://tvax1.sinaimg.cn/crop.0.0.750.750.50/684935a1ly8gkoxwjg8tgj20ku0kugn7.jpg?KID=imgbed,tva&Expires=1673966472&ssig=pWAjVzOYQq", "light_ring": false, "cover_image_phone": "https://ww1.sinaimg.cn/crop.0.0.640.640.640/549d0121tw1egm1kjly3jj20hs0hsq4f.jpg", "profile_url": "u/1749628321", "domain": "", "weihao": "", "gender": "f", "followers_count": 138, "followers_count_str": "138", "friends_count": 232, "pagefriends_count": 37, "statuses_count": 2349, "video_status_count": 0, "video_play_count": 0, "super_topic_not_syn_count": 0, "favourites_count": 7, "created_at": "Wed Feb 22 14:01:54 +0800 2012", "following": false, "allow_all_act_msg": false, "geo_enabled": true, "verified": false, "verified_type": -1, "remark": "", "insecurity": {"sexual_content": false}, "ptype": 0, "allow_all_comment": true, "avatar_large": "https://tvax1.sinaimg.cn/crop.0.0.750.750.180/684935a1ly8gkoxwjg8tgj20ku0kugn7.jpg?KID=imgbed,tva&Expires=1673966472&ssig=c48vpVC5jX", "avatar_hd": "https://tvax1.sinaimg.cn/crop.0.0.750.750.1024/684935a1ly8gkoxwjg8tgj20ku0kugn7.jpg?KID=imgbed,tva&Expires=1673966472&ssig=lMoS3MJtHc", "verified_reason": "", "verified_trade": "", "verified_reason_url": "", "verified_source": "", "verified_source_url": "", "follow_me": false, "like": false, "like_me": false, "online_status": 0, "bi_followers_count": 20, "lang": "zh-cn", "star": 0, "mbtype": 0, "mbrank": 0, "svip": 0, "mb_expire_time": 0, "block_word": 0, "block_app": 0, "chaohua_ability": 0, "brand_ability": 0, "nft_ability": 0, "vplus_ability": 0, "wenda_ability": 0, "live_ability": 0, "gongyi_ability": 0, "paycolumn_ability": 0, "newbrand_ability": 0, "ecommerce_ability": 0, "hardfan_ability": 0, "wbcolumn_ability": 0, "credit_score": 80, "user_ability": 2097152, "urank": 9, "story_read_state": -1, "vclub_member": 0, "is_teenager": 0, "is_guardian": 0, "is_teenager_list": 0, "pc_new": 0, "special_follow": false, "planet_video": 0, "video_mark": 0, "live_status": 0, "user_ability_extend": 0, "status_total_counter": {"total_cnt": 1047, "repost_cnt": 158, "comment_cnt": 719, "like_cnt": 169, "comment_like_cnt": 1}, "video_total_counter": {"play_cnt": -1}, "brand_account": 0, "hongbaofei": 0, "tab_manage": "[0, 0]", "reward_status": 0, "green_mode": 0, "urisk": 0, "avatar_type": 0}, "mid": "4845909093124261", "idstr": "4845909093124261", "status": {"visible": {"type": 0, "list_id": 0}, "created_at": "Mon Dec 12 14:56:47 +0800 2022", "id": 4845867083240980, "idstr": "4845867083240980", "mid": "4845867083240980", "edit_count": 3, "can_edit": false, "edit_at": "Tue Dec 13 09:11:52 +0800 2022", "version": 57, "show_additional_indication": 0, "text": "#顺丰崩了# 顺丰又双叒崩了？物流也变慢了。网友：今天APP流行表演崩了？\n\n腾讯会议上次修复得挺快，这次啥时候修复？有被网友反应笑到，还有老师乱入让慢点修的。[doge] \n#腾讯会议崩了##腾讯会议# ​", "textLength": 184, "source_allowclick": 0, "source_type": 2, "source": "", "favorited": false, "truncated": false, "in_reply_to_status_id": "", "in_reply_to_user_id": "", "in_reply_to_screen_name": "", "pic_urls": [{"thumbnail_pic": "http://wx2.sinaimg.cn/thumbnail/002EWmMFgy1h914grtagdj60u01ny0z802.jpg"}, {"thumbnail_pic": "http://wx3.sinaimg.cn/thumbnail/002EWmMFgy1h914gs3xxij60tq1ma40x02.jpg"}, {"thumbnail_pic": "http://wx2.sinaimg.cn/thumbnail/002EWmMFgy1h914lzjx5rj60u00z83zl02.jpg"}, {"thumbnail_pic": "http://wx3.sinaimg.cn/thumbnail/002EWmMFgy1h914hdth5yj60u019dwof02.jpg"}, {"thumbnail_pic": "http://wx3.sinaimg.cn/thumbnail/002EWmMFgy1h9116agb1pj60o0156q7l02.jpg"}, {"thumbnail_pic": "http://wx4.sinaimg.cn/thumbnail/002EWmMFgy1h9116fue3aj60u01qcacg02.jpg"}, {"thumbnail_pic": "http://wx4.sinaimg.cn/thumbnail/002EWmMFgy1h9117vsw4sj60u00wrafe02.jpg"}, {"thumbnail_pic": "http://wx3.sinaimg.cn/thumbnail/002EWmMFgy1h9117vh7ecj60u017w7cl02.jpg"}, {"thumbnail_pic": "http://wx4.sinaimg.cn/thumbnail/002EWmMFgy1h91166itb7j60tw1jlwjf02.jpg"}], "thumbnail_pic": "http://wx2.sinaimg.cn/thumbnail/002EWmMFgy1h914grtagdj60u01ny0z802.jpg", "bmiddle_pic": "http://wx2.sinaimg.cn/bmiddle/002EWmMFgy1h914grtagdj60u01ny0z802.jpg", "original_pic": "http://wx2.sinaimg.cn/large/002EWmMFgy1h914grtagdj60u01ny0z802.jpg", "geo": null, "is_paid": false, "mblog_vip_type": 0, "user": {"id": 2437229713, "idstr": "2437229713", "class": 1, "screen_name": "电商行业", "name": "电商行业", "province": "400", "city": "1", "location": "海外 美国", "description": "电商第一大号！合作、爆料、求助......QQ：2737815030、2374317815", "url": "", "profile_image_url": "https://tvax4.sinaimg.cn/crop.0.0.800.800.50/002EWmMFly8h1lq3ft77ej60m80m8zl502.jpg?KID=imgbed,tva&Expires=1673966472&ssig=W67oYD1WH2", "light_ring": false, "cover_image": "https://ww4.sinaimg.cn/crop.0.0.980.300/91452c91gw1ecdbcu3pmxj20r808c75f.jpg", "cover_image_phone": "https://ww1.sinaimg.cn/crop.0.0.640.640.640/549d0121tw1egm1kjly3jj20hs0hsq4f.jpg", "profile_url": "u/2437229713", "domain": "", "weihao": "", "gender": "m", "followers_count": 2897295, "followers_count_str": "289.7万", "friends_count": 1414, "pagefriends_count": 17, "statuses_count": 37327, "video_status_count": 385, "video_play_count": 0, "super_topic_not_syn_count": 0, "favourites_count": 19, "created_at": "Mon Nov 28 10:58:03 +0800 2011", "following": false, "allow_all_act_msg": true, "geo_enabled": true, "verified": true, "verified_type": 7, "remark": "", "insecurity": {"sexual_content": false}, "ptype": 0, "allow_all_comment": true, "avatar_large": "https://tvax4.sinaimg.cn/crop.0.0.800.800.180/002EWmMFly8h1lq3ft77ej60m80m8zl502.jpg?KID=imgbed,tva&Expires=1673966472&ssig=ezm1iIc3z1", "avatar_hd": "https://tvax4.sinaimg.cn/crop.0.0.800.800.1024/002EWmMFly8h1lq3ft77ej60m80m8zl502.jpg?KID=imgbed,tva&Expires=1673966472&ssig=Uz1fQxm1fB", "verified_reason": "电商行业 自媒体微博", "verified_trade": "", "verified_reason_url": "", "verified_source": "", "verified_source_url": "", "verified_state": 0, "verified_level": 3, "verified_type_ext": 0, "pay_remind": 0, "pay_date": "", "has_service_tel": false, "verified_reason_modified": "", "verified_contact_name": "电商行业", "verified_contact_email": "", "verified_contact_mobile": "", "follow_me": false, "like": false, "like_me": false, "online_status": 0, "bi_followers_count": 911, "lang": "zh-cn", "star": 0, "mbtype": 12, "mbrank": 7, "svip": 0, "mb_expire_time": 1729353600, "block_word": 0, "block_app": 1, "chaohua_ability": 0, "brand_ability": 0, "nft_ability": 0, "vplus_ability": 0, "wenda_ability": 0, "live_ability": 0, "gongyi_ability": 0, "paycolumn_ability": 1, "newbrand_ability": 0, "ecommerce_ability": 0, "hardfan_ability": 1, "wbcolumn_ability": 0, "credit_score": 80, "user_ability": 10813964, "cardid": "star_005", "urank": 48, "story_read_state": -1, "vclub_member": 0, "is_teenager": 0, "is_guardian": 0, "is_teenager_list": 0, "pc_new": 7, "special_follow": false, "planet_video": 2, "video_mark": 2, "live_status": 0, "user_ability_extend": 0, "status_total_counter": {"total_cnt": 7782085, "repost_cnt": 4869333, "comment_cnt": 1032028, "like_cnt": 1625826, "comment_like_cnt": 254898}, "video_total_counter": {"play_cnt": 24183956}, "brand_account": 0, "hongbaofei": 0, "tab_manage": "[0, 0]", "reward_status": 0, "green_mode": 0, "urisk": 0, "avatar_type": 0}, "annotations": [{"photo_sub_type": "0,0,0,0,0,0,0,0,0"}, {}, {"client_mblogid": "iPhone-367DB599-0A3A-4911-A0E3-0FA5BEFD0189"}, {"mapi_request": true}], "picStatus": "0:1,1:1,2:1,3:1,4:1,5:1,6:1,7:1,8:1", "reposts_count": 0, "comments_count": 0, "reprint_cmt_count": 0, "attitudes_count": 0, "pending_approval_count": 0, "isLongText": false, "reward_exhibition_type": 0, "hide_flag": 0, "mlevel": 0, "show_mlevel": 0, "biz_feature": 4294967300, "page_type": 64, "hasActionTypeCard": 0, "darwin_tags": [], "hot_weibo_tags": [], "text_tag_tips": [], "mblogtype": 0, "userType": 0, "extend_info": {"red_envelope": {"red_envelope_flag": "0", "biz_flag": "2"}, "mark": {"value": "1"}}, "more_info_type": 0, "cardid": "star_005", "positive_recom_flag": 0, "content_auth": 0, "gif_ids": "", "is_show_bulletin": 2, "comment_manage_info": {"comment_permission_type": -1, "approval_comment_type": 0, "comment_sort_type": 0, "ai_play_picture_type": 0}, "pic_num": 9, "can_reprint": false, "new_comment_style": 0}, "readtimetype": "comment", "match_ai_play_picture": false}