{"created_at": "Mon Dec 12 21:07:25 +0800 2022", "id": 4845960356696276, "rootid": 4845932161797324, "rootidstr": "4845932161797324", "floor_number": 0, "text": "回复@Francis_lfre:得大家一起打电话反应哇", "disable_reply": 0, "restrictOperate": 0, "source_allowclick": 0, "source_type": 4, "source": "<a href=\"\" rel=\"nofollow\">来自新疆</a>", "user": {"id": 2961768632, "idstr": "2961768632", "class": 1, "screen_name": "WAN9nnnn", "name": "WAN9nnnn", "province": "100", "city": "1000", "location": "其他", "description": "我与我周旋久，宁作我", "url": "", "profile_image_url": "https://tvax3.sinaimg.cn/crop.0.0.1074.1074.50/b08900b8ly8ha3awxe9d1j20tu0tutae.jpg?KID=imgbed,tva&Expires=1673966137&ssig=GaDiwMJU9c", "light_ring": false, "cover_image_phone": "https://ww4.sinaimg.cn/crop.0.0.640.640.640/a1d3feabjw1ecat3p2p2qj20hs0hsmz4.jpg", "profile_url": "n1980129754", "domain": "n1980129754", "weihao": "", "gender": "f", "followers_count": 164, "followers_count_str": "164", "friends_count": 125, "pagefriends_count": 15, "statuses_count": 916, "video_status_count": 13, "video_play_count": 0, "super_topic_not_syn_count": 6, "favourites_count": 198, "created_at": "Tue Aug 21 21:41:12 +0800 2012", "following": false, "allow_all_act_msg": false, "geo_enabled": true, "verified": false, "verified_type": -1, "remark": "", "insecurity": {"sexual_content": false}, "ptype": 0, "allow_all_comment": true, "avatar_large": "https://tvax3.sinaimg.cn/crop.0.0.1074.1074.180/b08900b8ly8ha3awxe9d1j20tu0tutae.jpg?KID=imgbed,tva&Expires=1673966137&ssig=zgwZ3eY2fL", "avatar_hd": "https://tvax3.sinaimg.cn/crop.0.0.1074.1074.1024/b08900b8ly8ha3awxe9d1j20tu0tutae.jpg?KID=imgbed,tva&Expires=1673966137&ssig=%2F3a4XKYFgp", "verified_reason": "", "verified_trade": "", "verified_reason_url": "", "verified_source": "", "verified_source_url": "", "follow_me": false, "like": false, "like_me": false, "online_status": 0, "bi_followers_count": 43, "lang": "zh-cn", "star": 0, "mbtype": 0, "mbrank": 0, "svip": 0, "mb_expire_time": 0, "block_word": 0, "block_app": 0, "chaohua_ability": 0, "brand_ability": 0, "nft_ability": 0, "vplus_ability": 0, "wenda_ability": 0, "live_ability": 0, "gongyi_ability": 0, "paycolumn_ability": 0, "newbrand_ability": 0, "ecommerce_ability": 0, "hardfan_ability": 0, "wbcolumn_ability": 0, "credit_score": 80, "user_ability": 3408896, "avatargj_id": "gj_vip_299", "urank": 9, "story_read_state": -1, "vclub_member": 0, "is_teenager": 0, "is_guardian": 0, "is_teenager_list": 0, "pc_new": 0, "special_follow": false, "planet_video": 2, "video_mark": 2, "live_status": 0, "user_ability_extend": 0, "status_total_counter": {"total_cnt": 2017, "repost_cnt": 124, "comment_cnt": 737, "like_cnt": 1065, "comment_like_cnt": 91}, "video_total_counter": {"play_cnt": 8035}, "brand_account": 0, "hongbaofei": 0, "tab_manage": "[0, 0]", "reward_status": 0, "green_mode": 0, "urisk": 25769803776, "avatar_type": 0}, "mid": "4845960356696276", "idstr": "4845960356696276", "status": {"visible": {"type": 0, "list_id": 0}, "created_at": "Mon Dec 12 18:58:04 +0800 2022", "id": 4845927803656505, "idstr": "4845927803656505", "mid": "4845927803656505", "edit_count": 6, "can_edit": false, "edit_at": "Mon Dec 12 22:52:26 +0800 2022", "version": 9, "show_additional_indication": 0, "text": "#北京确保研究生招生考试如期举行#\n考研的小伙伴们注意保护好自己，希望你们一战成功上岸🙏\n\n北京：12月11日，全市发热门诊就诊患者2.2万人次，是一周前的16倍[苦涩]\n\n不知道如果考生阳了，能不能参加考试？可是阳了的话，发烧应该会很难受吧，就怕会影响发挥，以至于成绩不理想…[汗]\n\n目前不太清楚 ​", "textLength": 608, "source_allowclick": 0, "source_type": 2, "source": "<a href=\"http://weibo.com/\" rel=\"nofollow\">iPhone客户端</a>", "favorited": false, "truncated": false, "in_reply_to_status_id": "", "in_reply_to_user_id": "", "in_reply_to_screen_name": "", "pic_urls": [], "geo": null, "is_paid": false, "mblog_vip_type": 0, "user": {"id": 3849484408, "idstr": "3849484408", "class": 1, "screen_name": "强强记事", "name": "强强记事", "province": "34", "city": "1000", "location": "安徽", "description": "别着急，时间会给你答案！（合作请私信）", "url": "", "profile_image_url": "https://tvax3.sinaimg.cn/crop.0.0.1080.1080.50/e5727878ly8ge1hmxpsj2j20u00u0gnn.jpg?KID=imgbed,tva&Expires=1673966137&ssig=23TEj59G3H", "light_ring": false, "cover_image_phone": "https://wx1.sinaimg.cn/crop.0.0.640.640.640/e5727878ly1gggdmh9im2j20yi0yi0zn.jpg;https://wx4.sinaimg.cn/crop.0.0.640.640.640/e5727878ly1ggqx5jq2loj20e80e8tb0.jpg;https://wx2.sinaimg.cn/crop.0.0.640.640.640/e5727878ly1ggqx4hbd9xj20e80e8gnu.jpg", "profile_url": "u/3849484408", "domain": "", "weihao": "", "gender": "m", "followers_count": 419601, "followers_count_str": "42万", "friends_count": 647, "pagefriends_count": 21, "statuses_count": 11401, "video_status_count": 99, "video_play_count": 0, "super_topic_not_syn_count": 13, "favourites_count": 261, "created_at": "Sun Oct 13 22:56:06 +0800 2013", "following": false, "allow_all_act_msg": false, "geo_enabled": true, "verified": true, "verified_type": 0, "remark": "", "insecurity": {"sexual_content": false}, "ptype": 0, "allow_all_comment": true, "avatar_large": "https://tvax3.sinaimg.cn/crop.0.0.1080.1080.180/e5727878ly8ge1hmxpsj2j20u00u0gnn.jpg?KID=imgbed,tva&Expires=1673966137&ssig=dOcS1MucK0", "avatar_hd": "https://tvax3.sinaimg.cn/crop.0.0.1080.1080.1024/e5727878ly8ge1hmxpsj2j20u00u0gnn.jpg?KID=imgbed,tva&Expires=1673966137&ssig=4xPfcUCgGi", "verified_reason": "微博基金合作作者   基金博主 财经博主 超话主持人（强妈碎碎念超话）", "verified_trade": "", "verified_reason_url": "", "verified_source": "", "verified_source_url": "", "verified_state": 0, "verified_level": 3, "verified_type_ext": 1, "has_service_tel": false, "verified_reason_modified": "", "verified_contact_name": "", "verified_contact_email": "", "verified_contact_mobile": "", "follow_me": false, "like": false, "like_me": false, "online_status": 0, "bi_followers_count": 43, "lang": "zh-cn", "star": 0, "mbtype": 12, "mbrank": 6, "svip": 0, "mb_expire_time": 1689436800, "block_word": 0, "block_app": 1, "chaohua_ability": 0, "brand_ability": 0, "nft_ability": 0, "vplus_ability": 1, "wenda_ability": 0, "live_ability": 0, "gongyi_ability": 0, "paycolumn_ability": 0, "newbrand_ability": 0, "ecommerce_ability": 0, "hardfan_ability": 1, "wbcolumn_ability": 0, "credit_score": 80, "user_ability": -2136601048, "cardid": "star_1545", "avatargj_id": "gj_vip_691", "urank": 9, "story_read_state": -1, "verified_detail": {"custom": 0, "data": [{"key": 2, "sub_key": 0, "weight": 101, "desc": "财经博主", "timestamp": 0}, {"key": 8, "sub_key": 0, "weight": 102, "desc": "超话主持人（强妈碎碎念超话）", "timestamp": 0}, {"key": 1, "sub_key": 0, "weight": 100, "desc": "微博基金合作作者   基金博主", "timestamp": 0}]}, "vclub_member": 0, "is_teenager": 0, "is_guardian": 0, "is_teenager_list": 0, "pc_new": 7, "special_follow": false, "planet_video": 2, "video_mark": 2, "live_status": 0, "user_ability_extend": 0, "status_total_counter": {"total_cnt": 6235431, "repost_cnt": 57056, "comment_cnt": 1573742, "like_cnt": 2793469, "comment_like_cnt": 1811164}, "video_total_counter": {"play_cnt": 14730920}, "brand_account": 0, "hongbaofei": 0, "tab_manage": "[1108337134981, 0]", "reward_status": 0, "green_mode": 0, "urisk": 0, "avatar_type": 0}, "annotations": [{}, {"shooting": 1, "client_mblogid": "iPhone-5849266B-CD2E-4152-A989-DA665D06860A"}, {"mapi_request": true}, {"photo_sub_type": "0"}], "reposts_count": 0, "comments_count": 0, "reprint_cmt_count": 0, "attitudes_count": 0, "pending_approval_count": 0, "isLongText": true, "reward_exhibition_type": 0, "hide_flag": 0, "mlevel": 0, "show_mlevel": 0, "biz_feature": 0, "page_type": 64, "hasActionTypeCard": 0, "darwin_tags": [], "hot_weibo_tags": [], "text_tag_tips": [], "mblogtype": 0, "userType": 0, "more_info_type": 0, "cardid": "star_1545", "number_display_strategy": {"apply_scenario_flag": 3, "display_text_min_number": 1000000, "display_text": "100万+"}, "positive_recom_flag": 0, "content_auth": 0, "gif_ids": "", "is_show_bulletin": 2, "comment_manage_info": {"comment_permission_type": -1, "approval_comment_type": 0, "comment_sort_type": 0, "ai_play_picture_type": 0}, "pic_num": 0, "can_reprint": false, "new_comment_style": 0}, "reply_comment": {"created_at": "Mon Dec 12 21:00:27 +0800 2022", "id": 4845958603217432, "rootid": 4845932161797324, "rootidstr": "4845932161797324", "floor_number": 0, "text": "回复@WAN9nnnn:社会面上核酸点很少，而且大家基本都🐑了，俺们这破地方点外卖都要等十几分钟半个小时派骑手[泪]", "disable_reply": 0, "restrictOperate": 0, "user": {"id": 5829213171, "idstr": "5829213171", "class": 1, "screen_name": "Francis_lfre", "name": "Francis_lfre", "province": "100", "city": "1000", "location": "其他", "description": "平安顺遂 当日记本随便发发", "url": "", "profile_image_url": "https://tvax2.sinaimg.cn/crop.0.0.1080.1080.50/006muMDhly8h8ws8nloqvj30u00u0q61.jpg?KID=imgbed,tva&Expires=1673966137&ssig=DBguRG25Gj", "light_ring": false, "cover_image_phone": "https://ww1.sinaimg.cn/crop.0.0.640.640.640/549d0121tw1egm1kjly3jj20hs0hsq4f.jpg", "profile_url": "u/5829213171", "domain": "", "weihao": "", "gender": "m", "followers_count": 49, "followers_count_str": "49", "friends_count": 233, "pagefriends_count": 11, "statuses_count": 27, "video_status_count": 3, "video_play_count": 0, "super_topic_not_syn_count": 0, "favourites_count": 2, "created_at": "Thu Jan 14 17:43:08 +0800 2016", "following": false, "allow_all_act_msg": false, "geo_enabled": true, "verified": false, "verified_type": -1, "remark": "", "insecurity": {"sexual_content": false}, "ptype": 0, "allow_all_comment": true, "avatar_large": "https://tvax2.sinaimg.cn/crop.0.0.1080.1080.180/006muMDhly8h8ws8nloqvj30u00u0q61.jpg?KID=imgbed,tva&Expires=1673966137&ssig=l0QRrEQRak", "avatar_hd": "https://tvax2.sinaimg.cn/crop.0.0.1080.1080.1024/006muMDhly8h8ws8nloqvj30u00u0q61.jpg?KID=imgbed,tva&Expires=1673966137&ssig=5BSjBAF1lK", "verified_reason": "", "verified_trade": "", "verified_reason_url": "", "verified_source": "", "verified_source_url": "", "follow_me": false, "like": false, "like_me": false, "online_status": 0, "bi_followers_count": 4, "lang": "zh-cn", "star": 0, "mbtype": 2, "mbrank": 1, "svip": 0, "mb_expire_time": 1667663999, "block_word": 0, "block_app": 0, "chaohua_ability": 0, "brand_ability": 0, "nft_ability": 0, "vplus_ability": 0, "wenda_ability": 0, "live_ability": 0, "gongyi_ability": 0, "paycolumn_ability": 0, "newbrand_ability": 0, "ecommerce_ability": 0, "hardfan_ability": 0, "wbcolumn_ability": 0, "credit_score": 80, "user_ability": 2360320, "urank": 9, "story_read_state": -1, "vclub_member": 0, "is_teenager": 0, "is_guardian": 0, "is_teenager_list": 0, "pc_new": 0, "special_follow": false, "planet_video": 2, "video_mark": 0, "live_status": 0, "user_ability_extend": 0, "status_total_counter": {"total_cnt": 29, "repost_cnt": 0, "comment_cnt": 10, "like_cnt": 19, "comment_like_cnt": 0}, "video_total_counter": {"play_cnt": 1739}, "brand_account": 0, "hongbaofei": 0, "tab_manage": "[0, 0]", "reward_status": 0, "green_mode": 0, "urisk": 0, "avatar_type": 0}, "mid": "4845958603217432", "idstr": "4845958603217432", "match_ai_play_picture": false}, "reply_original_text": "得大家一起打电话反应哇", "readtimetype": "comment", "match_ai_play_picture": false}