{"created_at": "Mon Dec 12 22:17:31 +0800 2022", "id": 4845978001347267, "rootid": 4845938680791414, "rootidstr": "4845938680791414", "floor_number": 0, "text": "回复@强强记事:肖4看都看不下去，专业课跟女娲补天一样[开学季]🐑的第二天", "disable_reply": 0, "restrictOperate": 0, "source_allowclick": 0, "source_type": 4, "source": "<a href=\"\" rel=\"nofollow\">来自北京</a>", "user": {"id": 5789545765, "idstr": "5789545765", "class": 1, "screen_name": "Hxj今年想上岸", "name": "Hxj今年想上岸", "province": "11", "city": "1000", "location": "北京", "description": "没啥简介 2022有个学上😅", "url": "", "profile_image_url": "https://tvax1.sinaimg.cn/crop.0.0.346.346.50/006jOlkply8h83j3hru4rj309m09mmxe.jpg?KID=imgbed,tva&Expires=1673966137&ssig=9q4IZk1Y9Y", "light_ring": false, "cover_image_phone": "https://ww1.sinaimg.cn/crop.0.0.640.640.640/9d44112bjw1f1xl1c10tuj20hs0hs0tw.jpg", "profile_url": "u/5789545765", "domain": "", "weihao": "", "gender": "m", "followers_count": 252, "followers_count_str": "252", "friends_count": 413, "pagefriends_count": 36, "statuses_count": 421, "video_status_count": 10, "video_play_count": 0, "super_topic_not_syn_count": 1, "favourites_count": 6, "created_at": "Thu Dec 10 17:54:33 +0800 2015", "following": false, "allow_all_act_msg": false, "geo_enabled": true, "verified": false, "verified_type": -1, "remark": "", "insecurity": {"sexual_content": false}, "ptype": 0, "allow_all_comment": true, "avatar_large": "https://tvax1.sinaimg.cn/crop.0.0.346.346.180/006jOlkply8h83j3hru4rj309m09mmxe.jpg?KID=imgbed,tva&Expires=1673966137&ssig=t7pU3XzPSO", "avatar_hd": "https://tvax1.sinaimg.cn/crop.0.0.346.346.1024/006jOlkply8h83j3hru4rj309m09mmxe.jpg?KID=imgbed,tva&Expires=1673966137&ssig=tI2xF8udJD", "verified_reason": "", "verified_trade": "", "verified_reason_url": "", "verified_source": "", "verified_source_url": "", "follow_me": false, "like": false, "like_me": false, "online_status": 0, "bi_followers_count": 128, "lang": "zh-cn", "star": 0, "mbtype": 2, "mbrank": 5, "svip": 0, "mb_expire_time": 1666627199, "block_word": 0, "block_app": 0, "chaohua_ability": 0, "brand_ability": 0, "nft_ability": 0, "vplus_ability": 0, "wenda_ability": 0, "live_ability": 0, "gongyi_ability": 0, "paycolumn_ability": 0, "newbrand_ability": 0, "ecommerce_ability": 0, "hardfan_ability": 0, "wbcolumn_ability": 0, "credit_score": 80, "user_ability": 3408896, "cardid": "star_1611", "avatargj_id": "gj_vip_082", "urank": 23, "story_read_state": -1, "vclub_member": 0, "is_teenager": 0, "is_guardian": 0, "is_teenager_list": 0, "pc_new": 0, "special_follow": false, "planet_video": 2, "video_mark": 2, "live_status": 0, "user_ability_extend": 0, "video_cover": {"mid": 4693085836020101}, "status_total_counter": {"total_cnt": 2982, "repost_cnt": 195, "comment_cnt": 808, "like_cnt": 1924, "comment_like_cnt": 55}, "video_total_counter": {"play_cnt": 23313}, "brand_account": 0, "hongbaofei": 0, "tab_manage": "[0, 0]", "reward_status": 0, "green_mode": 0, "urisk": 0, "avatar_type": 0}, "mid": "4845978001347267", "idstr": "4845978001347267", "status": {"visible": {"type": 0, "list_id": 0}, "created_at": "Mon Dec 12 18:58:04 +0800 2022", "id": 4845927803656505, "idstr": "4845927803656505", "mid": "4845927803656505", "edit_count": 6, "can_edit": false, "edit_at": "Mon Dec 12 22:52:26 +0800 2022", "version": 9, "show_additional_indication": 0, "text": "#北京确保研究生招生考试如期举行#\n考研的小伙伴们注意保护好自己，希望你们一战成功上岸🙏\n\n北京：12月11日，全市发热门诊就诊患者2.2万人次，是一周前的16倍[苦涩]\n\n不知道如果考生阳了，能不能参加考试？可是阳了的话，发烧应该会很难受吧，就怕会影响发挥，以至于成绩不理想…[汗]\n\n目前不太清楚 ​", "textLength": 608, "source_allowclick": 0, "source_type": 2, "source": "<a href=\"http://weibo.com/\" rel=\"nofollow\">iPhone客户端</a>", "favorited": false, "truncated": false, "in_reply_to_status_id": "", "in_reply_to_user_id": "", "in_reply_to_screen_name": "", "pic_urls": [], "geo": null, "is_paid": false, "mblog_vip_type": 0, "user": {"id": 3849484408, "idstr": "3849484408", "class": 1, "screen_name": "强强记事", "name": "强强记事", "province": "34", "city": "1000", "location": "安徽", "description": "别着急，时间会给你答案！（合作请私信）", "url": "", "profile_image_url": "https://tvax3.sinaimg.cn/crop.0.0.1080.1080.50/e5727878ly8ge1hmxpsj2j20u00u0gnn.jpg?KID=imgbed,tva&Expires=1673966137&ssig=23TEj59G3H", "light_ring": false, "cover_image_phone": "https://wx1.sinaimg.cn/crop.0.0.640.640.640/e5727878ly1gggdmh9im2j20yi0yi0zn.jpg;https://wx4.sinaimg.cn/crop.0.0.640.640.640/e5727878ly1ggqx5jq2loj20e80e8tb0.jpg;https://wx2.sinaimg.cn/crop.0.0.640.640.640/e5727878ly1ggqx4hbd9xj20e80e8gnu.jpg", "profile_url": "u/3849484408", "domain": "", "weihao": "", "gender": "m", "followers_count": 419601, "followers_count_str": "42万", "friends_count": 647, "pagefriends_count": 21, "statuses_count": 11401, "video_status_count": 99, "video_play_count": 0, "super_topic_not_syn_count": 13, "favourites_count": 261, "created_at": "Sun Oct 13 22:56:06 +0800 2013", "following": false, "allow_all_act_msg": false, "geo_enabled": true, "verified": true, "verified_type": 0, "remark": "", "insecurity": {"sexual_content": false}, "ptype": 0, "allow_all_comment": true, "avatar_large": "https://tvax3.sinaimg.cn/crop.0.0.1080.1080.180/e5727878ly8ge1hmxpsj2j20u00u0gnn.jpg?KID=imgbed,tva&Expires=1673966137&ssig=dOcS1MucK0", "avatar_hd": "https://tvax3.sinaimg.cn/crop.0.0.1080.1080.1024/e5727878ly8ge1hmxpsj2j20u00u0gnn.jpg?KID=imgbed,tva&Expires=1673966137&ssig=4xPfcUCgGi", "verified_reason": "微博基金合作作者   基金博主 财经博主 超话主持人（强妈碎碎念超话）", "verified_trade": "", "verified_reason_url": "", "verified_source": "", "verified_source_url": "", "verified_state": 0, "verified_level": 3, "verified_type_ext": 1, "has_service_tel": false, "verified_reason_modified": "", "verified_contact_name": "", "verified_contact_email": "", "verified_contact_mobile": "", "follow_me": false, "like": false, "like_me": false, "online_status": 0, "bi_followers_count": 43, "lang": "zh-cn", "star": 0, "mbtype": 12, "mbrank": 6, "svip": 0, "mb_expire_time": 1689436800, "block_word": 0, "block_app": 1, "chaohua_ability": 0, "brand_ability": 0, "nft_ability": 0, "vplus_ability": 1, "wenda_ability": 0, "live_ability": 0, "gongyi_ability": 0, "paycolumn_ability": 0, "newbrand_ability": 0, "ecommerce_ability": 0, "hardfan_ability": 1, "wbcolumn_ability": 0, "credit_score": 80, "user_ability": -2136601048, "cardid": "star_1545", "avatargj_id": "gj_vip_691", "urank": 9, "story_read_state": -1, "verified_detail": {"custom": 0, "data": [{"key": 2, "sub_key": 0, "weight": 101, "desc": "财经博主", "timestamp": 0}, {"key": 8, "sub_key": 0, "weight": 102, "desc": "超话主持人（强妈碎碎念超话）", "timestamp": 0}, {"key": 1, "sub_key": 0, "weight": 100, "desc": "微博基金合作作者   基金博主", "timestamp": 0}]}, "vclub_member": 0, "is_teenager": 0, "is_guardian": 0, "is_teenager_list": 0, "pc_new": 7, "special_follow": false, "planet_video": 2, "video_mark": 2, "live_status": 0, "user_ability_extend": 0, "status_total_counter": {"total_cnt": 6235431, "repost_cnt": 57056, "comment_cnt": 1573742, "like_cnt": 2793469, "comment_like_cnt": 1811164}, "video_total_counter": {"play_cnt": 14730920}, "brand_account": 0, "hongbaofei": 0, "tab_manage": "[1108337134981, 0]", "reward_status": 0, "green_mode": 0, "urisk": 0, "avatar_type": 0}, "annotations": [{}, {"shooting": 1, "client_mblogid": "iPhone-5849266B-CD2E-4152-A989-DA665D06860A"}, {"mapi_request": true}, {"photo_sub_type": "0"}], "reposts_count": 0, "comments_count": 0, "reprint_cmt_count": 0, "attitudes_count": 0, "pending_approval_count": 0, "isLongText": true, "reward_exhibition_type": 0, "hide_flag": 0, "mlevel": 0, "show_mlevel": 0, "biz_feature": 0, "page_type": 64, "hasActionTypeCard": 0, "darwin_tags": [], "hot_weibo_tags": [], "text_tag_tips": [], "mblogtype": 0, "userType": 0, "more_info_type": 0, "cardid": "star_1545", "number_display_strategy": {"apply_scenario_flag": 3, "display_text_min_number": 1000000, "display_text": "100万+"}, "positive_recom_flag": 0, "content_auth": 0, "gif_ids": "", "is_show_bulletin": 2, "comment_manage_info": {"comment_permission_type": -1, "approval_comment_type": 0, "comment_sort_type": 0, "ai_play_picture_type": 0}, "pic_num": 0, "can_reprint": false, "new_comment_style": 0}, "reply_comment": {"created_at": "Mon Dec 12 19:41:16 +0800 2022", "id": 4845938680791414, "rootid": 4845938680791414, "rootidstr": "4845938680791414", "floor_number": 30, "text": "冒昧的问一下：有没有考生目前已经阳了的……", "disable_reply": 0, "is_mblog_author": true, "restrictOperate": 0, "comment_badge": [{"pic_url": "https://h5.sinaimg.cn/upload/1007/25/2019/05/17/feed_icon_poster_identity133low.png", "name": "blogger", "length": 1.33, "actionlog": {"act_code": "3671", "ext": "status:author"}, "scheme": "https://kefu.weibo.com/faqdetail?id=20848"}, {"pic_url": "https://h5.sinaimg.cn/upload/1007/25/2019/05/17/feed_icon_poster_identity133low.png", "name": "blogger", "length": 1.33, "actionlog": {"act_code": "3671", "ext": "status:author"}, "scheme": "https://kefu.weibo.com/faqdetail?id=20848"}, {"pic_url": "https://h5.sinaimg.cn/upload/1007/25/2019/05/17/feed_icon_poster_identity133low.png", "name": "blogger", "length": 1.33, "actionlog": {"act_code": "3671", "ext": "status:author"}, "scheme": "https://kefu.weibo.com/faqdetail?id=20848"}, {"pic_url": "https://h5.sinaimg.cn/upload/1007/25/2019/05/17/feed_icon_poster_identity133low.png", "name": "blogger", "length": 1.33, "actionlog": {"act_code": "3671", "ext": "status:author"}, "scheme": "https://kefu.weibo.com/faqdetail?id=20848"}, {"pic_url": "https://h5.sinaimg.cn/upload/1007/25/2019/05/17/feed_icon_poster_identity133low.png", "name": "blogger", "length": 1.33, "actionlog": {"act_code": "3671", "ext": "status:author"}, "scheme": "https://kefu.weibo.com/faqdetail?id=20848"}, {"pic_url": "https://h5.sinaimg.cn/upload/1007/25/2019/05/17/feed_icon_poster_identity133low.png", "name": "blogger", "length": 1.33, "actionlog": {"act_code": "3671", "ext": "status:author"}, "scheme": "https://kefu.weibo.com/faqdetail?id=20848"}, {"pic_url": "https://h5.sinaimg.cn/upload/1007/25/2019/05/17/feed_icon_poster_identity133low.png", "name": "blogger", "length": 1.33, "actionlog": {"act_code": "3671", "ext": "status:author"}, "scheme": "https://kefu.weibo.com/faqdetail?id=20848"}, {"pic_url": "https://h5.sinaimg.cn/upload/1007/25/2019/05/17/feed_icon_poster_identity133low.png", "name": "blogger", "length": 1.33, "actionlog": {"act_code": "3671", "ext": "status:author"}, "scheme": "https://kefu.weibo.com/faqdetail?id=20848"}, {"pic_url": "https://h5.sinaimg.cn/upload/1007/25/2019/05/17/feed_icon_poster_identity133low.png", "name": "blogger", "length": 1.33, "actionlog": {"act_code": "3671", "ext": "status:author"}, "scheme": "https://kefu.weibo.com/faqdetail?id=20848"}, {"pic_url": "https://h5.sinaimg.cn/upload/1007/25/2019/05/17/feed_icon_poster_identity133low.png", "name": "blogger", "length": 1.33, "actionlog": {"act_code": "3671", "ext": "status:author"}, "scheme": "https://kefu.weibo.com/faqdetail?id=20848"}, {"pic_url": "https://h5.sinaimg.cn/upload/1007/25/2019/05/17/feed_icon_poster_identity133low.png", "name": "blogger", "length": 1.33, "actionlog": {"act_code": "3671", "ext": "status:author"}, "scheme": "https://kefu.weibo.com/faqdetail?id=20848"}, {"pic_url": "https://h5.sinaimg.cn/upload/1007/25/2019/05/17/feed_icon_poster_identity133low.png", "name": "blogger", "length": 1.33, "actionlog": {"act_code": "3671", "ext": "status:author"}, "scheme": "https://kefu.weibo.com/faqdetail?id=20848"}, {"pic_url": "https://h5.sinaimg.cn/upload/1007/25/2019/05/17/feed_icon_poster_identity133low.png", "name": "blogger", "length": 1.33, "actionlog": {"act_code": "3671", "ext": "status:author"}, "scheme": "https://kefu.weibo.com/faqdetail?id=20848"}, {"pic_url": "https://h5.sinaimg.cn/upload/1007/25/2019/05/17/feed_icon_poster_identity133low.png", "name": "blogger", "length": 1.33, "actionlog": {"act_code": "3671", "ext": "status:author"}, "scheme": "https://kefu.weibo.com/faqdetail?id=20848"}, {"pic_url": "https://h5.sinaimg.cn/upload/1007/25/2019/05/17/feed_icon_poster_identity133low.png", "name": "blogger", "length": 1.33, "actionlog": {"act_code": "3671", "ext": "status:author"}, "scheme": "https://kefu.weibo.com/faqdetail?id=20848"}, {"pic_url": "https://h5.sinaimg.cn/upload/1007/25/2019/05/17/feed_icon_poster_identity133low.png", "name": "blogger", "length": 1.33, "actionlog": {"act_code": "3671", "ext": "status:author"}, "scheme": "https://kefu.weibo.com/faqdetail?id=20848"}, {"pic_url": "https://h5.sinaimg.cn/upload/1007/25/2019/05/17/feed_icon_poster_identity133low.png", "name": "blogger", "length": 1.33, "actionlog": {"act_code": "3671", "ext": "status:author"}, "scheme": "https://kefu.weibo.com/faqdetail?id=20848"}, {"pic_url": "https://h5.sinaimg.cn/upload/1007/25/2019/05/17/feed_icon_poster_identity133low.png", "name": "blogger", "length": 1.33, "actionlog": {"act_code": "3671", "ext": "status:author"}, "scheme": "https://kefu.weibo.com/faqdetail?id=20848"}, {"pic_url": "https://h5.sinaimg.cn/upload/1007/25/2019/05/17/feed_icon_poster_identity133low.png", "name": "blogger", "length": 1.33, "actionlog": {"act_code": "3671", "ext": "status:author"}, "scheme": "https://kefu.weibo.com/faqdetail?id=20848"}, {"pic_url": "https://h5.sinaimg.cn/upload/1007/25/2019/05/17/feed_icon_poster_identity133low.png", "name": "blogger", "length": 1.33, "actionlog": {"act_code": "3671", "ext": "status:author"}, "scheme": "https://kefu.weibo.com/faqdetail?id=20848"}, {"pic_url": "https://h5.sinaimg.cn/upload/1007/25/2019/05/17/feed_icon_poster_identity133low.png", "name": "blogger", "length": 1.33, "actionlog": {"act_code": "3671", "ext": "status:author"}, "scheme": "https://kefu.weibo.com/faqdetail?id=20848"}, {"pic_url": "https://h5.sinaimg.cn/upload/1007/25/2019/05/17/feed_icon_poster_identity133low.png", "name": "blogger", "length": 1.33, "actionlog": {"act_code": "3671", "ext": "status:author"}, "scheme": "https://kefu.weibo.com/faqdetail?id=20848"}, {"pic_url": "https://h5.sinaimg.cn/upload/1007/25/2019/05/17/feed_icon_poster_identity133low.png", "name": "blogger", "length": 1.33, "actionlog": {"act_code": "3671", "ext": "status:author"}, "scheme": "https://kefu.weibo.com/faqdetail?id=20848"}, {"pic_url": "https://h5.sinaimg.cn/upload/1007/25/2019/05/17/feed_icon_poster_identity133low.png", "name": "blogger", "length": 1.33, "actionlog": {"act_code": "3671", "ext": "status:author"}, "scheme": "https://kefu.weibo.com/faqdetail?id=20848"}, {"pic_url": "https://h5.sinaimg.cn/upload/1007/25/2019/05/17/feed_icon_poster_identity133low.png", "name": "blogger", "length": 1.33, "actionlog": {"act_code": "3671", "ext": "status:author"}, "scheme": "https://kefu.weibo.com/faqdetail?id=20848"}, {"pic_url": "https://h5.sinaimg.cn/upload/1007/25/2019/05/17/feed_icon_poster_identity133low.png", "name": "blogger", "length": 1.33, "actionlog": {"act_code": "3671", "ext": "status:author"}, "scheme": "https://kefu.weibo.com/faqdetail?id=20848"}, {"pic_url": "https://h5.sinaimg.cn/upload/1007/25/2019/05/17/feed_icon_poster_identity133low.png", "name": "blogger", "length": 1.33, "actionlog": {"act_code": "3671", "ext": "status:author"}, "scheme": "https://kefu.weibo.com/faqdetail?id=20848"}, {"pic_url": "https://h5.sinaimg.cn/upload/1007/25/2019/05/17/feed_icon_poster_identity133low.png", "name": "blogger", "length": 1.33, "actionlog": {"act_code": "3671", "ext": "status:author"}, "scheme": "https://kefu.weibo.com/faqdetail?id=20848"}, {"pic_url": "https://h5.sinaimg.cn/upload/1007/25/2019/05/17/feed_icon_poster_identity133low.png", "name": "blogger", "length": 1.33, "actionlog": {"act_code": "3671", "ext": "status:author"}, "scheme": "https://kefu.weibo.com/faqdetail?id=20848"}, {"pic_url": "https://h5.sinaimg.cn/upload/1007/25/2019/05/17/feed_icon_poster_identity133low.png", "name": "blogger", "length": 1.33, "actionlog": {"act_code": "3671", "ext": "status:author"}, "scheme": "https://kefu.weibo.com/faqdetail?id=20848"}, {"pic_url": "https://h5.sinaimg.cn/upload/1007/25/2019/05/17/feed_icon_poster_identity133low.png", "name": "blogger", "length": 1.33, "actionlog": {"act_code": "3671", "ext": "status:author"}, "scheme": "https://kefu.weibo.com/faqdetail?id=20848"}, {"pic_url": "https://h5.sinaimg.cn/upload/1007/25/2019/05/17/feed_icon_poster_identity133low.png", "name": "blogger", "length": 1.33, "actionlog": {"act_code": "3671", "ext": "status:author"}, "scheme": "https://kefu.weibo.com/faqdetail?id=20848"}, {"pic_url": "https://h5.sinaimg.cn/upload/1007/25/2019/05/17/feed_icon_poster_identity133low.png", "name": "blogger", "length": 1.33, "actionlog": {"act_code": "3671", "ext": "status:author"}, "scheme": "https://kefu.weibo.com/faqdetail?id=20848"}, {"pic_url": "https://h5.sinaimg.cn/upload/1007/25/2019/05/17/feed_icon_poster_identity133low.png", "name": "blogger", "length": 1.33, "actionlog": {"act_code": "3671", "ext": "status:author"}, "scheme": "https://kefu.weibo.com/faqdetail?id=20848"}, {"pic_url": "https://h5.sinaimg.cn/upload/1007/25/2019/05/17/feed_icon_poster_identity133low.png", "name": "blogger", "length": 1.33, "actionlog": {"act_code": "3671", "ext": "status:author"}, "scheme": "https://kefu.weibo.com/faqdetail?id=20848"}, {"pic_url": "https://h5.sinaimg.cn/upload/1007/25/2019/05/17/feed_icon_poster_identity133low.png", "name": "blogger", "length": 1.33, "actionlog": {"act_code": "3671", "ext": "status:author"}, "scheme": "https://kefu.weibo.com/faqdetail?id=20848"}, {"pic_url": "https://h5.sinaimg.cn/upload/1007/25/2019/05/17/feed_icon_poster_identity133low.png", "name": "blogger", "length": 1.33, "actionlog": {"act_code": "3671", "ext": "status:author"}, "scheme": "https://kefu.weibo.com/faqdetail?id=20848"}, {"pic_url": "https://h5.sinaimg.cn/upload/1007/25/2019/05/17/feed_icon_poster_identity133low.png", "name": "blogger", "length": 1.33, "actionlog": {"act_code": "3671", "ext": "status:author"}, "scheme": "https://kefu.weibo.com/faqdetail?id=20848"}, {"pic_url": "https://h5.sinaimg.cn/upload/1007/25/2019/05/17/feed_icon_poster_identity133low.png", "name": "blogger", "length": 1.33, "actionlog": {"act_code": "3671", "ext": "status:author"}, "scheme": "https://kefu.weibo.com/faqdetail?id=20848"}, {"pic_url": "https://h5.sinaimg.cn/upload/1007/25/2019/05/17/feed_icon_poster_identity133low.png", "name": "blogger", "length": 1.33, "actionlog": {"act_code": "3671", "ext": "status:author"}, "scheme": "https://kefu.weibo.com/faqdetail?id=20848"}, {"pic_url": "https://h5.sinaimg.cn/upload/1007/25/2019/05/17/feed_icon_poster_identity133low.png", "name": "blogger", "length": 1.33, "actionlog": {"act_code": "3671", "ext": "status:author"}, "scheme": "https://kefu.weibo.com/faqdetail?id=20848"}, {"pic_url": "https://h5.sinaimg.cn/upload/1007/25/2019/05/17/feed_icon_poster_identity133low.png", "name": "blogger", "length": 1.33, "actionlog": {"act_code": "3671", "ext": "status:author"}, "scheme": "https://kefu.weibo.com/faqdetail?id=20848"}, {"pic_url": "https://h5.sinaimg.cn/upload/1007/25/2019/05/17/feed_icon_poster_identity133low.png", "name": "blogger", "length": 1.33, "actionlog": {"act_code": "3671", "ext": "status:author"}, "scheme": "https://kefu.weibo.com/faqdetail?id=20848"}, {"pic_url": "https://h5.sinaimg.cn/upload/1007/25/2019/05/17/feed_icon_poster_identity133low.png", "name": "blogger", "length": 1.33, "actionlog": {"act_code": "3671", "ext": "status:author"}, "scheme": "https://kefu.weibo.com/faqdetail?id=20848"}], "user": {"id": 3849484408, "idstr": "3849484408", "class": 1, "screen_name": "强强记事", "name": "强强记事", "province": "34", "city": "1000", "location": "安徽", "description": "别着急，时间会给你答案！（合作请私信）", "url": "", "profile_image_url": "https://tvax3.sinaimg.cn/crop.0.0.1080.1080.50/e5727878ly8ge1hmxpsj2j20u00u0gnn.jpg?KID=imgbed,tva&Expires=1673966137&ssig=23TEj59G3H", "light_ring": false, "cover_image_phone": "https://wx1.sinaimg.cn/crop.0.0.640.640.640/e5727878ly1gggdmh9im2j20yi0yi0zn.jpg;https://wx4.sinaimg.cn/crop.0.0.640.640.640/e5727878ly1ggqx5jq2loj20e80e8tb0.jpg;https://wx2.sinaimg.cn/crop.0.0.640.640.640/e5727878ly1ggqx4hbd9xj20e80e8gnu.jpg", "profile_url": "u/3849484408", "domain": "", "weihao": "", "gender": "m", "followers_count": 419601, "followers_count_str": "42万", "friends_count": 647, "pagefriends_count": 21, "statuses_count": 11401, "video_status_count": 99, "video_play_count": 0, "super_topic_not_syn_count": 13, "favourites_count": 261, "created_at": "Sun Oct 13 22:56:06 +0800 2013", "following": false, "allow_all_act_msg": false, "geo_enabled": true, "verified": true, "verified_type": 0, "remark": "", "insecurity": {"sexual_content": false}, "ptype": 0, "allow_all_comment": true, "avatar_large": "https://tvax3.sinaimg.cn/crop.0.0.1080.1080.180/e5727878ly8ge1hmxpsj2j20u00u0gnn.jpg?KID=imgbed,tva&Expires=1673966137&ssig=dOcS1MucK0", "avatar_hd": "https://tvax3.sinaimg.cn/crop.0.0.1080.1080.1024/e5727878ly8ge1hmxpsj2j20u00u0gnn.jpg?KID=imgbed,tva&Expires=1673966137&ssig=4xPfcUCgGi", "verified_reason": "微博基金合作作者   基金博主 财经博主 超话主持人（强妈碎碎念超话）", "verified_trade": "", "verified_reason_url": "", "verified_source": "", "verified_source_url": "", "verified_state": 0, "verified_level": 3, "verified_type_ext": 1, "has_service_tel": false, "verified_reason_modified": "", "verified_contact_name": "", "verified_contact_email": "", "verified_contact_mobile": "", "follow_me": false, "like": false, "like_me": false, "online_status": 0, "bi_followers_count": 43, "lang": "zh-cn", "star": 0, "mbtype": 12, "mbrank": 6, "svip": 0, "mb_expire_time": 1689436800, "block_word": 0, "block_app": 1, "chaohua_ability": 0, "brand_ability": 0, "nft_ability": 0, "vplus_ability": 1, "wenda_ability": 0, "live_ability": 0, "gongyi_ability": 0, "paycolumn_ability": 0, "newbrand_ability": 0, "ecommerce_ability": 0, "hardfan_ability": 1, "wbcolumn_ability": 0, "credit_score": 80, "user_ability": -2136601048, "cardid": "star_1545", "avatargj_id": "gj_vip_691", "urank": 9, "story_read_state": -1, "verified_detail": {"custom": 0, "data": [{"key": 2, "sub_key": 0, "weight": 101, "desc": "财经博主", "timestamp": 0}, {"key": 8, "sub_key": 0, "weight": 102, "desc": "超话主持人（强妈碎碎念超话）", "timestamp": 0}, {"key": 1, "sub_key": 0, "weight": 100, "desc": "微博基金合作作者   基金博主", "timestamp": 0}]}, "vclub_member": 0, "is_teenager": 0, "is_guardian": 0, "is_teenager_list": 0, "pc_new": 7, "special_follow": false, "planet_video": 2, "video_mark": 2, "live_status": 0, "user_ability_extend": 0, "status_total_counter": {"total_cnt": 6235431, "repost_cnt": 57056, "comment_cnt": 1573742, "like_cnt": 2793469, "comment_like_cnt": 1811164}, "video_total_counter": {"play_cnt": 14730920}, "brand_account": 0, "hongbaofei": 0, "tab_manage": "[1108337134981, 0]", "reward_status": 0, "green_mode": 0, "urisk": 0, "avatar_type": 0}, "mid": "4845938680791414", "idstr": "4845938680791414", "match_ai_play_picture": false}, "reply_original_text": "肖4看都看不下去，专业课跟女娲补天一样[开学季]🐑的第二天", "readtimetype": "comment", "match_ai_play_picture": false}