{"created_at": "Mon Dec 12 20:58:07 +0800 2022", "id": 4845958016281948, "rootid": 4845928949230640, "rootidstr": "4845928949230640", "floor_number": 0, "text": "回复@冰可乐超好喝_dxylszd:我昨晚也是，现在的我38.5", "disable_reply": 0, "restrictOperate": 0, "source_allowclick": 0, "source_type": 4, "source": "<a href=\"\" rel=\"nofollow\">来自四川</a>", "user": {"id": 7770554090, "idstr": "7770554090", "class": 1, "screen_name": "今天也要卷起来哦", "name": "今天也要卷起来哦", "province": "100", "city": "1000", "location": "其他", "description": "lucky girl", "url": "", "profile_image_url": "https://tvax4.sinaimg.cn/crop.0.0.667.667.50/008tSs5Aly8h5nur8tf17j30ij0ij76q.jpg?KID=imgbed,tva&Expires=1670864983&ssig=e96wqj6%2BiA", "light_ring": false, "profile_url": "u/7770554090", "domain": "", "weihao": "", "gender": "f", "followers_count": 0, "followers_count_str": "0", "friends_count": 7, "pagefriends_count": 2, "statuses_count": 10, "video_status_count": 0, "video_play_count": 0, "super_topic_not_syn_count": 0, "favourites_count": 0, "created_at": "Sat Jul 02 11:08:51 +0800 2022", "following": false, "allow_all_act_msg": false, "geo_enabled": true, "verified": false, "verified_type": -1, "remark": "", "insecurity": {"sexual_content": false}, "ptype": 0, "allow_all_comment": true, "avatar_large": "https://tvax4.sinaimg.cn/crop.0.0.667.667.180/008tSs5Aly8h5nur8tf17j30ij0ij76q.jpg?KID=imgbed,tva&Expires=1670864983&ssig=rDQB4OnQSw", "avatar_hd": "https://tvax4.sinaimg.cn/crop.0.0.667.667.1024/008tSs5Aly8h5nur8tf17j30ij0ij76q.jpg?KID=imgbed,tva&Expires=1670864983&ssig=mFbrrYENDg", "verified_reason": "", "verified_trade": "", "verified_reason_url": "", "verified_source": "", "verified_source_url": "", "follow_me": false, "like": false, "like_me": false, "online_status": 0, "bi_followers_count": 0, "lang": "zh-cn", "star": 0, "mbtype": 2, "mbrank": 2, "svip": 0, "mb_expire_time": 1669737599, "block_word": 0, "block_app": 0, "chaohua_ability": 0, "brand_ability": 0, "nft_ability": 0, "vplus_ability": 0, "wenda_ability": 0, "live_ability": 0, "gongyi_ability": 0, "paycolumn_ability": 0, "newbrand_ability": 0, "ecommerce_ability": 0, "hardfan_ability": 0, "credit_score": 80, "user_ability": 2097152, "urank": 0, "story_read_state": -1, "vclub_member": 0, "is_teenager": 0, "is_guardian": 0, "is_teenager_list": 0, "pc_new": 0, "special_follow": false, "planet_video": 0, "video_mark": 0, "live_status": 0, "user_ability_extend": 0, "status_total_counter": {"total_cnt": 87, "repost_cnt": 0, "comment_cnt": 48, "like_cnt": 30, "comment_like_cnt": 9}, "video_total_counter": {"play_cnt": -1}, "brand_account": 0, "hongbaofei": 0, "tab_manage": "[0, 0]", "reward_status": 0, "green_mode": 0, "urisk": 524288, "avatar_type": 0}, "mid": "4845958016281948", "idstr": "4845958016281948", "status": {"visible": {"type": 0, "list_id": 0}, "created_at": "Mon Dec 12 18:58:04 +0800 2022", "id": 4845927803656505, "idstr": "4845927803656505", "mid": "4845927803656505", "edit_count": 3, "can_edit": false, "edit_at": "Mon Dec 12 20:30:55 +0800 2022", "version": 5, "show_additional_indication": 0, "text": "#北京确保研究生招生考试如期举行#\n考研的小伙伴们注意保护好自己，希望你们一战成功上岸🙏\n\n北京：12月11日，全市发热门诊就诊患者2.2万人次，是一周前的16倍[苦涩]\n\n不知道如果考生阳了，能不能参加考试？可是阳了的话，发烧应该会很难受吧，就怕会影响发挥，以至于成绩不理想…[汗]\n\n目前不太清楚 ​", "textLength": 601, "source_allowclick": 0, "source_type": 2, "source": "<a href=\"http://weibo.com/\" rel=\"nofollow\">iPhone客户端</a>", "favorited": false, "truncated": false, "in_reply_to_status_id": "", "in_reply_to_user_id": "", "in_reply_to_screen_name": "", "pic_urls": [], "geo": null, "is_paid": false, "mblog_vip_type": 0, "user": {"id": 3849484408, "idstr": "3849484408", "class": 1, "screen_name": "强强记事", "name": "强强记事", "province": "34", "city": "1000", "location": "安徽", "description": "别着急，时间会给你答案！（合作请私信）", "url": "", "profile_image_url": "https://tvax3.sinaimg.cn/crop.0.0.1080.1080.50/e5727878ly8ge1hmxpsj2j20u00u0gnn.jpg?KID=imgbed,tva&Expires=1670864983&ssig=kLftXPJ8ch", "light_ring": false, "cover_image_phone": "https://wx1.sinaimg.cn/crop.0.0.640.640.640/e5727878ly1gggdmh9im2j20yi0yi0zn.jpg;https://wx4.sinaimg.cn/crop.0.0.640.640.640/e5727878ly1ggqx5jq2loj20e80e8tb0.jpg;https://wx2.sinaimg.cn/crop.0.0.640.640.640/e5727878ly1ggqx4hbd9xj20e80e8gnu.jpg", "profile_url": "u/3849484408", "domain": "", "weihao": "", "gender": "m", "followers_count": 411225, "followers_count_str": "41.1万", "friends_count": 633, "pagefriends_count": 21, "statuses_count": 11088, "video_status_count": 93, "video_play_count": 0, "super_topic_not_syn_count": 13, "favourites_count": 249, "created_at": "Sun Oct 13 22:56:06 +0800 2013", "following": false, "allow_all_act_msg": false, "geo_enabled": true, "verified": true, "verified_type": 0, "remark": "", "insecurity": {"sexual_content": false}, "ptype": 0, "allow_all_comment": true, "avatar_large": "https://tvax3.sinaimg.cn/crop.0.0.1080.1080.180/e5727878ly8ge1hmxpsj2j20u00u0gnn.jpg?KID=imgbed,tva&Expires=1670864983&ssig=cxexcIyuVy", "avatar_hd": "https://tvax3.sinaimg.cn/crop.0.0.1080.1080.1024/e5727878ly8ge1hmxpsj2j20u00u0gnn.jpg?KID=imgbed,tva&Expires=1670864983&ssig=WnSgaQTxx5", "verified_reason": "微博基金合作作者   基金博主 财经博主 超话主持人（强妈碎碎念超话）", "verified_trade": "", "verified_reason_url": "", "verified_source": "", "verified_source_url": "", "verified_state": 0, "verified_level": 3, "verified_type_ext": 1, "has_service_tel": false, "verified_reason_modified": "", "verified_contact_name": "", "verified_contact_email": "", "verified_contact_mobile": "", "follow_me": false, "like": false, "like_me": false, "online_status": 0, "bi_followers_count": 40, "lang": "zh-cn", "star": 0, "mbtype": 12, "mbrank": 6, "svip": 0, "mb_expire_time": 1689436800, "block_word": 0, "block_app": 1, "chaohua_ability": 0, "brand_ability": 0, "nft_ability": 0, "vplus_ability": 1, "wenda_ability": 0, "live_ability": 0, "gongyi_ability": 0, "paycolumn_ability": 0, "newbrand_ability": 0, "ecommerce_ability": 0, "hardfan_ability": 1, "credit_score": 80, "user_ability": -2136601048, "cardid": "star_1545", "avatargj_id": "gj_vip_691", "urank": 9, "story_read_state": -1, "verified_detail": {"custom": 0, "data": [{"key": 2, "sub_key": 0, "weight": 101, "desc": "财经博主", "timestamp": 0}, {"key": 8, "sub_key": 0, "weight": 102, "desc": "超话主持人（强妈碎碎念超话）", "timestamp": 0}, {"key": 1, "sub_key": 0, "weight": 100, "desc": "微博基金合作作者   基金博主", "timestamp": 0}]}, "vclub_member": 0, "is_teenager": 0, "is_guardian": 0, "is_teenager_list": 0, "pc_new": 7, "special_follow": false, "planet_video": 2, "video_mark": 2, "live_status": 0, "user_ability_extend": 0, "status_total_counter": {"total_cnt": 5767306, "repost_cnt": 54488, "comment_cnt": 1511915, "like_cnt": 2686531, "comment_like_cnt": 1514372}, "video_total_counter": {"play_cnt": 12609396}, "brand_account": 0, "hongbaofei": 0, "tab_manage": "[1108337134981, 0]", "reward_status": 0, "green_mode": 0, "urisk": 34896609280, "avatar_type": 0}, "annotations": [{}, {"shooting": 1, "client_mblogid": "iPhone-5849266B-CD2E-4152-A989-DA665D06860A"}, {"mapi_request": true}], "reposts_count": 0, "comments_count": 0, "reprint_cmt_count": 0, "attitudes_count": 0, "pending_approval_count": 0, "isLongText": true, "reward_exhibition_type": 0, "hide_flag": 0, "mlevel": 0, "show_mlevel": 0, "biz_feature": 0, "page_type": 64, "hasActionTypeCard": 0, "darwin_tags": [], "hot_weibo_tags": [], "text_tag_tips": [], "mblogtype": 0, "userType": 0, "more_info_type": 0, "cardid": "star_1545", "number_display_strategy": {"apply_scenario_flag": 3, "display_text_min_number": 1000000, "display_text": "100万+"}, "positive_recom_flag": 0, "content_auth": 0, "gif_ids": "", "is_show_bulletin": 2, "comment_manage_info": {"comment_permission_type": -1, "approval_comment_type": 0, "comment_sort_type": 0, "ai_play_picture_type": 0}, "pic_num": 0, "can_reprint": false, "new_comment_style": 0}, "reply_comment": {"created_at": "Mon Dec 12 19:25:22 +0800 2022", "id": 4845934673924991, "rootid": 4845928949230640, "rootidstr": "4845928949230640", "floor_number": 0, "text": "回复@强强记事:必须延期[苦涩]我昨天发烧到39.5度[苦涩]烧了一宿[苦涩]", "disable_reply": 0, "restrictOperate": 0, "user": {"id": 6613415413, "idstr": "6613415413", "class": 1, "screen_name": "冰可乐超好喝_dxylszd", "name": "冰可乐超好喝_dxylszd", "province": "100", "city": "1000", "location": "其他", "description": "🤎真爱没有结界，鱼会亲吻蝴蝶🦋", "url": "", "profile_image_url": "https://tvax2.sinaimg.cn/crop.0.0.720.720.50/007dzdsxly8h6c4s8i8l5j30k00k0dgk.jpg?KID=imgbed,tva&Expires=1670864983&ssig=OqxZbU6Gi%2B", "light_ring": false, "cover_image_phone": "https://ww1.sinaimg.cn/crop.0.0.640.640.640/549d0121tw1egm1kjly3jj20hs0hsq4f.jpg", "profile_url": "u/6613415413", "domain": "", "weihao": "", "gender": "f", "followers_count": 146, "followers_count_str": "146", "friends_count": 148, "pagefriends_count": 35, "statuses_count": 330, "video_status_count": 1, "video_play_count": 0, "super_topic_not_syn_count": 10, "favourites_count": 7, "created_at": "Fri Jul 27 17:35:48 +0800 2018", "following": false, "allow_all_act_msg": false, "geo_enabled": true, "verified": false, "verified_type": -1, "remark": "", "insecurity": {"sexual_content": false}, "ptype": 0, "allow_all_comment": true, "avatar_large": "https://tvax2.sinaimg.cn/crop.0.0.720.720.180/007dzdsxly8h6c4s8i8l5j30k00k0dgk.jpg?KID=imgbed,tva&Expires=1670864983&ssig=loj%2BbTgLXO", "avatar_hd": "https://tvax2.sinaimg.cn/crop.0.0.720.720.1024/007dzdsxly8h6c4s8i8l5j30k00k0dgk.jpg?KID=imgbed,tva&Expires=1670864983&ssig=tIG85QLMt6", "verified_reason": "", "verified_trade": "", "verified_reason_url": "", "verified_source": "", "verified_source_url": "", "follow_me": false, "like": false, "like_me": false, "online_status": 0, "bi_followers_count": 2, "lang": "zh-cn", "star": 0, "mbtype": 0, "mbrank": 0, "svip": 0, "mb_expire_time": 0, "block_word": 0, "block_app": 0, "chaohua_ability": 0, "brand_ability": 0, "nft_ability": 0, "vplus_ability": 0, "wenda_ability": 0, "live_ability": 0, "gongyi_ability": 0, "paycolumn_ability": 0, "newbrand_ability": 0, "ecommerce_ability": 0, "hardfan_ability": 0, "credit_score": 80, "user_ability": 3407872, "urank": 4, "story_read_state": -1, "vclub_member": 0, "is_teenager": 0, "is_guardian": 0, "is_teenager_list": 0, "pc_new": 7, "special_follow": false, "planet_video": 2, "video_mark": 0, "live_status": 0, "user_ability_extend": 0, "video_cover": {"mid": 4815595478188627}, "status_total_counter": {"total_cnt": 9393, "repost_cnt": 62, "comment_cnt": 1946, "like_cnt": 2495, "comment_like_cnt": 4890}, "video_total_counter": {"play_cnt": 119933}, "brand_account": 0, "hongbaofei": 0, "tab_manage": "[0, 0]", "reward_status": 0, "green_mode": 0, "urisk": 549755813888, "avatar_type": 0}, "mid": "4845934673924991", "idstr": "4845934673924991", "match_ai_play_picture": false}, "reply_original_text": "我昨晚也是，现在的我38.5", "readtimetype": "comment", "match_ai_play_picture": false}