{"created_at": "Sun Jan 08 08:06:05 +0800 2023", "id": 4855548200356878, "rootid": 4855548200356878, "rootidstr": "4855548200356878", "floor_number": 296, "text": "笑死，不去查作者编辑出版社这些，却叫喊着去查读者，粉圈别太荒谬", "disable_reply": 0, "restrictOperate": 0, "source_allowclick": 0, "source_type": 4, "source": "<a href=\"\" rel=\"nofollow\">来自浙江</a>", "user": {"id": 6291099920, "idstr": "6291099920", "class": 1, "screen_name": "攒首付的阿欢", "name": "攒首付的阿欢", "province": "61", "city": "1000", "location": "陕西", "description": "这里只是一个无聊的人", "url": "", "profile_image_url": "https://tvax2.sinaimg.cn/crop.0.0.960.960.50/006RKOtyly8gehw7jypzcj30qo0qo0uc.jpg?KID=imgbed,tva&Expires=1674060659&ssig=oWtekII4St", "light_ring": false, "cover_image_phone": "https://ww1.sinaimg.cn/crop.0.0.640.640.640/9d44112bjw1f1xl1c10tuj20hs0hs0tw.jpg", "profile_url": "u/6291099920", "domain": "", "weihao": "", "gender": "m", "followers_count": 1293, "followers_count_str": "1293", "friends_count": 417, "pagefriends_count": 13, "statuses_count": 319, "video_status_count": 0, "video_play_count": 0, "super_topic_not_syn_count": 1, "favourites_count": 258, "created_at": "Thu Jun 22 00:17:12 +0800 2017", "following": false, "allow_all_act_msg": false, "geo_enabled": true, "verified": false, "verified_type": -1, "remark": "", "insecurity": {"sexual_content": false}, "ptype": 0, "allow_all_comment": true, "avatar_large": "https://tvax2.sinaimg.cn/crop.0.0.960.960.180/006RKOtyly8gehw7jypzcj30qo0qo0uc.jpg?KID=imgbed,tva&Expires=1674060659&ssig=B37DSeOYAz", "avatar_hd": "https://tvax2.sinaimg.cn/crop.0.0.960.960.1024/006RKOtyly8gehw7jypzcj30qo0qo0uc.jpg?KID=imgbed,tva&Expires=1674060659&ssig=eu7isHMjeN", "verified_reason": "", "verified_trade": "", "verified_reason_url": "", "verified_source": "", "verified_source_url": "", "follow_me": false, "like": false, "like_me": false, "online_status": 0, "bi_followers_count": 14, "lang": "zh-cn", "star": 0, "mbtype": 0, "mbrank": 0, "svip": 0, "mb_expire_time": 0, "block_word": 0, "block_app": 0, "chaohua_ability": 0, "brand_ability": 0, "nft_ability": 0, "vplus_ability": 0, "wenda_ability": 0, "live_ability": 0, "gongyi_ability": 0, "paycolumn_ability": 0, "newbrand_ability": 0, "ecommerce_ability": 0, "hardfan_ability": 0, "wbcolumn_ability": 0, "credit_score": 80, "user_ability": 2097152, "urank": 9, "story_read_state": -1, "vclub_member": 0, "is_teenager": 0, "is_guardian": 0, "is_teenager_list": 0, "pc_new": 0, "special_follow": false, "planet_video": 2, "video_mark": 0, "live_status": 0, "user_ability_extend": 0, "status_total_counter": {"total_cnt": 364, "repost_cnt": 2, "comment_cnt": 133, "like_cnt": 213, "comment_like_cnt": 16}, "video_total_counter": {"play_cnt": 0}, "brand_account": 0, "hongbaofei": 0, "tab_manage": "[0, 0]", "reward_status": 0, "green_mode": 0, "urisk": 549755813888, "unfollowing_recom_switch": 1, "avatar_type": 0}, "mid": "4855548200356878", "idstr": "4855548200356878", "status": {"visible": {"type": 0, "list_id": 0}, "created_at": "Sat Jan 07 12:22:38 +0800 2023", "id": 4855250374627194, "idstr": "4855250374627194", "mid": "4855250374627194", "can_edit": false, "version": 2, "show_additional_indication": 0, "text": "【#小说围棋少女被曝美化侵华战争#】#小说创作有哪些底线# 近日，#小说西北有高楼涉嫌美化南京大屠杀#引发全网广泛关注。随后，有网友曝出由春风文艺出版社2002年出版的《围棋少女》小说存在大量美化日本侵华战争内容，文中男主将侵华战争视为“解救中国”、“日本人是中国人救星”，且该小说已在多国 ​", "textLength": 547, "source_allowclick": 0, "source_type": 2, "source": "", "favorited": false, "truncated": false, "in_reply_to_status_id": "", "in_reply_to_user_id": "", "in_reply_to_screen_name": "", "pic_urls": [{"thumbnail_pic": "http://wx3.sinaimg.cn/thumbnail/006FSgCbly1h9uywv4h0uj31220sitcu.jpg"}, {"thumbnail_pic": "http://wx4.sinaimg.cn/thumbnail/006FSgCbly1h9uywviawoj30xa0jy76q.jpg"}, {"thumbnail_pic": "http://wx3.sinaimg.cn/thumbnail/006FSgCbly1h9uywxw461j30u01t0h81.jpg"}, {"thumbnail_pic": "http://wx2.sinaimg.cn/thumbnail/006FSgCbly1h9uywuhmwsj30lt1p114s.jpg"}, {"thumbnail_pic": "http://wx3.sinaimg.cn/thumbnail/006FSgCbly1h9uywyluuwj30qo0mbjvs.jpg"}], "thumbnail_pic": "http://wx3.sinaimg.cn/thumbnail/006FSgCbly1h9uywv4h0uj31220sitcu.jpg", "bmiddle_pic": "http://wx3.sinaimg.cn/bmiddle/006FSgCbly1h9uywv4h0uj31220sitcu.jpg", "original_pic": "http://wx3.sinaimg.cn/large/006FSgCbly1h9uywv4h0uj31220sitcu.jpg", "geo": null, "is_paid": false, "mblog_vip_type": 0, "user": {"id": 6115560351, "idstr": "6115560351", "class": 1, "screen_name": "国是直通车", "name": "国是直通车", "province": "11", "city": "2", "location": "北京 西城区", "description": "", "url": "", "profile_image_url": "https://tvax2.sinaimg.cn/crop.0.0.377.377.50/006FSgCbly8h8vg9lxgk6j30ah0ahq32.jpg?KID=imgbed,tva&Expires=1674060659&ssig=%2FFDvZ23jJg", "light_ring": false, "cover_image": "https://wx2.sinaimg.cn/crop.0.0.920.300/006FSgCbgy1h1qe4sylknj30pk08caas.jpg", "cover_image_phone": "https://ww1.sinaimg.cn/crop.0.0.640.640.640/549d0121tw1egm1kjly3jj20hs0hsq4f.jpg", "profile_url": "guoshizhitongche", "domain": "guoshizhitongche", "weihao": "", "gender": "f", "followers_count": 7422238, "followers_count_str": "742.2万", "friends_count": 503, "pagefriends_count": 0, "statuses_count": 83454, "video_status_count": 5294, "video_play_count": 0, "super_topic_not_syn_count": 0, "favourites_count": 24, "created_at": "Wed Jan 18 16:14:45 +0800 2017", "following": false, "allow_all_act_msg": false, "geo_enabled": true, "verified": true, "verified_type": 3, "remark": "", "insecurity": {"sexual_content": false}, "ptype": 0, "allow_all_comment": true, "avatar_large": "https://tvax2.sinaimg.cn/crop.0.0.377.377.180/006FSgCbly8h8vg9lxgk6j30ah0ahq32.jpg?KID=imgbed,tva&Expires=1674060659&ssig=pOamdTEHK5", "avatar_hd": "https://tvax2.sinaimg.cn/crop.0.0.377.377.1024/006FSgCbly8h8vg9lxgk6j30ah0ahq32.jpg?KID=imgbed,tva&Expires=1674060659&ssig=OXEhAPRg%2BJ", "verified_reason": "中新社“国是直通车”官方微博", "verified_trade": "", "verified_reason_url": "", "verified_source": "", "verified_source_url": "", "verified_state": 0, "verified_level": 3, "verified_type_ext": 0, "has_service_tel": false, "verified_reason_modified": "", "verified_contact_name": "", "verified_contact_email": "", "verified_contact_mobile": "", "follow_me": false, "like": false, "like_me": false, "online_status": 0, "bi_followers_count": 203, "lang": "zh-cn", "star": 0, "mbtype": 12, "mbrank": 7, "svip": 0, "mb_expire_time": 1971446400, "block_word": 0, "block_app": 1, "chaohua_ability": 0, "brand_ability": 0, "nft_ability": 0, "vplus_ability": 1, "wenda_ability": 0, "live_ability": 1, "gongyi_ability": 0, "paycolumn_ability": 1, "newbrand_ability": 0, "ecommerce_ability": 0, "hardfan_ability": 1, "wbcolumn_ability": 0, "credit_score": 80, "user_ability": 11993608, "cardid": "star_1600", "avatargj_id": "gj_vip_722", "urank": 37, "story_read_state": -1, "vclub_member": 0, "is_teenager": 0, "is_guardian": 0, "is_teenager_list": 0, "pc_new": 7, "special_follow": false, "planet_video": 2, "video_mark": 15, "live_status": 0, "user_ability_extend": 1, "status_total_counter": {"total_cnt": 5137616, "repost_cnt": 392913, "comment_cnt": 379725, "like_cnt": 1855372, "comment_like_cnt": 2509606}, "video_total_counter": {"play_cnt": 377022739}, "brand_account": 0, "hongbaofei": 0, "tab_manage": "[4329440650, 0]", "reward_status": 0, "green_mode": 0, "urisk": 0, "unfollowing_recom_switch": 1, "avatar_type": 0}, "annotations": [{"photo_sub_type": "0,0,0,0,0"}, {}, {"client_mblogid": "iPhone-0D463F5A-7EB9-45E6-8741-3850BBAF8AF5"}, {"mapi_request": true}], "picStatus": "0:1,1:1,2:1,3:1,4:1", "reposts_count": 0, "comments_count": 0, "reprint_cmt_count": 0, "attitudes_count": 0, "pending_approval_count": 0, "isLongText": true, "reward_exhibition_type": 0, "hide_flag": 0, "mlevel": 0, "show_mlevel": 0, "biz_feature": 4294967300, "page_type": 64, "hasActionTypeCard": 0, "darwin_tags": [], "hot_weibo_tags": [], "text_tag_tips": [], "mblogtype": 0, "userType": 0, "more_info_type": 0, "cardid": "star_1600", "positive_recom_flag": 0, "content_auth": 0, "gif_ids": "", "is_show_bulletin": 2, "comment_manage_info": {"comment_permission_type": -1, "approval_comment_type": 0, "comment_sort_type": 0, "ai_play_picture_type": 0}, "pic_num": 5, "can_reprint": false, "new_comment_style": 0}, "readtimetype": "comment", "match_ai_play_picture": false}