{"created_at": "Mon Jan 09 09:57:15 +0800 2023", "id": 4855938562919418, "rootid": 4855315327617668, "rootidstr": "4855315327617668", "floor_number": 0, "text": "回复@硅谷欧尚:确实哈[允悲]", "disable_reply": 0, "restrictOperate": 0, "source_allowclick": 0, "source_type": 4, "source": "<a href=\"\" rel=\"nofollow\">来自广东</a>", "comment_badge": [{"pic_url": "https://h5.sinaimg.cn/upload/114/962/2022/07/08/member_0_bigfan1_1.png", "name": "loyal_fans", "length": 1.33, "actionlog": {"act_code": "3671", "ext": "status:fans"}, "scheme": "https://kefu.weibo.com/faqdetail?id=20848", "new_icon": true}], "user": {"id": 2348591703, "idstr": "2348591703", "class": 1, "screen_name": "楹秀秀呀", "name": "楹秀秀呀", "province": "400", "city": "2", "location": "海外 英国", "description": "肖战不糊我不休，敬热爱敬自由", "url": "", "profile_image_url": "https://tvax2.sinaimg.cn/crop.0.0.996.996.50/8bfcaa57ly8ggmbio5s14j20ro0roq5k.jpg?KID=imgbed,tva&Expires=1674060554&ssig=LHcNMjjduW", "light_ring": false, "cover_image_phone": "https://ww1.sinaimg.cn/crop.0.0.640.640.640/6ce2240djw1e9115xpahoj20hs0hsjsv.jpg", "profile_url": "u/2348591703", "domain": "", "weihao": "", "gender": "f", "followers_count": 13, "followers_count_str": "13", "friends_count": 49, "pagefriends_count": 6, "statuses_count": 79, "video_status_count": 0, "video_play_count": 0, "super_topic_not_syn_count": 0, "favourites_count": 1, "created_at": "Thu Sep 08 14:48:49 +0800 2011", "following": false, "allow_all_act_msg": false, "geo_enabled": true, "verified": false, "verified_type": -1, "remark": "", "insecurity": {"sexual_content": false}, "ptype": 0, "allow_all_comment": false, "avatar_large": "https://tvax2.sinaimg.cn/crop.0.0.996.996.180/8bfcaa57ly8ggmbio5s14j20ro0roq5k.jpg?KID=imgbed,tva&Expires=1674060554&ssig=4WeIZZ9EjP", "avatar_hd": "https://tvax2.sinaimg.cn/crop.0.0.996.996.1024/8bfcaa57ly8ggmbio5s14j20ro0roq5k.jpg?KID=imgbed,tva&Expires=1674060554&ssig=rjhUeSesMZ", "verified_reason": "", "verified_trade": "", "verified_reason_url": "", "verified_source": "", "verified_source_url": "", "follow_me": false, "like": false, "like_me": false, "online_status": 0, "bi_followers_count": 3, "lang": "zh-cn", "star": 0, "mbtype": 0, "mbrank": 0, "svip": 0, "mb_expire_time": 0, "block_word": 0, "block_app": 0, "chaohua_ability": 0, "brand_ability": 0, "nft_ability": 0, "vplus_ability": 0, "wenda_ability": 0, "live_ability": 0, "gongyi_ability": 0, "paycolumn_ability": 0, "newbrand_ability": 0, "ecommerce_ability": 0, "hardfan_ability": 0, "wbcolumn_ability": 0, "credit_score": 80, "user_ability": 2097152, "urank": 7, "story_read_state": -1, "vclub_member": 0, "is_teenager": 0, "is_guardian": 0, "is_teenager_list": 0, "pc_new": 0, "special_follow": false, "planet_video": 0, "video_mark": 0, "live_status": 0, "user_ability_extend": 0, "status_total_counter": {"total_cnt": 168, "repost_cnt": 2, "comment_cnt": 2, "like_cnt": 164, "comment_like_cnt": 0}, "video_total_counter": {"play_cnt": -1}, "brand_account": 0, "hongbaofei": 0, "tab_manage": "[0, 0]", "reward_status": 0, "green_mode": 0, "urisk": 0, "unfollowing_recom_switch": 1, "avatar_type": 0}, "mid": "4855938562919418", "idstr": "4855938562919418", "status": {"visible": {"type": 0, "list_id": 0}, "created_at": "Sat Jan 07 12:22:38 +0800 2023", "id": 4855250374627194, "idstr": "4855250374627194", "mid": "4855250374627194", "can_edit": false, "version": 2, "show_additional_indication": 0, "text": "【#小说围棋少女被曝美化侵华战争#】#小说创作有哪些底线# 近日，#小说西北有高楼涉嫌美化南京大屠杀#引发全网广泛关注。随后，有网友曝出由春风文艺出版社2002年出版的《围棋少女》小说存在大量美化日本侵华战争内容，文中男主将侵华战争视为“解救中国”、“日本人是中国人救星”，且该小说已在多国 ​", "textLength": 547, "source_allowclick": 0, "source_type": 2, "source": "", "favorited": false, "truncated": false, "in_reply_to_status_id": "", "in_reply_to_user_id": "", "in_reply_to_screen_name": "", "pic_urls": [{"thumbnail_pic": "http://wx3.sinaimg.cn/thumbnail/006FSgCbly1h9uywv4h0uj31220sitcu.jpg"}, {"thumbnail_pic": "http://wx4.sinaimg.cn/thumbnail/006FSgCbly1h9uywviawoj30xa0jy76q.jpg"}, {"thumbnail_pic": "http://wx3.sinaimg.cn/thumbnail/006FSgCbly1h9uywxw461j30u01t0h81.jpg"}, {"thumbnail_pic": "http://wx2.sinaimg.cn/thumbnail/006FSgCbly1h9uywuhmwsj30lt1p114s.jpg"}, {"thumbnail_pic": "http://wx3.sinaimg.cn/thumbnail/006FSgCbly1h9uywyluuwj30qo0mbjvs.jpg"}], "thumbnail_pic": "http://wx3.sinaimg.cn/thumbnail/006FSgCbly1h9uywv4h0uj31220sitcu.jpg", "bmiddle_pic": "http://wx3.sinaimg.cn/bmiddle/006FSgCbly1h9uywv4h0uj31220sitcu.jpg", "original_pic": "http://wx3.sinaimg.cn/large/006FSgCbly1h9uywv4h0uj31220sitcu.jpg", "geo": null, "is_paid": false, "mblog_vip_type": 0, "user": {"id": 6115560351, "idstr": "6115560351", "class": 1, "screen_name": "国是直通车", "name": "国是直通车", "province": "11", "city": "2", "location": "北京 西城区", "description": "", "url": "", "profile_image_url": "https://tvax2.sinaimg.cn/crop.0.0.377.377.50/006FSgCbly8h8vg9lxgk6j30ah0ahq32.jpg?KID=imgbed,tva&Expires=1674060554&ssig=D0V%2BVax1PD", "light_ring": false, "cover_image": "https://wx2.sinaimg.cn/crop.0.0.920.300/006FSgCbgy1h1qe4sylknj30pk08caas.jpg", "cover_image_phone": "https://ww1.sinaimg.cn/crop.0.0.640.640.640/549d0121tw1egm1kjly3jj20hs0hsq4f.jpg", "profile_url": "guoshizhitongche", "domain": "guoshizhitongche", "weihao": "", "gender": "f", "followers_count": 7422238, "followers_count_str": "742.2万", "friends_count": 503, "pagefriends_count": 0, "statuses_count": 83454, "video_status_count": 5294, "video_play_count": 0, "super_topic_not_syn_count": 0, "favourites_count": 24, "created_at": "Wed Jan 18 16:14:45 +0800 2017", "following": false, "allow_all_act_msg": false, "geo_enabled": true, "verified": true, "verified_type": 3, "remark": "", "insecurity": {"sexual_content": false}, "ptype": 0, "allow_all_comment": true, "avatar_large": "https://tvax2.sinaimg.cn/crop.0.0.377.377.180/006FSgCbly8h8vg9lxgk6j30ah0ahq32.jpg?KID=imgbed,tva&Expires=1674060554&ssig=DQbOUT8K9f", "avatar_hd": "https://tvax2.sinaimg.cn/crop.0.0.377.377.1024/006FSgCbly8h8vg9lxgk6j30ah0ahq32.jpg?KID=imgbed,tva&Expires=1674060554&ssig=FCxmuM50q%2B", "verified_reason": "中新社“国是直通车”官方微博", "verified_trade": "", "verified_reason_url": "", "verified_source": "", "verified_source_url": "", "verified_state": 0, "verified_level": 3, "verified_type_ext": 0, "has_service_tel": false, "verified_reason_modified": "", "verified_contact_name": "", "verified_contact_email": "", "verified_contact_mobile": "", "follow_me": false, "like": false, "like_me": false, "online_status": 0, "bi_followers_count": 203, "lang": "zh-cn", "star": 0, "mbtype": 12, "mbrank": 7, "svip": 0, "mb_expire_time": 1971446400, "block_word": 0, "block_app": 1, "chaohua_ability": 0, "brand_ability": 0, "nft_ability": 0, "vplus_ability": 1, "wenda_ability": 0, "live_ability": 1, "gongyi_ability": 0, "paycolumn_ability": 1, "newbrand_ability": 0, "ecommerce_ability": 0, "hardfan_ability": 1, "wbcolumn_ability": 0, "credit_score": 80, "user_ability": 11993608, "cardid": "star_1600", "avatargj_id": "gj_vip_722", "urank": 37, "story_read_state": -1, "vclub_member": 0, "is_teenager": 0, "is_guardian": 0, "is_teenager_list": 0, "pc_new": 7, "special_follow": false, "planet_video": 2, "video_mark": 15, "live_status": 0, "user_ability_extend": 1, "status_total_counter": {"total_cnt": 5137616, "repost_cnt": 392913, "comment_cnt": 379725, "like_cnt": 1855372, "comment_like_cnt": 2509606}, "video_total_counter": {"play_cnt": 377022739}, "brand_account": 0, "hongbaofei": 0, "tab_manage": "[4329440650, 0]", "reward_status": 0, "green_mode": 0, "urisk": 0, "unfollowing_recom_switch": 1, "avatar_type": 0}, "annotations": [{"photo_sub_type": "0,0,0,0,0"}, {}, {"client_mblogid": "iPhone-0D463F5A-7EB9-45E6-8741-3850BBAF8AF5"}, {"mapi_request": true}], "picStatus": "0:1,1:1,2:1,3:1,4:1", "reposts_count": 0, "comments_count": 0, "reprint_cmt_count": 0, "attitudes_count": 0, "pending_approval_count": 0, "isLongText": true, "reward_exhibition_type": 0, "hide_flag": 0, "mlevel": 0, "show_mlevel": 0, "biz_feature": 4294967300, "page_type": 64, "hasActionTypeCard": 0, "darwin_tags": [], "hot_weibo_tags": [], "text_tag_tips": [], "mblogtype": 0, "userType": 0, "more_info_type": 0, "cardid": "star_1600", "positive_recom_flag": 0, "content_auth": 0, "gif_ids": "", "is_show_bulletin": 2, "comment_manage_info": {"comment_permission_type": -1, "approval_comment_type": 0, "comment_sort_type": 0, "ai_play_picture_type": 0}, "pic_num": 5, "can_reprint": false, "new_comment_style": 0}, "reply_comment": {"created_at": "Mon Jan 09 07:02:08 +0800 2023", "id": 4855894494675796, "rootid": 4855315327617668, "rootidstr": "4855315327617668", "floor_number": 0, "text": "回复@楹秀秀呀:小升本背后有干爹[吃瓜]她不怕的[doge]", "disable_reply": 0, "restrictOperate": 0, "user": {"id": 5725639817, "idstr": "5725639817", "class": 1, "screen_name": "硅谷欧尚", "name": "硅谷欧尚", "province": "43", "city": "1", "location": "湖南 长沙", "description": "", "url": "", "profile_image_url": "https://tvax3.sinaimg.cn/crop.0.0.1080.1080.50/006fuctjly8h4g957xanzj30u00u0mzo.jpg?KID=imgbed,tva&Expires=1674060554&ssig=UUhkreZkSG", "light_ring": false, "cover_image_phone": "https://ww1.sinaimg.cn/crop.0.0.640.640.640/549d0121tw1egm1kjly3jj20hs0hsq4f.jpg", "profile_url": "u/5725639817", "domain": "", "weihao": "", "gender": "m", "followers_count": 17, "followers_count_str": "17", "friends_count": 17, "pagefriends_count": 13, "statuses_count": 1768, "video_status_count": 0, "video_play_count": 0, "super_topic_not_syn_count": 16, "favourites_count": 175, "created_at": "Wed Oct 14 16:26:26 +0800 2015", "following": false, "allow_all_act_msg": false, "geo_enabled": true, "verified": false, "verified_type": -1, "remark": "", "insecurity": {"sexual_content": false}, "ptype": 0, "allow_all_comment": true, "avatar_large": "https://tvax3.sinaimg.cn/crop.0.0.1080.1080.180/006fuctjly8h4g957xanzj30u00u0mzo.jpg?KID=imgbed,tva&Expires=1674060554&ssig=jMacmyDV1m", "avatar_hd": "https://tvax3.sinaimg.cn/crop.0.0.1080.1080.1024/006fuctjly8h4g957xanzj30u00u0mzo.jpg?KID=imgbed,tva&Expires=1674060554&ssig=WG%2BzNMtha9", "verified_reason": "", "verified_trade": "", "verified_reason_url": "", "verified_source": "", "verified_source_url": "", "follow_me": false, "like": false, "like_me": false, "online_status": 0, "bi_followers_count": 0, "lang": "zh-cn", "star": 0, "mbtype": 0, "mbrank": 0, "svip": 0, "mb_expire_time": 0, "block_word": 0, "block_app": 0, "chaohua_ability": 0, "brand_ability": 0, "nft_ability": 0, "vplus_ability": 0, "wenda_ability": 0, "live_ability": 0, "gongyi_ability": 0, "paycolumn_ability": 0, "newbrand_ability": 0, "ecommerce_ability": 0, "hardfan_ability": 0, "wbcolumn_ability": 0, "credit_score": 80, "user_ability": 35652608, "urank": 4, "story_read_state": -1, "vclub_member": 0, "is_teenager": 0, "is_guardian": 0, "is_teenager_list": 0, "pc_new": 0, "special_follow": false, "planet_video": 0, "video_mark": 0, "live_status": 0, "user_ability_extend": 0, "status_total_counter": {"total_cnt": 2996, "repost_cnt": 47, "comment_cnt": 501, "like_cnt": 1130, "comment_like_cnt": 1318}, "video_total_counter": {"play_cnt": -1}, "brand_account": 0, "hongbaofei": 0, "tab_manage": "[0, 0]", "reward_status": 0, "green_mode": 0, "urisk": 0, "unfollowing_recom_switch": 1, "avatar_type": 0}, "mid": "4855894494675796", "idstr": "4855894494675796", "match_ai_play_picture": false}, "reply_original_text": "确实哈[允悲]", "readtimetype": "comment", "match_ai_play_picture": false}