{"created_at": "Sun Jun 12 19:14:39 +0800 2022", "id": 4779614998893195, "rootid": 4779614998893195, "rootidstr": "4779614998893195", "floor_number": 6, "text": "对于烈士子女，国家就应该大力倾斜。20分太少了。", "disable_reply": 0, "restrictOperate": 0, "source_allowclick": 0, "source_type": 4, "source": "<a href=\"\" rel=\"nofollow\">来自广东</a>", "user": {"id": 5637028812, "idstr": "5637028812", "class": 1, "screen_name": "Denny20507", "name": "Denny20507", "province": "100", "city": "1000", "location": "其他", "description": "", "url": "", "profile_image_url": "https://tvax4.sinaimg.cn/crop.0.0.1006.1006.50/0069uoHyly8gemcbanpxnj30ry0ry0y6.jpg?KID=imgbed,tva&Expires=1670008200&ssig=OFWMpggkCp", "light_ring": false, "cover_image_phone": "http://ww1.sinaimg.cn/crop.0.0.640.640.640/549d0121tw1egm1kjly3jj20hs0hsq4f.jpg", "profile_url": "u/5637028812", "domain": "", "weihao": "", "gender": "m", "followers_count": 27, "followers_count_str": "27", "friends_count": 139, "pagefriends_count": 5, "statuses_count": 13, "video_status_count": 0, "video_play_count": 0, "super_topic_not_syn_count": 0, "favourites_count": 34, "created_at": "Sun Aug 02 08:45:50 +0800 2015", "following": false, "allow_all_act_msg": false, "geo_enabled": true, "verified": false, "verified_type": -1, "remark": "", "insecurity": {"sexual_content": false}, "ptype": 0, "allow_all_comment": true, "avatar_large": "https://tvax4.sinaimg.cn/crop.0.0.1006.1006.180/0069uoHyly8gemcbanpxnj30ry0ry0y6.jpg?KID=imgbed,tva&Expires=1670008200&ssig=PPwG8UZ95q", "avatar_hd": "https://tvax4.sinaimg.cn/crop.0.0.1006.1006.1024/0069uoHyly8gemcbanpxnj30ry0ry0y6.jpg?KID=imgbed,tva&Expires=1670008200&ssig=qlPDzunZV8", "verified_reason": "", "verified_trade": "", "verified_reason_url": "", "verified_source": "", "verified_source_url": "", "follow_me": false, "like": false, "like_me": false, "online_status": 0, "bi_followers_count": 0, "lang": "zh-cn", "star": 0, "mbtype": 0, "mbrank": 0, "svip": 0, "mb_expire_time": 0, "block_word": 0, "block_app": 0, "chaohua_ability": 0, "brand_ability": 0, "nft_ability": 0, "vplus_ability": 0, "wenda_ability": 0, "live_ability": 0, "gongyi_ability": 0, "paycolumn_ability": 0, "newbrand_ability": 0, "ecommerce_ability": 0, "hardfan_ability": 0, "credit_score": 80, "user_ability": 0, "urank": 4, "story_read_state": -1, "vclub_member": 0, "is_teenager": 0, "is_guardian": 0, "is_teenager_list": 0, "pc_new": 7, "special_follow": false, "planet_video": 0, "video_mark": 0, "live_status": 0, "user_ability_extend": 0, "status_total_counter": {"total_cnt": 12, "repost_cnt": 5, "comment_cnt": 1, "like_cnt": 6, "comment_like_cnt": 0}, "video_total_counter": {"play_cnt": -1}, "brand_account": 0, "hongbaofei": 0, "tab_manage": "[0, 0]", "reward_status": 0, "green_mode": 0, "urisk": 0, "avatar_type": 0}, "mid": "4779614998893195", "idstr": "4779614998893195", "status": {"visible": {"type": 0, "list_id": 0}, "created_at": "Sun Jun 12 18:44:51 +0800 2022", "id": 4779607499474001, "idstr": "4779607499474001", "mid": "4779607499474001", "can_edit": false, "version": 3, "show_additional_indication": 0, "text": "网友：烈士子女高考加20分，引起其他家长不满，女孩哭着说：我把20分给你们，你们能把爸爸还给我吗？[悲伤] ​​​​", "textLength": 109, "source_allowclick": 0, "source_type": 1, "source": "<a href=\"http://app.weibo.com/t/feed/6vtZb0\" rel=\"nofollow\">微博 weibo.com</a>", "favorited": false, "truncated": false, "in_reply_to_status_id": "", "in_reply_to_user_id": "", "in_reply_to_screen_name": "", "pic_urls": [{"thumbnail_pic": "http://wx2.sinaimg.cn/thumbnail/007uICjVgy1h35nfty4hsj30dw0f4tal.jpg"}], "thumbnail_pic": "http://wx2.sinaimg.cn/thumbnail/007uICjVgy1h35nfty4hsj30dw0f4tal.jpg", "bmiddle_pic": "http://wx2.sinaimg.cn/bmiddle/007uICjVgy1h35nfty4hsj30dw0f4tal.jpg", "original_pic": "http://wx2.sinaimg.cn/large/007uICjVgy1h35nfty4hsj30dw0f4tal.jpg", "geo": null, "is_paid": false, "mblog_vip_type": 0, "user": {"id": 1841515721, "idstr": "1841515721", "class": 1, "screen_name": "中国正能量", "name": "中国正能量", "province": "37", "city": "1000", "location": "山东", "description": "善念就在一瞬间,转和赞也是正能量.", "url": "", "profile_image_url": "https://tvax2.sinaimg.cn/crop.0.0.1006.1006.50/6dc34cc9ly8frts4al9usj20ry0ry761.jpg?KID=imgbed,tva&Expires=1670008200&ssig=az%2FOlliLWc", "light_ring": false, "cover_image_phone": "http://ww1.sinaimg.cn/crop.0.0.640.640.640/549d0121tw1egm1kjly3jj20hs0hsq4f.jpg", "profile_url": "234262486", "domain": "tianxiafumu", "weihao": "234262486", "gender": "m", "followers_count": 4615252, "followers_count_str": "461.5万", "friends_count": 60, "pagefriends_count": 19, "statuses_count": 25331, "video_status_count": 11656, "video_play_count": 0, "super_topic_not_syn_count": 2, "favourites_count": 2, "created_at": "Fri Oct 29 10:08:31 +0800 2010", "following": false, "allow_all_act_msg": false, "geo_enabled": true, "verified": true, "verified_type": 0, "remark": "", "insecurity": {"sexual_content": false}, "ptype": 0, "allow_all_comment": true, "avatar_large": "https://tvax2.sinaimg.cn/crop.0.0.1006.1006.180/6dc34cc9ly8frts4al9usj20ry0ry761.jpg?KID=imgbed,tva&Expires=1670008200&ssig=swGXL%2Bu123", "avatar_hd": "https://tvax2.sinaimg.cn/crop.0.0.1006.1006.1024/6dc34cc9ly8frts4al9usj20ry0ry761.jpg?KID=imgbed,tva&Expires=1670008200&ssig=X3ExV%2FxRiM", "verified_reason": "微博公益帐号", "verified_trade": "842", "verified_reason_url": "", "verified_source": "", "verified_source_url": "", "verified_state": 0, "verified_level": 3, "verified_type_ext": 1, "has_service_tel": false, "verified_reason_modified": "", "verified_contact_name": "", "verified_contact_email": "", "verified_contact_mobile": "", "follow_me": false, "like": false, "like_me": false, "online_status": 0, "bi_followers_count": 14, "lang": "zh-cn", "star": 0, "mbtype": 11, "mbrank": 6, "svip": 0, "mb_expire_time": 1672502400, "block_word": 0, "block_app": 1, "chaohua_ability": 0, "brand_ability": 0, "nft_ability": 0, "vplus_ability": 0, "wenda_ability": 0, "live_ability": 0, "gongyi_ability": 0, "paycolumn_ability": 0, "newbrand_ability": 0, "ecommerce_ability": 0, "hardfan_ability": 1, "credit_score": 80, "user_ability": 3410696, "cardid": "star_1573", "avatargj_id": "gj_vip_719", "urank": 46, "story_read_state": -1, "verified_detail": {"custom": 0, "data": [{"key": 1, "weight": 10, "desc": "微博公益帐号"}]}, "vclub_member": 0, "is_teenager": 0, "is_guardian": 0, "is_teenager_list": 0, "pc_new": 6, "special_follow": false, "planet_video": 2, "video_mark": 15, "live_status": 0, "user_ability_extend": 0, "status_total_counter": {"total_cnt": 13341254, "repost_cnt": 1573881, "comment_cnt": 776317, "like_cnt": 10121455, "comment_like_cnt": 869601}, "video_total_counter": {"play_cnt": 419226935}, "brand_account": 0, "hongbaofei": 0, "tab_manage": "[0, 0]", "reward_status": 0, "green_mode": 0, "urisk": 8589934592, "avatar_type": 0}, "picStatus": "1", "reposts_count": 0, "comments_count": 0, "reprint_cmt_count": 0, "attitudes_count": 0, "pending_approval_count": 0, "isLongText": false, "reward_exhibition_type": 0, "hide_flag": 0, "mlevel": 128, "show_mlevel": 0, "biz_feature": 0, "hasActionTypeCard": 0, "darwin_tags": [], "hot_weibo_tags": [], "text_tag_tips": [], "mblogtype": 0, "userType": 0, "mlevelSource": "monitor", "more_info_type": 0, "cardid": "star_1573", "number_display_strategy": {"apply_scenario_flag": 3, "display_text_min_number": 1000000, "display_text": "100万+"}, "positive_recom_flag": 0, "content_auth": 0, "gif_ids": "", "is_show_bulletin": 2, "comment_manage_info": {"comment_permission_type": -1, "approval_comment_type": 0, "comment_sort_type": 0, "ai_play_picture_type": 0}, "pic_num": 1, "can_reprint": false, "new_comment_style": 0}, "readtimetype": "comment", "match_ai_play_picture": false}