{"created_at": "Sun Nov 13 18:55:47 +0800 2022", "id": 4835417985909104, "rootid": 4835417985909104, "rootidstr": "4835417985909104", "floor_number": 19, "text": "希望新来嘅ld尽快落班 搞到广州乱78糟", "disable_reply": 0, "restrictOperate": 0, "source_allowclick": 0, "source_type": 4, "source": "<a href=\"\" rel=\"nofollow\">来自广东</a>", "user": {"id": 2240684017, "idstr": "2240684017", "class": 1, "screen_name": "A-Star1n_9", "name": "A-Star1n_9", "province": "400", "city": "1", "location": "海外 美国", "description": "願世界被溫暖以待。", "url": "http://blog.sina.com.cn/u/2240684017", "profile_image_url": "https://tvax2.sinaimg.cn/crop.0.0.512.512.50/858e1ff1ly8h8igkjwa9cj20e80e8758.jpg?KID=imgbed,tva&Expires=1669662887&ssig=Faojbqt0SC", "light_ring": false, "cover_image_phone": "http://ww4.sinaimg.cn/crop.0.0.640.640.640/a1d3feabjw1ez3ul46nlsj20hs0hsmz1.jpg", "profile_url": "u/2240684017", "domain": "", "weihao": "", "gender": "f", "followers_count": 481, "followers_count_str": "481", "friends_count": 156, "pagefriends_count": 1, "statuses_count": 323, "video_status_count": 0, "video_play_count": 0, "super_topic_not_syn_count": 0, "favourites_count": 1877, "created_at": "Tue Aug 16 21:24:30 +0800 2011", "following": false, "allow_all_act_msg": false, "geo_enabled": true, "verified": false, "verified_type": 220, "remark": "", "insecurity": {"sexual_content": false}, "ptype": 0, "allow_all_comment": true, "avatar_large": "https://tvax2.sinaimg.cn/crop.0.0.512.512.180/858e1ff1ly8h8igkjwa9cj20e80e8758.jpg?KID=imgbed,tva&Expires=1669662887&ssig=nGyAii57SQ", "avatar_hd": "https://tvax2.sinaimg.cn/crop.0.0.512.512.1024/858e1ff1ly8h8igkjwa9cj20e80e8758.jpg?KID=imgbed,tva&Expires=1669662887&ssig=h%2FwHEnRVQN", "verified_reason": "", "verified_trade": "", "verified_reason_url": "", "verified_source": "", "verified_source_url": "", "follow_me": false, "like": false, "like_me": false, "online_status": 0, "bi_followers_count": 125, "lang": "zh-tw", "star": 0, "mbtype": 0, "mbrank": 0, "svip": 0, "mb_expire_time": 0, "block_word": 0, "block_app": 0, "chaohua_ability": 0, "brand_ability": 0, "nft_ability": 0, "vplus_ability": 0, "wenda_ability": 0, "live_ability": 0, "gongyi_ability": 0, "paycolumn_ability": 0, "newbrand_ability": 0, "ecommerce_ability": 0, "hardfan_ability": 0, "credit_score": 80, "user_ability": 35651584, "cardid": "star_140", "avatargj_id": "gj_vip_088", "urank": 27, "story_read_state": -1, "vclub_member": 0, "is_teenager": 0, "is_guardian": 0, "is_teenager_list": 0, "pc_new": 7, "special_follow": false, "planet_video": 0, "video_mark": 0, "live_status": 0, "user_ability_extend": 0, "status_total_counter": {"total_cnt": 171, "repost_cnt": 1, "comment_cnt": 83, "like_cnt": 86, "comment_like_cnt": 1}, "video_total_counter": {"play_cnt": -1}, "brand_account": 0, "hongbaofei": 0, "tab_manage": "[0, 0]", "reward_status": 0, "green_mode": 0, "urisk": 0, "avatar_type": 0}, "mid": "4835417985909104", "idstr": "4835417985909104", "status": {"visible": {"type": 0, "list_id": 0}, "created_at": "Sat Nov 12 22:47:37 +0800 2022", "id": 4835113936358918, "idstr": "4835113936358918", "mid": "4835113936358918", "can_edit": false, "version": 2, "show_additional_indication": 0, "text": "海珠区要用学校作为隔离点。\n有消息称，海珠区的疫情还是比较严重，很多解除隔离的村民，暂时还不能回村，需要安置在学校。今晚很多老师已经被上级教育部门征调去一线做志愿者支援了。\n现在，老师除了自己的本职工作，还要兼顾很多额外的工作，为了广州海珠区尽快恢复正常，老师们辛苦了！\n#广州疫情# ​", "textLength": 314, "source_allowclick": 0, "source_type": 2, "source": "<a href=\"http://weibo.com/\" rel=\"nofollow\">iPhone客户端</a>", "favorited": false, "truncated": false, "in_reply_to_status_id": "", "in_reply_to_user_id": "", "in_reply_to_screen_name": "", "pic_urls": [{"thumbnail_pic": "http://wx2.sinaimg.cn/thumbnail/006X3BUJgy1h82q9fbd65j30wi0usjtv.jpg"}, {"thumbnail_pic": "http://wx4.sinaimg.cn/thumbnail/006X3BUJgy1h82q9ev4z5j31400u04a2.jpg"}, {"thumbnail_pic": "http://wx4.sinaimg.cn/thumbnail/006X3BUJgy1h82q9ga16qj31400u0qfp.jpg"}, {"thumbnail_pic": "http://wx2.sinaimg.cn/thumbnail/006X3BUJgy1h82q9h1f0uj30wi1ycn2d.jpg"}], "thumbnail_pic": "http://wx2.sinaimg.cn/thumbnail/006X3BUJgy1h82q9fbd65j30wi0usjtv.jpg", "bmiddle_pic": "http://wx2.sinaimg.cn/bmiddle/006X3BUJgy1h82q9fbd65j30wi0usjtv.jpg", "original_pic": "http://wx2.sinaimg.cn/large/006X3BUJgy1h82q9fbd65j30wi0usjtv.jpg", "geo": {"type": "Point", "coordinates": [23.090292, 113.312943]}, "is_paid": false, "mblog_vip_type": 0, "user": {"id": 6369461545, "idstr": "6369461545", "class": 1, "screen_name": "Tiki清婷", "name": "Tiki清婷", "province": "44", "city": "1000", "location": "广东", "description": "烦恼终日有，不听自然无。 来说是非者，即是是非人。", "url": "", "profile_image_url": "https://tvax1.sinaimg.cn/crop.0.0.512.512.50/006X3BUJly8h7vkvatjimj30e80e8dga.jpg?KID=imgbed,tva&Expires=1669662887&ssig=UetsCFsrsI", "light_ring": false, "cover_image_phone": "http://ww2.sinaimg.cn/crop.0.0.640.640/68f96449jw1ergqx79rw4j20hs0hswh0.jpg", "profile_url": "u/6369461545", "domain": "", "weihao": "", "gender": "m", "followers_count": 262, "followers_count_str": "262", "friends_count": 63, "pagefriends_count": 9, "statuses_count": 266, "video_status_count": 43, "video_play_count": 0, "super_topic_not_syn_count": 0, "favourites_count": 1, "created_at": "Thu Sep 21 13:06:11 +0800 2017", "following": false, "allow_all_act_msg": false, "geo_enabled": true, "verified": false, "verified_type": -1, "remark": "", "insecurity": {"sexual_content": false}, "ptype": 0, "allow_all_comment": true, "avatar_large": "https://tvax1.sinaimg.cn/crop.0.0.512.512.180/006X3BUJly8h7vkvatjimj30e80e8dga.jpg?KID=imgbed,tva&Expires=1669662887&ssig=BaL%2BBXyENh", "avatar_hd": "https://tvax1.sinaimg.cn/crop.0.0.512.512.1024/006X3BUJly8h7vkvatjimj30e80e8dga.jpg?KID=imgbed,tva&Expires=1669662887&ssig=Kk%2FmK6lHGI", "verified_reason": "", "verified_trade": "", "verified_reason_url": "", "verified_source": "", "verified_source_url": "", "follow_me": false, "like": false, "like_me": false, "online_status": 0, "bi_followers_count": 1, "lang": "zh-cn", "star": 0, "mbtype": 0, "mbrank": 0, "svip": 0, "mb_expire_time": 0, "block_word": 0, "block_app": 0, "chaohua_ability": 0, "brand_ability": 0, "nft_ability": 0, "vplus_ability": 0, "wenda_ability": 0, "live_ability": 0, "gongyi_ability": 0, "paycolumn_ability": 0, "newbrand_ability": 0, "ecommerce_ability": 0, "hardfan_ability": 0, "credit_score": 80, "user_ability": 2359296, "urank": 4, "story_read_state": -1, "vclub_member": 0, "is_teenager": 0, "is_guardian": 0, "is_teenager_list": 0, "pc_new": 0, "special_follow": false, "planet_video": 2, "video_mark": 15, "live_status": 0, "user_ability_extend": 0, "status_total_counter": {"total_cnt": 7450, "repost_cnt": 323, "comment_cnt": 1494, "like_cnt": 2183, "comment_like_cnt": 3450}, "video_total_counter": {"play_cnt": 497165}, "brand_account": 0, "hongbaofei": 0, "tab_manage": "[0, 0]", "reward_status": 0, "green_mode": 0, "urisk": 0, "avatar_type": 0}, "annotations": [{"photo_sub_type": "0,0,0,0"}, {}, {"spot_type": "0"}, {"place": {"poiid": "8008644010000000000", "title": "广州", "type": "checkin", "spot_type": "0"}, "client_mblogid": "iPhone-56D3718A-FC44-44FD-B3A9-50104FEA91AB"}, {"mapi_request": true}], "picStatus": "0:1,1:1,2:1,3:1", "reposts_count": 0, "comments_count": 0, "reprint_cmt_count": 0, "attitudes_count": 0, "pending_approval_count": 0, "isLongText": true, "reward_exhibition_type": 0, "hide_flag": 0, "mlevel": 128, "show_mlevel": 0, "biz_ids": [100101], "biz_feature": 4294967300, "page_type": 72, "hasActionTypeCard": 0, "darwin_tags": [], "hot_weibo_tags": [], "text_tag_tips": [], "mblogtype": 0, "userType": 0, "mlevelSource": "monitor", "more_info_type": 0, "number_display_strategy": {"apply_scenario_flag": 3, "display_text_min_number": 1000000, "display_text": "100万+"}, "positive_recom_flag": 0, "content_auth": 0, "gif_ids": "", "is_show_bulletin": 2, "bus_flag": 8, "comment_manage_info": {"comment_permission_type": -1, "approval_comment_type": 0, "comment_sort_type": 0, "ai_play_picture_type": 0}, "pic_num": 4, "can_reprint": false, "new_comment_style": 0}, "readtimetype": "comment", "match_ai_play_picture": false}