{"created_at": "Mon Dec 12 17:46:43 +0800 2022", "id": 4845909849147904, "rootid": 4845909849147904, "rootidstr": "4845909849147904", "floor_number": 37, "text": "美美的，赞一个", "disable_reply": 0, "restrictOperate": 0, "source_allowclick": 0, "source_type": 4, "source": "<a href=\"\" rel=\"nofollow\">来自江苏</a>", "user": {"id": 2348338784, "idstr": "2348338784", "class": 1, "screen_name": "百利甜-7", "name": "百利甜-7", "province": "35", "city": "1", "location": "福建 福州", "description": "日时长人聚短 杯酒一刹", "url": "", "profile_image_url": "https://tvax4.sinaimg.cn/crop.0.0.960.960.50/8bf8ce60ly8gyts1wuvwbj20qo0qowg3.jpg?KID=imgbed,tva&Expires=1673959117&ssig=Gr99Ib7dg0", "light_ring": false, "cover_image_phone": "https://ww4.sinaimg.cn/crop.0.0.640.640.640/a1d3feabjw1ecat3p2p2qj20hs0hsmz4.jpg", "profile_url": "oooooleo", "domain": "oooooleo", "weihao": "", "gender": "f", "followers_count": 2, "followers_count_str": "2", "friends_count": 30, "pagefriends_count": 2, "statuses_count": 9, "video_status_count": 2, "video_play_count": 0, "super_topic_not_syn_count": 0, "favourites_count": 502, "created_at": "Sat Aug 27 13:36:18 +0800 2011", "following": false, "allow_all_act_msg": false, "geo_enabled": true, "verified": false, "verified_type": -1, "remark": "", "insecurity": {"sexual_content": false}, "ptype": 0, "allow_all_comment": false, "avatar_large": "https://tvax4.sinaimg.cn/crop.0.0.960.960.180/8bf8ce60ly8gyts1wuvwbj20qo0qowg3.jpg?KID=imgbed,tva&Expires=1673959117&ssig=DWGqOHxnTK", "avatar_hd": "https://tvax4.sinaimg.cn/crop.0.0.960.960.1024/8bf8ce60ly8gyts1wuvwbj20qo0qowg3.jpg?KID=imgbed,tva&Expires=1673959117&ssig=xffchc5C8j", "verified_reason": "", "verified_trade": "", "verified_reason_url": "", "verified_source": "", "verified_source_url": "", "follow_me": false, "like": false, "like_me": false, "online_status": 0, "bi_followers_count": 8, "lang": "zh-cn", "star": 0, "mbtype": 2, "mbrank": 1, "svip": 0, "mb_expire_time": 1541087999, "block_word": 0, "block_app": 0, "chaohua_ability": 0, "brand_ability": 0, "nft_ability": 0, "vplus_ability": 0, "wenda_ability": 0, "live_ability": 0, "gongyi_ability": 0, "paycolumn_ability": 0, "newbrand_ability": 0, "ecommerce_ability": 0, "hardfan_ability": 0, "wbcolumn_ability": 0, "credit_score": 80, "user_ability": 2360320, "urank": 40, "story_read_state": -1, "vclub_member": 0, "is_teenager": 0, "is_guardian": 0, "is_teenager_list": 0, "pc_new": 7, "special_follow": false, "planet_video": 2, "video_mark": 2, "live_status": 0, "user_ability_extend": 0, "status_total_counter": {"total_cnt": 0, "repost_cnt": 0, "comment_cnt": 0, "like_cnt": 0, "comment_like_cnt": 0}, "video_total_counter": {"play_cnt": 106}, "brand_account": 0, "hongbaofei": 0, "tab_manage": "[0, 0]", "reward_status": 0, "green_mode": 0, "urisk": 0, "avatar_type": 0}, "mid": "4845909849147904", "idstr": "4845909849147904", "status": {"visible": {"type": 0, "list_id": 0}, "created_at": "Mon Dec 12 17:43:55 +0800 2022", "id": 4845909144241705, "idstr": "4845909144241705", "mid": "4845909144241705", "edit_count": 1, "can_edit": false, "edit_at": "Mon Dec 12 18:25:27 +0800 2022", "version": 2, "show_additional_indication": 0, "text": "LNG官宣中单Doinb选手正式离队！硬币哥新赛季选择暂别赛场休息一段时间，希望能看到硬币哥满状态回归！\n\n#Doinb新赛季休息# #2022LOL冬季转会期#http://t.cn/A6KKrZDy ​", "textLength": 155, "source_allowclick": 0, "source_type": 2, "source": "<a href=\"http://weibo.com/\" rel=\"nofollow\">爱心发射biubiu</a>", "favorited": false, "truncated": false, "in_reply_to_status_id": "", "in_reply_to_user_id": "", "in_reply_to_screen_name": "", "pic_urls": [], "geo": null, "is_paid": false, "mblog_vip_type": 0, "user": {"id": 6403591419, "idstr": "6403591419", "class": 1, "screen_name": "游戏书也酱", "name": "游戏书也酱", "province": "44", "city": "1000", "location": "广东", "description": "混迹在海岛大陆上的酱酱！", "url": "", "profile_image_url": "https://tvax1.sinaimg.cn/crop.0.0.1080.1080.50/006ZmOEzly8h4i3rcmriaj30u00u041j.jpg?KID=imgbed,tva&Expires=1673959117&ssig=cfl9O7XMhQ", "light_ring": false, "cover_image_phone": "https://ww1.sinaimg.cn/crop.0.0.640.640.640/9d44112bjw1f1xl1c10tuj20hs0hs0tw.jpg", "profile_url": "u/6403591419", "domain": "", "weihao": "", "gender": "f", "followers_count": 479346, "followers_count_str": "47.9万", "friends_count": 503, "pagefriends_count": 86, "statuses_count": 11527, "video_status_count": 5769, "video_play_count": 0, "super_topic_not_syn_count": 182, "favourites_count": 1, "created_at": "Sun Nov 05 21:01:48 +0800 2017", "following": false, "allow_all_act_msg": false, "geo_enabled": true, "verified": true, "verified_type": 0, "remark": "", "insecurity": {"sexual_content": false}, "ptype": 0, "allow_all_comment": true, "avatar_large": "https://tvax1.sinaimg.cn/crop.0.0.1080.1080.180/006ZmOEzly8h4i3rcmriaj30u00u041j.jpg?KID=imgbed,tva&Expires=1673959117&ssig=%2BUFeq3CKAW", "avatar_hd": "https://tvax1.sinaimg.cn/crop.0.0.1080.1080.1024/006ZmOEzly8h4i3rcmriaj30u00u041j.jpg?KID=imgbed,tva&Expires=1673959117&ssig=%2FF%2F0lcMVuk", "verified_reason": "微博故事原创作者 游戏博主 游戏评测团 2022微博年度十大电竞KOL 超话粉丝大咖（和平精英超话）", "verified_trade": "", "verified_reason_url": "", "verified_source": "", "verified_source_url": "", "verified_state": 0, "verified_level": 3, "verified_type_ext": 1, "has_service_tel": false, "verified_reason_modified": "", "verified_contact_name": "", "verified_contact_email": "", "verified_contact_mobile": "", "follow_me": false, "like": false, "like_me": false, "online_status": 0, "bi_followers_count": 382, "lang": "zh-cn", "star": 0, "mbtype": 12, "mbrank": 6, "svip": 0, "mb_expire_time": 1706371200, "block_word": 0, "block_app": 1, "chaohua_ability": 0, "brand_ability": 0, "nft_ability": 0, "vplus_ability": 1, "wenda_ability": 0, "live_ability": 0, "gongyi_ability": 0, "paycolumn_ability": 0, "newbrand_ability": 0, "ecommerce_ability": 0, "hardfan_ability": 1, "wbcolumn_ability": 0, "credit_score": 80, "user_ability": 11928072, "cardid": "star_1550", "avatargj_id": "gj_vip_047", "urank": 21, "story_read_state": -1, "verified_detail": {"custom": 1, "data": [{"key": 16, "sub_key": 3, "weight": 10, "desc": "微博故事原创作者", "timestamp": 0}, {"key": 2, "sub_key": 0, "weight": 11, "desc": "游戏博主", "timestamp": 0}, {"key": 1, "sub_key": 0, "weight": 100, "desc": "游戏评测团 2022微博年度十大电竞KOL", "timestamp": 0}, {"key": 8, "sub_key": 0, "weight": 102, "desc": "超话粉丝大咖（和平精英超话）", "timestamp": 0}]}, "vclub_member": 0, "is_teenager": 0, "is_guardian": 0, "is_teenager_list": 0, "pc_new": 6, "special_follow": false, "planet_video": 2, "video_mark": 15, "live_status": 0, "user_ability_extend": 1, "video_cover": {"mid": 4717000058471645}, "status_total_counter": {"total_cnt": 1740729, "repost_cnt": 313878, "comment_cnt": 281220, "like_cnt": 1056863, "comment_like_cnt": 88768}, "video_total_counter": {"play_cnt": 136570185}, "brand_account": 0, "hongbaofei": 0, "tab_manage": "[0, 0]", "reward_status": 0, "green_mode": 0, "mb_like_privilege": {"like_id": "0025_62", "like_desc": ""}, "urisk": 4294967296, "avatar_type": 0}, "annotations": [{}, {}, {"client_mblogid": "iPhone-5C0500AE-9F45-4FB6-A4E9-26609CC2969F"}, {"mapi_request": true}], "reposts_count": 0, "comments_count": 0, "reprint_cmt_count": 0, "attitudes_count": 0, "pending_approval_count": 0, "isLongText": false, "reward_exhibition_type": 0, "hide_flag": 0, "mlevel": 0, "show_mlevel": 0, "biz_ids": [230444], "biz_feature": 4294967304, "page_type": 64, "hasActionTypeCard": 0, "darwin_tags": [], "hot_weibo_tags": [], "text_tag_tips": [], "mblogtype": 0, "userType": 0, "more_info_type": 0, "cardid": "star_1550", "number_display_strategy": {"apply_scenario_flag": 3, "display_text_min_number": 1000000, "display_text": "100万+"}, "positive_recom_flag": 0, "content_auth": 0, "gif_ids": "", "is_show_bulletin": 2, "comment_manage_info": {"comment_permission_type": -1, "approval_comment_type": 0, "comment_sort_type": 0, "ai_play_picture_type": 0}, "pic_num": 0, "fid": 4845909040169109, "can_reprint": false, "new_comment_style": 0}, "readtimetype": "comment", "sync_id": 4845909040169109, "sync_uuid": 4845909040169109, "sync_generate_level": 1, "match_ai_play_picture": false}