{"created_at": "Mon Dec 12 19:44:34 +0800 2022", "id": 4845939507078824, "rootid": 4845939507078824, "rootidstr": "4845939507078824", "floor_number": 112, "text": "好的", "disable_reply": 0, "restrictOperate": 0, "source_allowclick": 0, "source_type": 4, "source": "<a href=\"\" rel=\"nofollow\">来自河南</a>", "comment_badge": [{"pic_url": "https://h5.sinaimg.cn/upload/114/962/2022/07/08/member_0_bigfan1_3.png", "name": "loyal_fans", "length": 1.33, "actionlog": {"act_code": "3671", "ext": "status:fans"}, "scheme": "https://kefu.weibo.com/faqdetail?id=20848", "new_icon": true}], "user": {"id": 6860564961, "idstr": "6860564961", "class": 1, "screen_name": "月亮在黄昏的尽头", "name": "月亮在黄昏的尽头", "province": "100", "city": "1000", "location": "其他", "description": "月亮一直都在", "url": "", "profile_image_url": "https://tvax3.sinaimg.cn/crop.0.0.600.600.50/007uielzly8gyh0tlaz81j30go0gowfe.jpg?KID=imgbed,tva&Expires=1673959117&ssig=xp9sE9iurd", "light_ring": false, "cover_image_phone": "https://ww1.sinaimg.cn/crop.0.0.640.640.640/9d44112bjw1f1xl1c10tuj20hs0hs0tw.jpg", "profile_url": "u/6860564961", "domain": "", "weihao": "", "gender": "f", "followers_count": 69, "followers_count_str": "69", "friends_count": 96, "pagefriends_count": 8, "statuses_count": 64, "video_status_count": 0, "video_play_count": 0, "super_topic_not_syn_count": 1, "favourites_count": 26, "created_at": "Wed Nov 21 22:26:10 +0800 2018", "following": false, "allow_all_act_msg": false, "geo_enabled": true, "verified": false, "verified_type": -1, "remark": "", "insecurity": {"sexual_content": false}, "ptype": 0, "allow_all_comment": true, "avatar_large": "https://tvax3.sinaimg.cn/crop.0.0.600.600.180/007uielzly8gyh0tlaz81j30go0gowfe.jpg?KID=imgbed,tva&Expires=1673959117&ssig=ojQQ%2FkCQgk", "avatar_hd": "https://tvax3.sinaimg.cn/crop.0.0.600.600.1024/007uielzly8gyh0tlaz81j30go0gowfe.jpg?KID=imgbed,tva&Expires=1673959117&ssig=QY9CYozbGm", "verified_reason": "", "verified_trade": "", "verified_reason_url": "", "verified_source": "", "verified_source_url": "", "follow_me": false, "like": false, "like_me": false, "online_status": 0, "bi_followers_count": 60, "lang": "zh-cn", "star": 0, "mbtype": 2, "mbrank": 1, "svip": 0, "mb_expire_time": 1656086399, "block_word": 0, "block_app": 0, "chaohua_ability": 0, "brand_ability": 0, "nft_ability": 0, "vplus_ability": 0, "wenda_ability": 0, "live_ability": 0, "gongyi_ability": 0, "paycolumn_ability": 0, "newbrand_ability": 0, "ecommerce_ability": 0, "hardfan_ability": 0, "wbcolumn_ability": 0, "credit_score": 80, "user_ability": 2097152, "cardid": "star_1576", "avatargj_id": "gj_vip_602", "urank": 4, "story_read_state": -1, "vclub_member": 0, "is_teenager": 0, "is_guardian": 0, "is_teenager_list": 0, "pc_new": 0, "special_follow": false, "planet_video": 0, "video_mark": 0, "live_status": 0, "user_ability_extend": 0, "status_total_counter": {"total_cnt": 219, "repost_cnt": 3, "comment_cnt": 146, "like_cnt": 66, "comment_like_cnt": 4}, "video_total_counter": {"play_cnt": -1}, "brand_account": 0, "hongbaofei": 0, "tab_manage": "[0, 0]", "reward_status": 0, "green_mode": 0, "urisk": 524288, "avatar_type": 0}, "mid": "4845939507078824", "idstr": "4845939507078824", "status": {"visible": {"type": 0, "list_id": 0}, "created_at": "Mon Dec 12 17:43:55 +0800 2022", "id": 4845909144241705, "idstr": "4845909144241705", "mid": "4845909144241705", "edit_count": 1, "can_edit": false, "edit_at": "Mon Dec 12 18:25:27 +0800 2022", "version": 2, "show_additional_indication": 0, "text": "LNG官宣中单Doinb选手正式离队！硬币哥新赛季选择暂别赛场休息一段时间，希望能看到硬币哥满状态回归！\n\n#Doinb新赛季休息# #2022LOL冬季转会期#http://t.cn/A6KKrZDy ​", "textLength": 155, "source_allowclick": 0, "source_type": 2, "source": "<a href=\"http://weibo.com/\" rel=\"nofollow\">爱心发射biubiu</a>", "favorited": false, "truncated": false, "in_reply_to_status_id": "", "in_reply_to_user_id": "", "in_reply_to_screen_name": "", "pic_urls": [], "geo": null, "is_paid": false, "mblog_vip_type": 0, "user": {"id": 6403591419, "idstr": "6403591419", "class": 1, "screen_name": "游戏书也酱", "name": "游戏书也酱", "province": "44", "city": "1000", "location": "广东", "description": "混迹在海岛大陆上的酱酱！", "url": "", "profile_image_url": "https://tvax1.sinaimg.cn/crop.0.0.1080.1080.50/006ZmOEzly8h4i3rcmriaj30u00u041j.jpg?KID=imgbed,tva&Expires=1673959117&ssig=cfl9O7XMhQ", "light_ring": false, "cover_image_phone": "https://ww1.sinaimg.cn/crop.0.0.640.640.640/9d44112bjw1f1xl1c10tuj20hs0hs0tw.jpg", "profile_url": "u/6403591419", "domain": "", "weihao": "", "gender": "f", "followers_count": 479346, "followers_count_str": "47.9万", "friends_count": 503, "pagefriends_count": 86, "statuses_count": 11527, "video_status_count": 5769, "video_play_count": 0, "super_topic_not_syn_count": 182, "favourites_count": 1, "created_at": "Sun Nov 05 21:01:48 +0800 2017", "following": false, "allow_all_act_msg": false, "geo_enabled": true, "verified": true, "verified_type": 0, "remark": "", "insecurity": {"sexual_content": false}, "ptype": 0, "allow_all_comment": true, "avatar_large": "https://tvax1.sinaimg.cn/crop.0.0.1080.1080.180/006ZmOEzly8h4i3rcmriaj30u00u041j.jpg?KID=imgbed,tva&Expires=1673959117&ssig=%2BUFeq3CKAW", "avatar_hd": "https://tvax1.sinaimg.cn/crop.0.0.1080.1080.1024/006ZmOEzly8h4i3rcmriaj30u00u041j.jpg?KID=imgbed,tva&Expires=1673959117&ssig=%2FF%2F0lcMVuk", "verified_reason": "微博故事原创作者 游戏博主 游戏评测团 2022微博年度十大电竞KOL 超话粉丝大咖（和平精英超话）", "verified_trade": "", "verified_reason_url": "", "verified_source": "", "verified_source_url": "", "verified_state": 0, "verified_level": 3, "verified_type_ext": 1, "has_service_tel": false, "verified_reason_modified": "", "verified_contact_name": "", "verified_contact_email": "", "verified_contact_mobile": "", "follow_me": false, "like": false, "like_me": false, "online_status": 0, "bi_followers_count": 382, "lang": "zh-cn", "star": 0, "mbtype": 12, "mbrank": 6, "svip": 0, "mb_expire_time": 1706371200, "block_word": 0, "block_app": 1, "chaohua_ability": 0, "brand_ability": 0, "nft_ability": 0, "vplus_ability": 1, "wenda_ability": 0, "live_ability": 0, "gongyi_ability": 0, "paycolumn_ability": 0, "newbrand_ability": 0, "ecommerce_ability": 0, "hardfan_ability": 1, "wbcolumn_ability": 0, "credit_score": 80, "user_ability": 11928072, "cardid": "star_1550", "avatargj_id": "gj_vip_047", "urank": 21, "story_read_state": -1, "verified_detail": {"custom": 1, "data": [{"key": 16, "sub_key": 3, "weight": 10, "desc": "微博故事原创作者", "timestamp": 0}, {"key": 2, "sub_key": 0, "weight": 11, "desc": "游戏博主", "timestamp": 0}, {"key": 1, "sub_key": 0, "weight": 100, "desc": "游戏评测团 2022微博年度十大电竞KOL", "timestamp": 0}, {"key": 8, "sub_key": 0, "weight": 102, "desc": "超话粉丝大咖（和平精英超话）", "timestamp": 0}]}, "vclub_member": 0, "is_teenager": 0, "is_guardian": 0, "is_teenager_list": 0, "pc_new": 6, "special_follow": false, "planet_video": 2, "video_mark": 15, "live_status": 0, "user_ability_extend": 1, "video_cover": {"mid": 4717000058471645}, "status_total_counter": {"total_cnt": 1740729, "repost_cnt": 313878, "comment_cnt": 281220, "like_cnt": 1056863, "comment_like_cnt": 88768}, "video_total_counter": {"play_cnt": 136570185}, "brand_account": 0, "hongbaofei": 0, "tab_manage": "[0, 0]", "reward_status": 0, "green_mode": 0, "mb_like_privilege": {"like_id": "0025_62", "like_desc": ""}, "urisk": 4294967296, "avatar_type": 0}, "annotations": [{}, {}, {"client_mblogid": "iPhone-5C0500AE-9F45-4FB6-A4E9-26609CC2969F"}, {"mapi_request": true}], "reposts_count": 0, "comments_count": 0, "reprint_cmt_count": 0, "attitudes_count": 0, "pending_approval_count": 0, "isLongText": false, "reward_exhibition_type": 0, "hide_flag": 0, "mlevel": 0, "show_mlevel": 0, "biz_ids": [230444], "biz_feature": 4294967304, "page_type": 64, "hasActionTypeCard": 0, "darwin_tags": [], "hot_weibo_tags": [], "text_tag_tips": [], "mblogtype": 0, "userType": 0, "more_info_type": 0, "cardid": "star_1550", "number_display_strategy": {"apply_scenario_flag": 3, "display_text_min_number": 1000000, "display_text": "100万+"}, "positive_recom_flag": 0, "content_auth": 0, "gif_ids": "", "is_show_bulletin": 2, "comment_manage_info": {"comment_permission_type": -1, "approval_comment_type": 0, "comment_sort_type": 0, "ai_play_picture_type": 0}, "pic_num": 0, "fid": 4845909040169109, "can_reprint": false, "new_comment_style": 0}, "readtimetype": "comment", "comment_dynamic_message": {"id": "0", "start_color": "#00FFFFFF", "end_color": "#1AFFFFFF", "start_color_dark": "#003A3A3A", "end_color_dark": "#333A3A3A", "name": {"zh_CN": "默认", "zh_HK": "默認", "en_US": "default"}, "scheme": "https://new.vip.weibo.cn/bubble/mall?showmenu=0&decorateId=0&uid=6860564961", "allow_vip_box_content": "用此评论气泡", "allow_vip_box_icon": "https://h5.sinaimg.cn/upload/100/1720/2022/08/08/icon_VIP_for_comment_bubble.png"}, "match_ai_play_picture": false}