{"created_at": "Mon Jan 09 19:52:34 +0800 2023", "id": 4856088383980293, "rootid": 4856035502983437, "rootidstr": "4856035502983437", "floor_number": 0, "text": "回复@漯河消防:[话筒]", "disable_reply": 0, "restrictOperate": 0, "source_allowclick": 0, "source_type": 4, "source": "<a href=\"\" rel=\"nofollow\">来自河北</a>", "comment_badge": [{"pic_url": "https://h5.sinaimg.cn/upload/115/735/2022/10/12/svip_2_bigfan1_1.png", "name": "loyal_fans", "length": 1.33, "actionlog": {"act_code": "3671", "ext": "status:fans"}, "scheme": "https://kefu.weibo.com/faqdetail?id=20848", "new_icon": true}], "user": {"id": 7756084688, "idstr": "7756084688", "class": 1, "screen_name": "爱喝柠檬水哦", "name": "爱喝柠檬水哦", "province": "13", "city": "2", "location": "河北 唐山", "description": "", "url": "", "profile_image_url": "https://tvax4.sinaimg.cn/crop.0.0.800.800.50/008sTJW8ly8h1tuzoy8d8j30m80m83zm.jpg?KID=imgbed,tva&Expires=1674057025&ssig=SizMJJv73%2F", "light_ring": false, "cover_image_phone": "https://wx4.sinaimg.cn/crop.0.0.640.640.640/008sTJW8ly1h9wd79cc4cj30f00f0gmz.jpg", "profile_url": "u/7756084688", "domain": "", "weihao": "", "gender": "f", "followers_count": 19, "followers_count_str": "19", "friends_count": 230, "pagefriends_count": 25, "statuses_count": 1096, "video_status_count": 0, "video_play_count": 0, "super_topic_not_syn_count": 1, "favourites_count": 0, "created_at": "Mon May 02 10:24:38 +0800 2022", "following": false, "allow_all_act_msg": false, "geo_enabled": true, "verified": false, "verified_type": -1, "remark": "", "insecurity": {"sexual_content": false}, "ptype": 0, "allow_all_comment": true, "avatar_large": "https://tvax4.sinaimg.cn/crop.0.0.800.800.180/008sTJW8ly8h1tuzoy8d8j30m80m83zm.jpg?KID=imgbed,tva&Expires=1674057025&ssig=b79Q0V043J", "avatar_hd": "https://tvax4.sinaimg.cn/crop.0.0.800.800.1024/008sTJW8ly8h1tuzoy8d8j30m80m83zm.jpg?KID=imgbed,tva&Expires=1674057025&ssig=OaBYmuEAUi", "verified_reason": "", "verified_trade": "", "verified_reason_url": "", "verified_source": "", "verified_source_url": "", "follow_me": false, "like": false, "like_me": false, "online_status": 0, "bi_followers_count": 19, "lang": "zh-cn", "star": 0, "mbtype": 11, "mbrank": 2, "svip": 1, "mb_expire_time": 1683302400, "block_word": 0, "block_app": 1, "chaohua_ability": 0, "brand_ability": 0, "nft_ability": 0, "vplus_ability": 0, "wenda_ability": 0, "live_ability": 0, "gongyi_ability": 0, "paycolumn_ability": 0, "newbrand_ability": 0, "ecommerce_ability": 0, "hardfan_ability": 0, "wbcolumn_ability": 0, "credit_score": 80, "user_ability": 2097152, "cardid": "flag_37756084688010643", "avatargj_id": "gj_vip_782", "urank": 0, "story_read_state": -1, "vclub_member": 0, "is_teenager": 0, "is_guardian": 0, "is_teenager_list": 0, "pc_new": 0, "special_follow": false, "planet_video": 0, "video_mark": 0, "live_status": 0, "user_ability_extend": 0, "status_total_counter": {"total_cnt": 65, "repost_cnt": 0, "comment_cnt": 5, "like_cnt": 60, "comment_like_cnt": 0}, "video_total_counter": {"play_cnt": -1}, "brand_account": 0, "hongbaofei": 0, "tab_manage": "[0, 0]", "reward_status": 0, "green_mode": 0, "mb_like_privilege": {"like_id": "0015_33", "like_desc": ""}, "urisk": 524288, "unfollowing_recom_switch": 1, "avatar_type": 0}, "mid": "4856088383980293", "idstr": "4856088383980293", "status": {"visible": {"type": 0, "list_id": 0}, "created_at": "Mon Jan 09 16:14:04 +0800 2023", "id": 4856033391939299, "idstr": "4856033391939299", "mid": "4856033391939299", "edit_count": 2, "can_edit": false, "edit_at": "Tue Jan 10 07:18:43 +0800 2023", "version": 3, "show_additional_indication": 0, "text": "#欠北方的雪可能要还了# 冬季冰冻雨雪天气增多，出行时不论是步行，还是骑行、驾车都要时刻注意安全，那么雪天出行都要注意些什么呢？一起戳图了解吧！ #山东又要变成山冻# ​", "textLength": 160, "source_allowclick": 0, "source_type": 1, "source": "<a href=\"http://app.weibo.com/t/feed/xEsRX\" rel=\"nofollow\">新版微博 weibo.com</a>", "favorited": false, "truncated": false, "in_reply_to_status_id": "", "in_reply_to_user_id": "", "in_reply_to_screen_name": "", "pic_urls": [{"thumbnail_pic": "http://wx1.sinaimg.cn/thumbnail/922e00cbly1h9xgtdh68zj20j60j6n1p.jpg"}, {"thumbnail_pic": "http://wx4.sinaimg.cn/thumbnail/922e00cbly1h9xgtcdb8tj20j60j6ael.jpg"}, {"thumbnail_pic": "http://wx3.sinaimg.cn/thumbnail/922e00cbly1h9xgtbxa2qj20a00a0753.jpg"}, {"thumbnail_pic": "http://wx2.sinaimg.cn/thumbnail/922e00cbly1h9xgtc254xj20j60j6jvv.jpg"}, {"thumbnail_pic": "http://wx2.sinaimg.cn/thumbnail/922e00cbly1h9xgtcjcxlj20j60j6wj1.jpg"}, {"thumbnail_pic": "http://wx3.sinaimg.cn/thumbnail/922e00cbly1h9xgtcowmxj20j60j6dke.jpg"}, {"thumbnail_pic": "http://wx3.sinaimg.cn/thumbnail/922e00cbly1h9xgtcvzkdj20j60j6wj0.jpg"}, {"thumbnail_pic": "http://wx4.sinaimg.cn/thumbnail/922e00cbly1h9xgtd1kfwj20j60j678t.jpg"}, {"thumbnail_pic": "http://wx3.sinaimg.cn/thumbnail/922e00cbly1h9xgtd7yhhj20j60j60xa.jpg"}], "thumbnail_pic": "http://wx1.sinaimg.cn/thumbnail/922e00cbly1h9xgtdh68zj20j60j6n1p.jpg", "bmiddle_pic": "http://wx1.sinaimg.cn/bmiddle/922e00cbly1h9xgtdh68zj20j60j6n1p.jpg", "original_pic": "http://wx1.sinaimg.cn/large/922e00cbly1h9xgtdh68zj20j60j6n1p.jpg", "geo": null, "is_paid": false, "mblog_vip_type": 0, "user": {"id": 2452488395, "idstr": "2452488395", "class": 1, "screen_name": "漯河消防", "name": "漯河消防", "province": "41", "city": "11", "location": "河南 漯河", "description": "漯河市消防支队官方微博", "url": "", "profile_image_url": "https://tvax1.sinaimg.cn/crop.0.0.511.511.50/922e00cbly8h8welunfmvj20e70e7t94.jpg?KID=imgbed,tva&Expires=1674057025&ssig=IIBuziAZ%2BO", "light_ring": false, "cover_image": "https://ww3.sinaimg.cn/crop.0.0.920.300/922e00cbgw1enzmuizhpbj20pk08cdl9.jpg", "cover_image_phone": "https://wx1.sinaimg.cn/crop.0.0.640.640.640/922e00cbly1gdi6dfrpz9j20e80e8wf0.jpg", "profile_url": "u/2452488395", "domain": "", "weihao": "", "gender": "m", "followers_count": 141546, "followers_count_str": "14.2万", "friends_count": 1331, "pagefriends_count": 43, "statuses_count": 22671, "video_status_count": 1367, "video_play_count": 0, "super_topic_not_syn_count": 2, "favourites_count": 0, "created_at": "Tue Nov 08 11:37:46 +0800 2011", "following": false, "allow_all_act_msg": false, "geo_enabled": true, "verified": true, "verified_type": 1, "remark": "", "insecurity": {"sexual_content": false}, "ptype": 0, "allow_all_comment": true, "avatar_large": "https://tvax1.sinaimg.cn/crop.0.0.511.511.180/922e00cbly8h8welunfmvj20e70e7t94.jpg?KID=imgbed,tva&Expires=1674057025&ssig=X6Wo1ETTTL", "avatar_hd": "https://tvax1.sinaimg.cn/crop.0.0.511.511.1024/922e00cbly8h8welunfmvj20e70e7t94.jpg?KID=imgbed,tva&Expires=1674057025&ssig=hJJkdEzvSZ", "verified_reason": "河南省漯河市消防救援支队官方微博", "verified_trade": "", "verified_reason_url": "", "verified_source": "", "verified_source_url": "", "verified_state": 0, "verified_level": 3, "verified_type_ext": 0, "has_service_tel": false, "verified_reason_modified": "", "verified_contact_name": "", "verified_contact_email": "", "verified_contact_mobile": "", "follow_me": false, "like": false, "like_me": false, "online_status": 0, "bi_followers_count": 1067, "lang": "zh-cn", "star": 0, "mbtype": 12, "mbrank": 5, "svip": 0, "mb_expire_time": 1691424000, "block_word": 0, "block_app": 1, "chaohua_ability": 0, "brand_ability": 0, "nft_ability": 0, "vplus_ability": 0, "wenda_ability": 0, "live_ability": 1, "gongyi_ability": 0, "paycolumn_ability": 0, "newbrand_ability": 0, "ecommerce_ability": 0, "hardfan_ability": 1, "wbcolumn_ability": 0, "credit_score": 80, "user_ability": 11812872, "cardid": "star_1624", "avatargj_id": "gj_vip_660", "urank": 34, "story_read_state": -1, "vclub_member": 0, "is_teenager": 0, "is_guardian": 0, "is_teenager_list": 0, "pc_new": 7, "special_follow": false, "planet_video": 2, "video_mark": 15, "live_status": 0, "user_ability_extend": 1, "status_total_counter": {"total_cnt": 3527847, "repost_cnt": 126481, "comment_cnt": 1460464, "like_cnt": 576910, "comment_like_cnt": 1363992}, "video_total_counter": {"play_cnt": 9346931}, "brand_account": 0, "hongbaofei": 0, "tab_manage": "[0, 0]", "reward_status": 0, "green_mode": 0, "urisk": 0, "unfollowing_recom_switch": 1, "avatar_type": 0}, "annotations": [{"photo_sub_type": "0,0,0,0,0,0,0,0,0"}, {}, {"mapi_request": true}], "picStatus": "0:1,1:1,2:1,3:1,4:1,5:1,6:1,7:1,8:1", "reposts_count": 0, "comments_count": 0, "reprint_cmt_count": 0, "attitudes_count": 0, "pending_approval_count": 0, "isLongText": false, "reward_exhibition_type": 0, "hide_flag": 0, "mlevel": 0, "show_mlevel": 0, "biz_feature": 4294967300, "page_type": 64, "hasActionTypeCard": 0, "darwin_tags": [], "hot_weibo_tags": [], "text_tag_tips": [], "mblogtype": 0, "userType": 0, "more_info_type": 0, "cardid": "star_1624", "positive_recom_flag": 0, "content_auth": 0, "gif_ids": "", "is_show_bulletin": 2, "comment_manage_info": {"comment_permission_type": -1, "approval_comment_type": 0, "comment_sort_type": 0, "ai_play_picture_type": 0}, "pic_num": 9, "can_reprint": false, "new_comment_style": 0}, "reply_comment": {"created_at": "Mon Jan 09 17:32:41 +0800 2023", "id": 4856053177518758, "rootid": 4856035502983437, "rootidstr": "4856035502983437", "floor_number": 0, "text": "回复@福建省文化和旅游厅:关注[话筒][话筒]", "disable_reply": 0, "is_mblog_author": true, "restrictOperate": 0, "comment_badge": [{"pic_url": "https://h5.sinaimg.cn/upload/1007/25/2019/05/17/feed_icon_poster_identity133low.png", "name": "blogger", "length": 1.33, "actionlog": {"act_code": "3671", "ext": "status:author"}, "scheme": "https://kefu.weibo.com/faqdetail?id=20848"}, {"pic_url": "https://h5.sinaimg.cn/upload/1007/25/2019/05/17/feed_icon_poster_identity133low.png", "name": "blogger", "length": 1.33, "actionlog": {"act_code": "3671", "ext": "status:author"}, "scheme": "https://kefu.weibo.com/faqdetail?id=20848"}], "user": {"id": 2452488395, "idstr": "2452488395", "class": 1, "screen_name": "漯河消防", "name": "漯河消防", "province": "41", "city": "11", "location": "河南 漯河", "description": "漯河市消防支队官方微博", "url": "", "profile_image_url": "https://tvax1.sinaimg.cn/crop.0.0.511.511.50/922e00cbly8h8welunfmvj20e70e7t94.jpg?KID=imgbed,tva&Expires=1674057025&ssig=IIBuziAZ%2BO", "light_ring": false, "cover_image": "https://ww3.sinaimg.cn/crop.0.0.920.300/922e00cbgw1enzmuizhpbj20pk08cdl9.jpg", "cover_image_phone": "https://wx1.sinaimg.cn/crop.0.0.640.640.640/922e00cbly1gdi6dfrpz9j20e80e8wf0.jpg", "profile_url": "u/2452488395", "domain": "", "weihao": "", "gender": "m", "followers_count": 141546, "followers_count_str": "14.2万", "friends_count": 1331, "pagefriends_count": 43, "statuses_count": 22671, "video_status_count": 1367, "video_play_count": 0, "super_topic_not_syn_count": 2, "favourites_count": 0, "created_at": "Tue Nov 08 11:37:46 +0800 2011", "following": false, "allow_all_act_msg": false, "geo_enabled": true, "verified": true, "verified_type": 1, "remark": "", "insecurity": {"sexual_content": false}, "ptype": 0, "allow_all_comment": true, "avatar_large": "https://tvax1.sinaimg.cn/crop.0.0.511.511.180/922e00cbly8h8welunfmvj20e70e7t94.jpg?KID=imgbed,tva&Expires=1674057025&ssig=X6Wo1ETTTL", "avatar_hd": "https://tvax1.sinaimg.cn/crop.0.0.511.511.1024/922e00cbly8h8welunfmvj20e70e7t94.jpg?KID=imgbed,tva&Expires=1674057025&ssig=hJJkdEzvSZ", "verified_reason": "河南省漯河市消防救援支队官方微博", "verified_trade": "", "verified_reason_url": "", "verified_source": "", "verified_source_url": "", "verified_state": 0, "verified_level": 3, "verified_type_ext": 0, "has_service_tel": false, "verified_reason_modified": "", "verified_contact_name": "", "verified_contact_email": "", "verified_contact_mobile": "", "follow_me": false, "like": false, "like_me": false, "online_status": 0, "bi_followers_count": 1067, "lang": "zh-cn", "star": 0, "mbtype": 12, "mbrank": 5, "svip": 0, "mb_expire_time": 1691424000, "block_word": 0, "block_app": 1, "chaohua_ability": 0, "brand_ability": 0, "nft_ability": 0, "vplus_ability": 0, "wenda_ability": 0, "live_ability": 1, "gongyi_ability": 0, "paycolumn_ability": 0, "newbrand_ability": 0, "ecommerce_ability": 0, "hardfan_ability": 1, "wbcolumn_ability": 0, "credit_score": 80, "user_ability": 11812872, "cardid": "star_1624", "avatargj_id": "gj_vip_660", "urank": 34, "story_read_state": -1, "vclub_member": 0, "is_teenager": 0, "is_guardian": 0, "is_teenager_list": 0, "pc_new": 7, "special_follow": false, "planet_video": 2, "video_mark": 15, "live_status": 0, "user_ability_extend": 1, "status_total_counter": {"total_cnt": 3527847, "repost_cnt": 126481, "comment_cnt": 1460464, "like_cnt": 576910, "comment_like_cnt": 1363992}, "video_total_counter": {"play_cnt": 9346931}, "brand_account": 0, "hongbaofei": 0, "tab_manage": "[0, 0]", "reward_status": 0, "green_mode": 0, "urisk": 0, "unfollowing_recom_switch": 1, "avatar_type": 0}, "mid": "4856053177518758", "idstr": "4856053177518758", "match_ai_play_picture": false}, "reply_original_text": "[话筒]", "readtimetype": "comment", "match_ai_play_picture": false}