{"created_at": "Mon Dec 19 08:22:38 +0800 2022", "id": 4848304606677410, "rootid": 4848214815015403, "rootidstr": "4848214815015403", "floor_number": 0, "text": "回复@W_Caption:总算是圆梦了", "disable_reply": 0, "restrictOperate": 0, "source_allowclick": 0, "source_type": 4, "source": "<a href=\"\" rel=\"nofollow\">来自江苏</a>", "user": {"id": 6330969685, "idstr": "6330969685", "class": 1, "screen_name": "是乌骨鸡养乐多", "name": "是乌骨鸡养乐多", "province": "100", "city": "1000", "location": "其他", "description": "", "url": "", "profile_image_url": "https://tvax4.sinaimg.cn/crop.0.0.512.512.50/006Us6qhly8gbz6ff4tm7j30e80e8glv.jpg?KID=imgbed,tva&Expires=1673961890&ssig=FicW%2Fgb9KT", "light_ring": false, "cover_image_phone": "https://ww1.sinaimg.cn/crop.0.0.640.640.640/549d0121tw1egm1kjly3jj20hs0hsq4f.jpg;https://wx3.sinaimg.cn/crop.0.0.640.640.640/006Us6qhly1giebb8ia2tj30e80e8djc.jpg", "profile_url": "u/6330969685", "domain": "", "weihao": "", "gender": "f", "followers_count": 40, "followers_count_str": "40", "friends_count": 240, "pagefriends_count": 4, "statuses_count": 14227, "video_status_count": 0, "video_play_count": 0, "super_topic_not_syn_count": 0, "favourites_count": 5, "created_at": "Tue Aug 01 22:59:32 +0800 2017", "following": false, "allow_all_act_msg": false, "geo_enabled": true, "verified": false, "verified_type": -1, "remark": "", "insecurity": {"sexual_content": false}, "ptype": 0, "allow_all_comment": true, "avatar_large": "https://tvax4.sinaimg.cn/crop.0.0.512.512.180/006Us6qhly8gbz6ff4tm7j30e80e8glv.jpg?KID=imgbed,tva&Expires=1673961890&ssig=ni1z1Tmuck", "avatar_hd": "https://tvax4.sinaimg.cn/crop.0.0.512.512.1024/006Us6qhly8gbz6ff4tm7j30e80e8glv.jpg?KID=imgbed,tva&Expires=1673961890&ssig=RobJJf2awP", "verified_reason": "", "verified_trade": "", "verified_reason_url": "", "verified_source": "", "verified_source_url": "", "follow_me": false, "like": false, "like_me": false, "online_status": 0, "bi_followers_count": 18, "lang": "zh-cn", "star": 0, "mbtype": 12, "mbrank": 6, "svip": 0, "mb_expire_time": 1701705600, "block_word": 0, "block_app": 1, "chaohua_ability": 0, "brand_ability": 0, "nft_ability": 0, "vplus_ability": 0, "wenda_ability": 0, "live_ability": 0, "gongyi_ability": 0, "paycolumn_ability": 0, "newbrand_ability": 0, "ecommerce_ability": 0, "hardfan_ability": 0, "wbcolumn_ability": 0, "credit_score": 80, "user_ability": 2097152, "cardid": "star_1618", "avatargj_id": "gj_vip_756", "urank": 2, "story_read_state": -1, "vclub_member": 0, "is_teenager": 0, "is_guardian": 0, "is_teenager_list": 0, "pc_new": 0, "special_follow": false, "planet_video": 0, "video_mark": 0, "live_status": 0, "user_ability_extend": 0, "status_total_counter": {"total_cnt": 381, "repost_cnt": 237, "comment_cnt": 58, "like_cnt": 86, "comment_like_cnt": 0}, "video_total_counter": {"play_cnt": -1}, "brand_account": 0, "hongbaofei": 0, "tab_manage": "[0, 0]", "reward_status": 0, "green_mode": 0, "urisk": 0, "avatar_type": 0}, "mid": "4848304606677410", "idstr": "4848304606677410", "status": {"visible": {"type": 0, "list_id": 0}, "created_at": "Mon Dec 19 02:24:29 +0800 2022", "id": 4848214475801138, "idstr": "4848214475801138", "mid": "4848214475801138", "can_edit": false, "version": 4, "show_additional_indication": 0, "text": "#阿根廷冠军# 球王梅西，金靴姆巴佩！下半场最漂亮的世界杯决赛！\n喜欢上了姆巴佩，踢醒了！他用自己的卓越和顽强，极大程度的提高梅西的球王含金量。\n恭喜梅球王全满贯问鼎！也道一声姆总未来不可限量！ ​", "textLength": 189, "source_allowclick": 0, "source_type": 1, "source": "<a href=\"http://app.weibo.com/t/feed/4AbAFV\" rel=\"nofollow\">超话</a>", "favorited": false, "truncated": false, "in_reply_to_status_id": "", "in_reply_to_user_id": "", "in_reply_to_screen_name": "", "pic_urls": [{"thumbnail_pic": "http://wx2.sinaimg.cn/thumbnail/006iTga5ly1h98irkh7b9j30xf0qvq5h.jpg"}, {"thumbnail_pic": "http://wx3.sinaimg.cn/thumbnail/006iTga5ly1h98irkhj4hj30j615jdk7.jpg"}, {"thumbnail_pic": "http://wx1.sinaimg.cn/thumbnail/006iTga5ly1h98irkh4nlj31bf0qogos.jpg"}], "thumbnail_pic": "http://wx2.sinaimg.cn/thumbnail/006iTga5ly1h98irkh7b9j30xf0qvq5h.jpg", "bmiddle_pic": "http://wx2.sinaimg.cn/bmiddle/006iTga5ly1h98irkh7b9j30xf0qvq5h.jpg", "original_pic": "http://wx2.sinaimg.cn/large/006iTga5ly1h98irkh7b9j30xf0qvq5h.jpg", "geo": null, "is_paid": false, "mblog_vip_type": 0, "user": {"id": 5775941209, "idstr": "5775941209", "class": 1, "screen_name": "王濛", "name": "王濛", "province": "11", "city": "1000", "location": "北京", "description": "【商务合作-微信】KINGMENG-OFFICIAL                       【商务合作-邮箱】kingmengofficial@foxmail.com", "url": "", "profile_image_url": "https://tvax3.sinaimg.cn/crop.0.0.1080.1080.50/006iTga5ly8gthbrvrk0vj60u00u0wfw02.jpg?KID=imgbed,tva&Expires=1673961890&ssig=6biIiMRKX4", "light_ring": false, "cover_image_phone": "https://ww1.sinaimg.cn/crop.0.0.640.640.640/549d0121tw1egm1kjly3jj20hs0hsq4f.jpg", "profile_url": "duandaowangmeng", "domain": "duandaowangmeng", "weihao": "", "gender": "f", "followers_count": 2327858, "followers_count_str": "232.8万", "friends_count": 78, "pagefriends_count": 1, "statuses_count": 447, "video_status_count": 73, "video_play_count": 0, "super_topic_not_syn_count": 1, "favourites_count": 0, "created_at": "Mon Nov 30 11:13:10 +0800 2015", "following": false, "allow_all_act_msg": false, "geo_enabled": true, "verified": true, "verified_type": 0, "remark": "", "insecurity": {"sexual_content": false}, "ptype": 2, "allow_all_comment": true, "avatar_large": "https://tvax3.sinaimg.cn/crop.0.0.1080.1080.180/006iTga5ly8gthbrvrk0vj60u00u0wfw02.jpg?KID=imgbed,tva&Expires=1673961890&ssig=GEOQbiIv7r", "avatar_hd": "https://tvax3.sinaimg.cn/crop.0.0.1080.1080.1024/006iTga5ly8gthbrvrk0vj60u00u0wfw02.jpg?KID=imgbed,tva&Expires=1673961890&ssig=mDTrbPVcFu", "verified_reason": "王濛，短道之王，冬奥会四金得主。", "verified_trade": "795", "verified_reason_url": "", "verified_source": "", "verified_source_url": "", "verified_state": 0, "verified_level": 3, "verified_type_ext": 1, "has_service_tel": false, "verified_reason_modified": "", "verified_contact_name": "", "verified_contact_email": "", "verified_contact_mobile": "", "follow_me": false, "like": false, "like_me": false, "online_status": 0, "bi_followers_count": 47, "lang": "zh-cn", "star": 0, "mbtype": 12, "mbrank": 7, "svip": 1, "mb_expire_time": 1731513600, "block_word": 0, "block_app": 1, "chaohua_ability": 0, "brand_ability": 0, "nft_ability": 0, "vplus_ability": 0, "wenda_ability": 0, "live_ability": 0, "gongyi_ability": 0, "paycolumn_ability": 0, "newbrand_ability": 0, "ecommerce_ability": 0, "hardfan_ability": 1, "wbcolumn_ability": 0, "credit_score": 80, "user_ability": 2375688, "cardid": "star_1377", "urank": 14, "story_read_state": -1, "verified_detail": {"custom": 0, "data": [{"key": 1, "sub_key": 0, "weight": 10, "desc": "王濛，短道之王，冬奥会四金得主。", "timestamp": 0, "verify_extend": {"real_name_verified": "1"}}]}, "vclub_member": 0, "is_teenager": 0, "is_guardian": 0, "is_teenager_list": 0, "pc_new": 7, "special_follow": false, "planet_video": 2, "video_mark": 13, "live_status": 0, "user_ability_extend": 0, "status_total_counter": {"total_cnt": 4739638, "repost_cnt": 1086429, "comment_cnt": 704479, "like_cnt": 2073102, "comment_like_cnt": 875628}, "video_total_counter": {"play_cnt": 114900905}, "brand_account": 0, "hongbaofei": 0, "tab_manage": "[0, 0]", "reward_status": 0, "green_mode": 0, "urisk": 0, "avatar_type": 0}, "annotations": [{"mode": "m", "origin": "pc_publisher"}], "reposts_count": 0, "comments_count": 0, "reprint_cmt_count": 0, "attitudes_count": 0, "pending_approval_count": 0, "isLongText": false, "reward_exhibition_type": 0, "hide_flag": 0, "mlevel": 0, "show_mlevel": 0, "biz_feature": 0, "topic_id": "1022:100808fc054b7e6d686222b9a9dfa0c2c892ac", "sync_mblog": true, "is_imported_topic": false, "expire_time": 1671507358, "page_type": 64, "hasActionTypeCard": 0, "darwin_tags": [], "hot_weibo_tags": [], "text_tag_tips": [], "mblogtype": 0, "mark": "999_reallog_mark_ad:999|WeiboADNatural", "userType": 0, "extend_info": {"ad": {"url_marked": "true"}}, "more_info_type": 0, "cardid": "star_1377", "number_display_strategy": {"apply_scenario_flag": 3, "display_text_min_number": 1000000, "display_text": "100万+"}, "positive_recom_flag": 0, "content_auth": 0, "gif_ids": "", "is_show_bulletin": 2, "comment_manage_info": {"comment_permission_type": -1, "approval_comment_type": 0, "comment_sort_type": 0, "ai_play_picture_type": 0}, "pic_num": 3, "can_reprint": false, "new_comment_style": 0}, "reply_comment": {"created_at": "Mon Dec 19 02:25:50 +0800 2022", "id": 4848214815015403, "rootid": 4848214815015403, "rootidstr": "4848214815015403", "floor_number": 19, "text": "原来竞技体育也是可以有圆满的[苦涩]", "disable_reply": 0, "restrictOperate": 0, "user": {"id": 7422130261, "idstr": "7422130261", "class": 1, "screen_name": "W_Caption", "name": "W_Caption", "province": "41", "city": "1000", "location": "河南", "description": "努力做更好的自己！ 让时间去见证一切！&&  keep peace and love", "url": "", "profile_image_url": "https://tvax2.sinaimg.cn/crop.0.0.1080.1080.50/0086iv8ply8h3iiy5n6d6j30u00u0wgl.jpg?KID=imgbed,tva&Expires=1673961890&ssig=VSiFJ4QQjz", "light_ring": false, "cover_image_phone": "https://wx1.sinaimg.cn/crop.0.0.640.640.640/0086iv8ply1h10xohzfwfj30u00u0gpl.jpg", "profile_url": "u/7422130261", "domain": "", "weihao": "", "gender": "f", "followers_count": 44, "followers_count_str": "44", "friends_count": 231, "pagefriends_count": 17, "statuses_count": 255, "video_status_count": 16, "video_play_count": 0, "super_topic_not_syn_count": 35, "favourites_count": 7, "created_at": "Sat Mar 28 01:00:54 +0800 2020", "following": false, "allow_all_act_msg": false, "geo_enabled": true, "verified": false, "verified_type": -1, "remark": "", "insecurity": {"sexual_content": false}, "ptype": 0, "allow_all_comment": true, "avatar_large": "https://tvax2.sinaimg.cn/crop.0.0.1080.1080.180/0086iv8ply8h3iiy5n6d6j30u00u0wgl.jpg?KID=imgbed,tva&Expires=1673961890&ssig=0b1nOVM%2Bi4", "avatar_hd": "https://tvax2.sinaimg.cn/crop.0.0.1080.1080.1024/0086iv8ply8h3iiy5n6d6j30u00u0wgl.jpg?KID=imgbed,tva&Expires=1673961890&ssig=oCGqkdl5KM", "verified_reason": "", "verified_trade": "", "verified_reason_url": "", "verified_source": "", "verified_source_url": "", "follow_me": false, "like": false, "like_me": false, "online_status": 0, "bi_followers_count": 16, "lang": "zh-cn", "star": 0, "mbtype": 12, "mbrank": 4, "svip": 0, "mb_expire_time": 1729008000, "block_word": 0, "block_app": 1, "credit_score": 80, "user_ability": 2359296, "cardid": "star_660", "urank": 0, "story_read_state": -1, "vclub_member": 0, "is_teenager": 0, "is_guardian": 0, "is_teenager_list": 0, "pc_new": 0, "special_follow": false, "planet_video": 0, "video_mark": 0, "live_status": 0, "user_ability_extend": 0, "status_total_counter": {"total_cnt": 1097, "repost_cnt": 21, "comment_cnt": 201, "like_cnt": 829, "comment_like_cnt": 46}, "video_total_counter": {"play_cnt": 60769}, "brand_account": 0, "hongbaofei": 0, "tab_manage": "[0, 0]", "green_mode": 0, "urisk": 524288, "block": 0, "block_me": 0, "avatar_type": 0}, "mid": "4848214815015403", "idstr": "4848214815015403", "match_ai_play_picture": false}, "reply_original_text": "总算是圆梦了", "readtimetype": "comment", "match_ai_play_picture": false}