{"created_at": "Mon Dec 19 10:08:15 +0800 2022", "id": 4848331191222503, "rootid": 4848215746413117, "rootidstr": "4848215746413117", "floor_number": 0, "text": "回复@NamtaeBX:真的值得呀", "disable_reply": 0, "restrictOperate": 0, "source_allowclick": 0, "source_type": 4, "source": "<a href=\"\" rel=\"nofollow\">来自河北</a>", "user": {"id": 7713159811, "idstr": "7713159811", "class": 1, "screen_name": "不吃香菜的桃子少女", "name": "不吃香菜的桃子少女", "province": "32", "city": "1", "location": "江苏 南京", "description": "", "url": "", "profile_image_url": "https://tvax2.sinaimg.cn/crop.0.0.512.512.50/008pZDdply8gvg9rctzyrj60e80e8dg202.jpg?KID=imgbed,tva&Expires=1673961783&ssig=LUXHLzezRR", "light_ring": false, "cover_image_phone": "https://ww1.sinaimg.cn/crop.0.0.640.640.640/549d0121tw1egm1kjly3jj20hs0hsq4f.jpg", "profile_url": "u/7713159811", "domain": "", "weihao": "", "gender": "m", "followers_count": 0, "followers_count_str": "0", "friends_count": 3, "pagefriends_count": 0, "statuses_count": 4222, "video_status_count": 0, "video_play_count": 0, "super_topic_not_syn_count": 0, "favourites_count": 1, "created_at": "Fri Oct 15 19:59:23 +0800 2021", "following": false, "allow_all_act_msg": false, "geo_enabled": true, "verified": false, "verified_type": -1, "remark": "", "insecurity": {"sexual_content": false}, "ptype": 0, "allow_all_comment": true, "avatar_large": "https://tvax2.sinaimg.cn/crop.0.0.512.512.180/008pZDdply8gvg9rctzyrj60e80e8dg202.jpg?KID=imgbed,tva&Expires=1673961783&ssig=K%2BvoLSdgwJ", "avatar_hd": "https://tvax2.sinaimg.cn/crop.0.0.512.512.1024/008pZDdply8gvg9rctzyrj60e80e8dg202.jpg?KID=imgbed,tva&Expires=1673961783&ssig=RbPvLP5zVe", "verified_reason": "", "verified_trade": "", "verified_reason_url": "", "verified_source": "", "verified_source_url": "", "follow_me": false, "like": false, "like_me": false, "online_status": 0, "bi_followers_count": 0, "lang": "zh-cn", "star": 0, "mbtype": 0, "mbrank": 0, "svip": 0, "mb_expire_time": 0, "block_word": 0, "block_app": 0, "chaohua_ability": 0, "brand_ability": 0, "nft_ability": 0, "vplus_ability": 0, "wenda_ability": 0, "live_ability": 0, "gongyi_ability": 0, "paycolumn_ability": 0, "newbrand_ability": 0, "ecommerce_ability": 0, "hardfan_ability": 0, "wbcolumn_ability": 0, "credit_score": 80, "user_ability": 0, "urank": 0, "story_read_state": -1, "vclub_member": 0, "is_teenager": 0, "is_guardian": 0, "is_teenager_list": 0, "pc_new": 0, "special_follow": false, "planet_video": 0, "video_mark": 0, "live_status": 0, "user_ability_extend": 0, "status_total_counter": {"total_cnt": 0, "repost_cnt": 0, "comment_cnt": 0, "like_cnt": 0, "comment_like_cnt": 0}, "video_total_counter": {"play_cnt": -1}, "brand_account": 0, "hongbaofei": 0, "tab_manage": "[0, 0]", "reward_status": 0, "green_mode": 0, "urisk": 524288, "avatar_type": 0}, "mid": "4848331191222503", "idstr": "4848331191222503", "status": {"visible": {"type": 0, "list_id": 0}, "created_at": "Mon Dec 19 02:24:29 +0800 2022", "id": 4848214475801138, "idstr": "4848214475801138", "mid": "4848214475801138", "can_edit": false, "version": 4, "show_additional_indication": 0, "text": "#阿根廷冠军# 球王梅西，金靴姆巴佩！下半场最漂亮的世界杯决赛！\n喜欢上了姆巴佩，踢醒了！他用自己的卓越和顽强，极大程度的提高梅西的球王含金量。\n恭喜梅球王全满贯问鼎！也道一声姆总未来不可限量！ ​", "textLength": 189, "source_allowclick": 0, "source_type": 1, "source": "<a href=\"http://app.weibo.com/t/feed/4AbAFV\" rel=\"nofollow\">超话</a>", "favorited": false, "truncated": false, "in_reply_to_status_id": "", "in_reply_to_user_id": "", "in_reply_to_screen_name": "", "pic_urls": [{"thumbnail_pic": "http://wx2.sinaimg.cn/thumbnail/006iTga5ly1h98irkh7b9j30xf0qvq5h.jpg"}, {"thumbnail_pic": "http://wx3.sinaimg.cn/thumbnail/006iTga5ly1h98irkhj4hj30j615jdk7.jpg"}, {"thumbnail_pic": "http://wx1.sinaimg.cn/thumbnail/006iTga5ly1h98irkh4nlj31bf0qogos.jpg"}], "thumbnail_pic": "http://wx2.sinaimg.cn/thumbnail/006iTga5ly1h98irkh7b9j30xf0qvq5h.jpg", "bmiddle_pic": "http://wx2.sinaimg.cn/bmiddle/006iTga5ly1h98irkh7b9j30xf0qvq5h.jpg", "original_pic": "http://wx2.sinaimg.cn/large/006iTga5ly1h98irkh7b9j30xf0qvq5h.jpg", "geo": null, "is_paid": false, "mblog_vip_type": 0, "user": {"id": 5775941209, "idstr": "5775941209", "class": 1, "screen_name": "王濛", "name": "王濛", "province": "11", "city": "1000", "location": "北京", "description": "【商务合作-微信】KINGMENG-OFFICIAL                       【商务合作-邮箱】kingmengofficial@foxmail.com", "url": "", "profile_image_url": "https://tvax3.sinaimg.cn/crop.0.0.1080.1080.50/006iTga5ly8gthbrvrk0vj60u00u0wfw02.jpg?KID=imgbed,tva&Expires=1673961783&ssig=lAfFk5ZZIp", "light_ring": false, "cover_image_phone": "https://ww1.sinaimg.cn/crop.0.0.640.640.640/549d0121tw1egm1kjly3jj20hs0hsq4f.jpg", "profile_url": "duandaowangmeng", "domain": "duandaowangmeng", "weihao": "", "gender": "f", "followers_count": 2327861, "followers_count_str": "232.8万", "friends_count": 78, "pagefriends_count": 1, "statuses_count": 447, "video_status_count": 73, "video_play_count": 0, "super_topic_not_syn_count": 1, "favourites_count": 0, "created_at": "Mon Nov 30 11:13:10 +0800 2015", "following": false, "allow_all_act_msg": false, "geo_enabled": true, "verified": true, "verified_type": 0, "remark": "", "insecurity": {"sexual_content": false}, "ptype": 2, "allow_all_comment": true, "avatar_large": "https://tvax3.sinaimg.cn/crop.0.0.1080.1080.180/006iTga5ly8gthbrvrk0vj60u00u0wfw02.jpg?KID=imgbed,tva&Expires=1673961783&ssig=mnf41mo%2Fpg", "avatar_hd": "https://tvax3.sinaimg.cn/crop.0.0.1080.1080.1024/006iTga5ly8gthbrvrk0vj60u00u0wfw02.jpg?KID=imgbed,tva&Expires=1673961783&ssig=cTzkJewU6Y", "verified_reason": "王濛，短道之王，冬奥会四金得主。", "verified_trade": "795", "verified_reason_url": "", "verified_source": "", "verified_source_url": "", "verified_state": 0, "verified_level": 3, "verified_type_ext": 1, "has_service_tel": false, "verified_reason_modified": "", "verified_contact_name": "", "verified_contact_email": "", "verified_contact_mobile": "", "follow_me": false, "like": false, "like_me": false, "online_status": 0, "bi_followers_count": 47, "lang": "zh-cn", "star": 0, "mbtype": 12, "mbrank": 7, "svip": 1, "mb_expire_time": 1731513600, "block_word": 0, "block_app": 1, "chaohua_ability": 0, "brand_ability": 0, "nft_ability": 0, "vplus_ability": 0, "wenda_ability": 0, "live_ability": 0, "gongyi_ability": 0, "paycolumn_ability": 0, "newbrand_ability": 0, "ecommerce_ability": 0, "hardfan_ability": 1, "wbcolumn_ability": 0, "credit_score": 80, "user_ability": 2375688, "cardid": "star_1377", "urank": 14, "story_read_state": -1, "verified_detail": {"custom": 0, "data": [{"key": 1, "sub_key": 0, "weight": 10, "desc": "王濛，短道之王，冬奥会四金得主。", "timestamp": 0, "verify_extend": {"real_name_verified": "1"}}]}, "vclub_member": 0, "is_teenager": 0, "is_guardian": 0, "is_teenager_list": 0, "pc_new": 7, "special_follow": false, "planet_video": 2, "video_mark": 13, "live_status": 0, "user_ability_extend": 0, "status_total_counter": {"total_cnt": 4739637, "repost_cnt": 1086429, "comment_cnt": 704479, "like_cnt": 2073101, "comment_like_cnt": 875628}, "video_total_counter": {"play_cnt": 114900905}, "brand_account": 0, "hongbaofei": 0, "tab_manage": "[0, 0]", "reward_status": 0, "green_mode": 0, "urisk": 0, "avatar_type": 0}, "annotations": [{"mode": "m", "origin": "pc_publisher"}], "reposts_count": 0, "comments_count": 0, "reprint_cmt_count": 0, "attitudes_count": 0, "pending_approval_count": 0, "isLongText": false, "reward_exhibition_type": 0, "hide_flag": 0, "mlevel": 0, "show_mlevel": 0, "biz_feature": 0, "topic_id": "1022:100808fc054b7e6d686222b9a9dfa0c2c892ac", "sync_mblog": true, "is_imported_topic": false, "expire_time": 1671507358, "page_type": 64, "hasActionTypeCard": 0, "darwin_tags": [], "hot_weibo_tags": [], "text_tag_tips": [], "mblogtype": 0, "mark": "999_reallog_mark_ad:999|WeiboADNatural", "userType": 0, "extend_info": {"ad": {"url_marked": "true"}}, "more_info_type": 0, "cardid": "star_1377", "number_display_strategy": {"apply_scenario_flag": 3, "display_text_min_number": 1000000, "display_text": "100万+"}, "positive_recom_flag": 0, "content_auth": 0, "gif_ids": "", "is_show_bulletin": 2, "comment_manage_info": {"comment_permission_type": -1, "approval_comment_type": 0, "comment_sort_type": 0, "ai_play_picture_type": 0}, "pic_num": 3, "can_reprint": false, "new_comment_style": 0}, "reply_comment": {"created_at": "Mon Dec 19 02:29:31 +0800 2022", "id": 4848215746413117, "rootid": 4848215746413117, "rootidstr": "4848215746413117", "floor_number": 51, "text": "梅西值得！！大马丁🐂🍺！！姆巴佩也是真的很厉害了！！ http://t.cn/A6KlJO2J", "disable_reply": 0, "restrictOperate": 0, "user": {"id": 3913332056, "idstr": "3913332056", "class": 1, "screen_name": "NamtaeBX", "name": "NamtaeBX", "province": "400", "city": "1", "location": "海外 美国", "description": "私人博【King W.Meng", "url": "", "profile_image_url": "https://tvax4.sinaimg.cn/crop.0.0.512.512.50/e940b558ly8h86rz5npo7j20e80e8dg9.jpg?KID=imgbed,tva&Expires=1673961783&ssig=ZD%2F8xrRME4", "light_ring": false, "cover_image_phone": "https://wx4.sinaimg.cn/crop.0.0.640.640.640/e940b558ly1goyu55zislj20yi0yimyt.jpg;https://wx2.sinaimg.cn/crop.0.0.640.640.640/e940b558gy1h842vttliqj20e70e7aap.jpg;https://wx1.sinaimg.cn/crop.0.0.640.640.640/e940b558gy1h842w307wyj20e80e80te.jpg;https://wx4.sinaimg.cn/crop.0.0.640.640.640/e940b558gy1h842x5009pj20e80e8jsa.jpg", "profile_url": "u/3913332056", "domain": "", "weihao": "", "gender": "f", "followers_count": 3631, "followers_count_str": "3631", "friends_count": 95, "pagefriends_count": 5, "statuses_count": 10435, "video_status_count": 9, "video_play_count": 0, "super_topic_not_syn_count": 1, "favourites_count": 2777, "created_at": "Sat Nov 23 11:35:24 +0800 2013", "following": false, "allow_all_act_msg": false, "geo_enabled": true, "verified": true, "verified_type": 0, "remark": "", "insecurity": {"sexual_content": false}, "ptype": 0, "allow_all_comment": true, "avatar_large": "https://tvax4.sinaimg.cn/crop.0.0.512.512.180/e940b558ly8h86rz5npo7j20e80e8dg9.jpg?KID=imgbed,tva&Expires=1673961783&ssig=5WFcrVnj8j", "avatar_hd": "https://tvax4.sinaimg.cn/crop.0.0.512.512.1024/e940b558ly8h86rz5npo7j20e80e8dg9.jpg?KID=imgbed,tva&Expires=1673961783&ssig=fpdVSn%2FnqL", "verified_reason": "娱乐博主", "verified_trade": "", "verified_reason_url": "", "verified_source": "", "verified_source_url": "", "verified_state": 0, "verified_level": 3, "verified_type_ext": 0, "has_service_tel": false, "verified_reason_modified": "", "verified_contact_name": "", "verified_contact_email": "", "verified_contact_mobile": "", "follow_me": false, "like": false, "like_me": false, "online_status": 0, "bi_followers_count": 64, "lang": "zh-cn", "star": 0, "mbtype": 12, "mbrank": 6, "svip": 1, "mb_expire_time": 1699372800, "block_word": 0, "block_app": 1, "credit_score": 80, "user_ability": 2359308, "cardid": "star_005", "avatargj_id": "gj_vip_280", "urank": 38, "story_read_state": -1, "verified_detail": {"custom": 0, "data": [{"key": 2, "sub_key": 0, "weight": 101, "desc": "娱乐博主", "timestamp": 0}]}, "vclub_member": 0, "is_teenager": 0, "is_guardian": 0, "is_teenager_list": 0, "pc_new": 0, "special_follow": false, "planet_video": 0, "video_mark": 0, "live_status": 0, "user_ability_extend": 0, "status_total_counter": {"total_cnt": 124311, "repost_cnt": 63732, "comment_cnt": 22661, "like_cnt": 37078, "comment_like_cnt": 840}, "video_total_counter": {"play_cnt": 55950}, "brand_account": 0, "hongbaofei": 0, "tab_manage": "[0, 0]", "green_mode": 0, "mb_like_privilege": {"like_id": "0017", "like_desc": "啵啵啵！"}, "urisk": 4294967296, "block": 0, "block_me": 0, "avatar_type": 0}, "mid": "4848215746413117", "idstr": "4848215746413117", "match_ai_play_picture": false}, "reply_original_text": "真的值得呀", "readtimetype": "comment", "match_ai_play_picture": false}