{"created_at": "Sat Dec 17 16:19:50 +0800 2022", "id": 4847699923569741, "rootid": 4847699923569741, "rootidstr": "4847699923569741", "floor_number": 294, "text": "只要没有大碍就好，出门注意安全", "disable_reply": 0, "restrictOperate": 0, "source_allowclick": 0, "source_type": 4, "source": "<a href=\"\" rel=\"nofollow\">来自黑龙江</a>", "comment_badge": [{"pic_url": "https://h5.sinaimg.cn/upload/114/962/2022/07/08/member_0_bigfan3_2.png", "name": "loyal_fans", "length": 1.33, "actionlog": {"act_code": "3671", "ext": "status:fans"}, "scheme": "https://kefu.weibo.com/faqdetail?id=20848", "new_icon": true}], "user": {"id": 5696728548, "idstr": "5696728548", "class": 1, "screen_name": "爱追剧的我hai", "name": "爱追剧的我hai", "province": "23", "city": "6", "location": "黑龙江 大庆", "description": "", "url": "", "profile_image_url": "https://tvax3.sinaimg.cn/crop.0.0.792.792.50/006dwTkwly8h1t14y4p08j30m00m00tu.jpg?KID=imgbed,tva&Expires=1674046169&ssig=uwIO7talxZ", "light_ring": false, "cover_image_phone": "https://ww1.sinaimg.cn/crop.0.0.640.640.640/549d0121tw1egm1kjly3jj20hs0hsq4f.jpg", "profile_url": "u/5696728548", "domain": "", "weihao": "", "gender": "m", "followers_count": 1383, "followers_count_str": "1383", "friends_count": 2644, "pagefriends_count": 191, "statuses_count": 51616, "video_status_count": 77, "video_play_count": 0, "super_topic_not_syn_count": 2, "favourites_count": 2, "created_at": "Mon Sep 07 12:23:02 +0800 2015", "following": false, "allow_all_act_msg": false, "geo_enabled": true, "verified": false, "verified_type": -1, "remark": "", "insecurity": {"sexual_content": false}, "ptype": 0, "allow_all_comment": true, "avatar_large": "https://tvax3.sinaimg.cn/crop.0.0.792.792.180/006dwTkwly8h1t14y4p08j30m00m00tu.jpg?KID=imgbed,tva&Expires=1674046169&ssig=%2BPS6oK0poG", "avatar_hd": "https://tvax3.sinaimg.cn/crop.0.0.792.792.1024/006dwTkwly8h1t14y4p08j30m00m00tu.jpg?KID=imgbed,tva&Expires=1674046169&ssig=LAQPOMa3ZN", "verified_reason": "", "verified_trade": "", "verified_reason_url": "", "verified_source": "", "verified_source_url": "", "follow_me": false, "like": false, "like_me": false, "online_status": 0, "bi_followers_count": 1290, "lang": "zh-cn", "star": 0, "mbtype": 2, "mbrank": 1, "svip": 0, "mb_expire_time": 1634831999, "block_word": 0, "block_app": 0, "chaohua_ability": 0, "brand_ability": 0, "nft_ability": 0, "vplus_ability": 0, "wenda_ability": 0, "live_ability": 0, "gongyi_ability": 0, "paycolumn_ability": 0, "newbrand_ability": 0, "ecommerce_ability": 0, "hardfan_ability": 0, "wbcolumn_ability": 0, "credit_score": 80, "user_ability": 2359296, "cardid": "star_1378", "avatargj_id": "gj_vip_417", "urank": 1, "story_read_state": -1, "vclub_member": 0, "is_teenager": 0, "is_guardian": 0, "is_teenager_list": 0, "pc_new": 0, "special_follow": false, "planet_video": 2, "video_mark": 3, "live_status": 0, "user_ability_extend": 0, "status_total_counter": {"total_cnt": 3377, "repost_cnt": 872, "comment_cnt": 1582, "like_cnt": 850, "comment_like_cnt": 73}, "video_total_counter": {"play_cnt": 1142}, "brand_account": 0, "hongbaofei": 0, "tab_manage": "[0, 0]", "reward_status": 0, "green_mode": 0, "urisk": 0, "unfollowing_recom_switch": 1, "avatar_type": 0}, "mid": "4847699923569741", "idstr": "4847699923569741", "status": {"visible": {"type": 0, "list_id": 0}, "created_at": "Sat Dec 17 11:53:37 +0800 2022", "id": 4847632927163480, "idstr": "4847632927163480", "mid": "4847632927163480", "can_edit": false, "version": 1, "show_additional_indication": 0, "text": "#陈慧琳与儿子出车祸#幸好没有什么大碍，陈慧琳也怕大家担心，特意发文说只是皮外伤！不过以后出门一定要注意安全，好好休息！虽说报道时强调了她已经50岁，但风采不输当年，还是那么美，那么有气质，听她的歌都是满满的回忆啊！ http://t.cn/A6KOXDLl ​", "textLength": 233, "source_allowclick": 0, "source_type": 2, "source": "", "favorited": false, "truncated": false, "in_reply_to_status_id": "", "in_reply_to_user_id": "", "in_reply_to_screen_name": "", "pic_urls": [], "geo": null, "is_paid": false, "mblog_vip_type": 0, "user": {"id": 1526202781, "idstr": "1526202781", "class": 1, "screen_name": "鲜娱君", "name": "鲜娱君", "province": "51", "city": "1000", "location": "四川", "description": "综艺影视娱乐明星爱豆 投稿合作请私信", "url": "http://blog.sina.com.cn/zh19810713", "profile_image_url": "https://tvax1.sinaimg.cn/crop.0.0.1080.1080.50/5af8019dly8h8uv95p22ej20u00u0myl.jpg?KID=imgbed,tva&Expires=1674046169&ssig=ZoSvQ%2Bx2Qj", "light_ring": false, "cover_image": "https://wx3.sinaimg.cn/crop.0.0.920.300/5af8019dgy1geadvo3r8ij20pk08cq3m.jpg", "cover_image_phone": "https://wx4.sinaimg.cn/crop.0.0.640.640.640/5af8019dgy1h96pkbvbxhj20zo0zotbo.jpg", "profile_url": "209097465", "domain": "zh19810713", "weihao": "209097465", "gender": "m", "followers_count": 4570449, "followers_count_str": "457万", "friends_count": 991, "pagefriends_count": 437, "statuses_count": 20145, "video_status_count": 6628, "video_play_count": 0, "super_topic_not_syn_count": 0, "favourites_count": 6, "created_at": "Fri Aug 28 16:34:30 +0800 2009", "following": false, "allow_all_act_msg": false, "geo_enabled": true, "verified": true, "verified_type": 0, "remark": "", "insecurity": {"sexual_content": false}, "ptype": 8, "allow_all_comment": true, "avatar_large": "https://tvax1.sinaimg.cn/crop.0.0.1080.1080.180/5af8019dly8h8uv95p22ej20u00u0myl.jpg?KID=imgbed,tva&Expires=1674046169&ssig=2FZ3GAV54q", "avatar_hd": "https://tvax1.sinaimg.cn/crop.0.0.1080.1080.1024/5af8019dly8h8uv95p22ej20u00u0myl.jpg?KID=imgbed,tva&Expires=1674046169&ssig=fEY2uO5VVc", "verified_reason": "知名娱乐博主 微博电视团成员 新浪名博 微博娱评团  2022年辰星计划博主 微博剪辑视频博主", "verified_trade": "1029", "verified_reason_url": "", "verified_source": "", "verified_source_url": "", "verified_state": 0, "verified_level": 3, "verified_type_ext": 1, "has_service_tel": false, "verified_reason_modified": "", "verified_contact_name": "", "verified_contact_email": "", "verified_contact_mobile": "", "follow_me": false, "like": false, "like_me": false, "online_status": 0, "bi_followers_count": 159, "lang": "zh-cn", "star": 0, "mbtype": 12, "mbrank": 9, "svip": 1, "mb_expire_time": 1731427200, "block_word": 0, "block_app": 1, "chaohua_ability": 0, "brand_ability": 0, "nft_ability": 0, "vplus_ability": 0, "wenda_ability": 0, "live_ability": 0, "gongyi_ability": 0, "paycolumn_ability": 0, "newbrand_ability": 0, "ecommerce_ability": 0, "hardfan_ability": 0, "wbcolumn_ability": 0, "ability_tags": "媒体评论,编辑,影评", "credit_score": 80, "user_ability": -2135686632, "cardid": "flag_31526202781006652", "avatargj_id": "gj_vip_160", "urank": 48, "story_read_state": -1, "verified_detail": {"custom": 1, "data": [{"key": 1, "sub_key": 0, "weight": 11, "desc": "微博电视团成员 新浪名博 微博娱评团  2022年辰星计划博主", "timestamp": 0}, {"key": 2, "sub_key": 0, "weight": 10, "desc": "知名娱乐博主", "timestamp": 0}, {"key": 16, "sub_key": 4, "weight": 103, "desc": "微博剪辑视频博主", "timestamp": 0}]}, "vclub_member": 0, "is_teenager": 0, "is_guardian": 0, "is_teenager_list": 0, "pc_new": 7, "special_follow": false, "planet_video": 2, "video_mark": 15, "live_status": 0, "user_ability_extend": 0, "video_cover": {"mid": 4638722559055136}, "status_total_counter": {"total_cnt": 101921441, "repost_cnt": 12534495, "comment_cnt": 12652162, "like_cnt": 49032687, "comment_like_cnt": 27702097}, "video_total_counter": {"play_cnt": 1800442637}, "brand_account": 0, "hongbaofei": 0, "tab_manage": "[0, 0]", "reward_status": 0, "green_mode": 0, "urisk": 0, "unfollowing_recom_switch": 1, "avatar_type": 0}, "annotations": [{}, {}, {"client_mblogid": "iPhone-850220C6-A593-4B1A-AE0D-607ECEFD4AF4"}, {"mapi_request": true}], "reposts_count": 0, "comments_count": 0, "reprint_cmt_count": 0, "attitudes_count": 0, "pending_approval_count": 0, "isLongText": false, "reward_exhibition_type": 0, "hide_flag": 0, "mlevel": 0, "show_mlevel": 0, "biz_ids": [230444], "biz_feature": 4294967304, "page_type": 64, "hasActionTypeCard": 0, "darwin_tags": [], "hot_weibo_tags": [], "text_tag_tips": [], "mblogtype": 0, "userType": 0, "more_info_type": 0, "cardid": "flag_31526202781006652", "number_display_strategy": {"apply_scenario_flag": 3, "display_text_min_number": 1000000, "display_text": "100万+"}, "positive_recom_flag": 0, "content_auth": 0, "gif_ids": "", "is_show_bulletin": 2, "comment_manage_info": {"comment_permission_type": -1, "approval_comment_type": 0, "comment_sort_type": 0, "ai_play_picture_type": 0}, "pic_num": 0, "fid": 4847632743661581, "can_reprint": false, "new_comment_style": 0}, "readtimetype": "comment", "comment_dynamic_message": {"id": "0", "start_color": "#00FFFFFF", "end_color": "#1AFFFFFF", "start_color_dark": "#003A3A3A", "end_color_dark": "#333A3A3A", "name": {"zh_CN": "默认", "zh_HK": "默認", "en_US": "default"}, "scheme": "https://new.vip.weibo.cn/bubble/mall?showmenu=0&decorateId=0&uid=5696728548", "allow_vip_box_content": "用此评论气泡", "allow_vip_box_icon": "https://h5.sinaimg.cn/upload/100/1720/2022/08/08/icon_VIP_for_comment_bubble.png"}, "match_ai_play_picture": false}