{"created_at": "Sat Dec 17 16:01:33 +0800 2022", "id": 4847695321374836, "rootid": 4847695321374836, "rootidstr": "4847695321374836", "floor_number": 288, "text": "平时一定要注意安全啊", "disable_reply": 0, "restrictOperate": 0, "source_allowclick": 0, "source_type": 4, "source": "<a href=\"\" rel=\"nofollow\">来自山西</a>", "comment_badge": [{"pic_url": "https://h5.sinaimg.cn/upload/114/962/2022/07/08/member_5_bigfan1_5.png", "name": "loyal_fans", "length": 1.33, "actionlog": {"act_code": "3671", "ext": "status:fans"}, "scheme": "https://kefu.weibo.com/faqdetail?id=20848", "new_icon": true}], "user": {"id": 5508440813, "idstr": "5508440813", "class": 1, "screen_name": "神经der", "name": "神经der", "province": "100", "city": "1000", "location": "其他", "description": "黑的白的红的黄的紫的绿的蓝的灰的", "url": "", "profile_image_url": "https://tvax2.sinaimg.cn/crop.0.0.512.512.50/0060MR5zly8h96ozzcqnsj30e80e8dg7.jpg?KID=imgbed,tva&Expires=1674046169&ssig=9kvHlfJVnA", "light_ring": false, "cover_image_phone": "https://ww1.sinaimg.cn/crop.0.0.640.640.640/9d44112bjw1f1xl1c10tuj20hs0hs0tw.jpg", "profile_url": "u/5508440813", "domain": "", "weihao": "", "gender": "f", "followers_count": 535, "followers_count_str": "535", "friends_count": 745, "pagefriends_count": 3, "statuses_count": 13672, "video_status_count": 2, "video_play_count": 0, "super_topic_not_syn_count": 3, "favourites_count": 0, "created_at": "Tue Feb 03 16:39:47 +0800 2015", "following": false, "allow_all_act_msg": false, "geo_enabled": true, "verified": false, "verified_type": -1, "remark": "", "insecurity": {"sexual_content": false}, "ptype": 0, "allow_all_comment": true, "avatar_large": "https://tvax2.sinaimg.cn/crop.0.0.512.512.180/0060MR5zly8h96ozzcqnsj30e80e8dg7.jpg?KID=imgbed,tva&Expires=1674046169&ssig=YclVma4QXa", "avatar_hd": "https://tvax2.sinaimg.cn/crop.0.0.512.512.1024/0060MR5zly8h96ozzcqnsj30e80e8dg7.jpg?KID=imgbed,tva&Expires=1674046169&ssig=gQAiNgcvJr", "verified_reason": "", "verified_trade": "", "verified_reason_url": "", "verified_source": "", "verified_source_url": "", "follow_me": false, "like": false, "like_me": false, "online_status": 0, "bi_followers_count": 451, "lang": "zh-cn", "star": 0, "mbtype": 11, "mbrank": 5, "svip": 0, "mb_expire_time": 1676044800, "block_word": 0, "block_app": 1, "chaohua_ability": 0, "brand_ability": 0, "nft_ability": 0, "vplus_ability": 0, "wenda_ability": 0, "live_ability": 0, "gongyi_ability": 0, "paycolumn_ability": 0, "newbrand_ability": 0, "ecommerce_ability": 0, "hardfan_ability": 0, "wbcolumn_ability": 0, "credit_score": 80, "user_ability": 2359328, "cardid": "star_1419", "avatargj_id": "gj_vip_162", "urank": 8, "story_read_state": -1, "vclub_member": 0, "is_teenager": 0, "is_guardian": 0, "is_teenager_list": 0, "pc_new": 0, "special_follow": false, "planet_video": 1, "video_mark": 2, "live_status": 0, "user_ability_extend": 0, "status_total_counter": {"total_cnt": 2853, "repost_cnt": 179, "comment_cnt": 1633, "like_cnt": 1035, "comment_like_cnt": 6}, "video_total_counter": {"play_cnt": 3}, "brand_account": 0, "hongbaofei": 0, "tab_manage": "[0, 0]", "reward_status": 0, "green_mode": 0, "urisk": 0, "unfollowing_recom_switch": 1, "avatar_type": 0}, "mid": "4847695321374836", "idstr": "4847695321374836", "status": {"visible": {"type": 0, "list_id": 0}, "created_at": "Sat Dec 17 11:53:37 +0800 2022", "id": 4847632927163480, "idstr": "4847632927163480", "mid": "4847632927163480", "can_edit": false, "version": 1, "show_additional_indication": 0, "text": "#陈慧琳与儿子出车祸#幸好没有什么大碍，陈慧琳也怕大家担心，特意发文说只是皮外伤！不过以后出门一定要注意安全，好好休息！虽说报道时强调了她已经50岁，但风采不输当年，还是那么美，那么有气质，听她的歌都是满满的回忆啊！ http://t.cn/A6KOXDLl ​", "textLength": 233, "source_allowclick": 0, "source_type": 2, "source": "", "favorited": false, "truncated": false, "in_reply_to_status_id": "", "in_reply_to_user_id": "", "in_reply_to_screen_name": "", "pic_urls": [], "geo": null, "is_paid": false, "mblog_vip_type": 0, "user": {"id": 1526202781, "idstr": "1526202781", "class": 1, "screen_name": "鲜娱君", "name": "鲜娱君", "province": "51", "city": "1000", "location": "四川", "description": "综艺影视娱乐明星爱豆 投稿合作请私信", "url": "http://blog.sina.com.cn/zh19810713", "profile_image_url": "https://tvax1.sinaimg.cn/crop.0.0.1080.1080.50/5af8019dly8h8uv95p22ej20u00u0myl.jpg?KID=imgbed,tva&Expires=1674046169&ssig=ZoSvQ%2Bx2Qj", "light_ring": false, "cover_image": "https://wx3.sinaimg.cn/crop.0.0.920.300/5af8019dgy1geadvo3r8ij20pk08cq3m.jpg", "cover_image_phone": "https://wx4.sinaimg.cn/crop.0.0.640.640.640/5af8019dgy1h96pkbvbxhj20zo0zotbo.jpg", "profile_url": "209097465", "domain": "zh19810713", "weihao": "209097465", "gender": "m", "followers_count": 4570449, "followers_count_str": "457万", "friends_count": 991, "pagefriends_count": 437, "statuses_count": 20145, "video_status_count": 6628, "video_play_count": 0, "super_topic_not_syn_count": 0, "favourites_count": 6, "created_at": "Fri Aug 28 16:34:30 +0800 2009", "following": false, "allow_all_act_msg": false, "geo_enabled": true, "verified": true, "verified_type": 0, "remark": "", "insecurity": {"sexual_content": false}, "ptype": 8, "allow_all_comment": true, "avatar_large": "https://tvax1.sinaimg.cn/crop.0.0.1080.1080.180/5af8019dly8h8uv95p22ej20u00u0myl.jpg?KID=imgbed,tva&Expires=1674046169&ssig=2FZ3GAV54q", "avatar_hd": "https://tvax1.sinaimg.cn/crop.0.0.1080.1080.1024/5af8019dly8h8uv95p22ej20u00u0myl.jpg?KID=imgbed,tva&Expires=1674046169&ssig=fEY2uO5VVc", "verified_reason": "知名娱乐博主 微博电视团成员 新浪名博 微博娱评团  2022年辰星计划博主 微博剪辑视频博主", "verified_trade": "1029", "verified_reason_url": "", "verified_source": "", "verified_source_url": "", "verified_state": 0, "verified_level": 3, "verified_type_ext": 1, "has_service_tel": false, "verified_reason_modified": "", "verified_contact_name": "", "verified_contact_email": "", "verified_contact_mobile": "", "follow_me": false, "like": false, "like_me": false, "online_status": 0, "bi_followers_count": 159, "lang": "zh-cn", "star": 0, "mbtype": 12, "mbrank": 9, "svip": 1, "mb_expire_time": 1731427200, "block_word": 0, "block_app": 1, "chaohua_ability": 0, "brand_ability": 0, "nft_ability": 0, "vplus_ability": 0, "wenda_ability": 0, "live_ability": 0, "gongyi_ability": 0, "paycolumn_ability": 0, "newbrand_ability": 0, "ecommerce_ability": 0, "hardfan_ability": 0, "wbcolumn_ability": 0, "ability_tags": "媒体评论,编辑,影评", "credit_score": 80, "user_ability": -2135686632, "cardid": "flag_31526202781006652", "avatargj_id": "gj_vip_160", "urank": 48, "story_read_state": -1, "verified_detail": {"custom": 1, "data": [{"key": 1, "sub_key": 0, "weight": 11, "desc": "微博电视团成员 新浪名博 微博娱评团  2022年辰星计划博主", "timestamp": 0}, {"key": 2, "sub_key": 0, "weight": 10, "desc": "知名娱乐博主", "timestamp": 0}, {"key": 16, "sub_key": 4, "weight": 103, "desc": "微博剪辑视频博主", "timestamp": 0}]}, "vclub_member": 0, "is_teenager": 0, "is_guardian": 0, "is_teenager_list": 0, "pc_new": 7, "special_follow": false, "planet_video": 2, "video_mark": 15, "live_status": 0, "user_ability_extend": 0, "video_cover": {"mid": 4638722559055136}, "status_total_counter": {"total_cnt": 101921441, "repost_cnt": 12534495, "comment_cnt": 12652162, "like_cnt": 49032687, "comment_like_cnt": 27702097}, "video_total_counter": {"play_cnt": 1800442637}, "brand_account": 0, "hongbaofei": 0, "tab_manage": "[0, 0]", "reward_status": 0, "green_mode": 0, "urisk": 0, "unfollowing_recom_switch": 1, "avatar_type": 0}, "annotations": [{}, {}, {"client_mblogid": "iPhone-850220C6-A593-4B1A-AE0D-607ECEFD4AF4"}, {"mapi_request": true}], "reposts_count": 0, "comments_count": 0, "reprint_cmt_count": 0, "attitudes_count": 0, "pending_approval_count": 0, "isLongText": false, "reward_exhibition_type": 0, "hide_flag": 0, "mlevel": 0, "show_mlevel": 0, "biz_ids": [230444], "biz_feature": 4294967304, "page_type": 64, "hasActionTypeCard": 0, "darwin_tags": [], "hot_weibo_tags": [], "text_tag_tips": [], "mblogtype": 0, "userType": 0, "more_info_type": 0, "cardid": "flag_31526202781006652", "number_display_strategy": {"apply_scenario_flag": 3, "display_text_min_number": 1000000, "display_text": "100万+"}, "positive_recom_flag": 0, "content_auth": 0, "gif_ids": "", "is_show_bulletin": 2, "comment_manage_info": {"comment_permission_type": -1, "approval_comment_type": 0, "comment_sort_type": 0, "ai_play_picture_type": 0}, "pic_num": 0, "fid": 4847632743661581, "can_reprint": false, "new_comment_style": 0}, "readtimetype": "comment", "match_ai_play_picture": false}