{"created_at": "Wed Jun 15 10:30:29 +0800 2022", "id": 4780570250839495, "rootid": 4780570250839495, "rootidstr": "4780570250839495", "floor_number": 126, "text": "已举报", "disable_reply": 0, "restrictOperate": 0, "source_allowclick": 0, "source_type": 4, "source": "<a href=\"\" rel=\"nofollow\">来自江苏</a>", "user": {"id": 5264080421, "idstr": "5264080421", "class": 1, "screen_name": "不懂懂yxm", "name": "不懂懂yxm", "province": "32", "city": "5", "location": "江苏 苏州", "description": "", "url": "", "profile_image_url": "https://tvax2.sinaimg.cn/crop.0.0.1002.1002.50/005KfxMVly8gvgv2tqnv6j60ru0rudhj02.jpg?KID=imgbed,tva&Expires=1674109234&ssig=m9hF0VeleS", "light_ring": false, "cover_image_phone": "https://ww1.sinaimg.cn/crop.0.0.640.640.640/549d0121tw1egm1kjly3jj20hs0hsq4f.jpg", "profile_url": "u/5264080421", "domain": "", "weihao": "", "gender": "m", "followers_count": 38, "followers_count_str": "38", "friends_count": 537, "pagefriends_count": 18, "statuses_count": 190, "video_status_count": 0, "video_play_count": 0, "super_topic_not_syn_count": 0, "favourites_count": 4, "created_at": "Fri Aug 22 17:45:26 +0800 2014", "following": false, "allow_all_act_msg": false, "geo_enabled": true, "verified": false, "verified_type": -1, "remark": "", "insecurity": {"sexual_content": false}, "ptype": 0, "allow_all_comment": true, "avatar_large": "https://tvax2.sinaimg.cn/crop.0.0.1002.1002.180/005KfxMVly8gvgv2tqnv6j60ru0rudhj02.jpg?KID=imgbed,tva&Expires=1674109234&ssig=%2BWcKFSmkeu", "avatar_hd": "https://tvax2.sinaimg.cn/crop.0.0.1002.1002.1024/005KfxMVly8gvgv2tqnv6j60ru0rudhj02.jpg?KID=imgbed,tva&Expires=1674109234&ssig=BUF7d8sNef", "verified_reason": "", "verified_trade": "", "verified_reason_url": "", "verified_source": "", "verified_source_url": "", "follow_me": false, "like": false, "like_me": false, "online_status": 0, "bi_followers_count": 1, "lang": "zh-cn", "star": 0, "mbtype": 0, "mbrank": 0, "svip": 0, "mb_expire_time": 0, "block_word": 0, "block_app": 0, "chaohua_ability": 0, "brand_ability": 0, "nft_ability": 0, "vplus_ability": 0, "wenda_ability": 0, "live_ability": 0, "gongyi_ability": 0, "paycolumn_ability": 0, "newbrand_ability": 0, "ecommerce_ability": 0, "hardfan_ability": 0, "wbcolumn_ability": 0, "credit_score": 80, "user_ability": 35651584, "urank": 9, "story_read_state": -1, "vclub_member": 0, "is_teenager": 0, "is_guardian": 0, "is_teenager_list": 0, "pc_new": 7, "special_follow": false, "planet_video": 0, "video_mark": 0, "live_status": 0, "user_ability_extend": 0, "status_total_counter": {"total_cnt": 36, "repost_cnt": 0, "comment_cnt": 7, "like_cnt": 29, "comment_like_cnt": 0}, "video_total_counter": {"play_cnt": -1}, "brand_account": 0, "hongbaofei": 0, "tab_manage": "[0, 0]", "reward_status": 0, "green_mode": 0, "urisk": 17179869184, "unfollowing_recom_switch": 1, "avatar_type": 0}, "mid": "4780570250839495", "idstr": "4780570250839495", "status": {"visible": {"type": 0, "list_id": 0}, "created_at": "Tue Jun 14 20:32:15 +0800 2022", "id": 4780359303300527, "idstr": "4780359303300527", "mid": "4780359303300527", "can_edit": false, "version": 2, "show_additional_indication": 0, "text": "『唐山又出恶性大事件：女研究生被强奸刀捅下体爬两公里求助』http://t.cn/A6avySk3 ​", "textLength": 78, "source_allowclick": 0, "source_type": 2, "source": "<a href=\"http://weibo.com/\" rel=\"nofollow\">iPhone客户端</a>", "favorited": false, "truncated": false, "in_reply_to_status_id": "", "in_reply_to_user_id": "", "in_reply_to_screen_name": "", "pic_urls": [], "geo": null, "is_paid": false, "mblog_vip_type": 0, "user": {"id": 1676764137, "idstr": "1676764137", "class": 1, "screen_name": "蒋志", "name": "蒋志", "province": "11", "city": "1000", "location": "北京", "description": "www.jiangzhi.net", "url": "", "profile_image_url": "https://tva3.sinaimg.cn/crop.0.0.180.180.50/63f163e9jw1e8qgp5bmzyj2050050aa8.jpg?KID=imgbed,tva&Expires=1674109234&ssig=wDuM6VTNGB", "light_ring": false, "profile_url": "jiangzhi", "domain": "jiangzhi", "weihao": "", "gender": "m", "followers_count": 91262, "followers_count_str": "9.1万", "friends_count": 1092, "pagefriends_count": 0, "statuses_count": 2875, "video_status_count": 4, "video_play_count": 0, "super_topic_not_syn_count": 0, "favourites_count": 1423, "created_at": "Wed Dec 30 20:13:50 +0800 2009", "following": false, "allow_all_act_msg": false, "geo_enabled": true, "verified": true, "verified_type": 0, "remark": "", "insecurity": {"sexual_content": false}, "ptype": 0, "allow_all_comment": false, "avatar_large": "https://tva3.sinaimg.cn/crop.0.0.180.180.180/63f163e9jw1e8qgp5bmzyj2050050aa8.jpg?KID=imgbed,tva&Expires=1674109234&ssig=FqCg0p8A2S", "avatar_hd": "https://tva3.sinaimg.cn/crop.0.0.180.180.1024/63f163e9jw1e8qgp5bmzyj2050050aa8.jpg?KID=imgbed,tva&Expires=1674109234&ssig=IKkrKsOuAj", "verified_reason": "艺术家、摄影师蒋志", "verified_trade": "1171", "verified_reason_url": "", "verified_source": "", "verified_source_url": "", "verified_state": 0, "verified_level": 3, "verified_type_ext": 0, "has_service_tel": false, "verified_reason_modified": "", "verified_contact_name": "", "verified_contact_email": "", "verified_contact_mobile": "", "follow_me": false, "like": false, "like_me": false, "online_status": 0, "bi_followers_count": 782, "lang": "zh-cn", "star": 0, "mbtype": 0, "mbrank": 0, "svip": 0, "mb_expire_time": 0, "block_word": 0, "block_app": 0, "chaohua_ability": 0, "brand_ability": 0, "nft_ability": 0, "vplus_ability": 0, "wenda_ability": 0, "live_ability": 0, "gongyi_ability": 0, "paycolumn_ability": 0, "newbrand_ability": 0, "ecommerce_ability": 0, "hardfan_ability": 0, "wbcolumn_ability": 0, "credit_score": 80, "user_ability": 262152, "urank": 27, "story_read_state": -1, "verified_detail": {"custom": 0, "data": [{"key": 1, "sub_key": 0, "weight": 10, "desc": "艺术家、摄影师蒋志", "timestamp": 0, "verify_extend": {"real_name_verified": "1"}}]}, "vclub_member": 0, "is_teenager": 0, "is_guardian": 0, "is_teenager_list": 0, "pc_new": 0, "special_follow": false, "planet_video": 2, "video_mark": 2, "live_status": 0, "user_ability_extend": 0, "status_total_counter": {"total_cnt": 82882, "repost_cnt": 53807, "comment_cnt": 18832, "like_cnt": 5854, "comment_like_cnt": 4389}, "video_total_counter": {"play_cnt": 56776}, "brand_account": 0, "hongbaofei": 0, "tab_manage": "[0, 0]", "reward_status": 0, "green_mode": 0, "urisk": 0, "unfollowing_recom_switch": 1, "avatar_type": 0}, "annotations": [{}, {"shooting": 1, "client_mblogid": "iPhone-FAFB345E-2F86-4245-A186-817068CAB3DA"}, {"mapi_request": true}], "reposts_count": 0, "comments_count": 0, "reprint_cmt_count": 0, "attitudes_count": 0, "pending_approval_count": 0, "isLongText": false, "reward_exhibition_type": 0, "hide_flag": 0, "mlevel": 128, "show_mlevel": 0, "biz_ids": [0], "biz_feature": 0, "hasActionTypeCard": 0, "darwin_tags": [], "hot_weibo_tags": [], "text_tag_tips": [], "mblogtype": 0, "userType": 0, "mlevelSource": "monitor", "more_info_type": 0, "number_display_strategy": {"apply_scenario_flag": 3, "display_text_min_number": 1000000, "display_text": "100万+"}, "positive_recom_flag": 0, "content_auth": 0, "gif_ids": "", "is_show_bulletin": 2, "comment_manage_info": {"comment_permission_type": -1, "approval_comment_type": 0, "comment_sort_type": 0, "ai_play_picture_type": 0}, "pic_num": 0, "can_reprint": false, "new_comment_style": 0}, "readtimetype": "comment", "match_ai_play_picture": false}