{"created_at": "Tue Jun 14 21:45:11 +0800 2022", "id": 4780377657316853, "rootid": 4780377657316853, "rootidstr": "4780377657316853", "floor_number": 1, "text": "[汗]等待官方消息", "disable_reply": 0, "restrictOperate": 0, "source_allowclick": 0, "source_type": 4, "source": "<a href=\"\" rel=\"nofollow\">来自北京</a>", "user": {"id": 1480219172, "idstr": "1480219172", "class": 1, "screen_name": "老简宁", "name": "老简宁", "province": "11", "city": "1000", "location": "北京", "description": "只讲故事，不讲道理", "url": "http://blog.sina.com.cn/u/1480219172", "profile_image_url": "https://tva2.sinaimg.cn/crop.0.0.180.180.50/583a5a24jw1e8qgp5bmzyj2050050aa8.jpg?KID=imgbed,tva&Expires=1674109260&ssig=jToxkg1db4", "light_ring": false, "cover_image_phone": "https://ww1.sinaimg.cn/crop.0.0.640.640.640/9d44112bjw1f1xl1c10tuj20hs0hs0tw.jpg", "profile_url": "u/1480219172", "domain": "", "weihao": "", "gender": "m", "followers_count": 335676, "followers_count_str": "33.6万", "friends_count": 775, "pagefriends_count": 0, "statuses_count": 17941, "video_status_count": 870, "video_play_count": 0, "super_topic_not_syn_count": 0, "favourites_count": 85, "created_at": "Tue Sep 27 10:45:38 +0800 2011", "following": false, "allow_all_act_msg": false, "geo_enabled": true, "verified": true, "verified_type": 0, "remark": "", "insecurity": {"sexual_content": false}, "ptype": 3, "allow_all_comment": false, "avatar_large": "https://tva2.sinaimg.cn/crop.0.0.180.180.180/583a5a24jw1e8qgp5bmzyj2050050aa8.jpg?KID=imgbed,tva&Expires=1674109260&ssig=lluuDWIvKx", "avatar_hd": "https://tva2.sinaimg.cn/crop.0.0.180.180.1024/583a5a24jw1e8qgp5bmzyj2050050aa8.jpg?KID=imgbed,tva&Expires=1674109260&ssig=6gTjb9BwGY", "verified_reason": "作家、诗人简宁 著有《简宁的诗》等", "verified_trade": "1116", "verified_reason_url": "", "verified_source": "", "verified_source_url": "", "verified_state": 0, "verified_level": 3, "verified_type_ext": 0, "has_service_tel": false, "verified_reason_modified": "", "verified_contact_name": "", "verified_contact_email": "", "verified_contact_mobile": "", "follow_me": false, "like": false, "like_me": false, "online_status": 0, "bi_followers_count": 782, "lang": "zh-cn", "star": 0, "mbtype": 2, "mbrank": 6, "svip": 0, "mb_expire_time": 1672761599, "block_word": 0, "block_app": 0, "chaohua_ability": 0, "brand_ability": 0, "nft_ability": 0, "vplus_ability": 0, "wenda_ability": 0, "live_ability": 0, "gongyi_ability": 0, "paycolumn_ability": 0, "newbrand_ability": 0, "ecommerce_ability": 0, "hardfan_ability": 0, "wbcolumn_ability": 0, "credit_score": 78, "user_ability": 10748424, "urank": 47, "story_read_state": -1, "verified_detail": {"custom": 0, "data": [{"key": 1, "sub_key": 0, "weight": 10, "desc": "作家、诗人简宁 著有《简宁的诗》等", "timestamp": 0, "verify_extend": {"real_name_verified": "1"}}]}, "vclub_member": 0, "is_teenager": 0, "is_guardian": 0, "is_teenager_list": 0, "pc_new": 6, "special_follow": false, "planet_video": 2, "video_mark": 15, "live_status": 0, "user_ability_extend": 0, "status_total_counter": {"total_cnt": 2846437, "repost_cnt": 956715, "comment_cnt": 176319, "like_cnt": 831900, "comment_like_cnt": 881503}, "video_total_counter": {"play_cnt": 69906839}, "brand_account": 0, "hongbaofei": 0, "tab_manage": "[0, 0]", "reward_status": 0, "green_mode": 0, "urisk": 21474836480, "unfollowing_recom_switch": 1, "avatar_type": 0}, "mid": "4780377657316853", "idstr": "4780377657316853", "status": {"visible": {"type": 0, "list_id": 0}, "created_at": "Tue Jun 14 20:32:15 +0800 2022", "id": 4780359303300527, "idstr": "4780359303300527", "mid": "4780359303300527", "can_edit": false, "version": 2, "show_additional_indication": 0, "text": "『唐山又出恶性大事件：女研究生被强奸刀捅下体爬两公里求助』http://t.cn/A6avySk3 ​", "textLength": 78, "source_allowclick": 0, "source_type": 2, "source": "<a href=\"http://weibo.com/\" rel=\"nofollow\">iPhone客户端</a>", "favorited": false, "truncated": false, "in_reply_to_status_id": "", "in_reply_to_user_id": "", "in_reply_to_screen_name": "", "pic_urls": [], "geo": null, "is_paid": false, "mblog_vip_type": 0, "user": {"id": 1676764137, "idstr": "1676764137", "class": 1, "screen_name": "蒋志", "name": "蒋志", "province": "11", "city": "1000", "location": "北京", "description": "www.jiangzhi.net", "url": "", "profile_image_url": "https://tva3.sinaimg.cn/crop.0.0.180.180.50/63f163e9jw1e8qgp5bmzyj2050050aa8.jpg?KID=imgbed,tva&Expires=1674109260&ssig=W0E1xhMQne", "light_ring": false, "profile_url": "jiangzhi", "domain": "jiangzhi", "weihao": "", "gender": "m", "followers_count": 91262, "followers_count_str": "9.1万", "friends_count": 1092, "pagefriends_count": 0, "statuses_count": 2875, "video_status_count": 4, "video_play_count": 0, "super_topic_not_syn_count": 0, "favourites_count": 1423, "created_at": "Wed Dec 30 20:13:50 +0800 2009", "following": false, "allow_all_act_msg": false, "geo_enabled": true, "verified": true, "verified_type": 0, "remark": "", "insecurity": {"sexual_content": false}, "ptype": 0, "allow_all_comment": false, "avatar_large": "https://tva3.sinaimg.cn/crop.0.0.180.180.180/63f163e9jw1e8qgp5bmzyj2050050aa8.jpg?KID=imgbed,tva&Expires=1674109260&ssig=E2XR5UXFVu", "avatar_hd": "https://tva3.sinaimg.cn/crop.0.0.180.180.1024/63f163e9jw1e8qgp5bmzyj2050050aa8.jpg?KID=imgbed,tva&Expires=1674109260&ssig=Z3PJNrRcfq", "verified_reason": "艺术家、摄影师蒋志", "verified_trade": "1171", "verified_reason_url": "", "verified_source": "", "verified_source_url": "", "verified_state": 0, "verified_level": 3, "verified_type_ext": 0, "has_service_tel": false, "verified_reason_modified": "", "verified_contact_name": "", "verified_contact_email": "", "verified_contact_mobile": "", "follow_me": false, "like": false, "like_me": false, "online_status": 0, "bi_followers_count": 782, "lang": "zh-cn", "star": 0, "mbtype": 0, "mbrank": 0, "svip": 0, "mb_expire_time": 0, "block_word": 0, "block_app": 0, "chaohua_ability": 0, "brand_ability": 0, "nft_ability": 0, "vplus_ability": 0, "wenda_ability": 0, "live_ability": 0, "gongyi_ability": 0, "paycolumn_ability": 0, "newbrand_ability": 0, "ecommerce_ability": 0, "hardfan_ability": 0, "wbcolumn_ability": 0, "credit_score": 80, "user_ability": 262152, "urank": 27, "story_read_state": -1, "verified_detail": {"custom": 0, "data": [{"key": 1, "sub_key": 0, "weight": 10, "desc": "艺术家、摄影师蒋志", "timestamp": 0, "verify_extend": {"real_name_verified": "1"}}]}, "vclub_member": 0, "is_teenager": 0, "is_guardian": 0, "is_teenager_list": 0, "pc_new": 0, "special_follow": false, "planet_video": 2, "video_mark": 2, "live_status": 0, "user_ability_extend": 0, "status_total_counter": {"total_cnt": 82882, "repost_cnt": 53807, "comment_cnt": 18832, "like_cnt": 5854, "comment_like_cnt": 4389}, "video_total_counter": {"play_cnt": 56776}, "brand_account": 0, "hongbaofei": 0, "tab_manage": "[0, 0]", "reward_status": 0, "green_mode": 0, "urisk": 0, "unfollowing_recom_switch": 1, "avatar_type": 0}, "annotations": [{}, {"shooting": 1, "client_mblogid": "iPhone-FAFB345E-2F86-4245-A186-817068CAB3DA"}, {"mapi_request": true}], "reposts_count": 0, "comments_count": 0, "reprint_cmt_count": 0, "attitudes_count": 0, "pending_approval_count": 0, "isLongText": false, "reward_exhibition_type": 0, "hide_flag": 0, "mlevel": 128, "show_mlevel": 0, "biz_ids": [0], "biz_feature": 0, "hasActionTypeCard": 0, "darwin_tags": [], "hot_weibo_tags": [], "text_tag_tips": [], "mblogtype": 0, "userType": 0, "mlevelSource": "monitor", "more_info_type": 0, "number_display_strategy": {"apply_scenario_flag": 3, "display_text_min_number": 1000000, "display_text": "100万+"}, "positive_recom_flag": 0, "content_auth": 0, "gif_ids": "", "is_show_bulletin": 2, "comment_manage_info": {"comment_permission_type": -1, "approval_comment_type": 0, "comment_sort_type": 0, "ai_play_picture_type": 0}, "pic_num": 0, "can_reprint": false, "new_comment_style": 0}, "readtimetype": "comment", "mark_type": 1, "match_ai_play_picture": false}