{"created_at": "Mon Jun 27 14:46:51 +0800 2022", "id": 4784983422275737, "rootid": 4784983422275737, "rootidstr": "4784983422275737", "floor_number": 22, "text": "这个必须加分", "disable_reply": 0, "restrictOperate": 0, "source_allowclick": 0, "source_type": 4, "source": "<a href=\"\" rel=\"nofollow\">来自湖北</a>", "user": {"id": 2657289907, "idstr": "2657289907", "class": 1, "screen_name": "轮回--1973", "name": "轮回--1973", "province": "42", "city": "1", "location": "湖北 武汉", "description": "", "url": "", "profile_image_url": "https://tvax1.sinaimg.cn/default/images/default_avatar_male_50.gif?KID=imgbed,tva&Expires=1674109819&ssig=SVhCwaAr%2FT", "light_ring": false, "cover_image_phone": "https://ww1.sinaimg.cn/crop.0.0.640.640.640/549d0121tw1egm1kjly3jj20hs0hsq4f.jpg", "profile_url": "u/2657289907", "domain": "", "weihao": "", "gender": "m", "followers_count": 117, "followers_count_str": "117", "friends_count": 951, "pagefriends_count": 14, "statuses_count": 5378, "video_status_count": 11, "video_play_count": 0, "super_topic_not_syn_count": 0, "favourites_count": 13, "created_at": "Mon Mar 12 00:00:38 +0800 2012", "following": false, "allow_all_act_msg": false, "geo_enabled": true, "verified": false, "verified_type": -1, "remark": "", "insecurity": {"sexual_content": false}, "ptype": 0, "allow_all_comment": true, "avatar_large": "https://tvax1.sinaimg.cn/default/images/default_avatar_male_180.gif?KID=imgbed,tva&Expires=1674109819&ssig=JRn5veZKix", "avatar_hd": "https://tvax1.sinaimg.cn/default/images/default_avatar_male_180.gif?KID=imgbed,tva&Expires=1674109819&ssig=JRn5veZKix", "verified_reason": "", "verified_trade": "", "verified_reason_url": "", "verified_source": "", "verified_source_url": "", "follow_me": false, "like": false, "like_me": false, "online_status": 0, "bi_followers_count": 10, "lang": "zh-cn", "star": 0, "mbtype": 0, "mbrank": 0, "svip": 0, "mb_expire_time": 0, "block_word": 0, "block_app": 0, "chaohua_ability": 0, "brand_ability": 0, "nft_ability": 0, "vplus_ability": 0, "wenda_ability": 0, "live_ability": 0, "gongyi_ability": 0, "paycolumn_ability": 0, "newbrand_ability": 0, "ecommerce_ability": 0, "hardfan_ability": 0, "wbcolumn_ability": 0, "credit_score": 80, "user_ability": 44303360, "urank": 21, "story_read_state": -1, "vclub_member": 0, "is_teenager": 0, "is_guardian": 0, "is_teenager_list": 0, "pc_new": 7, "special_follow": false, "planet_video": 2, "video_mark": 14, "live_status": 0, "user_ability_extend": 1, "status_total_counter": {"total_cnt": 353, "repost_cnt": 158, "comment_cnt": 83, "like_cnt": 112, "comment_like_cnt": 0}, "video_total_counter": {"play_cnt": 167}, "brand_account": 0, "hongbaofei": 0, "tab_manage": "[0, 0]", "reward_status": 0, "green_mode": 0, "urisk": 0, "unfollowing_recom_switch": 1, "avatar_type": 0}, "mid": "4784983422275737", "idstr": "4784983422275737", "status": {"visible": {"type": 0, "list_id": 0}, "created_at": "Mon Jun 27 12:58:22 +0800 2022", "id": 4784956120764024, "idstr": "4784956120764024", "mid": "4784956120764024", "can_edit": false, "version": 3, "show_additional_indication": 0, "text": "你怎么看？ ​", "textLength": 10, "source_allowclick": 0, "source_type": 1, "source": "<a href=\"http://app.weibo.com/t/feed/6ghA0p\" rel=\"nofollow\">搜狗高速浏览器</a>", "favorited": false, "truncated": false, "in_reply_to_status_id": "", "in_reply_to_user_id": "", "in_reply_to_screen_name": "", "pic_urls": [{"thumbnail_pic": "http://wx4.sinaimg.cn/thumbnail/772623d1ly1h3mpq9r5rhj20j60hv76z.jpg"}], "thumbnail_pic": "http://wx4.sinaimg.cn/thumbnail/772623d1ly1h3mpq9r5rhj20j60hv76z.jpg", "bmiddle_pic": "http://wx4.sinaimg.cn/bmiddle/772623d1ly1h3mpq9r5rhj20j60hv76z.jpg", "original_pic": "http://wx4.sinaimg.cn/large/772623d1ly1h3mpq9r5rhj20j60hv76z.jpg", "geo": null, "is_paid": false, "mblog_vip_type": 0, "user": {"id": 1998988241, "idstr": "1998988241", "class": 1, "screen_name": "胥荣东主任医师", "name": "胥荣东主任医师", "province": "11", "city": "1000", "location": "北京", "description": "北京行知堂中医诊所专家，著作《拳道中枢大成拳》《灵枢经讲解》《筋柔百病消》。原中日友好医院医师，北京中医药大学教师，《火针》国家标准修订者。", "url": "http://blog.sina.com.cn/u/1998988241", "profile_image_url": "https://tvax3.sinaimg.cn/crop.44.60.328.328.50/772623d1ly1fdftml9so1j20b10f8wgl.jpg?KID=imgbed,tva&Expires=1674109819&ssig=rHooZNUpHh", "light_ring": false, "cover_image": "https://wx4.sinaimg.cn/crop.0.0.920.300/772623d1ly1fdfu2sm9u6j20pk08cdv0.jpg", "cover_image_phone": "https://ww2.sinaimg.cn/crop.0.0.640.640.640/7c85468fjw1e8yqb21wg3j20hs0hsmzk.jpg;https://ww1.sinaimg.cn/crop.0.0.640.640.640/9d44112bjw1f1xl1c10tuj20hs0hs0tw.jpg", "profile_url": "u/1998988241", "domain": "", "weihao": "", "gender": "m", "followers_count": 2056427, "followers_count_str": "205.6万", "friends_count": 6383, "pagefriends_count": 8, "statuses_count": 141923, "video_status_count": 1047, "video_play_count": 0, "super_topic_not_syn_count": 0, "favourites_count": 117524, "created_at": "Tue Apr 12 22:01:17 +0800 2011", "following": false, "allow_all_act_msg": true, "geo_enabled": false, "verified": true, "verified_type": 0, "remark": "", "insecurity": {"sexual_content": false}, "ptype": 99, "allow_all_comment": true, "avatar_large": "https://tvax3.sinaimg.cn/crop.44.60.328.328.180/772623d1ly1fdftml9so1j20b10f8wgl.jpg?KID=imgbed,tva&Expires=1674109819&ssig=wOy%2FfZ%2Fax6", "avatar_hd": "https://tvax3.sinaimg.cn/crop.44.60.328.328.1024/772623d1ly1fdftml9so1j20b10f8wgl.jpg?KID=imgbed,tva&Expires=1674109819&ssig=j5tP9BB%2Bit", "verified_reason": "中医科主任医师", "verified_trade": "2018", "verified_reason_url": "", "verified_source": "", "verified_source_url": "", "verified_state": 0, "verified_level": 3, "verified_type_ext": 1, "has_service_tel": false, "verified_reason_modified": "", "verified_contact_name": "", "verified_contact_email": "", "verified_contact_mobile": "", "follow_me": false, "like": false, "like_me": false, "online_status": 0, "bi_followers_count": 2447, "lang": "zh-tw", "star": 0, "mbtype": 12, "mbrank": 7, "svip": 0, "mb_expire_time": 1683129600, "block_word": 0, "block_app": 1, "chaohua_ability": 0, "brand_ability": 0, "nft_ability": 0, "vplus_ability": 1, "wenda_ability": 0, "live_ability": 1, "gongyi_ability": 0, "paycolumn_ability": 0, "newbrand_ability": 0, "ecommerce_ability": 0, "hardfan_ability": 0, "wbcolumn_ability": 0, "ability_tags": "中医,生命医学,养生", "credit_score": 80, "user_ability": 10889752, "urank": 48, "story_read_state": -1, "verified_detail": {"custom": 1, "data": [{"key": 1, "sub_key": 0, "weight": 10, "desc": "中医科主任医师", "timestamp": 0, "verify_extend": {"real_name_verified": "1"}}]}, "vclub_member": 0, "is_teenager": 0, "is_guardian": 0, "is_teenager_list": 0, "pc_new": 6, "special_follow": false, "planet_video": 2, "video_mark": 15, "live_status": 0, "user_ability_extend": 1, "brand_account": 0, "hongbaofei": 0, "tab_manage": "[0, 0]", "reward_status": 0, "green_mode": 0, "urisk": 549755813888, "unfollowing_recom_switch": 1, "avatar_type": 0}, "picStatus": "1", "reposts_count": 0, "comments_count": 0, "reprint_cmt_count": 0, "attitudes_count": 0, "pending_approval_count": 0, "isLongText": false, "reward_exhibition_type": 0, "hide_flag": 0, "mlevel": 128, "show_mlevel": 0, "biz_feature": 0, "hasActionTypeCard": 0, "darwin_tags": [], "hot_weibo_tags": [], "text_tag_tips": [], "mblogtype": 0, "userType": 0, "mlevelSource": "monitor", "more_info_type": 0, "number_display_strategy": {"apply_scenario_flag": 3, "display_text_min_number": 1000000, "display_text": "100万+"}, "positive_recom_flag": 0, "content_auth": 0, "gif_ids": "", "is_show_bulletin": 2, "comment_manage_info": {"comment_permission_type": -1, "approval_comment_type": 0, "comment_sort_type": 0, "ai_play_picture_type": 0}, "pic_num": 1, "can_reprint": false, "new_comment_style": 0}, "readtimetype": "comment", "match_ai_play_picture": false}