{"created_at": "Tue Sep 27 21:29:38 +0800 2022", "id": 4818424470180170, "rootid": 4818424470180170, "rootidstr": "4818424470180170", "floor_number": 5, "text": "只是网友觉得么？", "disable_reply": 0, "restrictOperate": 0, "source_allowclick": 0, "source_type": 4, "source": "<a href=\"\" rel=\"nofollow\">来自广东</a>", "user": {"id": 7739074817, "idstr": "7739074817", "class": 1, "screen_name": "谁的结果都一样", "name": "谁的结果都一样", "province": "44", "city": "3", "location": "广东 深圳", "description": "", "url": "", "profile_image_url": "https://tvax1.sinaimg.cn/default/images/default_avatar_male_50.gif?KID=imgbed,tva&Expires=1669711543&ssig=piZJseTiya", "light_ring": false, "profile_url": "u/7739074817", "domain": "", "weihao": "", "gender": "m", "followers_count": 0, "followers_count_str": "0", "friends_count": 127, "pagefriends_count": 16, "statuses_count": 194, "video_status_count": 3, "video_play_count": 0, "super_topic_not_syn_count": 0, "favourites_count": 2, "created_at": "Sun Feb 06 21:05:59 +0800 2022", "following": false, "allow_all_act_msg": false, "geo_enabled": true, "verified": false, "verified_type": -1, "remark": "", "insecurity": {"sexual_content": false}, "ptype": 0, "allow_all_comment": true, "avatar_large": "https://tvax1.sinaimg.cn/default/images/default_avatar_male_180.gif?KID=imgbed,tva&Expires=1669711543&ssig=eW%2BlLuSTBO", "avatar_hd": "https://tvax1.sinaimg.cn/default/images/default_avatar_male_180.gif?KID=imgbed,tva&Expires=1669711543&ssig=eW%2BlLuSTBO", "verified_reason": "", "verified_trade": "", "verified_reason_url": "", "verified_source": "", "verified_source_url": "", "follow_me": false, "like": false, "like_me": false, "online_status": 0, "bi_followers_count": 0, "lang": "zh-cn", "star": 0, "mbtype": 0, "mbrank": 0, "svip": 0, "mb_expire_time": 0, "block_word": 0, "block_app": 0, "chaohua_ability": 0, "brand_ability": 0, "nft_ability": 0, "vplus_ability": 0, "wenda_ability": 0, "live_ability": 0, "gongyi_ability": 0, "paycolumn_ability": 0, "newbrand_ability": 0, "ecommerce_ability": 0, "hardfan_ability": 0, "credit_score": 80, "user_ability": 2359296, "urank": 0, "story_read_state": -1, "vclub_member": 0, "is_teenager": 0, "is_guardian": 0, "is_teenager_list": 0, "pc_new": 7, "special_follow": false, "planet_video": 2, "video_mark": 0, "live_status": 0, "user_ability_extend": 0, "status_total_counter": {"total_cnt": 19, "repost_cnt": 7, "comment_cnt": 3, "like_cnt": 9, "comment_like_cnt": 0}, "video_total_counter": {"play_cnt": 210}, "brand_account": 0, "hongbaofei": 0, "tab_manage": "[0, 0]", "reward_status": 0, "green_mode": 0, "urisk": 17179869184, "avatar_type": 0}, "mid": "4818424470180170", "idstr": "4818424470180170", "status": {"visible": {"type": 0, "list_id": 0}, "created_at": "Wed Sep 21 16:58:32 +0800 2022", "id": 4816181917128859, "idstr": "4816181917128859", "mid": "4816181917128859", "can_edit": false, "version": 2, "show_additional_indication": 0, "text": "9月20日珠海莲花路，孕妇在路上走着走着生孩子，旁边就是医院，但居然没有医护人员出来帮忙，有网友觉得珠海医院太无情了……[思考][思考]\n\n#你怎么看# http://t.cn/A6SgxPcS ​", "textLength": 162, "source_allowclick": 0, "source_type": 2, "source": "", "favorited": false, "truncated": false, "in_reply_to_status_id": "", "in_reply_to_user_id": "", "in_reply_to_screen_name": "", "pic_urls": [], "geo": null, "is_paid": false, "mblog_vip_type": 0, "user": {"id": 5706542096, "idstr": "5706542096", "class": 1, "screen_name": "搞笑圈小青年", "name": "搞笑圈小青年", "province": "31", "city": "1000", "location": "上海", "description": "这里总有你想看的精彩内容。", "url": "", "profile_image_url": "https://tvax2.sinaimg.cn/crop.0.0.1080.1080.50/006ec4hyly8gxpxv97gtbj30u00u0dgz.jpg?KID=imgbed,tva&Expires=1669711543&ssig=yJDOc7NqDc", "light_ring": false, "cover_image_phone": "http://wx2.sinaimg.cn/crop.0.0.640.640.640/006ec4hyly1h3a326qtaaj30e80e8wfn.jpg", "profile_url": "u/5706542096", "domain": "", "weihao": "", "gender": "m", "followers_count": 8726, "followers_count_str": "8726", "friends_count": 63, "pagefriends_count": 3, "statuses_count": 8094, "video_status_count": 7816, "video_play_count": 0, "super_topic_not_syn_count": 0, "favourites_count": 0, "created_at": "Sun Sep 20 22:14:04 +0800 2015", "following": false, "allow_all_act_msg": false, "geo_enabled": true, "verified": true, "verified_type": 0, "remark": "", "insecurity": {"sexual_content": false}, "ptype": 0, "allow_all_comment": true, "avatar_large": "https://tvax2.sinaimg.cn/crop.0.0.1080.1080.180/006ec4hyly8gxpxv97gtbj30u00u0dgz.jpg?KID=imgbed,tva&Expires=1669711543&ssig=31GfhJcjHB", "avatar_hd": "https://tvax2.sinaimg.cn/crop.0.0.1080.1080.1024/006ec4hyly8gxpxv97gtbj30u00u0dgz.jpg?KID=imgbed,tva&Expires=1669711543&ssig=3Jgib7gNqX", "verified_reason": "搞笑幽默博主", "verified_trade": "", "verified_reason_url": "", "verified_source": "", "verified_source_url": "", "verified_state": 0, "verified_level": 3, "verified_type_ext": 0, "has_service_tel": false, "verified_reason_modified": "", "verified_contact_name": "", "verified_contact_email": "", "verified_contact_mobile": "", "follow_me": false, "like": false, "like_me": false, "online_status": 0, "bi_followers_count": 6, "lang": "zh-cn", "star": 0, "mbtype": 12, "mbrank": 5, "svip": 0, "mb_expire_time": 1734019200, "block_word": 0, "block_app": 1, "chaohua_ability": 0, "brand_ability": 0, "nft_ability": 0, "vplus_ability": 0, "wenda_ability": 0, "live_ability": 0, "gongyi_ability": 0, "paycolumn_ability": 0, "newbrand_ability": 0, "ecommerce_ability": 0, "hardfan_ability": 0, "credit_score": 80, "user_ability": -2145122816, "cardid": "star_1573", "avatargj_id": "gj_vip_719", "urank": 9, "story_read_state": -1, "verified_detail": {"custom": 0, "data": [{"key": 2, "sub_key": 0, "weight": 101, "desc": "搞笑幽默博主", "timestamp": 0}]}, "vclub_member": 0, "is_teenager": 0, "is_guardian": 0, "is_teenager_list": 0, "pc_new": 7, "special_follow": false, "planet_video": 2, "video_mark": 0, "live_status": 0, "user_ability_extend": 0, "status_total_counter": {"total_cnt": 623542, "repost_cnt": 17630, "comment_cnt": 30921, "like_cnt": 291767, "comment_like_cnt": 283224}, "video_total_counter": {"play_cnt": 101052010}, "brand_account": 0, "hongbaofei": 0, "tab_manage": "[0, 0]", "reward_status": 0, "green_mode": 0, "urisk": 0, "avatar_type": 0}, "annotations": [{}, {}, {"client_mblogid": "iPhone-1F5C4304-4D94-40AE-93AC-AF74D6EED007"}, {"mapi_request": true}], "reposts_count": 0, "comments_count": 0, "reprint_cmt_count": 0, "attitudes_count": 0, "pending_approval_count": 0, "isLongText": false, "reward_exhibition_type": 0, "hide_flag": 0, "mlevel": 128, "show_mlevel": 0, "biz_ids": [230444], "biz_feature": 4294967304, "page_type": 64, "hasActionTypeCard": 0, "darwin_tags": [], "hot_weibo_tags": [], "text_tag_tips": [], "mblogtype": 0, "userType": 0, "mlevelSource": "monitor", "more_info_type": 0, "cardid": "star_1573", "number_display_strategy": {"apply_scenario_flag": 3, "display_text_min_number": 1000000, "display_text": "100万+"}, "positive_recom_flag": 0, "content_auth": 0, "gif_ids": "", "is_show_bulletin": 2, "comment_manage_info": {"comment_permission_type": -1, "approval_comment_type": 0, "comment_sort_type": 0, "ai_play_picture_type": 0}, "pic_num": 0, "fid": 4816181411446825, "can_reprint": false, "new_comment_style": 0}, "readtimetype": "comment", "sync_id": 4816181411446825, "sync_uuid": 4816181411446825, "sync_generate_level": 1, "match_ai_play_picture": false}