{"created_at": "Sat Dec 17 06:27:12 +0800 2022", "id": 4847550782243213, "rootid": 4847346690557140, "rootidstr": "4847346690557140", "floor_number": 0, "text": "回复@众星不如一岄:[哈哈][哈哈]", "disable_reply": 0, "is_mblog_author": true, "restrictOperate": 0, "source_allowclick": 0, "source_type": 4, "source": "<a href=\"\" rel=\"nofollow\">来自浙江</a>", "comment_badge": [{"pic_url": "https://h5.sinaimg.cn/upload/1007/25/2019/05/17/feed_icon_poster_identity133low.png", "name": "blogger", "length": 1.33, "actionlog": {"act_code": "3671", "ext": "status:author"}, "scheme": "https://kefu.weibo.com/faqdetail?id=20848"}], "user": {"id": 7323668713, "idstr": "7323668713", "class": 1, "screen_name": "甬尚老兵", "name": "甬尚老兵", "province": "33", "city": "1000", "location": "浙江", "description": "天行健，君子以自强不息；地势坤，君子以厚德载物。余生，努力做一个热爱生活的人，行善事，吐善言，存善念！", "url": "", "profile_image_url": "https://tvax2.sinaimg.cn/crop.0.0.996.996.50/007ZDmMVly8grbsx2nnnsj30ro0rogph.jpg?KID=imgbed,tva&Expires=1673967725&ssig=hs0HO6nY6x", "light_ring": false, "cover_image_phone": "https://wx4.sinaimg.cn/crop.0.0.640.640.640/008axJ55gy1gqmv40bx4zj30u00u0gss.jpg", "profile_url": "u/7323668713", "domain": "", "weihao": "", "gender": "m", "followers_count": 547020, "followers_count_str": "54.7万", "friends_count": 3421, "pagefriends_count": 59, "statuses_count": 24296, "video_status_count": 3388, "video_play_count": 0, "super_topic_not_syn_count": 26, "favourites_count": 5241, "created_at": "Sun Oct 20 18:43:53 +0800 2019", "following": false, "allow_all_act_msg": false, "geo_enabled": true, "verified": true, "verified_type": 0, "remark": "", "insecurity": {"sexual_content": false}, "ptype": 0, "allow_all_comment": true, "avatar_large": "https://tvax2.sinaimg.cn/crop.0.0.996.996.180/007ZDmMVly8grbsx2nnnsj30ro0rogph.jpg?KID=imgbed,tva&Expires=1673967725&ssig=daJWDigdtJ", "avatar_hd": "https://tvax2.sinaimg.cn/crop.0.0.996.996.1024/007ZDmMVly8grbsx2nnnsj30ro0rogph.jpg?KID=imgbed,tva&Expires=1673967725&ssig=jTwgNUh6kT", "verified_reason": "超话主持人（边关月超话） 军事博主", "verified_trade": "", "verified_reason_url": "", "verified_source": "", "verified_source_url": "", "verified_state": 0, "verified_level": 3, "verified_type_ext": 1, "has_service_tel": false, "verified_reason_modified": "", "verified_contact_name": "", "verified_contact_email": "", "verified_contact_mobile": "", "follow_me": false, "like": false, "like_me": false, "online_status": 0, "bi_followers_count": 2717, "lang": "zh-cn", "star": 0, "mbtype": 12, "mbrank": 8, "svip": 1, "mb_expire_time": 1924099200, "block_word": 0, "block_app": 1, "chaohua_ability": 0, "brand_ability": 0, "nft_ability": 0, "vplus_ability": 0, "wenda_ability": 0, "live_ability": 0, "gongyi_ability": 0, "paycolumn_ability": 1, "newbrand_ability": 0, "ecommerce_ability": 0, "hardfan_ability": 1, "wbcolumn_ability": 0, "credit_score": 80, "user_ability": -2136733144, "cardid": "star_100292287294", "avatargj_id": "gj_vip_375", "urank": 0, "story_read_state": -1, "verified_detail": {"custom": 1, "data": [{"key": 8, "sub_key": 0, "weight": 10, "desc": "超话主持人（边关月超话）", "timestamp": 0}, {"key": 2, "sub_key": 0, "weight": 101, "desc": "军事博主", "timestamp": 0}]}, "vclub_member": 0, "is_teenager": 0, "is_guardian": 0, "is_teenager_list": 0, "pc_new": 7, "special_follow": false, "planet_video": 2, "video_mark": 15, "live_status": 0, "user_ability_extend": 0, "status_total_counter": {"total_cnt": 613076, "repost_cnt": 131214, "comment_cnt": 112014, "like_cnt": 246754, "comment_like_cnt": 123094}, "video_total_counter": {"play_cnt": 14877531}, "brand_account": 0, "hongbaofei": 0, "tab_manage": "[0, 0]", "reward_status": 0, "green_mode": 0, "mb_like_privilege": {"like_id": "0028_72", "like_desc": ""}, "urisk": 17179869184, "avatar_type": 0}, "mid": "4847550782243213", "idstr": "4847550782243213", "status": {"visible": {"type": 0, "list_id": 0}, "created_at": "Fri Dec 16 16:50:06 +0800 2022", "id": 4847345152308466, "idstr": "4847345152308466", "mid": "4847345152308466", "can_edit": false, "version": 2, "show_additional_indication": 0, "text": "#边关月[超话]##美军F35B战机降落时机头触地#  突发！[话筒]美国一架F-35垂直降落时出意外，时机头着地。据有关资料报导，F35自服役以来已摔了11架。#甬尚老兵# \nF35B：估计我也阳了，感觉头昏昏沉沉[二哈] http://t.cn/A6K0oohZ ​", "textLength": 212, "source_allowclick": 1, "source_type": 2, "source": "", "favorited": false, "truncated": false, "in_reply_to_status_id": "", "in_reply_to_user_id": "", "in_reply_to_screen_name": "", "pic_urls": [], "geo": null, "is_paid": false, "mblog_vip_type": 0, "user": {"id": 7323668713, "idstr": "7323668713", "class": 1, "screen_name": "甬尚老兵", "name": "甬尚老兵", "province": "33", "city": "1000", "location": "浙江", "description": "天行健，君子以自强不息；地势坤，君子以厚德载物。余生，努力做一个热爱生活的人，行善事，吐善言，存善念！", "url": "", "profile_image_url": "https://tvax2.sinaimg.cn/crop.0.0.996.996.50/007ZDmMVly8grbsx2nnnsj30ro0rogph.jpg?KID=imgbed,tva&Expires=1673967725&ssig=hs0HO6nY6x", "light_ring": false, "cover_image_phone": "https://wx4.sinaimg.cn/crop.0.0.640.640.640/008axJ55gy1gqmv40bx4zj30u00u0gss.jpg", "profile_url": "u/7323668713", "domain": "", "weihao": "", "gender": "m", "followers_count": 547020, "followers_count_str": "54.7万", "friends_count": 3421, "pagefriends_count": 59, "statuses_count": 24296, "video_status_count": 3388, "video_play_count": 0, "super_topic_not_syn_count": 26, "favourites_count": 5241, "created_at": "Sun Oct 20 18:43:53 +0800 2019", "following": false, "allow_all_act_msg": false, "geo_enabled": true, "verified": true, "verified_type": 0, "remark": "", "insecurity": {"sexual_content": false}, "ptype": 0, "allow_all_comment": true, "avatar_large": "https://tvax2.sinaimg.cn/crop.0.0.996.996.180/007ZDmMVly8grbsx2nnnsj30ro0rogph.jpg?KID=imgbed,tva&Expires=1673967725&ssig=daJWDigdtJ", "avatar_hd": "https://tvax2.sinaimg.cn/crop.0.0.996.996.1024/007ZDmMVly8grbsx2nnnsj30ro0rogph.jpg?KID=imgbed,tva&Expires=1673967725&ssig=jTwgNUh6kT", "verified_reason": "超话主持人（边关月超话） 军事博主", "verified_trade": "", "verified_reason_url": "", "verified_source": "", "verified_source_url": "", "verified_state": 0, "verified_level": 3, "verified_type_ext": 1, "has_service_tel": false, "verified_reason_modified": "", "verified_contact_name": "", "verified_contact_email": "", "verified_contact_mobile": "", "follow_me": false, "like": false, "like_me": false, "online_status": 0, "bi_followers_count": 2717, "lang": "zh-cn", "star": 0, "mbtype": 12, "mbrank": 8, "svip": 1, "mb_expire_time": 1924099200, "block_word": 0, "block_app": 1, "chaohua_ability": 0, "brand_ability": 0, "nft_ability": 0, "vplus_ability": 0, "wenda_ability": 0, "live_ability": 0, "gongyi_ability": 0, "paycolumn_ability": 1, "newbrand_ability": 0, "ecommerce_ability": 0, "hardfan_ability": 1, "wbcolumn_ability": 0, "credit_score": 80, "user_ability": -2136733144, "cardid": "star_100292287294", "avatargj_id": "gj_vip_375", "urank": 0, "story_read_state": -1, "verified_detail": {"custom": 1, "data": [{"key": 8, "sub_key": 0, "weight": 10, "desc": "超话主持人（边关月超话）", "timestamp": 0}, {"key": 2, "sub_key": 0, "weight": 101, "desc": "军事博主", "timestamp": 0}]}, "vclub_member": 0, "is_teenager": 0, "is_guardian": 0, "is_teenager_list": 0, "pc_new": 7, "special_follow": false, "planet_video": 2, "video_mark": 15, "live_status": 0, "user_ability_extend": 0, "status_total_counter": {"total_cnt": 613076, "repost_cnt": 131214, "comment_cnt": 112014, "like_cnt": 246754, "comment_like_cnt": 123094}, "video_total_counter": {"play_cnt": 14877531}, "brand_account": 0, "hongbaofei": 0, "tab_manage": "[0, 0]", "reward_status": 0, "green_mode": 0, "mb_like_privilege": {"like_id": "0028_72", "like_desc": ""}, "urisk": 17179869184, "avatar_type": 0}, "annotations": [{}, {}, {"super_tag_id": "4747304266760651"}, {"super_exparams": "{\"system_pic_only\":0}"}, {"client_mblogid": "da93ebda-cc51-49a5-972a-cc0002968c0a"}, {"mapi_request": true}], "reposts_count": 0, "comments_count": 0, "reprint_cmt_count": 0, "attitudes_count": 0, "pending_approval_count": 0, "isLongText": false, "reward_exhibition_type": 0, "hide_flag": 0, "mlevel": 0, "show_mlevel": 0, "biz_ids": [230444], "biz_feature": 4294967304, "topic_id": "1022:10080846b4706edeb2d4db06d4a79d0953fba3", "sync_mblog": true, "is_imported_topic": false, "page_type": 96, "hasActionTypeCard": 0, "darwin_tags": [], "hot_weibo_tags": [], "text_tag_tips": [], "mblogtype": 0, "userType": 0, "more_info_type": 0, "cardid": "star_1628", "number_display_strategy": {"apply_scenario_flag": 3, "display_text_min_number": 1000000, "display_text": "100万+"}, "positive_recom_flag": 0, "content_auth": 0, "gif_ids": "", "is_show_bulletin": 2, "comment_manage_info": {"comment_permission_type": -1, "approval_comment_type": 0, "comment_sort_type": 0, "ai_play_picture_type": 0}, "pic_num": 0, "fid": 4847344922132515, "can_reprint": false, "new_comment_style": 0}, "reply_comment": {"created_at": "Fri Dec 16 16:56:12 +0800 2022", "id": 4847346690557140, "rootid": 4847346690557140, "rootidstr": "4847346690557140", "floor_number": 12, "text": "不必行此大礼[允悲][允悲][允悲][允悲][允悲][允悲][允悲][允悲][允悲]", "disable_reply": 0, "restrictOperate": 0, "user": {"id": 7734838475, "idstr": "7734838475", "class": 1, "screen_name": "众星不如一岄", "name": "众星不如一岄", "province": "51", "city": "1000", "location": "四川", "description": "我来人间一趟，披挂五年军装，纵使回到地方，亦不负军营培养。", "url": "", "profile_image_url": "https://tvax2.sinaimg.cn/crop.0.0.864.864.50/008rsAPhly8ha2des9ncxj30o00o0wgb.jpg?KID=imgbed,tva&Expires=1673967725&ssig=dfTLNab9AX", "light_ring": false, "cover_image_phone": "https://ww1.sinaimg.cn/crop.0.0.640.640.640/549d0121tw1egm1kjly3jj20hs0hsq4f.jpg", "profile_url": "u/7734838475", "domain": "", "weihao": "", "gender": "f", "followers_count": 9175, "followers_count_str": "9175", "friends_count": 558, "pagefriends_count": 27, "statuses_count": 4188, "video_status_count": 464, "video_play_count": 0, "super_topic_not_syn_count": 0, "favourites_count": 0, "created_at": "Wed Jan 12 16:35:34 +0800 2022", "following": false, "allow_all_act_msg": false, "geo_enabled": true, "verified": true, "verified_type": 0, "remark": "", "insecurity": {"sexual_content": false}, "ptype": 0, "allow_all_comment": true, "avatar_large": "https://tvax2.sinaimg.cn/crop.0.0.864.864.180/008rsAPhly8ha2des9ncxj30o00o0wgb.jpg?KID=imgbed,tva&Expires=1673967725&ssig=XMOPLVijMr", "avatar_hd": "https://tvax2.sinaimg.cn/crop.0.0.864.864.1024/008rsAPhly8ha2des9ncxj30o00o0wgb.jpg?KID=imgbed,tva&Expires=1673967725&ssig=b4y0mV9avC", "verified_reason": "成都市万居物业有限公司 项目部主管", "verified_trade": "", "verified_reason_url": "", "verified_source": "", "verified_source_url": "", "verified_state": 0, "verified_level": 3, "verified_type_ext": 0, "has_service_tel": false, "verified_reason_modified": "", "verified_contact_name": "", "verified_contact_email": "", "verified_contact_mobile": "", "follow_me": false, "like": false, "like_me": false, "online_status": 0, "bi_followers_count": 253, "lang": "zh-cn", "star": 0, "mbtype": 0, "mbrank": 0, "svip": 0, "mb_expire_time": 0, "block_word": 0, "block_app": 0, "chaohua_ability": 0, "brand_ability": 0, "nft_ability": 0, "vplus_ability": 0, "wenda_ability": 0, "live_ability": 0, "gongyi_ability": 0, "paycolumn_ability": 0, "newbrand_ability": 0, "ecommerce_ability": 0, "hardfan_ability": 0, "wbcolumn_ability": 0, "credit_score": 80, "user_ability": 2359304, "urank": 0, "story_read_state": -1, "verified_detail": {"custom": 0, "data": [{"key": 1, "sub_key": 0, "weight": 100, "desc": "成都市万居物业有限公司 项目部主管", "timestamp": 0}]}, "vclub_member": 0, "is_teenager": 0, "is_guardian": 0, "is_teenager_list": 0, "pc_new": 7, "special_follow": false, "planet_video": 2, "video_mark": 0, "live_status": 0, "user_ability_extend": 0, "status_total_counter": {"total_cnt": 4880, "repost_cnt": 785, "comment_cnt": 1028, "like_cnt": 3015, "comment_like_cnt": 52}, "video_total_counter": {"play_cnt": 16801}, "brand_account": 0, "hongbaofei": 0, "tab_manage": "[0, 0]", "reward_status": 0, "green_mode": 0, "urisk": 524288, "avatar_type": 0}, "mid": "4847346690557140", "idstr": "4847346690557140", "match_ai_play_picture": false}, "reply_original_text": "[哈哈][哈哈]", "readtimetype": "comment", "match_ai_play_picture": false}