{"created_at": "Thu Dec 29 10:20:06 +0800 2022", "id": 4851958047310812, "rootid": 4851958047310812, "rootidstr": "4851958047310812", "floor_number": 16, "text": "[话筒][话筒]", "disable_reply": 0, "restrictOperate": 0, "user": {"id": 2539377204, "idstr": "2539377204", "class": 1, "screen_name": "成都国际铁路港", "name": "成都国际铁路港", "province": "51", "city": "1000", "location": "四川", "description": "“丝路蓉欧，通达全球”", "url": "", "profile_image_url": "https://tvax2.sinaimg.cn/crop.0.0.673.673.50/975bd234ly8h8w4f55d9kj20ip0ipdgf.jpg?KID=imgbed,tva&Expires=1673967866&ssig=pNIpCS8EQJ", "light_ring": false, "cover_image_phone": "https://wx3.sinaimg.cn/crop.0.0.640.640.640/975bd234ly1gdihqap817j20e80e8wfu.jpg", "profile_url": "u/2539377204", "domain": "", "weihao": "", "gender": "m", "followers_count": 9110, "followers_count_str": "9110", "friends_count": 575, "pagefriends_count": 7, "statuses_count": 79670, "video_status_count": 65, "video_play_count": 0, "super_topic_not_syn_count": 0, "favourites_count": 36, "created_at": "Thu Nov 17 10:03:11 +0800 2011", "following": false, "allow_all_act_msg": false, "geo_enabled": true, "verified": true, "verified_type": 1, "remark": "", "insecurity": {"sexual_content": false}, "ptype": 0, "allow_all_comment": true, "avatar_large": "https://tvax2.sinaimg.cn/crop.0.0.673.673.180/975bd234ly8h8w4f55d9kj20ip0ipdgf.jpg?KID=imgbed,tva&Expires=1673967866&ssig=gvM5nmcVeC", "avatar_hd": "https://tvax2.sinaimg.cn/crop.0.0.673.673.1024/975bd234ly8h8w4f55d9kj20ip0ipdgf.jpg?KID=imgbed,tva&Expires=1673967866&ssig=NvmsRyds7M", "verified_reason": "成都国际铁路港管理委员会官方微博", "verified_trade": "", "verified_reason_url": "", "verified_source": "", "verified_source_url": "", "verified_state": 0, "verified_level": 3, "verified_type_ext": 0, "has_service_tel": false, "verified_reason_modified": "", "verified_contact_name": "", "verified_contact_email": "landport@live.cn", "verified_contact_mobile": "028-83690919", "follow_me": false, "like": false, "like_me": false, "online_status": 0, "bi_followers_count": 303, "lang": "zh-cn", "star": 0, "mbtype": 2, "mbrank": 1, "svip": 0, "mb_expire_time": 1644335999, "block_word": 0, "block_app": 0, "chaohua_ability": 0, "brand_ability": 0, "nft_ability": 0, "vplus_ability": 0, "wenda_ability": 0, "live_ability": 0, "gongyi_ability": 0, "paycolumn_ability": 0, "newbrand_ability": 0, "ecommerce_ability": 0, "hardfan_ability": 0, "wbcolumn_ability": 0, "credit_score": 80, "user_ability": 11796992, "avatargj_id": "gj_vip_660", "urank": 36, "story_read_state": -1, "vclub_member": 0, "is_teenager": 0, "is_guardian": 0, "is_teenager_list": 0, "pc_new": 7, "special_follow": false, "planet_video": 2, "video_mark": 14, "live_status": 0, "user_ability_extend": 0, "status_total_counter": {"total_cnt": 184246, "repost_cnt": 20969, "comment_cnt": 68586, "like_cnt": 77342, "comment_like_cnt": 17349}, "video_total_counter": {"play_cnt": 12187}, "brand_account": 0, "hongbaofei": 0, "tab_manage": "[0, 0]", "reward_status": 0, "green_mode": 0, "urisk": 0, "avatar_type": 0}, "mid": "4851958047310812", "idstr": "4851958047310812", "status": {"visible": {"type": 0, "list_id": 0}, "created_at": "Thu Dec 29 08:51:07 +0800 2022", "id": 4851935657590952, "idstr": "4851935657590952", "mid": "4851935657590952", "can_edit": false, "version": 2, "show_additional_indication": 0, "text": "【#发烧男子跳入结冰池塘救上2孩子#】近日，河南周口，两个孩子掉入结冰的池塘，一男子发烧卧床休息时听到呼喊，冲上冰面紧急营救。两个孩子被成功救上岸。网友：为见义勇为的他点赞！#正能量计划#（中青报） http://t.cn/A6KusjS2 ​", "textLength": 217, "source_allowclick": 1, "source_type": 1, "source": "<a href=\"http://app.weibo.com/t/feed/4e2BNA\" rel=\"nofollow\">nova7Pro你在焦点在</a>", "favorited": false, "truncated": false, "in_reply_to_status_id": "", "in_reply_to_user_id": "", "in_reply_to_screen_name": "", "pic_urls": [], "geo": null, "is_paid": false, "mblog_vip_type": 0, "user": {"id": 3444847840, "idstr": "3444847840", "class": 1, "screen_name": "凉山公安", "name": "凉山公安", "province": "51", "city": "1000", "location": "四川", "description": "", "url": "", "profile_image_url": "https://tvax1.sinaimg.cn/crop.0.0.511.511.50/cd5434e0ly8h8w586eillj20e70e7t9k.jpg?KID=imgbed,tva&Expires=1673967866&ssig=5QDHsLKUCf", "light_ring": false, "cover_image_phone": "https://wx1.sinaimg.cn/crop.0.0.640.640.640/cd5434e0gy1gdiqfeyedqj20e80e8dg7.jpg", "profile_url": "LSZpolice", "domain": "LSZpolice", "weihao": "", "gender": "m", "followers_count": 313775, "followers_count_str": "31.4万", "friends_count": 579, "pagefriends_count": 52, "statuses_count": 22683, "video_status_count": 347, "video_play_count": 0, "super_topic_not_syn_count": 0, "favourites_count": 119, "created_at": "Fri May 10 10:24:45 +0800 2013", "following": false, "allow_all_act_msg": false, "geo_enabled": false, "verified": true, "verified_type": 1, "remark": "", "insecurity": {"sexual_content": false}, "ptype": 0, "allow_all_comment": true, "avatar_large": "https://tvax1.sinaimg.cn/crop.0.0.511.511.180/cd5434e0ly8h8w586eillj20e70e7t9k.jpg?KID=imgbed,tva&Expires=1673967866&ssig=51Xmi4RWIm", "avatar_hd": "https://tvax1.sinaimg.cn/crop.0.0.511.511.1024/cd5434e0ly8h8w586eillj20e70e7t9k.jpg?KID=imgbed,tva&Expires=1673967866&ssig=pFVyew6v%2Br", "verified_reason": "四川省凉山彝族自治州公安局官方微博", "verified_trade": "", "verified_reason_url": "", "verified_source": "", "verified_source_url": "", "verified_state": 0, "verified_level": 3, "verified_type_ext": 0, "has_service_tel": false, "verified_reason_modified": "", "verified_contact_name": "", "verified_contact_email": "", "verified_contact_mobile": "", "follow_me": false, "like": false, "like_me": false, "online_status": 0, "bi_followers_count": 417, "lang": "zh-cn", "star": 0, "mbtype": 2, "mbrank": 1, "svip": 0, "mb_expire_time": 1656086399, "block_word": 0, "block_app": 0, "chaohua_ability": 0, "brand_ability": 0, "nft_ability": 0, "vplus_ability": 0, "wenda_ability": 0, "live_ability": 0, "gongyi_ability": 0, "paycolumn_ability": 1, "newbrand_ability": 0, "ecommerce_ability": 0, "hardfan_ability": 1, "wbcolumn_ability": 0, "credit_score": 80, "user_ability": 11796488, "cardid": "star_1624", "urank": 39, "story_read_state": -1, "vclub_member": 0, "is_teenager": 0, "is_guardian": 0, "is_teenager_list": 0, "pc_new": 7, "special_follow": false, "planet_video": 2, "video_mark": 15, "live_status": 0, "user_ability_extend": 1, "status_total_counter": {"total_cnt": 614741, "repost_cnt": 27976, "comment_cnt": 194035, "like_cnt": 280697, "comment_like_cnt": 112033}, "video_total_counter": {"play_cnt": 976853}, "brand_account": 0, "hongbaofei": 0, "tab_manage": "[0, 0]", "reward_status": 0, "green_mode": 0, "urisk": 0, "avatar_type": 0}, "annotations": [{"ann_ext": "ann_ext:search|t:3|q:#发烧男子跳入结冰池塘救上2孩子#|creator_source:bottomsendweibo|super_exparams=>{\"system_pic_only\":0}"}, {"shooting": 1, "client_mblogid": "65155e1e-9b29-47db-b63f-79284247592d"}, {"mapi_request": true}], "reposts_count": 0, "comments_count": 0, "reprint_cmt_count": 0, "attitudes_count": 0, "pending_approval_count": 0, "isLongText": false, "reward_exhibition_type": 0, "hide_flag": 0, "mlevel": 0, "show_mlevel": 0, "biz_ids": [230444], "biz_feature": 4294967304, "page_type": 64, "hasActionTypeCard": 0, "darwin_tags": [], "hot_weibo_tags": [], "text_tag_tips": [], "mblogtype": 0, "userType": 0, "more_info_type": 0, "cardid": "star_1624", "positive_recom_flag": 0, "content_auth": 0, "gif_ids": "", "is_show_bulletin": 2, "comment_manage_info": {"comment_permission_type": -1, "approval_comment_type": 0, "comment_sort_type": 0, "ai_play_picture_type": 0}, "pic_num": 0, "can_reprint": false, "new_comment_style": 0}, "readtimetype": "comment", "match_ai_play_picture": false}