{"created_at": "Sat Dec 17 14:24:17 +0800 2022", "id": 4847670847603698, "rootid": 4847670847603698, "rootidstr": "4847670847603698", "floor_number": 7, "text": "看到你还真的是特别的难受啊", "disable_reply": 0, "restrictOperate": 0, "source_allowclick": 0, "source_type": 4, "source": "<a href=\"\" rel=\"nofollow\">来自浙江</a>", "user": {"id": 1822923113, "idstr": "1822923113", "class": 1, "screen_name": "ssss555f", "name": "ssss555f", "province": "44", "city": "1", "location": "广东 广州", "description": "你", "url": "http://g.huag.blog.163.com", "profile_image_url": "https://tva3.sinaimg.cn/crop.0.0.720.720.50/6ca79969jw8eeqrj9e4d3j20k00k0gm9.jpg?KID=imgbed,tva&Expires=1673961389&ssig=TsMyI%2Fbahv", "light_ring": false, "cover_image_phone": "https://ww4.sinaimg.cn/crop.0.0.640.640.640/6ce2240djw1e8iktk4ohij20hs0hsmz6.jpg", "profile_url": "u/1822923113", "domain": "", "weihao": "", "gender": "f", "followers_count": 82, "followers_count_str": "82", "friends_count": 722, "pagefriends_count": 11, "statuses_count": 6004, "video_status_count": 0, "video_play_count": 0, "super_topic_not_syn_count": 0, "favourites_count": 5, "created_at": "Thu Sep 23 18:26:55 +0800 2010", "following": false, "allow_all_act_msg": false, "geo_enabled": true, "verified": false, "verified_type": -1, "remark": "", "insecurity": {"sexual_content": false}, "ptype": 0, "allow_all_comment": true, "avatar_large": "https://tva3.sinaimg.cn/crop.0.0.720.720.180/6ca79969jw8eeqrj9e4d3j20k00k0gm9.jpg?KID=imgbed,tva&Expires=1673961389&ssig=uZmLhHkuZd", "avatar_hd": "https://tva3.sinaimg.cn/crop.0.0.720.720.1024/6ca79969jw8eeqrj9e4d3j20k00k0gm9.jpg?KID=imgbed,tva&Expires=1673961389&ssig=XdCP2XWeJ3", "verified_reason": "", "verified_trade": "", "verified_reason_url": "", "verified_source": "", "verified_source_url": "", "follow_me": false, "like": false, "like_me": false, "online_status": 0, "bi_followers_count": 2, "lang": "zh-cn", "star": 0, "mbtype": 0, "mbrank": 0, "svip": 0, "mb_expire_time": 0, "block_word": 0, "block_app": 0, "chaohua_ability": 0, "brand_ability": 0, "nft_ability": 0, "vplus_ability": 0, "wenda_ability": 0, "live_ability": 0, "gongyi_ability": 0, "paycolumn_ability": 0, "newbrand_ability": 0, "ecommerce_ability": 0, "hardfan_ability": 0, "wbcolumn_ability": 0, "credit_score": 80, "user_ability": 2098176, "urank": 9, "story_read_state": -1, "vclub_member": 0, "is_teenager": 0, "is_guardian": 0, "is_teenager_list": 0, "pc_new": 7, "special_follow": false, "planet_video": 0, "video_mark": 0, "live_status": 0, "user_ability_extend": 0, "status_total_counter": {"total_cnt": 11, "repost_cnt": 2, "comment_cnt": 5, "like_cnt": 4, "comment_like_cnt": 0}, "video_total_counter": {"play_cnt": -1}, "brand_account": 0, "hongbaofei": 0, "tab_manage": "[0, 0]", "reward_status": 0, "green_mode": 0, "urisk": 0, "avatar_type": 0}, "mid": "4847670847603698", "idstr": "4847670847603698", "status": {"visible": {"type": 0, "list_id": 0}, "created_at": "Sat Dec 17 14:15:56 +0800 2022", "id": 4847668742325637, "idstr": "4847668742325637", "mid": "4847668742325637", "can_edit": false, "version": 2, "show_additional_indication": 0, "text": "#岳云鹏分享感染新冠后的感受#要被小岳岳笑亖，感染新冠都不忘抖包袱[笑cry][笑cry]网友：小沈阳过敏，岳云鹏放屁，好奇沈腾会是什么反应[允悲][允悲][允悲]还是祝小岳岳早日康复啊[爱你] http://t.cn/A6KOpSzg ​", "textLength": 195, "source_allowclick": 1, "source_type": 2, "source": "", "favorited": false, "truncated": false, "in_reply_to_status_id": "", "in_reply_to_user_id": "", "in_reply_to_screen_name": "", "pic_urls": [], "geo": null, "is_paid": false, "mblog_vip_type": 0, "user": {"id": 1809805170, "idstr": "1809805170", "class": 1, "screen_name": "娱乐视听团", "name": "娱乐视听团", "province": "11", "city": "5", "location": "北京 朝阳区", "description": "随时随地分享好听音乐，以及每天的点滴心情。投稿私信。", "url": "", "profile_image_url": "https://tvax3.sinaimg.cn/crop.0.0.178.178.50/6bdf6f72ly8h8veg50crij204y04y3yd.jpg?KID=imgbed,tva&Expires=1673961389&ssig=kvZdZbfjX9", "light_ring": false, "cover_image": "https://ww4.sinaimg.cn/crop.0.96.980.300/6bdf6f72jw1eadxosbqv3j20r80fbgvk.jpg", "cover_image_phone": "https://wx4.sinaimg.cn/crop.0.0.640.640.640/6bdf6f72ly1fqzf7h46rbj20k00k0gll.jpg", "profile_url": "u/1809805170", "domain": "", "weihao": "", "gender": "f", "followers_count": 7110091, "followers_count_str": "711万", "friends_count": 1453, "pagefriends_count": 509, "statuses_count": 42993, "video_status_count": 15607, "video_play_count": 0, "super_topic_not_syn_count": 4, "favourites_count": 22, "created_at": "Sun Jun 26 05:41:29 +0800 2011", "following": false, "allow_all_act_msg": true, "geo_enabled": true, "verified": true, "verified_type": 0, "remark": "", "insecurity": {"sexual_content": false}, "ptype": 0, "allow_all_comment": true, "avatar_large": "https://tvax3.sinaimg.cn/crop.0.0.178.178.180/6bdf6f72ly8h8veg50crij204y04y3yd.jpg?KID=imgbed,tva&Expires=1673961389&ssig=PgVlKDtkVa", "avatar_hd": "https://tvax3.sinaimg.cn/crop.0.0.178.178.1024/6bdf6f72ly8h8veg50crij204y04y3yd.jpg?KID=imgbed,tva&Expires=1673961389&ssig=g2%2B1Ile64b", "verified_reason": "知名音乐博主 音乐视频自媒体", "verified_trade": "3554", "verified_reason_url": "", "verified_source": "", "verified_source_url": "", "verified_state": 0, "verified_level": 3, "verified_type_ext": 1, "has_service_tel": false, "verified_reason_modified": "", "verified_contact_name": "", "verified_contact_email": "", "verified_contact_mobile": "", "follow_me": false, "like": false, "like_me": false, "online_status": 0, "bi_followers_count": 421, "lang": "zh-cn", "star": 0, "mbtype": 12, "mbrank": 7, "svip": 0, "mb_expire_time": 2807884800, "block_word": 0, "block_app": 1, "chaohua_ability": 0, "brand_ability": 0, "nft_ability": 0, "vplus_ability": 0, "wenda_ability": 0, "live_ability": 0, "gongyi_ability": 0, "paycolumn_ability": 0, "newbrand_ability": 0, "ecommerce_ability": 0, "hardfan_ability": 1, "wbcolumn_ability": 0, "credit_score": 80, "user_ability": 11797256, "cardid": "star_1605", "avatargj_id": "gj_vip_731", "urank": 47, "story_read_state": -1, "verified_detail": {"custom": 1, "data": [{"key": 2, "sub_key": 0, "weight": 10, "desc": "知名音乐博主", "timestamp": 0}, {"key": 16, "sub_key": 10, "weight": 103, "desc": "音乐视频自媒体", "timestamp": 0}]}, "vclub_member": 0, "is_teenager": 0, "is_guardian": 0, "is_teenager_list": 0, "pc_new": 7, "special_follow": false, "planet_video": 2, "video_mark": 15, "live_status": 0, "user_ability_extend": 0, "status_total_counter": {"total_cnt": 30546791, "repost_cnt": 7201866, "comment_cnt": 5850628, "like_cnt": 15936577, "comment_like_cnt": 1557720}, "video_total_counter": {"play_cnt": 453409294}, "brand_account": 0, "hongbaofei": 0, "tab_manage": "[0, 0]", "reward_status": 0, "green_mode": 0, "urisk": 1048576, "avatar_type": 0}, "annotations": [{}, {}, {"client_mblogid": "a38c8062-b26c-4366-af3d-905f8b23ad28"}, {"mapi_request": true}], "reposts_count": 0, "comments_count": 0, "reprint_cmt_count": 0, "attitudes_count": 0, "pending_approval_count": 0, "isLongText": false, "reward_exhibition_type": 0, "hide_flag": 0, "mlevel": 0, "show_mlevel": 0, "biz_ids": [230444], "biz_feature": 4294967304, "page_type": 64, "hasActionTypeCard": 0, "darwin_tags": [], "hot_weibo_tags": [], "text_tag_tips": [], "mblogtype": 0, "userType": 0, "more_info_type": 0, "cardid": "star_1605", "number_display_strategy": {"apply_scenario_flag": 3, "display_text_min_number": 1000000, "display_text": "100万+"}, "positive_recom_flag": 0, "content_auth": 0, "gif_ids": "", "is_show_bulletin": 2, "comment_manage_info": {"comment_permission_type": -1, "approval_comment_type": 0, "comment_sort_type": 0, "ai_play_picture_type": 0}, "pic_num": 0, "fid": 4847668617543731, "can_reprint": false, "new_comment_style": 0}, "readtimetype": "comment", "match_ai_play_picture": false}