{"created_at": "Sat Jul 02 05:47:33 +0800 2022", "id": 4786659641524818, "rootid": 4786659641524818, "rootidstr": "4786659641524818", "floor_number": 15, "text": "是因为啥事 那个小三吗", "disable_reply": 0, "restrictOperate": 0, "source_allowclick": 0, "source_type": 4, "source": "<a href=\"\" rel=\"nofollow\">来自广东</a>", "user": {"id": 6183089795, "idstr": "6183089795", "class": 1, "screen_name": "胡萝卜aaask", "name": "胡萝卜aaask", "province": "82", "city": "1000", "location": "澳门", "description": "冲浪", "url": "", "profile_image_url": "https://tvax1.sinaimg.cn/crop.0.0.1080.1080.50/006KrC6Lly8gnl2wydfg0j30u00u0dh6.jpg?KID=imgbed,tva&Expires=1670007739&ssig=JpQCJm0VZ1", "light_ring": false, "cover_image_phone": "http://ww1.sinaimg.cn/crop.0.0.640.640.640/549d0121tw1egm1kjly3jj20hs0hsq4f.jpg", "profile_url": "u/6183089795", "domain": "", "weihao": "", "gender": "f", "followers_count": 74, "followers_count_str": "74", "friends_count": 90, "pagefriends_count": 0, "statuses_count": 107, "video_status_count": 0, "video_play_count": 0, "super_topic_not_syn_count": 0, "favourites_count": 72, "created_at": "Sun Mar 26 17:02:13 +0800 2017", "following": false, "allow_all_act_msg": false, "geo_enabled": true, "verified": false, "verified_type": -1, "remark": "", "insecurity": {"sexual_content": false}, "ptype": 0, "allow_all_comment": false, "avatar_large": "https://tvax1.sinaimg.cn/crop.0.0.1080.1080.180/006KrC6Lly8gnl2wydfg0j30u00u0dh6.jpg?KID=imgbed,tva&Expires=1670007739&ssig=MrhlfEV%2FvZ", "avatar_hd": "https://tvax1.sinaimg.cn/crop.0.0.1080.1080.1024/006KrC6Lly8gnl2wydfg0j30u00u0dh6.jpg?KID=imgbed,tva&Expires=1670007739&ssig=yk67hlKlBY", "verified_reason": "", "verified_trade": "", "verified_reason_url": "", "verified_source": "", "verified_source_url": "", "follow_me": false, "like": false, "like_me": false, "online_status": 0, "bi_followers_count": 0, "lang": "zh-cn", "star": 0, "mbtype": 2, "mbrank": 1, "svip": 0, "mb_expire_time": 0, "block_word": 0, "block_app": 0, "chaohua_ability": 0, "brand_ability": 0, "nft_ability": 0, "vplus_ability": 0, "wenda_ability": 0, "live_ability": 0, "gongyi_ability": 0, "paycolumn_ability": 0, "newbrand_ability": 0, "ecommerce_ability": 0, "hardfan_ability": 0, "credit_score": 80, "user_ability": 0, "urank": 4, "story_read_state": -1, "vclub_member": 0, "is_teenager": 0, "is_guardian": 0, "is_teenager_list": 0, "pc_new": 0, "special_follow": false, "planet_video": 0, "video_mark": 0, "live_status": 0, "user_ability_extend": 0, "status_total_counter": {"total_cnt": 10, "repost_cnt": 2, "comment_cnt": 3, "like_cnt": 5, "comment_like_cnt": 0}, "video_total_counter": {"play_cnt": -1}, "brand_account": 0, "hongbaofei": 0, "tab_manage": "[66186, 0]", "reward_status": 0, "green_mode": 0, "urisk": 0, "avatar_type": 0}, "mid": "4786659641524818", "idstr": "4786659641524818", "status": {"visible": {"type": 0, "list_id": 0}, "created_at": "Sat Jul 02 00:57:39 +0800 2022", "id": 4786586690781392, "idstr": "4786586690781392", "mid": "4786586690781392", "can_edit": false, "version": 3, "show_additional_indication": 0, "text": "南京🏦崩盘[哆啦A梦吃惊] 储户注意风险啊\nhttp://t.cn/A6afOEkN ​", "textLength": 61, "source_allowclick": 0, "source_type": 2, "source": "", "favorited": false, "truncated": false, "in_reply_to_status_id": "", "in_reply_to_user_id": "", "in_reply_to_screen_name": "", "pic_urls": [{"thumbnail_pic": "http://wx1.sinaimg.cn/thumbnail/007dbVucgy1h3rwv1xkvbj30pq0shgqa.jpg"}, {"thumbnail_pic": "http://wx4.sinaimg.cn/thumbnail/007dbVucgy1h3rwv2i8y3j30pp13hgsh.jpg"}, {"thumbnail_pic": "http://wx2.sinaimg.cn/thumbnail/007dbVucgy1h3rwv31598j30pf1kawl2.jpg"}, {"thumbnail_pic": "http://wx4.sinaimg.cn/thumbnail/007dbVucgy1h3rwv3g205j30xo0mdwzx.jpg"}, {"thumbnail_pic": "http://wx4.sinaimg.cn/thumbnail/007dbVucgy1h3rwzpp6i7j30pq1nq7ee.jpg"}, {"thumbnail_pic": "http://wx2.sinaimg.cn/thumbnail/007dbVucgy1h3rwv4nkv9j30pg1nb0yf.jpg"}, {"thumbnail_pic": "http://wx4.sinaimg.cn/thumbnail/007dbVucgy1h3rwv1dl1aj30pd1kdq80.jpg"}, {"thumbnail_pic": "http://wx4.sinaimg.cn/thumbnail/007dbVucgy1h3rwv55j48j30wi1ycjys.jpg"}, {"thumbnail_pic": "http://wx1.sinaimg.cn/thumbnail/007dbVucgy1h3rwycxmnrj30ia0jttgf.jpg"}], "thumbnail_pic": "http://wx1.sinaimg.cn/thumbnail/007dbVucgy1h3rwv1xkvbj30pq0shgqa.jpg", "bmiddle_pic": "http://wx1.sinaimg.cn/bmiddle/007dbVucgy1h3rwv1xkvbj30pq0shgqa.jpg", "original_pic": "http://wx1.sinaimg.cn/large/007dbVucgy1h3rwv1xkvbj30pq0shgqa.jpg", "geo": null, "is_paid": false, "mblog_vip_type": 0, "user": {"id": 6607864780, "idstr": "6607864780", "class": 1, "screen_name": "goi扒扒子", "name": "goi扒扒子", "province": "100", "city": "1000", "location": "其他", "description": "私信收不到 可投稿小号（见置顶）", "url": "", "profile_image_url": "https://tvax1.sinaimg.cn/default/images/default_avatar_female_50.gif?KID=imgbed,tva&Expires=1670007739&ssig=rPhNTIs6qf", "light_ring": false, "cover_image_phone": "http://wx4.sinaimg.cn/crop.0.0.640.640.640/007dbVucgy1h1nmyc76sxj30hs0hsjsh.jpg;http://wx3.sinaimg.cn/crop.0.0.640.640.640/007dbVucgy1h1nmy7g2enj30e70e7ab7.jpg;http://wx3.sinaimg.cn/crop.0.0.640.640.640/007dbVucgy1h3xleki0bwj30ox0ox40d.jpg;http://wx1.sinaimg.cn/crop.0.0.640.640.640/007dbVucgy1h1nmyhgub3j30rn0rngmv.jpg;http://wx4.sinaimg.cn/crop.0.0.640.640.640/007dbVucgy1h1nmzxzztqj30qo0qojt0.jpg;http://wx2.sinaimg.cn/crop.0.0.640.640.640/007dbVucgy1h1nmynertwj30mz0mzjtu.jpg;http://wx1.sinaimg.cn/crop.0.0.640.640.640/007dbVucgy1h2omexvk0aj30hs0hsdgy.jpg", "profile_url": "u/6607864780", "domain": "", "weihao": "", "gender": "f", "followers_count": 92369, "followers_count_str": "9.2万", "friends_count": 364, "pagefriends_count": 29, "statuses_count": 1413, "video_status_count": 93, "video_play_count": 0, "super_topic_not_syn_count": 0, "favourites_count": 81, "created_at": "Sat Jul 21 21:56:23 +0800 2018", "following": false, "allow_all_act_msg": false, "geo_enabled": true, "verified": false, "verified_type": -1, "remark": "", "insecurity": {"sexual_content": false}, "ptype": 0, "allow_all_comment": true, "avatar_large": "https://tvax1.sinaimg.cn/default/images/default_avatar_female_180.gif?KID=imgbed,tva&Expires=1670007739&ssig=Fi1AVIb4w9", "avatar_hd": "https://tvax1.sinaimg.cn/default/images/default_avatar_female_180.gif?KID=imgbed,tva&Expires=1670007739&ssig=Fi1AVIb4w9", "verified_reason": "", "verified_trade": "", "verified_reason_url": "", "verified_source": "", "verified_source_url": "", "follow_me": false, "like": false, "like_me": false, "online_status": 0, "bi_followers_count": 62, "lang": "zh-cn", "star": 0, "mbtype": 12, "mbrank": 3, "svip": 0, "mb_expire_time": 1694188800, "block_word": 0, "block_app": 1, "chaohua_ability": 0, "brand_ability": 0, "nft_ability": 0, "vplus_ability": 0, "wenda_ability": 0, "live_ability": 0, "gongyi_ability": 0, "paycolumn_ability": 0, "newbrand_ability": 0, "ecommerce_ability": 0, "hardfan_ability": 1, "credit_score": 80, "user_ability": -2145123832, "cardid": "star_1554", "avatargj_id": "gj_vip_642", "urank": 4, "story_read_state": -1, "vclub_member": 0, "is_teenager": 0, "is_guardian": 0, "is_teenager_list": 0, "pc_new": 7, "special_follow": false, "planet_video": 2, "video_mark": 2, "live_status": 0, "user_ability_extend": 0, "status_total_counter": {"total_cnt": 533121, "repost_cnt": 16968, "comment_cnt": 49157, "like_cnt": 75224, "comment_like_cnt": 391772}, "video_total_counter": {"play_cnt": 9844668}, "brand_account": 0, "hongbaofei": 0, "tab_manage": "[0, 0]", "reward_status": 0, "green_mode": 0, "urisk": 0, "avatar_type": 0}, "annotations": [{"photo_sub_type": "0,0,0,0,0,0,0,0,0"}, {}, {"client_mblogid": "iPhone-6A8595BF-53B4-42B8-B650-44CA3F92C9B0"}, {"mapi_request": true}], "picStatus": "0:1,1:1,2:1,3:1,4:1,5:1,6:1,7:1,8:1", "reposts_count": 0, "comments_count": 0, "reprint_cmt_count": 0, "attitudes_count": 0, "pending_approval_count": 0, "isLongText": false, "reward_exhibition_type": 0, "hide_flag": 0, "mlevel": 128, "show_mlevel": 0, "biz_ids": [0], "biz_feature": 4294967300, "hasActionTypeCard": 0, "darwin_tags": [], "hot_weibo_tags": [], "text_tag_tips": [], "mblogtype": 0, "userType": 0, "mlevelSource": "monitor", "more_info_type": 0, "cardid": "star_1554", "number_display_strategy": {"apply_scenario_flag": 3, "display_text_min_number": 1000000, "display_text": "100万+"}, "positive_recom_flag": 0, "content_auth": 0, "gif_ids": "", "is_show_bulletin": 2, "comment_manage_info": {"comment_permission_type": -1, "approval_comment_type": 0, "comment_sort_type": 0, "ai_play_picture_type": 0}, "pic_num": 9, "can_reprint": false, "new_comment_style": 0}, "readtimetype": "comment", "match_ai_play_picture": false}