{"created_at": "Sun Dec 11 15:16:41 +0800 2022", "id": 4845509704161029, "rootid": 4845486312524594, "rootidstr": "4845486312524594", "floor_number": 0, "text": "回复@满脸胶原蛋白的美美:研究疫苗病理的是谁？！？！？！你咋不说他还研究了你脸上的胶原蛋白咧！", "disable_reply": 0, "restrictOperate": 0, "source_allowclick": 0, "source_type": 4, "source": "<a href=\"\" rel=\"nofollow\">来自新疆</a>", "user": {"id": 6421707899, "idstr": "6421707899", "class": 1, "screen_name": "乌梅蜜饯", "name": "乌梅蜜饯", "province": "65", "city": "1", "location": "新疆 乌鲁木齐", "description": "说说国企那些事儿", "url": "http://blog.sina.com.cn/wumeimijian", "profile_image_url": "https://tvax3.sinaimg.cn/crop.0.0.996.996.50/0070APzRly8fwmnwd2c85j30ro0rowhj.jpg?KID=imgbed,tva&Expires=1673959176&ssig=5ZK9ri6epa", "light_ring": false, "cover_image_phone": "https://ww1.sinaimg.cn/crop.0.0.640.640.640/549d0121tw1egm1kjly3jj20hs0hsq4f.jpg", "profile_url": "u/6421707899", "domain": "", "weihao": "", "gender": "m", "followers_count": 23, "followers_count_str": "23", "friends_count": 40, "pagefriends_count": 6, "statuses_count": 67, "video_status_count": 0, "video_play_count": 0, "super_topic_not_syn_count": 9, "favourites_count": 26, "created_at": "Fri Dec 01 10:44:08 +0800 2017", "following": false, "allow_all_act_msg": false, "geo_enabled": true, "verified": false, "verified_type": -1, "remark": "", "insecurity": {"sexual_content": false}, "ptype": 0, "allow_all_comment": true, "avatar_large": "https://tvax3.sinaimg.cn/crop.0.0.996.996.180/0070APzRly8fwmnwd2c85j30ro0rowhj.jpg?KID=imgbed,tva&Expires=1673959176&ssig=TKi%2FuKdJke", "avatar_hd": "https://tvax3.sinaimg.cn/crop.0.0.996.996.1024/0070APzRly8fwmnwd2c85j30ro0rowhj.jpg?KID=imgbed,tva&Expires=1673959176&ssig=dX0Coibs32", "verified_reason": "", "verified_trade": "", "verified_reason_url": "", "verified_source": "", "verified_source_url": "", "follow_me": false, "like": false, "like_me": false, "online_status": 0, "bi_followers_count": 1, "lang": "zh-cn", "star": 0, "mbtype": 0, "mbrank": 0, "svip": 0, "mb_expire_time": 0, "block_word": 0, "block_app": 0, "chaohua_ability": 0, "brand_ability": 0, "nft_ability": 0, "vplus_ability": 0, "wenda_ability": 0, "live_ability": 0, "gongyi_ability": 0, "paycolumn_ability": 0, "newbrand_ability": 0, "ecommerce_ability": 0, "hardfan_ability": 0, "wbcolumn_ability": 0, "credit_score": 80, "user_ability": 2359296, "urank": 4, "story_read_state": -1, "vclub_member": 0, "is_teenager": 0, "is_guardian": 0, "is_teenager_list": 0, "pc_new": 0, "special_follow": false, "planet_video": 2, "video_mark": 0, "live_status": 0, "user_ability_extend": 0, "status_total_counter": {"total_cnt": 153, "repost_cnt": 3, "comment_cnt": 14, "like_cnt": 133, "comment_like_cnt": 3}, "video_total_counter": {"play_cnt": 1246}, "brand_account": 0, "hongbaofei": 0, "tab_manage": "[0, 0]", "reward_status": 0, "green_mode": 0, "urisk": 17179869184, "avatar_type": 0}, "mid": "4845509704161029", "idstr": "4845509704161029", "status": {"visible": {"type": 0, "list_id": 0}, "created_at": "Sun Dec 11 10:11:42 +0800 2022", "id": 4845432951541662, "idstr": "4845432951541662", "mid": "4845432951541662", "can_edit": false, "version": 2, "show_additional_indication": 0, "text": "什么时候能恢复到疫情前生活状态？钟南山院士：预计明年上半年。#钟南山认为今年就地过年可能性很小#（人民日报） http://t.cn/A6Koq0pO ​", "textLength": 127, "source_allowclick": 0, "source_type": 1, "source": "<a href=\"http://app.weibo.com/t/feed/xEsRX\" rel=\"nofollow\">新版微博 weibo.com</a>", "favorited": false, "truncated": false, "in_reply_to_status_id": "", "in_reply_to_user_id": "", "in_reply_to_screen_name": "", "pic_urls": [], "geo": null, "is_paid": false, "mblog_vip_type": 0, "user": {"id": 3302689634, "idstr": "3302689634", "class": 1, "screen_name": "永州发布", "name": "永州发布", "province": "43", "city": "11", "location": "湖南 永州", "description": "传递政务信息，提供服务资讯。“永州发布”期待您的关注，共话“幸福永州”。", "url": "", "profile_image_url": "https://tvax2.sinaimg.cn/crop.0.0.180.180.50/c4db0b62ly8h8vgvi6h79j2050050gll.jpg?KID=imgbed,tva&Expires=1673959176&ssig=Udmc%2BBfgHC", "light_ring": false, "cover_image": "https://wx4.sinaimg.cn/crop.0.0.920.300/c4db0b62gy1gdjwq8uqglj20pk08cdsm.jpg", "cover_image_phone": "https://ww1.sinaimg.cn/crop.0.0.640.640.640/549d0121tw1egm1kjly3jj20hs0hsq4f.jpg", "profile_url": "yongzhoufabu", "domain": "yongzhoufabu", "weihao": "", "gender": "m", "followers_count": 233244, "followers_count_str": "23.3万", "friends_count": 288, "pagefriends_count": 19, "statuses_count": 23460, "video_status_count": 5487, "video_play_count": 0, "super_topic_not_syn_count": 0, "favourites_count": 14, "created_at": "Mon Apr 08 09:49:35 +0800 2013", "following": false, "allow_all_act_msg": false, "geo_enabled": true, "verified": true, "verified_type": 1, "remark": "", "insecurity": {"sexual_content": false}, "ptype": 200, "allow_all_comment": true, "avatar_large": "https://tvax2.sinaimg.cn/crop.0.0.180.180.180/c4db0b62ly8h8vgvi6h79j2050050gll.jpg?KID=imgbed,tva&Expires=1673959176&ssig=mbbC%2Bqj1Lf", "avatar_hd": "https://tvax2.sinaimg.cn/crop.0.0.180.180.1024/c4db0b62ly8h8vgvi6h79j2050050gll.jpg?KID=imgbed,tva&Expires=1673959176&ssig=2GxPhucPCQ", "verified_reason": "中共永州市委宣传部官方微博", "verified_trade": "", "verified_reason_url": "", "verified_source": "", "verified_source_url": "", "verified_state": 0, "verified_level": 3, "verified_type_ext": 0, "has_service_tel": false, "verified_reason_modified": "", "verified_contact_name": "", "verified_contact_email": "", "verified_contact_mobile": "", "follow_me": false, "like": false, "like_me": false, "online_status": 0, "bi_followers_count": 144, "lang": "zh-cn", "star": 0, "mbtype": 2, "mbrank": 4, "svip": 0, "mb_expire_time": 1673193599, "block_word": 0, "block_app": 0, "chaohua_ability": 0, "brand_ability": 0, "nft_ability": 0, "vplus_ability": 0, "wenda_ability": 0, "live_ability": 0, "gongyi_ability": 0, "paycolumn_ability": 0, "newbrand_ability": 0, "ecommerce_ability": 0, "hardfan_ability": 0, "wbcolumn_ability": 0, "credit_score": 80, "user_ability": 8651276, "cardid": "star_1624", "urank": 38, "story_read_state": -1, "vclub_member": 0, "is_teenager": 0, "is_guardian": 0, "is_teenager_list": 0, "pc_new": 7, "special_follow": false, "planet_video": 2, "video_mark": 15, "live_status": 0, "user_ability_extend": 0, "status_total_counter": {"total_cnt": 557495, "repost_cnt": 88785, "comment_cnt": 65656, "like_cnt": 352843, "comment_like_cnt": 50211}, "video_total_counter": {"play_cnt": 35262363}, "brand_account": 0, "hongbaofei": 0, "tab_manage": "[0, 0]", "reward_status": 0, "green_mode": 0, "urisk": 0, "avatar_type": 0}, "annotations": [{}, {}, {"mapi_request": true}], "reposts_count": 0, "comments_count": 0, "reprint_cmt_count": 0, "attitudes_count": 0, "pending_approval_count": 0, "isLongText": false, "reward_exhibition_type": 0, "hide_flag": 0, "mlevel": 0, "show_mlevel": 0, "biz_ids": [230444], "biz_feature": 4294967304, "page_type": 64, "hasActionTypeCard": 0, "darwin_tags": [], "hot_weibo_tags": [], "text_tag_tips": [], "mblogtype": 0, "userType": 0, "more_info_type": 0, "cardid": "star_1624", "positive_recom_flag": 0, "content_auth": 0, "gif_ids": "", "is_show_bulletin": 2, "comment_manage_info": {"comment_permission_type": -1, "approval_comment_type": 0, "comment_sort_type": 0, "ai_play_picture_type": 0}, "pic_num": 0, "fid": 4845432730550279, "can_reprint": false, "new_comment_style": 0}, "reply_comment": {"created_at": "Sun Dec 11 14:12:10 +0800 2022", "id": 4845493466696852, "rootid": 4845486312524594, "rootidstr": "4845486312524594", "floor_number": 0, "text": "回复@乌梅蜜饯:最开始疫情时候，人家去研究疫苗研究病理的时候你怎么不说屁话真多，搞笑[微笑]", "disable_reply": 0, "restrictOperate": 0, "user": {"id": 5426467728, "idstr": "5426467728", "class": 1, "screen_name": "满脸胶原蛋白的美美", "name": "满脸胶原蛋白的美美", "province": "100", "city": "1000", "location": "其他", "description": "双向的奔赴才有意义…", "url": "", "profile_image_url": "https://tvax1.sinaimg.cn/crop.0.0.996.996.50/005VeU92ly8gn5stle9a9j30ro0rogpk.jpg?KID=imgbed,tva&Expires=1673959176&ssig=kBIHi8tOIr", "light_ring": false, "cover_image_phone": "https://ww2.sinaimg.cn/crop.0.0.640.640.640/a1d3feabjw1ecat6lu6j1j20hs0hsmzf.jpg", "profile_url": "u/5426467728", "domain": "", "weihao": "", "gender": "f", "followers_count": 69, "followers_count_str": "69", "friends_count": 217, "pagefriends_count": 14, "statuses_count": 29, "video_status_count": 0, "video_play_count": 0, "super_topic_not_syn_count": 0, "favourites_count": 0, "created_at": "Thu Jan 22 13:56:57 +0800 2015", "following": false, "allow_all_act_msg": false, "geo_enabled": true, "verified": false, "verified_type": -1, "remark": "", "insecurity": {"sexual_content": false}, "ptype": 0, "allow_all_comment": true, "avatar_large": "https://tvax1.sinaimg.cn/crop.0.0.996.996.180/005VeU92ly8gn5stle9a9j30ro0rogpk.jpg?KID=imgbed,tva&Expires=1673959176&ssig=pX%2FGDQgHBW", "avatar_hd": "https://tvax1.sinaimg.cn/crop.0.0.996.996.1024/005VeU92ly8gn5stle9a9j30ro0rogpk.jpg?KID=imgbed,tva&Expires=1673959176&ssig=BdUn0C7%2FIr", "verified_reason": "", "verified_trade": "", "verified_reason_url": "", "verified_source": "", "verified_source_url": "", "follow_me": false, "like": false, "like_me": false, "online_status": 0, "bi_followers_count": 4, "lang": "zh-cn", "star": 0, "mbtype": 0, "mbrank": 0, "svip": 0, "mb_expire_time": 0, "block_word": 0, "block_app": 0, "chaohua_ability": 0, "brand_ability": 0, "nft_ability": 0, "vplus_ability": 0, "wenda_ability": 0, "live_ability": 0, "gongyi_ability": 0, "paycolumn_ability": 0, "newbrand_ability": 0, "ecommerce_ability": 0, "hardfan_ability": 0, "wbcolumn_ability": 0, "credit_score": 80, "user_ability": 35652608, "urank": 9, "story_read_state": -1, "vclub_member": 0, "is_teenager": 0, "is_guardian": 0, "is_teenager_list": 0, "pc_new": 0, "special_follow": false, "planet_video": 2, "video_mark": 2, "live_status": 0, "user_ability_extend": 0, "status_total_counter": {"total_cnt": 2, "repost_cnt": 0, "comment_cnt": 0, "like_cnt": 2, "comment_like_cnt": 0}, "video_total_counter": {"play_cnt": 0}, "brand_account": 0, "hongbaofei": 0, "tab_manage": "[0, 0]", "reward_status": 0, "green_mode": 0, "urisk": 0, "avatar_type": 0}, "mid": "4845493466696852", "idstr": "4845493466696852", "match_ai_play_picture": false}, "reply_original_text": "研究疫苗病理的是谁？！？！？！你咋不说他还研究了你脸上的胶原蛋白咧！", "readtimetype": "comment", "match_ai_play_picture": false}