{"created_at": "Sun Dec 11 16:16:51 +0800 2022", "id": 4845524844811644, "rootid": 4845433799575813, "rootidstr": "4845433799575813", "floor_number": 0, "text": "[抱一抱]这节奏不要停[色]", "disable_reply": 0, "restrictOperate": 0, "source_allowclick": 0, "source_type": 4, "source": "<a href=\"\" rel=\"nofollow\">来自福建</a>", "user": {"id": 3915537965, "idstr": "3915537965", "class": 1, "screen_name": "稳妥一个萌妹T1NT", "name": "稳妥一个萌妹T1NT", "province": "53", "city": "1000", "location": "云南", "description": "虎牙。", "url": "", "profile_image_url": "https://tvax1.sinaimg.cn/default/images/default_avatar_male_50.gif?KID=imgbed,tva&Expires=1670759294&ssig=3IErtNQYQS", "light_ring": false, "cover_image_phone": "https://ww1.sinaimg.cn/crop.0.0.640.640.640/549d0121tw1egm1kjly3jj20hs0hsq4f.jpg", "profile_url": "u/3915537965", "domain": "", "weihao": "", "gender": "m", "followers_count": 74, "followers_count_str": "74", "friends_count": 45, "pagefriends_count": 0, "statuses_count": 265, "video_status_count": 0, "video_play_count": 0, "super_topic_not_syn_count": 0, "favourites_count": 10, "created_at": "Sun Dec 01 09:13:08 +0800 2013", "following": false, "allow_all_act_msg": false, "geo_enabled": true, "verified": false, "verified_type": -1, "remark": "", "insecurity": {"sexual_content": false}, "ptype": 0, "allow_all_comment": true, "avatar_large": "https://tvax1.sinaimg.cn/default/images/default_avatar_male_180.gif?KID=imgbed,tva&Expires=1670759294&ssig=SsdMLLEoYd", "avatar_hd": "https://tvax1.sinaimg.cn/default/images/default_avatar_male_180.gif?KID=imgbed,tva&Expires=1670759294&ssig=SsdMLLEoYd", "verified_reason": "", "verified_trade": "", "verified_reason_url": "", "verified_source": "", "verified_source_url": "", "follow_me": false, "like": false, "like_me": false, "online_status": 0, "bi_followers_count": 15, "lang": "zh-cn", "star": 0, "mbtype": 0, "mbrank": 0, "svip": 0, "mb_expire_time": 0, "block_word": 0, "block_app": 0, "chaohua_ability": 0, "brand_ability": 0, "nft_ability": 0, "vplus_ability": 0, "wenda_ability": 0, "live_ability": 0, "gongyi_ability": 0, "paycolumn_ability": 0, "newbrand_ability": 0, "ecommerce_ability": 0, "hardfan_ability": 0, "credit_score": 80, "user_ability": 1024, "urank": 14, "story_read_state": -1, "vclub_member": 0, "is_teenager": 0, "is_guardian": 0, "is_teenager_list": 0, "pc_new": 7, "special_follow": false, "planet_video": 0, "video_mark": 0, "live_status": 0, "user_ability_extend": 0, "status_total_counter": {"total_cnt": 37, "repost_cnt": 1, "comment_cnt": 15, "like_cnt": 21, "comment_like_cnt": 0}, "video_total_counter": {"play_cnt": -1}, "brand_account": 0, "hongbaofei": 0, "tab_manage": "[0, 0]", "reward_status": 0, "green_mode": 0, "urisk": 69256347648, "avatar_type": 0}, "mid": "4845524844811644", "idstr": "4845524844811644", "status": {"visible": {"type": 0, "list_id": 0}, "created_at": "Sun Dec 11 10:11:42 +0800 2022", "id": 4845432951541662, "idstr": "4845432951541662", "mid": "4845432951541662", "can_edit": false, "version": 2, "show_additional_indication": 0, "text": "什么时候能恢复到疫情前生活状态？钟南山院士：预计明年上半年。#钟南山认为今年就地过年可能性很小#（人民日报） http://t.cn/A6Koq0pO ​", "textLength": 127, "source_allowclick": 0, "source_type": 1, "source": "<a href=\"http://app.weibo.com/t/feed/xEsRX\" rel=\"nofollow\">新版微博 weibo.com</a>", "favorited": false, "truncated": false, "in_reply_to_status_id": "", "in_reply_to_user_id": "", "in_reply_to_screen_name": "", "pic_urls": [], "geo": null, "is_paid": false, "mblog_vip_type": 0, "user": {"id": 3302689634, "idstr": "3302689634", "class": 1, "screen_name": "永州发布", "name": "永州发布", "province": "43", "city": "11", "location": "湖南 永州", "description": "传递政务信息，提供服务资讯。“永州发布”期待您的关注，共话“幸福永州”。", "url": "", "profile_image_url": "https://tvax2.sinaimg.cn/crop.0.0.180.180.50/c4db0b62ly8h8vgvi6h79j2050050gll.jpg?KID=imgbed,tva&Expires=1670759294&ssig=NgQGY9%2BdYf", "light_ring": false, "cover_image": "https://wx4.sinaimg.cn/crop.0.0.920.300/c4db0b62gy1gdjwq8uqglj20pk08cdsm.jpg", "cover_image_phone": "https://ww1.sinaimg.cn/crop.0.0.640.640.640/549d0121tw1egm1kjly3jj20hs0hsq4f.jpg", "profile_url": "yongzhoufabu", "domain": "yongzhoufabu", "weihao": "", "gender": "m", "followers_count": 232950, "followers_count_str": "23.3万", "friends_count": 284, "pagefriends_count": 18, "statuses_count": 22519, "video_status_count": 5331, "video_play_count": 0, "super_topic_not_syn_count": 0, "favourites_count": 14, "created_at": "Mon Apr 08 09:49:35 +0800 2013", "following": false, "allow_all_act_msg": false, "geo_enabled": true, "verified": true, "verified_type": 1, "remark": "", "insecurity": {"sexual_content": false}, "ptype": 200, "allow_all_comment": true, "avatar_large": "https://tvax2.sinaimg.cn/crop.0.0.180.180.180/c4db0b62ly8h8vgvi6h79j2050050gll.jpg?KID=imgbed,tva&Expires=1670759294&ssig=pxGcdmjRoF", "avatar_hd": "https://tvax2.sinaimg.cn/crop.0.0.180.180.1024/c4db0b62ly8h8vgvi6h79j2050050gll.jpg?KID=imgbed,tva&Expires=1670759294&ssig=SkV4R2WvR8", "verified_reason": "中共永州市委宣传部官方微博", "verified_trade": "", "verified_reason_url": "", "verified_source": "", "verified_source_url": "", "verified_state": 0, "verified_level": 3, "verified_type_ext": 0, "has_service_tel": false, "verified_reason_modified": "", "verified_contact_name": "", "verified_contact_email": "", "verified_contact_mobile": "", "follow_me": false, "like": false, "like_me": false, "online_status": 0, "bi_followers_count": 141, "lang": "zh-cn", "star": 0, "mbtype": 2, "mbrank": 4, "svip": 0, "mb_expire_time": 1656086399, "block_word": 0, "block_app": 0, "chaohua_ability": 0, "brand_ability": 0, "nft_ability": 0, "vplus_ability": 0, "wenda_ability": 0, "live_ability": 0, "gongyi_ability": 0, "paycolumn_ability": 0, "newbrand_ability": 0, "ecommerce_ability": 0, "hardfan_ability": 0, "credit_score": 80, "user_ability": 8651276, "cardid": "star_1624", "urank": 38, "story_read_state": -1, "vclub_member": 0, "is_teenager": 0, "is_guardian": 0, "is_teenager_list": 0, "pc_new": 6, "special_follow": false, "planet_video": 2, "video_mark": 15, "live_status": 0, "user_ability_extend": 0, "status_total_counter": {"total_cnt": 543683, "repost_cnt": 88384, "comment_cnt": 60698, "like_cnt": 344675, "comment_like_cnt": 49926}, "video_total_counter": {"play_cnt": 34712773}, "brand_account": 0, "hongbaofei": 0, "tab_manage": "[0, 0]", "reward_status": 0, "green_mode": 0, "urisk": 0, "avatar_type": 0}, "annotations": [{}, {}, {"mapi_request": true}], "reposts_count": 0, "comments_count": 0, "reprint_cmt_count": 0, "attitudes_count": 0, "pending_approval_count": 0, "isLongText": false, "reward_exhibition_type": 0, "hide_flag": 0, "mlevel": 0, "show_mlevel": 0, "biz_ids": [230444], "biz_feature": 4294967304, "page_type": 64, "hasActionTypeCard": 0, "darwin_tags": [], "hot_weibo_tags": [], "text_tag_tips": [], "mblogtype": 0, "userType": 0, "more_info_type": 0, "cardid": "star_1624", "positive_recom_flag": 0, "content_auth": 0, "gif_ids": "", "is_show_bulletin": 2, "comment_manage_info": {"comment_permission_type": -1, "approval_comment_type": 0, "comment_sort_type": 0, "ai_play_picture_type": 0}, "pic_num": 0, "fid": 4845432730550279, "can_reprint": false, "new_comment_style": 0}, "reply_comment": {"created_at": "Sun Dec 11 10:15:03 +0800 2022", "id": 4845433799575813, "rootid": 4845433799575813, "rootidstr": "4845433799575813", "floor_number": 1, "text": "啥都让他说了，肯定对", "disable_reply": 0, "restrictOperate": 0, "user": {"id": 3873639090, "idstr": "3873639090", "class": 1, "screen_name": "完美风暴Jh", "name": "完美风暴Jh", "province": "100", "city": "1000", "location": "其他", "description": "简单至上", "url": "", "profile_image_url": "https://tvax2.sinaimg.cn/crop.0.0.996.996.50/e6e30ab2ly8fihbxxnbxcj20ro0ro78g.jpg?KID=imgbed,tva&Expires=1670759294&ssig=Rx5CJavCOA", "light_ring": false, "cover_image_phone": "https://ww1.sinaimg.cn/crop.0.0.640.640.640/549d0121tw1egm1kjly3jj20hs0hsq4f.jpg", "profile_url": "u/3873639090", "domain": "", "weihao": "", "gender": "m", "followers_count": 73, "followers_count_str": "73", "friends_count": 296, "pagefriends_count": 12, "statuses_count": 147, "video_status_count": 2, "video_play_count": 0, "super_topic_not_syn_count": 0, "favourites_count": 435, "created_at": "Fri Oct 25 18:56:45 +0800 2013", "following": false, "allow_all_act_msg": false, "geo_enabled": true, "verified": false, "verified_type": -1, "remark": "", "insecurity": {"sexual_content": false}, "ptype": 0, "allow_all_comment": true, "avatar_large": "https://tvax2.sinaimg.cn/crop.0.0.996.996.180/e6e30ab2ly8fihbxxnbxcj20ro0ro78g.jpg?KID=imgbed,tva&Expires=1670759294&ssig=O1hgkwxYJi", "avatar_hd": "https://tvax2.sinaimg.cn/crop.0.0.996.996.1024/e6e30ab2ly8fihbxxnbxcj20ro0ro78g.jpg?KID=imgbed,tva&Expires=1670759294&ssig=uCcTQtupEP", "verified_reason": "", "verified_trade": "", "verified_reason_url": "", "verified_source": "", "verified_source_url": "", "follow_me": false, "like": false, "like_me": false, "online_status": 0, "bi_followers_count": 9, "lang": "zh-cn", "star": 0, "mbtype": 2, "mbrank": 4, "svip": 0, "mb_expire_time": 1640015999, "block_word": 0, "block_app": 0, "chaohua_ability": 0, "brand_ability": 0, "nft_ability": 0, "vplus_ability": 0, "wenda_ability": 0, "live_ability": 0, "gongyi_ability": 0, "paycolumn_ability": 0, "newbrand_ability": 0, "ecommerce_ability": 0, "hardfan_ability": 0, "credit_score": 80, "user_ability": 2097152, "cardid": "star_249", "avatargj_id": "gj_vip_062", "urank": 9, "story_read_state": -1, "vclub_member": 0, "is_teenager": 0, "is_guardian": 0, "is_teenager_list": 0, "pc_new": 0, "special_follow": false, "planet_video": 0, "video_mark": 0, "live_status": 0, "user_ability_extend": 0, "status_total_counter": {"total_cnt": 60, "repost_cnt": 5, "comment_cnt": 14, "like_cnt": 39, "comment_like_cnt": 2}, "video_total_counter": {"play_cnt": 19}, "brand_account": 0, "hongbaofei": 0, "tab_manage": "[0, 0]", "reward_status": 0, "green_mode": 0, "urisk": 0, "avatar_type": 0}, "mid": "4845433799575813", "idstr": "4845433799575813", "match_ai_play_picture": false}, "readtimetype": "comment", "match_ai_play_picture": false}