{"created_at": "Mon Jan 09 00:11:28 +0800 2023", "id": 4855791146242595, "rootid": 4855289352031907, "rootidstr": "4855289352031907", "floor_number": 0, "text": "回复@数码王小机:是的[笑cry]", "disable_reply": 0, "restrictOperate": 0, "source_allowclick": 0, "source_type": 4, "source": "<a href=\"\" rel=\"nofollow\">来自安徽</a>", "comment_badge": [{"pic_url": "https://h5.sinaimg.cn/upload/1007/25/2020/03/20/feed_icon_truelove.png", "name": "gold_fans", "length": 1.33, "actionlog": {"act_code": "3671", "ext": "status:fans"}, "scheme": "https://vipclub.weibo.com/goldfans/open?vuid=1810074673&F=privilege_weibo_comment&topnavstyle=1&bconf=3&portrait_only=1"}], "user": {"id": 6263826613, "idstr": "6263826613", "class": 1, "screen_name": "离经叛道Y", "name": "离经叛道Y", "province": "34", "city": "13", "location": "安徽 宿州", "description": "一个俗人", "url": "", "profile_image_url": "https://tvax2.sinaimg.cn/crop.0.0.664.664.50/006PUnrvly8g1lb6twkgpj30ig0igq43.jpg?KID=imgbed,tva&Expires=1673966265&ssig=48poJfHG5U", "light_ring": false, "cover_image_phone": "https://ww3.sinaimg.cn/crop.0.0.640.640.640/a1d3feabjw1f8xmgfnaigj20hs0hs3zx.jpg", "profile_url": "u/6263826613", "domain": "", "weihao": "", "gender": "m", "followers_count": 315, "followers_count_str": "315", "friends_count": 999, "pagefriends_count": 66, "statuses_count": 10906, "video_status_count": 1, "video_play_count": 0, "super_topic_not_syn_count": 22, "favourites_count": 6, "created_at": "Tue May 30 18:23:47 +0800 2017", "following": false, "allow_all_act_msg": false, "geo_enabled": true, "verified": true, "verified_type": 0, "remark": "", "insecurity": {"sexual_content": false}, "ptype": 0, "allow_all_comment": true, "avatar_large": "https://tvax2.sinaimg.cn/crop.0.0.664.664.180/006PUnrvly8g1lb6twkgpj30ig0igq43.jpg?KID=imgbed,tva&Expires=1673966265&ssig=ziNCUQiOx9", "avatar_hd": "https://tvax2.sinaimg.cn/crop.0.0.664.664.1024/006PUnrvly8g1lb6twkgpj30ig0igq43.jpg?KID=imgbed,tva&Expires=1673966265&ssig=w9GJuOZkcX", "verified_reason": "超话主持人（游戏知几超话）", "verified_trade": "", "verified_reason_url": "", "verified_source": "", "verified_source_url": "", "verified_state": 0, "verified_level": 3, "verified_type_ext": 0, "has_service_tel": false, "verified_reason_modified": "", "verified_contact_name": "", "verified_contact_email": "", "verified_contact_mobile": "", "follow_me": false, "like": false, "like_me": false, "online_status": 0, "bi_followers_count": 162, "lang": "zh-cn", "star": 0, "mbtype": 12, "mbrank": 5, "svip": 0, "mb_expire_time": 1718899200, "block_word": 0, "block_app": 1, "chaohua_ability": 0, "brand_ability": 0, "nft_ability": 11, "vplus_ability": 0, "wenda_ability": 0, "live_ability": 0, "gongyi_ability": 0, "paycolumn_ability": 0, "newbrand_ability": 0, "ecommerce_ability": 0, "hardfan_ability": 0, "wbcolumn_ability": 0, "credit_score": 80, "user_ability": 3407872, "cardid": "star_280", "avatargj_id": "gj_vip_102", "urank": 9, "story_read_state": -1, "verified_detail": {"custom": 0, "data": [{"key": 8, "sub_key": 0, "weight": 102, "desc": "超话主持人（游戏知几超话）", "timestamp": 1635755940}]}, "vclub_member": 0, "is_teenager": 0, "is_guardian": 0, "is_teenager_list": 0, "pc_new": 7, "special_follow": false, "planet_video": 2, "video_mark": 2, "live_status": 0, "user_ability_extend": 0, "status_total_counter": {"total_cnt": 1004, "repost_cnt": 21, "comment_cnt": 792, "like_cnt": 150, "comment_like_cnt": 41}, "video_total_counter": {"play_cnt": 111}, "brand_account": 0, "hongbaofei": 0, "tab_manage": "[0, 0]", "reward_status": 0, "green_mode": 0, "mb_like_privilege": {"like_id": "0052_145", "like_desc": ""}, "urisk": 17179869184, "avatar_type": 0}, "mid": "4855791146242595", "idstr": "4855791146242595", "status": {"visible": {"type": 0, "list_id": 0}, "created_at": "Sat Jan 07 14:56:03 +0800 2023", "id": 4855288983199218, "idstr": "4855288983199218", "mid": "4855288983199218", "can_edit": false, "show_additional_indication": 0, "text": "#女子看病被医生开的处方字体惊呆了#\n来，你们谁看得懂，我就纳闷收费和药房的人是怎么看得懂的，不怕拿错嘛[泪] ​", "textLength": 105, "source_allowclick": 1, "source_type": 2, "source": "<a href=\"http://weibo.com/\" rel=\"nofollow\">SVIP推荐官</a>", "favorited": false, "truncated": false, "in_reply_to_status_id": "", "in_reply_to_user_id": "", "in_reply_to_screen_name": "", "pic_urls": [{"thumbnail_pic": "http://wx2.sinaimg.cn/thumbnail/6be38c31gy1h9v3bxmvqcj20zk10y0wz.jpg"}], "thumbnail_pic": "http://wx2.sinaimg.cn/thumbnail/6be38c31gy1h9v3bxmvqcj20zk10y0wz.jpg", "bmiddle_pic": "http://wx2.sinaimg.cn/bmiddle/6be38c31gy1h9v3bxmvqcj20zk10y0wz.jpg", "original_pic": "http://wx2.sinaimg.cn/large/6be38c31gy1h9v3bxmvqcj20zk10y0wz.jpg", "geo": null, "is_paid": false, "mblog_vip_type": 0, "user": {"id": 1810074673, "idstr": "1810074673", "class": 1, "screen_name": "数码王小机", "name": "数码王小机", "province": "44", "city": "3", "location": "广东 深圳", "description": "数码科技爱好者！三观正，爱摄影。  商务合作请私信或wx：dispp29", "url": "http://blog.sina.com.cn/u/1274334737", "profile_image_url": "https://tvax2.sinaimg.cn/crop.0.0.1080.1080.50/6be38c31ly8gy7v4chhiij20u00u0ac0.jpg?KID=imgbed,tva&Expires=1673966265&ssig=sCt01%2FcjW7", "light_ring": false, "cover_image_phone": "https://ww2.sinaimg.cn/crop.0.0.640.640.640/a1d3feabjw1f8xmn86lpnj20hs0hswh6.jpg", "profile_url": "motorola29", "domain": "motorola29", "weihao": "", "gender": "m", "followers_count": 1078045, "followers_count_str": "107.8万", "friends_count": 4114, "pagefriends_count": 107, "statuses_count": 13910, "video_status_count": 1204, "video_play_count": 0, "super_topic_not_syn_count": 0, "favourites_count": 24, "created_at": "Fri Sep 03 19:00:09 +0800 2010", "following": false, "allow_all_act_msg": false, "geo_enabled": true, "verified": true, "verified_type": 0, "remark": "", "insecurity": {"sexual_content": false}, "ptype": 0, "allow_all_comment": true, "avatar_large": "https://tvax2.sinaimg.cn/crop.0.0.1080.1080.180/6be38c31ly8gy7v4chhiij20u00u0ac0.jpg?KID=imgbed,tva&Expires=1673966265&ssig=8L8vSmA4QG", "avatar_hd": "https://tvax2.sinaimg.cn/crop.0.0.1080.1080.1024/6be38c31ly8gy7v4chhiij20u00u0ac0.jpg?KID=imgbed,tva&Expires=1673966265&ssig=oVLVYY498o", "verified_reason": "微博牧场计划合作达人 数码博主 超话主持人（Motorola超话） 头条文章作者", "verified_trade": "", "verified_reason_url": "", "verified_source": "", "verified_source_url": "", "verified_state": 0, "verified_level": 3, "verified_type_ext": 1, "has_service_tel": false, "verified_reason_modified": "", "verified_contact_name": "", "verified_contact_email": "", "verified_contact_mobile": "", "follow_me": false, "like": false, "like_me": false, "online_status": 0, "bi_followers_count": 1269, "lang": "zh-cn", "star": 0, "mbtype": 12, "mbrank": 7, "svip": 1, "mb_expire_time": 1827936000, "block_word": 0, "block_app": 1, "chaohua_ability": 0, "brand_ability": 0, "nft_ability": 0, "vplus_ability": 1, "wenda_ability": 0, "live_ability": 0, "gongyi_ability": 0, "paycolumn_ability": 1, "newbrand_ability": 0, "ecommerce_ability": 0, "hardfan_ability": 1, "wbcolumn_ability": 0, "credit_score": 80, "user_ability": -2135537144, "cardid": "star_1545", "avatargj_id": "gj_vip_011", "urank": 28, "story_read_state": -1, "verified_detail": {"custom": 1, "data": [{"key": 8, "sub_key": 0, "weight": 12, "desc": "超话主持人（Motorola超话）"}, {"key": 16, "sub_key": 1, "weight": 0, "desc": "微博原创视频博主"}, {"key": 16, "sub_key": 3, "weight": 0, "desc": "微博故事原创作者"}, {"key": 2, "sub_key": 0, "weight": 11, "desc": "数码博主"}, {"key": 4, "sub_key": 9, "weight": 999, "desc": "头条文章作者"}, {"key": 1, "sub_key": 0, "weight": 10, "desc": "微博牧场计划合作达人"}]}, "vclub_member": 0, "is_teenager": 0, "is_guardian": 0, "is_teenager_list": 0, "pc_new": 6, "special_follow": false, "planet_video": 2, "video_mark": 15, "live_status": 0, "user_ability_extend": 1, "video_cover": {"mid": 4723874232800029}, "status_total_counter": {"total_cnt": 3374916, "repost_cnt": 281335, "comment_cnt": 721947, "like_cnt": 1279813, "comment_like_cnt": 1091821}, "video_total_counter": {"play_cnt": 39320456}, "brand_account": 0, "hongbaofei": 0, "tab_manage": "[283691415374855, 128]", "reward_status": 0, "green_mode": 0, "mb_like_privilege": {"like_id": "0020_47", "like_desc": ""}, "urisk": 549756862464, "avatar_type": 0}, "annotations": [{"photo_sub_type": "0"}, {"ann_ext": "ann_ext:search|t:31|q:#女子看病被医生开的处方字体惊呆了#|creator_source:bottomsendweibo|super_exparams=>{\"system_pic_only\":0}"}, {"client_mblogid": "f07a54f2-d60e-4833-bf2e-2a78292de59b"}, {"mapi_request": true}], "picStatus": "0:1", "reposts_count": 0, "comments_count": 0, "reprint_cmt_count": 0, "attitudes_count": 0, "pending_approval_count": 0, "isLongText": false, "reward_exhibition_type": 0, "hide_flag": 0, "mlevel": 0, "show_mlevel": 0, "biz_feature": 4294967300, "page_type": 64, "hasActionTypeCard": 0, "darwin_tags": [], "hot_weibo_tags": [], "text_tag_tips": [], "mblogtype": 0, "userType": 0, "more_info_type": 0, "cardid": "star_1545", "number_display_strategy": {"apply_scenario_flag": 3, "display_text_min_number": 1000000, "display_text": "100万+"}, "positive_recom_flag": 0, "content_auth": 0, "gif_ids": "", "is_show_bulletin": 2, "comment_manage_info": {"comment_permission_type": -1, "approval_comment_type": 0, "comment_sort_type": 0, "ai_play_picture_type": 0}, "pic_num": 1, "can_reprint": false, "new_comment_style": 0}, "reply_comment": {"created_at": "Sat Jan 07 14:59:04 +0800 2023", "id": 4855289741839215, "rootid": 4855289352031907, "rootidstr": "4855289352031907", "floor_number": 0, "text": "回复@迷古月哥欠:[doge]", "disable_reply": 0, "is_mblog_author": true, "restrictOperate": 0, "comment_badge": [{"pic_url": "https://h5.sinaimg.cn/upload/1007/25/2019/05/17/feed_icon_poster_identity133low.png", "name": "blogger", "length": 1.33, "actionlog": {"act_code": "3671", "ext": "status:author"}, "scheme": "https://kefu.weibo.com/faqdetail?id=20848"}], "user": {"id": 1810074673, "idstr": "1810074673", "class": 1, "screen_name": "数码王小机", "name": "数码王小机", "province": "44", "city": "3", "location": "广东 深圳", "description": "数码科技爱好者！三观正，爱摄影。  商务合作请私信或wx：dispp29", "url": "http://blog.sina.com.cn/u/1274334737", "profile_image_url": "https://tvax2.sinaimg.cn/crop.0.0.1080.1080.50/6be38c31ly8gy7v4chhiij20u00u0ac0.jpg?KID=imgbed,tva&Expires=1673966265&ssig=sCt01%2FcjW7", "light_ring": false, "cover_image_phone": "https://ww2.sinaimg.cn/crop.0.0.640.640.640/a1d3feabjw1f8xmn86lpnj20hs0hswh6.jpg", "profile_url": "motorola29", "domain": "motorola29", "weihao": "", "gender": "m", "followers_count": 1078045, "followers_count_str": "107.8万", "friends_count": 4114, "pagefriends_count": 107, "statuses_count": 13910, "video_status_count": 1204, "video_play_count": 0, "super_topic_not_syn_count": 0, "favourites_count": 24, "created_at": "Fri Sep 03 19:00:09 +0800 2010", "following": false, "allow_all_act_msg": false, "geo_enabled": true, "verified": true, "verified_type": 0, "remark": "", "insecurity": {"sexual_content": false}, "ptype": 0, "allow_all_comment": true, "avatar_large": "https://tvax2.sinaimg.cn/crop.0.0.1080.1080.180/6be38c31ly8gy7v4chhiij20u00u0ac0.jpg?KID=imgbed,tva&Expires=1673966265&ssig=8L8vSmA4QG", "avatar_hd": "https://tvax2.sinaimg.cn/crop.0.0.1080.1080.1024/6be38c31ly8gy7v4chhiij20u00u0ac0.jpg?KID=imgbed,tva&Expires=1673966265&ssig=oVLVYY498o", "verified_reason": "微博牧场计划合作达人 数码博主 超话主持人（Motorola超话） 头条文章作者", "verified_trade": "", "verified_reason_url": "", "verified_source": "", "verified_source_url": "", "verified_state": 0, "verified_level": 3, "verified_type_ext": 1, "has_service_tel": false, "verified_reason_modified": "", "verified_contact_name": "", "verified_contact_email": "", "verified_contact_mobile": "", "follow_me": false, "like": false, "like_me": false, "online_status": 0, "bi_followers_count": 1269, "lang": "zh-cn", "star": 0, "mbtype": 12, "mbrank": 7, "svip": 1, "mb_expire_time": 1827936000, "block_word": 0, "block_app": 1, "chaohua_ability": 0, "brand_ability": 0, "nft_ability": 0, "vplus_ability": 1, "wenda_ability": 0, "live_ability": 0, "gongyi_ability": 0, "paycolumn_ability": 1, "newbrand_ability": 0, "ecommerce_ability": 0, "hardfan_ability": 1, "wbcolumn_ability": 0, "credit_score": 80, "user_ability": -2135537144, "cardid": "star_1545", "avatargj_id": "gj_vip_011", "urank": 28, "story_read_state": -1, "verified_detail": {"custom": 1, "data": [{"key": 8, "sub_key": 0, "weight": 12, "desc": "超话主持人（Motorola超话）"}, {"key": 16, "sub_key": 1, "weight": 0, "desc": "微博原创视频博主"}, {"key": 16, "sub_key": 3, "weight": 0, "desc": "微博故事原创作者"}, {"key": 2, "sub_key": 0, "weight": 11, "desc": "数码博主"}, {"key": 4, "sub_key": 9, "weight": 999, "desc": "头条文章作者"}, {"key": 1, "sub_key": 0, "weight": 10, "desc": "微博牧场计划合作达人"}]}, "vclub_member": 0, "is_teenager": 0, "is_guardian": 0, "is_teenager_list": 0, "pc_new": 6, "special_follow": false, "planet_video": 2, "video_mark": 15, "live_status": 0, "user_ability_extend": 1, "video_cover": {"mid": 4723874232800029}, "status_total_counter": {"total_cnt": 3374916, "repost_cnt": 281335, "comment_cnt": 721947, "like_cnt": 1279813, "comment_like_cnt": 1091821}, "video_total_counter": {"play_cnt": 39320456}, "brand_account": 0, "hongbaofei": 0, "tab_manage": "[283691415374855, 128]", "reward_status": 0, "green_mode": 0, "mb_like_privilege": {"like_id": "0020_47", "like_desc": ""}, "urisk": 549756862464, "avatar_type": 0}, "mid": "4855289741839215", "idstr": "4855289741839215", "match_ai_play_picture": false}, "reply_original_text": "是的[笑cry]", "readtimetype": "comment", "match_ai_play_picture": false}