{"created_at": "Sat Jan 07 21:33:34 +0800 2023", "id": 4855389026256536, "rootid": 4855368058935751, "rootidstr": "4855368058935751", "floor_number": 0, "text": "回复@Susu愛樂兒:晚安[月亮]", "disable_reply": 0, "is_mblog_author": true, "restrictOperate": 0, "comment_badge": [{"pic_url": "https://h5.sinaimg.cn/upload/1007/25/2019/05/17/feed_icon_poster_identity133low.png", "name": "blogger", "length": 1.33, "actionlog": {"act_code": "3671", "ext": "status:author"}, "scheme": "https://kefu.weibo.com/faqdetail?id=20848"}], "user": {"id": 5140411911, "idstr": "5140411911", "class": 1, "screen_name": "当阳检察", "name": "当阳检察", "province": "42", "city": "5", "location": "湖北 宜昌", "description": "", "url": "", "profile_image_url": "https://tvax4.sinaimg.cn/crop.0.0.1023.1023.50/005BSDXxly8h8w2b2sgf4j30sf0sfta6.jpg?KID=imgbed,tva&Expires=1674059937&ssig=lqWWPJO1wT", "light_ring": false, "cover_image_phone": "https://ww1.sinaimg.cn/crop.0.0.640.640.640/549d0121tw1egm1kjly3jj20hs0hsq4f.jpg", "profile_url": "u/5140411911", "domain": "", "weihao": "", "gender": "m", "followers_count": 649, "followers_count_str": "649", "friends_count": 289, "pagefriends_count": 2, "statuses_count": 13479, "video_status_count": 11, "video_play_count": 0, "super_topic_not_syn_count": 2, "favourites_count": 5, "created_at": "Mon May 12 16:16:15 +0800 2014", "following": false, "allow_all_act_msg": false, "geo_enabled": true, "verified": true, "verified_type": 1, "remark": "", "insecurity": {"sexual_content": false}, "ptype": 0, "allow_all_comment": true, "avatar_large": "https://tvax4.sinaimg.cn/crop.0.0.1023.1023.180/005BSDXxly8h8w2b2sgf4j30sf0sfta6.jpg?KID=imgbed,tva&Expires=1674059937&ssig=%2BvyeGqiPEQ", "avatar_hd": "https://tvax4.sinaimg.cn/crop.0.0.1023.1023.1024/005BSDXxly8h8w2b2sgf4j30sf0sfta6.jpg?KID=imgbed,tva&Expires=1674059937&ssig=Vk%2Bd2Kr5AN", "verified_reason": "湖北省当阳市人民检察院官方微博", "verified_trade": "", "verified_reason_url": "", "verified_source": "", "verified_source_url": "", "verified_state": 0, "verified_level": 3, "verified_type_ext": 0, "has_service_tel": false, "verified_reason_modified": "", "verified_contact_name": "", "verified_contact_email": "", "verified_contact_mobile": "", "follow_me": false, "like": false, "like_me": false, "online_status": 0, "bi_followers_count": 209, "lang": "zh-cn", "star": 0, "mbtype": 0, "mbrank": 0, "svip": 0, "mb_expire_time": 0, "block_word": 0, "block_app": 0, "chaohua_ability": 0, "brand_ability": 0, "nft_ability": 0, "vplus_ability": 0, "wenda_ability": 0, "live_ability": 0, "gongyi_ability": 0, "paycolumn_ability": 0, "newbrand_ability": 0, "ecommerce_ability": 0, "hardfan_ability": 0, "wbcolumn_ability": 0, "credit_score": 80, "user_ability": 10747904, "cardid": "star_1624", "urank": 21, "story_read_state": -1, "vclub_member": 0, "is_teenager": 0, "is_guardian": 0, "is_teenager_list": 0, "pc_new": 6, "special_follow": false, "planet_video": 2, "video_mark": 14, "live_status": 0, "user_ability_extend": 0, "status_total_counter": {"total_cnt": 66884, "repost_cnt": 1942, "comment_cnt": 44239, "like_cnt": 17213, "comment_like_cnt": 3490}, "video_total_counter": {"play_cnt": 2996}, "brand_account": 0, "hongbaofei": 0, "tab_manage": "[0, 0]", "reward_status": 0, "green_mode": 0, "urisk": 0, "unfollowing_recom_switch": 1, "avatar_type": 0}, "mid": "4855389026256536", "idstr": "4855389026256536", "status": {"visible": {"type": 0, "list_id": 0}, "created_at": "Sat Jan 07 19:32:50 +0800 2023", "id": 4855358638005701, "idstr": "4855358638005701", "mid": "4855358638005701", "can_edit": false, "show_additional_indication": 0, "text": "#晚安[超话]# 【美如诗画！#当新疆巴里坤湖遇上绝美天空#】1月6日，新疆巴里坤湖，浓烈鲜艳的彩云与静静流淌的湖水融为一体，似油画般绚丽多彩。在远山、近水的映衬下，巴里坤湖的镜面效果美如诗画，宛如大自然打翻了颜料盘。晚安[月亮][月亮][月亮]http://t.cn/A69PviYu ​​​", "textLength": 258, "source_allowclick": 0, "source_type": 2, "source": "<a href=\"http://weibo.com/\" rel=\"nofollow\">iPhone客户端</a>", "favorited": false, "truncated": false, "in_reply_to_status_id": "", "in_reply_to_user_id": "", "in_reply_to_screen_name": "", "pic_urls": [], "geo": null, "is_paid": false, "mblog_vip_type": 0, "user": {"id": 5140411911, "idstr": "5140411911", "class": 1, "screen_name": "当阳检察", "name": "当阳检察", "province": "42", "city": "5", "location": "湖北 宜昌", "description": "", "url": "", "profile_image_url": "https://tvax4.sinaimg.cn/crop.0.0.1023.1023.50/005BSDXxly8h8w2b2sgf4j30sf0sfta6.jpg?KID=imgbed,tva&Expires=1674059937&ssig=lqWWPJO1wT", "light_ring": false, "cover_image_phone": "https://ww1.sinaimg.cn/crop.0.0.640.640.640/549d0121tw1egm1kjly3jj20hs0hsq4f.jpg", "profile_url": "u/5140411911", "domain": "", "weihao": "", "gender": "m", "followers_count": 649, "followers_count_str": "649", "friends_count": 289, "pagefriends_count": 2, "statuses_count": 13479, "video_status_count": 11, "video_play_count": 0, "super_topic_not_syn_count": 2, "favourites_count": 5, "created_at": "Mon May 12 16:16:15 +0800 2014", "following": false, "allow_all_act_msg": false, "geo_enabled": true, "verified": true, "verified_type": 1, "remark": "", "insecurity": {"sexual_content": false}, "ptype": 0, "allow_all_comment": true, "avatar_large": "https://tvax4.sinaimg.cn/crop.0.0.1023.1023.180/005BSDXxly8h8w2b2sgf4j30sf0sfta6.jpg?KID=imgbed,tva&Expires=1674059937&ssig=%2BvyeGqiPEQ", "avatar_hd": "https://tvax4.sinaimg.cn/crop.0.0.1023.1023.1024/005BSDXxly8h8w2b2sgf4j30sf0sfta6.jpg?KID=imgbed,tva&Expires=1674059937&ssig=Vk%2Bd2Kr5AN", "verified_reason": "湖北省当阳市人民检察院官方微博", "verified_trade": "", "verified_reason_url": "", "verified_source": "", "verified_source_url": "", "verified_state": 0, "verified_level": 3, "verified_type_ext": 0, "has_service_tel": false, "verified_reason_modified": "", "verified_contact_name": "", "verified_contact_email": "", "verified_contact_mobile": "", "follow_me": false, "like": false, "like_me": false, "online_status": 0, "bi_followers_count": 209, "lang": "zh-cn", "star": 0, "mbtype": 0, "mbrank": 0, "svip": 0, "mb_expire_time": 0, "block_word": 0, "block_app": 0, "chaohua_ability": 0, "brand_ability": 0, "nft_ability": 0, "vplus_ability": 0, "wenda_ability": 0, "live_ability": 0, "gongyi_ability": 0, "paycolumn_ability": 0, "newbrand_ability": 0, "ecommerce_ability": 0, "hardfan_ability": 0, "wbcolumn_ability": 0, "credit_score": 80, "user_ability": 10747904, "cardid": "star_1624", "urank": 21, "story_read_state": -1, "vclub_member": 0, "is_teenager": 0, "is_guardian": 0, "is_teenager_list": 0, "pc_new": 6, "special_follow": false, "planet_video": 2, "video_mark": 14, "live_status": 0, "user_ability_extend": 0, "status_total_counter": {"total_cnt": 66884, "repost_cnt": 1942, "comment_cnt": 44239, "like_cnt": 17213, "comment_like_cnt": 3490}, "video_total_counter": {"play_cnt": 2996}, "brand_account": 0, "hongbaofei": 0, "tab_manage": "[0, 0]", "reward_status": 0, "green_mode": 0, "urisk": 0, "unfollowing_recom_switch": 1, "avatar_type": 0}, "annotations": [{}, {"shooting": 1, "client_mblogid": "iPhone-E2637FB7-D5FD-4B00-BDEA-B8C8AB538EF1"}, {"mapi_request": true}], "reposts_count": 0, "comments_count": 0, "reprint_cmt_count": 0, "attitudes_count": 0, "pending_approval_count": 0, "isLongText": false, "reward_exhibition_type": 0, "hide_flag": 0, "mlevel": 0, "show_mlevel": 0, "biz_ids": [230444], "biz_feature": 4294967304, "topic_id": "1022:1008085b9bd653dad689c166baee203ca8e979", "sync_mblog": true, "is_imported_topic": false, "page_type": 96, "hasActionTypeCard": 0, "darwin_tags": [], "hot_weibo_tags": [], "text_tag_tips": [], "mblogtype": 0, "userType": 0, "more_info_type": 0, "cardid": "star_1624", "positive_recom_flag": 0, "content_auth": 0, "gif_ids": "", "is_show_bulletin": 2, "comment_manage_info": {"comment_permission_type": -1, "approval_comment_type": 0, "comment_sort_type": 0, "ai_play_picture_type": 0}, "pic_num": 0, "can_reprint": false, "new_comment_style": 0}, "reply_comment": {"created_at": "Sat Jan 07 20:10:16 +0800 2023", "id": 4855368058935751, "rootid": 4855368058935751, "rootidstr": "4855368058935751", "floor_number": 33, "text": "晚安啦[鲜花]", "disable_reply": 0, "restrictOperate": 0, "user": {"id": 1732373122, "idstr": "1732373122", "class": 1, "screen_name": "Susu愛樂兒", "name": "Susu愛樂兒", "province": "44", "city": "1", "location": "广东 广州", "description": "蓝天白云屋檐边，来日方长的真情实感！", "url": "http://blog.sina.com.cn/susu719", "profile_image_url": "https://tvax1.sinaimg.cn/crop.0.0.512.512.50/6741ea82ly8h86ukmtgxyj20e80e8wfs.jpg?KID=imgbed,tva&Expires=1674059937&ssig=wANFawZXW3", "light_ring": false, "cover_image_phone": "https://wx3.sinaimg.cn/crop.0.0.640.640.640/6741ea82gy1gpf4mjxiofj20zo0zotet.jpg", "profile_url": "susupolo", "domain": "susupolo", "weihao": "", "gender": "f", "followers_count": 34607, "followers_count_str": "3.5万", "friends_count": 970, "pagefriends_count": 49, "statuses_count": 8473, "video_status_count": 340, "video_play_count": 0, "super_topic_not_syn_count": 6, "favourites_count": 86, "created_at": "Tue Apr 20 11:20:19 +0800 2010", "following": false, "allow_all_act_msg": false, "geo_enabled": true, "verified": true, "verified_type": 0, "remark": "", "insecurity": {"sexual_content": false}, "ptype": 0, "allow_all_comment": true, "avatar_large": "https://tvax1.sinaimg.cn/crop.0.0.512.512.180/6741ea82ly8h86ukmtgxyj20e80e8wfs.jpg?KID=imgbed,tva&Expires=1674059937&ssig=vehGXNMZVw", "avatar_hd": "https://tvax1.sinaimg.cn/crop.0.0.512.512.1024/6741ea82ly8h86ukmtgxyj20e80e8wfs.jpg?KID=imgbed,tva&Expires=1674059937&ssig=UxPQ7ifXzb", "verified_reason": "娱乐博主 微博剪辑视频博主", "verified_trade": "", "verified_reason_url": "", "verified_source": "", "verified_source_url": "", "verified_state": 0, "verified_level": 3, "verified_type_ext": 1, "has_service_tel": false, "verified_reason_modified": "", "verified_contact_name": "", "verified_contact_email": "", "verified_contact_mobile": "", "follow_me": false, "like": false, "like_me": false, "online_status": 0, "bi_followers_count": 444, "lang": "zh-cn", "star": 0, "mbtype": 12, "mbrank": 8, "svip": 1, "mb_expire_time": 1795708800, "block_word": 0, "block_app": 1, "chaohua_ability": 0, "brand_ability": 0, "nft_ability": 0, "vplus_ability": 0, "wenda_ability": 0, "live_ability": 0, "gongyi_ability": 0, "paycolumn_ability": 0, "newbrand_ability": 0, "ecommerce_ability": 0, "hardfan_ability": 0, "wbcolumn_ability": 0, "credit_score": 80, "user_ability": 35913736, "cardid": "star_324", "avatargj_id": "gj_vip_358", "urank": 26, "story_read_state": -1, "verified_detail": {"custom": 1, "data": [{"key": 16, "sub_key": 4, "weight": 103, "desc": "微博剪辑视频博主", "timestamp": 0}, {"key": 2, "sub_key": 0, "weight": 101, "desc": "娱乐博主", "timestamp": 0}]}, "vclub_member": 0, "is_teenager": 0, "is_guardian": 0, "is_teenager_list": 0, "pc_new": 7, "special_follow": false, "planet_video": 2, "video_mark": 15, "live_status": 0, "user_ability_extend": 0, "status_total_counter": {"total_cnt": 742772, "repost_cnt": 37753, "comment_cnt": 226139, "like_cnt": 207540, "comment_like_cnt": 271340}, "video_total_counter": {"play_cnt": 6171336}, "brand_account": 0, "hongbaofei": 0, "tab_manage": "[0, 0]", "reward_status": 0, "green_mode": 0, "mb_like_privilege": {"like_id": "0053", "like_desc": "热爱可抵漫长岁月"}, "urisk": 0, "unfollowing_recom_switch": 1, "avatar_type": 0}, "mid": "4855368058935751", "idstr": "4855368058935751", "match_ai_play_picture": false}, "reply_original_text": "晚安[月亮]", "readtimetype": "comment", "match_ai_play_picture": false}