{"created_at": "Sat Jan 07 23:06:28 +0800 2023", "id": 4855412405568663, "rootid": 4855412405568663, "rootidstr": "4855412405568663", "floor_number": 84, "text": "晚安[爱你]", "disable_reply": 0, "restrictOperate": 0, "user": {"id": 2588125620, "idstr": "2588125620", "class": 1, "screen_name": "宁波检察", "name": "宁波检察", "province": "33", "city": "2", "location": "浙江 宁波", "description": "http://www.ningbo.zjjcy.gov.cn/ 地址：宁波市鄞州区百丈东路2155号", "url": "", "profile_image_url": "https://tvax4.sinaimg.cn/crop.0.0.600.600.50/9a43a9b4ly8h8v23w3sybj20go0go0uh.jpg?KID=imgbed,tva&Expires=1674059937&ssig=jIn3Y%2BbrGQ", "light_ring": false, "cover_image_phone": "https://ww1.sinaimg.cn/crop.0.0.640.640.640/549d0121tw1egm1kjly3jj20hs0hsq4f.jpg", "profile_url": "u/2588125620", "domain": "", "weihao": "", "gender": "m", "followers_count": 86275, "followers_count_str": "8.6万", "friends_count": 934, "pagefriends_count": 62, "statuses_count": 55318, "video_status_count": 146, "video_play_count": 0, "super_topic_not_syn_count": 8, "favourites_count": 47, "created_at": "Mon Dec 05 13:44:11 +0800 2011", "following": false, "allow_all_act_msg": false, "geo_enabled": true, "verified": true, "verified_type": 1, "remark": "", "insecurity": {"sexual_content": false}, "ptype": 0, "allow_all_comment": true, "avatar_large": "https://tvax4.sinaimg.cn/crop.0.0.600.600.180/9a43a9b4ly8h8v23w3sybj20go0go0uh.jpg?KID=imgbed,tva&Expires=1674059937&ssig=bLNlXeRcpJ", "avatar_hd": "https://tvax4.sinaimg.cn/crop.0.0.600.600.1024/9a43a9b4ly8h8v23w3sybj20go0go0uh.jpg?KID=imgbed,tva&Expires=1674059937&ssig=PE9JXD0jas", "verified_reason": "浙江省宁波市人民检察院官方微博", "verified_trade": "", "verified_reason_url": "", "verified_source": "", "verified_source_url": "", "verified_state": 0, "verified_level": 3, "verified_type_ext": 0, "has_service_tel": false, "verified_reason_modified": "", "verified_contact_name": "", "verified_contact_email": "", "verified_contact_mobile": "", "follow_me": false, "like": false, "like_me": false, "online_status": 0, "bi_followers_count": 612, "lang": "zh-cn", "star": 0, "mbtype": 2, "mbrank": 1, "svip": 0, "mb_expire_time": 1673193599, "block_word": 0, "block_app": 0, "chaohua_ability": 0, "brand_ability": 0, "nft_ability": 0, "vplus_ability": 0, "wenda_ability": 0, "live_ability": 0, "gongyi_ability": 0, "paycolumn_ability": 0, "newbrand_ability": 0, "ecommerce_ability": 0, "hardfan_ability": 1, "wbcolumn_ability": 0, "credit_score": 80, "user_ability": 10747912, "cardid": "star_1624", "avatargj_id": "gj_vip_660", "urank": 29, "story_read_state": -1, "vclub_member": 0, "is_teenager": 0, "is_guardian": 0, "is_teenager_list": 0, "pc_new": 7, "special_follow": false, "planet_video": 2, "video_mark": 15, "live_status": 0, "user_ability_extend": 0, "status_total_counter": {"total_cnt": 1534208, "repost_cnt": 80588, "comment_cnt": 523880, "like_cnt": 392222, "comment_like_cnt": 537518}, "video_total_counter": {"play_cnt": 120532}, "brand_account": 0, "hongbaofei": 0, "tab_manage": "[0, 0]", "reward_status": 0, "green_mode": 0, "urisk": 0, "unfollowing_recom_switch": 1, "avatar_type": 0}, "mid": "4855412405568663", "idstr": "4855412405568663", "status": {"visible": {"type": 0, "list_id": 0}, "created_at": "Sat Jan 07 19:32:50 +0800 2023", "id": 4855358638005701, "idstr": "4855358638005701", "mid": "4855358638005701", "can_edit": false, "show_additional_indication": 0, "text": "#晚安[超话]# 【美如诗画！#当新疆巴里坤湖遇上绝美天空#】1月6日，新疆巴里坤湖，浓烈鲜艳的彩云与静静流淌的湖水融为一体，似油画般绚丽多彩。在远山、近水的映衬下，巴里坤湖的镜面效果美如诗画，宛如大自然打翻了颜料盘。晚安[月亮][月亮][月亮]http://t.cn/A69PviYu ​​​", "textLength": 258, "source_allowclick": 0, "source_type": 2, "source": "<a href=\"http://weibo.com/\" rel=\"nofollow\">iPhone客户端</a>", "favorited": false, "truncated": false, "in_reply_to_status_id": "", "in_reply_to_user_id": "", "in_reply_to_screen_name": "", "pic_urls": [], "geo": null, "is_paid": false, "mblog_vip_type": 0, "user": {"id": 5140411911, "idstr": "5140411911", "class": 1, "screen_name": "当阳检察", "name": "当阳检察", "province": "42", "city": "5", "location": "湖北 宜昌", "description": "", "url": "", "profile_image_url": "https://tvax4.sinaimg.cn/crop.0.0.1023.1023.50/005BSDXxly8h8w2b2sgf4j30sf0sfta6.jpg?KID=imgbed,tva&Expires=1674059937&ssig=lqWWPJO1wT", "light_ring": false, "cover_image_phone": "https://ww1.sinaimg.cn/crop.0.0.640.640.640/549d0121tw1egm1kjly3jj20hs0hsq4f.jpg", "profile_url": "u/5140411911", "domain": "", "weihao": "", "gender": "m", "followers_count": 649, "followers_count_str": "649", "friends_count": 289, "pagefriends_count": 2, "statuses_count": 13479, "video_status_count": 11, "video_play_count": 0, "super_topic_not_syn_count": 2, "favourites_count": 5, "created_at": "Mon May 12 16:16:15 +0800 2014", "following": false, "allow_all_act_msg": false, "geo_enabled": true, "verified": true, "verified_type": 1, "remark": "", "insecurity": {"sexual_content": false}, "ptype": 0, "allow_all_comment": true, "avatar_large": "https://tvax4.sinaimg.cn/crop.0.0.1023.1023.180/005BSDXxly8h8w2b2sgf4j30sf0sfta6.jpg?KID=imgbed,tva&Expires=1674059937&ssig=%2BvyeGqiPEQ", "avatar_hd": "https://tvax4.sinaimg.cn/crop.0.0.1023.1023.1024/005BSDXxly8h8w2b2sgf4j30sf0sfta6.jpg?KID=imgbed,tva&Expires=1674059937&ssig=Vk%2Bd2Kr5AN", "verified_reason": "湖北省当阳市人民检察院官方微博", "verified_trade": "", "verified_reason_url": "", "verified_source": "", "verified_source_url": "", "verified_state": 0, "verified_level": 3, "verified_type_ext": 0, "has_service_tel": false, "verified_reason_modified": "", "verified_contact_name": "", "verified_contact_email": "", "verified_contact_mobile": "", "follow_me": false, "like": false, "like_me": false, "online_status": 0, "bi_followers_count": 209, "lang": "zh-cn", "star": 0, "mbtype": 0, "mbrank": 0, "svip": 0, "mb_expire_time": 0, "block_word": 0, "block_app": 0, "chaohua_ability": 0, "brand_ability": 0, "nft_ability": 0, "vplus_ability": 0, "wenda_ability": 0, "live_ability": 0, "gongyi_ability": 0, "paycolumn_ability": 0, "newbrand_ability": 0, "ecommerce_ability": 0, "hardfan_ability": 0, "wbcolumn_ability": 0, "credit_score": 80, "user_ability": 10747904, "cardid": "star_1624", "urank": 21, "story_read_state": -1, "vclub_member": 0, "is_teenager": 0, "is_guardian": 0, "is_teenager_list": 0, "pc_new": 6, "special_follow": false, "planet_video": 2, "video_mark": 14, "live_status": 0, "user_ability_extend": 0, "status_total_counter": {"total_cnt": 66884, "repost_cnt": 1942, "comment_cnt": 44239, "like_cnt": 17213, "comment_like_cnt": 3490}, "video_total_counter": {"play_cnt": 2996}, "brand_account": 0, "hongbaofei": 0, "tab_manage": "[0, 0]", "reward_status": 0, "green_mode": 0, "urisk": 0, "unfollowing_recom_switch": 1, "avatar_type": 0}, "annotations": [{}, {"shooting": 1, "client_mblogid": "iPhone-E2637FB7-D5FD-4B00-BDEA-B8C8AB538EF1"}, {"mapi_request": true}], "reposts_count": 0, "comments_count": 0, "reprint_cmt_count": 0, "attitudes_count": 0, "pending_approval_count": 0, "isLongText": false, "reward_exhibition_type": 0, "hide_flag": 0, "mlevel": 0, "show_mlevel": 0, "biz_ids": [230444], "biz_feature": 4294967304, "topic_id": "1022:1008085b9bd653dad689c166baee203ca8e979", "sync_mblog": true, "is_imported_topic": false, "page_type": 96, "hasActionTypeCard": 0, "darwin_tags": [], "hot_weibo_tags": [], "text_tag_tips": [], "mblogtype": 0, "userType": 0, "more_info_type": 0, "cardid": "star_1624", "positive_recom_flag": 0, "content_auth": 0, "gif_ids": "", "is_show_bulletin": 2, "comment_manage_info": {"comment_permission_type": -1, "approval_comment_type": 0, "comment_sort_type": 0, "ai_play_picture_type": 0}, "pic_num": 0, "can_reprint": false, "new_comment_style": 0}, "readtimetype": "comment", "comment_dynamic_message": {"id": "0", "start_color": "#00FFFFFF", "end_color": "#1AFFFFFF", "start_color_dark": "#003A3A3A", "end_color_dark": "#333A3A3A", "name": {"zh_CN": "默认", "zh_HK": "默認", "en_US": "default"}, "scheme": "https://new.vip.weibo.cn/bubble/mall?showmenu=0&decorateId=0&uid=2588125620", "allow_vip_box_content": "用此评论气泡", "allow_vip_box_icon": "https://h5.sinaimg.cn/upload/100/1720/2022/08/08/icon_VIP_for_comment_bubble.png"}, "match_ai_play_picture": false}