{"created_at": "Sat Jan 07 20:27:54 +0800 2023", "id": 4855372495457832, "rootid": 4855372495457832, "rootidstr": "4855372495457832", "floor_number": 45, "text": "晚安💜💜", "disable_reply": 0, "restrictOperate": 0, "source_allowclick": 0, "source_type": 4, "source": "<a href=\"\" rel=\"nofollow\">来自浙江</a>", "user": {"id": 7569897497, "idstr": "7569897497", "class": 1, "screen_name": "TzaiyooSweetwind", "name": "TzaiyooSweetwind", "province": "100", "city": "1000", "location": "其他", "description": "想做奥宝的心头肉", "url": "", "profile_image_url": "https://tvax2.sinaimg.cn/crop.0.0.1080.1080.50/008giw8Vly8h6item0s97j30u00u0q4u.jpg?KID=imgbed,tva&Expires=1674059937&ssig=yVHrDw8EmP", "light_ring": false, "cover_image_phone": "https://ww1.sinaimg.cn/crop.0.0.640.640.640/549d0121tw1egm1kjly3jj20hs0hsq4f.jpg", "profile_url": "u/7569897497", "domain": "", "weihao": "", "gender": "f", "followers_count": 1292, "followers_count_str": "1292", "friends_count": 186, "pagefriends_count": 10, "statuses_count": 610, "video_status_count": 3, "video_play_count": 0, "super_topic_not_syn_count": 6, "favourites_count": 0, "created_at": "Sun Feb 28 18:50:18 +0800 2021", "following": false, "allow_all_act_msg": false, "geo_enabled": true, "verified": false, "verified_type": -1, "remark": "", "insecurity": {"sexual_content": false}, "ptype": 0, "allow_all_comment": true, "avatar_large": "https://tvax2.sinaimg.cn/crop.0.0.1080.1080.180/008giw8Vly8h6item0s97j30u00u0q4u.jpg?KID=imgbed,tva&Expires=1674059937&ssig=3M2lUwHoTm", "avatar_hd": "https://tvax2.sinaimg.cn/crop.0.0.1080.1080.1024/008giw8Vly8h6item0s97j30u00u0q4u.jpg?KID=imgbed,tva&Expires=1674059937&ssig=gUJ%2BHVlSyR", "verified_reason": "", "verified_trade": "", "verified_reason_url": "", "verified_source": "", "verified_source_url": "", "follow_me": false, "like": false, "like_me": false, "online_status": 0, "bi_followers_count": 55, "lang": "zh-cn", "star": 0, "mbtype": 2, "mbrank": 1, "svip": 0, "mb_expire_time": 1651247999, "block_word": 0, "block_app": 0, "chaohua_ability": 0, "brand_ability": 0, "nft_ability": 0, "vplus_ability": 0, "wenda_ability": 0, "live_ability": 0, "gongyi_ability": 0, "paycolumn_ability": 0, "newbrand_ability": 0, "ecommerce_ability": 0, "hardfan_ability": 0, "wbcolumn_ability": 0, "credit_score": 80, "user_ability": 2359296, "cardid": "star_1222", "urank": 0, "story_read_state": -1, "vclub_member": 0, "is_teenager": 0, "is_guardian": 0, "is_teenager_list": 0, "pc_new": 7, "special_follow": false, "planet_video": 2, "video_mark": 0, "live_status": 0, "user_ability_extend": 0, "status_total_counter": {"total_cnt": 1263, "repost_cnt": 17, "comment_cnt": 371, "like_cnt": 836, "comment_like_cnt": 39}, "video_total_counter": {"play_cnt": 1235}, "brand_account": 0, "hongbaofei": 0, "tab_manage": "[0, 0]", "reward_status": 0, "green_mode": 0, "urisk": 0, "unfollowing_recom_switch": 1, "avatar_type": 0}, "mid": "4855372495457832", "idstr": "4855372495457832", "status": {"visible": {"type": 0, "list_id": 0}, "created_at": "Sat Jan 07 19:32:50 +0800 2023", "id": 4855358638005701, "idstr": "4855358638005701", "mid": "4855358638005701", "can_edit": false, "show_additional_indication": 0, "text": "#晚安[超话]# 【美如诗画！#当新疆巴里坤湖遇上绝美天空#】1月6日，新疆巴里坤湖，浓烈鲜艳的彩云与静静流淌的湖水融为一体，似油画般绚丽多彩。在远山、近水的映衬下，巴里坤湖的镜面效果美如诗画，宛如大自然打翻了颜料盘。晚安[月亮][月亮][月亮]http://t.cn/A69PviYu ​​​", "textLength": 258, "source_allowclick": 0, "source_type": 2, "source": "<a href=\"http://weibo.com/\" rel=\"nofollow\">iPhone客户端</a>", "favorited": false, "truncated": false, "in_reply_to_status_id": "", "in_reply_to_user_id": "", "in_reply_to_screen_name": "", "pic_urls": [], "geo": null, "is_paid": false, "mblog_vip_type": 0, "user": {"id": 5140411911, "idstr": "5140411911", "class": 1, "screen_name": "当阳检察", "name": "当阳检察", "province": "42", "city": "5", "location": "湖北 宜昌", "description": "", "url": "", "profile_image_url": "https://tvax4.sinaimg.cn/crop.0.0.1023.1023.50/005BSDXxly8h8w2b2sgf4j30sf0sfta6.jpg?KID=imgbed,tva&Expires=1674059937&ssig=lqWWPJO1wT", "light_ring": false, "cover_image_phone": "https://ww1.sinaimg.cn/crop.0.0.640.640.640/549d0121tw1egm1kjly3jj20hs0hsq4f.jpg", "profile_url": "u/5140411911", "domain": "", "weihao": "", "gender": "m", "followers_count": 649, "followers_count_str": "649", "friends_count": 289, "pagefriends_count": 2, "statuses_count": 13479, "video_status_count": 11, "video_play_count": 0, "super_topic_not_syn_count": 2, "favourites_count": 5, "created_at": "Mon May 12 16:16:15 +0800 2014", "following": false, "allow_all_act_msg": false, "geo_enabled": true, "verified": true, "verified_type": 1, "remark": "", "insecurity": {"sexual_content": false}, "ptype": 0, "allow_all_comment": true, "avatar_large": "https://tvax4.sinaimg.cn/crop.0.0.1023.1023.180/005BSDXxly8h8w2b2sgf4j30sf0sfta6.jpg?KID=imgbed,tva&Expires=1674059937&ssig=%2BvyeGqiPEQ", "avatar_hd": "https://tvax4.sinaimg.cn/crop.0.0.1023.1023.1024/005BSDXxly8h8w2b2sgf4j30sf0sfta6.jpg?KID=imgbed,tva&Expires=1674059937&ssig=Vk%2Bd2Kr5AN", "verified_reason": "湖北省当阳市人民检察院官方微博", "verified_trade": "", "verified_reason_url": "", "verified_source": "", "verified_source_url": "", "verified_state": 0, "verified_level": 3, "verified_type_ext": 0, "has_service_tel": false, "verified_reason_modified": "", "verified_contact_name": "", "verified_contact_email": "", "verified_contact_mobile": "", "follow_me": false, "like": false, "like_me": false, "online_status": 0, "bi_followers_count": 209, "lang": "zh-cn", "star": 0, "mbtype": 0, "mbrank": 0, "svip": 0, "mb_expire_time": 0, "block_word": 0, "block_app": 0, "chaohua_ability": 0, "brand_ability": 0, "nft_ability": 0, "vplus_ability": 0, "wenda_ability": 0, "live_ability": 0, "gongyi_ability": 0, "paycolumn_ability": 0, "newbrand_ability": 0, "ecommerce_ability": 0, "hardfan_ability": 0, "wbcolumn_ability": 0, "credit_score": 80, "user_ability": 10747904, "cardid": "star_1624", "urank": 21, "story_read_state": -1, "vclub_member": 0, "is_teenager": 0, "is_guardian": 0, "is_teenager_list": 0, "pc_new": 6, "special_follow": false, "planet_video": 2, "video_mark": 14, "live_status": 0, "user_ability_extend": 0, "status_total_counter": {"total_cnt": 66884, "repost_cnt": 1942, "comment_cnt": 44239, "like_cnt": 17213, "comment_like_cnt": 3490}, "video_total_counter": {"play_cnt": 2996}, "brand_account": 0, "hongbaofei": 0, "tab_manage": "[0, 0]", "reward_status": 0, "green_mode": 0, "urisk": 0, "unfollowing_recom_switch": 1, "avatar_type": 0}, "annotations": [{}, {"shooting": 1, "client_mblogid": "iPhone-E2637FB7-D5FD-4B00-BDEA-B8C8AB538EF1"}, {"mapi_request": true}], "reposts_count": 0, "comments_count": 0, "reprint_cmt_count": 0, "attitudes_count": 0, "pending_approval_count": 0, "isLongText": false, "reward_exhibition_type": 0, "hide_flag": 0, "mlevel": 0, "show_mlevel": 0, "biz_ids": [230444], "biz_feature": 4294967304, "topic_id": "1022:1008085b9bd653dad689c166baee203ca8e979", "sync_mblog": true, "is_imported_topic": false, "page_type": 96, "hasActionTypeCard": 0, "darwin_tags": [], "hot_weibo_tags": [], "text_tag_tips": [], "mblogtype": 0, "userType": 0, "more_info_type": 0, "cardid": "star_1624", "positive_recom_flag": 0, "content_auth": 0, "gif_ids": "", "is_show_bulletin": 2, "comment_manage_info": {"comment_permission_type": -1, "approval_comment_type": 0, "comment_sort_type": 0, "ai_play_picture_type": 0}, "pic_num": 0, "can_reprint": false, "new_comment_style": 0}, "readtimetype": "comment", "match_ai_play_picture": false}