{"created_at": "Wed Dec 14 13:41:24 +0800 2022", "id": 4846572888917280, "rootid": 4846560082922233, "rootidstr": "4846560082922233", "floor_number": 0, "text": "说啥呢", "disable_reply": 0, "restrictOperate": 0, "source_allowclick": 0, "source_type": 4, "source": "<a href=\"\" rel=\"nofollow\">来自黑龙江</a>", "user": {"id": 3027992453, "idstr": "3027992453", "class": 1, "screen_name": "霍二爷的双飞龙门", "name": "霍二爷的双飞龙门", "province": "100", "city": "1000", "location": "其他", "description": "|ω・）", "url": "", "profile_image_url": "https://tvax4.sinaimg.cn/crop.0.0.132.132.50/b47b7f85ly8h690ijhbguj203o03o0sj.jpg?KID=imgbed,tva&Expires=1673960605&ssig=CLlj7y3XV4", "light_ring": false, "cover_image_phone": "https://wx1.sinaimg.cn/crop.0.0.640.640.640/b47b7f85gy1ffagvmg8xjj20u00u017y.jpg", "profile_url": "u/3027992453", "domain": "", "weihao": "", "gender": "f", "followers_count": 262, "followers_count_str": "262", "friends_count": 696, "pagefriends_count": 54, "statuses_count": 2351, "video_status_count": 0, "video_play_count": 0, "super_topic_not_syn_count": 0, "favourites_count": 133, "created_at": "Wed Aug 07 15:44:35 +0800 2013", "following": false, "allow_all_act_msg": false, "geo_enabled": true, "verified": false, "verified_type": -1, "remark": "", "insecurity": {"sexual_content": false}, "ptype": 0, "allow_all_comment": true, "avatar_large": "https://tvax4.sinaimg.cn/crop.0.0.132.132.180/b47b7f85ly8h690ijhbguj203o03o0sj.jpg?KID=imgbed,tva&Expires=1673960605&ssig=RqU1UwpiUN", "avatar_hd": "https://tvax4.sinaimg.cn/crop.0.0.132.132.1024/b47b7f85ly8h690ijhbguj203o03o0sj.jpg?KID=imgbed,tva&Expires=1673960605&ssig=iiVW8a4BPn", "verified_reason": "", "verified_trade": "", "verified_reason_url": "", "verified_source": "", "verified_source_url": "", "follow_me": false, "like": false, "like_me": false, "online_status": 0, "bi_followers_count": 19, "lang": "zh-cn", "star": 0, "mbtype": 0, "mbrank": 0, "svip": 0, "mb_expire_time": 0, "block_word": 0, "block_app": 0, "chaohua_ability": 0, "brand_ability": 0, "nft_ability": 0, "vplus_ability": 0, "wenda_ability": 0, "live_ability": 0, "gongyi_ability": 0, "paycolumn_ability": 0, "newbrand_ability": 0, "ecommerce_ability": 0, "hardfan_ability": 0, "wbcolumn_ability": 0, "credit_score": 80, "user_ability": 2097152, "urank": 9, "story_read_state": -1, "vclub_member": 0, "is_teenager": 0, "is_guardian": 0, "is_teenager_list": 0, "pc_new": 0, "special_follow": false, "planet_video": 0, "video_mark": 0, "live_status": 0, "user_ability_extend": 0, "status_total_counter": {"total_cnt": 778, "repost_cnt": 37, "comment_cnt": 233, "like_cnt": 498, "comment_like_cnt": 10}, "video_total_counter": {"play_cnt": -1}, "brand_account": 0, "hongbaofei": 0, "tab_manage": "[0, 0]", "reward_status": 0, "green_mode": 0, "urisk": 566935683072, "avatar_type": 0}, "mid": "4846572888917280", "idstr": "4846572888917280", "status": {"visible": {"type": 0, "list_id": 0}, "created_at": "Wed Dec 14 12:45:54 +0800 2022", "id": 4846558921633378, "idstr": "4846558921633378", "mid": "4846558921633378", "edit_count": 1, "can_edit": false, "edit_at": "Wed Dec 14 17:27:30 +0800 2022", "version": 2, "show_additional_indication": 0, "text": "#医院回应医学生阳性带病上岗猝死#：仍在抢救中。希望能从死亡线上拉回来。以后医护人员感染新冠是稀松平常，给救治增加难度。希望医院多呵护医务人员，大家也积极防护，尽量减少感染，减少去医院频次。\n#华西研究生# #华西医院通报医学生阳性病危# ​", "textLength": 230, "source_allowclick": 1, "source_type": 1, "source": "<a href=\"http://app.weibo.com/t/feed/6jAPUV\" rel=\"nofollow\">小米11</a>", "favorited": false, "truncated": false, "in_reply_to_status_id": "", "in_reply_to_user_id": "", "in_reply_to_screen_name": "", "pic_urls": [], "geo": null, "is_paid": false, "mblog_vip_type": 0, "user": {"id": 1742482691, "idstr": "1742482691", "class": 1, "screen_name": "叶艾茂", "name": "叶艾茂", "province": "33", "city": "1", "location": "浙江 杭州", "description": "中线选股，趋势参与！", "url": "", "profile_image_url": "https://tvax3.sinaimg.cn/crop.0.0.1080.1080.50/67dc2d03ly8gqmzej5dmaj20u00u0td3.jpg?KID=imgbed,tva&Expires=1673960605&ssig=%2Fd0yPRxH1I", "light_ring": false, "cover_image_phone": "https://ww1.sinaimg.cn/crop.0.0.640.640.640/549d0121tw1egm1kjly3jj20hs0hsq4f.jpg", "profile_url": "u/1742482691", "domain": "", "weihao": "", "gender": "m", "followers_count": 594489, "followers_count_str": "59.4万", "friends_count": 2382, "pagefriends_count": 52, "statuses_count": 36345, "video_status_count": 362, "video_play_count": 0, "super_topic_not_syn_count": 0, "favourites_count": 6, "created_at": "Sun May 27 18:19:06 +0800 2012", "following": false, "allow_all_act_msg": false, "geo_enabled": true, "verified": true, "verified_type": 0, "remark": "", "insecurity": {"sexual_content": false}, "ptype": 0, "allow_all_comment": true, "avatar_large": "https://tvax3.sinaimg.cn/crop.0.0.1080.1080.180/67dc2d03ly8gqmzej5dmaj20u00u0td3.jpg?KID=imgbed,tva&Expires=1673960605&ssig=1rrMrF%2BMvh", "avatar_hd": "https://tvax3.sinaimg.cn/crop.0.0.1080.1080.1024/67dc2d03ly8gqmzej5dmaj20u00u0td3.jpg?KID=imgbed,tva&Expires=1673960605&ssig=d%2BX%2BlZzeMA", "verified_reason": "知名财经博主 基金博主 头条文章作者", "verified_trade": "963", "verified_reason_url": "", "verified_source": "", "verified_source_url": "", "verified_state": 0, "verified_level": 3, "verified_type_ext": 1, "has_service_tel": false, "verified_reason_modified": "", "verified_contact_name": "", "verified_contact_email": "", "verified_contact_mobile": "", "follow_me": false, "like": false, "like_me": false, "online_status": 0, "bi_followers_count": 2353, "lang": "zh-cn", "star": 0, "mbtype": 12, "mbrank": 8, "svip": 1, "mb_expire_time": 1700150400, "block_word": 0, "block_app": 1, "chaohua_ability": 0, "brand_ability": 0, "nft_ability": 0, "vplus_ability": 0, "wenda_ability": 1, "live_ability": 0, "gongyi_ability": 0, "paycolumn_ability": 0, "newbrand_ability": 0, "ecommerce_ability": 0, "hardfan_ability": 1, "wbcolumn_ability": 0, "credit_score": 80, "user_ability": 11799320, "cardid": "star_1518", "avatargj_id": "gj_vip_660", "urank": 41, "story_read_state": -1, "verified_detail": {"custom": 1, "data": [{"key": 2, "sub_key": 0, "weight": 10, "desc": "知名财经博主", "timestamp": 0}, {"key": 4, "sub_key": 9, "weight": 999, "desc": "头条文章作者", "timestamp": 0}, {"key": 16, "sub_key": 1, "weight": 0, "desc": "微博故事原创作者", "timestamp": 0}, {"key": 1, "sub_key": 0, "weight": 100, "desc": "基金博主", "timestamp": 0}]}, "vclub_member": 0, "is_teenager": 0, "is_guardian": 0, "is_teenager_list": 0, "pc_new": 6, "special_follow": false, "planet_video": 2, "video_mark": 15, "live_status": 0, "user_ability_extend": 0, "status_total_counter": {"total_cnt": 7896869, "repost_cnt": 113873, "comment_cnt": 1389719, "like_cnt": 4578997, "comment_like_cnt": 1814280}, "video_total_counter": {"play_cnt": 6984672}, "brand_account": 0, "hongbaofei": 0, "tab_manage": "[0, 0]", "reward_status": 0, "green_mode": 0, "urisk": 0, "avatar_type": 0}, "annotations": [{"ann_ext": "ann_ext:search|t:25|q:华西研究生|creator_source:bottomsendweibo|super_exparams=>{\"system_pic_only\":0}"}, {"shooting": 1, "client_mblogid": "3c97de97-98cd-4577-9015-52db91b8e74a"}, {"mapi_request": true}], "reposts_count": 0, "comments_count": 0, "reprint_cmt_count": 0, "attitudes_count": 0, "pending_approval_count": 0, "isLongText": false, "reward_exhibition_type": 0, "hide_flag": 0, "mlevel": 0, "show_mlevel": 0, "biz_feature": 0, "page_type": 64, "hasActionTypeCard": 0, "darwin_tags": [], "hot_weibo_tags": [], "text_tag_tips": [], "mblogtype": 0, "userType": 0, "more_info_type": 0, "cardid": "star_1518", "number_display_strategy": {"apply_scenario_flag": 3, "display_text_min_number": 1000000, "display_text": "100万+"}, "positive_recom_flag": 0, "content_auth": 0, "gif_ids": "", "is_show_bulletin": 2, "comment_manage_info": {"comment_permission_type": -1, "approval_comment_type": 0, "comment_sort_type": 0, "ai_play_picture_type": 0}, "pic_num": 0, "can_reprint": false, "new_comment_style": 0}, "reply_comment": {"created_at": "Wed Dec 14 12:50:31 +0800 2022", "id": 4846560082922233, "rootid": 4846560082922233, "rootidstr": "4846560082922233", "floor_number": 5, "text": "三年就是封控，核酸，方仓，没想的好好把医疗资源建设建设，医院平常就人满为患，别说现在了。", "disable_reply": 0, "restrictOperate": 0, "user": {"id": 5651795791, "idstr": "5651795791", "class": 1, "screen_name": "布莱恩特小辉", "name": "布莱恩特小辉", "province": "14", "city": "1", "location": "山西 太原", "description": "", "url": "", "profile_image_url": "https://tvax2.sinaimg.cn/crop.0.0.996.996.50/006aumgDly8fdwt50b1yfj30ro0ro40y.jpg?KID=imgbed,tva&Expires=1673960605&ssig=%2F5EmRPfopI", "light_ring": false, "cover_image_phone": "https://ww4.sinaimg.cn/crop.0.0.640.640.640/a1d3feabjw1ecat3p2p2qj20hs0hsmz4.jpg", "profile_url": "u/5651795791", "domain": "", "weihao": "", "gender": "m", "followers_count": 62, "followers_count_str": "62", "friends_count": 79, "pagefriends_count": 2, "statuses_count": 14, "video_status_count": 0, "video_play_count": 0, "super_topic_not_syn_count": 0, "favourites_count": 2, "created_at": "Mon Jul 13 00:18:07 +0800 2015", "following": false, "allow_all_act_msg": false, "geo_enabled": true, "verified": false, "verified_type": -1, "remark": "", "insecurity": {"sexual_content": false}, "ptype": 0, "allow_all_comment": true, "avatar_large": "https://tvax2.sinaimg.cn/crop.0.0.996.996.180/006aumgDly8fdwt50b1yfj30ro0ro40y.jpg?KID=imgbed,tva&Expires=1673960605&ssig=kP6ktNuzHh", "avatar_hd": "https://tvax2.sinaimg.cn/crop.0.0.996.996.1024/006aumgDly8fdwt50b1yfj30ro0ro40y.jpg?KID=imgbed,tva&Expires=1673960605&ssig=%2BBqrSdrVHU", "verified_reason": "", "verified_trade": "", "verified_reason_url": "", "verified_source": "", "verified_source_url": "", "follow_me": false, "like": false, "like_me": false, "online_status": 0, "bi_followers_count": 1, "lang": "zh-cn", "star": 0, "mbtype": 0, "mbrank": 0, "svip": 0, "mb_expire_time": 0, "block_word": 0, "block_app": 0, "credit_score": 80, "user_ability": 35651584, "urank": 9, "story_read_state": -1, "vclub_member": 0, "is_teenager": 0, "is_guardian": 0, "is_teenager_list": 0, "pc_new": 0, "special_follow": false, "planet_video": 0, "video_mark": 0, "live_status": 0, "user_ability_extend": 0, "status_total_counter": {"total_cnt": 5, "repost_cnt": 0, "comment_cnt": 4, "like_cnt": 1, "comment_like_cnt": 0}, "video_total_counter": {"play_cnt": -1}, "brand_account": 0, "hongbaofei": 0, "tab_manage": "[0, 0]", "green_mode": 0, "urisk": 0, "block": 0, "block_me": 0, "avatar_type": 0}, "mid": "4846560082922233", "idstr": "4846560082922233", "match_ai_play_picture": false}, "readtimetype": "comment", "match_ai_play_picture": false}