{"created_at": "Sat Nov 05 09:16:31 +0800 2022", "id": 4832373101822712, "rootid": 4832373101822712, "rootidstr": "4832373101822712", "floor_number": 1, "text": "我就在呼市，这几天离奇的事挺多的", "disable_reply": 0, "restrictOperate": 0, "source_allowclick": 0, "source_type": 4, "source": "<a href=\"\" rel=\"nofollow\">来自内蒙古</a>", "comment_badge": [{"pic_url": "https://h5.sinaimg.cn/upload/114/962/2022/07/08/member_0_bigfan1_3.png", "name": "loyal_fans", "length": 1.33, "actionlog": {"act_code": "3671", "ext": "status:fans"}, "scheme": "https://kefu.weibo.com/faqdetail?id=20848", "new_icon": true}], "user": {"id": 5317863150, "idstr": "5317863150", "class": 1, "screen_name": "时间的价值1", "name": "时间的价值1", "province": "100", "city": "1000", "location": "其他", "description": "", "url": "", "profile_image_url": "https://tvax1.sinaimg.cn/default/images/default_avatar_male_50.gif?KID=imgbed,tva&Expires=1669661447&ssig=MzTNrPm3Uz", "light_ring": false, "cover_image_phone": "http://ww1.sinaimg.cn/crop.0.0.640.640.640/549d0121tw1egm1kjly3jj20hs0hsq4f.jpg", "profile_url": "u/5317863150", "domain": "", "weihao": "", "gender": "m", "followers_count": 247, "followers_count_str": "247", "friends_count": 85, "pagefriends_count": 7, "statuses_count": 2381, "video_status_count": 20, "video_play_count": 0, "super_topic_not_syn_count": 0, "favourites_count": 5, "created_at": "Sat Oct 04 01:31:25 +0800 2014", "following": false, "allow_all_act_msg": false, "geo_enabled": true, "verified": false, "verified_type": -1, "remark": "", "insecurity": {"sexual_content": false}, "ptype": 0, "allow_all_comment": true, "avatar_large": "https://tvax1.sinaimg.cn/default/images/default_avatar_male_180.gif?KID=imgbed,tva&Expires=1669661447&ssig=a91bAGalVZ", "avatar_hd": "https://tvax1.sinaimg.cn/default/images/default_avatar_male_180.gif?KID=imgbed,tva&Expires=1669661447&ssig=a91bAGalVZ", "verified_reason": "", "verified_trade": "", "verified_reason_url": "", "verified_source": "", "verified_source_url": "", "follow_me": false, "like": false, "like_me": false, "online_status": 0, "bi_followers_count": 3, "lang": "zh-cn", "star": 0, "mbtype": 0, "mbrank": 0, "svip": 0, "mb_expire_time": 0, "block_word": 0, "block_app": 0, "chaohua_ability": 0, "brand_ability": 0, "nft_ability": 0, "vplus_ability": 0, "wenda_ability": 0, "live_ability": 0, "gongyi_ability": 0, "paycolumn_ability": 0, "newbrand_ability": 0, "ecommerce_ability": 0, "hardfan_ability": 0, "credit_score": 80, "user_ability": -2136735744, "urank": 4, "story_read_state": -1, "vclub_member": 0, "is_teenager": 0, "is_guardian": 0, "is_teenager_list": 0, "pc_new": 0, "special_follow": false, "planet_video": 2, "video_mark": 0, "live_status": 0, "user_ability_extend": 0, "status_total_counter": {"total_cnt": 207, "repost_cnt": 49, "comment_cnt": 52, "like_cnt": 103, "comment_like_cnt": 3}, "video_total_counter": {"play_cnt": 22928}, "brand_account": 0, "hongbaofei": 0, "tab_manage": "[0, 0]", "reward_status": 0, "green_mode": 0, "urisk": 0, "avatar_type": 0}, "mid": "4832373101822712", "idstr": "4832373101822712", "status": {"visible": {"type": 0, "list_id": 0}, "created_at": "Sat Nov 05 09:10:33 +0800 2022", "id": 4832371599743159, "idstr": "4832371599743159", "mid": "4832371599743159", "can_edit": false, "version": 5, "show_additional_indication": 0, "text": "呼和浩特一位母亲在隔离期间跳楼自杀，女儿只是一个初中生，文章中认为自杀原因与该女子被拉去强制隔离有关，我没有调查不知道真象，顺手转发！『呼市疫情 | 最担心的事情到底发生了！』 ​", "textLength": 1249, "source_allowclick": 1, "source_type": 1, "source": "<a href=\"http://app.weibo.com/t/feed/15z4V5\" rel=\"nofollow\">华为Mate30E Pro 5G</a>", "favorited": false, "truncated": false, "in_reply_to_status_id": "", "in_reply_to_user_id": "", "in_reply_to_screen_name": "", "pic_urls": [], "geo": null, "is_paid": false, "mblog_vip_type": 0, "user": {"id": 1179198244, "idstr": "1179198244", "class": 1, "screen_name": "否极泰董宝珍", "name": "否极泰董宝珍", "province": "11", "city": "1000", "location": "北京", "description": "凌通盛泰官网：ltjztz.com。", "url": "http://blog.sina.com.cn/u/1179198244", "profile_image_url": "https://tvax4.sinaimg.cn/crop.0.56.1080.1080.50/46492324ly1gs19hapiy9j20u00x5e81.jpg?KID=imgbed,tva&Expires=1669661447&ssig=DzbSSK1Ggb", "light_ring": false, "cover_image": "http://wx3.sinaimg.cn/crop.0.0.920.300/46492324ly1h0jvtrwcicj20pk08cdgu.jpg", "cover_image_phone": "http://ww1.sinaimg.cn/crop.0.0.640.640.640/549d0121tw1egm1kjly3jj20hs0hsq4f.jpg", "profile_url": "PJTDBZ", "domain": "PJTDBZ", "weihao": "", "gender": "m", "followers_count": 654595, "followers_count_str": "65.5万", "friends_count": 448, "pagefriends_count": 21, "statuses_count": 30186, "video_status_count": 902, "video_play_count": 0, "super_topic_not_syn_count": 0, "favourites_count": 68, "created_at": "Thu Jan 27 12:01:58 +0800 2011", "following": false, "allow_all_act_msg": false, "geo_enabled": false, "verified": true, "verified_type": 0, "remark": "", "insecurity": {"sexual_content": false}, "ptype": 0, "allow_all_comment": false, "avatar_large": "https://tvax4.sinaimg.cn/crop.0.56.1080.1080.180/46492324ly1gs19hapiy9j20u00x5e81.jpg?KID=imgbed,tva&Expires=1669661447&ssig=dVwVyOrMSj", "avatar_hd": "https://tvax4.sinaimg.cn/crop.0.56.1080.1080.1024/46492324ly1gs19hapiy9j20u00x5e81.jpg?KID=imgbed,tva&Expires=1669661447&ssig=RCSsiuKTYO", "verified_reason": "凌通盛泰投资管理董事长---否极泰基金经理", "verified_trade": "943", "verified_reason_url": "", "verified_source": "", "verified_source_url": "", "verified_state": 0, "verified_level": 3, "verified_type_ext": 1, "has_service_tel": false, "verified_reason_modified": "", "verified_contact_name": "", "verified_contact_email": "", "verified_contact_mobile": "", "follow_me": false, "like": false, "like_me": false, "online_status": 0, "bi_followers_count": 259, "lang": "zh-cn", "star": 0, "mbtype": 12, "mbrank": 7, "svip": 0, "mb_expire_time": 1689955200, "block_word": 0, "block_app": 1, "chaohua_ability": 0, "brand_ability": 0, "nft_ability": 0, "vplus_ability": 0, "wenda_ability": 0, "live_ability": 1, "gongyi_ability": 0, "paycolumn_ability": 0, "newbrand_ability": 0, "ecommerce_ability": 0, "hardfan_ability": 1, "dianping": "stock", "credit_score": 80, "user_ability": 10750476, "urank": 48, "story_read_state": -1, "verified_detail": {"custom": 0, "data": [{"key": 1, "sub_key": 0, "weight": 10, "desc": "凌通盛泰投资管理董事长---否极泰基金经理", "timestamp": 0, "verify_extend": {"real_name_verified": "1"}}]}, "vclub_member": 0, "is_teenager": 0, "is_guardian": 0, "is_teenager_list": 0, "pc_new": 6, "special_follow": false, "planet_video": 2, "video_mark": 15, "live_status": 0, "user_ability_extend": 1, "video_cover": {"mid": 4706374611632505}, "status_total_counter": {"total_cnt": 2427400, "repost_cnt": 761214, "comment_cnt": 467809, "like_cnt": 1007571, "comment_like_cnt": 190806}, "video_total_counter": {"play_cnt": 32342167}, "brand_account": 0, "hongbaofei": 0, "tab_manage": "[0, 0]", "reward_status": 0, "green_mode": 0, "urisk": 34896609280, "avatar_type": 0}, "annotations": [{}, {"shooting": 1, "client_mblogid": "7e2dfd80-7f3b-4ba5-a9cb-b91afbde446d"}, {"mapi_request": true}], "reposts_count": 0, "comments_count": 0, "reprint_cmt_count": 0, "attitudes_count": 0, "pending_approval_count": 0, "isLongText": true, "reward_exhibition_type": 0, "hide_flag": 0, "mlevel": 128, "show_mlevel": 0, "biz_feature": 0, "hasActionTypeCard": 0, "darwin_tags": [], "hot_weibo_tags": [], "text_tag_tips": [], "mblogtype": 0, "userType": 0, "mlevelSource": "monitor", "more_info_type": 0, "number_display_strategy": {"apply_scenario_flag": 3, "display_text_min_number": 1000000, "display_text": "100万+"}, "positive_recom_flag": 0, "content_auth": 0, "gif_ids": "", "is_show_bulletin": 2, "comment_manage_info": {"comment_permission_type": -1, "approval_comment_type": 0, "comment_sort_type": 0, "ai_play_picture_type": 0}, "pic_num": 0, "can_reprint": false, "new_comment_style": 0}, "readtimetype": "comment", "match_ai_play_picture": false}