{"created_at": "Sat Jun 25 19:56:49 +0800 2022", "id": 4784336651686074, "rootid": 4784336651686074, "rootidstr": "4784336651686074", "floor_number": 262, "text": "支持", "disable_reply": 0, "restrictOperate": 0, "source_allowclick": 0, "source_type": 4, "source": "<a href=\"\" rel=\"nofollow\">来自浙江</a>", "user": {"id": 5692260406, "idstr": "5692260406", "class": 1, "screen_name": "钱塘涌潮", "name": "钱塘涌潮", "province": "33", "city": "1000", "location": "浙江", "description": "要么忍，要么残忍", "url": "http://995731974sina.com.cn", "profile_image_url": "https://tvax2.sinaimg.cn/crop.0.0.400.400.50/006de8XIly8h8fbjjhqo1j30b40b43z4.jpg?KID=imgbed,tva&Expires=1674110489&ssig=DhPLlO0qY3", "light_ring": false, "cover_image_phone": "https://ww1.sinaimg.cn/crop.0.0.640.640.640/9d44112bjw1f1xl1c10tuj20hs0hs0tw.jpg", "profile_url": "u/5692260406", "domain": "", "weihao": "", "gender": "m", "followers_count": 7294, "followers_count_str": "7294", "friends_count": 435, "pagefriends_count": 10, "statuses_count": 171, "video_status_count": 136, "video_play_count": 0, "super_topic_not_syn_count": 0, "favourites_count": 138, "created_at": "Thu Sep 03 01:09:31 +0800 2015", "following": false, "allow_all_act_msg": false, "geo_enabled": false, "verified": true, "verified_type": 0, "remark": "", "insecurity": {"sexual_content": false}, "ptype": 0, "allow_all_comment": false, "avatar_large": "https://tvax2.sinaimg.cn/crop.0.0.400.400.180/006de8XIly8h8fbjjhqo1j30b40b43z4.jpg?KID=imgbed,tva&Expires=1674110489&ssig=m04d7Fioiv", "avatar_hd": "https://tvax2.sinaimg.cn/crop.0.0.400.400.1024/006de8XIly8h8fbjjhqo1j30b40b43z4.jpg?KID=imgbed,tva&Expires=1674110489&ssig=Gomggc4csO", "verified_reason": "浙江省模型无线电运动协会 会员 萌宠博主 超话主持人（萌宠俱乐部超话）", "verified_trade": "", "verified_reason_url": "", "verified_source": "", "verified_source_url": "", "verified_state": 0, "verified_level": 3, "verified_type_ext": 0, "has_service_tel": false, "verified_reason_modified": "", "verified_contact_name": "", "verified_contact_email": "", "verified_contact_mobile": "", "follow_me": false, "like": false, "like_me": false, "online_status": 0, "bi_followers_count": 352, "lang": "zh-cn", "star": 0, "mbtype": 12, "mbrank": 6, "svip": 0, "mb_expire_time": 1699372800, "block_word": 0, "block_app": 1, "chaohua_ability": 0, "brand_ability": 0, "nft_ability": 0, "vplus_ability": 0, "wenda_ability": 0, "live_ability": 0, "gongyi_ability": 0, "paycolumn_ability": 0, "newbrand_ability": 0, "ecommerce_ability": 0, "hardfan_ability": 0, "wbcolumn_ability": 0, "credit_score": 80, "user_ability": 10748928, "cardid": "star_1554", "avatargj_id": "gj_vip_024", "urank": 29, "story_read_state": -1, "verified_detail": {"custom": 1, "data": [{"key": 1, "sub_key": 0, "weight": 10, "desc": "浙江省模型无线电运动协会 会员"}, {"key": 2, "sub_key": 0, "weight": 11, "desc": "萌宠博主"}, {"key": 8, "sub_key": 0, "weight": 102, "desc": "超话主持人（萌宠俱乐部超话）"}]}, "vclub_member": 0, "is_teenager": 0, "is_guardian": 0, "is_teenager_list": 0, "pc_new": 7, "special_follow": false, "planet_video": 2, "video_mark": 14, "live_status": 0, "user_ability_extend": 0, "status_total_counter": {"total_cnt": 590, "repost_cnt": 86, "comment_cnt": 38, "like_cnt": 450, "comment_like_cnt": 16}, "video_total_counter": {"play_cnt": 117446}, "brand_account": 0, "hongbaofei": 0, "tab_manage": "[0, 0]", "reward_status": 0, "green_mode": 0, "urisk": 0, "unfollowing_recom_switch": 1, "avatar_type": 0}, "mid": "4784336651686074", "idstr": "4784336651686074", "status": {"visible": {"type": 0, "list_id": 0}, "created_at": "Sat Jun 25 12:17:03 +0800 2022", "id": 4784220947353611, "idstr": "4784220947353611", "mid": "4784220947353611", "can_edit": false, "version": 2, "show_additional_indication": 0, "text": "看到这条新闻内心久久不能平静！据报道，一位英烈子女高考加20分，竟然引起某些家长的举报声讨，觉得很不公平。\n\n有网友回怼道：“确实很不公平，凭什么人家牺牲了，我们能幸福地活着，凭什么我们的子女回家都喊一声爸妈，而人家的孩子却不能，别说加20分了，就算直接保送都不为过。”\n\n同样面对质疑， ​", "textLength": 469, "source_allowclick": 1, "source_type": 2, "source": "<a href=\"http://weibo.com/\" rel=\"nofollow\">Android</a>", "favorited": false, "truncated": false, "in_reply_to_status_id": "", "in_reply_to_user_id": "", "in_reply_to_screen_name": "", "pic_urls": [{"thumbnail_pic": "http://wx3.sinaimg.cn/thumbnail/0063lLJply1h3kdahtr0gj30rs0lkk4z.jpg"}, {"thumbnail_pic": "http://wx2.sinaimg.cn/thumbnail/0063lLJply1h3kdai6basj30u00x67ma.jpg"}], "thumbnail_pic": "http://wx3.sinaimg.cn/thumbnail/0063lLJply1h3kdahtr0gj30rs0lkk4z.jpg", "bmiddle_pic": "http://wx3.sinaimg.cn/bmiddle/0063lLJply1h3kdahtr0gj30rs0lkk4z.jpg", "original_pic": "http://wx3.sinaimg.cn/large/0063lLJply1h3kdahtr0gj30rs0lkk4z.jpg", "geo": null, "is_paid": false, "mblog_vip_type": 0, "user": {"id": 5546314371, "idstr": "5546314371", "class": 1, "screen_name": "媒体人石良", "name": "媒体人石良", "province": "61", "city": "9", "location": "陕西 安康", "description": "", "url": "", "profile_image_url": "https://tvax4.sinaimg.cn/crop.0.0.996.996.50/0063lLJply8g8nhn657hoj30ro0rojtr.jpg?KID=imgbed,tva&Expires=1674110489&ssig=b3DHI6S0qu", "light_ring": false, "cover_image_phone": "https://ww1.sinaimg.cn/crop.0.0.640.640.640/9d44112bjw1f1xl1c10tuj20hs0hs0tw.jpg", "profile_url": "u/5546314371", "domain": "", "weihao": "", "gender": "f", "followers_count": 1064603, "followers_count_str": "106.5万", "friends_count": 410, "pagefriends_count": 62, "statuses_count": 21005, "video_status_count": 2471, "video_play_count": 0, "super_topic_not_syn_count": 0, "favourites_count": 18, "created_at": "Mon Mar 09 12:37:38 +0800 2015", "following": false, "allow_all_act_msg": false, "geo_enabled": true, "verified": true, "verified_type": 0, "remark": "", "insecurity": {"sexual_content": false}, "ptype": 0, "allow_all_comment": true, "avatar_large": "https://tvax4.sinaimg.cn/crop.0.0.996.996.180/0063lLJply8g8nhn657hoj30ro0rojtr.jpg?KID=imgbed,tva&Expires=1674110489&ssig=KR6XOgz%2FAz", "avatar_hd": "https://tvax4.sinaimg.cn/crop.0.0.996.996.1024/0063lLJply8g8nhn657hoj30ro0rojtr.jpg?KID=imgbed,tva&Expires=1674110489&ssig=vd1jyCRXn9", "verified_reason": "互联网科技博主 微博乡村振兴助威团成员", "verified_trade": "3376", "verified_reason_url": "", "verified_source": "", "verified_source_url": "", "verified_state": 0, "verified_level": 3, "verified_type_ext": 1, "has_service_tel": false, "verified_reason_modified": "", "verified_contact_name": "", "verified_contact_email": "", "verified_contact_mobile": "", "follow_me": false, "like": false, "like_me": false, "online_status": 0, "bi_followers_count": 337, "lang": "zh-cn", "star": 0, "mbtype": 11, "mbrank": 6, "svip": 0, "mb_expire_time": 1674489600, "block_word": 0, "block_app": 1, "chaohua_ability": 0, "brand_ability": 0, "nft_ability": 0, "vplus_ability": 1, "wenda_ability": 1, "live_ability": 0, "gongyi_ability": 0, "paycolumn_ability": 1, "newbrand_ability": 0, "ecommerce_ability": 0, "hardfan_ability": 1, "wbcolumn_ability": 0, "credit_score": 80, "user_ability": -2135553272, "cardid": "star_1618", "avatargj_id": "gj_vip_027", "urank": 36, "story_read_state": -1, "verified_detail": {"custom": 1, "data": [{"key": 2, "sub_key": 0, "weight": 11, "desc": "互联网科技博主", "timestamp": 0}, {"key": 1, "sub_key": 0, "weight": 100, "desc": "微博乡村振兴助威团成员", "timestamp": 0, "verify_extend": {"real_name_verified": "1"}}]}, "vclub_member": 0, "is_teenager": 0, "is_guardian": 0, "is_teenager_list": 0, "pc_new": 0, "special_follow": false, "planet_video": 2, "video_mark": 15, "live_status": 0, "user_ability_extend": 0, "status_total_counter": {"total_cnt": 3864945, "repost_cnt": 277031, "comment_cnt": 337487, "like_cnt": 2614356, "comment_like_cnt": 636071}, "video_total_counter": {"play_cnt": 15640037}, "brand_account": 0, "hongbaofei": 0, "tab_manage": "[4329474693, 0]", "reward_status": 0, "green_mode": 0, "urisk": 0, "unfollowing_recom_switch": 1, "avatar_type": 0}, "annotations": [{"photo_sub_type": "0,0"}, {}, {"client_mblogid": "3cb122fa-0c4a-4016-a064-8dd7eb21f94e"}, {"mapi_request": true}], "picStatus": "0:1,1:1", "reposts_count": 0, "comments_count": 0, "reprint_cmt_count": 0, "attitudes_count": 0, "pending_approval_count": 0, "isLongText": true, "reward_exhibition_type": 0, "hide_flag": 0, "mlevel": 128, "show_mlevel": 0, "biz_feature": 4294967300, "hasActionTypeCard": 0, "darwin_tags": [], "hot_weibo_tags": [], "text_tag_tips": [], "mblogtype": 0, "userType": 0, "mlevelSource": "monitor", "more_info_type": 0, "number_display_strategy": {"apply_scenario_flag": 3, "display_text_min_number": 1000000, "display_text": "100万+"}, "positive_recom_flag": 0, "content_auth": 0, "gif_ids": "", "is_show_bulletin": 2, "comment_manage_info": {"comment_permission_type": -1, "approval_comment_type": 0, "comment_sort_type": 0, "ai_play_picture_type": 0}, "pic_num": 2, "can_reprint": false, "new_comment_style": 0}, "readtimetype": "comment", "match_ai_play_picture": false}