{"created_at": "Sat Jun 25 16:16:35 +0800 2022", "id": 4784281228419049, "rootid": 4784222755621329, "rootidstr": "4784222755621329", "floor_number": 0, "text": "回复@想了半天名字vip:同意保送，加分的话就会使别人的名额被挤，所以很多人同意保送，不同意加分", "disable_reply": 0, "restrictOperate": 0, "source_allowclick": 0, "source_type": 4, "source": "<a href=\"\" rel=\"nofollow\">来自上海</a>", "user": {"id": 3990818145, "idstr": "3990818145", "class": 1, "screen_name": "你法我笑儿子软肋", "name": "你法我笑儿子软肋", "province": "100", "city": "1000", "location": "其他", "description": "", "url": "", "profile_image_url": "https://tvax4.sinaimg.cn/crop.0.0.512.512.50/eddf0d61ly8gd7mzh8c7oj20e80e8jrt.jpg?KID=imgbed,tva&Expires=1674110514&ssig=QC1YqYBj52", "light_ring": false, "cover_image_phone": "https://ww4.sinaimg.cn/crop.0.0.640.640.640/a1d3feabjw1ez3ul46nlsj20hs0hsmz1.jpg", "profile_url": "u/3990818145", "domain": "", "weihao": "", "gender": "m", "followers_count": 70, "followers_count_str": "70", "friends_count": 68, "pagefriends_count": 7, "statuses_count": 619, "video_status_count": 0, "video_play_count": 0, "super_topic_not_syn_count": 0, "favourites_count": 10, "created_at": "Fri May 02 18:39:51 +0800 2014", "following": false, "allow_all_act_msg": false, "geo_enabled": true, "verified": false, "verified_type": -1, "remark": "", "insecurity": {"sexual_content": false}, "ptype": 0, "allow_all_comment": false, "avatar_large": "https://tvax4.sinaimg.cn/crop.0.0.512.512.180/eddf0d61ly8gd7mzh8c7oj20e80e8jrt.jpg?KID=imgbed,tva&Expires=1674110514&ssig=5GjRIxLcTF", "avatar_hd": "https://tvax4.sinaimg.cn/crop.0.0.512.512.1024/eddf0d61ly8gd7mzh8c7oj20e80e8jrt.jpg?KID=imgbed,tva&Expires=1674110514&ssig=hcxsmlxnPS", "verified_reason": "", "verified_trade": "", "verified_reason_url": "", "verified_source": "", "verified_source_url": "", "follow_me": false, "like": false, "like_me": false, "online_status": 0, "bi_followers_count": 1, "lang": "zh-cn", "star": 0, "mbtype": 0, "mbrank": 0, "svip": 0, "mb_expire_time": 0, "block_word": 0, "block_app": 0, "chaohua_ability": 0, "brand_ability": 0, "nft_ability": 0, "vplus_ability": 0, "wenda_ability": 0, "live_ability": 0, "gongyi_ability": 0, "paycolumn_ability": 0, "newbrand_ability": 0, "ecommerce_ability": 0, "hardfan_ability": 0, "wbcolumn_ability": 0, "credit_score": 80, "user_ability": 2359296, "urank": 9, "story_read_state": -1, "vclub_member": 0, "is_teenager": 0, "is_guardian": 0, "is_teenager_list": 0, "pc_new": 0, "special_follow": false, "planet_video": 2, "video_mark": 0, "live_status": 0, "user_ability_extend": 0, "status_total_counter": {"total_cnt": 70, "repost_cnt": 3, "comment_cnt": 29, "like_cnt": 37, "comment_like_cnt": 1}, "video_total_counter": {"play_cnt": 5}, "brand_account": 0, "hongbaofei": 0, "tab_manage": "[0, 0]", "reward_status": 0, "green_mode": 0, "urisk": 524288, "unfollowing_recom_switch": 1, "avatar_type": 0}, "mid": "4784281228419049", "idstr": "4784281228419049", "status": {"visible": {"type": 0, "list_id": 0}, "created_at": "Sat Jun 25 12:17:03 +0800 2022", "id": 4784220947353611, "idstr": "4784220947353611", "mid": "4784220947353611", "can_edit": false, "version": 2, "show_additional_indication": 0, "text": "看到这条新闻内心久久不能平静！据报道，一位英烈子女高考加20分，竟然引起某些家长的举报声讨，觉得很不公平。\n\n有网友回怼道：“确实很不公平，凭什么人家牺牲了，我们能幸福地活着，凭什么我们的子女回家都喊一声爸妈，而人家的孩子却不能，别说加20分了，就算直接保送都不为过。”\n\n同样面对质疑， ​", "textLength": 469, "source_allowclick": 1, "source_type": 2, "source": "<a href=\"http://weibo.com/\" rel=\"nofollow\">Android</a>", "favorited": false, "truncated": false, "in_reply_to_status_id": "", "in_reply_to_user_id": "", "in_reply_to_screen_name": "", "pic_urls": [{"thumbnail_pic": "http://wx3.sinaimg.cn/thumbnail/0063lLJply1h3kdahtr0gj30rs0lkk4z.jpg"}, {"thumbnail_pic": "http://wx2.sinaimg.cn/thumbnail/0063lLJply1h3kdai6basj30u00x67ma.jpg"}], "thumbnail_pic": "http://wx3.sinaimg.cn/thumbnail/0063lLJply1h3kdahtr0gj30rs0lkk4z.jpg", "bmiddle_pic": "http://wx3.sinaimg.cn/bmiddle/0063lLJply1h3kdahtr0gj30rs0lkk4z.jpg", "original_pic": "http://wx3.sinaimg.cn/large/0063lLJply1h3kdahtr0gj30rs0lkk4z.jpg", "geo": null, "is_paid": false, "mblog_vip_type": 0, "user": {"id": 5546314371, "idstr": "5546314371", "class": 1, "screen_name": "媒体人石良", "name": "媒体人石良", "province": "61", "city": "9", "location": "陕西 安康", "description": "", "url": "", "profile_image_url": "https://tvax4.sinaimg.cn/crop.0.0.996.996.50/0063lLJply8g8nhn657hoj30ro0rojtr.jpg?KID=imgbed,tva&Expires=1674110514&ssig=HsCWlVy39d", "light_ring": false, "cover_image_phone": "https://ww1.sinaimg.cn/crop.0.0.640.640.640/9d44112bjw1f1xl1c10tuj20hs0hs0tw.jpg", "profile_url": "u/5546314371", "domain": "", "weihao": "", "gender": "f", "followers_count": 1064603, "followers_count_str": "106.5万", "friends_count": 410, "pagefriends_count": 62, "statuses_count": 21005, "video_status_count": 2471, "video_play_count": 0, "super_topic_not_syn_count": 0, "favourites_count": 18, "created_at": "Mon Mar 09 12:37:38 +0800 2015", "following": false, "allow_all_act_msg": false, "geo_enabled": true, "verified": true, "verified_type": 0, "remark": "", "insecurity": {"sexual_content": false}, "ptype": 0, "allow_all_comment": true, "avatar_large": "https://tvax4.sinaimg.cn/crop.0.0.996.996.180/0063lLJply8g8nhn657hoj30ro0rojtr.jpg?KID=imgbed,tva&Expires=1674110514&ssig=eBGsIwd1Po", "avatar_hd": "https://tvax4.sinaimg.cn/crop.0.0.996.996.1024/0063lLJply8g8nhn657hoj30ro0rojtr.jpg?KID=imgbed,tva&Expires=1674110514&ssig=ZfoGbuMyFr", "verified_reason": "互联网科技博主 微博乡村振兴助威团成员", "verified_trade": "3376", "verified_reason_url": "", "verified_source": "", "verified_source_url": "", "verified_state": 0, "verified_level": 3, "verified_type_ext": 1, "has_service_tel": false, "verified_reason_modified": "", "verified_contact_name": "", "verified_contact_email": "", "verified_contact_mobile": "", "follow_me": false, "like": false, "like_me": false, "online_status": 0, "bi_followers_count": 337, "lang": "zh-cn", "star": 0, "mbtype": 11, "mbrank": 6, "svip": 0, "mb_expire_time": 1674489600, "block_word": 0, "block_app": 1, "chaohua_ability": 0, "brand_ability": 0, "nft_ability": 0, "vplus_ability": 1, "wenda_ability": 1, "live_ability": 0, "gongyi_ability": 0, "paycolumn_ability": 1, "newbrand_ability": 0, "ecommerce_ability": 0, "hardfan_ability": 1, "wbcolumn_ability": 0, "credit_score": 80, "user_ability": -2135553272, "cardid": "star_1618", "avatargj_id": "gj_vip_027", "urank": 36, "story_read_state": -1, "verified_detail": {"custom": 1, "data": [{"key": 2, "sub_key": 0, "weight": 11, "desc": "互联网科技博主", "timestamp": 0}, {"key": 1, "sub_key": 0, "weight": 100, "desc": "微博乡村振兴助威团成员", "timestamp": 0, "verify_extend": {"real_name_verified": "1"}}]}, "vclub_member": 0, "is_teenager": 0, "is_guardian": 0, "is_teenager_list": 0, "pc_new": 0, "special_follow": false, "planet_video": 2, "video_mark": 15, "live_status": 0, "user_ability_extend": 0, "status_total_counter": {"total_cnt": 3864945, "repost_cnt": 277031, "comment_cnt": 337487, "like_cnt": 2614356, "comment_like_cnt": 636071}, "video_total_counter": {"play_cnt": 15640042}, "brand_account": 0, "hongbaofei": 0, "tab_manage": "[4329474693, 0]", "reward_status": 0, "green_mode": 0, "urisk": 0, "unfollowing_recom_switch": 1, "avatar_type": 0}, "annotations": [{"photo_sub_type": "0,0"}, {}, {"client_mblogid": "3cb122fa-0c4a-4016-a064-8dd7eb21f94e"}, {"mapi_request": true}], "picStatus": "0:1,1:1", "reposts_count": 0, "comments_count": 0, "reprint_cmt_count": 0, "attitudes_count": 0, "pending_approval_count": 0, "isLongText": true, "reward_exhibition_type": 0, "hide_flag": 0, "mlevel": 128, "show_mlevel": 0, "biz_feature": 4294967300, "hasActionTypeCard": 0, "darwin_tags": [], "hot_weibo_tags": [], "text_tag_tips": [], "mblogtype": 0, "userType": 0, "mlevelSource": "monitor", "more_info_type": 0, "number_display_strategy": {"apply_scenario_flag": 3, "display_text_min_number": 1000000, "display_text": "100万+"}, "positive_recom_flag": 0, "content_auth": 0, "gif_ids": "", "is_show_bulletin": 2, "comment_manage_info": {"comment_permission_type": -1, "approval_comment_type": 0, "comment_sort_type": 0, "ai_play_picture_type": 0}, "pic_num": 2, "can_reprint": false, "new_comment_style": 0}, "reply_comment": {"created_at": "Sat Jun 25 12:24:14 +0800 2022", "id": 4784222755621329, "rootid": 4784222755621329, "rootidstr": "4784222755621329", "floor_number": 17, "text": "有些人就是太气人，烈士子女保送都行", "disable_reply": 0, "restrictOperate": 0, "user": {"id": 6230918445, "idstr": "6230918445", "class": 1, "screen_name": "想了半天名字vip", "name": "想了半天名字vip", "province": "13", "city": "1000", "location": "河北", "description": "微博认证:2019年微博知名博主", "url": "", "profile_image_url": "https://tvax1.sinaimg.cn/crop.0.0.664.664.50/006NGiwBly8g57xt5rnjoj30ig0igjrh.jpg?KID=imgbed,tva&Expires=1674110514&ssig=yH20dSmi7v", "light_ring": false, "cover_image_phone": "https://ww1.sinaimg.cn/crop.0.0.640.640.640/549d0121tw1egm1kjly3jj20hs0hsq4f.jpg", "profile_url": "u/6230918445", "domain": "", "weihao": "", "gender": "f", "followers_count": 1430, "followers_count_str": "1430", "friends_count": 809, "pagefriends_count": 18, "statuses_count": 77847, "video_status_count": 32, "video_play_count": 0, "super_topic_not_syn_count": 0, "favourites_count": 0, "created_at": "Wed May 03 19:06:33 +0800 2017", "following": false, "allow_all_act_msg": false, "geo_enabled": true, "verified": false, "verified_type": -1, "remark": "", "insecurity": {"sexual_content": false}, "ptype": 0, "allow_all_comment": true, "avatar_large": "https://tvax1.sinaimg.cn/crop.0.0.664.664.180/006NGiwBly8g57xt5rnjoj30ig0igjrh.jpg?KID=imgbed,tva&Expires=1674110514&ssig=JPLkm2P0bs", "avatar_hd": "https://tvax1.sinaimg.cn/crop.0.0.664.664.1024/006NGiwBly8g57xt5rnjoj30ig0igjrh.jpg?KID=imgbed,tva&Expires=1674110514&ssig=nD3p8fkpoF", "verified_reason": "", "verified_trade": "", "verified_reason_url": "", "verified_source": "", "verified_source_url": "", "follow_me": false, "like": false, "like_me": false, "online_status": 0, "bi_followers_count": 433, "lang": "zh-cn", "star": 0, "mbtype": 2, "mbrank": 5, "svip": 0, "mb_expire_time": 1587311999, "block_word": 0, "block_app": 0, "credit_score": 80, "user_ability": 11796512, "urank": 22, "story_read_state": -1, "vclub_member": 0, "is_teenager": 0, "is_guardian": 0, "is_teenager_list": 0, "pc_new": 0, "special_follow": false, "planet_video": 0, "video_mark": 0, "live_status": 0, "user_ability_extend": 0, "status_total_counter": {"total_cnt": 5146, "repost_cnt": 404, "comment_cnt": 1090, "like_cnt": 3620, "comment_like_cnt": 32}, "video_total_counter": {"play_cnt": 10326}, "brand_account": 0, "hongbaofei": 0, "tab_manage": "[0, 0]", "green_mode": 0, "urisk": 0, "unfollowing_recom_switch": 1, "block": 0, "block_me": 0, "avatar_type": 0}, "mid": "4784222755621329", "idstr": "4784222755621329", "match_ai_play_picture": false}, "reply_original_text": "同意保送，加分的话就会使别人的名额被挤，所以很多人同意保送，不同意加分", "readtimetype": "comment", "match_ai_play_picture": false}