{"created_at": "Mon Jun 20 23:26:23 +0800 2022", "id": 4782577452584160, "rootid": 4781998625003287, "rootidstr": "4781998625003287", "floor_number": 0, "text": "回复@请让奈布嫁给我:那你又何尝不是站在道德制高点在指点江山", "disable_reply": 0, "restrictOperate": 0, "source_allowclick": 0, "source_type": 4, "source": "<a href=\"\" rel=\"nofollow\">来自广西</a>", "user": {"id": 3312609815, "idstr": "3312609815", "class": 1, "screen_name": "偶尔努力的闲鱼", "name": "偶尔努力的闲鱼", "province": "53", "city": "1", "location": "云南 昆明", "description": "我团:退休生活带娃爬山，开心不已 歌迷:啊，三姐妹何时能合体 横批:华研何时倒闭", "url": "", "profile_image_url": "https://tvax4.sinaimg.cn/crop.0.0.511.511.50/c5726a17ly8fka4fabd6nj20e80e7t93.jpg?KID=imgbed,tva&Expires=1674067583&ssig=n488V1gPN7", "light_ring": false, "cover_image_phone": "https://ww1.sinaimg.cn/crop.0.0.640.640.640/549d0121tw1egm1kjly3jj20hs0hsq4f.jpg", "profile_url": "u/3312609815", "domain": "", "weihao": "", "gender": "f", "followers_count": 79, "followers_count_str": "79", "friends_count": 471, "pagefriends_count": 33, "statuses_count": 2434, "video_status_count": 0, "video_play_count": 0, "super_topic_not_syn_count": 1, "favourites_count": 488, "created_at": "Fri Apr 19 14:05:09 +0800 2013", "following": false, "allow_all_act_msg": false, "geo_enabled": true, "verified": false, "verified_type": -1, "remark": "", "insecurity": {"sexual_content": false}, "ptype": 0, "allow_all_comment": true, "avatar_large": "https://tvax4.sinaimg.cn/crop.0.0.511.511.180/c5726a17ly8fka4fabd6nj20e80e7t93.jpg?KID=imgbed,tva&Expires=1674067583&ssig=bT9oVATwmG", "avatar_hd": "https://tvax4.sinaimg.cn/crop.0.0.511.511.1024/c5726a17ly8fka4fabd6nj20e80e7t93.jpg?KID=imgbed,tva&Expires=1674067583&ssig=lXUtUN9ofL", "verified_reason": "", "verified_trade": "", "verified_reason_url": "", "verified_source": "", "verified_source_url": "", "follow_me": false, "like": false, "like_me": false, "online_status": 0, "bi_followers_count": 10, "lang": "zh-cn", "star": 0, "mbtype": 0, "mbrank": 0, "svip": 0, "mb_expire_time": 0, "block_word": 0, "block_app": 0, "chaohua_ability": 0, "brand_ability": 0, "nft_ability": 0, "vplus_ability": 0, "wenda_ability": 0, "live_ability": 0, "gongyi_ability": 0, "paycolumn_ability": 0, "newbrand_ability": 0, "ecommerce_ability": 0, "hardfan_ability": 0, "wbcolumn_ability": 0, "credit_score": 80, "user_ability": 35651584, "urank": 13, "story_read_state": -1, "vclub_member": 0, "is_teenager": 0, "is_guardian": 0, "is_teenager_list": 0, "pc_new": 0, "special_follow": false, "planet_video": 0, "video_mark": 0, "live_status": 0, "user_ability_extend": 0, "status_total_counter": {"total_cnt": 167, "repost_cnt": 69, "comment_cnt": 54, "like_cnt": 44, "comment_like_cnt": 0}, "video_total_counter": {"play_cnt": -1}, "brand_account": 0, "hongbaofei": 0, "tab_manage": "[0, 0]", "reward_status": 0, "green_mode": 0, "urisk": 0, "unfollowing_recom_switch": 1, "avatar_type": 0}, "mid": "4782577452584160", "idstr": "4782577452584160", "status": {"visible": {"type": 0, "list_id": 0}, "created_at": "Fri Jun 17 07:18:02 +0800 2022", "id": 4781246594941577, "idstr": "4781246594941577", "mid": "4781246594941577", "can_edit": false, "version": 3, "show_additional_indication": 0, "text": "烈士子女高考加20分，引起了部分家长不满，看到这个消息，我沉默了许久！ ​", "textLength": 68, "source_allowclick": 0, "source_type": 2, "source": "", "favorited": false, "truncated": false, "in_reply_to_status_id": "", "in_reply_to_user_id": "", "in_reply_to_screen_name": "", "pic_urls": [{"thumbnail_pic": "http://wx2.sinaimg.cn/thumbnail/798c7fafgy1h3avotwulaj20u010cdn2.jpg"}], "thumbnail_pic": "http://wx2.sinaimg.cn/thumbnail/798c7fafgy1h3avotwulaj20u010cdn2.jpg", "bmiddle_pic": "http://wx2.sinaimg.cn/bmiddle/798c7fafgy1h3avotwulaj20u010cdn2.jpg", "original_pic": "http://wx2.sinaimg.cn/large/798c7fafgy1h3avotwulaj20u010cdn2.jpg", "geo": null, "is_paid": false, "mblog_vip_type": 0, "user": {"id": 2039250863, "idstr": "2039250863", "class": 1, "screen_name": "香蕉没毛病", "name": "香蕉没毛病", "province": "100", "city": "1000", "location": "其他", "description": "商务合作 请私信！ 免责声明：本账号所发内容不代表本人，如有观点不当，造成损失概不负责。", "url": "http://weibo.com/576944779", "profile_image_url": "https://tvax2.sinaimg.cn/crop.0.0.690.690.50/798c7fafly8gdi75aox7hj20j60j6myl.jpg?KID=imgbed,tva&Expires=1674067583&ssig=nlSci0W%2BoR", "light_ring": false, "cover_image_phone": "https://wx1.sinaimg.cn/crop.0.0.640.640.640/006Y5MRUgy1g2cidne035j30ku0kut8z.jpg;https://ww1.sinaimg.cn/crop.0.0.640.640.640/9d44112bjw1f1xl1c10tuj20hs0hs0tw.jpg", "profile_url": "576944779", "domain": "huijason", "weihao": "576944779", "gender": "f", "followers_count": 2183982, "followers_count_str": "218.4万", "friends_count": 39, "pagefriends_count": 7, "statuses_count": 109079, "video_status_count": 37272, "video_play_count": 0, "super_topic_not_syn_count": 0, "favourites_count": 46, "created_at": "Tue Mar 22 15:05:34 +0800 2011", "following": false, "allow_all_act_msg": false, "geo_enabled": true, "verified": true, "verified_type": 0, "remark": "", "insecurity": {"sexual_content": false}, "ptype": 0, "allow_all_comment": true, "avatar_large": "https://tvax2.sinaimg.cn/crop.0.0.690.690.180/798c7fafly8gdi75aox7hj20j60j6myl.jpg?KID=imgbed,tva&Expires=1674067583&ssig=98z%2BsYq5kS", "avatar_hd": "https://tvax2.sinaimg.cn/crop.0.0.690.690.1024/798c7fafly8gdi75aox7hj20j60j6myl.jpg?KID=imgbed,tva&Expires=1674067583&ssig=F39m6n%2B7Ah", "verified_reason": "知名娱乐博主 2022年辰星计划博主 超话主持人（香蕉说事超话） 搞笑视频自媒体 视频博主", "verified_trade": "3550", "verified_reason_url": "", "verified_source": "", "verified_source_url": "", "verified_state": 0, "verified_level": 3, "verified_type_ext": 1, "has_service_tel": false, "verified_reason_modified": "", "verified_contact_name": "", "verified_contact_email": "", "verified_contact_mobile": "", "follow_me": false, "like": false, "like_me": false, "online_status": 0, "bi_followers_count": 28, "lang": "zh-cn", "star": 0, "mbtype": 12, "mbrank": 8, "svip": 1, "mb_expire_time": 1675267200, "block_word": 1, "block_app": 1, "chaohua_ability": 0, "brand_ability": 0, "nft_ability": 0, "vplus_ability": 2, "wenda_ability": 0, "live_ability": 0, "gongyi_ability": 0, "paycolumn_ability": 1, "newbrand_ability": 0, "ecommerce_ability": 0, "hardfan_ability": 1, "wbcolumn_ability": 0, "credit_score": 80, "user_ability": -2144073208, "cardid": "star_1573", "avatargj_id": "gj_vip_784", "urank": 45, "story_read_state": -1, "verified_detail": {"custom": 1, "data": [{"key": 2, "sub_key": 0, "weight": 10, "desc": "知名娱乐博主", "timestamp": 0}, {"key": 16, "sub_key": 10, "weight": 103, "desc": "搞笑视频自媒体", "timestamp": 0}, {"key": 16, "sub_key": 7, "weight": 103, "desc": "视频博主", "timestamp": 0}, {"key": 1, "sub_key": 0, "weight": 100, "desc": "2022年辰星计划博主", "timestamp": 0}, {"key": 8, "sub_key": 0, "weight": 102, "desc": "超话主持人（香蕉说事超话）", "timestamp": 1654778051}]}, "vclub_member": 0, "is_teenager": 0, "is_guardian": 0, "is_teenager_list": 0, "pc_new": 7, "special_follow": false, "planet_video": 2, "video_mark": 15, "live_status": 0, "user_ability_extend": 0, "status_total_counter": {"total_cnt": 29227424, "repost_cnt": 1299484, "comment_cnt": 2295858, "like_cnt": 13880610, "comment_like_cnt": 11751472}, "video_total_counter": {"play_cnt": 2775196466}, "brand_account": 0, "hongbaofei": 0, "tab_manage": "[4329441920, 0]", "reward_status": 0, "green_mode": 0, "urisk": 43486543872, "unfollowing_recom_switch": 1, "avatar_type": 0}, "annotations": [{"photo_sub_type": "0"}, {}, {"client_mblogid": "iPhone-B0B33C19-C81E-44FA-9978-14E345600E38"}, {"mapi_request": true}], "reposts_count": 0, "comments_count": 0, "reprint_cmt_count": 0, "attitudes_count": 0, "pending_approval_count": 0, "isLongText": false, "reward_exhibition_type": 0, "hide_flag": 0, "mlevel": 128, "show_mlevel": 0, "biz_feature": 4294967300, "hasActionTypeCard": 0, "darwin_tags": [], "hot_weibo_tags": [], "text_tag_tips": [], "mblogtype": 0, "userType": 0, "mlevelSource": "monitor", "more_info_type": 0, "cardid": "star_1573", "number_display_strategy": {"apply_scenario_flag": 3, "display_text_min_number": 1000000, "display_text": "100万+"}, "positive_recom_flag": 0, "content_auth": 0, "gif_ids": "", "is_show_bulletin": 2, "comment_manage_info": {"comment_permission_type": -1, "approval_comment_type": 0, "comment_sort_type": 0, "ai_play_picture_type": 0}, "pic_num": 1, "can_reprint": false, "new_comment_style": 0}, "reply_comment": {"created_at": "Mon Jun 20 23:25:19 +0800 2022", "id": 4782577183625714, "rootid": 4781998625003287, "rootidstr": "4781998625003287", "floor_number": 0, "text": "回复@维330:真不懂你们凭的什么站在道德制高点把你们的观点强设为最正确的然后去的否认一切与你态度相反的人，你说我们觉得这不公平是悲哀，那你能不能先看看我说了什么，我说“不占用名额或者直接保送”，我从没发表过任何“他们不应该得优待”的观点，你又在强行给我冠什么罪？", "disable_reply": 0, "restrictOperate": 0, "user": {"id": 7640252476, "idstr": "7640252476", "class": 1, "screen_name": "请让奈布嫁给我", "name": "请让奈布嫁给我", "province": "100", "city": "1000", "location": "其他", "description": "我给你贫穷的街道，绝望的日落，破败郊区的月亮。", "url": "", "profile_image_url": "https://tvax2.sinaimg.cn/crop.0.0.1000.1000.50/008l3IGEly8h5jyf9n30tj30rs0rst9v.jpg?KID=imgbed,tva&Expires=1674067583&ssig=BDnM98xsen", "light_ring": false, "cover_image_phone": "https://ww1.sinaimg.cn/crop.0.0.640.640.640/549d0121tw1egm1kjly3jj20hs0hsq4f.jpg", "profile_url": "u/7640252476", "domain": "", "weihao": "", "gender": "f", "followers_count": 1, "followers_count_str": "1", "friends_count": 107, "pagefriends_count": 14, "statuses_count": 0, "video_status_count": 0, "video_play_count": 0, "super_topic_not_syn_count": 0, "favourites_count": 14, "created_at": "Sun Jul 04 08:35:25 +0800 2021", "following": false, "allow_all_act_msg": false, "geo_enabled": true, "verified": false, "verified_type": -1, "remark": "", "insecurity": {"sexual_content": false}, "ptype": 0, "allow_all_comment": false, "avatar_large": "https://tvax2.sinaimg.cn/crop.0.0.1000.1000.180/008l3IGEly8h5jyf9n30tj30rs0rst9v.jpg?KID=imgbed,tva&Expires=1674067583&ssig=pJ%2Bgiu9tBQ", "avatar_hd": "https://tvax2.sinaimg.cn/crop.0.0.1000.1000.1024/008l3IGEly8h5jyf9n30tj30rs0rst9v.jpg?KID=imgbed,tva&Expires=1674067583&ssig=MgiUV6lj%2BJ", "verified_reason": "", "verified_trade": "", "verified_reason_url": "", "verified_source": "", "verified_source_url": "", "follow_me": false, "like": false, "like_me": false, "online_status": 0, "bi_followers_count": 1, "lang": "zh-cn", "star": 0, "mbtype": 0, "mbrank": 0, "svip": 0, "mb_expire_time": 0, "block_word": 0, "block_app": 0, "chaohua_ability": 0, "brand_ability": 0, "nft_ability": 0, "vplus_ability": 0, "wenda_ability": 0, "live_ability": 0, "gongyi_ability": 0, "paycolumn_ability": 0, "newbrand_ability": 0, "ecommerce_ability": 0, "hardfan_ability": 0, "wbcolumn_ability": 0, "credit_score": 80, "user_ability": 2097152, "urank": 0, "story_read_state": -1, "vclub_member": 0, "is_teenager": 0, "is_guardian": 0, "is_teenager_list": 0, "pc_new": 0, "special_follow": false, "planet_video": 0, "video_mark": 0, "live_status": 0, "user_ability_extend": 0, "status_total_counter": {"total_cnt": 0, "repost_cnt": 0, "comment_cnt": 0, "like_cnt": 0, "comment_like_cnt": 0}, "video_total_counter": {"play_cnt": -1}, "brand_account": 0, "hongbaofei": 0, "tab_manage": "[0, 0]", "reward_status": 0, "green_mode": 0, "urisk": 0, "unfollowing_recom_switch": 1, "avatar_type": 0}, "mid": "4782577183625714", "idstr": "4782577183625714", "match_ai_play_picture": false}, "reply_original_text": "那你又何尝不是站在道德制高点在指点江山", "readtimetype": "comment", "match_ai_play_picture": false}