{"created_at": "Fri Jun 24 09:06:26 +0800 2022", "id": 4783810589758272, "rootid": 4782398321725075, "rootidstr": "4782398321725075", "floor_number": 0, "text": "？？又没有人否认战士的贡献，只是说这样的方式对别人不公平，你在这激动啥？emmm", "disable_reply": 0, "restrictOperate": 0, "source_allowclick": 0, "source_type": 4, "source": "<a href=\"\" rel=\"nofollow\">来自浙江</a>", "user": {"id": 5470200030, "idstr": "5470200030", "class": 1, "screen_name": "么么哒白馒头", "name": "么么哒白馒头", "province": "100", "city": "1000", "location": "其他", "description": "", "url": "", "profile_image_url": "https://tvax3.sinaimg.cn/crop.0.0.366.366.50/005YcoUKly8h2ik74ioxzj30a60a6jri.jpg?KID=imgbed,tva&Expires=1674067411&ssig=qvia43ho84", "light_ring": false, "cover_image_phone": "https://ww1.sinaimg.cn/crop.0.0.640.640.640/549d0121tw1egm1kjly3jj20hs0hsq4f.jpg", "profile_url": "u/5470200030", "domain": "", "weihao": "", "gender": "f", "followers_count": 1, "followers_count_str": "1", "friends_count": 34, "pagefriends_count": 6, "statuses_count": 25, "video_status_count": 0, "video_play_count": 0, "super_topic_not_syn_count": 0, "favourites_count": 252, "created_at": "Tue Feb 17 09:38:57 +0800 2015", "following": false, "allow_all_act_msg": false, "geo_enabled": true, "verified": false, "verified_type": -1, "remark": "", "insecurity": {"sexual_content": false}, "ptype": 0, "allow_all_comment": true, "avatar_large": "https://tvax3.sinaimg.cn/crop.0.0.366.366.180/005YcoUKly8h2ik74ioxzj30a60a6jri.jpg?KID=imgbed,tva&Expires=1674067411&ssig=LQHoKoA7s9", "avatar_hd": "https://tvax3.sinaimg.cn/crop.0.0.366.366.1024/005YcoUKly8h2ik74ioxzj30a60a6jri.jpg?KID=imgbed,tva&Expires=1674067411&ssig=xV39Q9RRo6", "verified_reason": "", "verified_trade": "", "verified_reason_url": "", "verified_source": "", "verified_source_url": "", "follow_me": false, "like": false, "like_me": false, "online_status": 0, "bi_followers_count": 0, "lang": "zh-cn", "star": 0, "mbtype": 0, "mbrank": 0, "svip": 0, "mb_expire_time": 0, "block_word": 0, "block_app": 0, "chaohua_ability": 0, "brand_ability": 0, "nft_ability": 0, "vplus_ability": 0, "wenda_ability": 0, "live_ability": 0, "gongyi_ability": 0, "paycolumn_ability": 0, "newbrand_ability": 0, "ecommerce_ability": 0, "hardfan_ability": 0, "wbcolumn_ability": 0, "credit_score": 80, "user_ability": 2097152, "urank": 3, "story_read_state": -1, "vclub_member": 0, "is_teenager": 0, "is_guardian": 0, "is_teenager_list": 0, "pc_new": 7, "special_follow": false, "planet_video": 0, "video_mark": 0, "live_status": 0, "user_ability_extend": 0, "status_total_counter": {"total_cnt": 60, "repost_cnt": 1, "comment_cnt": 19, "like_cnt": 34, "comment_like_cnt": 6}, "video_total_counter": {"play_cnt": -1}, "brand_account": 0, "hongbaofei": 0, "tab_manage": "[0, 0]", "reward_status": 0, "green_mode": 0, "urisk": 17179869184, "unfollowing_recom_switch": 1, "avatar_type": 0}, "mid": "4783810589758272", "idstr": "4783810589758272", "status": {"visible": {"type": 0, "list_id": 0}, "created_at": "Fri Jun 17 07:18:02 +0800 2022", "id": 4781246594941577, "idstr": "4781246594941577", "mid": "4781246594941577", "can_edit": false, "version": 3, "show_additional_indication": 0, "text": "烈士子女高考加20分，引起了部分家长不满，看到这个消息，我沉默了许久！ ​", "textLength": 68, "source_allowclick": 0, "source_type": 2, "source": "", "favorited": false, "truncated": false, "in_reply_to_status_id": "", "in_reply_to_user_id": "", "in_reply_to_screen_name": "", "pic_urls": [{"thumbnail_pic": "http://wx2.sinaimg.cn/thumbnail/798c7fafgy1h3avotwulaj20u010cdn2.jpg"}], "thumbnail_pic": "http://wx2.sinaimg.cn/thumbnail/798c7fafgy1h3avotwulaj20u010cdn2.jpg", "bmiddle_pic": "http://wx2.sinaimg.cn/bmiddle/798c7fafgy1h3avotwulaj20u010cdn2.jpg", "original_pic": "http://wx2.sinaimg.cn/large/798c7fafgy1h3avotwulaj20u010cdn2.jpg", "geo": null, "is_paid": false, "mblog_vip_type": 0, "user": {"id": 2039250863, "idstr": "2039250863", "class": 1, "screen_name": "香蕉没毛病", "name": "香蕉没毛病", "province": "100", "city": "1000", "location": "其他", "description": "商务合作 请私信！ 免责声明：本账号所发内容不代表本人，如有观点不当，造成损失概不负责。", "url": "http://weibo.com/576944779", "profile_image_url": "https://tvax2.sinaimg.cn/crop.0.0.690.690.50/798c7fafly8gdi75aox7hj20j60j6myl.jpg?KID=imgbed,tva&Expires=1674067411&ssig=NyrQWN4N5G", "light_ring": false, "cover_image_phone": "https://wx1.sinaimg.cn/crop.0.0.640.640.640/006Y5MRUgy1g2cidne035j30ku0kut8z.jpg;https://ww1.sinaimg.cn/crop.0.0.640.640.640/9d44112bjw1f1xl1c10tuj20hs0hs0tw.jpg", "profile_url": "576944779", "domain": "huijason", "weihao": "576944779", "gender": "f", "followers_count": 2183982, "followers_count_str": "218.4万", "friends_count": 39, "pagefriends_count": 7, "statuses_count": 109079, "video_status_count": 37272, "video_play_count": 0, "super_topic_not_syn_count": 0, "favourites_count": 46, "created_at": "Tue Mar 22 15:05:34 +0800 2011", "following": false, "allow_all_act_msg": false, "geo_enabled": true, "verified": true, "verified_type": 0, "remark": "", "insecurity": {"sexual_content": false}, "ptype": 0, "allow_all_comment": true, "avatar_large": "https://tvax2.sinaimg.cn/crop.0.0.690.690.180/798c7fafly8gdi75aox7hj20j60j6myl.jpg?KID=imgbed,tva&Expires=1674067411&ssig=bLG7vR7wkU", "avatar_hd": "https://tvax2.sinaimg.cn/crop.0.0.690.690.1024/798c7fafly8gdi75aox7hj20j60j6myl.jpg?KID=imgbed,tva&Expires=1674067411&ssig=J5liZKOOaR", "verified_reason": "知名娱乐博主 2022年辰星计划博主 超话主持人（香蕉说事超话） 搞笑视频自媒体 视频博主", "verified_trade": "3550", "verified_reason_url": "", "verified_source": "", "verified_source_url": "", "verified_state": 0, "verified_level": 3, "verified_type_ext": 1, "has_service_tel": false, "verified_reason_modified": "", "verified_contact_name": "", "verified_contact_email": "", "verified_contact_mobile": "", "follow_me": false, "like": false, "like_me": false, "online_status": 0, "bi_followers_count": 28, "lang": "zh-cn", "star": 0, "mbtype": 12, "mbrank": 8, "svip": 1, "mb_expire_time": 1675267200, "block_word": 1, "block_app": 1, "chaohua_ability": 0, "brand_ability": 0, "nft_ability": 0, "vplus_ability": 2, "wenda_ability": 0, "live_ability": 0, "gongyi_ability": 0, "paycolumn_ability": 1, "newbrand_ability": 0, "ecommerce_ability": 0, "hardfan_ability": 1, "wbcolumn_ability": 0, "credit_score": 80, "user_ability": -2144073208, "cardid": "star_1573", "avatargj_id": "gj_vip_784", "urank": 45, "story_read_state": -1, "verified_detail": {"custom": 1, "data": [{"key": 2, "sub_key": 0, "weight": 10, "desc": "知名娱乐博主", "timestamp": 0}, {"key": 16, "sub_key": 10, "weight": 103, "desc": "搞笑视频自媒体", "timestamp": 0}, {"key": 16, "sub_key": 7, "weight": 103, "desc": "视频博主", "timestamp": 0}, {"key": 1, "sub_key": 0, "weight": 100, "desc": "2022年辰星计划博主", "timestamp": 0}, {"key": 8, "sub_key": 0, "weight": 102, "desc": "超话主持人（香蕉说事超话）", "timestamp": 1654778051}]}, "vclub_member": 0, "is_teenager": 0, "is_guardian": 0, "is_teenager_list": 0, "pc_new": 7, "special_follow": false, "planet_video": 2, "video_mark": 15, "live_status": 0, "user_ability_extend": 0, "status_total_counter": {"total_cnt": 29227424, "repost_cnt": 1299484, "comment_cnt": 2295858, "like_cnt": 13880610, "comment_like_cnt": 11751472}, "video_total_counter": {"play_cnt": 2775196466}, "brand_account": 0, "hongbaofei": 0, "tab_manage": "[4329441920, 0]", "reward_status": 0, "green_mode": 0, "urisk": 43486543872, "unfollowing_recom_switch": 1, "avatar_type": 0}, "annotations": [{"photo_sub_type": "0"}, {}, {"client_mblogid": "iPhone-B0B33C19-C81E-44FA-9978-14E345600E38"}, {"mapi_request": true}], "reposts_count": 0, "comments_count": 0, "reprint_cmt_count": 0, "attitudes_count": 0, "pending_approval_count": 0, "isLongText": false, "reward_exhibition_type": 0, "hide_flag": 0, "mlevel": 128, "show_mlevel": 0, "biz_feature": 4294967300, "hasActionTypeCard": 0, "darwin_tags": [], "hot_weibo_tags": [], "text_tag_tips": [], "mblogtype": 0, "userType": 0, "mlevelSource": "monitor", "more_info_type": 0, "cardid": "star_1573", "number_display_strategy": {"apply_scenario_flag": 3, "display_text_min_number": 1000000, "display_text": "100万+"}, "positive_recom_flag": 0, "content_auth": 0, "gif_ids": "", "is_show_bulletin": 2, "comment_manage_info": {"comment_permission_type": -1, "approval_comment_type": 0, "comment_sort_type": 0, "ai_play_picture_type": 0}, "pic_num": 1, "can_reprint": false, "new_comment_style": 0}, "reply_comment": {"created_at": "Mon Jun 20 11:34:35 +0800 2022", "id": 4782398321725075, "rootid": 4782398321725075, "rootidstr": "4782398321725075", "floor_number": 123, "text": "天哪…人家父亲用生命保卫这些反对的人哎[泪]牺牲自己他们怎么想的啊[泪]心是石头做的吗[泪]", "disable_reply": 0, "restrictOperate": 0, "user": {"id": 3177270412, "idstr": "3177270412", "class": 1, "screen_name": "奶味温琳", "name": "奶味温琳", "province": "43", "city": "4", "location": "湖南 衡阳", "description": "♡世界尽头你在等我♡", "url": "", "profile_image_url": "https://tvax2.sinaimg.cn/crop.0.0.960.960.50/bd614c8cly8h2anmnpxwdj20qo0qo773.jpg?KID=imgbed,tva&Expires=1674067411&ssig=91wWcgo6rZ", "light_ring": false, "cover_image_phone": "https://ww1.sinaimg.cn/crop.0.0.640.640.640/9d44112bjw1f1xl1c10tuj20hs0hs0tw.jpg", "profile_url": "u/3177270412", "domain": "", "weihao": "", "gender": "f", "followers_count": 260, "followers_count_str": "260", "friends_count": 1225, "pagefriends_count": 83, "statuses_count": 1819, "video_status_count": 3, "video_play_count": 0, "super_topic_not_syn_count": 1, "favourites_count": 266, "created_at": "Wed Feb 20 14:57:03 +0800 2013", "following": false, "allow_all_act_msg": false, "geo_enabled": true, "verified": false, "verified_type": -1, "remark": "", "insecurity": {"sexual_content": false}, "ptype": 0, "allow_all_comment": true, "avatar_large": "https://tvax2.sinaimg.cn/crop.0.0.960.960.180/bd614c8cly8h2anmnpxwdj20qo0qo773.jpg?KID=imgbed,tva&Expires=1674067411&ssig=OLDBnRX%2BGf", "avatar_hd": "https://tvax2.sinaimg.cn/crop.0.0.960.960.1024/bd614c8cly8h2anmnpxwdj20qo0qo773.jpg?KID=imgbed,tva&Expires=1674067411&ssig=jSn9u7Xai0", "verified_reason": "", "verified_trade": "", "verified_reason_url": "", "verified_source": "", "verified_source_url": "", "follow_me": false, "like": false, "like_me": false, "online_status": 0, "bi_followers_count": 68, "lang": "zh-cn", "star": 0, "mbtype": 0, "mbrank": 0, "svip": 0, "mb_expire_time": 0, "block_word": 0, "block_app": 0, "credit_score": 80, "user_ability": 2360320, "cardid": "star_033", "urank": 22, "story_read_state": -1, "vclub_member": 0, "is_teenager": 0, "is_guardian": 0, "is_teenager_list": 0, "pc_new": 0, "special_follow": false, "planet_video": 0, "video_mark": 0, "live_status": 0, "user_ability_extend": 0, "status_total_counter": {"total_cnt": 1948, "repost_cnt": 99, "comment_cnt": 390, "like_cnt": 1442, "comment_like_cnt": 17}, "video_total_counter": {"play_cnt": 192}, "brand_account": 0, "hongbaofei": 0, "tab_manage": "[0, 0]", "green_mode": 0, "urisk": 8589934592, "unfollowing_recom_switch": 1, "block": 0, "block_me": 0, "avatar_type": 0}, "mid": "4782398321725075", "idstr": "4782398321725075", "match_ai_play_picture": false}, "readtimetype": "comment", "match_ai_play_picture": false}