{"created_at": "Tue Jun 21 13:31:27 +0800 2022", "id": 4782790119790102, "rootid": 4781260590815753, "rootidstr": "4781260590815753", "floor_number": 0, "text": "回复@本宫要更衣了_跪安吧:佩服～～没毛病…就像那些奥运冠军读名牌大学一样…👍", "disable_reply": 0, "restrictOperate": 0, "source_allowclick": 0, "source_type": 4, "source": "<a href=\"\" rel=\"nofollow\">来自安徽</a>", "user": {"id": 1619635771, "idstr": "1619635771", "class": 1, "screen_name": "端木若草", "name": "端木若草", "province": "34", "city": "1", "location": "安徽 合肥", "description": "", "url": "", "profile_image_url": "https://tva1.sinaimg.cn/crop.0.0.180.180.50/6089ae3bjw1e8qgp5bmzyj2050050aa8.jpg?KID=imgbed,tva&Expires=1674067550&ssig=aD0020nBTc", "light_ring": false, "cover_image_phone": "https://ww1.sinaimg.cn/crop.0.0.640.640.640/549d0121tw1egm1kjly3jj20hs0hsq4f.jpg", "profile_url": "u/1619635771", "domain": "", "weihao": "", "gender": "f", "followers_count": 129, "followers_count_str": "129", "friends_count": 193, "pagefriends_count": 17, "statuses_count": 479, "video_status_count": 0, "video_play_count": 0, "super_topic_not_syn_count": 0, "favourites_count": 2, "created_at": "Fri Mar 04 14:00:14 +0800 2011", "following": false, "allow_all_act_msg": false, "geo_enabled": true, "verified": false, "verified_type": -1, "remark": "", "insecurity": {"sexual_content": false}, "ptype": 0, "allow_all_comment": true, "avatar_large": "https://tva1.sinaimg.cn/crop.0.0.180.180.180/6089ae3bjw1e8qgp5bmzyj2050050aa8.jpg?KID=imgbed,tva&Expires=1674067550&ssig=rK8jf1wqtx", "avatar_hd": "https://tva1.sinaimg.cn/crop.0.0.180.180.1024/6089ae3bjw1e8qgp5bmzyj2050050aa8.jpg?KID=imgbed,tva&Expires=1674067550&ssig=uY30x7zmoS", "verified_reason": "", "verified_trade": "", "verified_reason_url": "", "verified_source": "", "verified_source_url": "", "follow_me": false, "like": false, "like_me": false, "online_status": 0, "bi_followers_count": 14, "lang": "zh-cn", "star": 0, "mbtype": 0, "mbrank": 0, "svip": 0, "mb_expire_time": 0, "block_word": 0, "block_app": 0, "chaohua_ability": 0, "brand_ability": 0, "nft_ability": 0, "vplus_ability": 0, "wenda_ability": 0, "live_ability": 0, "gongyi_ability": 0, "paycolumn_ability": 0, "newbrand_ability": 0, "ecommerce_ability": 0, "hardfan_ability": 0, "wbcolumn_ability": 0, "credit_score": 80, "user_ability": 2097152, "urank": 9, "story_read_state": -1, "vclub_member": 0, "is_teenager": 0, "is_guardian": 0, "is_teenager_list": 0, "pc_new": 0, "special_follow": false, "planet_video": 0, "video_mark": 0, "live_status": 0, "user_ability_extend": 0, "status_total_counter": {"total_cnt": 2108, "repost_cnt": 90, "comment_cnt": 365, "like_cnt": 878, "comment_like_cnt": 775}, "video_total_counter": {"play_cnt": -1}, "brand_account": 0, "hongbaofei": 0, "tab_manage": "[0, 0]", "reward_status": 0, "green_mode": 0, "urisk": 0, "unfollowing_recom_switch": 1, "avatar_type": 0}, "mid": "4782790119790102", "idstr": "4782790119790102", "status": {"visible": {"type": 0, "list_id": 0}, "created_at": "Fri Jun 17 07:18:02 +0800 2022", "id": 4781246594941577, "idstr": "4781246594941577", "mid": "4781246594941577", "can_edit": false, "version": 3, "show_additional_indication": 0, "text": "烈士子女高考加20分，引起了部分家长不满，看到这个消息，我沉默了许久！ ​", "textLength": 68, "source_allowclick": 0, "source_type": 2, "source": "", "favorited": false, "truncated": false, "in_reply_to_status_id": "", "in_reply_to_user_id": "", "in_reply_to_screen_name": "", "pic_urls": [{"thumbnail_pic": "http://wx2.sinaimg.cn/thumbnail/798c7fafgy1h3avotwulaj20u010cdn2.jpg"}], "thumbnail_pic": "http://wx2.sinaimg.cn/thumbnail/798c7fafgy1h3avotwulaj20u010cdn2.jpg", "bmiddle_pic": "http://wx2.sinaimg.cn/bmiddle/798c7fafgy1h3avotwulaj20u010cdn2.jpg", "original_pic": "http://wx2.sinaimg.cn/large/798c7fafgy1h3avotwulaj20u010cdn2.jpg", "geo": null, "is_paid": false, "mblog_vip_type": 0, "user": {"id": 2039250863, "idstr": "2039250863", "class": 1, "screen_name": "香蕉没毛病", "name": "香蕉没毛病", "province": "100", "city": "1000", "location": "其他", "description": "商务合作 请私信！ 免责声明：本账号所发内容不代表本人，如有观点不当，造成损失概不负责。", "url": "http://weibo.com/576944779", "profile_image_url": "https://tvax2.sinaimg.cn/crop.0.0.690.690.50/798c7fafly8gdi75aox7hj20j60j6myl.jpg?KID=imgbed,tva&Expires=1674067550&ssig=%2Frb%2BZAYAyf", "light_ring": false, "cover_image_phone": "https://wx1.sinaimg.cn/crop.0.0.640.640.640/006Y5MRUgy1g2cidne035j30ku0kut8z.jpg;https://ww1.sinaimg.cn/crop.0.0.640.640.640/9d44112bjw1f1xl1c10tuj20hs0hs0tw.jpg", "profile_url": "576944779", "domain": "huijason", "weihao": "576944779", "gender": "f", "followers_count": 2183982, "followers_count_str": "218.4万", "friends_count": 39, "pagefriends_count": 7, "statuses_count": 109079, "video_status_count": 37272, "video_play_count": 0, "super_topic_not_syn_count": 0, "favourites_count": 46, "created_at": "Tue Mar 22 15:05:34 +0800 2011", "following": false, "allow_all_act_msg": false, "geo_enabled": true, "verified": true, "verified_type": 0, "remark": "", "insecurity": {"sexual_content": false}, "ptype": 0, "allow_all_comment": true, "avatar_large": "https://tvax2.sinaimg.cn/crop.0.0.690.690.180/798c7fafly8gdi75aox7hj20j60j6myl.jpg?KID=imgbed,tva&Expires=1674067550&ssig=GtQcBez1Ri", "avatar_hd": "https://tvax2.sinaimg.cn/crop.0.0.690.690.1024/798c7fafly8gdi75aox7hj20j60j6myl.jpg?KID=imgbed,tva&Expires=1674067550&ssig=HQ90zUJL5A", "verified_reason": "知名娱乐博主 2022年辰星计划博主 超话主持人（香蕉说事超话） 搞笑视频自媒体 视频博主", "verified_trade": "3550", "verified_reason_url": "", "verified_source": "", "verified_source_url": "", "verified_state": 0, "verified_level": 3, "verified_type_ext": 1, "has_service_tel": false, "verified_reason_modified": "", "verified_contact_name": "", "verified_contact_email": "", "verified_contact_mobile": "", "follow_me": false, "like": false, "like_me": false, "online_status": 0, "bi_followers_count": 28, "lang": "zh-cn", "star": 0, "mbtype": 12, "mbrank": 8, "svip": 1, "mb_expire_time": 1675267200, "block_word": 1, "block_app": 1, "chaohua_ability": 0, "brand_ability": 0, "nft_ability": 0, "vplus_ability": 2, "wenda_ability": 0, "live_ability": 0, "gongyi_ability": 0, "paycolumn_ability": 1, "newbrand_ability": 0, "ecommerce_ability": 0, "hardfan_ability": 1, "wbcolumn_ability": 0, "credit_score": 80, "user_ability": -2144073208, "cardid": "star_1573", "avatargj_id": "gj_vip_784", "urank": 45, "story_read_state": -1, "verified_detail": {"custom": 1, "data": [{"key": 2, "sub_key": 0, "weight": 10, "desc": "知名娱乐博主", "timestamp": 0}, {"key": 16, "sub_key": 10, "weight": 103, "desc": "搞笑视频自媒体", "timestamp": 0}, {"key": 16, "sub_key": 7, "weight": 103, "desc": "视频博主", "timestamp": 0}, {"key": 1, "sub_key": 0, "weight": 100, "desc": "2022年辰星计划博主", "timestamp": 0}, {"key": 8, "sub_key": 0, "weight": 102, "desc": "超话主持人（香蕉说事超话）", "timestamp": 1654778051}]}, "vclub_member": 0, "is_teenager": 0, "is_guardian": 0, "is_teenager_list": 0, "pc_new": 7, "special_follow": false, "planet_video": 2, "video_mark": 15, "live_status": 0, "user_ability_extend": 0, "status_total_counter": {"total_cnt": 29227424, "repost_cnt": 1299484, "comment_cnt": 2295858, "like_cnt": 13880610, "comment_like_cnt": 11751472}, "video_total_counter": {"play_cnt": 2775196466}, "brand_account": 0, "hongbaofei": 0, "tab_manage": "[4329441920, 0]", "reward_status": 0, "green_mode": 0, "urisk": 43486543872, "unfollowing_recom_switch": 1, "avatar_type": 0}, "annotations": [{"photo_sub_type": "0"}, {}, {"client_mblogid": "iPhone-B0B33C19-C81E-44FA-9978-14E345600E38"}, {"mapi_request": true}], "reposts_count": 0, "comments_count": 0, "reprint_cmt_count": 0, "attitudes_count": 0, "pending_approval_count": 0, "isLongText": false, "reward_exhibition_type": 0, "hide_flag": 0, "mlevel": 128, "show_mlevel": 0, "biz_feature": 4294967300, "hasActionTypeCard": 0, "darwin_tags": [], "hot_weibo_tags": [], "text_tag_tips": [], "mblogtype": 0, "userType": 0, "mlevelSource": "monitor", "more_info_type": 0, "cardid": "star_1573", "number_display_strategy": {"apply_scenario_flag": 3, "display_text_min_number": 1000000, "display_text": "100万+"}, "positive_recom_flag": 0, "content_auth": 0, "gif_ids": "", "is_show_bulletin": 2, "comment_manage_info": {"comment_permission_type": -1, "approval_comment_type": 0, "comment_sort_type": 0, "ai_play_picture_type": 0}, "pic_num": 1, "can_reprint": false, "new_comment_style": 0}, "reply_comment": {"created_at": "Fri Jun 17 08:13:39 +0800 2022", "id": 4781260590815753, "rootid": 4781260590815753, "rootidstr": "4781260590815753", "floor_number": 8, "text": "高考录取名额就这么多，而且录取时就是分数大排队，加了20分，就说明别人要被挤下来，触及的个人利益当然有家长会有意见，毕竟高考是一件大事，所以国家应对烈士子女直接保送，不占用高考名额，这个问题就解决了。", "disable_reply": 0, "restrictOperate": 0, "user": {"id": 3030973367, "idstr": "3030973367", "class": 1, "screen_name": "本宫要更衣了_跪安吧", "name": "本宫要更衣了_跪安吧", "province": "100", "city": "1000", "location": "其他", "description": "不要对人性失去信心，人性像海洋：就算当中有数滴污水，也不会弄脏整个海洋。 ——甘地", "url": "", "profile_image_url": "https://tvax1.sinaimg.cn/crop.0.0.996.996.50/b4a8fbb7ly8fqw1yl1pvsj20ro0ro0uu.jpg?KID=imgbed,tva&Expires=1674067550&ssig=8Z%2BN%2BvqzDx", "light_ring": false, "cover_image_phone": "https://ww2.sinaimg.cn/crop.0.0.640.640/68f96449jw1ergqx79rw4j20hs0hswh0.jpg", "profile_url": "u/3030973367", "domain": "", "weihao": "", "gender": "f", "followers_count": 241, "followers_count_str": "241", "friends_count": 998, "pagefriends_count": 69, "statuses_count": 13825, "video_status_count": 3, "video_play_count": 0, "super_topic_not_syn_count": 1, "favourites_count": 94, "created_at": "Sat Dec 29 11:32:07 +0800 2012", "following": false, "allow_all_act_msg": false, "geo_enabled": true, "verified": false, "verified_type": -1, "remark": "", "insecurity": {"sexual_content": false}, "ptype": 0, "allow_all_comment": true, "avatar_large": "https://tvax1.sinaimg.cn/crop.0.0.996.996.180/b4a8fbb7ly8fqw1yl1pvsj20ro0ro0uu.jpg?KID=imgbed,tva&Expires=1674067550&ssig=5ah4K%2FtVXV", "avatar_hd": "https://tvax1.sinaimg.cn/crop.0.0.996.996.1024/b4a8fbb7ly8fqw1yl1pvsj20ro0ro0uu.jpg?KID=imgbed,tva&Expires=1674067550&ssig=2Z7C3X%2FRSx", "verified_reason": "", "verified_trade": "", "verified_reason_url": "", "verified_source": "", "verified_source_url": "", "follow_me": false, "like": false, "like_me": false, "online_status": 0, "bi_followers_count": 13, "lang": "zh-cn", "star": 0, "mbtype": 2, "mbrank": 1, "svip": 0, "mb_expire_time": 1644335999, "block_word": 0, "block_app": 0, "credit_score": 80, "user_ability": 10748928, "avatargj_id": "gj_vip_660", "urank": 32, "story_read_state": -1, "vclub_member": 0, "is_teenager": 0, "is_guardian": 0, "is_teenager_list": 0, "pc_new": 0, "special_follow": false, "planet_video": 0, "video_mark": 0, "live_status": 0, "user_ability_extend": 0, "status_total_counter": {"total_cnt": 47160, "repost_cnt": 1855, "comment_cnt": 2120, "like_cnt": 9089, "comment_like_cnt": 34096}, "video_total_counter": {"play_cnt": 261}, "brand_account": 0, "hongbaofei": 0, "tab_manage": "[0, 0]", "green_mode": 0, "urisk": 566935683072, "unfollowing_recom_switch": 1, "block": 0, "block_me": 0, "avatar_type": 0}, "mid": "4781260590815753", "idstr": "4781260590815753", "match_ai_play_picture": false}, "reply_original_text": "佩服～～没毛病…就像那些奥运冠军读名牌大学一样…👍", "readtimetype": "comment", "match_ai_play_picture": false}