{"created_at": "Tue Jun 21 15:13:08 +0800 2022", "id": 4782815708710995, "rootid": 4781689878876094, "rootidstr": "4781689878876094", "floor_number": 0, "text": "回复@路路安1:高考前改啊，我们班那时就一个汉族，他外婆还是奶奶是少数民族，就改了，听说还挺容易。", "disable_reply": 0, "restrictOperate": 0, "source_allowclick": 0, "source_type": 4, "source": "<a href=\"\" rel=\"nofollow\">来自浙江</a>", "user": {"id": 3310960211, "idstr": "3310960211", "class": 1, "screen_name": "不是在吃就是在减肥", "name": "不是在吃就是在减肥", "province": "100", "city": "1000", "location": "其他", "description": "", "url": "", "profile_image_url": "https://tvax2.sinaimg.cn/crop.0.0.668.668.50/c5593e53ly8h15pwh8qyvj20ik0ik3z0.jpg?KID=imgbed,tva&Expires=1674067550&ssig=ab6QZuYh0c", "light_ring": false, "cover_image_phone": "https://ww1.sinaimg.cn/crop.0.0.640.640.640/549d0121tw1egm1kjly3jj20hs0hsq4f.jpg", "profile_url": "u/3310960211", "domain": "", "weihao": "", "gender": "f", "followers_count": 22, "followers_count_str": "22", "friends_count": 130, "pagefriends_count": 9, "statuses_count": 65, "video_status_count": 1, "video_play_count": 0, "super_topic_not_syn_count": 0, "favourites_count": 35, "created_at": "Tue Apr 16 23:16:48 +0800 2013", "following": false, "allow_all_act_msg": false, "geo_enabled": true, "verified": false, "verified_type": -1, "remark": "", "insecurity": {"sexual_content": false}, "ptype": 0, "allow_all_comment": false, "avatar_large": "https://tvax2.sinaimg.cn/crop.0.0.668.668.180/c5593e53ly8h15pwh8qyvj20ik0ik3z0.jpg?KID=imgbed,tva&Expires=1674067550&ssig=YfjYDGNDvo", "avatar_hd": "https://tvax2.sinaimg.cn/crop.0.0.668.668.1024/c5593e53ly8h15pwh8qyvj20ik0ik3z0.jpg?KID=imgbed,tva&Expires=1674067550&ssig=Xn601A2vI7", "verified_reason": "", "verified_trade": "", "verified_reason_url": "", "verified_source": "", "verified_source_url": "", "follow_me": false, "like": false, "like_me": false, "online_status": 0, "bi_followers_count": 0, "lang": "zh-cn", "star": 0, "mbtype": 0, "mbrank": 0, "svip": 0, "mb_expire_time": 0, "block_word": 0, "block_app": 0, "chaohua_ability": 0, "brand_ability": 0, "nft_ability": 0, "vplus_ability": 0, "wenda_ability": 0, "live_ability": 0, "gongyi_ability": 0, "paycolumn_ability": 0, "newbrand_ability": 0, "ecommerce_ability": 0, "hardfan_ability": 0, "wbcolumn_ability": 0, "credit_score": 80, "user_ability": 35914752, "avatargj_id": "gj_vip_761", "urank": 9, "story_read_state": -1, "vclub_member": 0, "is_teenager": 0, "is_guardian": 0, "is_teenager_list": 0, "pc_new": 7, "special_follow": false, "planet_video": 2, "video_mark": 2, "live_status": 0, "user_ability_extend": 0, "status_total_counter": {"total_cnt": 131, "repost_cnt": 0, "comment_cnt": 109, "like_cnt": 22, "comment_like_cnt": 0}, "video_total_counter": {"play_cnt": 64}, "brand_account": 0, "hongbaofei": 0, "tab_manage": "[0, 0]", "reward_status": 0, "green_mode": 0, "urisk": 0, "unfollowing_recom_switch": 1, "avatar_type": 0}, "mid": "4782815708710995", "idstr": "4782815708710995", "status": {"visible": {"type": 0, "list_id": 0}, "created_at": "Fri Jun 17 07:18:02 +0800 2022", "id": 4781246594941577, "idstr": "4781246594941577", "mid": "4781246594941577", "can_edit": false, "version": 3, "show_additional_indication": 0, "text": "烈士子女高考加20分，引起了部分家长不满，看到这个消息，我沉默了许久！ ​", "textLength": 68, "source_allowclick": 0, "source_type": 2, "source": "", "favorited": false, "truncated": false, "in_reply_to_status_id": "", "in_reply_to_user_id": "", "in_reply_to_screen_name": "", "pic_urls": [{"thumbnail_pic": "http://wx2.sinaimg.cn/thumbnail/798c7fafgy1h3avotwulaj20u010cdn2.jpg"}], "thumbnail_pic": "http://wx2.sinaimg.cn/thumbnail/798c7fafgy1h3avotwulaj20u010cdn2.jpg", "bmiddle_pic": "http://wx2.sinaimg.cn/bmiddle/798c7fafgy1h3avotwulaj20u010cdn2.jpg", "original_pic": "http://wx2.sinaimg.cn/large/798c7fafgy1h3avotwulaj20u010cdn2.jpg", "geo": null, "is_paid": false, "mblog_vip_type": 0, "user": {"id": 2039250863, "idstr": "2039250863", "class": 1, "screen_name": "香蕉没毛病", "name": "香蕉没毛病", "province": "100", "city": "1000", "location": "其他", "description": "商务合作 请私信！ 免责声明：本账号所发内容不代表本人，如有观点不当，造成损失概不负责。", "url": "http://weibo.com/576944779", "profile_image_url": "https://tvax2.sinaimg.cn/crop.0.0.690.690.50/798c7fafly8gdi75aox7hj20j60j6myl.jpg?KID=imgbed,tva&Expires=1674067550&ssig=%2Frb%2BZAYAyf", "light_ring": false, "cover_image_phone": "https://wx1.sinaimg.cn/crop.0.0.640.640.640/006Y5MRUgy1g2cidne035j30ku0kut8z.jpg;https://ww1.sinaimg.cn/crop.0.0.640.640.640/9d44112bjw1f1xl1c10tuj20hs0hs0tw.jpg", "profile_url": "576944779", "domain": "huijason", "weihao": "576944779", "gender": "f", "followers_count": 2183982, "followers_count_str": "218.4万", "friends_count": 39, "pagefriends_count": 7, "statuses_count": 109079, "video_status_count": 37272, "video_play_count": 0, "super_topic_not_syn_count": 0, "favourites_count": 46, "created_at": "Tue Mar 22 15:05:34 +0800 2011", "following": false, "allow_all_act_msg": false, "geo_enabled": true, "verified": true, "verified_type": 0, "remark": "", "insecurity": {"sexual_content": false}, "ptype": 0, "allow_all_comment": true, "avatar_large": "https://tvax2.sinaimg.cn/crop.0.0.690.690.180/798c7fafly8gdi75aox7hj20j60j6myl.jpg?KID=imgbed,tva&Expires=1674067550&ssig=GtQcBez1Ri", "avatar_hd": "https://tvax2.sinaimg.cn/crop.0.0.690.690.1024/798c7fafly8gdi75aox7hj20j60j6myl.jpg?KID=imgbed,tva&Expires=1674067550&ssig=HQ90zUJL5A", "verified_reason": "知名娱乐博主 2022年辰星计划博主 超话主持人（香蕉说事超话） 搞笑视频自媒体 视频博主", "verified_trade": "3550", "verified_reason_url": "", "verified_source": "", "verified_source_url": "", "verified_state": 0, "verified_level": 3, "verified_type_ext": 1, "has_service_tel": false, "verified_reason_modified": "", "verified_contact_name": "", "verified_contact_email": "", "verified_contact_mobile": "", "follow_me": false, "like": false, "like_me": false, "online_status": 0, "bi_followers_count": 28, "lang": "zh-cn", "star": 0, "mbtype": 12, "mbrank": 8, "svip": 1, "mb_expire_time": 1675267200, "block_word": 1, "block_app": 1, "chaohua_ability": 0, "brand_ability": 0, "nft_ability": 0, "vplus_ability": 2, "wenda_ability": 0, "live_ability": 0, "gongyi_ability": 0, "paycolumn_ability": 1, "newbrand_ability": 0, "ecommerce_ability": 0, "hardfan_ability": 1, "wbcolumn_ability": 0, "credit_score": 80, "user_ability": -2144073208, "cardid": "star_1573", "avatargj_id": "gj_vip_784", "urank": 45, "story_read_state": -1, "verified_detail": {"custom": 1, "data": [{"key": 2, "sub_key": 0, "weight": 10, "desc": "知名娱乐博主", "timestamp": 0}, {"key": 16, "sub_key": 10, "weight": 103, "desc": "搞笑视频自媒体", "timestamp": 0}, {"key": 16, "sub_key": 7, "weight": 103, "desc": "视频博主", "timestamp": 0}, {"key": 1, "sub_key": 0, "weight": 100, "desc": "2022年辰星计划博主", "timestamp": 0}, {"key": 8, "sub_key": 0, "weight": 102, "desc": "超话主持人（香蕉说事超话）", "timestamp": 1654778051}]}, "vclub_member": 0, "is_teenager": 0, "is_guardian": 0, "is_teenager_list": 0, "pc_new": 7, "special_follow": false, "planet_video": 2, "video_mark": 15, "live_status": 0, "user_ability_extend": 0, "status_total_counter": {"total_cnt": 29227424, "repost_cnt": 1299484, "comment_cnt": 2295858, "like_cnt": 13880610, "comment_like_cnt": 11751472}, "video_total_counter": {"play_cnt": 2775196466}, "brand_account": 0, "hongbaofei": 0, "tab_manage": "[4329441920, 0]", "reward_status": 0, "green_mode": 0, "urisk": 43486543872, "unfollowing_recom_switch": 1, "avatar_type": 0}, "annotations": [{"photo_sub_type": "0"}, {}, {"client_mblogid": "iPhone-B0B33C19-C81E-44FA-9978-14E345600E38"}, {"mapi_request": true}], "reposts_count": 0, "comments_count": 0, "reprint_cmt_count": 0, "attitudes_count": 0, "pending_approval_count": 0, "isLongText": false, "reward_exhibition_type": 0, "hide_flag": 0, "mlevel": 128, "show_mlevel": 0, "biz_feature": 4294967300, "hasActionTypeCard": 0, "darwin_tags": [], "hot_weibo_tags": [], "text_tag_tips": [], "mblogtype": 0, "userType": 0, "mlevelSource": "monitor", "more_info_type": 0, "cardid": "star_1573", "number_display_strategy": {"apply_scenario_flag": 3, "display_text_min_number": 1000000, "display_text": "100万+"}, "positive_recom_flag": 0, "content_auth": 0, "gif_ids": "", "is_show_bulletin": 2, "comment_manage_info": {"comment_permission_type": -1, "approval_comment_type": 0, "comment_sort_type": 0, "ai_play_picture_type": 0}, "pic_num": 1, "can_reprint": false, "new_comment_style": 0}, "reply_comment": {"created_at": "Tue Jun 21 15:10:05 +0800 2022", "id": 4782814942462682, "rootid": 4781689878876094, "rootidstr": "4781689878876094", "floor_number": 0, "text": "回复@不是在吃就是在减肥:高考时还是汉族，就是纯汉族改不了呀", "disable_reply": 0, "restrictOperate": 0, "user": {"id": 3717965544, "idstr": "3717965544", "class": 1, "screen_name": "路路安1", "name": "路路安1", "province": "44", "city": "3", "location": "广东 深圳", "description": "", "url": "", "profile_image_url": "https://tva2.sinaimg.cn/crop.0.0.664.664.50/dd9ba6e8jw8fcsctdbiswj20ig0igt9l.jpg?KID=imgbed,tva&Expires=1674067550&ssig=qu2uJlJlHE", "light_ring": false, "cover_image_phone": "https://ww1.sinaimg.cn/crop.0.0.640.640.640/549d0121tw1egm1kjly3jj20hs0hsq4f.jpg", "profile_url": "u/3717965544", "domain": "", "weihao": "", "gender": "f", "followers_count": 322, "followers_count_str": "322", "friends_count": 318, "pagefriends_count": 39, "statuses_count": 3261, "video_status_count": 0, "video_play_count": 0, "super_topic_not_syn_count": 11, "favourites_count": 374, "created_at": "Tue Aug 13 15:54:27 +0800 2013", "following": false, "allow_all_act_msg": false, "geo_enabled": true, "verified": false, "verified_type": -1, "remark": "", "insecurity": {"sexual_content": false}, "ptype": 0, "allow_all_comment": true, "avatar_large": "https://tva2.sinaimg.cn/crop.0.0.664.664.180/dd9ba6e8jw8fcsctdbiswj20ig0igt9l.jpg?KID=imgbed,tva&Expires=1674067550&ssig=BrN7VkB8IM", "avatar_hd": "https://tva2.sinaimg.cn/crop.0.0.664.664.1024/dd9ba6e8jw8fcsctdbiswj20ig0igt9l.jpg?KID=imgbed,tva&Expires=1674067550&ssig=ugTT3G4e8H", "verified_reason": "", "verified_trade": "", "verified_reason_url": "", "verified_source": "", "verified_source_url": "", "follow_me": false, "like": false, "like_me": false, "online_status": 0, "bi_followers_count": 1, "lang": "zh-cn", "star": 0, "mbtype": 0, "mbrank": 0, "svip": 0, "mb_expire_time": 0, "block_word": 0, "block_app": 0, "chaohua_ability": 0, "brand_ability": 0, "nft_ability": 0, "vplus_ability": 0, "wenda_ability": 0, "live_ability": 0, "gongyi_ability": 0, "paycolumn_ability": 0, "newbrand_ability": 0, "ecommerce_ability": 0, "hardfan_ability": 0, "wbcolumn_ability": 0, "credit_score": 80, "user_ability": 44302336, "urank": 14, "story_read_state": -1, "vclub_member": 0, "is_teenager": 0, "is_guardian": 0, "is_teenager_list": 0, "pc_new": 0, "special_follow": false, "planet_video": 0, "video_mark": 0, "live_status": 0, "user_ability_extend": 0, "status_total_counter": {"total_cnt": 9723, "repost_cnt": 1101, "comment_cnt": 1698, "like_cnt": 6848, "comment_like_cnt": 76}, "video_total_counter": {"play_cnt": -1}, "brand_account": 0, "hongbaofei": 0, "tab_manage": "[0, 0]", "reward_status": 0, "green_mode": 0, "urisk": 0, "unfollowing_recom_switch": 1, "avatar_type": 0}, "mid": "4782814942462682", "idstr": "4782814942462682", "match_ai_play_picture": false}, "reply_original_text": "高考前改啊，我们班那时就一个汉族，他外婆还是奶奶是少数民族，就改了，听说还挺容易。", "readtimetype": "comment", "match_ai_play_picture": false}