{"created_at": "Mon Jun 20 10:25:33 +0800 2022", "id": 4782380948394183, "rootid": 4781689878876094, "rootidstr": "4781689878876094", "floor_number": 0, "text": "回复@在我的草莓蛋糕上撒满星星:[允悲][允悲]", "disable_reply": 0, "restrictOperate": 0, "source_allowclick": 0, "source_type": 4, "source": "<a href=\"\" rel=\"nofollow\">来自河南</a>", "user": {"id": 7302449091, "idstr": "7302449091", "class": 1, "screen_name": "我是文科生260", "name": "我是文科生260", "province": "41", "city": "1", "location": "河南 郑州", "description": "", "url": "", "profile_image_url": "https://tvax2.sinaimg.cn/crop.0.0.996.996.50/007YckAXly8gh2gv9pnpqj30ro0rotan.jpg?KID=imgbed,tva&Expires=1674067636&ssig=P1EMhzh65M", "light_ring": false, "cover_image_phone": "https://ww1.sinaimg.cn/crop.0.0.640.640.640/549d0121tw1egm1kjly3jj20hs0hsq4f.jpg", "profile_url": "u/7302449091", "domain": "", "weihao": "", "gender": "m", "followers_count": 12, "followers_count_str": "12", "friends_count": 264, "pagefriends_count": 13, "statuses_count": 105, "video_status_count": 0, "video_play_count": 0, "super_topic_not_syn_count": 0, "favourites_count": 12, "created_at": "Sun Sep 08 13:56:58 +0800 2019", "following": false, "allow_all_act_msg": false, "geo_enabled": true, "verified": false, "verified_type": -1, "remark": "", "insecurity": {"sexual_content": false}, "ptype": 0, "allow_all_comment": true, "avatar_large": "https://tvax2.sinaimg.cn/crop.0.0.996.996.180/007YckAXly8gh2gv9pnpqj30ro0rotan.jpg?KID=imgbed,tva&Expires=1674067636&ssig=vOtZMqkmyj", "avatar_hd": "https://tvax2.sinaimg.cn/crop.0.0.996.996.1024/007YckAXly8gh2gv9pnpqj30ro0rotan.jpg?KID=imgbed,tva&Expires=1674067636&ssig=f0dYt5Ob0C", "verified_reason": "", "verified_trade": "", "verified_reason_url": "", "verified_source": "", "verified_source_url": "", "follow_me": false, "like": false, "like_me": false, "online_status": 0, "bi_followers_count": 3, "lang": "zh-cn", "star": 0, "mbtype": 0, "mbrank": 0, "svip": 0, "mb_expire_time": 0, "block_word": 0, "block_app": 0, "chaohua_ability": 0, "brand_ability": 0, "nft_ability": 0, "vplus_ability": 0, "wenda_ability": 0, "live_ability": 0, "gongyi_ability": 0, "paycolumn_ability": 0, "newbrand_ability": 0, "ecommerce_ability": 0, "hardfan_ability": 0, "wbcolumn_ability": 0, "credit_score": 80, "user_ability": 2097152, "urank": 0, "story_read_state": -1, "vclub_member": 0, "is_teenager": 0, "is_guardian": 0, "is_teenager_list": 0, "pc_new": 0, "special_follow": false, "planet_video": 0, "video_mark": 0, "live_status": 0, "user_ability_extend": 0, "status_total_counter": {"total_cnt": 519, "repost_cnt": 2, "comment_cnt": 247, "like_cnt": 212, "comment_like_cnt": 58}, "video_total_counter": {"play_cnt": -1}, "brand_account": 0, "hongbaofei": 0, "tab_manage": "[0, 0]", "reward_status": 0, "green_mode": 0, "urisk": 524288, "unfollowing_recom_switch": 1, "avatar_type": 0}, "mid": "4782380948394183", "idstr": "4782380948394183", "status": {"visible": {"type": 0, "list_id": 0}, "created_at": "Fri Jun 17 07:18:02 +0800 2022", "id": 4781246594941577, "idstr": "4781246594941577", "mid": "4781246594941577", "can_edit": false, "version": 3, "show_additional_indication": 0, "text": "烈士子女高考加20分，引起了部分家长不满，看到这个消息，我沉默了许久！ ​", "textLength": 68, "source_allowclick": 0, "source_type": 2, "source": "", "favorited": false, "truncated": false, "in_reply_to_status_id": "", "in_reply_to_user_id": "", "in_reply_to_screen_name": "", "pic_urls": [{"thumbnail_pic": "http://wx2.sinaimg.cn/thumbnail/798c7fafgy1h3avotwulaj20u010cdn2.jpg"}], "thumbnail_pic": "http://wx2.sinaimg.cn/thumbnail/798c7fafgy1h3avotwulaj20u010cdn2.jpg", "bmiddle_pic": "http://wx2.sinaimg.cn/bmiddle/798c7fafgy1h3avotwulaj20u010cdn2.jpg", "original_pic": "http://wx2.sinaimg.cn/large/798c7fafgy1h3avotwulaj20u010cdn2.jpg", "geo": null, "is_paid": false, "mblog_vip_type": 0, "user": {"id": 2039250863, "idstr": "2039250863", "class": 1, "screen_name": "香蕉没毛病", "name": "香蕉没毛病", "province": "100", "city": "1000", "location": "其他", "description": "商务合作 请私信！ 免责声明：本账号所发内容不代表本人，如有观点不当，造成损失概不负责。", "url": "http://weibo.com/576944779", "profile_image_url": "https://tvax2.sinaimg.cn/crop.0.0.690.690.50/798c7fafly8gdi75aox7hj20j60j6myl.jpg?KID=imgbed,tva&Expires=1674067636&ssig=ZwefBIQ5Oc", "light_ring": false, "cover_image_phone": "https://wx1.sinaimg.cn/crop.0.0.640.640.640/006Y5MRUgy1g2cidne035j30ku0kut8z.jpg;https://ww1.sinaimg.cn/crop.0.0.640.640.640/9d44112bjw1f1xl1c10tuj20hs0hs0tw.jpg", "profile_url": "576944779", "domain": "huijason", "weihao": "576944779", "gender": "f", "followers_count": 2183982, "followers_count_str": "218.4万", "friends_count": 39, "pagefriends_count": 7, "statuses_count": 109079, "video_status_count": 37272, "video_play_count": 0, "super_topic_not_syn_count": 0, "favourites_count": 46, "created_at": "Tue Mar 22 15:05:34 +0800 2011", "following": false, "allow_all_act_msg": false, "geo_enabled": true, "verified": true, "verified_type": 0, "remark": "", "insecurity": {"sexual_content": false}, "ptype": 0, "allow_all_comment": true, "avatar_large": "https://tvax2.sinaimg.cn/crop.0.0.690.690.180/798c7fafly8gdi75aox7hj20j60j6myl.jpg?KID=imgbed,tva&Expires=1674067636&ssig=bMWtNplxpi", "avatar_hd": "https://tvax2.sinaimg.cn/crop.0.0.690.690.1024/798c7fafly8gdi75aox7hj20j60j6myl.jpg?KID=imgbed,tva&Expires=1674067636&ssig=YlFS77xXEO", "verified_reason": "知名娱乐博主 2022年辰星计划博主 超话主持人（香蕉说事超话） 搞笑视频自媒体 视频博主", "verified_trade": "3550", "verified_reason_url": "", "verified_source": "", "verified_source_url": "", "verified_state": 0, "verified_level": 3, "verified_type_ext": 1, "has_service_tel": false, "verified_reason_modified": "", "verified_contact_name": "", "verified_contact_email": "", "verified_contact_mobile": "", "follow_me": false, "like": false, "like_me": false, "online_status": 0, "bi_followers_count": 28, "lang": "zh-cn", "star": 0, "mbtype": 12, "mbrank": 8, "svip": 1, "mb_expire_time": 1675267200, "block_word": 1, "block_app": 1, "chaohua_ability": 0, "brand_ability": 0, "nft_ability": 0, "vplus_ability": 2, "wenda_ability": 0, "live_ability": 0, "gongyi_ability": 0, "paycolumn_ability": 1, "newbrand_ability": 0, "ecommerce_ability": 0, "hardfan_ability": 1, "wbcolumn_ability": 0, "credit_score": 80, "user_ability": -2144073208, "cardid": "star_1573", "avatargj_id": "gj_vip_784", "urank": 45, "story_read_state": -1, "verified_detail": {"custom": 1, "data": [{"key": 2, "sub_key": 0, "weight": 10, "desc": "知名娱乐博主", "timestamp": 0}, {"key": 16, "sub_key": 10, "weight": 103, "desc": "搞笑视频自媒体", "timestamp": 0}, {"key": 16, "sub_key": 7, "weight": 103, "desc": "视频博主", "timestamp": 0}, {"key": 1, "sub_key": 0, "weight": 100, "desc": "2022年辰星计划博主", "timestamp": 0}, {"key": 8, "sub_key": 0, "weight": 102, "desc": "超话主持人（香蕉说事超话）", "timestamp": 1654778051}]}, "vclub_member": 0, "is_teenager": 0, "is_guardian": 0, "is_teenager_list": 0, "pc_new": 7, "special_follow": false, "planet_video": 2, "video_mark": 15, "live_status": 0, "user_ability_extend": 0, "status_total_counter": {"total_cnt": 29227424, "repost_cnt": 1299484, "comment_cnt": 2295858, "like_cnt": 13880610, "comment_like_cnt": 11751472}, "video_total_counter": {"play_cnt": 2775196466}, "brand_account": 0, "hongbaofei": 0, "tab_manage": "[4329441920, 0]", "reward_status": 0, "green_mode": 0, "urisk": 43486543872, "unfollowing_recom_switch": 1, "avatar_type": 0}, "annotations": [{"photo_sub_type": "0"}, {}, {"client_mblogid": "iPhone-B0B33C19-C81E-44FA-9978-14E345600E38"}, {"mapi_request": true}], "reposts_count": 0, "comments_count": 0, "reprint_cmt_count": 0, "attitudes_count": 0, "pending_approval_count": 0, "isLongText": false, "reward_exhibition_type": 0, "hide_flag": 0, "mlevel": 128, "show_mlevel": 0, "biz_feature": 4294967300, "hasActionTypeCard": 0, "darwin_tags": [], "hot_weibo_tags": [], "text_tag_tips": [], "mblogtype": 0, "userType": 0, "mlevelSource": "monitor", "more_info_type": 0, "cardid": "star_1573", "number_display_strategy": {"apply_scenario_flag": 3, "display_text_min_number": 1000000, "display_text": "100万+"}, "positive_recom_flag": 0, "content_auth": 0, "gif_ids": "", "is_show_bulletin": 2, "comment_manage_info": {"comment_permission_type": -1, "approval_comment_type": 0, "comment_sort_type": 0, "ai_play_picture_type": 0}, "pic_num": 1, "can_reprint": false, "new_comment_style": 0}, "reply_comment": {"created_at": "Mon Jun 20 10:09:05 +0800 2022", "id": 4782376804418826, "rootid": 4781689878876094, "rootidstr": "4781689878876094", "floor_number": 0, "text": "回复@我是文科生260:我们这里[苦涩]", "disable_reply": 0, "restrictOperate": 0, "user": {"id": 7311456447, "idstr": "7311456447", "class": 1, "screen_name": "萧逸老公什么时候带我兜风吖", "name": "萧逸老公什么时候带我兜风吖", "province": "54", "city": "1000", "location": "西藏", "description": "特此声明：本人是涩批，就喜欢帅哥美女，如果不喜欢你家哥哥姐姐，那就是你家哥哥姐姐吃藕", "url": "", "profile_image_url": "https://tvax3.sinaimg.cn/crop.0.0.1080.1080.50/007YO7OTly8ha1v5h2nwxj30u00u0tbp.jpg?KID=imgbed,tva&Expires=1674067636&ssig=PG8T6OUN89", "light_ring": false, "cover_image_phone": "https://wx3.sinaimg.cn/crop.0.0.640.640.640/007YO7OTly1h4y1dedkuuj30u00tz0ti.jpg", "profile_url": "u/7311456447", "domain": "", "weihao": "", "gender": "f", "followers_count": 47, "followers_count_str": "47", "friends_count": 230, "pagefriends_count": 7, "statuses_count": 7695, "video_status_count": 14, "video_play_count": 0, "super_topic_not_syn_count": 19, "favourites_count": 24, "created_at": "Thu Sep 26 16:57:53 +0800 2019", "following": false, "allow_all_act_msg": false, "geo_enabled": true, "verified": false, "verified_type": -1, "remark": "", "insecurity": {"sexual_content": false}, "ptype": 0, "allow_all_comment": true, "avatar_large": "https://tvax3.sinaimg.cn/crop.0.0.1080.1080.180/007YO7OTly8ha1v5h2nwxj30u00u0tbp.jpg?KID=imgbed,tva&Expires=1674067636&ssig=BYmQ6gcMZR", "avatar_hd": "https://tvax3.sinaimg.cn/crop.0.0.1080.1080.1024/007YO7OTly8ha1v5h2nwxj30u00u0tbp.jpg?KID=imgbed,tva&Expires=1674067636&ssig=aAUyc3zSXw", "verified_reason": "", "verified_trade": "", "verified_reason_url": "", "verified_source": "", "verified_source_url": "", "follow_me": false, "like": false, "like_me": false, "online_status": 0, "bi_followers_count": 12, "lang": "zh-cn", "star": 0, "mbtype": 12, "mbrank": 6, "svip": 1, "mb_expire_time": 1699286400, "block_word": 0, "block_app": 1, "chaohua_ability": 0, "brand_ability": 0, "nft_ability": 0, "vplus_ability": 0, "wenda_ability": 0, "live_ability": 0, "gongyi_ability": 0, "paycolumn_ability": 0, "newbrand_ability": 0, "ecommerce_ability": 0, "hardfan_ability": 0, "wbcolumn_ability": 0, "credit_score": 80, "user_ability": 10747904, "cardid": "flag_37311456447013419", "avatargj_id": "gj_vip_417", "urank": 7, "story_read_state": -1, "vclub_member": 0, "is_teenager": 0, "is_guardian": 0, "is_teenager_list": 0, "pc_new": 7, "special_follow": false, "planet_video": 2, "video_mark": 2, "live_status": 0, "user_ability_extend": 0, "video_cover": {"mid": 4822071035301316}, "status_total_counter": {"total_cnt": 29393, "repost_cnt": 134, "comment_cnt": 4801, "like_cnt": 17107, "comment_like_cnt": 7351}, "video_total_counter": {"play_cnt": 19045}, "brand_account": 0, "hongbaofei": 0, "tab_manage": "[0, 0]", "reward_status": 0, "green_mode": 0, "mb_like_privilege": {"like_id": "0012_22", "like_desc": ""}, "urisk": 524288, "unfollowing_recom_switch": 1, "avatar_type": 0}, "mid": "4782376804418826", "idstr": "4782376804418826", "match_ai_play_picture": false}, "reply_original_text": "[允悲][允悲]", "readtimetype": "comment", "match_ai_play_picture": false}