{"created_at": "Fri Jan 06 13:03:35 +0800 2023", "id": 4854898292431354, "rootid": 4854898292431354, "rootidstr": "4854898292431354", "floor_number": 43, "text": "故乡的樱花开了吗[doge]", "disable_reply": 0, "restrictOperate": 0, "source_allowclick": 0, "source_type": 4, "source": "<a href=\"\" rel=\"nofollow\">来自浙江</a>", "user": {"id": 2234683200, "idstr": "2234683200", "class": 1, "screen_name": "深深深深深深沉", "name": "深深深深深深沉", "province": "33", "city": "7", "location": "浙江 金华", "description": "想做一个摄影师", "url": "", "profile_image_url": "https://tvax1.sinaimg.cn/crop.0.0.996.996.50/85328f40ly8ffn4x7riiuj20ro0rpdj8.jpg?KID=imgbed,tva&Expires=1674057326&ssig=phPrmeVpJE", "light_ring": false, "cover_image_phone": "https://ww1.sinaimg.cn/crop.0.0.640.640.640/549d0121tw1egm1kjly3jj20hs0hsq4f.jpg", "profile_url": "u/2234683200", "domain": "", "weihao": "", "gender": "m", "followers_count": 59, "followers_count_str": "59", "friends_count": 312, "pagefriends_count": 5, "statuses_count": 893, "video_status_count": 0, "video_play_count": 0, "super_topic_not_syn_count": 0, "favourites_count": 0, "created_at": "Sat Jul 09 06:27:56 +0800 2011", "following": false, "allow_all_act_msg": false, "geo_enabled": true, "verified": false, "verified_type": -1, "remark": "", "insecurity": {"sexual_content": false}, "ptype": 0, "allow_all_comment": true, "avatar_large": "https://tvax1.sinaimg.cn/crop.0.0.996.996.180/85328f40ly8ffn4x7riiuj20ro0rpdj8.jpg?KID=imgbed,tva&Expires=1674057326&ssig=YkCdlVBrch", "avatar_hd": "https://tvax1.sinaimg.cn/crop.0.0.996.996.1024/85328f40ly8ffn4x7riiuj20ro0rpdj8.jpg?KID=imgbed,tva&Expires=1674057326&ssig=npoBDkEevC", "verified_reason": "", "verified_trade": "", "verified_reason_url": "", "verified_source": "", "verified_source_url": "", "follow_me": false, "like": false, "like_me": false, "online_status": 0, "bi_followers_count": 5, "lang": "zh-cn", "star": 0, "mbtype": 0, "mbrank": 0, "svip": 0, "mb_expire_time": 0, "block_word": 0, "block_app": 0, "chaohua_ability": 0, "brand_ability": 0, "nft_ability": 0, "vplus_ability": 0, "wenda_ability": 0, "live_ability": 0, "gongyi_ability": 0, "paycolumn_ability": 0, "newbrand_ability": 0, "ecommerce_ability": 0, "hardfan_ability": 0, "wbcolumn_ability": 0, "credit_score": 80, "user_ability": 35652608, "urank": 14, "story_read_state": -1, "vclub_member": 0, "is_teenager": 0, "is_guardian": 0, "is_teenager_list": 0, "pc_new": 0, "special_follow": false, "planet_video": 0, "video_mark": 0, "live_status": 0, "user_ability_extend": 0, "status_total_counter": {"total_cnt": 8, "repost_cnt": 2, "comment_cnt": 3, "like_cnt": 3, "comment_like_cnt": 0}, "video_total_counter": {"play_cnt": -1}, "brand_account": 0, "hongbaofei": 0, "tab_manage": "[0, 0]", "reward_status": 0, "green_mode": 0, "urisk": 0, "unfollowing_recom_switch": 1, "avatar_type": 0}, "mid": "4854898292431354", "idstr": "4854898292431354", "status": {"visible": {"type": 0, "list_id": 0}, "created_at": "Fri Jan 06 13:00:55 +0800 2023", "id": 4854897621867008, "idstr": "4854897621867008", "mid": "4854897621867008", "can_edit": false, "version": 1, "show_additional_indication": 0, "text": "#云南无量山冬樱花开成海#  你看过樱花，却不一定看过冬天盛开的樱花。云南最先过上春天的地方，无量山，这里的樱花早已花开成海！#这里的樱花和茶树是邻居# http://t.cn/A69v6F7T ​", "textLength": 167, "source_allowclick": 1, "source_type": 1, "source": "<a href=\"http://app.weibo.com/t/feed/3WwBnd\" rel=\"nofollow\">vivo X70 Pro蔡司影像</a>", "favorited": false, "truncated": false, "in_reply_to_status_id": "", "in_reply_to_user_id": "", "in_reply_to_screen_name": "", "pic_urls": [], "geo": null, "is_paid": false, "mblog_vip_type": 0, "user": {"id": 3853279141, "idstr": "3853279141", "class": 1, "screen_name": "红河道哥", "name": "红河道哥", "province": "53", "city": "1000", "location": "云南", "description": "合作加❤️xyf228100166", "url": "", "profile_image_url": "https://tvax3.sinaimg.cn/crop.0.0.996.996.50/e5ac5fa5ly8glrrr9mxtuj20ro0rodh5.jpg?KID=imgbed,tva&Expires=1674057326&ssig=LZAyz%2FMIvl", "light_ring": false, "cover_image_phone": "https://ww1.sinaimg.cn/crop.0.0.640.640.640/549d0121tw1egm1kjly3jj20hs0hsq4f.jpg", "profile_url": "u/3853279141", "domain": "", "weihao": "", "gender": "m", "followers_count": 1000877, "followers_count_str": "100.1万", "friends_count": 1543, "pagefriends_count": 179, "statuses_count": 9488, "video_status_count": 1316, "video_play_count": 0, "super_topic_not_syn_count": 154, "favourites_count": 11, "created_at": "Tue Oct 15 19:39:11 +0800 2013", "following": false, "allow_all_act_msg": false, "geo_enabled": true, "verified": true, "verified_type": 0, "remark": "", "insecurity": {"sexual_content": false}, "ptype": 0, "allow_all_comment": true, "avatar_large": "https://tvax3.sinaimg.cn/crop.0.0.996.996.180/e5ac5fa5ly8glrrr9mxtuj20ro0rodh5.jpg?KID=imgbed,tva&Expires=1674057326&ssig=2%2F8Yd6b6Py", "avatar_hd": "https://tvax3.sinaimg.cn/crop.0.0.996.996.1024/e5ac5fa5ly8glrrr9mxtuj20ro0rodh5.jpg?KID=imgbed,tva&Expires=1674057326&ssig=%2B84D8J9dsL", "verified_reason": "知名旅游博主 超话粉丝大咖（杨紫超话） 微博原创视频博主 头条文章作者", "verified_trade": "", "verified_reason_url": "", "verified_source": "", "verified_source_url": "", "verified_state": 0, "verified_level": 3, "verified_type_ext": 0, "has_service_tel": false, "verified_reason_modified": "", "verified_contact_name": "", "verified_contact_email": "", "verified_contact_mobile": "", "follow_me": false, "like": false, "like_me": false, "online_status": 0, "bi_followers_count": 1163, "lang": "zh-cn", "star": 0, "mbtype": 12, "mbrank": 7, "svip": 0, "mb_expire_time": 1677945600, "block_word": 0, "block_app": 1, "chaohua_ability": 0, "brand_ability": 0, "nft_ability": 0, "vplus_ability": 1, "wenda_ability": 0, "live_ability": 0, "gongyi_ability": 0, "paycolumn_ability": 0, "newbrand_ability": 0, "ecommerce_ability": 0, "hardfan_ability": 1, "wbcolumn_ability": 0, "credit_score": 80, "user_ability": 10881560, "cardid": "star_1577", "avatargj_id": "gj_vip_583", "urank": 37, "story_read_state": -1, "verified_detail": {"custom": 1, "data": [{"key": 4, "sub_key": 9, "weight": 999, "desc": "头条文章作者"}, {"key": 2, "sub_key": 0, "weight": 10, "desc": "知名旅游博主"}, {"key": 8, "sub_key": 0, "weight": 102, "desc": "超话粉丝大咖（杨紫超话）"}, {"key": 16, "sub_key": 1, "weight": 103, "desc": "微博原创视频博主"}]}, "vclub_member": 0, "is_teenager": 0, "is_guardian": 0, "is_teenager_list": 0, "pc_new": 7, "special_follow": false, "planet_video": 2, "video_mark": 15, "live_status": 0, "user_ability_extend": 0, "status_total_counter": {"total_cnt": 2608208, "repost_cnt": 277856, "comment_cnt": 560578, "like_cnt": 1531938, "comment_like_cnt": 237836}, "video_total_counter": {"play_cnt": 62325016}, "brand_account": 0, "hongbaofei": 0, "tab_manage": "[0, 0]", "reward_status": 0, "green_mode": 0, "urisk": 0, "unfollowing_recom_switch": 1, "avatar_type": 0}, "annotations": [{}, {}, {"client_mblogid": "b126ef00-9079-41f2-b37b-179bc844b3de"}, {"mapi_request": true}], "reposts_count": 0, "comments_count": 0, "reprint_cmt_count": 0, "attitudes_count": 0, "pending_approval_count": 0, "isLongText": false, "reward_exhibition_type": 0, "hide_flag": 0, "mlevel": 0, "show_mlevel": 0, "biz_ids": [230444], "biz_feature": 4294967304, "page_type": 64, "hasActionTypeCard": 0, "darwin_tags": [], "hot_weibo_tags": [], "text_tag_tips": [], "mblogtype": 0, "userType": 0, "more_info_type": 0, "cardid": "star_1577", "number_display_strategy": {"apply_scenario_flag": 3, "display_text_min_number": 1000000, "display_text": "100万+"}, "positive_recom_flag": 0, "content_auth": 0, "gif_ids": "", "is_show_bulletin": 2, "comment_manage_info": {"comment_permission_type": -1, "approval_comment_type": 0, "comment_sort_type": 0, "ai_play_picture_type": 0}, "pic_num": 0, "fid": 4854897383047197, "can_reprint": false, "new_comment_style": 0}, "readtimetype": "comment", "comment_dynamic_message": {"id": "0", "start_color": "#00FFFFFF", "end_color": "#1AFFFFFF", "start_color_dark": "#003A3A3A", "end_color_dark": "#333A3A3A", "name": {"zh_CN": "默认", "zh_HK": "默認", "en_US": "default"}, "scheme": "https://new.vip.weibo.cn/bubble/mall?showmenu=0&decorateId=0&uid=2234683200", "allow_vip_box_content": "用此评论气泡", "allow_vip_box_icon": "https://h5.sinaimg.cn/upload/100/1720/2022/08/08/icon_VIP_for_comment_bubble.png"}, "match_ai_play_picture": false}