{"created_at": "Mon Apr 11 07:32:49 +0800 2022", "id": 4756970328819234, "rootid": 4756668153598366, "rootidstr": "4756668153598366", "floor_number": 0, "text": "回复@pink逗留:无论什么原因造成的事故，反思都是应该的。没有黑匣子的权威报告，别胡乱猜测了。等报告出来了，波音公司能让你隐瞒实情？想多了", "disable_reply": 0, "restrictOperate": 0, "user": {"id": 6293996704, "idstr": "6293996704", "class": 1, "screen_name": "百叶蝶惑", "name": "百叶蝶惑", "province": "44", "city": "4", "location": "广东 珠海", "description": "", "url": "", "profile_image_url": "https://tvax1.sinaimg.cn/crop.0.0.1006.1006.50/006RWY3Sly8fs5yk42gfej30ry0ryjth.jpg?KID=imgbed,tva&Expires=1674108888&ssig=Vc3NwbxWSP", "light_ring": false, "cover_image_phone": "https://ww3.sinaimg.cn/crop.0.0.640.640/6ce2240djw1e9uwsjwemzj20hs0hs41z.jpg", "profile_url": "u/6293996704", "domain": "", "weihao": "", "gender": "m", "followers_count": 7, "followers_count_str": "7", "friends_count": 86, "pagefriends_count": 0, "statuses_count": 3, "video_status_count": 0, "video_play_count": 0, "super_topic_not_syn_count": 0, "favourites_count": 0, "created_at": "Thu Jun 22 16:06:05 +0800 2017", "following": false, "allow_all_act_msg": false, "geo_enabled": true, "verified": false, "verified_type": -1, "remark": "", "insecurity": {"sexual_content": false}, "ptype": 0, "allow_all_comment": true, "avatar_large": "https://tvax1.sinaimg.cn/crop.0.0.1006.1006.180/006RWY3Sly8fs5yk42gfej30ry0ryjth.jpg?KID=imgbed,tva&Expires=1674108888&ssig=Ofd1mnZlfX", "avatar_hd": "https://tvax1.sinaimg.cn/crop.0.0.1006.1006.1024/006RWY3Sly8fs5yk42gfej30ry0ryjth.jpg?KID=imgbed,tva&Expires=1674108888&ssig=7CqTcjvSSU", "verified_reason": "", "verified_trade": "", "verified_reason_url": "", "verified_source": "", "verified_source_url": "", "follow_me": false, "like": false, "like_me": false, "online_status": 0, "bi_followers_count": 2, "lang": "zh-cn", "star": 0, "mbtype": 2, "mbrank": 1, "svip": 0, "mb_expire_time": 0, "block_word": 0, "block_app": 0, "chaohua_ability": 0, "brand_ability": 0, "nft_ability": 0, "vplus_ability": 0, "wenda_ability": 0, "live_ability": 0, "gongyi_ability": 0, "paycolumn_ability": 0, "newbrand_ability": 0, "ecommerce_ability": 0, "hardfan_ability": 0, "wbcolumn_ability": 0, "credit_score": 80, "user_ability": 33554432, "urank": 4, "story_read_state": -1, "vclub_member": 0, "is_teenager": 0, "is_guardian": 0, "is_teenager_list": 0, "pc_new": 0, "special_follow": false, "planet_video": 0, "video_mark": 0, "live_status": 0, "user_ability_extend": 0, "status_total_counter": {"total_cnt": 1, "repost_cnt": 0, "comment_cnt": 0, "like_cnt": 1, "comment_like_cnt": 0}, "video_total_counter": {"play_cnt": -1}, "brand_account": 0, "hongbaofei": 0, "tab_manage": "[0, 0]", "reward_status": 0, "green_mode": 0, "urisk": 0, "unfollowing_recom_switch": 1, "avatar_type": 0}, "mid": "4756970328819234", "idstr": "4756970328819234", "status": {"visible": {"type": 0, "list_id": 0}, "created_at": "Sun Apr 10 08:45:38 +0800 2022", "id": 4756626265343091, "idstr": "4756626265343091", "mid": "4756626265343091", "can_edit": false, "version": 2, "show_additional_indication": 0, "text": "东航MU5735坠机事故最新消息：黑匣子数据已经在美国被成功提取出来，在4月8日下午已从美国华盛顿由国航CA86送回北京！\n\n振奋人心，相信事故原因分析报告很快就会有结果，离真相已经越来越近，这场牵动全国人民的焦点马上就要画上句号了！\n\n给遇难者家属一个交代，不单单是理赔赔偿，他们更需要让逝者安 ​", "textLength": 527, "source_allowclick": 1, "source_type": 2, "source": "", "favorited": false, "truncated": false, "in_reply_to_status_id": "", "in_reply_to_user_id": "", "in_reply_to_screen_name": "", "pic_urls": [], "geo": null, "is_paid": false, "mblog_vip_type": 0, "user": {"id": 5683006420, "idstr": "5683006420", "class": 1, "screen_name": "广东股贤", "name": "广东股贤", "province": "44", "city": "1000", "location": "广东", "description": "微博签约自媒体，财经时评家，职业投资人！", "url": "", "profile_image_url": "https://tvax1.sinaimg.cn/crop.0.0.664.664.50/006cBjzSly8gvzmn14e6nj30ig0igtam.jpg?KID=imgbed,tva&Expires=1674108888&ssig=dzcIa89BZT", "light_ring": false, "cover_image_phone": "https://wx2.sinaimg.cn/crop.0.0.640.640.640/0066t5c0gy1fgmrplrtqvj30ku0kutb6.jpg;https://ww1.sinaimg.cn/crop.0.0.640.640.640/9d44112bjw1f1xl1c10tuj20hs0hs0tw.jpg", "profile_url": "u/5683006420", "domain": "", "weihao": "", "gender": "m", "followers_count": 1192885, "followers_count_str": "119.3万", "friends_count": 633, "pagefriends_count": 18, "statuses_count": 32183, "video_status_count": 2, "video_play_count": 0, "super_topic_not_syn_count": 0, "favourites_count": 4, "created_at": "Tue Sep 08 12:26:01 +0800 2015", "following": false, "allow_all_act_msg": false, "geo_enabled": true, "verified": true, "verified_type": 0, "remark": "", "insecurity": {"sexual_content": false}, "ptype": 0, "allow_all_comment": true, "avatar_large": "https://tvax1.sinaimg.cn/crop.0.0.664.664.180/006cBjzSly8gvzmn14e6nj30ig0igtam.jpg?KID=imgbed,tva&Expires=1674108888&ssig=h96EJSFlWk", "avatar_hd": "https://tvax1.sinaimg.cn/crop.0.0.664.664.1024/006cBjzSly8gvzmn14e6nj30ig0igtam.jpg?KID=imgbed,tva&Expires=1674108888&ssig=JFw%2BkgwtjY", "verified_reason": "财经博主 头条文章作者", "verified_trade": "", "verified_reason_url": "", "verified_source": "", "verified_source_url": "", "verified_state": 0, "verified_level": 3, "verified_type_ext": 1, "has_service_tel": false, "verified_reason_modified": "", "verified_contact_name": "", "verified_contact_email": "", "verified_contact_mobile": "", "follow_me": false, "like": false, "like_me": false, "online_status": 0, "bi_followers_count": 100, "lang": "zh-cn", "star": 0, "mbtype": 12, "mbrank": 7, "svip": 0, "mb_expire_time": 1699977600, "block_word": 0, "block_app": 1, "chaohua_ability": 0, "brand_ability": 0, "nft_ability": 0, "vplus_ability": 1, "wenda_ability": 0, "live_ability": 0, "gongyi_ability": 0, "paycolumn_ability": 1, "newbrand_ability": 0, "ecommerce_ability": 0, "hardfan_ability": 1, "wbcolumn_ability": 0, "credit_score": 80, "user_ability": 10881560, "urank": 33, "story_read_state": -1, "verified_detail": {"custom": 1, "data": [{"key": 2, "sub_key": 0, "weight": 101, "desc": "财经博主"}, {"key": 4, "sub_key": 9, "weight": 999, "desc": "头条文章作者"}]}, "vclub_member": 0, "is_teenager": 0, "is_guardian": 0, "is_teenager_list": 0, "pc_new": 6, "special_follow": false, "planet_video": 2, "video_mark": 0, "live_status": 0, "user_ability_extend": 0, "status_total_counter": {"total_cnt": 1416555, "repost_cnt": 46819, "comment_cnt": 57690, "like_cnt": 1228856, "comment_like_cnt": 83190}, "video_total_counter": {"play_cnt": 80946}, "brand_account": 0, "hongbaofei": 0, "tab_manage": "[0, 0]", "reward_status": 0, "green_mode": 0, "urisk": 1048576, "unfollowing_recom_switch": 1, "avatar_type": 0}, "annotations": [{}, {"shooting": 1, "client_mblogid": "a52dea3b-8a8f-4930-a457-d854ac145b0e"}, {"mapi_request": true}], "reposts_count": 0, "comments_count": 0, "reprint_cmt_count": 0, "attitudes_count": 0, "pending_approval_count": 0, "isLongText": true, "reward_exhibition_type": 0, "hide_flag": 0, "mlevel": 128, "show_mlevel": 0, "biz_feature": 0, "page_type": 64, "hasActionTypeCard": 0, "darwin_tags": [], "hot_weibo_tags": [], "text_tag_tips": [], "mblogtype": 0, "userType": 0, "mlevelSource": "monitor", "more_info_type": 0, "number_display_strategy": {"apply_scenario_flag": 3, "display_text_min_number": 1000000, "display_text": "100万+"}, "positive_recom_flag": 0, "content_auth": 0, "gif_ids": "", "is_show_bulletin": 2, "comment_manage_info": {"comment_permission_type": -1, "approval_comment_type": 0, "comment_sort_type": 0, "ai_play_picture_type": 0}, "pic_num": 0, "can_reprint": false, "new_comment_style": 0}, "reply_comment": {"created_at": "Mon Apr 11 07:26:14 +0800 2022", "id": 4756968671806051, "rootid": 4756668153598366, "rootidstr": "4756668153598366", "floor_number": 0, "text": "回复@百叶蝶惑:深刻反思", "disable_reply": 0, "restrictOperate": 0, "user": {"id": 7220741903, "idstr": "7220741903", "class": 1, "screen_name": "pink逗留", "name": "pink逗留", "province": "31", "city": "1000", "location": "上海", "description": "小熊偷吃了糖果，就变成甜甜的小熊软糖啦", "url": "", "profile_image_url": "https://tvax3.sinaimg.cn/crop.0.0.1080.1080.50/007SFuP5ly8h2uyh6ozxqj30u00u0tfw.jpg?KID=imgbed,tva&Expires=1674108888&ssig=Z4YAm%2Fek%2Bn", "light_ring": false, "cover_image_phone": "https://ww1.sinaimg.cn/crop.0.0.640.640.640/549d0121tw1egm1kjly3jj20hs0hsq4f.jpg", "profile_url": "u/7220741903", "domain": "", "weihao": "", "gender": "f", "followers_count": 8, "followers_count_str": "8", "friends_count": 957, "pagefriends_count": 19, "statuses_count": 348, "video_status_count": 1, "video_play_count": 0, "super_topic_not_syn_count": 0, "favourites_count": 2, "created_at": "Sat Jul 06 22:08:28 +0800 2019", "following": false, "allow_all_act_msg": false, "geo_enabled": true, "verified": false, "verified_type": -1, "remark": "", "insecurity": {"sexual_content": false}, "ptype": 0, "allow_all_comment": true, "avatar_large": "https://tvax3.sinaimg.cn/crop.0.0.1080.1080.180/007SFuP5ly8h2uyh6ozxqj30u00u0tfw.jpg?KID=imgbed,tva&Expires=1674108888&ssig=LyBiaNa3IZ", "avatar_hd": "https://tvax3.sinaimg.cn/crop.0.0.1080.1080.1024/007SFuP5ly8h2uyh6ozxqj30u00u0tfw.jpg?KID=imgbed,tva&Expires=1674108888&ssig=fd%2FeqNsTJl", "verified_reason": "", "verified_trade": "", "verified_reason_url": "", "verified_source": "", "verified_source_url": "", "follow_me": false, "like": false, "like_me": false, "online_status": 0, "bi_followers_count": 1, "lang": "zh-cn", "star": 0, "mbtype": 0, "mbrank": 0, "svip": 0, "mb_expire_time": 0, "block_word": 0, "block_app": 0, "chaohua_ability": 0, "brand_ability": 0, "nft_ability": 0, "vplus_ability": 0, "wenda_ability": 0, "live_ability": 0, "gongyi_ability": 0, "paycolumn_ability": 0, "newbrand_ability": 0, "ecommerce_ability": 0, "hardfan_ability": 0, "wbcolumn_ability": 0, "credit_score": 80, "user_ability": 2359296, "urank": 4, "story_read_state": -1, "vclub_member": 0, "is_teenager": 0, "is_guardian": 0, "is_teenager_list": 0, "pc_new": 0, "special_follow": false, "planet_video": 2, "video_mark": 2, "live_status": 0, "user_ability_extend": 0, "status_total_counter": {"total_cnt": 6, "repost_cnt": 0, "comment_cnt": 4, "like_cnt": 2, "comment_like_cnt": 0}, "video_total_counter": {"play_cnt": 31}, "brand_account": 0, "hongbaofei": 0, "tab_manage": "[0, 0]", "reward_status": 0, "green_mode": 0, "urisk": 17180393472, "unfollowing_recom_switch": 1, "avatar_type": 0}, "mid": "4756968671806051", "idstr": "4756968671806051", "match_ai_play_picture": false}, "reply_original_text": "无论什么原因造成的事故，反思都是应该的。没有黑匣子的权威报告，别胡乱猜测了。等报告出来了，波音公司能让你隐瞒实情？想多了", "readtimetype": "comment", "match_ai_play_picture": false}