{"created_at": "Mon Dec 26 16:32:42 +0800 2022", "id": 4850964651577750, "rootid": 4850964651577750, "rootidstr": "4850964651577750", "floor_number": 75, "text": "【#元旦春节返乡如何防护#？这份指南请收好】", "disable_reply": 0, "restrictOperate": 0, "comment_badge": [{"pic_url": "https://h5.sinaimg.cn/upload/114/962/2022/07/08/member_0_bigfan1_4.png", "name": "loyal_fans", "length": 1.33, "actionlog": {"act_code": "3671", "ext": "status:fans"}, "scheme": "https://kefu.weibo.com/faqdetail?id=20848", "new_icon": true}], "user": {"id": 2465692817, "idstr": "2465692817", "class": 1, "screen_name": "安阳市殷都区人民法院", "name": "安阳市殷都区人民法院", "province": "41", "city": "5", "location": "河南 安阳", "description": "", "url": "", "profile_image_url": "https://tvax1.sinaimg.cn/crop.0.0.180.180.50/92f77c91ly1h8x9kpkijrj2050050dfx.jpg?KID=imgbed,tva&Expires=1673959527&ssig=kkmK%2FMa8P%2B", "light_ring": false, "cover_image_phone": "https://ww1.sinaimg.cn/crop.0.0.640.640.640/549d0121tw1egm1kjly3jj20hs0hsq4f.jpg", "profile_url": "u/2465692817", "domain": "", "weihao": "", "gender": "m", "followers_count": 890, "followers_count_str": "890", "friends_count": 23, "pagefriends_count": 0, "statuses_count": 34248, "video_status_count": 2, "video_play_count": 0, "super_topic_not_syn_count": 0, "favourites_count": 9, "created_at": "Thu Dec 01 16:11:29 +0800 2011", "following": false, "allow_all_act_msg": false, "geo_enabled": true, "verified": true, "verified_type": 1, "remark": "", "insecurity": {"sexual_content": false}, "ptype": 0, "allow_all_comment": true, "avatar_large": "https://tvax1.sinaimg.cn/crop.0.0.180.180.180/92f77c91ly1h8x9kpkijrj2050050dfx.jpg?KID=imgbed,tva&Expires=1673959527&ssig=7jvag9fU%2FG", "avatar_hd": "https://tvax1.sinaimg.cn/crop.0.0.180.180.1024/92f77c91ly1h8x9kpkijrj2050050dfx.jpg?KID=imgbed,tva&Expires=1673959527&ssig=xltCQhMnhD", "verified_reason": "河南安阳市殷都区人民省法院官方微博", "verified_trade": "", "verified_reason_url": "", "verified_source": "", "verified_source_url": "", "verified_state": 0, "verified_level": 3, "verified_type_ext": 0, "has_service_tel": false, "verified_reason_modified": "", "verified_contact_name": "", "verified_contact_email": "", "verified_contact_mobile": "", "follow_me": false, "like": false, "like_me": false, "online_status": 0, "bi_followers_count": 4, "lang": "zh-cn", "star": 0, "mbtype": 0, "mbrank": 0, "svip": 0, "mb_expire_time": 0, "block_word": 0, "block_app": 0, "chaohua_ability": 0, "brand_ability": 0, "nft_ability": 0, "vplus_ability": 0, "wenda_ability": 0, "live_ability": 0, "gongyi_ability": 0, "paycolumn_ability": 0, "newbrand_ability": 0, "ecommerce_ability": 0, "hardfan_ability": 0, "wbcolumn_ability": 0, "credit_score": 80, "user_ability": 262144, "cardid": "star_1624", "urank": 27, "story_read_state": -1, "vclub_member": 0, "is_teenager": 0, "is_guardian": 0, "is_teenager_list": 0, "pc_new": 7, "special_follow": false, "planet_video": 2, "video_mark": 15, "live_status": 0, "user_ability_extend": 0, "status_total_counter": {"total_cnt": 1153, "repost_cnt": 427, "comment_cnt": 342, "like_cnt": 279, "comment_like_cnt": 105}, "video_total_counter": {"play_cnt": 843}, "brand_account": 0, "hongbaofei": 0, "tab_manage": "[0, 0]", "reward_status": 0, "green_mode": 0, "urisk": 0, "avatar_type": 0}, "mid": "4850964651577750", "idstr": "4850964651577750", "status": {"visible": {"type": 0, "list_id": 0}, "created_at": "Sat Dec 24 13:41:35 +0800 2022", "id": 4850196813456376, "idstr": "4850196813456376", "mid": "4850196813456376", "can_edit": false, "version": 2, "show_additional_indication": 0, "text": "【#元旦春节返乡如何防护#？这份指南请收好】今日，2023年春运火车票开售。元旦、春节“两节”将至，一些人即将踏上返乡行程。返乡出行途中如何做好防护？返乡初期要注意什么？返乡后出现症状怎么办？#元旦春节返乡出行防护指南#↓↓转给身边需要的人！ ​​​", "textLength": 241, "source_allowclick": 1, "source_type": 1, "source": "<a href=\"http://app.weibo.com/t/feed/1eruRP\" rel=\"nofollow\">HUAWEI Mate X2</a>", "favorited": false, "truncated": false, "in_reply_to_status_id": "", "in_reply_to_user_id": "", "in_reply_to_screen_name": "", "pic_urls": [{"thumbnail_pic": "http://wx2.sinaimg.cn/thumbnail/002FnHAdly1h9euis9v8qj60k05a14qp02.jpg"}], "thumbnail_pic": "http://wx2.sinaimg.cn/thumbnail/002FnHAdly1h9euis9v8qj60k05a14qp02.jpg", "bmiddle_pic": "http://wx2.sinaimg.cn/bmiddle/002FnHAdly1h9euis9v8qj60k05a14qp02.jpg", "original_pic": "http://wx2.sinaimg.cn/large/002FnHAdly1h9euis9v8qj60k05a14qp02.jpg", "geo": null, "is_paid": false, "mblog_vip_type": 0, "user": {"id": 2443744521, "idstr": "2443744521", "class": 1, "screen_name": "豫法阳光", "name": "豫法阳光", "province": "41", "city": "1", "location": "河南 郑州", "description": "河南省高级人民法院新浪官方微博", "url": "", "profile_image_url": "https://tvax1.sinaimg.cn/crop.0.0.640.640.50/002FnHAdly8h8vj1mrwzcj60hs0hs74k02.jpg?KID=imgbed,tva&Expires=1673959527&ssig=lvQvCHMhnH", "light_ring": false, "cover_image": "https://wx1.sinaimg.cn/crop.0.0.920.300/002FnHAdly1h8ne54o2y2j60pk08cglf02.jpg", "cover_image_phone": "https://ww1.sinaimg.cn/crop.0.0.640.640.640/549d0121tw1egm1kjly3jj20hs0hsq4f.jpg", "profile_url": "u/2443744521", "domain": "", "weihao": "", "gender": "m", "followers_count": 5173402, "followers_count_str": "517.3万", "friends_count": 539, "pagefriends_count": 5, "statuses_count": 61663, "video_status_count": 342, "video_play_count": 0, "super_topic_not_syn_count": 0, "favourites_count": 53, "created_at": "Fri Nov 04 13:29:43 +0800 2011", "following": false, "allow_all_act_msg": true, "geo_enabled": true, "verified": true, "verified_type": 1, "remark": "", "insecurity": {"sexual_content": false}, "ptype": 221, "allow_all_comment": true, "avatar_large": "https://tvax1.sinaimg.cn/crop.0.0.640.640.180/002FnHAdly8h8vj1mrwzcj60hs0hs74k02.jpg?KID=imgbed,tva&Expires=1673959527&ssig=qOSCsIZG9k", "avatar_hd": "https://tvax1.sinaimg.cn/crop.0.0.640.640.1024/002FnHAdly8h8vj1mrwzcj60hs0hs74k02.jpg?KID=imgbed,tva&Expires=1673959527&ssig=FWeuXStOql", "verified_reason": "河南省高级人民法院官方微博", "verified_trade": "", "verified_reason_url": "", "verified_source": "", "verified_source_url": "", "verified_state": 0, "verified_level": 3, "verified_type_ext": 0, "has_service_tel": false, "verified_reason_modified": "", "verified_contact_name": "", "verified_contact_email": "", "verified_contact_mobile": "", "follow_me": false, "like": false, "like_me": false, "online_status": 0, "bi_followers_count": 477, "lang": "zh-cn", "star": 0, "mbtype": 12, "mbrank": 6, "svip": 0, "mb_expire_time": 1706976000, "block_word": 0, "block_app": 1, "chaohua_ability": 0, "brand_ability": 0, "nft_ability": 0, "vplus_ability": 0, "wenda_ability": 0, "live_ability": 1, "gongyi_ability": 0, "paycolumn_ability": 0, "newbrand_ability": 0, "ecommerce_ability": 0, "hardfan_ability": 1, "wbcolumn_ability": 0, "credit_score": 80, "user_ability": 545521672, "cardid": "star_1624", "urank": 48, "story_read_state": -1, "vclub_member": 0, "is_teenager": 0, "is_guardian": 0, "is_teenager_list": 0, "pc_new": 7, "special_follow": false, "planet_video": 2, "video_mark": 15, "live_status": 0, "user_ability_extend": 1, "status_total_counter": {"total_cnt": 4733263, "repost_cnt": 3104175, "comment_cnt": 816540, "like_cnt": 681423, "comment_like_cnt": 131125}, "video_total_counter": {"play_cnt": 3383561}, "brand_account": 0, "hongbaofei": 0, "tab_manage": "[0, 0]", "reward_status": 0, "green_mode": 0, "urisk": 0, "avatar_type": 0}, "annotations": [{"photo_sub_type": "0"}, {}, {"client_mblogid": "fd1fe98c-53ee-444a-b25f-b3019d3ed6c0"}, {"mapi_request": true}], "picStatus": "0:1", "reposts_count": 0, "comments_count": 0, "reprint_cmt_count": 0, "attitudes_count": 0, "pending_approval_count": 0, "isLongText": false, "reward_exhibition_type": 0, "hide_flag": 0, "mlevel": 0, "show_mlevel": 0, "biz_feature": 4294967300, "page_type": 64, "hasActionTypeCard": 0, "darwin_tags": [], "hot_weibo_tags": [], "text_tag_tips": [], "mblogtype": 0, "userType": 0, "more_info_type": 0, "cardid": "star_1624", "positive_recom_flag": 0, "content_auth": 0, "gif_ids": "", "is_show_bulletin": 2, "comment_manage_info": {"comment_permission_type": -1, "approval_comment_type": 0, "comment_sort_type": 0, "ai_play_picture_type": 0}, "pic_num": 1, "can_reprint": false, "new_comment_style": 0}, "readtimetype": "comment", "match_ai_play_picture": false}