{"created_at": "Mon Sep 19 17:10:22 +0800 2022", "id": 4815460123803675, "rootid": 4815460123803675, "rootidstr": "4815460123803675", "floor_number": 4625, "text": "[允悲]", "disable_reply": 0, "restrictOperate": 0, "source_allowclick": 0, "source_type": 4, "source": "<a href=\"\" rel=\"nofollow\">来自福建</a>", "user": {"id": 6616964671, "idstr": "6616964671", "class": 1, "screen_name": "吉祥五德", "name": "吉祥五德", "province": "35", "city": "1000", "location": "福建", "description": "爱吃，贪玩，的大朋友……", "url": "", "profile_image_url": "https://tvax2.sinaimg.cn/crop.0.0.750.750.50/007dO6MDly8gbnmoq047fj30ku0kuwhx.jpg?KID=imgbed,tva&Expires=1674070483&ssig=RD9RrQI4RN", "light_ring": false, "cover_image_phone": "https://ww1.sinaimg.cn/crop.0.0.640.640.640/549d0121tw1egm1kjly3jj20hs0hsq4f.jpg", "profile_url": "u/6616964671", "domain": "", "weihao": "", "gender": "m", "followers_count": 261, "followers_count_str": "261", "friends_count": 233, "pagefriends_count": 17, "statuses_count": 4836, "video_status_count": 17, "video_play_count": 0, "super_topic_not_syn_count": 0, "favourites_count": 1, "created_at": "Mon Jul 30 22:35:46 +0800 2018", "following": false, "allow_all_act_msg": false, "geo_enabled": true, "verified": false, "verified_type": -1, "remark": "", "insecurity": {"sexual_content": false}, "ptype": 0, "allow_all_comment": true, "avatar_large": "https://tvax2.sinaimg.cn/crop.0.0.750.750.180/007dO6MDly8gbnmoq047fj30ku0kuwhx.jpg?KID=imgbed,tva&Expires=1674070483&ssig=%2F6s%2F7f5rUb", "avatar_hd": "https://tvax2.sinaimg.cn/crop.0.0.750.750.1024/007dO6MDly8gbnmoq047fj30ku0kuwhx.jpg?KID=imgbed,tva&Expires=1674070483&ssig=yna7bjAsXP", "verified_reason": "", "verified_trade": "", "verified_reason_url": "", "verified_source": "", "verified_source_url": "", "follow_me": false, "like": false, "like_me": false, "online_status": 0, "bi_followers_count": 1, "lang": "zh-cn", "star": 0, "mbtype": 0, "mbrank": 0, "svip": 0, "mb_expire_time": 0, "block_word": 0, "block_app": 0, "chaohua_ability": 0, "brand_ability": 0, "nft_ability": 0, "vplus_ability": 0, "wenda_ability": 0, "live_ability": 0, "gongyi_ability": 0, "paycolumn_ability": 0, "newbrand_ability": 0, "ecommerce_ability": 0, "hardfan_ability": 0, "wbcolumn_ability": 0, "credit_score": 80, "user_ability": 2359328, "urank": 4, "story_read_state": -1, "vclub_member": 0, "is_teenager": 0, "is_guardian": 0, "is_teenager_list": 0, "pc_new": 0, "special_follow": false, "planet_video": 2, "video_mark": 2, "live_status": 0, "user_ability_extend": 0, "status_total_counter": {"total_cnt": 210, "repost_cnt": 19, "comment_cnt": 35, "like_cnt": 152, "comment_like_cnt": 4}, "video_total_counter": {"play_cnt": 9}, "brand_account": 0, "hongbaofei": 0, "tab_manage": "[0, 0]", "reward_status": 0, "green_mode": 0, "urisk": 17179869184, "unfollowing_recom_switch": 1, "avatar_type": 0}, "mid": "4815460123803675", "idstr": "4815460123803675", "status": {"visible": {"type": 0, "list_id": 0}, "created_at": "Sun Sep 18 07:57:50 +0800 2022", "id": 4814958686109769, "idstr": "4814958686109769", "mid": "4814958686109769", "can_edit": false, "version": 3, "show_additional_indication": 0, "text": "湖南李先生送5岁女儿上幼儿园，担心孩子哭闹，他站在教室外看监控屏，突然看到老师打了女儿一耳光。李先生冲进教室扇了老师一巴掌，他要求回看监控，没想到老师还用围兜蒙住女儿的头摇晃。这时，李先生再次对老师拳打脚踢。如果是你的女儿遇到这种情况你会怎么做？ ​", "textLength": 245, "source_allowclick": 0, "source_type": 1, "source": "<a href=\"http://app.weibo.com/t/feed/6vtZb0\" rel=\"nofollow\">微博 weibo.com</a>", "favorited": false, "truncated": false, "in_reply_to_status_id": "", "in_reply_to_user_id": "", "in_reply_to_screen_name": "", "pic_urls": [{"thumbnail_pic": "http://wx2.sinaimg.cn/thumbnail/006rQp7egy1gzrc7ibq4zg308c0eg7wl.gif"}], "thumbnail_pic": "http://wx2.sinaimg.cn/thumbnail/006rQp7egy1gzrc7ibq4zg308c0eg7wl.gif", "bmiddle_pic": "http://wx2.sinaimg.cn/bmiddle/006rQp7egy1gzrc7ibq4zg308c0eg7wl.gif", "original_pic": "http://wx2.sinaimg.cn/large/006rQp7egy1gzrc7ibq4zg308c0eg7wl.gif", "geo": null, "is_paid": false, "mblog_vip_type": 0, "user": {"id": 5908247668, "idstr": "5908247668", "class": 1, "screen_name": "一本学长", "name": "一本学长", "province": "35", "city": "1000", "location": "福建", "description": "", "url": "", "profile_image_url": "https://tvax3.sinaimg.cn/crop.0.0.600.600.50/006rQp7ely8h2lyhvfna5j30go0go74m.jpg?KID=imgbed,tva&Expires=1674070483&ssig=bNCf57mzQd", "light_ring": false, "cover_image_phone": "https://wx1.sinaimg.cn/crop.0.0.640.640.640/006rQp7egy1gv4s5qcb7yj60yi0yiaey02.jpg", "profile_url": "u/5908247668", "domain": "", "weihao": "", "gender": "m", "followers_count": 1105035, "followers_count_str": "110.5万", "friends_count": 494, "pagefriends_count": 0, "statuses_count": 97516, "video_status_count": 60481, "video_play_count": 0, "super_topic_not_syn_count": 0, "favourites_count": 86, "created_at": "Tue Apr 26 00:07:04 +0800 2016", "following": false, "allow_all_act_msg": false, "geo_enabled": true, "verified": true, "verified_type": 0, "remark": "", "insecurity": {"sexual_content": false}, "ptype": 0, "allow_all_comment": true, "avatar_large": "https://tvax3.sinaimg.cn/crop.0.0.600.600.180/006rQp7ely8h2lyhvfna5j30go0go74m.jpg?KID=imgbed,tva&Expires=1674070483&ssig=xUOgZemMp3", "avatar_hd": "https://tvax3.sinaimg.cn/crop.0.0.600.600.1024/006rQp7ely8h2lyhvfna5j30go0go74m.jpg?KID=imgbed,tva&Expires=1674070483&ssig=sH6fdGQ6K9", "verified_reason": "搞笑幽默博主 2022年辰星计划博主 搞笑视频自媒体", "verified_trade": "", "verified_reason_url": "", "verified_source": "", "verified_source_url": "", "verified_state": 0, "verified_level": 3, "verified_type_ext": 1, "has_service_tel": false, "verified_reason_modified": "", "verified_contact_name": "", "verified_contact_email": "", "verified_contact_mobile": "", "follow_me": false, "like": false, "like_me": false, "online_status": 0, "bi_followers_count": 134, "lang": "zh-cn", "star": 0, "mbtype": 12, "mbrank": 7, "svip": 1, "mb_expire_time": 1674057600, "block_word": 0, "block_app": 1, "chaohua_ability": 0, "brand_ability": 0, "nft_ability": 0, "vplus_ability": 1, "wenda_ability": 0, "live_ability": 0, "gongyi_ability": 0, "paycolumn_ability": 1, "newbrand_ability": 0, "ecommerce_ability": 0, "hardfan_ability": 1, "wbcolumn_ability": 0, "credit_score": 80, "user_ability": -2143942104, "cardid": "star_1408", "avatargj_id": "gj_vip_027", "urank": 37, "story_read_state": -1, "verified_detail": {"custom": 1, "data": [{"key": 2, "sub_key": 0, "weight": 10, "desc": "搞笑幽默博主", "timestamp": 0}, {"key": 16, "sub_key": 10, "weight": 103, "desc": "搞笑视频自媒体", "timestamp": 0}, {"key": 1, "sub_key": 0, "weight": 100, "desc": "2022年辰星计划博主", "timestamp": 0}]}, "vclub_member": 0, "is_teenager": 0, "is_guardian": 0, "is_teenager_list": 0, "pc_new": 6, "special_follow": false, "planet_video": 2, "video_mark": 15, "live_status": 0, "user_ability_extend": 0, "status_total_counter": {"total_cnt": 7816371, "repost_cnt": 599008, "comment_cnt": 881168, "like_cnt": 2921090, "comment_like_cnt": 3415105}, "video_total_counter": {"play_cnt": 953390367}, "brand_account": 0, "hongbaofei": 0, "tab_manage": "[0, 0]", "reward_status": 0, "green_mode": 0, "urisk": 0, "unfollowing_recom_switch": 1, "avatar_type": 0}, "picStatus": "1", "reposts_count": 0, "comments_count": 0, "reprint_cmt_count": 0, "attitudes_count": 0, "pending_approval_count": 0, "isLongText": false, "reward_exhibition_type": 0, "hide_flag": 0, "mlevel": 128, "show_mlevel": 0, "biz_feature": 0, "hasActionTypeCard": 0, "darwin_tags": [], "hot_weibo_tags": [], "text_tag_tips": [], "mblogtype": 0, "userType": 0, "mlevelSource": "monitor", "more_info_type": 0, "cardid": "star_1408", "number_display_strategy": {"apply_scenario_flag": 3, "display_text_min_number": 1000000, "display_text": "100万+"}, "positive_recom_flag": 0, "content_auth": 0, "gif_ids": "006rQp7egy1gzrc7ibq4zg308c0eg7wl|o0/0014MYCGlx07U4of3IX6010412001IKN0E010|1022:2311284741267897384998", "is_show_bulletin": 2, "comment_manage_info": {"comment_permission_type": -1, "approval_comment_type": 0, "comment_sort_type": 0, "ai_play_picture_type": 0}, "pic_num": 1, "can_reprint": false, "new_comment_style": 0}, "readtimetype": "comment", "match_ai_play_picture": false}