{"created_at": "Mon Dec 12 16:08:17 +0800 2022", "id": 4845885076278102, "rootid": 4845885076278102, "rootidstr": "4845885076278102", "floor_number": 3, "text": "#世界杯半决赛现场将播放孤勇者#总感觉是国际足联放弃跟中国男足对话了[笑cry] ​​​//@竹乡慢羊羊:中国元素", "disable_reply": 0, "is_mblog_author": true, "restrictOperate": 0, "source_allowclick": 0, "source_type": 4, "source": "<a href=\"\" rel=\"nofollow\">来自浙江</a>", "comment_badge": [{"pic_url": "https://h5.sinaimg.cn/upload/1007/25/2019/05/17/feed_icon_poster_identity133low.png", "name": "blogger", "length": 1.33, "actionlog": {"act_code": "3671", "ext": "status:author"}, "scheme": "https://kefu.weibo.com/faqdetail?id=20848"}], "user": {"id": 2498948744, "idstr": "2498948744", "class": 1, "screen_name": "倾听指尖", "name": "倾听指尖", "province": "33", "city": "2", "location": "浙江 宁波", "description": "你相信光明，便不再有黑暗！", "url": "http://blog.sina.com.cn/u/2498948744", "profile_image_url": "https://tvax2.sinaimg.cn/crop.0.0.1080.1080.50/94f2ee88ly8gdi6o80f2aj20u00u0wg5.jpg?KID=imgbed,tva&Expires=1670945426&ssig=Crk4%2FHxRPB", "light_ring": false, "cover_image_phone": "https://wx4.sinaimg.cn/crop.0.0.640.640.640/94f2ee88gy1gpmokm4etkj20u00u0b29.jpg", "profile_url": "u/2498948744", "domain": "", "weihao": "", "gender": "m", "followers_count": 547295, "followers_count_str": "54.7万", "friends_count": 1356, "pagefriends_count": 11, "statuses_count": 34144, "video_status_count": 3292, "video_play_count": 0, "super_topic_not_syn_count": 0, "favourites_count": 84, "created_at": "Fri Oct 28 14:57:20 +0800 2011", "following": false, "allow_all_act_msg": false, "geo_enabled": true, "verified": true, "verified_type": 0, "remark": "", "insecurity": {"sexual_content": false}, "ptype": 0, "allow_all_comment": false, "avatar_large": "https://tvax2.sinaimg.cn/crop.0.0.1080.1080.180/94f2ee88ly8gdi6o80f2aj20u00u0wg5.jpg?KID=imgbed,tva&Expires=1670945426&ssig=5zf8QyHgIZ", "avatar_hd": "https://tvax2.sinaimg.cn/crop.0.0.1080.1080.1024/94f2ee88ly8gdi6o80f2aj20u00u0wg5.jpg?KID=imgbed,tva&Expires=1670945426&ssig=c6FHggg12g", "verified_reason": "宁波市网络文化协会常务理事 头条文章作者", "verified_trade": "2438", "verified_reason_url": "", "verified_source": "", "verified_source_url": "", "verified_state": 0, "verified_level": 3, "verified_type_ext": 1, "has_service_tel": false, "verified_reason_modified": "", "verified_contact_name": "", "verified_contact_email": "", "verified_contact_mobile": "", "follow_me": false, "like": false, "like_me": false, "online_status": 0, "bi_followers_count": 1307, "lang": "zh-cn", "star": 0, "mbtype": 12, "mbrank": 7, "svip": 0, "mb_expire_time": 1688486400, "block_word": 0, "block_app": 1, "chaohua_ability": 0, "brand_ability": 0, "nft_ability": 0, "vplus_ability": 0, "wenda_ability": 0, "live_ability": 0, "gongyi_ability": 0, "paycolumn_ability": 0, "newbrand_ability": 0, "ecommerce_ability": 0, "hardfan_ability": 1, "credit_score": 80, "user_ability": 11799048, "cardid": "star_1545", "avatargj_id": "gj_vip_422", "urank": 48, "story_read_state": -1, "verified_detail": {"custom": 1, "data": [{"key": 4, "sub_key": 9, "weight": 999, "desc": "头条文章作者"}, {"key": 1, "sub_key": 0, "weight": 10, "desc": "宁波市网络文化协会常务理事"}]}, "vclub_member": 0, "is_teenager": 0, "is_guardian": 0, "is_teenager_list": 0, "pc_new": 6, "special_follow": false, "planet_video": 2, "video_mark": 15, "live_status": 0, "user_ability_extend": 0, "status_total_counter": {"total_cnt": 1801638, "repost_cnt": 628532, "comment_cnt": 287117, "like_cnt": 588822, "comment_like_cnt": 297167}, "video_total_counter": {"play_cnt": 68551716}, "brand_account": 0, "hongbaofei": 0, "tab_manage": "[0, 0]", "reward_status": 0, "green_mode": 0, "urisk": 34896609280, "avatar_type": 0}, "mid": "4845885076278102", "idstr": "4845885076278102", "status": {"visible": {"type": 0, "list_id": 0}, "created_at": "Mon Dec 12 08:40:55 +0800 2022", "id": 4845772492768513, "idstr": "4845772492768513", "mid": "4845772492768513", "can_edit": false, "version": 3, "show_additional_indication": 0, "text": "#世界杯半决赛现场将播放孤勇者#FIFA终于还是懂了，直接跟我们的孩子对话了！哈哈哈哈哈哈哈哈哈哈哈哈哈哈 http://t.cn/A6KKJXPo ​", "textLength": 121, "source_allowclick": 1, "source_type": 2, "source": "", "favorited": false, "truncated": false, "in_reply_to_status_id": "", "in_reply_to_user_id": "", "in_reply_to_screen_name": "", "pic_urls": [], "geo": null, "is_paid": false, "mblog_vip_type": 0, "user": {"id": 2498948744, "idstr": "2498948744", "class": 1, "screen_name": "倾听指尖", "name": "倾听指尖", "province": "33", "city": "2", "location": "浙江 宁波", "description": "你相信光明，便不再有黑暗！", "url": "http://blog.sina.com.cn/u/2498948744", "profile_image_url": "https://tvax2.sinaimg.cn/crop.0.0.1080.1080.50/94f2ee88ly8gdi6o80f2aj20u00u0wg5.jpg?KID=imgbed,tva&Expires=1670945426&ssig=Crk4%2FHxRPB", "light_ring": false, "cover_image_phone": "https://wx4.sinaimg.cn/crop.0.0.640.640.640/94f2ee88gy1gpmokm4etkj20u00u0b29.jpg", "profile_url": "u/2498948744", "domain": "", "weihao": "", "gender": "m", "followers_count": 547295, "followers_count_str": "54.7万", "friends_count": 1356, "pagefriends_count": 11, "statuses_count": 34144, "video_status_count": 3292, "video_play_count": 0, "super_topic_not_syn_count": 0, "favourites_count": 84, "created_at": "Fri Oct 28 14:57:20 +0800 2011", "following": false, "allow_all_act_msg": false, "geo_enabled": true, "verified": true, "verified_type": 0, "remark": "", "insecurity": {"sexual_content": false}, "ptype": 0, "allow_all_comment": false, "avatar_large": "https://tvax2.sinaimg.cn/crop.0.0.1080.1080.180/94f2ee88ly8gdi6o80f2aj20u00u0wg5.jpg?KID=imgbed,tva&Expires=1670945426&ssig=5zf8QyHgIZ", "avatar_hd": "https://tvax2.sinaimg.cn/crop.0.0.1080.1080.1024/94f2ee88ly8gdi6o80f2aj20u00u0wg5.jpg?KID=imgbed,tva&Expires=1670945426&ssig=c6FHggg12g", "verified_reason": "宁波市网络文化协会常务理事 头条文章作者", "verified_trade": "2438", "verified_reason_url": "", "verified_source": "", "verified_source_url": "", "verified_state": 0, "verified_level": 3, "verified_type_ext": 1, "has_service_tel": false, "verified_reason_modified": "", "verified_contact_name": "", "verified_contact_email": "", "verified_contact_mobile": "", "follow_me": false, "like": false, "like_me": false, "online_status": 0, "bi_followers_count": 1307, "lang": "zh-cn", "star": 0, "mbtype": 12, "mbrank": 7, "svip": 0, "mb_expire_time": 1688486400, "block_word": 0, "block_app": 1, "chaohua_ability": 0, "brand_ability": 0, "nft_ability": 0, "vplus_ability": 0, "wenda_ability": 0, "live_ability": 0, "gongyi_ability": 0, "paycolumn_ability": 0, "newbrand_ability": 0, "ecommerce_ability": 0, "hardfan_ability": 1, "credit_score": 80, "user_ability": 11799048, "cardid": "star_1545", "avatargj_id": "gj_vip_422", "urank": 48, "story_read_state": -1, "verified_detail": {"custom": 1, "data": [{"key": 4, "sub_key": 9, "weight": 999, "desc": "头条文章作者"}, {"key": 1, "sub_key": 0, "weight": 10, "desc": "宁波市网络文化协会常务理事"}]}, "vclub_member": 0, "is_teenager": 0, "is_guardian": 0, "is_teenager_list": 0, "pc_new": 6, "special_follow": false, "planet_video": 2, "video_mark": 15, "live_status": 0, "user_ability_extend": 0, "status_total_counter": {"total_cnt": 1801638, "repost_cnt": 628532, "comment_cnt": 287117, "like_cnt": 588822, "comment_like_cnt": 297167}, "video_total_counter": {"play_cnt": 68551716}, "brand_account": 0, "hongbaofei": 0, "tab_manage": "[0, 0]", "reward_status": 0, "green_mode": 0, "urisk": 34896609280, "avatar_type": 0}, "annotations": [{}, {"creator_task": "hottopicnew_1"}, {"ann_ext": "ann_ext:search|t:505|creator_task:hottopicnew_1|q:#世界杯半决赛现场将播放孤勇者#|creator_source:bottomsendweibo|super_exparams=>{\"system_pic_only\":0}"}, {"client_mblogid": "6a03ef90-b4c3-4717-b793-9c000afa4362"}, {"mapi_request": true}], "reposts_count": 0, "comments_count": 0, "reprint_cmt_count": 0, "attitudes_count": 0, "pending_approval_count": 0, "isLongText": false, "reward_exhibition_type": 0, "hide_flag": 0, "mlevel": 0, "show_mlevel": 0, "biz_ids": [230444], "biz_feature": 4294967304, "page_type": 64, "hasActionTypeCard": 0, "darwin_tags": [], "hot_weibo_tags": [], "text_tag_tips": [], "mblogtype": 0, "userType": 0, "more_info_type": 0, "cardid": "star_1545", "number_display_strategy": {"apply_scenario_flag": 3, "display_text_min_number": 1000000, "display_text": "100万+"}, "positive_recom_flag": 0, "content_auth": 0, "gif_ids": "", "is_show_bulletin": 2, "comment_manage_info": {"comment_permission_type": -1, "approval_comment_type": 0, "comment_sort_type": 0, "ai_play_picture_type": 0}, "pic_num": 0, "fid": 4845772188155963, "can_reprint": false, "new_comment_style": 0}, "readtimetype": "comment", "match_ai_play_picture": false}