{"created_at": "Mon Dec 19 16:41:37 +0800 2022", "id": 4848430179955101, "rootid": 4848430179955101, "rootidstr": "4848430179955101", "floor_number": 173, "text": "来了[抱一抱]", "disable_reply": 0, "restrictOperate": 0, "source_allowclick": 0, "source_type": 4, "source": "<a href=\"\" rel=\"nofollow\">来自江西</a>", "comment_badge": [{"pic_url": "https://h5.sinaimg.cn/upload/114/962/2022/07/08/member_6_bigfan1_2.png", "name": "loyal_fans", "length": 1.33, "actionlog": {"act_code": "3671", "ext": "status:fans"}, "scheme": "https://kefu.weibo.com/faqdetail?id=20848", "new_icon": true}], "user": {"id": 7578765156, "idstr": "7578765156", "class": 1, "screen_name": "辰星科技迷", "name": "辰星科技迷", "province": "43", "city": "1000", "location": "湖南", "description": "互联网科技资讯", "url": "", "profile_image_url": "https://tvax4.sinaimg.cn/crop.0.0.514.514.50/008gTJ1Gly8h8phva6dyfj30ea0eagm4.jpg?KID=imgbed,tva&Expires=1673965060&ssig=G69ibA94nr", "light_ring": false, "cover_image_phone": "https://wx2.sinaimg.cn/crop.0.0.640.640.640/008gTJ1Ggy1h8gejno9scj30fn0fnac2.jpg", "profile_url": "u/7578765156", "domain": "", "weihao": "", "gender": "m", "followers_count": 922373, "followers_count_str": "92.2万", "friends_count": 282, "pagefriends_count": 16, "statuses_count": 4485, "video_status_count": 3266, "video_play_count": 0, "super_topic_not_syn_count": 15, "favourites_count": 0, "created_at": "Mon Mar 22 22:00:36 +0800 2021", "following": false, "allow_all_act_msg": false, "geo_enabled": true, "verified": true, "verified_type": 0, "remark": "", "insecurity": {"sexual_content": false}, "ptype": 0, "allow_all_comment": true, "avatar_large": "https://tvax4.sinaimg.cn/crop.0.0.514.514.180/008gTJ1Gly8h8phva6dyfj30ea0eagm4.jpg?KID=imgbed,tva&Expires=1673965060&ssig=ayM364%2B2rf", "avatar_hd": "https://tvax4.sinaimg.cn/crop.0.0.514.514.1024/008gTJ1Gly8h8phva6dyfj30ea0eagm4.jpg?KID=imgbed,tva&Expires=1673965060&ssig=mS38quYO1T", "verified_reason": "互联网科技博主", "verified_trade": "", "verified_reason_url": "", "verified_source": "", "verified_source_url": "", "verified_state": 0, "verified_level": 3, "verified_type_ext": 0, "has_service_tel": false, "verified_reason_modified": "", "verified_contact_name": "", "verified_contact_email": "", "verified_contact_mobile": "", "follow_me": false, "like": false, "like_me": false, "online_status": 0, "bi_followers_count": 258, "lang": "zh-cn", "star": 0, "mbtype": 12, "mbrank": 6, "svip": 0, "mb_expire_time": 1697212800, "block_word": 0, "block_app": 1, "chaohua_ability": 0, "brand_ability": 0, "nft_ability": 0, "vplus_ability": 2, "wenda_ability": 0, "live_ability": 0, "gongyi_ability": 0, "paycolumn_ability": 0, "newbrand_ability": 0, "ecommerce_ability": 0, "hardfan_ability": 1, "wbcolumn_ability": 0, "credit_score": 80, "user_ability": -2136718808, "avatargj_id": "gj_vip_588", "urank": 0, "story_read_state": -1, "verified_detail": {"custom": 0, "data": [{"key": 2, "sub_key": 0, "weight": 101, "desc": "互联网科技博主", "timestamp": 0}]}, "vclub_member": 0, "is_teenager": 0, "is_guardian": 0, "is_teenager_list": 0, "pc_new": 0, "special_follow": false, "planet_video": 2, "video_mark": 15, "live_status": 0, "user_ability_extend": 1, "video_cover": {"mid": 4840391377685609}, "status_total_counter": {"total_cnt": 288635, "repost_cnt": 8049, "comment_cnt": 20006, "like_cnt": 193175, "comment_like_cnt": 67405}, "video_total_counter": {"play_cnt": 29320899}, "brand_account": 0, "hongbaofei": 0, "tab_manage": "[0, 0]", "reward_status": 0, "green_mode": 0, "mb_like_privilege": {"like_id": "0012", "like_desc": "哎哟喂"}, "urisk": 1048576, "avatar_type": 0}, "mid": "4848430179955101", "idstr": "4848430179955101", "status": {"visible": {"type": 0, "list_id": 0}, "created_at": "Sat Dec 17 12:23:25 +0800 2022", "id": 4847640427106397, "idstr": "4847640427106397", "mid": "4847640427106397", "can_edit": false, "version": 4, "show_additional_indication": 0, "text": "厉害了[赞]#小伙用武则天翻糖蛋糕拿下世界冠军#\n一个有故事的翻糖蛋糕，充满了创意和艺术感的蛋糕，爱在心头，怎舍得下口呢？\n#美食VLOG挑战赛##我的年度美食vlog# http://t.cn/A6KOoPei ​", "textLength": 173, "source_allowclick": 1, "source_type": 2, "source": "<a href=\"http://weibo.com/\" rel=\"nofollow\">yoga思小厨HarmonyOS设备</a>", "favorited": false, "truncated": false, "in_reply_to_status_id": "", "in_reply_to_user_id": "", "in_reply_to_screen_name": "", "pic_urls": [], "geo": null, "is_paid": false, "mblog_vip_type": 0, "user": {"id": 1853811981, "idstr": "1853811981", "class": 1, "screen_name": "思坊菜AND思坊瑜伽", "name": "思坊菜AND思坊瑜伽", "province": "100", "city": "1000", "location": "其他", "description": "练完瑜伽恋美食，且爱生活爱旅行爱小狗，喜欢美食、探店、瑜伽、旅拍、种草等", "url": "http://shop63274992.taobao.com/", "profile_image_url": "https://tvax4.sinaimg.cn/crop.0.0.1080.1080.50/6e7eed0dly8ghbamh87cjj20u00u0tf7.jpg?KID=imgbed,tva&Expires=1673965060&ssig=NbnzC%2BYpBQ", "light_ring": false, "cover_image_phone": "https://wx3.sinaimg.cn/crop.0.0.640.640.640/6e7eed0dly1gci4cmz1nyj20u00u043b.jpg", "profile_url": "hongflower", "domain": "hongflower", "weihao": "", "gender": "f", "followers_count": 680366, "followers_count_str": "68万", "friends_count": 3617, "pagefriends_count": 54, "statuses_count": 11671, "video_status_count": 866, "video_play_count": 0, "super_topic_not_syn_count": 1, "favourites_count": 3, "created_at": "Wed Nov 10 14:39:32 +0800 2010", "following": false, "allow_all_act_msg": false, "geo_enabled": false, "verified": true, "verified_type": 0, "remark": "", "insecurity": {"sexual_content": false}, "ptype": 0, "allow_all_comment": true, "avatar_large": "https://tvax4.sinaimg.cn/crop.0.0.1080.1080.180/6e7eed0dly8ghbamh87cjj20u00u0tf7.jpg?KID=imgbed,tva&Expires=1673965060&ssig=8Oce28dgcD", "avatar_hd": "https://tvax4.sinaimg.cn/crop.0.0.1080.1080.1024/6e7eed0dly8ghbamh87cjj20u00u0tf7.jpg?KID=imgbed,tva&Expires=1673965060&ssig=twDFi11PZF", "verified_reason": "美食博主 超话粉丝大咖（美食超话） 微博原创视频博主 微博VLOG博主", "verified_trade": "", "verified_reason_url": "", "verified_source": "", "verified_source_url": "", "verified_state": 0, "verified_level": 3, "verified_type_ext": 1, "has_service_tel": false, "verified_reason_modified": "", "verified_contact_name": "", "verified_contact_email": "", "verified_contact_mobile": "", "follow_me": false, "like": false, "like_me": false, "online_status": 0, "bi_followers_count": 3231, "lang": "zh-cn", "star": 0, "mbtype": 12, "mbrank": 6, "svip": 0, "mb_expire_time": 1693670400, "block_word": 0, "block_app": 1, "chaohua_ability": 0, "brand_ability": 0, "nft_ability": 0, "vplus_ability": 1, "wenda_ability": 1, "live_ability": 0, "gongyi_ability": 0, "paycolumn_ability": 0, "newbrand_ability": 0, "ecommerce_ability": 0, "hardfan_ability": 1, "wbcolumn_ability": 0, "credit_score": 80, "user_ability": -2136585688, "cardid": "star_1545", "avatargj_id": "gj_vip_810", "urank": 5, "story_read_state": -1, "verified_detail": {"custom": 0, "data": [{"key": 16, "sub_key": 7, "weight": 103, "desc": "微博原创视频博主"}, {"key": 16, "sub_key": 2, "weight": 103, "desc": "微博VLOG博主"}, {"key": 2, "sub_key": 0, "weight": 101, "desc": "美食博主"}, {"key": 8, "sub_key": 0, "weight": 102, "desc": "超话粉丝大咖（美食超话）"}]}, "vclub_member": 0, "is_teenager": 0, "is_guardian": 0, "is_teenager_list": 0, "pc_new": 7, "special_follow": false, "planet_video": 2, "video_mark": 15, "live_status": 0, "user_ability_extend": 0, "status_total_counter": {"total_cnt": 2475054, "repost_cnt": 97237, "comment_cnt": 841242, "like_cnt": 797731, "comment_like_cnt": 738844}, "video_total_counter": {"play_cnt": 32153730}, "brand_account": 0, "hongbaofei": 0, "tab_manage": "[0, 0]", "reward_status": 0, "green_mode": 0, "urisk": 0, "avatar_type": 0}, "annotations": [{}, {}, {"super_exparams": "{\"system_pic_only\":0}"}, {"client_mblogid": "52345d55-993e-485b-88e0-093f32d19d5c"}, {"mapi_request": true}], "reposts_count": 0, "comments_count": 0, "reprint_cmt_count": 0, "attitudes_count": 0, "pending_approval_count": 0, "isLongText": false, "reward_exhibition_type": 0, "hide_flag": 0, "mlevel": 0, "show_mlevel": 0, "biz_ids": [230444], "biz_feature": 4294967304, "topic_id": "1022:100808c8922754fd0f2ba821918f4e69a04a71", "sync_mblog": true, "is_imported_topic": false, "expire_time": 1671524815, "page_type": 64, "hasActionTypeCard": 0, "darwin_tags": [], "hot_weibo_tags": [], "text_tag_tips": [], "mblogtype": 0, "mark": "999_reallog_mark_ad:999|WeiboADNatural", "userType": 0, "extend_info": {"ad": {"url_marked": "true"}}, "more_info_type": 0, "cardid": "star_1545", "number_display_strategy": {"apply_scenario_flag": 3, "display_text_min_number": 1000000, "display_text": "100万+"}, "positive_recom_flag": 0, "content_auth": 0, "gif_ids": "", "is_show_bulletin": 2, "comment_manage_info": {"comment_permission_type": -1, "approval_comment_type": 0, "comment_sort_type": 0, "ai_play_picture_type": 0}, "pic_num": 0, "fid": 4847640243339478, "can_reprint": false, "new_comment_style": 0}, "readtimetype": "comment", "sync_id": 4847640243339478, "sync_uuid": 4847640243339478, "sync_generate_level": 1, "comment_dynamic_message": {"id": "0034", "icon_url": "https://h5.sinaimg.cn/upload/1073/1841/2022/09/01/money1.png", "tag_text": "年费", "start_color": "#00FF8F56", "end_color": "#1AFF8656", "start_color_dark": "#00FF8F56", "end_color_dark": "#1AFF8656", "name": {"zh_CN": "太空飞船", "zh_HK": "太空飛船", "en_US": "Spaceships"}, "scheme": "https://new.vip.weibo.cn/bubble/mall?showmenu=0&decorateId=0034&uid=7578765156", "allow_vip_box_content": "用此评论气泡", "allow_vip_box_icon": "https://h5.sinaimg.cn/upload/100/1720/2022/08/08/icon_VIP_for_comment_bubble.png"}, "match_ai_play_picture": false}