{"mid": "7790933026", "uid": "M6eabdQKv", "name": "小时-1993", "time": "2022-9-18 00:22:00", "local": "广西", "iphone": "vivo手机", "context": "请大家帮忙转发出去。.昨天平南县大安镇被偷了三个孩子，桂平市木乐镇四合村也丢了两个孩子～有一个陌生人刚把孩子迷晕，幸好被人及时发现，偷孩子的两个人被抓了起来，现关在桂平市公安局（打拐办处）根据他们交代，这一次他们这个团伙派了一百单八条好汉，专偷七岁以上的孩子，可能是要人体器官，比如肾脏什么的。今天张晓清偷了5个孩子，最小4岁，最大12岁，现已全城戒严。在微信圈发一下，提醒各位父母，孩子贪玩，时时关注玩耍去向。莫一时大意，丢了孩子。请看管好自己的宝贝儿！.昨天晚饭时，三合一妇女一个1岁多的小孩被3疑犯抢走.注意了.，桂A.（6W059）奥迪车，在各学校门口抢小孩！！！110已经证实！！贵港市全市通缉！！不求点赞只求扩散！武利抢孩子的也是真的，那的朋友说的紧急通知：请大家注意：家里有孩子的.大人都要看好，来了100多个外地人.，现已经到了玉林：北流等地专门偷抢小孩的，已丢了20多个，解剖了7个小孩的胸部，拿走器官。凡是在街上转来转去的陌生人，开面包车，收粮食的车，收旧家电的，带黑口罩的人，穿黑裤子的人，说不完整普通话的人，其中里面还有一些年轻妇女，若有问路，脚步千万别停下，不要理答他们。.，收到的人都要传下，这是事实！让更多的人知道，转一次可能就能拯救几个孩子的生命。这是广西壮族自治区（省公安厅）转發过来的，群多的都转一下！生命可贵！太可怕了。为了孩子转發吧：各位同乡[抱拳][抱拳][抱拳]", "comment_num": "0", "like_num": "0"}