{"created_at": "Wed Jan 04 16:46:22 +0800 2023", "id": 4854229581434528, "rootid": 4854229581434528, "rootidstr": "4854229581434528", "floor_number": 37, "text": "宋茜贺繁星", "disable_reply": 0, "restrictOperate": 0, "source_allowclick": 0, "source_type": 4, "source": "<a href=\"\" rel=\"nofollow\">来自湖北</a>", "comment_badge": [{"pic_url": "https://h5.sinaimg.cn/upload/114/962/2022/07/08/member_1_bigfan1_1.png", "name": "loyal_fans", "length": 1.33, "actionlog": {"act_code": "3671", "ext": "status:fans"}, "scheme": "https://kefu.weibo.com/faqdetail?id=20848", "new_icon": true}], "user": {"id": 7525403520, "idstr": "7525403520", "class": 1, "screen_name": "宋俏苒", "name": "宋俏苒", "province": "100", "city": "1000", "location": "其他", "description": "别来沾边", "url": "", "profile_image_url": "https://tvax3.sinaimg.cn/crop.0.0.1080.1080.50/008dhPe8ly8ha2dructcij30u00u0dmx.jpg?KID=imgbed,tva&Expires=1673962230&ssig=LJHKFVYqVP", "light_ring": false, "cover_image_phone": "https://wx4.sinaimg.cn/crop.0.0.640.640.640/008dhPe8gy1h9v1e169h4j30u00u0dk8.jpg", "profile_url": "u/7525403520", "domain": "", "weihao": "", "gender": "f", "followers_count": 11302, "followers_count_str": "1.1万", "friends_count": 1186, "pagefriends_count": 45, "statuses_count": 7831, "video_status_count": 18, "video_play_count": 0, "super_topic_not_syn_count": 52, "favourites_count": 45, "created_at": "Sat Nov 21 10:53:32 +0800 2020", "following": false, "allow_all_act_msg": false, "geo_enabled": true, "verified": true, "verified_type": 0, "remark": "", "insecurity": {"sexual_content": false}, "ptype": 0, "allow_all_comment": true, "avatar_large": "https://tvax3.sinaimg.cn/crop.0.0.1080.1080.180/008dhPe8ly8ha2dructcij30u00u0dmx.jpg?KID=imgbed,tva&Expires=1673962230&ssig=ODQkWbHZe8", "avatar_hd": "https://tvax3.sinaimg.cn/crop.0.0.1080.1080.1024/008dhPe8ly8ha2dructcij30u00u0dmx.jpg?KID=imgbed,tva&Expires=1673962230&ssig=gQIkkOR4er", "verified_reason": "超话粉丝大咖（宋茜超话） 微博原创视频博主", "verified_trade": "", "verified_reason_url": "", "verified_source": "", "verified_source_url": "", "verified_state": 0, "verified_level": 3, "verified_type_ext": 0, "has_service_tel": false, "verified_reason_modified": "", "verified_contact_name": "", "verified_contact_email": "", "verified_contact_mobile": "", "follow_me": false, "like": false, "like_me": false, "online_status": 0, "bi_followers_count": 1099, "lang": "zh-cn", "star": 0, "mbtype": 11, "mbrank": 1, "svip": 0, "mb_expire_time": 1674576000, "block_word": 0, "block_app": 1, "chaohua_ability": 0, "brand_ability": 0, "nft_ability": 0, "vplus_ability": 0, "wenda_ability": 0, "live_ability": 0, "gongyi_ability": 0, "paycolumn_ability": 0, "newbrand_ability": 0, "ecommerce_ability": 0, "hardfan_ability": 1, "wbcolumn_ability": 0, "credit_score": 80, "user_ability": 2359336, "cardid": "raresvip_0029000815", "avatargj_id": "gj_vip_011", "urank": 0, "story_read_state": -1, "verified_detail": {"custom": 0, "data": [{"key": 8, "sub_key": 0, "weight": 102, "desc": "超话粉丝大咖（宋茜超话）", "timestamp": 0}, {"key": 16, "sub_key": 1, "weight": 103, "desc": "微博原创视频博主", "timestamp": 1673836693}]}, "vclub_member": 0, "is_teenager": 0, "is_guardian": 0, "is_teenager_list": 0, "pc_new": 0, "special_follow": false, "planet_video": 2, "video_mark": 2, "live_status": 0, "user_ability_extend": 0, "status_total_counter": {"total_cnt": 39657, "repost_cnt": 402, "comment_cnt": 21952, "like_cnt": 10121, "comment_like_cnt": 7182}, "video_total_counter": {"play_cnt": 74490}, "brand_account": 0, "hongbaofei": 0, "tab_manage": "[0, 0]", "reward_status": 0, "green_mode": 0, "urisk": 0, "avatar_type": 0, "skin_profile_element": "000012"}, "mid": "4854229581434528", "idstr": "4854229581434528", "status": {"visible": {"type": 0, "list_id": 0}, "created_at": "Wed Jan 04 09:30:04 +0800 2023", "id": 4854119782942231, "idstr": "4854119782942231", "mid": "4854119782942231", "can_edit": false, "version": 1, "show_additional_indication": 0, "text": "【今天！#2023首场流星雨#】[话筒]据央视新闻消息，2023年1月4日，北半球三大流星雨之一的#象限仪流星雨#来了，极大值流量每小时110颗。象限仪流星雨的特色是明亮且速度中等，常有火流星出现。[心] ​", "textLength": 183, "source_allowclick": 0, "source_type": 1, "source": "<a href=\"http://app.weibo.com/t/feed/xEsRX\" rel=\"nofollow\">新版微博 weibo.com</a>", "favorited": false, "truncated": false, "in_reply_to_status_id": "", "in_reply_to_user_id": "", "in_reply_to_screen_name": "", "pic_urls": [{"thumbnail_pic": "http://wx3.sinaimg.cn/thumbnail/002do8ZNly1h9qunm8zsxj60o20fe0vq02.jpg"}, {"thumbnail_pic": "http://wx4.sinaimg.cn/thumbnail/002do8ZNly1h9qunmesewj60u00k0n2y02.jpg"}, {"thumbnail_pic": "http://wx1.sinaimg.cn/thumbnail/002do8ZNly1h9qunmobdfj61gu0u0ak902.jpg"}, {"thumbnail_pic": "http://wx4.sinaimg.cn/thumbnail/002do8ZNly1h9qunmwzg7j61900u07bj02.jpg"}], "thumbnail_pic": "http://wx3.sinaimg.cn/thumbnail/002do8ZNly1h9qunm8zsxj60o20fe0vq02.jpg", "bmiddle_pic": "http://wx3.sinaimg.cn/bmiddle/002do8ZNly1h9qunm8zsxj60o20fe0vq02.jpg", "original_pic": "http://wx3.sinaimg.cn/large/002do8ZNly1h9qunm8zsxj60o20fe0vq02.jpg", "geo": null, "is_paid": false, "mblog_vip_type": 0, "user": {"id": 2030112487, "idstr": "2030112487", "class": 1, "screen_name": "CCTV电视剧", "name": "CCTV电视剧", "province": "11", "city": "1000", "location": "北京", "description": "大剧看总台", "url": "", "profile_image_url": "https://tvax1.sinaimg.cn/crop.0.0.500.500.50/002do8ZNly8h8vg9cqlhuj60dw0dwaaa02.jpg?KID=imgbed,tva&Expires=1673962230&ssig=D%2FQZJ6AC1M", "light_ring": false, "cover_image": "https://wx4.sinaimg.cn/crop.0.0.920.300/79010ee7ly1gdi76fckpaj20pk08c7bz.jpg", "cover_image_phone": "https://wx4.sinaimg.cn/crop.0.0.640.640.640/002do8ZNly1gkj1w1ye70j60v90v910c02.jpg;https://wx4.sinaimg.cn/crop.0.0.640.640.640/002do8ZNly1gkj1tn1nayj60v90v945p02.jpg;https://wx4.sinaimg.cn/crop.0.0.640.640.640/002do8ZNly1gkj1q0ofdyj60v90v9k0p02.jpg;https://wx3.sinaimg.cn/crop.0.0.640.640.640/002do8ZNly1gkj16nr469j60v90v9dp302.jpg;https://wx1.sinaimg.cn/crop.0.0.640.640.640/002do8ZNly1gkj0wkizlpj60v90v9q9002.jpg;https://wx1.sinaimg.cn/crop.0.0.640.640.640/002do8ZNly1gkj0r8ksa0j60v90v9aip02.jpg;https://wx4.sinaimg.cn/crop.0.0.640.640.640/79010ee7ly1ggikntn0e7j20u00u042f.jpg", "profile_url": "cctvdrama", "domain": "cctvdrama", "weihao": "", "gender": "f", "followers_count": 10754001, "followers_count_str": "1075.4万", "friends_count": 57, "pagefriends_count": 1, "statuses_count": 37584, "video_status_count": 10687, "video_play_count": 0, "super_topic_not_syn_count": 0, "favourites_count": 0, "created_at": "Thu Mar 17 14:12:23 +0800 2011", "following": false, "allow_all_act_msg": true, "geo_enabled": true, "verified": true, "verified_type": 3, "remark": "", "insecurity": {"sexual_content": false}, "ptype": 0, "allow_all_comment": true, "avatar_large": "https://tvax1.sinaimg.cn/crop.0.0.500.500.180/002do8ZNly8h8vg9cqlhuj60dw0dwaaa02.jpg?KID=imgbed,tva&Expires=1673962230&ssig=B8d5f8KA6J", "avatar_hd": "https://tvax1.sinaimg.cn/crop.0.0.500.500.1024/002do8ZNly8h8vg9cqlhuj60dw0dwaaa02.jpg?KID=imgbed,tva&Expires=1673962230&ssig=6CRSiHbVqI", "verified_reason": "中央电视台电视剧管理中心", "verified_trade": "", "verified_reason_url": "", "verified_source": "", "verified_source_url": "", "verified_state": 0, "verified_level": 3, "verified_type_ext": 0, "has_service_tel": false, "verified_reason_modified": "中央电视台电视剧管理中心", "verified_contact_name": "", "verified_contact_email": "", "verified_contact_mobile": "", "follow_me": false, "like": false, "like_me": false, "online_status": 0, "bi_followers_count": 45, "lang": "zh-cn", "star": 0, "mbtype": 12, "mbrank": 6, "svip": 0, "mb_expire_time": 1678118400, "block_word": 0, "block_app": 1, "chaohua_ability": 0, "brand_ability": 0, "nft_ability": 0, "vplus_ability": 0, "wenda_ability": 0, "live_ability": 1, "gongyi_ability": 0, "paycolumn_ability": 0, "newbrand_ability": 0, "ecommerce_ability": 0, "hardfan_ability": 0, "wbcolumn_ability": 0, "credit_score": 80, "user_ability": 8667148, "urank": 44, "story_read_state": -1, "vclub_member": 0, "is_teenager": 0, "is_guardian": 0, "is_teenager_list": 0, "pc_new": 7, "special_follow": false, "planet_video": 2, "video_mark": 15, "live_status": 0, "user_ability_extend": 1, "status_total_counter": {"total_cnt": 188629185, "repost_cnt": 38223927, "comment_cnt": 19872323, "like_cnt": 31670331, "comment_like_cnt": 98862604}, "video_total_counter": {"play_cnt": 1212485402}, "brand_account": 0, "hongbaofei": 0, "tab_manage": "[0, 0]", "reward_status": 0, "green_mode": 0, "urisk": 0, "avatar_type": 0}, "picStatus": "0:1,1:1,2:1,3:1", "reposts_count": 0, "comments_count": 0, "reprint_cmt_count": 0, "attitudes_count": 0, "pending_approval_count": 0, "isLongText": false, "reward_exhibition_type": 0, "hide_flag": 0, "mlevel": 0, "show_mlevel": 0, "biz_feature": 0, "page_type": 64, "hasActionTypeCard": 0, "darwin_tags": [], "hot_weibo_tags": [], "text_tag_tips": [], "mblogtype": 0, "userType": 0, "more_info_type": 0, "positive_recom_flag": 0, "content_auth": 0, "gif_ids": "", "is_show_bulletin": 2, "comment_manage_info": {"comment_permission_type": -1, "approval_comment_type": 0, "comment_sort_type": 0, "ai_play_picture_type": 0}, "pic_num": 4, "can_reprint": false, "new_comment_style": 0}, "readtimetype": "comment", "comment_dynamic_message": {"id": "0", "start_color": "#00FFFFFF", "end_color": "#1AFFFFFF", "start_color_dark": "#003A3A3A", "end_color_dark": "#333A3A3A", "name": {"zh_CN": "默认", "zh_HK": "默認", "en_US": "default"}, "scheme": "https://new.vip.weibo.cn/bubble/mall?showmenu=0&decorateId=0&uid=7525403520", "allow_vip_box_content": "用此评论气泡", "allow_vip_box_icon": "https://h5.sinaimg.cn/upload/100/1720/2022/08/08/icon_VIP_for_comment_bubble.png"}, "match_ai_play_picture": false}