{"created_at": "Sun Dec 11 13:53:37 +0800 2022", "id": 4845488798439884, "rootid": 4845469601634437, "rootidstr": "4845469601634437", "floor_number": 0, "text": "回复@信海云天:必须举报啊", "disable_reply": 0, "restrictOperate": 0, "source_allowclick": 0, "source_type": 4, "source": "<a href=\"\" rel=\"nofollow\">来自江苏</a>", "comment_badge": [{"pic_url": "https://h5.sinaimg.cn/upload/1007/25/2020/03/20/feed_icon_truelove.png", "name": "gold_fans", "length": 1.33, "actionlog": {"act_code": "3671", "ext": "status:fans"}, "scheme": "https://vipclub.weibo.com/goldfans/open?vuid=2099591797&F=privilege_weibo_comment&topnavstyle=1&bconf=3&portrait_only=1"}], "user": {"id": 6113651143, "idstr": "6113651143", "class": 1, "screen_name": "xiao红尘88", "name": "xiao红尘88", "province": "32", "city": "1", "location": "江苏 南京", "description": "", "url": "", "profile_image_url": "https://tvax2.sinaimg.cn/crop.0.0.996.996.50/006FKfWvly8goqd24hqs6j30ro0roabz.jpg?KID=imgbed,tva&Expires=1673959404&ssig=FnOFIxhvek", "light_ring": false, "cover_image_phone": "https://ww1.sinaimg.cn/crop.0.0.640.640.640/549d0121tw1egm1kjly3jj20hs0hsq4f.jpg", "profile_url": "u/6113651143", "domain": "", "weihao": "", "gender": "m", "followers_count": 59, "followers_count_str": "59", "friends_count": 210, "pagefriends_count": 32, "statuses_count": 7052, "video_status_count": 0, "video_play_count": 0, "super_topic_not_syn_count": 1, "favourites_count": 44, "created_at": "Mon Feb 13 10:36:25 +0800 2017", "following": false, "allow_all_act_msg": false, "geo_enabled": true, "verified": false, "verified_type": -1, "remark": "", "insecurity": {"sexual_content": false}, "ptype": 0, "allow_all_comment": true, "avatar_large": "https://tvax2.sinaimg.cn/crop.0.0.996.996.180/006FKfWvly8goqd24hqs6j30ro0roabz.jpg?KID=imgbed,tva&Expires=1673959404&ssig=Q4N8W9nCAf", "avatar_hd": "https://tvax2.sinaimg.cn/crop.0.0.996.996.1024/006FKfWvly8goqd24hqs6j30ro0roabz.jpg?KID=imgbed,tva&Expires=1673959404&ssig=%2FNkYAnxWlF", "verified_reason": "", "verified_trade": "", "verified_reason_url": "", "verified_source": "", "verified_source_url": "", "follow_me": false, "like": false, "like_me": false, "online_status": 0, "bi_followers_count": 37, "lang": "zh-cn", "star": 0, "mbtype": 2, "mbrank": 1, "svip": 0, "mb_expire_time": 1644249599, "block_word": 0, "block_app": 0, "chaohua_ability": 0, "brand_ability": 0, "nft_ability": 0, "vplus_ability": 0, "wenda_ability": 0, "live_ability": 0, "gongyi_ability": 0, "paycolumn_ability": 0, "newbrand_ability": 0, "ecommerce_ability": 0, "hardfan_ability": 0, "wbcolumn_ability": 0, "credit_score": 80, "user_ability": 2097152, "cardid": "star_1522", "avatargj_id": "gj_vip_658", "urank": 9, "story_read_state": -1, "vclub_member": 0, "is_teenager": 0, "is_guardian": 0, "is_teenager_list": 0, "pc_new": 7, "special_follow": false, "planet_video": 2, "video_mark": 2, "live_status": 0, "user_ability_extend": 0, "status_total_counter": {"total_cnt": 114, "repost_cnt": 4, "comment_cnt": 13, "like_cnt": 96, "comment_like_cnt": 1}, "video_total_counter": {"play_cnt": 0}, "brand_account": 0, "hongbaofei": 0, "tab_manage": "[0, 0]", "reward_status": 0, "green_mode": 0, "urisk": 549755813888, "avatar_type": 0}, "mid": "4845488798439884", "idstr": "4845488798439884", "status": {"visible": {"type": 0, "list_id": 0}, "created_at": "Sun Dec 11 12:35:46 +0800 2022", "id": 4845469207105640, "idstr": "4845469207105640", "mid": "4845469207105640", "can_edit": false, "version": 2, "show_additional_indication": 0, "text": "#女子买连花清瘟被捆绑5种药品#，商家看似机灵，营销鬼才，实则无良，搬起石头砸了自己的脚，活该！\n\n捆绑这种营销模式，在生活中非常常见，比如买车的时候，会让你买大礼包[挖鼻][挖鼻]，让消费者头疼不已，明明知道套路所在，却无可奈可，只能忍受。\n\n药品在这个特殊时期，更是大家急需，在这上面动 ​", "textLength": 318, "source_allowclick": 1, "source_type": 2, "source": "<a href=\"http://weibo.com/\" rel=\"nofollow\">微博仅供参考</a>", "favorited": false, "truncated": false, "in_reply_to_status_id": "", "in_reply_to_user_id": "", "in_reply_to_screen_name": "", "pic_urls": [], "geo": null, "is_paid": false, "mblog_vip_type": 0, "user": {"id": 2099591797, "idstr": "2099591797", "class": 1, "screen_name": "鍋盖頭司令", "name": "鍋盖頭司令", "province": "100", "city": "1000", "location": "其他", "description": "专注互联网资讯、科技、消费、汽车、数码、影视等前沿领域探究与观察。【商务合作请加微信664913700】【个人微信siling3907】", "url": "", "profile_image_url": "https://tvax1.sinaimg.cn/crop.0.0.1080.1080.50/002i5FJPly8gxdkm8muzvj60u00u076202.jpg?KID=imgbed,tva&Expires=1673959404&ssig=5BnVbYtkB7", "light_ring": false, "cover_image": "https://wx2.sinaimg.cn/crop.0.0.920.300/7d253a75gy1flm4iytilbj20pk08cnax.jpg", "cover_image_phone": "https://wx2.sinaimg.cn/crop.0.0.640.640.640/002i5FJPly1h7wypu18cyj60u00u0gxg02.jpg;https://wx4.sinaimg.cn/crop.0.0.640.640.640/002i5FJPly1h7wyy7my4wj60u00u0n3u02.jpg", "profile_url": "u/2099591797", "domain": "", "weihao": "", "gender": "m", "followers_count": 8844842, "followers_count_str": "884.5万", "friends_count": 1792, "pagefriends_count": 29, "statuses_count": 32915, "video_status_count": 3890, "video_play_count": 0, "super_topic_not_syn_count": 0, "favourites_count": 5, "created_at": "Fri Apr 22 09:32:12 +0800 2011", "following": false, "allow_all_act_msg": true, "geo_enabled": false, "verified": true, "verified_type": 0, "remark": "", "insecurity": {"sexual_content": false}, "ptype": 0, "allow_all_comment": false, "avatar_large": "https://tvax1.sinaimg.cn/crop.0.0.1080.1080.180/002i5FJPly8gxdkm8muzvj60u00u076202.jpg?KID=imgbed,tva&Expires=1673959404&ssig=7YPlGdnEmi", "avatar_hd": "https://tvax1.sinaimg.cn/crop.0.0.1080.1080.1024/002i5FJPly8gxdkm8muzvj60u00u076202.jpg?KID=imgbed,tva&Expires=1673959404&ssig=doRqzZu%2BTi", "verified_reason": "互联网科技博主 微博原创视频博主 媒体人  本地新势力博主", "verified_trade": "1164", "verified_reason_url": "", "verified_source": "", "verified_source_url": "", "verified_state": 0, "verified_level": 3, "verified_type_ext": 1, "has_service_tel": false, "verified_reason_modified": "", "verified_contact_name": "", "verified_contact_email": "", "verified_contact_mobile": "", "follow_me": false, "like": false, "like_me": false, "online_status": 0, "bi_followers_count": 1455, "lang": "zh-cn", "star": 0, "mbtype": 12, "mbrank": 8, "svip": 1, "mb_expire_time": 1698940800, "block_word": 0, "block_app": 1, "chaohua_ability": 0, "brand_ability": 0, "nft_ability": 0, "vplus_ability": 1, "wenda_ability": 1, "live_ability": 0, "gongyi_ability": 0, "paycolumn_ability": 0, "newbrand_ability": 0, "ecommerce_ability": 0, "hardfan_ability": 1, "wbcolumn_ability": 0, "credit_score": 80, "user_ability": -2135553512, "cardid": "flag_32099591797013585", "avatargj_id": "gj_vip_073", "urank": 44, "story_read_state": -1, "verified_detail": {"custom": 1, "data": [{"key": 2, "sub_key": 0, "weight": 10, "desc": "互联网科技博主", "timestamp": 0}, {"key": 16, "sub_key": 1, "weight": 11, "desc": "微博原创视频博主", "timestamp": 0}, {"key": 1, "sub_key": 0, "weight": 100, "desc": "媒体人  本地新势力博主", "timestamp": 0}]}, "vclub_member": 0, "is_teenager": 0, "is_guardian": 0, "is_teenager_list": 0, "pc_new": 7, "special_follow": false, "planet_video": 2, "video_mark": 15, "live_status": 0, "user_ability_extend": 1, "status_total_counter": {"total_cnt": 22691374, "repost_cnt": 3126550, "comment_cnt": 2242977, "like_cnt": 13162185, "comment_like_cnt": 4159662}, "video_total_counter": {"play_cnt": 431200098}, "brand_account": 0, "hongbaofei": 0, "tab_manage": "[283691415373184, 0]", "reward_status": 0, "green_mode": 0, "urisk": 4294967296, "avatar_type": 0}, "annotations": [{}, {"ann_ext": "ann_ext:search|t:31|q:#女子买连花清瘟被捆绑5种药品#|creator_source:bottomsendweibo|super_exparams=>{\"system_pic_only\":0}"}, {"client_mblogid": "581d3d60-20d9-42c9-ab4a-0b289a65b823"}, {"mapi_request": true}], "reposts_count": 0, "comments_count": 0, "reprint_cmt_count": 0, "attitudes_count": 0, "pending_approval_count": 0, "isLongText": true, "reward_exhibition_type": 0, "hide_flag": 0, "mlevel": 0, "show_mlevel": 0, "biz_ids": [230444], "biz_feature": 4294967304, "page_type": 64, "hasActionTypeCard": 0, "darwin_tags": [], "hot_weibo_tags": [], "text_tag_tips": [], "mblogtype": 0, "userType": 0, "more_info_type": 0, "cardid": "flag_32099591797009405", "number_display_strategy": {"apply_scenario_flag": 3, "display_text_min_number": 1000000, "display_text": "100万+"}, "positive_recom_flag": 0, "content_auth": 0, "gif_ids": "", "is_show_bulletin": 2, "comment_manage_info": {"comment_permission_type": -1, "approval_comment_type": 0, "comment_sort_type": 0, "ai_play_picture_type": 0}, "pic_num": 0, "fid": 4845469036708153, "can_reprint": false, "new_comment_style": 0}, "reply_comment": {"created_at": "Sun Dec 11 12:37:20 +0800 2022", "id": 4845469601634437, "rootid": 4845469601634437, "rootidstr": "4845469601634437", "floor_number": 8, "text": "遇到这样的药店，大家一定要举报，还有乱涨价的药品。", "disable_reply": 0, "restrictOperate": 0, "user": {"id": 1048027274, "idstr": "1048027274", "class": 1, "screen_name": "信海云天", "name": "信海云天", "province": "21", "city": "4", "location": "辽宁 抚顺", "description": "无羁无绊，快乐每一天。", "url": "", "profile_image_url": "https://tvax4.sinaimg.cn/crop.0.0.640.640.50/3e77a08aly8h0o8lkuod9j20hs0hs760.jpg?KID=imgbed,tva&Expires=1673959404&ssig=oiJEQK%2ByK9", "light_ring": false, "cover_image_phone": "https://ww1.sinaimg.cn/crop.0.0.640.640.640/549d0121tw1egm1kjly3jj20hs0hsq4f.jpg", "profile_url": "u/1048027274", "domain": "", "weihao": "", "gender": "m", "followers_count": 646, "followers_count_str": "646", "friends_count": 1388, "pagefriends_count": 25, "statuses_count": 31295, "video_status_count": 87, "video_play_count": 0, "super_topic_not_syn_count": 70, "favourites_count": 1, "created_at": "Sat Dec 24 22:04:15 +0800 2011", "following": false, "allow_all_act_msg": false, "geo_enabled": true, "verified": true, "verified_type": 0, "remark": "", "insecurity": {"sexual_content": false}, "ptype": 0, "allow_all_comment": true, "avatar_large": "https://tvax4.sinaimg.cn/crop.0.0.640.640.180/3e77a08aly8h0o8lkuod9j20hs0hs760.jpg?KID=imgbed,tva&Expires=1673959404&ssig=RuqvaxVKif", "avatar_hd": "https://tvax4.sinaimg.cn/crop.0.0.640.640.1024/3e77a08aly8h0o8lkuod9j20hs0hs760.jpg?KID=imgbed,tva&Expires=1673959404&ssig=uOaOiZ5jYN", "verified_reason": "微博剪辑视频博主", "verified_trade": "", "verified_reason_url": "", "verified_source": "", "verified_source_url": "", "verified_state": 0, "verified_level": 3, "verified_type_ext": 0, "has_service_tel": false, "verified_reason_modified": "", "verified_contact_name": "", "verified_contact_email": "", "verified_contact_mobile": "", "follow_me": false, "like": false, "like_me": false, "online_status": 0, "bi_followers_count": 569, "lang": "zh-cn", "star": 0, "mbtype": 12, "mbrank": 3, "svip": 0, "mb_expire_time": 1696953600, "block_word": 0, "block_app": 1, "credit_score": 80, "user_ability": 2359296, "cardid": "star_1638", "avatargj_id": "gj_vip_798", "urank": 21, "story_read_state": -1, "verified_detail": {"custom": 0, "data": [{"key": 16, "sub_key": 4, "weight": 103, "desc": "微博剪辑视频博主", "timestamp": 1672971865}]}, "vclub_member": 0, "is_teenager": 0, "is_guardian": 0, "is_teenager_list": 0, "pc_new": 0, "special_follow": false, "planet_video": 0, "video_mark": 0, "live_status": 0, "user_ability_extend": 0, "status_total_counter": {"total_cnt": 1884, "repost_cnt": 237, "comment_cnt": 295, "like_cnt": 1290, "comment_like_cnt": 62}, "video_total_counter": {"play_cnt": 9632}, "brand_account": 0, "hongbaofei": 0, "tab_manage": "[0, 0]", "green_mode": 0, "mb_like_privilege": {"like_id": "0071_196", "like_desc": ""}, "urisk": 0, "block": 0, "block_me": 0, "avatar_type": 0}, "mid": "4845469601634437", "idstr": "4845469601634437", "match_ai_play_picture": false}, "reply_original_text": "必须举报啊", "readtimetype": "comment", "match_ai_play_picture": false}