{"created_at": "Wed Sep 14 19:30:01 +0800 2022", "id": 4813683328550281, "rootid": 4813683328550281, "rootidstr": "4813683328550281", "floor_number": 52, "text": "在俄罗斯发现的就是美国人干的", "disable_reply": 0, "restrictOperate": 0, "source_allowclick": 0, "source_type": 4, "source": "<a href=\"\" rel=\"nofollow\">来自北京</a>", "user": {"id": 1162377152, "idstr": "1162377152", "class": 1, "screen_name": "一百万就好", "name": "一百万就好", "province": "11", "city": "2", "location": "北京 西城区", "description": "", "url": "http://blog.sina.com.cn/mobile1162377152", "profile_image_url": "https://tva1.sinaimg.cn/crop.0.0.180.180.50/454877c0jw1e8qgp5bmzyj2050050aa8.jpg?KID=imgbed,tva&Expires=1674069596&ssig=G5Kru8s1ol", "light_ring": false, "cover_image_phone": "https://ww1.sinaimg.cn/crop.0.0.640.640.640/549d0121tw1egm1kjly3jj20hs0hsq4f.jpg", "profile_url": "u/1162377152", "domain": "", "weihao": "", "gender": "m", "followers_count": 109, "followers_count_str": "109", "friends_count": 6121, "pagefriends_count": 144, "statuses_count": 994, "video_status_count": 0, "video_play_count": 0, "super_topic_not_syn_count": 0, "favourites_count": 29, "created_at": "Mon Dec 20 23:28:25 +0800 2010", "following": false, "allow_all_act_msg": false, "geo_enabled": true, "verified": false, "verified_type": -1, "remark": "", "insecurity": {"sexual_content": false}, "ptype": 0, "allow_all_comment": true, "avatar_large": "https://tva1.sinaimg.cn/crop.0.0.180.180.180/454877c0jw1e8qgp5bmzyj2050050aa8.jpg?KID=imgbed,tva&Expires=1674069596&ssig=4Lo6CRx%2BFN", "avatar_hd": "https://tva1.sinaimg.cn/crop.0.0.180.180.1024/454877c0jw1e8qgp5bmzyj2050050aa8.jpg?KID=imgbed,tva&Expires=1674069596&ssig=N35lXEqbfj", "verified_reason": "", "verified_trade": "", "verified_reason_url": "", "verified_source": "", "verified_source_url": "", "follow_me": false, "like": false, "like_me": false, "online_status": 0, "bi_followers_count": 23, "lang": "zh-cn", "star": 0, "mbtype": 12, "mbrank": 4, "svip": 0, "mb_expire_time": 1685289600, "block_word": 0, "block_app": 1, "chaohua_ability": 0, "brand_ability": 0, "nft_ability": 0, "vplus_ability": 0, "wenda_ability": 0, "live_ability": 0, "gongyi_ability": 0, "paycolumn_ability": 0, "newbrand_ability": 0, "ecommerce_ability": 0, "hardfan_ability": 0, "wbcolumn_ability": 0, "credit_score": 80, "user_ability": -2145120256, "cardid": "star_1650", "avatargj_id": "gj_vip_807", "urank": 23, "story_read_state": -1, "vclub_member": 0, "is_teenager": 0, "is_guardian": 0, "is_teenager_list": 0, "pc_new": 0, "special_follow": false, "planet_video": 0, "video_mark": 0, "live_status": 0, "user_ability_extend": 0, "status_total_counter": {"total_cnt": 86, "repost_cnt": 16, "comment_cnt": 35, "like_cnt": 35, "comment_like_cnt": 0}, "video_total_counter": {"play_cnt": -1}, "brand_account": 0, "hongbaofei": 0, "tab_manage": "[0, 0]", "reward_status": 0, "green_mode": 0, "urisk": 0, "unfollowing_recom_switch": 1, "avatar_type": 0}, "mid": "4813683328550281", "idstr": "4813683328550281", "status": {"visible": {"type": 0, "list_id": 0}, "created_at": "Tue Sep 13 22:16:55 +0800 2022", "id": 4813362939301527, "idstr": "4813362939301527", "mid": "4813362939301527", "can_edit": false, "version": 2, "show_additional_indication": 0, "text": "带有编号的蚊子，细思极恐！ http://t.cn/A6SnqjM0 ​", "textLength": 47, "source_allowclick": 1, "source_type": 2, "source": "", "favorited": false, "truncated": false, "in_reply_to_status_id": "", "in_reply_to_user_id": "", "in_reply_to_screen_name": "", "pic_urls": [], "geo": null, "is_paid": false, "mblog_vip_type": 0, "user": {"id": 7004852653, "idstr": "7004852653", "class": 1, "screen_name": "老专员", "name": "老专员", "province": "400", "city": "1000", "location": "海外", "description": "分享一些有趣的事儿", "url": "", "profile_image_url": "https://tvax4.sinaimg.cn/crop.0.0.1002.1002.50/007E3Eaply8gw9ayzqzt2j30ru0rut9y.jpg?KID=imgbed,tva&Expires=1674069596&ssig=Tafln3R5MG", "light_ring": false, "cover_image_phone": "https://wx4.sinaimg.cn/crop.0.0.640.640.640/92b7a442gy1h4ikt8epw1j20u00u0tak.jpg;https://wx2.sinaimg.cn/crop.0.0.640.640.640/007E3Eaply1h0x3bdo4mgj30dw0dw3za.jpg", "profile_url": "u/7004852653", "domain": "", "weihao": "", "gender": "m", "followers_count": 180692, "followers_count_str": "18.1万", "friends_count": 197, "pagefriends_count": 0, "statuses_count": 23602, "video_status_count": 21035, "video_play_count": 0, "super_topic_not_syn_count": 0, "favourites_count": 0, "created_at": "Thu Feb 21 14:21:30 +0800 2019", "following": false, "allow_all_act_msg": false, "geo_enabled": true, "verified": false, "verified_type": -1, "remark": "", "insecurity": {"sexual_content": false}, "ptype": 0, "allow_all_comment": true, "avatar_large": "https://tvax4.sinaimg.cn/crop.0.0.1002.1002.180/007E3Eaply8gw9ayzqzt2j30ru0rut9y.jpg?KID=imgbed,tva&Expires=1674069596&ssig=epQyaHH5HJ", "avatar_hd": "https://tvax4.sinaimg.cn/crop.0.0.1002.1002.1024/007E3Eaply8gw9ayzqzt2j30ru0rut9y.jpg?KID=imgbed,tva&Expires=1674069596&ssig=s2M8EzFhlz", "verified_reason": "", "verified_trade": "", "verified_reason_url": "", "verified_source": "", "verified_source_url": "", "follow_me": false, "like": false, "like_me": false, "online_status": 0, "bi_followers_count": 65, "lang": "zh-cn", "star": 0, "mbtype": 12, "mbrank": 6, "svip": 0, "mb_expire_time": 1703692800, "block_word": 0, "block_app": 1, "chaohua_ability": 0, "brand_ability": 0, "nft_ability": 0, "vplus_ability": 3, "wenda_ability": 5, "live_ability": 0, "gongyi_ability": 0, "paycolumn_ability": 0, "newbrand_ability": 0, "ecommerce_ability": 0, "hardfan_ability": 0, "wbcolumn_ability": 0, "credit_score": 80, "user_ability": -2143942136, "cardid": "star_058", "urank": 9, "story_read_state": -1, "vclub_member": 0, "is_teenager": 0, "is_guardian": 0, "is_teenager_list": 0, "pc_new": 7, "special_follow": false, "planet_video": 2, "video_mark": 15, "live_status": 0, "user_ability_extend": 0, "status_total_counter": {"total_cnt": 2377999, "repost_cnt": 178609, "comment_cnt": 241767, "like_cnt": 922787, "comment_like_cnt": 1034836}, "video_total_counter": {"play_cnt": 501526994}, "brand_account": 0, "hongbaofei": 0, "tab_manage": "[0, 0]", "reward_status": 0, "green_mode": 0, "urisk": 0, "unfollowing_recom_switch": 1, "avatar_type": 0}, "annotations": [{}, {}, {"client_mblogid": "fc36745f-e965-4765-8bc4-f6203b0cb3b2"}, {"mapi_request": true}], "reposts_count": 0, "comments_count": 0, "reprint_cmt_count": 0, "attitudes_count": 0, "pending_approval_count": 0, "isLongText": false, "reward_exhibition_type": 0, "hide_flag": 0, "mlevel": 128, "show_mlevel": 0, "biz_ids": [230444], "biz_feature": 4294967304, "hasActionTypeCard": 0, "darwin_tags": [], "hot_weibo_tags": [], "text_tag_tips": [], "mblogtype": 0, "userType": 0, "mlevelSource": "monitor", "more_info_type": 0, "cardid": "star_058", "number_display_strategy": {"apply_scenario_flag": 3, "display_text_min_number": 1000000, "display_text": "100万+"}, "positive_recom_flag": 0, "content_auth": 0, "gif_ids": "", "is_show_bulletin": 2, "comment_manage_info": {"comment_permission_type": -1, "approval_comment_type": 0, "comment_sort_type": 0, "ai_play_picture_type": 0}, "pic_num": 0, "fid": 4813362767855927, "can_reprint": false, "new_comment_style": 0}, "readtimetype": "comment", "sync_id": 4813362767855927, "sync_uuid": 4813362767855927, "sync_generate_level": 1, "match_ai_play_picture": false}