{"created_at": "Wed Sep 14 22:02:20 +0800 2022", "id": 4813721656366708, "rootid": 4813659244597270, "rootidstr": "4813659244597270", "floor_number": 0, "text": "回复@不会说话的小东西:真的假的", "disable_reply": 0, "restrictOperate": 0, "source_allowclick": 0, "source_type": 4, "source": "<a href=\"\" rel=\"nofollow\">来自河北</a>", "user": {"id": 7492282007, "idstr": "7492282007", "class": 1, "screen_name": "Uydlogiyf", "name": "Uydlogiyf", "province": "100", "city": "1000", "location": "其他", "description": "", "url": "", "profile_image_url": "https://tvax2.sinaimg.cn/crop.0.0.1080.1080.50/008b2QObly8h4jbojkkzyj30u00u0q68.jpg?KID=imgbed,tva&Expires=1674069596&ssig=LtAWR9tUDb", "light_ring": false, "cover_image_phone": "https://ww1.sinaimg.cn/crop.0.0.640.640.640/549d0121tw1egm1kjly3jj20hs0hsq4f.jpg", "profile_url": "u/7492282007", "domain": "", "weihao": "", "gender": "f", "followers_count": 2, "followers_count_str": "2", "friends_count": 45, "pagefriends_count": 8, "statuses_count": 2, "video_status_count": 0, "video_play_count": 0, "super_topic_not_syn_count": 2, "favourites_count": 0, "created_at": "Mon Aug 17 20:42:16 +0800 2020", "following": false, "allow_all_act_msg": false, "geo_enabled": true, "verified": false, "verified_type": -1, "remark": "", "insecurity": {"sexual_content": false}, "ptype": 0, "allow_all_comment": true, "avatar_large": "https://tvax2.sinaimg.cn/crop.0.0.1080.1080.180/008b2QObly8h4jbojkkzyj30u00u0q68.jpg?KID=imgbed,tva&Expires=1674069596&ssig=IE%2FREDckZS", "avatar_hd": "https://tvax2.sinaimg.cn/crop.0.0.1080.1080.1024/008b2QObly8h4jbojkkzyj30u00u0q68.jpg?KID=imgbed,tva&Expires=1674069596&ssig=p4b5xACg7C", "verified_reason": "", "verified_trade": "", "verified_reason_url": "", "verified_source": "", "verified_source_url": "", "follow_me": false, "like": false, "like_me": false, "online_status": 0, "bi_followers_count": 2, "lang": "zh-cn", "star": 0, "mbtype": 0, "mbrank": 0, "svip": 0, "mb_expire_time": 0, "block_word": 0, "block_app": 0, "chaohua_ability": 0, "brand_ability": 0, "nft_ability": 0, "vplus_ability": 0, "wenda_ability": 0, "live_ability": 0, "gongyi_ability": 0, "paycolumn_ability": 0, "newbrand_ability": 0, "ecommerce_ability": 0, "hardfan_ability": 0, "wbcolumn_ability": 0, "credit_score": 80, "user_ability": 2097152, "urank": 0, "story_read_state": -1, "vclub_member": 0, "is_teenager": 0, "is_guardian": 0, "is_teenager_list": 0, "pc_new": 0, "special_follow": false, "planet_video": 0, "video_mark": 0, "live_status": 0, "user_ability_extend": 0, "status_total_counter": {"total_cnt": 0, "repost_cnt": 0, "comment_cnt": 0, "like_cnt": 0, "comment_like_cnt": 0}, "video_total_counter": {"play_cnt": -1}, "brand_account": 0, "hongbaofei": 0, "tab_manage": "[0, 0]", "reward_status": 0, "green_mode": 0, "urisk": 17179869184, "unfollowing_recom_switch": 1, "avatar_type": 0}, "mid": "4813721656366708", "idstr": "4813721656366708", "status": {"visible": {"type": 0, "list_id": 0}, "created_at": "Tue Sep 13 22:16:55 +0800 2022", "id": 4813362939301527, "idstr": "4813362939301527", "mid": "4813362939301527", "can_edit": false, "version": 2, "show_additional_indication": 0, "text": "带有编号的蚊子，细思极恐！ http://t.cn/A6SnqjM0 ​", "textLength": 47, "source_allowclick": 1, "source_type": 2, "source": "", "favorited": false, "truncated": false, "in_reply_to_status_id": "", "in_reply_to_user_id": "", "in_reply_to_screen_name": "", "pic_urls": [], "geo": null, "is_paid": false, "mblog_vip_type": 0, "user": {"id": 7004852653, "idstr": "7004852653", "class": 1, "screen_name": "老专员", "name": "老专员", "province": "400", "city": "1000", "location": "海外", "description": "分享一些有趣的事儿", "url": "", "profile_image_url": "https://tvax4.sinaimg.cn/crop.0.0.1002.1002.50/007E3Eaply8gw9ayzqzt2j30ru0rut9y.jpg?KID=imgbed,tva&Expires=1674069596&ssig=Tafln3R5MG", "light_ring": false, "cover_image_phone": "https://wx4.sinaimg.cn/crop.0.0.640.640.640/92b7a442gy1h4ikt8epw1j20u00u0tak.jpg;https://wx2.sinaimg.cn/crop.0.0.640.640.640/007E3Eaply1h0x3bdo4mgj30dw0dw3za.jpg", "profile_url": "u/7004852653", "domain": "", "weihao": "", "gender": "m", "followers_count": 180692, "followers_count_str": "18.1万", "friends_count": 197, "pagefriends_count": 0, "statuses_count": 23602, "video_status_count": 21035, "video_play_count": 0, "super_topic_not_syn_count": 0, "favourites_count": 0, "created_at": "Thu Feb 21 14:21:30 +0800 2019", "following": false, "allow_all_act_msg": false, "geo_enabled": true, "verified": false, "verified_type": -1, "remark": "", "insecurity": {"sexual_content": false}, "ptype": 0, "allow_all_comment": true, "avatar_large": "https://tvax4.sinaimg.cn/crop.0.0.1002.1002.180/007E3Eaply8gw9ayzqzt2j30ru0rut9y.jpg?KID=imgbed,tva&Expires=1674069596&ssig=epQyaHH5HJ", "avatar_hd": "https://tvax4.sinaimg.cn/crop.0.0.1002.1002.1024/007E3Eaply8gw9ayzqzt2j30ru0rut9y.jpg?KID=imgbed,tva&Expires=1674069596&ssig=s2M8EzFhlz", "verified_reason": "", "verified_trade": "", "verified_reason_url": "", "verified_source": "", "verified_source_url": "", "follow_me": false, "like": false, "like_me": false, "online_status": 0, "bi_followers_count": 65, "lang": "zh-cn", "star": 0, "mbtype": 12, "mbrank": 6, "svip": 0, "mb_expire_time": 1703692800, "block_word": 0, "block_app": 1, "chaohua_ability": 0, "brand_ability": 0, "nft_ability": 0, "vplus_ability": 3, "wenda_ability": 5, "live_ability": 0, "gongyi_ability": 0, "paycolumn_ability": 0, "newbrand_ability": 0, "ecommerce_ability": 0, "hardfan_ability": 0, "wbcolumn_ability": 0, "credit_score": 80, "user_ability": -2143942136, "cardid": "star_058", "urank": 9, "story_read_state": -1, "vclub_member": 0, "is_teenager": 0, "is_guardian": 0, "is_teenager_list": 0, "pc_new": 7, "special_follow": false, "planet_video": 2, "video_mark": 15, "live_status": 0, "user_ability_extend": 0, "status_total_counter": {"total_cnt": 2377999, "repost_cnt": 178609, "comment_cnt": 241767, "like_cnt": 922787, "comment_like_cnt": 1034836}, "video_total_counter": {"play_cnt": 501526994}, "brand_account": 0, "hongbaofei": 0, "tab_manage": "[0, 0]", "reward_status": 0, "green_mode": 0, "urisk": 0, "unfollowing_recom_switch": 1, "avatar_type": 0}, "annotations": [{}, {}, {"client_mblogid": "fc36745f-e965-4765-8bc4-f6203b0cb3b2"}, {"mapi_request": true}], "reposts_count": 0, "comments_count": 0, "reprint_cmt_count": 0, "attitudes_count": 0, "pending_approval_count": 0, "isLongText": false, "reward_exhibition_type": 0, "hide_flag": 0, "mlevel": 128, "show_mlevel": 0, "biz_ids": [230444], "biz_feature": 4294967304, "hasActionTypeCard": 0, "darwin_tags": [], "hot_weibo_tags": [], "text_tag_tips": [], "mblogtype": 0, "userType": 0, "mlevelSource": "monitor", "more_info_type": 0, "cardid": "star_058", "number_display_strategy": {"apply_scenario_flag": 3, "display_text_min_number": 1000000, "display_text": "100万+"}, "positive_recom_flag": 0, "content_auth": 0, "gif_ids": "", "is_show_bulletin": 2, "comment_manage_info": {"comment_permission_type": -1, "approval_comment_type": 0, "comment_sort_type": 0, "ai_play_picture_type": 0}, "pic_num": 0, "fid": 4813362767855927, "can_reprint": false, "new_comment_style": 0}, "reply_comment": {"created_at": "Wed Sep 14 17:54:20 +0800 2022", "id": 4813659244597270, "rootid": 4813659244597270, "rootidstr": "4813659244597270", "floor_number": 49, "text": "@Uydlogiyf", "disable_reply": 0, "restrictOperate": 0, "user": {"id": 6599548565, "idstr": "6599548565", "class": 1, "screen_name": "不会说话的小东西", "name": "不会说话的小东西", "province": "100", "city": "1000", "location": "其他", "description": "zjx的头号粉丝！", "url": "", "profile_image_url": "https://tvax3.sinaimg.cn/crop.0.0.1002.1002.50/007cD23Hly8fww4klw3gfj30ru0rutah.jpg?KID=imgbed,tva&Expires=1674069596&ssig=zjtolWuOIE", "light_ring": false, "cover_image_phone": "https://ww1.sinaimg.cn/crop.0.0.640.640.640/549d0121tw1egm1kjly3jj20hs0hsq4f.jpg", "profile_url": "u/6599548565", "domain": "", "weihao": "", "gender": "m", "followers_count": 14, "followers_count_str": "14", "friends_count": 43, "pagefriends_count": 6, "statuses_count": 3, "video_status_count": 0, "video_play_count": 0, "super_topic_not_syn_count": 0, "favourites_count": 25, "created_at": "Fri Jul 13 20:54:28 +0800 2018", "following": false, "allow_all_act_msg": false, "geo_enabled": true, "verified": false, "verified_type": -1, "remark": "", "insecurity": {"sexual_content": false}, "ptype": 0, "allow_all_comment": true, "avatar_large": "https://tvax3.sinaimg.cn/crop.0.0.1002.1002.180/007cD23Hly8fww4klw3gfj30ru0rutah.jpg?KID=imgbed,tva&Expires=1674069596&ssig=RegXC2dUaK", "avatar_hd": "https://tvax3.sinaimg.cn/crop.0.0.1002.1002.1024/007cD23Hly8fww4klw3gfj30ru0rutah.jpg?KID=imgbed,tva&Expires=1674069596&ssig=pfvggaJb7G", "verified_reason": "", "verified_trade": "", "verified_reason_url": "", "verified_source": "", "verified_source_url": "", "follow_me": false, "like": false, "like_me": false, "online_status": 0, "bi_followers_count": 2, "lang": "zh-cn", "star": 0, "mbtype": 0, "mbrank": 0, "svip": 0, "mb_expire_time": 0, "block_word": 0, "block_app": 0, "chaohua_ability": 0, "brand_ability": 0, "nft_ability": 0, "vplus_ability": 0, "wenda_ability": 0, "live_ability": 0, "gongyi_ability": 0, "paycolumn_ability": 0, "newbrand_ability": 0, "ecommerce_ability": 0, "hardfan_ability": 0, "wbcolumn_ability": 0, "credit_score": 80, "user_ability": 2097152, "urank": 4, "story_read_state": -1, "vclub_member": 0, "is_teenager": 0, "is_guardian": 0, "is_teenager_list": 0, "pc_new": 7, "special_follow": false, "planet_video": 0, "video_mark": 0, "live_status": 0, "user_ability_extend": 0, "status_total_counter": {"total_cnt": 2, "repost_cnt": 0, "comment_cnt": 1, "like_cnt": 1, "comment_like_cnt": 0}, "video_total_counter": {"play_cnt": -1}, "brand_account": 0, "hongbaofei": 0, "tab_manage": "[0, 0]", "reward_status": 0, "green_mode": 0, "urisk": 17179869184, "unfollowing_recom_switch": 1, "avatar_type": 0}, "mid": "4813659244597270", "idstr": "4813659244597270", "match_ai_play_picture": false}, "reply_original_text": "真的假的", "readtimetype": "comment", "match_ai_play_picture": false}