{"created_at": "Sun Jan 08 22:19:17 +0800 2023", "id": 4855762914118444, "rootid": 4855762914118444, "rootidstr": "4855762914118444", "floor_number": 669, "text": "[蜡烛][蜡烛][蜡烛]", "disable_reply": 0, "restrictOperate": 0, "source_allowclick": 0, "source_type": 4, "source": "<a href=\"\" rel=\"nofollow\">来自黑龙江</a>", "user": {"id": 6268348832, "idstr": "6268348832", "class": 1, "screen_name": "冬无眠-", "name": "冬无眠-", "province": "50", "city": "1000", "location": "重庆", "description": "嗯嗯嗯", "url": "", "profile_image_url": "https://tvax2.sinaimg.cn/crop.0.0.1080.1080.50/006QdlSwly8ha5jwulsoej30u00u0q6b.jpg?KID=imgbed,tva&Expires=1674058585&ssig=2vC%2BoRpf2G", "light_ring": false, "cover_image_phone": "https://wx2.sinaimg.cn/crop.0.0.640.640.640/006QdlSwly1h7thc3c7e0j30u00u00sn.jpg", "profile_url": "u/6268348832", "domain": "", "weihao": "", "gender": "f", "followers_count": 10300, "followers_count_str": "1万", "friends_count": 652, "pagefriends_count": 24, "statuses_count": 2786, "video_status_count": 8, "video_play_count": 0, "super_topic_not_syn_count": 0, "favourites_count": 27, "created_at": "Wed Jun 07 19:43:53 +0800 2017", "following": false, "allow_all_act_msg": false, "geo_enabled": true, "verified": true, "verified_type": 0, "remark": "", "insecurity": {"sexual_content": false}, "ptype": 0, "allow_all_comment": true, "avatar_large": "https://tvax2.sinaimg.cn/crop.0.0.1080.1080.180/006QdlSwly8ha5jwulsoej30u00u0q6b.jpg?KID=imgbed,tva&Expires=1674058585&ssig=uoIQPHV9xU", "avatar_hd": "https://tvax2.sinaimg.cn/crop.0.0.1080.1080.1024/006QdlSwly8ha5jwulsoej30u00u0q6b.jpg?KID=imgbed,tva&Expires=1674058585&ssig=GpvYBoSywM", "verified_reason": "娱乐博主 超话创作官（张泽禹超话）", "verified_trade": "", "verified_reason_url": "", "verified_source": "", "verified_source_url": "", "verified_state": 0, "verified_level": 3, "verified_type_ext": 0, "has_service_tel": false, "verified_reason_modified": "", "verified_contact_name": "", "verified_contact_email": "", "verified_contact_mobile": "", "follow_me": false, "like": false, "like_me": false, "online_status": 0, "bi_followers_count": 691, "lang": "zh-cn", "star": 0, "mbtype": 12, "mbrank": 3, "svip": 0, "mb_expire_time": 1709481600, "block_word": 0, "block_app": 1, "chaohua_ability": 0, "brand_ability": 0, "nft_ability": 0, "vplus_ability": 3, "wenda_ability": 0, "live_ability": 0, "gongyi_ability": 0, "paycolumn_ability": 0, "newbrand_ability": 0, "ecommerce_ability": 0, "hardfan_ability": 1, "wbcolumn_ability": 0, "credit_score": 80, "user_ability": 2490376, "cardid": "raresvip_0031000823", "avatargj_id": "gj_raresvip_0031000823", "urank": 4, "story_read_state": -1, "verified_detail": {"custom": 0, "data": [{"key": 8, "sub_key": 0, "weight": 102, "desc": "超话创作官（张泽禹超话）", "timestamp": 0}, {"key": 2, "sub_key": 0, "weight": 101, "desc": "娱乐博主", "timestamp": 0}]}, "vclub_member": 0, "is_teenager": 0, "is_guardian": 0, "is_teenager_list": 0, "pc_new": 0, "special_follow": false, "planet_video": 2, "video_mark": 0, "live_status": 0, "user_ability_extend": 1, "status_total_counter": {"total_cnt": 4041087, "repost_cnt": 4027334, "comment_cnt": 6292, "like_cnt": 3446, "comment_like_cnt": 4015}, "video_total_counter": {"play_cnt": 4451}, "brand_account": 0, "hongbaofei": 0, "tab_manage": "[16912010, 0]", "reward_status": 0, "green_mode": 0, "mb_like_privilege": {"like_id": "0016", "like_desc": "泽禹妈咪收到点赞啦"}, "urisk": 0, "unfollowing_recom_switch": 1, "avatar_type": 0, "skin_profile_element": "000020", "skin_cover_poster": "000020", "skin_cover_image": "000020"}, "mid": "4855762914118444", "idstr": "4855762914118444", "status": {"visible": {"type": 0, "list_id": 0}, "created_at": "Sat Jan 07 08:03:17 +0800 2023", "id": 4855185107847154, "idstr": "4855185107847154", "mid": "4855185107847154", "can_edit": false, "show_additional_indication": 0, "text": "#南京大屠杀在册幸存者仅剩48人#\n\n送别[菊花][蜡烛]昨天下午，南京大屠杀幸存者郭林大在家中离世，终年93岁。 ​", "textLength": 102, "source_allowclick": 0, "source_type": 2, "source": "<a href=\"http://weibo.com/\" rel=\"nofollow\">很哇塞的博主</a>", "favorited": false, "truncated": false, "in_reply_to_status_id": "", "in_reply_to_user_id": "", "in_reply_to_screen_name": "", "pic_urls": [{"thumbnail_pic": "http://wx1.sinaimg.cn/thumbnail/005N9GuZly1h9urf2dcftj315a1kqqq1.jpg"}], "thumbnail_pic": "http://wx1.sinaimg.cn/thumbnail/005N9GuZly1h9urf2dcftj315a1kqqq1.jpg", "bmiddle_pic": "http://wx1.sinaimg.cn/bmiddle/005N9GuZly1h9urf2dcftj315a1kqqq1.jpg", "original_pic": "http://wx1.sinaimg.cn/large/005N9GuZly1h9urf2dcftj315a1kqqq1.jpg", "geo": null, "is_paid": false, "mblog_vip_type": 0, "user": {"id": 5307012945, "idstr": "5307012945", "class": 1, "screen_name": "-四分三十三秒-", "name": "-四分三十三秒-", "province": "37", "city": "1000", "location": "山东", "description": "就想当个最接地气的正能量博主。  商务合作私信。", "url": "", "profile_image_url": "https://tvax3.sinaimg.cn/crop.0.0.1080.1080.50/005N9GuZly8gt1shrxmwmj30u00u075l.jpg?KID=imgbed,tva&Expires=1674058585&ssig=Q5DbB%2BA3kz", "light_ring": false, "cover_image_phone": "https://wx1.sinaimg.cn/crop.0.0.640.640.640/005N9GuZly1h5q3d2c91wj30u00u0acr.jpg", "profile_url": "u/5307012945", "domain": "", "weihao": "", "gender": "m", "followers_count": 7431670, "followers_count_str": "743.2万", "friends_count": 784, "pagefriends_count": 34, "statuses_count": 45535, "video_status_count": 14100, "video_play_count": 0, "super_topic_not_syn_count": 0, "favourites_count": 12, "created_at": "Fri Sep 26 16:53:19 +0800 2014", "following": false, "allow_all_act_msg": false, "geo_enabled": true, "verified": true, "verified_type": 0, "remark": "", "insecurity": {"sexual_content": false}, "ptype": 0, "allow_all_comment": true, "avatar_large": "https://tvax3.sinaimg.cn/crop.0.0.1080.1080.180/005N9GuZly8gt1shrxmwmj30u00u075l.jpg?KID=imgbed,tva&Expires=1674058585&ssig=zU6yuDfY7S", "avatar_hd": "https://tvax3.sinaimg.cn/crop.0.0.1080.1080.1024/005N9GuZly8gt1shrxmwmj30u00u075l.jpg?KID=imgbed,tva&Expires=1674058585&ssig=hPs2yGkFmh", "verified_reason": "知名军事博主  退役军人  2022年辰星计划博主 微博原创视频博主", "verified_trade": "1809", "verified_reason_url": "", "verified_source": "", "verified_source_url": "", "verified_state": 0, "verified_level": 3, "verified_type_ext": 1, "has_service_tel": false, "verified_reason_modified": "", "verified_contact_name": "", "verified_contact_email": "", "verified_contact_mobile": "", "follow_me": false, "like": false, "like_me": false, "online_status": 0, "bi_followers_count": 675, "lang": "zh-cn", "star": 0, "mbtype": 12, "mbrank": 8, "svip": 1, "mb_expire_time": 1698940800, "block_word": 0, "block_app": 1, "chaohua_ability": 0, "brand_ability": 0, "nft_ability": 0, "vplus_ability": 1, "wenda_ability": 0, "live_ability": 0, "gongyi_ability": 0, "paycolumn_ability": 0, "newbrand_ability": 0, "ecommerce_ability": 0, "hardfan_ability": 1, "wbcolumn_ability": 0, "ability_tags": "军旅,武器装备", "credit_score": 80, "user_ability": -2135553508, "cardid": "star_1624", "avatargj_id": "gj_vip_027", "urank": 47, "story_read_state": -1, "verified_detail": {"custom": 1, "data": [{"key": 1, "sub_key": 0, "weight": 10, "desc": "知名军事博主  退役军人  2022年辰星计划博主", "timestamp": 0}, {"key": 2, "sub_key": 0, "weight": 0, "desc": "知名军事博主", "timestamp": 0}, {"key": 16, "sub_key": 1, "weight": 11, "desc": "微博原创视频博主", "timestamp": 0}]}, "vclub_member": 0, "is_teenager": 0, "is_guardian": 0, "is_teenager_list": 0, "pc_new": 6, "special_follow": false, "planet_video": 2, "video_mark": 15, "live_status": 0, "user_ability_extend": 0, "status_total_counter": {"total_cnt": 31750482, "repost_cnt": 2468174, "comment_cnt": 2297344, "like_cnt": 19802228, "comment_like_cnt": 7182736}, "video_total_counter": {"play_cnt": 1095124512}, "brand_account": 0, "hongbaofei": 0, "tab_manage": "[0, 0]", "reward_status": 0, "green_mode": 0, "mb_like_privilege": {"like_id": "0012", "like_desc": "秒叔在此谢过！"}, "urisk": 0, "unfollowing_recom_switch": 1, "avatar_type": 0}, "annotations": [{"photo_sub_type": "0"}, {"ann_ext": "ann_ext:search|t:31|q:#南京大屠杀在册幸存者仅剩48人#|creator_source:bottomsendweibo"}, {"client_mblogid": "iPhone-EAD323E9-87D3-46B1-AB49-ADC7AEF75161"}, {"mapi_request": true}], "picStatus": "0:1", "reposts_count": 0, "comments_count": 0, "reprint_cmt_count": 0, "attitudes_count": 0, "pending_approval_count": 0, "isLongText": false, "reward_exhibition_type": 0, "hide_flag": 0, "mlevel": 0, "show_mlevel": 0, "biz_feature": 4294967300, "page_type": 64, "hasActionTypeCard": 0, "darwin_tags": [], "hot_weibo_tags": [], "text_tag_tips": [], "mblogtype": 0, "userType": 0, "more_info_type": 0, "cardid": "star_1624", "number_display_strategy": {"apply_scenario_flag": 3, "display_text_min_number": 1000000, "display_text": "100万+"}, "positive_recom_flag": 0, "content_auth": 0, "gif_ids": "", "is_show_bulletin": 2, "comment_manage_info": {"comment_permission_type": -1, "approval_comment_type": 0, "comment_sort_type": 0, "ai_play_picture_type": 0}, "pic_num": 1, "can_reprint": false, "new_comment_style": 0}, "readtimetype": "comment", "comment_dynamic_message": {"id": "0049", "icon_url": "https://h5.sinaimg.cn/upload/1073/1841/2022/10/08/Taoxiaotao.png", "tag_text": "年费", "start_color": "#00A55DAB", "end_color": "#1AA55DAB", "start_color_dark": "#00A55DAB", "end_color_dark": "#1AA55DAB", "name": {"zh_CN": "TES滔小桃", "zh_HK": "TES滔小桃", "en_US": "Top Esport"}, "scheme": "https://new.vip.weibo.cn/bubble/mall?showmenu=0&decorateId=0049&uid=6268348832", "allow_vip_box_content": "用此评论气泡", "allow_vip_box_icon": "https://h5.sinaimg.cn/upload/100/1720/2022/08/08/icon_VIP_for_comment_bubble.png"}, "match_ai_play_picture": false}