{"created_at": "Sat Jan 07 13:22:44 +0800 2023", "id": 4855265499812731, "rootid": 4855265499812731, "rootidstr": "4855265499812731", "floor_number": 37, "text": "一路走好", "disable_reply": 0, "restrictOperate": 0, "source_allowclick": 0, "source_type": 4, "source": "<a href=\"\" rel=\"nofollow\">来自内蒙古</a>", "comment_badge": [{"pic_url": "https://h5.sinaimg.cn/upload/115/735/2022/10/12/svip_2_bigfan1_3.png", "name": "loyal_fans", "length": 1.33, "actionlog": {"act_code": "3671", "ext": "status:fans"}, "scheme": "https://kefu.weibo.com/faqdetail?id=20848", "new_icon": true}], "user": {"id": 6169544206, "idstr": "6169544206", "class": 1, "screen_name": "布尔佳改名啦", "name": "布尔佳改名啦", "province": "15", "city": "26", "location": "内蒙古 乌兰察布市", "description": "保持须臾的浪漫  理想的喧嚣  平等的热情", "url": "", "profile_image_url": "https://tvax2.sinaimg.cn/crop.0.0.803.803.50/006JwMhwly8h6izl2pxkdj30mb0mbt9s.jpg?KID=imgbed,tva&Expires=1674058721&ssig=TpvhjASu8z", "light_ring": false, "cover_image_phone": "https://ww1.sinaimg.cn/crop.0.0.640.640.640/549d0121tw1egm1kjly3jj20hs0hsq4f.jpg", "profile_url": "u/6169544206", "domain": "", "weihao": "", "gender": "f", "followers_count": 199, "followers_count_str": "199", "friends_count": 366, "pagefriends_count": 50, "statuses_count": 2258, "video_status_count": 17, "video_play_count": 0, "super_topic_not_syn_count": 39, "favourites_count": 25, "created_at": "Wed Mar 08 22:03:32 +0800 2017", "following": false, "allow_all_act_msg": false, "geo_enabled": true, "verified": false, "verified_type": -1, "remark": "", "insecurity": {"sexual_content": false}, "ptype": 0, "allow_all_comment": true, "avatar_large": "https://tvax2.sinaimg.cn/crop.0.0.803.803.180/006JwMhwly8h6izl2pxkdj30mb0mbt9s.jpg?KID=imgbed,tva&Expires=1674058721&ssig=psbbTyfMIM", "avatar_hd": "https://tvax2.sinaimg.cn/crop.0.0.803.803.1024/006JwMhwly8h6izl2pxkdj30mb0mbt9s.jpg?KID=imgbed,tva&Expires=1674058721&ssig=J%2BMrRG0q0J", "verified_reason": "", "verified_trade": "", "verified_reason_url": "", "verified_source": "", "verified_source_url": "", "follow_me": false, "like": false, "like_me": false, "online_status": 0, "bi_followers_count": 33, "lang": "zh-cn", "star": 0, "mbtype": 12, "mbrank": 2, "svip": 1, "mb_expire_time": 1675440000, "block_word": 1, "block_app": 1, "chaohua_ability": 0, "brand_ability": 0, "nft_ability": 0, "vplus_ability": 0, "wenda_ability": 0, "live_ability": 0, "gongyi_ability": 0, "paycolumn_ability": 0, "newbrand_ability": 0, "ecommerce_ability": 0, "hardfan_ability": 0, "wbcolumn_ability": 0, "credit_score": 80, "user_ability": 2359296, "cardid": "star_292", "avatargj_id": "gj_vip_783", "urank": 9, "story_read_state": -1, "vclub_member": 0, "is_teenager": 0, "is_guardian": 0, "is_teenager_list": 0, "pc_new": 0, "special_follow": false, "planet_video": 2, "video_mark": 0, "live_status": 0, "user_ability_extend": 0, "status_total_counter": {"total_cnt": 1301, "repost_cnt": 11, "comment_cnt": 660, "like_cnt": 603, "comment_like_cnt": 27}, "video_total_counter": {"play_cnt": 4658}, "brand_account": 0, "hongbaofei": 0, "tab_manage": "[0, 0]", "reward_status": 0, "green_mode": 0, "urisk": 0, "unfollowing_recom_switch": 1, "avatar_type": 0}, "mid": "4855265499812731", "idstr": "4855265499812731", "status": {"visible": {"type": 0, "list_id": 0}, "created_at": "Sat Jan 07 08:03:17 +0800 2023", "id": 4855185107847154, "idstr": "4855185107847154", "mid": "4855185107847154", "can_edit": false, "show_additional_indication": 0, "text": "#南京大屠杀在册幸存者仅剩48人#\n\n送别[菊花][蜡烛]昨天下午，南京大屠杀幸存者郭林大在家中离世，终年93岁。 ​", "textLength": 102, "source_allowclick": 0, "source_type": 2, "source": "<a href=\"http://weibo.com/\" rel=\"nofollow\">很哇塞的博主</a>", "favorited": false, "truncated": false, "in_reply_to_status_id": "", "in_reply_to_user_id": "", "in_reply_to_screen_name": "", "pic_urls": [{"thumbnail_pic": "http://wx1.sinaimg.cn/thumbnail/005N9GuZly1h9urf2dcftj315a1kqqq1.jpg"}], "thumbnail_pic": "http://wx1.sinaimg.cn/thumbnail/005N9GuZly1h9urf2dcftj315a1kqqq1.jpg", "bmiddle_pic": "http://wx1.sinaimg.cn/bmiddle/005N9GuZly1h9urf2dcftj315a1kqqq1.jpg", "original_pic": "http://wx1.sinaimg.cn/large/005N9GuZly1h9urf2dcftj315a1kqqq1.jpg", "geo": null, "is_paid": false, "mblog_vip_type": 0, "user": {"id": 5307012945, "idstr": "5307012945", "class": 1, "screen_name": "-四分三十三秒-", "name": "-四分三十三秒-", "province": "37", "city": "1000", "location": "山东", "description": "就想当个最接地气的正能量博主。  商务合作私信。", "url": "", "profile_image_url": "https://tvax3.sinaimg.cn/crop.0.0.1080.1080.50/005N9GuZly8gt1shrxmwmj30u00u075l.jpg?KID=imgbed,tva&Expires=1674058721&ssig=gBS1RSR0tT", "light_ring": false, "cover_image_phone": "https://wx1.sinaimg.cn/crop.0.0.640.640.640/005N9GuZly1h5q3d2c91wj30u00u0acr.jpg", "profile_url": "u/5307012945", "domain": "", "weihao": "", "gender": "m", "followers_count": 7431670, "followers_count_str": "743.2万", "friends_count": 784, "pagefriends_count": 34, "statuses_count": 45535, "video_status_count": 14100, "video_play_count": 0, "super_topic_not_syn_count": 0, "favourites_count": 12, "created_at": "Fri Sep 26 16:53:19 +0800 2014", "following": false, "allow_all_act_msg": false, "geo_enabled": true, "verified": true, "verified_type": 0, "remark": "", "insecurity": {"sexual_content": false}, "ptype": 0, "allow_all_comment": true, "avatar_large": "https://tvax3.sinaimg.cn/crop.0.0.1080.1080.180/005N9GuZly8gt1shrxmwmj30u00u075l.jpg?KID=imgbed,tva&Expires=1674058721&ssig=bmADwEXAmS", "avatar_hd": "https://tvax3.sinaimg.cn/crop.0.0.1080.1080.1024/005N9GuZly8gt1shrxmwmj30u00u075l.jpg?KID=imgbed,tva&Expires=1674058721&ssig=HXE1EzHBiU", "verified_reason": "知名军事博主  退役军人  2022年辰星计划博主 微博原创视频博主", "verified_trade": "1809", "verified_reason_url": "", "verified_source": "", "verified_source_url": "", "verified_state": 0, "verified_level": 3, "verified_type_ext": 1, "has_service_tel": false, "verified_reason_modified": "", "verified_contact_name": "", "verified_contact_email": "", "verified_contact_mobile": "", "follow_me": false, "like": false, "like_me": false, "online_status": 0, "bi_followers_count": 675, "lang": "zh-cn", "star": 0, "mbtype": 12, "mbrank": 8, "svip": 1, "mb_expire_time": 1698940800, "block_word": 0, "block_app": 1, "chaohua_ability": 0, "brand_ability": 0, "nft_ability": 0, "vplus_ability": 1, "wenda_ability": 0, "live_ability": 0, "gongyi_ability": 0, "paycolumn_ability": 0, "newbrand_ability": 0, "ecommerce_ability": 0, "hardfan_ability": 1, "wbcolumn_ability": 0, "ability_tags": "军旅,武器装备", "credit_score": 80, "user_ability": -2135553508, "cardid": "star_1624", "avatargj_id": "gj_vip_027", "urank": 47, "story_read_state": -1, "verified_detail": {"custom": 1, "data": [{"key": 1, "sub_key": 0, "weight": 10, "desc": "知名军事博主  退役军人  2022年辰星计划博主", "timestamp": 0}, {"key": 2, "sub_key": 0, "weight": 0, "desc": "知名军事博主", "timestamp": 0}, {"key": 16, "sub_key": 1, "weight": 11, "desc": "微博原创视频博主", "timestamp": 0}]}, "vclub_member": 0, "is_teenager": 0, "is_guardian": 0, "is_teenager_list": 0, "pc_new": 6, "special_follow": false, "planet_video": 2, "video_mark": 15, "live_status": 0, "user_ability_extend": 0, "status_total_counter": {"total_cnt": 31750482, "repost_cnt": 2468174, "comment_cnt": 2297344, "like_cnt": 19802228, "comment_like_cnt": 7182736}, "video_total_counter": {"play_cnt": 1095124512}, "brand_account": 0, "hongbaofei": 0, "tab_manage": "[0, 0]", "reward_status": 0, "green_mode": 0, "mb_like_privilege": {"like_id": "0012", "like_desc": "秒叔在此谢过！"}, "urisk": 0, "unfollowing_recom_switch": 1, "avatar_type": 0}, "annotations": [{"photo_sub_type": "0"}, {"ann_ext": "ann_ext:search|t:31|q:#南京大屠杀在册幸存者仅剩48人#|creator_source:bottomsendweibo"}, {"client_mblogid": "iPhone-EAD323E9-87D3-46B1-AB49-ADC7AEF75161"}, {"mapi_request": true}], "picStatus": "0:1", "reposts_count": 0, "comments_count": 0, "reprint_cmt_count": 0, "attitudes_count": 0, "pending_approval_count": 0, "isLongText": false, "reward_exhibition_type": 0, "hide_flag": 0, "mlevel": 0, "show_mlevel": 0, "biz_feature": 4294967300, "page_type": 64, "hasActionTypeCard": 0, "darwin_tags": [], "hot_weibo_tags": [], "text_tag_tips": [], "mblogtype": 0, "userType": 0, "more_info_type": 0, "cardid": "star_1624", "number_display_strategy": {"apply_scenario_flag": 3, "display_text_min_number": 1000000, "display_text": "100万+"}, "positive_recom_flag": 0, "content_auth": 0, "gif_ids": "", "is_show_bulletin": 2, "comment_manage_info": {"comment_permission_type": -1, "approval_comment_type": 0, "comment_sort_type": 0, "ai_play_picture_type": 0}, "pic_num": 1, "can_reprint": false, "new_comment_style": 0}, "readtimetype": "comment", "comment_dynamic_message": {"id": "0055", "icon_url": "https://h5.sinaimg.cn/upload/1073/1841/2022/10/26/Moer1.png", "tag_text": "年费", "start_color": "#00FF8F56", "end_color": "#1AFF8656", "start_color_dark": "#00FF8F56", "end_color_dark": "#1AFF8656", "name": {"zh_CN": "萌二", "zh_HK": "萌贰", "en_US": "Moer"}, "scheme": "https://new.vip.weibo.cn/bubble/mall?showmenu=0&decorateId=0055&uid=6169544206", "allow_vip_box_content": "用此评论气泡", "allow_vip_box_icon": "https://h5.sinaimg.cn/upload/100/1720/2022/08/08/icon_VIP_for_comment_bubble.png"}, "match_ai_play_picture": false}