{"created_at": "Sun Dec 18 17:48:46 +0800 2022", "id": 4848084690931479, "rootid": 4848084690931479, "rootidstr": "4848084690931479", "floor_number": 38, "text": "钟张胡以后少说话吧", "disable_reply": 0, "restrictOperate": 0, "source_allowclick": 0, "source_type": 4, "source": "<a href=\"\" rel=\"nofollow\">来自辽宁</a>", "user": {"id": 5871904328, "idstr": "5871904328", "class": 1, "screen_name": "股海之鱼19690409", "name": "股海之鱼19690409", "province": "21", "city": "1000", "location": "辽宁", "description": "", "url": "", "profile_image_url": "https://tvax1.sinaimg.cn/default/images/default_avatar_male_50.gif?KID=imgbed,tva&Expires=1671389845&ssig=Rzij2aWYmx", "light_ring": false, "cover_image_phone": "https://ww1.sinaimg.cn/crop.0.0.640.640.640/549d0121tw1egm1kjly3jj20hs0hsq4f.jpg", "profile_url": "u/5871904328", "domain": "", "weihao": "", "gender": "m", "followers_count": 7, "followers_count_str": "7", "friends_count": 42, "pagefriends_count": 2, "statuses_count": 15, "video_status_count": 0, "video_play_count": 0, "super_topic_not_syn_count": 0, "favourites_count": 3, "created_at": "Tue Mar 01 12:15:15 +0800 2016", "following": false, "allow_all_act_msg": false, "geo_enabled": true, "verified": false, "verified_type": -1, "remark": "", "insecurity": {"sexual_content": false}, "ptype": 0, "allow_all_comment": true, "avatar_large": "https://tvax1.sinaimg.cn/default/images/default_avatar_male_180.gif?KID=imgbed,tva&Expires=1671389845&ssig=ITH3AeBCP5", "avatar_hd": "https://tvax1.sinaimg.cn/default/images/default_avatar_male_180.gif?KID=imgbed,tva&Expires=1671389845&ssig=ITH3AeBCP5", "verified_reason": "", "verified_trade": "", "verified_reason_url": "", "verified_source": "", "verified_source_url": "", "follow_me": false, "like": false, "like_me": false, "online_status": 0, "bi_followers_count": 0, "lang": "zh-cn", "star": 0, "mbtype": 0, "mbrank": 0, "svip": 0, "mb_expire_time": 0, "block_word": 0, "block_app": 0, "chaohua_ability": 0, "brand_ability": 0, "nft_ability": 0, "vplus_ability": 0, "wenda_ability": 0, "live_ability": 0, "gongyi_ability": 0, "paycolumn_ability": 0, "newbrand_ability": 0, "ecommerce_ability": 0, "hardfan_ability": 0, "credit_score": 80, "user_ability": 2097152, "urank": 4, "story_read_state": -1, "vclub_member": 0, "is_teenager": 0, "is_guardian": 0, "is_teenager_list": 0, "pc_new": 7, "special_follow": false, "planet_video": 0, "video_mark": 0, "live_status": 0, "user_ability_extend": 0, "status_total_counter": {"total_cnt": 3, "repost_cnt": 0, "comment_cnt": 1, "like_cnt": 2, "comment_like_cnt": 0}, "video_total_counter": {"play_cnt": -1}, "brand_account": 0, "hongbaofei": 0, "tab_manage": "[0, 0]", "reward_status": 0, "green_mode": 0, "urisk": 549755813888, "avatar_type": 0}, "mid": "4848084690931479", "idstr": "4848084690931479", "status": {"visible": {"type": 0, "list_id": 0}, "created_at": "Sat Dec 17 20:50:37 +0800 2022", "id": 4847768067653301, "idstr": "4847768067653301", "mid": "4847768067653301", "can_edit": false, "version": 2, "show_additional_indication": 0, "text": "各地增援快递员陆续抵京。谢谢你们，也请保护好自己！ http://t.cn/A6KOsXKT ​", "textLength": 71, "source_allowclick": 1, "source_type": 1, "source": "<a href=\"http://app.weibo.com/t/feed/2VaL9V\" rel=\"nofollow\">HUAWEI Mate 50 Pro</a>", "favorited": false, "truncated": false, "in_reply_to_status_id": "", "in_reply_to_user_id": "", "in_reply_to_screen_name": "", "pic_urls": [], "geo": null, "is_paid": false, "mblog_vip_type": 0, "user": {"id": 2178514797, "idstr": "2178514797", "class": 1, "screen_name": "军武季", "name": "军武季", "province": "44", "city": "1000", "location": "广东", "description": "没有什么能够阻止我以“中立原则”观察世界！", "url": "", "profile_image_url": "https://tvax3.sinaimg.cn/crop.0.0.996.996.50/81d97f6dly8fni8mo57mbj20ro0rowf5.jpg?KID=imgbed,tva&Expires=1671389845&ssig=avWsQ3lmlk", "light_ring": false, "cover_image": "https://wx3.sinaimg.cn/crop.0.0.920.300/81d97f6dly1fy640t9q8wj20pk08c7ko.jpg", "cover_image_phone": "https://wx2.sinaimg.cn/crop.0.0.640.640.640/81d97f6dly1ghrh0e3il5j20u00u0nch.jpg;https://wx2.sinaimg.cn/crop.0.0.640.640.640/81d97f6dly1ghrgym7aj9j20u00u0gwu.jpg;https://wx2.sinaimg.cn/crop.0.0.640.640.640/81d97f6dly1gib74of12zj20u00u04bi.jpg", "profile_url": "bi7lxe", "domain": "bi7lxe", "weihao": "", "gender": "m", "followers_count": 4817938, "followers_count_str": "481.8万", "friends_count": 257, "pagefriends_count": 8, "statuses_count": 80101, "video_status_count": 43309, "video_play_count": 0, "super_topic_not_syn_count": 0, "favourites_count": 37, "created_at": "Tue Jun 14 14:17:13 +0800 2011", "following": false, "allow_all_act_msg": false, "geo_enabled": true, "verified": true, "verified_type": 0, "remark": "", "insecurity": {"sexual_content": false}, "ptype": 0, "allow_all_comment": false, "avatar_large": "https://tvax3.sinaimg.cn/crop.0.0.996.996.180/81d97f6dly8fni8mo57mbj20ro0rowf5.jpg?KID=imgbed,tva&Expires=1671389845&ssig=Gs%2BM6a7I4t", "avatar_hd": "https://tvax3.sinaimg.cn/crop.0.0.996.996.1024/81d97f6dly8fni8mo57mbj20ro0rowf5.jpg?KID=imgbed,tva&Expires=1671389845&ssig=ZDS5QA21GT", "verified_reason": "知名军事博主 2022年辰星计划博主", "verified_trade": "", "verified_reason_url": "", "verified_source": "", "verified_source_url": "", "verified_state": 0, "verified_level": 3, "verified_type_ext": 1, "has_service_tel": false, "verified_reason_modified": "", "verified_contact_name": "", "verified_contact_email": "", "verified_contact_mobile": "", "follow_me": false, "like": false, "like_me": false, "online_status": 0, "bi_followers_count": 245, "lang": "zh-cn", "star": 0, "mbtype": 12, "mbrank": 7, "svip": 0, "mb_expire_time": 1851523200, "block_word": 1, "block_app": 1, "chaohua_ability": 0, "brand_ability": 0, "nft_ability": 0, "vplus_ability": 1, "wenda_ability": 0, "live_ability": 0, "gongyi_ability": 0, "paycolumn_ability": 1, "newbrand_ability": 0, "ecommerce_ability": 0, "hardfan_ability": 1, "credit_score": 80, "user_ability": -2131344888, "cardid": "star_1573", "avatargj_id": "gj_vip_719", "urank": 48, "story_read_state": -1, "verified_detail": {"custom": 1, "data": [{"key": 2, "sub_key": 0, "weight": 10, "desc": "知名军事博主", "timestamp": 0}, {"key": 1, "sub_key": 0, "weight": 100, "desc": "2022年辰星计划博主", "timestamp": 0}]}, "vclub_member": 0, "is_teenager": 0, "is_guardian": 0, "is_teenager_list": 0, "pc_new": 6, "special_follow": false, "planet_video": 2, "video_mark": 15, "live_status": 0, "user_ability_extend": 0, "video_cover": {"mid": 4650340966204364}, "status_total_counter": {"total_cnt": 28490775, "repost_cnt": 2610346, "comment_cnt": 2612520, "like_cnt": 12467581, "comment_like_cnt": 10800328}, "video_total_counter": {"play_cnt": 1895370625}, "brand_account": 0, "hongbaofei": 0, "tab_manage": "[1108336936330, 0]", "reward_status": 0, "green_mode": 0, "urisk": 34896871424, "avatar_type": 0}, "annotations": [{}, {}, {"client_mblogid": "a5fd245a-fb98-43bc-b2a0-a79b6fd81a49"}, {"mapi_request": true}], "reposts_count": 0, "comments_count": 0, "reprint_cmt_count": 0, "attitudes_count": 0, "pending_approval_count": 0, "isLongText": false, "reward_exhibition_type": 0, "hide_flag": 0, "mlevel": 0, "show_mlevel": 0, "biz_ids": [230444], "biz_feature": 4294967304, "hasActionTypeCard": 0, "darwin_tags": [], "hot_weibo_tags": [], "text_tag_tips": [], "mblogtype": 0, "userType": 0, "more_info_type": 0, "cardid": "star_1573", "number_display_strategy": {"apply_scenario_flag": 3, "display_text_min_number": 1000000, "display_text": "100万+"}, "positive_recom_flag": 0, "content_auth": 0, "gif_ids": "", "is_show_bulletin": 2, "comment_manage_info": {"comment_permission_type": -1, "approval_comment_type": 0, "comment_sort_type": 0, "ai_play_picture_type": 0}, "pic_num": 0, "fid": 4847767951245349, "can_reprint": false, "new_comment_style": 0}, "readtimetype": "comment", "match_ai_play_picture": false}