{"mid": "1060239831", "uid": "LAmSNo8us", "name": "雪山财金", "time": "2022-7-2 06:59:00", "local": "上海", "iphone": "HUAWEI Mate 20", "context": "河南村镇银行400亿存款暴雷只是个前菜。南京银行的窟窿据说2000亿都是保守的。银行系统性风险的多米诺骨牌开始了？#郑州通报村镇银行储户被赋红码##河南多家村镇银行400亿存款暴雷##河南村镇银行取款难储户发声#.", "comment_num": "89", "like_num": "453", "user": {"focus": "889", "fans": "5.2万", "tweet": "25938"}}