{"created_at": "Sat May 07 18:58:58 +0800 2022", "id": 4766565093081253, "rootid": 4766565093081253, "rootidstr": "4766565093081253", "floor_number": 14, "text": "上海！", "disable_reply": 0, "restrictOperate": 0, "source_allowclick": 0, "source_type": 4, "source": "<a href=\"\" rel=\"nofollow\">来自辽宁</a>", "comment_badge": [{"pic_url": "https://h5.sinaimg.cn/upload/114/962/2022/07/08/member_0_bigfan1_3.png", "name": "loyal_fans", "length": 1.33, "actionlog": {"act_code": "3671", "ext": "status:fans"}, "scheme": "https://kefu.weibo.com/faqdetail?id=20848", "new_icon": true}], "user": {"id": 2687182077, "idstr": "2687182077", "class": 1, "screen_name": "沈阳森景园林", "name": "沈阳森景园林", "province": "21", "city": "1", "location": "辽宁 沈阳", "description": "", "url": "http://blog.sina.com.cn/senjingyuanlin", "profile_image_url": "https://tva4.sinaimg.cn/crop.0.0.180.180.50/a02b24fdjw1e8qgp5bmzyj2050050aa8.jpg?KID=imgbed,tva&Expires=1674070134&ssig=h5LqMHE2rK", "light_ring": false, "cover_image": "https://ww4.sinaimg.cn/crop.0.84.980.300/a02b24fdtw1eav14sdaq6j20r80d07dg.jpg", "cover_image_phone": "https://ww2.sinaimg.cn/crop.0.0.0.0/a02b24fdjw1eah7cb6rjrj20dc0dcdjs.jpg", "profile_url": "senjingyuanlin", "domain": "senjingyuanlin", "weihao": "", "gender": "m", "followers_count": 879, "followers_count_str": "879", "friends_count": 880, "pagefriends_count": 5, "statuses_count": 16209, "video_status_count": 4, "video_play_count": 0, "super_topic_not_syn_count": 0, "favourites_count": 13937, "created_at": "Sat Apr 07 08:58:18 +0800 2012", "following": false, "allow_all_act_msg": false, "geo_enabled": false, "verified": true, "verified_type": 2, "remark": "", "insecurity": {"sexual_content": false}, "ptype": 0, "allow_all_comment": true, "avatar_large": "https://tva4.sinaimg.cn/crop.0.0.180.180.180/a02b24fdjw1e8qgp5bmzyj2050050aa8.jpg?KID=imgbed,tva&Expires=1674070134&ssig=eZ%2BTnzWaHJ", "avatar_hd": "https://tva4.sinaimg.cn/crop.0.0.180.180.1024/a02b24fdjw1e8qgp5bmzyj2050050aa8.jpg?KID=imgbed,tva&Expires=1674070134&ssig=Gh9lfbI%2BWj", "verified_reason": "沈阳森景园林绿化工程有限公司", "verified_trade": "", "verified_reason_url": "", "verified_source": "", "verified_source_url": "", "verified_state": 0, "verified_level": 3, "verified_type_ext": -1, "pay_remind": 2, "pay_date": "20121227", "has_service_tel": false, "verified_reason_modified": "", "verified_contact_name": "微(qq)号:2791688321", "verified_contact_email": "guoshiyuanlin@sina.com", "verified_contact_mobile": "13322443527", "follow_me": false, "like": false, "like_me": false, "online_status": 0, "bi_followers_count": 175, "lang": "zh-cn", "star": 0, "mbtype": 0, "mbrank": 0, "svip": 0, "mb_expire_time": 0, "block_word": 0, "block_app": 0, "chaohua_ability": 0, "brand_ability": 0, "nft_ability": 0, "vplus_ability": 0, "wenda_ability": 0, "live_ability": 0, "gongyi_ability": 0, "paycolumn_ability": 0, "newbrand_ability": 0, "ecommerce_ability": 0, "hardfan_ability": 0, "wbcolumn_ability": 0, "credit_score": 80, "user_ability": 2359296, "urank": 23, "story_read_state": -1, "vclub_member": 0, "is_teenager": 0, "is_guardian": 0, "is_teenager_list": 0, "pc_new": 7, "special_follow": false, "planet_video": 2, "video_mark": 0, "live_status": 0, "user_ability_extend": 0, "status_total_counter": {"total_cnt": 3460, "repost_cnt": 1598, "comment_cnt": 870, "like_cnt": 962, "comment_like_cnt": 30}, "video_total_counter": {"play_cnt": 127}, "brand_account": 0, "hongbaofei": 0, "tab_manage": "[0, 0]", "reward_status": 0, "green_mode": 0, "urisk": 17179869184, "unfollowing_recom_switch": 1, "avatar_type": 0}, "mid": "4766565093081253", "idstr": "4766565093081253", "status": {"visible": {"type": 0, "list_id": 0}, "created_at": "Sat May 07 18:29:51 +0800 2022", "id": 4766557764584039, "idstr": "4766557764584039", "mid": "4766557764584039", "edit_count": 2, "can_edit": false, "edit_at": "Sat May 07 19:45:32 +0800 2022", "version": 9, "show_additional_indication": 0, "text": "网传普陀区中远两湾城小区居委会书记把保供蔬菜装进自己的轿车时被小区居民发现当场抓住？浦江镇政府已作出说明。 http://t.cn/A6XbqxPm ​", "textLength": 127, "source_allowclick": 1, "source_type": 2, "source": "<a href=\"http://weibo.com/\" rel=\"nofollow\">要言霍众的Android</a>", "favorited": false, "truncated": false, "in_reply_to_status_id": "", "in_reply_to_user_id": "", "in_reply_to_screen_name": "", "pic_urls": [], "geo": null, "is_paid": false, "mblog_vip_type": 0, "user": {"id": 1403936721, "idstr": "1403936721", "class": 1, "screen_name": "霍小兵", "name": "霍小兵", "province": "11", "city": "1", "location": "北京 东城区", "description": "中国网红大赛组委会执行主席", "url": "http://blog.sina.com.cn/khouse", "profile_image_url": "https://tva1.sinaimg.cn/crop.0.0.512.512.50/53ae5fd1jw8eyfwe20cb7j20e80e8jrs.jpg?KID=imgbed,tva&Expires=1674070134&ssig=rS5h4YrzUY", "light_ring": false, "cover_image_phone": "https://wx4.sinaimg.cn/crop.0.0.640.640.640/a1d3feably1fl9nr80k11j20hs0hsmze.jpg", "profile_url": "huoxiaobing", "domain": "huoxiaobing", "weihao": "", "gender": "m", "followers_count": 655036, "followers_count_str": "65.5万", "friends_count": 1711, "pagefriends_count": 21, "statuses_count": 222233, "video_status_count": 530, "video_play_count": 0, "super_topic_not_syn_count": 152, "favourites_count": 520, "created_at": "Mon Dec 07 22:02:37 +0800 2009", "following": false, "allow_all_act_msg": false, "geo_enabled": true, "verified": true, "verified_type": 0, "remark": "", "insecurity": {"sexual_content": false}, "ptype": 0, "allow_all_comment": true, "avatar_large": "https://tva1.sinaimg.cn/crop.0.0.512.512.180/53ae5fd1jw8eyfwe20cb7j20e80e8jrs.jpg?KID=imgbed,tva&Expires=1674070134&ssig=x7Mmfxm6gp", "avatar_hd": "https://tva1.sinaimg.cn/crop.0.0.512.512.1024/53ae5fd1jw8eyfwe20cb7j20e80e8jrs.jpg?KID=imgbed,tva&Expires=1674070134&ssig=OXenCwVR8R", "verified_reason": "知名房产博主 超话主持人（要言霍众超话）", "verified_trade": "1337", "verified_reason_url": "", "verified_source": "", "verified_source_url": "", "verified_state": 0, "verified_level": 3, "verified_type_ext": 1, "has_service_tel": false, "verified_reason_modified": "", "verified_contact_name": "", "verified_contact_email": "", "verified_contact_mobile": "", "follow_me": false, "like": false, "like_me": false, "online_status": 0, "bi_followers_count": 1646, "lang": "zh-cn", "star": 0, "mbtype": 12, "mbrank": 7, "svip": 0, "mb_expire_time": 1674230400, "block_word": 0, "block_app": 1, "chaohua_ability": 0, "brand_ability": 0, "nft_ability": 0, "vplus_ability": 1, "wenda_ability": 1, "live_ability": 0, "gongyi_ability": 0, "paycolumn_ability": 1, "newbrand_ability": 0, "ecommerce_ability": 0, "hardfan_ability": 1, "wbcolumn_ability": 0, "ability_tags": "自助游,旅游风光,各地美食", "credit_score": 80, "user_ability": -2135553496, "cardid": "star_1628", "avatargj_id": "gj_vip_798", "urank": 48, "story_read_state": -1, "verified_detail": {"custom": 1, "data": [{"key": 1, "sub_key": 0, "weight": 0, "desc": "连锁行业开发经理人俱乐部主席，连锁行业工程经理人俱乐部联席主席", "timestamp": 0}, {"key": 2, "sub_key": 0, "weight": 101, "desc": "知名房产博主", "timestamp": 0}, {"key": 8, "sub_key": 0, "weight": 102, "desc": "超话主持人（要言霍众超话）", "timestamp": 0}]}, "vclub_member": 0, "is_teenager": 0, "is_guardian": 0, "is_teenager_list": 0, "pc_new": 0, "special_follow": false, "planet_video": 2, "video_mark": 15, "live_status": 0, "user_ability_extend": 1, "video_cover": {"mid": 4657323366942893}, "status_total_counter": {"total_cnt": 2218025, "repost_cnt": 540306, "comment_cnt": 405634, "like_cnt": 741534, "comment_like_cnt": 530551}, "video_total_counter": {"play_cnt": 6731623}, "brand_account": 0, "hongbaofei": 0, "tab_manage": "[0, 0]", "reward_status": 0, "green_mode": 0, "urisk": 0, "unfollowing_recom_switch": 1, "avatar_type": 0}, "annotations": [{}, {}, {"client_mblogid": "98d3c91d-5974-4fb9-9591-8a1fab728e12"}, {"mapi_request": true}], "reposts_count": 0, "comments_count": 0, "reprint_cmt_count": 0, "attitudes_count": 0, "pending_approval_count": 0, "isLongText": false, "reward_exhibition_type": 0, "hide_flag": 0, "mlevel": 128, "show_mlevel": 0, "biz_ids": [230444], "biz_feature": 4294967304, "topic_id": "1022:100808f510980aec000dbc8ccc44e05d36933b", "sync_mblog": true, "is_imported_topic": false, "hasActionTypeCard": 0, "darwin_tags": [], "hot_weibo_tags": [], "text_tag_tips": [], "mblogtype": 0, "userType": 0, "mlevelSource": "monitor", "more_info_type": 0, "cardid": "star_1326", "number_display_strategy": {"apply_scenario_flag": 3, "display_text_min_number": 1000000, "display_text": "100万+"}, "positive_recom_flag": 0, "content_auth": 0, "gif_ids": "", "is_show_bulletin": 2, "comment_manage_info": {"comment_permission_type": -1, "approval_comment_type": 0, "comment_sort_type": 0, "ai_play_picture_type": 0}, "pic_num": 0, "fid": 4766557665230943, "can_reprint": false, "new_comment_style": 0}, "readtimetype": "comment", "match_ai_play_picture": false}