{"created_at": "Sat May 07 22:40:02 +0800 2022", "id": 4766620721613440, "rootid": 4766563821162940, "rootidstr": "4766563821162940", "floor_number": 0, "text": "回复@VitaminB666:不用维护，地段放在那里，看你ip也是上海的，如果同为上海人就没必要嘲讽，如果不是，当我没说[思考]", "disable_reply": 0, "restrictOperate": 0, "source_allowclick": 0, "source_type": 4, "source": "<a href=\"\" rel=\"nofollow\">来自上海</a>", "user": {"id": 1967361707, "idstr": "1967361707", "class": 1, "screen_name": "粉红兔纸", "name": "粉红兔纸", "province": "31", "city": "7", "location": "上海 普陀区", "description": "Every day is a beginning,take a deep breath and start again:)", "url": "", "profile_image_url": "https://tva2.sinaimg.cn/crop.0.0.750.750.50/75438eabjw8etbowry273j20ku0kudgr.jpg?KID=imgbed,tva&Expires=1674070134&ssig=PH7X2uqa8N", "light_ring": false, "cover_image_phone": "https://ww4.sinaimg.cn/crop.0.0.640.640/7c85468fjw1e8yq7122ixj20hs0hsq3j.jpg", "profile_url": "kellyzhj", "domain": "kellyzhj", "weihao": "", "gender": "f", "followers_count": 179, "followers_count_str": "179", "friends_count": 274, "pagefriends_count": 25, "statuses_count": 376, "video_status_count": 0, "video_play_count": 0, "super_topic_not_syn_count": 0, "favourites_count": 213, "created_at": "Sun Feb 13 21:20:09 +0800 2011", "following": false, "allow_all_act_msg": false, "geo_enabled": true, "verified": false, "verified_type": -1, "remark": "", "insecurity": {"sexual_content": false}, "ptype": 0, "allow_all_comment": true, "avatar_large": "https://tva2.sinaimg.cn/crop.0.0.750.750.180/75438eabjw8etbowry273j20ku0kudgr.jpg?KID=imgbed,tva&Expires=1674070134&ssig=B5oE7huwao", "avatar_hd": "https://tva2.sinaimg.cn/crop.0.0.750.750.1024/75438eabjw8etbowry273j20ku0kudgr.jpg?KID=imgbed,tva&Expires=1674070134&ssig=Jz2ZkILsfp", "verified_reason": "", "verified_trade": "", "verified_reason_url": "", "verified_source": "", "verified_source_url": "", "follow_me": false, "like": false, "like_me": false, "online_status": 0, "bi_followers_count": 52, "lang": "zh-cn", "star": 0, "mbtype": 2, "mbrank": 1, "svip": 0, "mb_expire_time": 0, "block_word": 0, "block_app": 0, "chaohua_ability": 0, "brand_ability": 0, "nft_ability": 0, "vplus_ability": 0, "wenda_ability": 0, "live_ability": 0, "gongyi_ability": 0, "paycolumn_ability": 0, "newbrand_ability": 0, "ecommerce_ability": 0, "hardfan_ability": 0, "wbcolumn_ability": 0, "credit_score": 80, "user_ability": 2097152, "urank": 24, "story_read_state": -1, "vclub_member": 0, "is_teenager": 0, "is_guardian": 0, "is_teenager_list": 0, "pc_new": 7, "special_follow": false, "planet_video": 0, "video_mark": 0, "live_status": 0, "user_ability_extend": 0, "status_total_counter": {"total_cnt": 397, "repost_cnt": 49, "comment_cnt": 319, "like_cnt": 29, "comment_like_cnt": 0}, "video_total_counter": {"play_cnt": -1}, "brand_account": 0, "hongbaofei": 0, "tab_manage": "[0, 0]", "reward_status": 0, "green_mode": 0, "urisk": 2147483648, "unfollowing_recom_switch": 1, "avatar_type": 0}, "mid": "4766620721613440", "idstr": "4766620721613440", "status": {"visible": {"type": 0, "list_id": 0}, "created_at": "Sat May 07 18:29:51 +0800 2022", "id": 4766557764584039, "idstr": "4766557764584039", "mid": "4766557764584039", "edit_count": 2, "can_edit": false, "edit_at": "Sat May 07 19:45:32 +0800 2022", "version": 9, "show_additional_indication": 0, "text": "网传普陀区中远两湾城小区居委会书记把保供蔬菜装进自己的轿车时被小区居民发现当场抓住？浦江镇政府已作出说明。 http://t.cn/A6XbqxPm ​", "textLength": 127, "source_allowclick": 1, "source_type": 2, "source": "<a href=\"http://weibo.com/\" rel=\"nofollow\">要言霍众的Android</a>", "favorited": false, "truncated": false, "in_reply_to_status_id": "", "in_reply_to_user_id": "", "in_reply_to_screen_name": "", "pic_urls": [], "geo": null, "is_paid": false, "mblog_vip_type": 0, "user": {"id": 1403936721, "idstr": "1403936721", "class": 1, "screen_name": "霍小兵", "name": "霍小兵", "province": "11", "city": "1", "location": "北京 东城区", "description": "中国网红大赛组委会执行主席", "url": "http://blog.sina.com.cn/khouse", "profile_image_url": "https://tva1.sinaimg.cn/crop.0.0.512.512.50/53ae5fd1jw8eyfwe20cb7j20e80e8jrs.jpg?KID=imgbed,tva&Expires=1674070134&ssig=rS5h4YrzUY", "light_ring": false, "cover_image_phone": "https://wx4.sinaimg.cn/crop.0.0.640.640.640/a1d3feably1fl9nr80k11j20hs0hsmze.jpg", "profile_url": "huoxiaobing", "domain": "huoxiaobing", "weihao": "", "gender": "m", "followers_count": 655036, "followers_count_str": "65.5万", "friends_count": 1711, "pagefriends_count": 21, "statuses_count": 222233, "video_status_count": 530, "video_play_count": 0, "super_topic_not_syn_count": 152, "favourites_count": 520, "created_at": "Mon Dec 07 22:02:37 +0800 2009", "following": false, "allow_all_act_msg": false, "geo_enabled": true, "verified": true, "verified_type": 0, "remark": "", "insecurity": {"sexual_content": false}, "ptype": 0, "allow_all_comment": true, "avatar_large": "https://tva1.sinaimg.cn/crop.0.0.512.512.180/53ae5fd1jw8eyfwe20cb7j20e80e8jrs.jpg?KID=imgbed,tva&Expires=1674070134&ssig=x7Mmfxm6gp", "avatar_hd": "https://tva1.sinaimg.cn/crop.0.0.512.512.1024/53ae5fd1jw8eyfwe20cb7j20e80e8jrs.jpg?KID=imgbed,tva&Expires=1674070134&ssig=OXenCwVR8R", "verified_reason": "知名房产博主 超话主持人（要言霍众超话）", "verified_trade": "1337", "verified_reason_url": "", "verified_source": "", "verified_source_url": "", "verified_state": 0, "verified_level": 3, "verified_type_ext": 1, "has_service_tel": false, "verified_reason_modified": "", "verified_contact_name": "", "verified_contact_email": "", "verified_contact_mobile": "", "follow_me": false, "like": false, "like_me": false, "online_status": 0, "bi_followers_count": 1646, "lang": "zh-cn", "star": 0, "mbtype": 12, "mbrank": 7, "svip": 0, "mb_expire_time": 1674230400, "block_word": 0, "block_app": 1, "chaohua_ability": 0, "brand_ability": 0, "nft_ability": 0, "vplus_ability": 1, "wenda_ability": 1, "live_ability": 0, "gongyi_ability": 0, "paycolumn_ability": 1, "newbrand_ability": 0, "ecommerce_ability": 0, "hardfan_ability": 1, "wbcolumn_ability": 0, "ability_tags": "自助游,旅游风光,各地美食", "credit_score": 80, "user_ability": -2135553496, "cardid": "star_1628", "avatargj_id": "gj_vip_798", "urank": 48, "story_read_state": -1, "verified_detail": {"custom": 1, "data": [{"key": 1, "sub_key": 0, "weight": 0, "desc": "连锁行业开发经理人俱乐部主席，连锁行业工程经理人俱乐部联席主席", "timestamp": 0}, {"key": 2, "sub_key": 0, "weight": 101, "desc": "知名房产博主", "timestamp": 0}, {"key": 8, "sub_key": 0, "weight": 102, "desc": "超话主持人（要言霍众超话）", "timestamp": 0}]}, "vclub_member": 0, "is_teenager": 0, "is_guardian": 0, "is_teenager_list": 0, "pc_new": 0, "special_follow": false, "planet_video": 2, "video_mark": 15, "live_status": 0, "user_ability_extend": 1, "video_cover": {"mid": 4657323366942893}, "status_total_counter": {"total_cnt": 2218025, "repost_cnt": 540306, "comment_cnt": 405634, "like_cnt": 741534, "comment_like_cnt": 530551}, "video_total_counter": {"play_cnt": 6731623}, "brand_account": 0, "hongbaofei": 0, "tab_manage": "[0, 0]", "reward_status": 0, "green_mode": 0, "urisk": 0, "unfollowing_recom_switch": 1, "avatar_type": 0}, "annotations": [{}, {}, {"client_mblogid": "98d3c91d-5974-4fb9-9591-8a1fab728e12"}, {"mapi_request": true}], "reposts_count": 0, "comments_count": 0, "reprint_cmt_count": 0, "attitudes_count": 0, "pending_approval_count": 0, "isLongText": false, "reward_exhibition_type": 0, "hide_flag": 0, "mlevel": 128, "show_mlevel": 0, "biz_ids": [230444], "biz_feature": 4294967304, "topic_id": "1022:100808f510980aec000dbc8ccc44e05d36933b", "sync_mblog": true, "is_imported_topic": false, "hasActionTypeCard": 0, "darwin_tags": [], "hot_weibo_tags": [], "text_tag_tips": [], "mblogtype": 0, "userType": 0, "mlevelSource": "monitor", "more_info_type": 0, "cardid": "star_1326", "number_display_strategy": {"apply_scenario_flag": 3, "display_text_min_number": 1000000, "display_text": "100万+"}, "positive_recom_flag": 0, "content_auth": 0, "gif_ids": "", "is_show_bulletin": 2, "comment_manage_info": {"comment_permission_type": -1, "approval_comment_type": 0, "comment_sort_type": 0, "ai_play_picture_type": 0}, "pic_num": 0, "fid": 4766557665230943, "can_reprint": false, "new_comment_style": 0}, "reply_comment": {"created_at": "Sat May 07 22:27:22 +0800 2022", "id": 4766617534207943, "rootid": 4766563821162940, "rootidstr": "4766563821162940", "floor_number": 0, "text": "回复@粉红兔纸:看来是两湾城居民在维护房价了", "disable_reply": 0, "restrictOperate": 0, "user": {"id": 1793595095, "idstr": "1793595095", "class": 1, "screen_name": "昵称不可用-whoops", "name": "昵称不可用-whoops", "province": "100", "city": "1000", "location": "其他", "description": "", "url": "", "profile_image_url": "https://tvax2.sinaimg.cn/crop.0.0.1080.1080.50/6ae816d7ly8h8fic9wyx8j20u00u00xy.jpg?KID=imgbed,tva&Expires=1674070134&ssig=UAGIt7HZaE", "light_ring": false, "cover_image_phone": "https://ww1.sinaimg.cn/crop.0.0.640.640.640/549d0121tw1egm1kjly3jj20hs0hsq4f.jpg", "profile_url": "u/1793595095", "domain": "", "weihao": "", "gender": "f", "followers_count": 643, "followers_count_str": "643", "friends_count": 606, "pagefriends_count": 3, "statuses_count": 1149, "video_status_count": 0, "video_play_count": 0, "super_topic_not_syn_count": 0, "favourites_count": 118, "created_at": "Fri Aug 13 15:36:39 +0800 2010", "following": false, "allow_all_act_msg": false, "geo_enabled": true, "verified": false, "verified_type": 220, "remark": "", "insecurity": {"sexual_content": false}, "ptype": 0, "allow_all_comment": false, "avatar_large": "https://tvax2.sinaimg.cn/crop.0.0.1080.1080.180/6ae816d7ly8h8fic9wyx8j20u00u00xy.jpg?KID=imgbed,tva&Expires=1674070134&ssig=UfAh5J3mjv", "avatar_hd": "https://tvax2.sinaimg.cn/crop.0.0.1080.1080.1024/6ae816d7ly8h8fic9wyx8j20u00u00xy.jpg?KID=imgbed,tva&Expires=1674070134&ssig=d%2FtZfNDvps", "verified_reason": "", "verified_trade": "", "verified_reason_url": "", "verified_source": "", "verified_source_url": "", "follow_me": false, "like": false, "like_me": false, "online_status": 0, "bi_followers_count": 175, "lang": "zh-cn", "star": 0, "mbtype": 0, "mbrank": 0, "svip": 0, "mb_expire_time": 0, "block_word": 0, "block_app": 0, "chaohua_ability": 0, "brand_ability": 0, "nft_ability": 0, "vplus_ability": 0, "wenda_ability": 0, "live_ability": 0, "gongyi_ability": 0, "paycolumn_ability": 0, "newbrand_ability": 0, "ecommerce_ability": 0, "hardfan_ability": 0, "wbcolumn_ability": 0, "credit_score": 80, "user_ability": 3145728, "urank": 20, "story_read_state": -1, "vclub_member": 0, "is_teenager": 0, "is_guardian": 0, "is_teenager_list": 0, "pc_new": 0, "special_follow": false, "planet_video": 0, "video_mark": 0, "live_status": 0, "user_ability_extend": 0, "status_total_counter": {"total_cnt": 3836, "repost_cnt": 136, "comment_cnt": 3521, "like_cnt": 179, "comment_like_cnt": 0}, "video_total_counter": {"play_cnt": -1}, "brand_account": 0, "hongbaofei": 0, "tab_manage": "[0, 0]", "reward_status": 0, "green_mode": 0, "urisk": 17179869184, "unfollowing_recom_switch": 1, "avatar_type": 0}, "mid": "4766617534207943", "idstr": "4766617534207943", "match_ai_play_picture": false}, "reply_original_text": "不用维护，地段放在那里，看你ip也是上海的，如果同为上海人就没必要嘲讽，如果不是，当我没说[思考]", "readtimetype": "comment", "match_ai_play_picture": false}