{"created_at": "Fri Dec 16 20:17:05 +0800 2022", "id": 4847397241099684, "rootid": 4847335538950179, "rootidstr": "4847335538950179", "floor_number": 0, "text": "回复@美蛙应该烤着吃:钓鱼专用，没这玩意[允悲]", "disable_reply": 0, "restrictOperate": 0, "source_allowclick": 0, "source_type": 4, "source": "<a href=\"\" rel=\"nofollow\">来自湖南</a>", "user": {"id": 6042069949, "idstr": "6042069949", "class": 1, "screen_name": "壹套糊涂", "name": "壹套糊涂", "province": "43", "city": "1", "location": "湖南 长沙", "description": "", "url": "", "profile_image_url": "https://tvax1.sinaimg.cn/default/images/default_avatar_male_50.gif?KID=imgbed,tva&Expires=1673958257&ssig=bIHF1sGMe1", "light_ring": false, "profile_url": "u/6042069949", "domain": "", "weihao": "", "gender": "m", "followers_count": 1, "followers_count_str": "1", "friends_count": 181, "pagefriends_count": 0, "statuses_count": 18, "video_status_count": 0, "video_play_count": 0, "super_topic_not_syn_count": 0, "favourites_count": 17, "created_at": "Tue Oct 11 00:45:11 +0800 2016", "following": false, "allow_all_act_msg": false, "geo_enabled": true, "verified": false, "verified_type": -1, "remark": "", "insecurity": {"sexual_content": false}, "ptype": 0, "allow_all_comment": true, "avatar_large": "https://tvax1.sinaimg.cn/default/images/default_avatar_male_180.gif?KID=imgbed,tva&Expires=1673958257&ssig=sA3VGbB9sw", "avatar_hd": "https://tvax1.sinaimg.cn/default/images/default_avatar_male_180.gif?KID=imgbed,tva&Expires=1673958257&ssig=sA3VGbB9sw", "verified_reason": "", "verified_trade": "", "verified_reason_url": "", "verified_source": "", "verified_source_url": "", "follow_me": false, "like": false, "like_me": false, "online_status": 0, "bi_followers_count": 0, "lang": "zh-cn", "star": 0, "mbtype": 0, "mbrank": 0, "svip": 0, "mb_expire_time": 0, "block_word": 0, "block_app": 0, "chaohua_ability": 0, "brand_ability": 0, "nft_ability": 0, "vplus_ability": 0, "wenda_ability": 0, "live_ability": 0, "gongyi_ability": 0, "paycolumn_ability": 0, "newbrand_ability": 0, "ecommerce_ability": 0, "hardfan_ability": 0, "wbcolumn_ability": 0, "credit_score": 80, "user_ability": 262144, "urank": 0, "story_read_state": -1, "vclub_member": 0, "is_teenager": 0, "is_guardian": 0, "is_teenager_list": 0, "pc_new": 7, "special_follow": false, "planet_video": 0, "video_mark": 0, "live_status": 0, "user_ability_extend": 0, "status_total_counter": {"total_cnt": 3, "repost_cnt": 0, "comment_cnt": 1, "like_cnt": 2, "comment_like_cnt": 0}, "video_total_counter": {"play_cnt": -1}, "brand_account": 0, "hongbaofei": 0, "tab_manage": "[0, 0]", "reward_status": 0, "green_mode": 0, "urisk": 0, "avatar_type": 0}, "mid": "4847397241099684", "idstr": "4847397241099684", "status": {"visible": {"type": 0, "list_id": 0}, "created_at": "Fri Dec 16 14:49:07 +0800 2022", "id": 4847314710299596, "idstr": "4847314710299596", "mid": "4847314710299596", "can_edit": false, "version": 1, "show_additional_indication": 0, "text": "#中国成功发射试验二十一号卫星#【太燃了！长十一2022年任务圆满收官】长十一火箭2022年全年发射任务画上圆满句号！长十一今年发射4次，创下火箭首飞以来自然年发射次数新高！（陶秋帆 摄） http://t.cn/A6K0ivL3 ​", "textLength": 197, "source_allowclick": 0, "source_type": 2, "source": "", "favorited": false, "truncated": false, "in_reply_to_status_id": "", "in_reply_to_user_id": "", "in_reply_to_screen_name": "", "pic_urls": [], "geo": null, "is_paid": false, "mblog_vip_type": 0, "user": {"id": 5386897742, "idstr": "5386897742", "class": 1, "screen_name": "中国航天科技集团", "name": "中国航天科技集团", "province": "11", "city": "1000", "location": "北京", "description": "", "url": "", "profile_image_url": "https://tvax3.sinaimg.cn/crop.0.0.500.500.50/005SySbsly8h8w4u9kf4ej30dw0dwaai.jpg?KID=imgbed,tva&Expires=1673958257&ssig=mLcB53HjHU", "light_ring": false, "cover_image_phone": "https://wx2.sinaimg.cn/crop.0.0.640.640.640/005SySbsly1gdjv5cnr49j30yi0yidhx.jpg;https://wx3.sinaimg.cn/crop.0.0.640.640.640/0033ImPzly1gryc1dkj9qj60v90v90uh02.jpg;https://wx2.sinaimg.cn/crop.0.0.640.640.640/007blzxMly1h03sbaf2amj30mi0miju7.jpg", "profile_url": "casc", "domain": "casc", "weihao": "", "gender": "m", "followers_count": 1013673, "followers_count_str": "101.4万", "friends_count": 236, "pagefriends_count": 33, "statuses_count": 5889, "video_status_count": 881, "video_play_count": 0, "super_topic_not_syn_count": 0, "favourites_count": 52, "created_at": "Wed Nov 26 12:11:34 +0800 2014", "following": false, "allow_all_act_msg": false, "geo_enabled": true, "verified": true, "verified_type": 1, "remark": "", "insecurity": {"sexual_content": false}, "ptype": 0, "allow_all_comment": true, "avatar_large": "https://tvax3.sinaimg.cn/crop.0.0.500.500.180/005SySbsly8h8w4u9kf4ej30dw0dwaai.jpg?KID=imgbed,tva&Expires=1673958257&ssig=vIEs2mQxtv", "avatar_hd": "https://tvax3.sinaimg.cn/crop.0.0.500.500.1024/005SySbsly8h8w4u9kf4ej30dw0dwaai.jpg?KID=imgbed,tva&Expires=1673958257&ssig=0vf18VHL5l", "verified_reason": "中国航天科技集团有限公司官方微博", "verified_trade": "", "verified_reason_url": "", "verified_source": "", "verified_source_url": "", "verified_state": 0, "verified_level": 3, "verified_type_ext": 50, "has_service_tel": false, "verified_reason_modified": "中国航天科技集团公司官方微博", "verified_contact_name": "", "verified_contact_email": "", "verified_contact_mobile": "", "follow_me": false, "like": false, "like_me": false, "online_status": 0, "bi_followers_count": 86, "lang": "zh-cn", "star": 0, "mbtype": 12, "mbrank": 6, "svip": 0, "mb_expire_time": 1694793600, "block_word": 0, "block_app": 1, "chaohua_ability": 0, "brand_ability": 0, "nft_ability": 0, "vplus_ability": 0, "wenda_ability": 0, "live_ability": 1, "gongyi_ability": 0, "paycolumn_ability": 0, "newbrand_ability": 0, "ecommerce_ability": 0, "hardfan_ability": 0, "wbcolumn_ability": 0, "credit_score": 80, "user_ability": 10749480, "cardid": "star_1624", "avatargj_id": "gj_vip_011", "urank": 36, "story_read_state": -1, "vclub_member": 0, "is_teenager": 0, "is_guardian": 0, "is_teenager_list": 0, "pc_new": 7, "special_follow": false, "planet_video": 2, "video_mark": 15, "live_status": 0, "user_ability_extend": 1, "brand_account": 0, "hongbaofei": 0, "tab_manage": "[0, 0]", "reward_status": 0, "green_mode": 0, "urisk": 0, "avatar_type": 0}, "annotations": [{}, {}, {"client_mblogid": "iPhone-85D8FC95-E7C6-4474-9AE1-858CF62F3CA4"}, {"mapi_request": true}], "reposts_count": 0, "comments_count": 0, "reprint_cmt_count": 0, "attitudes_count": 0, "pending_approval_count": 0, "isLongText": false, "reward_exhibition_type": 0, "hide_flag": 0, "mlevel": 0, "show_mlevel": 0, "biz_ids": [230444], "biz_feature": 4294967304, "page_type": 64, "hasActionTypeCard": 0, "darwin_tags": [], "hot_weibo_tags": [], "text_tag_tips": [], "mblogtype": 0, "userType": 0, "more_info_type": 0, "cardid": "star_1624", "positive_recom_flag": 0, "content_auth": 0, "gif_ids": "", "is_show_bulletin": 2, "comment_manage_info": {"comment_permission_type": -1, "approval_comment_type": 0, "comment_sort_type": 0, "ai_play_picture_type": 0}, "pic_num": 0, "fid": 4847314513428505, "can_reprint": false, "new_comment_style": 0}, "reply_comment": {"created_at": "Fri Dec 16 17:03:26 +0800 2022", "id": 4847348510884805, "rootid": 4847335538950179, "rootidstr": "4847335538950179", "floor_number": 0, "text": "回复@壹套糊涂:国产rmna疫苗出来你也会有副作用，建议直接打辉瑞[嘻嘻]", "disable_reply": 0, "restrictOperate": 0, "user": {"id": 7538739875, "idstr": "7538739875", "class": 1, "screen_name": "美蛙应该烤着吃", "name": "美蛙应该烤着吃", "province": "37", "city": "17", "location": "山东 菏泽", "description": "", "url": "", "profile_image_url": "https://tvax1.sinaimg.cn/crop.0.0.676.676.50/008ebMCDly8h0gprpfp3uj30is0ista7.jpg?KID=imgbed,tva&Expires=1673958257&ssig=yDgNHXXjDo", "light_ring": false, "cover_image_phone": "https://ww1.sinaimg.cn/crop.0.0.640.640.640/549d0121tw1egm1kjly3jj20hs0hsq4f.jpg", "profile_url": "u/7538739875", "domain": "", "weihao": "", "gender": "f", "followers_count": 24, "followers_count_str": "24", "friends_count": 149, "pagefriends_count": 1, "statuses_count": 102, "video_status_count": 0, "video_play_count": 0, "super_topic_not_syn_count": 0, "favourites_count": 3, "created_at": "Mon Dec 21 16:53:37 +0800 2020", "following": false, "allow_all_act_msg": false, "geo_enabled": true, "verified": false, "verified_type": -1, "remark": "", "insecurity": {"sexual_content": false}, "ptype": 0, "allow_all_comment": true, "avatar_large": "https://tvax1.sinaimg.cn/crop.0.0.676.676.180/008ebMCDly8h0gprpfp3uj30is0ista7.jpg?KID=imgbed,tva&Expires=1673958257&ssig=OdprVGhRpC", "avatar_hd": "https://tvax1.sinaimg.cn/crop.0.0.676.676.1024/008ebMCDly8h0gprpfp3uj30is0ista7.jpg?KID=imgbed,tva&Expires=1673958257&ssig=1rOeQ8pNN%2B", "verified_reason": "", "verified_trade": "", "verified_reason_url": "", "verified_source": "", "verified_source_url": "", "follow_me": false, "like": false, "like_me": false, "online_status": 0, "bi_followers_count": 12, "lang": "zh-cn", "star": 0, "mbtype": 2, "mbrank": 1, "svip": 0, "mb_expire_time": 1652371199, "block_word": 0, "block_app": 0, "chaohua_ability": 0, "brand_ability": 0, "nft_ability": 0, "vplus_ability": 0, "wenda_ability": 0, "live_ability": 0, "gongyi_ability": 0, "paycolumn_ability": 0, "newbrand_ability": 0, "ecommerce_ability": 0, "hardfan_ability": 0, "wbcolumn_ability": 0, "credit_score": 80, "user_ability": 2097152, "cardid": "star_1372", "avatargj_id": "gj_vip_422", "urank": 0, "story_read_state": -1, "vclub_member": 0, "is_teenager": 0, "is_guardian": 0, "is_teenager_list": 0, "pc_new": 7, "special_follow": false, "planet_video": 0, "video_mark": 0, "live_status": 0, "user_ability_extend": 0, "status_total_counter": {"total_cnt": 28, "repost_cnt": 0, "comment_cnt": 15, "like_cnt": 11, "comment_like_cnt": 2}, "video_total_counter": {"play_cnt": -1}, "brand_account": 0, "hongbaofei": 0, "tab_manage": "[0, 0]", "reward_status": 0, "green_mode": 0, "urisk": 17180393472, "avatar_type": 0}, "mid": "4847348510884805", "idstr": "4847348510884805", "match_ai_play_picture": false}, "reply_original_text": "钓鱼专用，没这玩意[允悲]", "readtimetype": "comment", "match_ai_play_picture": false}