{"created_at": "Sat Dec 17 14:12:25 +0800 2022", "id": 4847667861521018, "rootid": 4847667861521018, "rootidstr": "4847667861521018", "floor_number": 51, "text": "真羡慕亲眼目睹的人", "disable_reply": 0, "restrictOperate": 0, "source_allowclick": 0, "source_type": 4, "source": "<a href=\"\" rel=\"nofollow\">来自上海</a>", "user": {"id": 1663762137, "idstr": "1663762137", "class": 1, "screen_name": "翠花喜欢吃香菜", "name": "翠花喜欢吃香菜", "province": "31", "city": "1000", "location": "上海", "description": "世间美好太难得，还好我有王一博。爱你，大概从这到月亮，再绕回来，那么远。", "url": "", "profile_image_url": "https://tvax3.sinaimg.cn/crop.0.0.1080.1080.50/632afed9ly8h95q8cub3fj20u00u076g.jpg?KID=imgbed,tva&Expires=1673958257&ssig=TSAlFI4qyU", "light_ring": false, "cover_image_phone": "https://ww1.sinaimg.cn/crop.0.0.640.640.640/549d0121tw1egm1kjly3jj20hs0hsq4f.jpg", "profile_url": "u/1663762137", "domain": "", "weihao": "", "gender": "f", "followers_count": 1773, "followers_count_str": "1773", "friends_count": 899, "pagefriends_count": 71, "statuses_count": 4710, "video_status_count": 56, "video_play_count": 0, "super_topic_not_syn_count": 46, "favourites_count": 10, "created_at": "Wed Nov 25 19:17:31 +0800 2009", "following": false, "allow_all_act_msg": false, "geo_enabled": true, "verified": true, "verified_type": 0, "remark": "", "insecurity": {"sexual_content": false}, "ptype": 0, "allow_all_comment": true, "avatar_large": "https://tvax3.sinaimg.cn/crop.0.0.1080.1080.180/632afed9ly8h95q8cub3fj20u00u076g.jpg?KID=imgbed,tva&Expires=1673958257&ssig=Y35Llrv5bn", "avatar_hd": "https://tvax3.sinaimg.cn/crop.0.0.1080.1080.1024/632afed9ly8h95q8cub3fj20u00u076g.jpg?KID=imgbed,tva&Expires=1673958257&ssig=MnyrBfPSAZ", "verified_reason": "超话粉丝大咖（王一博超话）", "verified_trade": "", "verified_reason_url": "", "verified_source": "", "verified_source_url": "", "verified_state": 0, "verified_level": 3, "verified_type_ext": 0, "has_service_tel": false, "verified_reason_modified": "", "verified_contact_name": "", "verified_contact_email": "", "verified_contact_mobile": "", "follow_me": false, "like": false, "like_me": false, "online_status": 0, "bi_followers_count": 600, "lang": "zh-cn", "star": 0, "mbtype": 2, "mbrank": 5, "svip": 0, "mb_expire_time": 1661356799, "block_word": 0, "block_app": 0, "chaohua_ability": 0, "brand_ability": 0, "nft_ability": 0, "vplus_ability": 0, "wenda_ability": 0, "live_ability": 0, "gongyi_ability": 0, "paycolumn_ability": 0, "newbrand_ability": 0, "ecommerce_ability": 0, "hardfan_ability": 0, "wbcolumn_ability": 0, "credit_score": 80, "user_ability": 2359328, "cardid": "star_1605", "avatargj_id": "gj_vip_731", "urank": 9, "story_read_state": -1, "verified_detail": {"custom": 0, "data": [{"key": 8, "sub_key": 0, "weight": 102, "desc": "超话粉丝大咖（王一博超话）", "timestamp": 1641045873}]}, "vclub_member": 0, "is_teenager": 0, "is_guardian": 1, "is_teenager_list": 0, "pc_new": 7, "special_follow": false, "planet_video": 2, "video_mark": 2, "live_status": 0, "user_ability_extend": 0, "video_cover": {"mid": 4665073044292369}, "status_total_counter": {"total_cnt": 53550, "repost_cnt": 1340, "comment_cnt": 41345, "like_cnt": 7979, "comment_like_cnt": 2886}, "video_total_counter": {"play_cnt": 26458}, "brand_account": 0, "hongbaofei": 0, "tab_manage": "[0, 0]", "reward_status": 0, "green_mode": 0, "urisk": 0, "avatar_type": 0}, "mid": "4847667861521018", "idstr": "4847667861521018", "status": {"visible": {"type": 0, "list_id": 0}, "created_at": "Fri Dec 16 14:49:07 +0800 2022", "id": 4847314710299596, "idstr": "4847314710299596", "mid": "4847314710299596", "can_edit": false, "version": 1, "show_additional_indication": 0, "text": "#中国成功发射试验二十一号卫星#【太燃了！长十一2022年任务圆满收官】长十一火箭2022年全年发射任务画上圆满句号！长十一今年发射4次，创下火箭首飞以来自然年发射次数新高！（陶秋帆 摄） http://t.cn/A6K0ivL3 ​", "textLength": 197, "source_allowclick": 0, "source_type": 2, "source": "", "favorited": false, "truncated": false, "in_reply_to_status_id": "", "in_reply_to_user_id": "", "in_reply_to_screen_name": "", "pic_urls": [], "geo": null, "is_paid": false, "mblog_vip_type": 0, "user": {"id": 5386897742, "idstr": "5386897742", "class": 1, "screen_name": "中国航天科技集团", "name": "中国航天科技集团", "province": "11", "city": "1000", "location": "北京", "description": "", "url": "", "profile_image_url": "https://tvax3.sinaimg.cn/crop.0.0.500.500.50/005SySbsly8h8w4u9kf4ej30dw0dwaai.jpg?KID=imgbed,tva&Expires=1673958257&ssig=mLcB53HjHU", "light_ring": false, "cover_image_phone": "https://wx2.sinaimg.cn/crop.0.0.640.640.640/005SySbsly1gdjv5cnr49j30yi0yidhx.jpg;https://wx3.sinaimg.cn/crop.0.0.640.640.640/0033ImPzly1gryc1dkj9qj60v90v90uh02.jpg;https://wx2.sinaimg.cn/crop.0.0.640.640.640/007blzxMly1h03sbaf2amj30mi0miju7.jpg", "profile_url": "casc", "domain": "casc", "weihao": "", "gender": "m", "followers_count": 1013673, "followers_count_str": "101.4万", "friends_count": 236, "pagefriends_count": 33, "statuses_count": 5889, "video_status_count": 881, "video_play_count": 0, "super_topic_not_syn_count": 0, "favourites_count": 52, "created_at": "Wed Nov 26 12:11:34 +0800 2014", "following": false, "allow_all_act_msg": false, "geo_enabled": true, "verified": true, "verified_type": 1, "remark": "", "insecurity": {"sexual_content": false}, "ptype": 0, "allow_all_comment": true, "avatar_large": "https://tvax3.sinaimg.cn/crop.0.0.500.500.180/005SySbsly8h8w4u9kf4ej30dw0dwaai.jpg?KID=imgbed,tva&Expires=1673958257&ssig=vIEs2mQxtv", "avatar_hd": "https://tvax3.sinaimg.cn/crop.0.0.500.500.1024/005SySbsly8h8w4u9kf4ej30dw0dwaai.jpg?KID=imgbed,tva&Expires=1673958257&ssig=0vf18VHL5l", "verified_reason": "中国航天科技集团有限公司官方微博", "verified_trade": "", "verified_reason_url": "", "verified_source": "", "verified_source_url": "", "verified_state": 0, "verified_level": 3, "verified_type_ext": 50, "has_service_tel": false, "verified_reason_modified": "中国航天科技集团公司官方微博", "verified_contact_name": "", "verified_contact_email": "", "verified_contact_mobile": "", "follow_me": false, "like": false, "like_me": false, "online_status": 0, "bi_followers_count": 86, "lang": "zh-cn", "star": 0, "mbtype": 12, "mbrank": 6, "svip": 0, "mb_expire_time": 1694793600, "block_word": 0, "block_app": 1, "chaohua_ability": 0, "brand_ability": 0, "nft_ability": 0, "vplus_ability": 0, "wenda_ability": 0, "live_ability": 1, "gongyi_ability": 0, "paycolumn_ability": 0, "newbrand_ability": 0, "ecommerce_ability": 0, "hardfan_ability": 0, "wbcolumn_ability": 0, "credit_score": 80, "user_ability": 10749480, "cardid": "star_1624", "avatargj_id": "gj_vip_011", "urank": 36, "story_read_state": -1, "vclub_member": 0, "is_teenager": 0, "is_guardian": 0, "is_teenager_list": 0, "pc_new": 7, "special_follow": false, "planet_video": 2, "video_mark": 15, "live_status": 0, "user_ability_extend": 1, "brand_account": 0, "hongbaofei": 0, "tab_manage": "[0, 0]", "reward_status": 0, "green_mode": 0, "urisk": 0, "avatar_type": 0}, "annotations": [{}, {}, {"client_mblogid": "iPhone-85D8FC95-E7C6-4474-9AE1-858CF62F3CA4"}, {"mapi_request": true}], "reposts_count": 0, "comments_count": 0, "reprint_cmt_count": 0, "attitudes_count": 0, "pending_approval_count": 0, "isLongText": false, "reward_exhibition_type": 0, "hide_flag": 0, "mlevel": 0, "show_mlevel": 0, "biz_ids": [230444], "biz_feature": 4294967304, "page_type": 64, "hasActionTypeCard": 0, "darwin_tags": [], "hot_weibo_tags": [], "text_tag_tips": [], "mblogtype": 0, "userType": 0, "more_info_type": 0, "cardid": "star_1624", "positive_recom_flag": 0, "content_auth": 0, "gif_ids": "", "is_show_bulletin": 2, "comment_manage_info": {"comment_permission_type": -1, "approval_comment_type": 0, "comment_sort_type": 0, "ai_play_picture_type": 0}, "pic_num": 0, "fid": 4847314513428505, "can_reprint": false, "new_comment_style": 0}, "readtimetype": "comment", "match_ai_play_picture": false}