{"created_at": "Sat Dec 10 19:33:58 +0800 2022", "id": 4845212067430868, "rootid": 4845212067430868, "rootidstr": "4845212067430868", "floor_number": 1, "text": "孝埈好棒呀", "disable_reply": 0, "restrictOperate": 0, "source_allowclick": 0, "source_type": 4, "source": "<a href=\"\" rel=\"nofollow\">来自北京</a>", "comment_badge": [{"pic_url": "https://h5.sinaimg.cn/upload/114/962/2022/07/08/member_5_bigfan1_1.png", "name": "loyal_fans", "length": 1.33, "actionlog": {"act_code": "3671", "ext": "status:fans"}, "scheme": "https://kefu.weibo.com/faqdetail?id=20848", "new_icon": true}], "user": {"id": 1860957117, "idstr": "1860957117", "class": 1, "screen_name": "好好种地", "name": "好好种地", "province": "21", "city": "1000", "location": "辽宁", "description": "", "url": "", "profile_image_url": "https://tvax4.sinaimg.cn/crop.0.0.1080.1080.50/6eebf3bdly8h8dxsutt7fj20u00u00y0.jpg?KID=imgbed,tva&Expires=1674055537&ssig=5DMmTLblAr", "light_ring": false, "cover_image_phone": "https://ww1.sinaimg.cn/crop.0.0.640.640.640/9d44112bjw1f1xl1c10tuj20hs0hs0tw.jpg", "profile_url": "u/1860957117", "domain": "", "weihao": "", "gender": "f", "followers_count": 2900, "followers_count_str": "2900", "friends_count": 443, "pagefriends_count": 41, "statuses_count": 3313, "video_status_count": 50, "video_play_count": 0, "super_topic_not_syn_count": 1, "favourites_count": 265, "created_at": "Sat Nov 13 20:10:10 +0800 2010", "following": false, "allow_all_act_msg": false, "geo_enabled": false, "verified": true, "verified_type": 0, "remark": "", "insecurity": {"sexual_content": false}, "ptype": 0, "allow_all_comment": true, "avatar_large": "https://tvax4.sinaimg.cn/crop.0.0.1080.1080.180/6eebf3bdly8h8dxsutt7fj20u00u00y0.jpg?KID=imgbed,tva&Expires=1674055537&ssig=NQ7ZwU94sg", "avatar_hd": "https://tvax4.sinaimg.cn/crop.0.0.1080.1080.1024/6eebf3bdly8h8dxsutt7fj20u00u00y0.jpg?KID=imgbed,tva&Expires=1674055537&ssig=Gm5scBb19Z", "verified_reason": "综艺博主", "verified_trade": "", "verified_reason_url": "", "verified_source": "", "verified_source_url": "", "verified_state": 0, "verified_level": 3, "verified_type_ext": 0, "has_service_tel": false, "verified_reason_modified": "", "verified_contact_name": "", "verified_contact_email": "", "verified_contact_mobile": "", "follow_me": false, "like": false, "like_me": false, "online_status": 0, "bi_followers_count": 98, "lang": "zh-cn", "star": 0, "mbtype": 11, "mbrank": 5, "svip": 0, "mb_expire_time": 1678550400, "block_word": 0, "block_app": 1, "chaohua_ability": 0, "brand_ability": 0, "nft_ability": 0, "vplus_ability": 0, "wenda_ability": 0, "live_ability": 0, "gongyi_ability": 0, "paycolumn_ability": 0, "newbrand_ability": 0, "ecommerce_ability": 0, "hardfan_ability": 0, "wbcolumn_ability": 0, "credit_score": 80, "user_ability": 2359296, "cardid": "topic_100808e378be8a31cda31e41cb5bb8907b75ed_lv7", "avatargj_id": "gj_vip_082", "urank": 46, "story_read_state": -1, "verified_detail": {"custom": 0, "data": [{"key": 2, "weight": 101, "desc": "综艺博主"}]}, "vclub_member": 0, "is_teenager": 0, "is_guardian": 0, "is_teenager_list": 0, "pc_new": 7, "special_follow": false, "planet_video": 2, "video_mark": 14, "live_status": 0, "user_ability_extend": 0, "status_total_counter": {"total_cnt": 19433, "repost_cnt": 2878, "comment_cnt": 2262, "like_cnt": 12969, "comment_like_cnt": 1324}, "video_total_counter": {"play_cnt": 122909}, "brand_account": 0, "hongbaofei": 0, "tab_manage": "[0, 0]", "reward_status": 0, "green_mode": 0, "urisk": 0, "unfollowing_recom_switch": 1, "avatar_type": 0}, "mid": "4845212067430868", "idstr": "4845212067430868", "status": {"visible": {"type": 0, "list_id": 0}, "created_at": "Sat Dec 10 19:33:11 +0800 2022", "id": 4845211866638159, "idstr": "4845211866638159", "mid": "4845211866638159", "edit_count": 2, "can_edit": false, "edit_at": "Sun Dec 11 16:25:14 +0800 2022", "version": 3, "show_additional_indication": 0, "text": "#林孝埈银牌# 存一下混接小林的冲刺棒，追了四五个身位，最后冲刺的一段也特别棒[可怜] 。林孝埈特别棒[打call]！🇨🇳队特别棒[打call]！#短道世界杯混合接力中国队夺银# \n http://t.cn/A6KSC9TN ​", "textLength": 185, "source_allowclick": 0, "source_type": 2, "source": "<a href=\"http://weibo.com/\" rel=\"nofollow\">iPhone 14 Pro</a>", "favorited": false, "truncated": false, "in_reply_to_status_id": "", "in_reply_to_user_id": "", "in_reply_to_screen_name": "", "pic_urls": [], "geo": null, "is_paid": false, "mblog_vip_type": 0, "user": {"id": 1768260412, "idstr": "1768260412", "class": 1, "screen_name": "Zorro徐知着", "name": "Zorro徐知着", "province": "100", "city": "1000", "location": "其他", "description": "小林，快点跑，快点跑。", "url": "http://blog.sina.com.cn/lovegengloveche", "profile_image_url": "https://tvax1.sinaimg.cn/crop.0.0.512.512.50/6965833cly8h9akcfrreuj20e80e8mxo.jpg?KID=imgbed,tva&Expires=1674055537&ssig=vg6nSnq01o", "light_ring": false, "cover_image": "https://ww4.sinaimg.cn/crop.0.39.980.300/6965833cjw1ekwyg4uz7fj20r80i5jwq.jpg", "cover_image_phone": "https://wx3.sinaimg.cn/crop.0.0.640.640.640/6965833cly1h7dvblxj1aj20u00u0aaw.jpg;https://wx3.sinaimg.cn/crop.0.0.640.640.640/6965833cly1h6omm1zpo0j20e80e8759.jpg;https://wx2.sinaimg.cn/crop.0.0.640.640.640/6965833cly1h370f7tky9j20s00s042b.jpg;https://wx3.sinaimg.cn/crop.0.0.640.640.640/6965833cly1h494pfh1sdj20r80r8tcs.jpg", "profile_url": "521673459", "domain": "aigengzhewuwei", "weihao": "521673459", "gender": "f", "followers_count": 20887, "followers_count_str": "2.1万", "friends_count": 596, "pagefriends_count": 13, "statuses_count": 70821, "video_status_count": 52, "video_play_count": 0, "super_topic_not_syn_count": 74, "favourites_count": 449, "created_at": "Wed Jun 30 18:10:59 +0800 2010", "following": false, "allow_all_act_msg": false, "geo_enabled": true, "verified": true, "verified_type": 0, "remark": "", "insecurity": {"sexual_content": false}, "ptype": 0, "allow_all_comment": true, "avatar_large": "https://tvax1.sinaimg.cn/crop.0.0.512.512.180/6965833cly8h9akcfrreuj20e80e8mxo.jpg?KID=imgbed,tva&Expires=1674055537&ssig=erPmao0HtG", "avatar_hd": "https://tvax1.sinaimg.cn/crop.0.0.512.512.1024/6965833cly8h9akcfrreuj20e80e8mxo.jpg?KID=imgbed,tva&Expires=1674055537&ssig=J2QuUukuQB", "verified_reason": "体育博主 微博原创视频博主", "verified_trade": "", "verified_reason_url": "", "verified_source": "", "verified_source_url": "", "verified_state": 0, "verified_level": 3, "verified_type_ext": 0, "has_service_tel": false, "verified_reason_modified": "", "verified_contact_name": "", "verified_contact_email": "", "verified_contact_mobile": "", "follow_me": false, "like": false, "like_me": false, "online_status": 0, "bi_followers_count": 404, "lang": "zh-cn", "star": 0, "mbtype": 12, "mbrank": 8, "svip": 1, "mb_expire_time": 1701619200, "block_word": 0, "block_app": 1, "chaohua_ability": 0, "brand_ability": 0, "nft_ability": 0, "vplus_ability": 0, "wenda_ability": 0, "live_ability": 0, "gongyi_ability": 0, "paycolumn_ability": 0, "newbrand_ability": 0, "ecommerce_ability": 0, "hardfan_ability": 0, "wbcolumn_ability": 0, "credit_score": 80, "user_ability": 11797512, "avatargj_id": "gj_vip_5994", "urank": 48, "story_read_state": -1, "verified_detail": {"custom": 0, "data": [{"key": 2, "sub_key": 0, "weight": 101, "desc": "体育博主", "timestamp": 0}, {"key": 16, "sub_key": 1, "weight": 103, "desc": "微博原创视频博主", "timestamp": 1669785558}]}, "vclub_member": 0, "is_teenager": 0, "is_guardian": 0, "is_teenager_list": 0, "pc_new": 0, "special_follow": false, "planet_video": 2, "video_mark": 2, "live_status": 0, "user_ability_extend": 0, "video_cover": {"mid": 4829722346785487}, "status_total_counter": {"total_cnt": 534212, "repost_cnt": 281114, "comment_cnt": 64069, "like_cnt": 136861, "comment_like_cnt": 52168}, "video_total_counter": {"play_cnt": 2588977}, "brand_account": 0, "hongbaofei": 0, "tab_manage": "[4329441925, 0]", "reward_status": 0, "green_mode": 0, "mb_like_privilege": {"like_id": "0025", "like_desc": "小林送你mua～"}, "urisk": 25769803776, "unfollowing_recom_switch": 1, "avatar_type": 0}, "annotations": [{}, {}, {"client_mblogid": "iPhone-44250246-0216-4C8C-9545-8F895307B932"}, {"mapi_request": true}], "reposts_count": 0, "comments_count": 0, "reprint_cmt_count": 0, "attitudes_count": 0, "pending_approval_count": 0, "isLongText": false, "reward_exhibition_type": 0, "hide_flag": 0, "mlevel": 0, "show_mlevel": 0, "biz_ids": [230444], "biz_feature": 4294967304, "topic_id": "1022:100808e378be8a31cda31e41cb5bb8907b75ed", "sync_mblog": true, "is_imported_topic": false, "hasActionTypeCard": 0, "darwin_tags": [], "hot_weibo_tags": [], "text_tag_tips": [], "mblogtype": 0, "userType": 0, "more_info_type": 0, "cardid": "flag_31768260412000958", "number_display_strategy": {"apply_scenario_flag": 3, "display_text_min_number": 1000000, "display_text": "100万+"}, "positive_recom_flag": 0, "content_auth": 0, "gif_ids": "", "is_show_bulletin": 2, "comment_manage_info": {"comment_permission_type": -1, "approval_comment_type": 0, "comment_sort_type": 0, "ai_play_picture_type": 0}, "pic_num": 0, "fid": 4845211686797391, "can_reprint": false, "new_comment_style": 0}, "readtimetype": "comment", "sync_id": 4845211686797391, "sync_uuid": 4845211686797391, "sync_generate_level": 1, "match_ai_play_picture": false}