{"created_at": "Sun Jul 03 21:56:51 +0800 2022", "id": 4787265965916808, "rootid": 4787106084555616, "rootidstr": "4787106084555616", "floor_number": 0, "text": "回复@鲁南刘先生2:这片土地已经没有了讲理的地方！", "disable_reply": 0, "restrictOperate": 0, "source_allowclick": 0, "source_type": 4, "source": "<a href=\"\" rel=\"nofollow\">来自广西</a>", "user": {"id": 7732671239, "idstr": "7732671239", "class": 1, "screen_name": "迎风吹冰凌", "name": "迎风吹冰凌", "province": "100", "city": "1000", "location": "其他", "description": "", "url": "", "profile_image_url": "https://tvax3.sinaimg.cn/crop.0.0.1080.1080.50/008rjv1Rly8gy9uqw4neqj30u00u0ad1.jpg?KID=imgbed,tva&Expires=1674068040&ssig=OFi6gn5lDO", "light_ring": false, "cover_image_phone": "https://ww1.sinaimg.cn/crop.0.0.640.640.640/549d0121tw1egm1kjly3jj20hs0hsq4f.jpg", "profile_url": "u/7732671239", "domain": "", "weihao": "", "gender": "m", "followers_count": 67, "followers_count_str": "67", "friends_count": 80, "pagefriends_count": 4, "statuses_count": 245, "video_status_count": 1, "video_play_count": 0, "super_topic_not_syn_count": 0, "favourites_count": 0, "created_at": "Thu Jan 06 11:41:22 +0800 2022", "following": false, "allow_all_act_msg": false, "geo_enabled": true, "verified": false, "verified_type": -1, "remark": "", "insecurity": {"sexual_content": false}, "ptype": 0, "allow_all_comment": true, "avatar_large": "https://tvax3.sinaimg.cn/crop.0.0.1080.1080.180/008rjv1Rly8gy9uqw4neqj30u00u0ad1.jpg?KID=imgbed,tva&Expires=1674068040&ssig=YVRZYMGnvG", "avatar_hd": "https://tvax3.sinaimg.cn/crop.0.0.1080.1080.1024/008rjv1Rly8gy9uqw4neqj30u00u0ad1.jpg?KID=imgbed,tva&Expires=1674068040&ssig=2xaG7KQnSP", "verified_reason": "", "verified_trade": "", "verified_reason_url": "", "verified_source": "", "verified_source_url": "", "follow_me": false, "like": false, "like_me": false, "online_status": 0, "bi_followers_count": 14, "lang": "zh-cn", "star": 0, "mbtype": 0, "mbrank": 0, "svip": 0, "mb_expire_time": 0, "block_word": 0, "block_app": 0, "chaohua_ability": 0, "brand_ability": 0, "nft_ability": 0, "vplus_ability": 0, "wenda_ability": 0, "live_ability": 0, "gongyi_ability": 0, "paycolumn_ability": 0, "newbrand_ability": 0, "ecommerce_ability": 0, "hardfan_ability": 0, "wbcolumn_ability": 0, "credit_score": 80, "user_ability": 2359296, "urank": 0, "story_read_state": -1, "vclub_member": 0, "is_teenager": 0, "is_guardian": 0, "is_teenager_list": 0, "pc_new": 0, "special_follow": false, "planet_video": 2, "video_mark": 0, "live_status": 0, "user_ability_extend": 0, "status_total_counter": {"total_cnt": 381, "repost_cnt": 28, "comment_cnt": 75, "like_cnt": 275, "comment_like_cnt": 3}, "video_total_counter": {"play_cnt": 130}, "brand_account": 0, "hongbaofei": 0, "tab_manage": "[0, 0]", "reward_status": 0, "green_mode": 0, "urisk": 549756338176, "unfollowing_recom_switch": 1, "avatar_type": 0}, "mid": "4787265965916808", "idstr": "4787265965916808", "status": {"visible": {"type": 0, "list_id": 0}, "created_at": "Sat Jul 02 16:52:58 +0800 2022", "id": 4786827099901489, "idstr": "4786827099901489", "mid": "4786827099901489", "can_edit": false, "version": 4, "show_additional_indication": 0, "text": "这肯定是临时工！[怒] http://t.cn/A6aIBXhJ ​", "textLength": 41, "source_allowclick": 0, "source_type": 2, "source": "<a href=\"http://weibo.com/\" rel=\"nofollow\">iPhone客户端</a>", "favorited": false, "truncated": false, "in_reply_to_status_id": "", "in_reply_to_user_id": "", "in_reply_to_screen_name": "", "pic_urls": [], "geo": null, "is_paid": false, "mblog_vip_type": 0, "user": {"id": 1906856481, "idstr": "1906856481", "class": 1, "screen_name": "作家刘小海", "name": "作家刘小海", "province": "11", "city": "1000", "location": "北京", "description": "《情殇》诗集，小说《沦陷的女人》出版。新反腐小说创作中。江西作家协会会员。现任中国民俗报记者。无耻者，请绕道！", "url": "http://blog.sina.com.cn/u/1906856481", "profile_image_url": "https://tvax2.sinaimg.cn/crop.0.8.1242.1242.50/71a85221ly8fl8ikjlvryj20yi0yzjx9.jpg?KID=imgbed,tva&Expires=1674068040&ssig=DnHjdOnsjE", "light_ring": false, "cover_image_phone": "https://ww1.sinaimg.cn/crop.0.0.640.640.640/9d44112bjw1f1xl1c10tuj20hs0hs0tw.jpg", "profile_url": "u/1906856481", "domain": "", "weihao": "", "gender": "m", "followers_count": 659323, "followers_count_str": "65.9万", "friends_count": 3907, "pagefriends_count": 5, "statuses_count": 4881, "video_status_count": 1346, "video_play_count": 0, "super_topic_not_syn_count": 0, "favourites_count": 81, "created_at": "Thu Dec 30 16:40:26 +0800 2010", "following": false, "allow_all_act_msg": false, "geo_enabled": false, "verified": true, "verified_type": 0, "remark": "", "insecurity": {"sexual_content": false}, "ptype": 0, "allow_all_comment": false, "avatar_large": "https://tvax2.sinaimg.cn/crop.0.8.1242.1242.180/71a85221ly8fl8ikjlvryj20yi0yzjx9.jpg?KID=imgbed,tva&Expires=1674068040&ssig=khtY6mRln%2F", "avatar_hd": "https://tvax2.sinaimg.cn/crop.0.8.1242.1242.1024/71a85221ly8fl8ikjlvryj20yi0yzjx9.jpg?KID=imgbed,tva&Expires=1674068040&ssig=bgAF%2FVc0gk", "verified_reason": "诗人 刘小海 代表作《情殇》", "verified_trade": "1116", "verified_reason_url": "", "verified_source": "", "verified_source_url": "", "verified_state": 0, "verified_level": 3, "verified_type_ext": 0, "has_service_tel": false, "verified_reason_modified": "", "verified_contact_name": "", "verified_contact_email": "", "verified_contact_mobile": "", "follow_me": false, "like": false, "like_me": false, "online_status": 0, "bi_followers_count": 3804, "lang": "zh-cn", "star": 0, "mbtype": 12, "mbrank": 7, "svip": 0, "mb_expire_time": 1702051200, "block_word": 0, "block_app": 1, "chaohua_ability": 0, "brand_ability": 0, "nft_ability": 0, "vplus_ability": 1, "wenda_ability": 1, "live_ability": 0, "gongyi_ability": 0, "paycolumn_ability": 0, "newbrand_ability": 0, "ecommerce_ability": 0, "hardfan_ability": 1, "wbcolumn_ability": 0, "ability_tags": "诗歌", "credit_score": 71, "user_ability": 2492936, "cardid": "star_062", "urank": 48, "story_read_state": -1, "verified_detail": {"custom": 0, "data": [{"key": 1, "weight": 10, "desc": "诗人 刘小海 代表作《情殇》"}]}, "vclub_member": 0, "is_teenager": 0, "is_guardian": 0, "is_teenager_list": 0, "pc_new": 0, "special_follow": false, "planet_video": 2, "video_mark": 14, "live_status": 0, "user_ability_extend": 0, "status_total_counter": {"total_cnt": 1261374, "repost_cnt": 524459, "comment_cnt": 146964, "like_cnt": 244144, "comment_like_cnt": 345807}, "video_total_counter": {"play_cnt": 58953391}, "brand_account": 0, "hongbaofei": 0, "tab_manage": "[0, 0]", "reward_status": 0, "green_mode": 0, "urisk": 0, "unfollowing_recom_switch": 1, "avatar_type": 0}, "annotations": [{}, {}, {"client_mblogid": "iPhone-00D28A03-010D-40CF-A138-62CF889FDD42"}, {"mapi_request": true}], "reposts_count": 0, "comments_count": 0, "reprint_cmt_count": 0, "attitudes_count": 0, "pending_approval_count": 0, "isLongText": false, "reward_exhibition_type": 0, "hide_flag": 0, "mlevel": 128, "show_mlevel": 0, "biz_ids": [230444], "biz_feature": 4294967304, "hasActionTypeCard": 0, "darwin_tags": [], "hot_weibo_tags": [], "text_tag_tips": [], "mblogtype": 0, "userType": 0, "mlevelSource": "monitor", "more_info_type": 0, "number_display_strategy": {"apply_scenario_flag": 3, "display_text_min_number": 1000000, "display_text": "100万+"}, "positive_recom_flag": 0, "content_auth": 0, "gif_ids": "", "is_show_bulletin": 2, "comment_manage_info": {"comment_permission_type": -1, "approval_comment_type": 0, "comment_sort_type": 0, "ai_play_picture_type": 0}, "pic_num": 0, "fid": 4786826920329401, "can_reprint": false, "new_comment_style": 0}, "reply_comment": {"created_at": "Sun Jul 03 11:21:33 +0800 2022", "id": 4787106084555616, "rootid": 4787106084555616, "rootidstr": "4787106084555616", "floor_number": 66, "text": "成人想自食其力都很难，何况一个想通过合法手段去谋生的一个孩子？抬手就打的执法人员难道家中就没有孩子？这种素质的为何留在执法队伍里？//@长风的足迹:孩子一辈子阴影", "disable_reply": 0, "restrictOperate": 0, "user": {"id": 7752582803, "idstr": "7752582803", "class": 1, "screen_name": "鲁南刘先生2", "name": "鲁南刘先生2", "province": "37", "city": "1000", "location": "山东", "description": "懂我者何必解释。不懂我者解释何用？", "url": "", "profile_image_url": "https://tvax1.sinaimg.cn/crop.0.0.719.719.50/008sF2W7ly8h1gjo22kmjj30jz0jz75e.jpg?KID=imgbed,tva&Expires=1674068040&ssig=G6UiHtacLX", "light_ring": false, "cover_image_phone": "https://ww1.sinaimg.cn/crop.0.0.640.640.640/549d0121tw1egm1kjly3jj20hs0hsq4f.jpg", "profile_url": "u/7752582803", "domain": "", "weihao": "", "gender": "m", "followers_count": 4479, "followers_count_str": "4479", "friends_count": 172, "pagefriends_count": 0, "statuses_count": 5327, "video_status_count": 15, "video_play_count": 0, "super_topic_not_syn_count": 0, "favourites_count": 1, "created_at": "Wed Apr 20 22:10:56 +0800 2022", "following": false, "allow_all_act_msg": false, "geo_enabled": true, "verified": false, "verified_type": -1, "remark": "", "insecurity": {"sexual_content": false}, "ptype": 0, "allow_all_comment": true, "avatar_large": "https://tvax1.sinaimg.cn/crop.0.0.719.719.180/008sF2W7ly8h1gjo22kmjj30jz0jz75e.jpg?KID=imgbed,tva&Expires=1674068040&ssig=eEKqrPbFRs", "avatar_hd": "https://tvax1.sinaimg.cn/crop.0.0.719.719.1024/008sF2W7ly8h1gjo22kmjj30jz0jz75e.jpg?KID=imgbed,tva&Expires=1674068040&ssig=X93PUBDOlO", "verified_reason": "", "verified_trade": "", "verified_reason_url": "", "verified_source": "", "verified_source_url": "", "follow_me": false, "like": false, "like_me": false, "online_status": 0, "bi_followers_count": 123, "lang": "zh-cn", "star": 0, "mbtype": 12, "mbrank": 3, "svip": 0, "mb_expire_time": 1710864000, "block_word": 0, "block_app": 1, "chaohua_ability": 0, "brand_ability": 0, "nft_ability": 0, "vplus_ability": 0, "wenda_ability": 0, "live_ability": 0, "gongyi_ability": 0, "paycolumn_ability": 0, "newbrand_ability": 0, "ecommerce_ability": 0, "hardfan_ability": 0, "wbcolumn_ability": 0, "credit_score": 80, "user_ability": 262656, "urank": 0, "story_read_state": -1, "vclub_member": 0, "is_teenager": 0, "is_guardian": 0, "is_teenager_list": 0, "pc_new": 0, "special_follow": false, "planet_video": 2, "video_mark": 0, "live_status": 0, "user_ability_extend": 0, "status_total_counter": {"total_cnt": 83166, "repost_cnt": 33733, "comment_cnt": 8293, "like_cnt": 25412, "comment_like_cnt": 15728}, "video_total_counter": {"play_cnt": 84460}, "brand_account": 0, "hongbaofei": 0, "tab_manage": "[0, 0]", "reward_status": 0, "green_mode": 0, "urisk": 566935683072, "unfollowing_recom_switch": 1, "avatar_type": 0}, "mid": "4787106084555616", "idstr": "4787106084555616", "match_ai_play_picture": false}, "reply_original_text": "这片土地已经没有了讲理的地方！", "readtimetype": "comment", "match_ai_play_picture": false}