{"created_at": "Sat Dec 17 11:49:39 +0800 2022", "id": 4847631933113055, "rootid": 4847617333266216, "rootidstr": "4847617333266216", "floor_number": 0, "text": "回复@恋天夏无敌:[doge]", "disable_reply": 0, "restrictOperate": 0, "source_allowclick": 0, "source_type": 4, "source": "<a href=\"\" rel=\"nofollow\">来自四川</a>", "user": {"id": 5376978410, "idstr": "5376978410", "class": 1, "screen_name": "老司机兜风", "name": "老司机兜风", "province": "51", "city": "1", "location": "四川 成都", "description": "", "url": "", "profile_image_url": "https://tva2.sinaimg.cn/crop.0.0.996.996.50/005RTfIejw8eya1mgvct9j30ro0rp43q.jpg?KID=imgbed,tva&Expires=1671273888&ssig=FOliiKEdqI", "light_ring": false, "cover_image_phone": "https://ww4.sinaimg.cn/crop.0.0.640.640.640/6ce2240djw1e8iktk4ohij20hs0hsmz6.jpg", "profile_url": "u/5376978410", "domain": "", "weihao": "", "gender": "m", "followers_count": 52, "followers_count_str": "52", "friends_count": 313, "pagefriends_count": 6, "statuses_count": 3, "video_status_count": 0, "video_play_count": 0, "super_topic_not_syn_count": 0, "favourites_count": 0, "created_at": "Wed Nov 19 13:39:21 +0800 2014", "following": false, "allow_all_act_msg": false, "geo_enabled": true, "verified": false, "verified_type": -1, "remark": "", "insecurity": {"sexual_content": false}, "ptype": 0, "allow_all_comment": false, "avatar_large": "https://tva2.sinaimg.cn/crop.0.0.996.996.180/005RTfIejw8eya1mgvct9j30ro0rp43q.jpg?KID=imgbed,tva&Expires=1671273888&ssig=WPZsRvTQGt", "avatar_hd": "https://tva2.sinaimg.cn/crop.0.0.996.996.1024/005RTfIejw8eya1mgvct9j30ro0rp43q.jpg?KID=imgbed,tva&Expires=1671273888&ssig=OK6T%2BRJGyt", "verified_reason": "", "verified_trade": "", "verified_reason_url": "", "verified_source": "", "verified_source_url": "", "follow_me": false, "like": false, "like_me": false, "online_status": 0, "bi_followers_count": 10, "lang": "zh-cn", "star": 0, "mbtype": 0, "mbrank": 0, "svip": 0, "mb_expire_time": 0, "block_word": 0, "block_app": 0, "chaohua_ability": 0, "brand_ability": 0, "nft_ability": 0, "vplus_ability": 0, "wenda_ability": 0, "live_ability": 0, "gongyi_ability": 0, "paycolumn_ability": 0, "newbrand_ability": 0, "ecommerce_ability": 0, "hardfan_ability": 0, "credit_score": 80, "user_ability": 2098176, "urank": 9, "story_read_state": -1, "vclub_member": 0, "is_teenager": 0, "is_guardian": 0, "is_teenager_list": 0, "pc_new": 0, "special_follow": false, "planet_video": 0, "video_mark": 0, "live_status": 0, "user_ability_extend": 0, "status_total_counter": {"total_cnt": 3, "repost_cnt": 0, "comment_cnt": 1, "like_cnt": 1, "comment_like_cnt": 1}, "video_total_counter": {"play_cnt": -1}, "brand_account": 0, "hongbaofei": 0, "tab_manage": "[0, 0]", "reward_status": 0, "green_mode": 0, "urisk": 549755813888, "avatar_type": 0}, "mid": "4847631933113055", "idstr": "4847631933113055", "status": {"visible": {"type": 0, "list_id": 0}, "created_at": "Fri Dec 16 17:51:58 +0800 2022", "id": 4847360721291600, "idstr": "4847360721291600", "mid": "4847360721291600", "edit_count": 6, "can_edit": false, "edit_at": "Fri Dec 16 17:59:14 +0800 2022", "version": 7, "show_additional_indication": 0, "text": "#陈慧琳与儿子出车祸# #陈慧琳出车祸# \n据港媒，陈慧琳今天与儿子出行遇车祸，经纪人回应说并无大碍，只是少少皮外伤。祝早日康复！ ​", "textLength": 123, "source_allowclick": 1, "source_type": 2, "source": "", "favorited": false, "truncated": false, "in_reply_to_status_id": "", "in_reply_to_user_id": "", "in_reply_to_screen_name": "", "pic_urls": [{"thumbnail_pic": "http://wx4.sinaimg.cn/thumbnail/0067OxYlgy1h95ssue9l6j30j60j6n1l.jpg"}, {"thumbnail_pic": "http://wx1.sinaimg.cn/thumbnail/0067OxYlgy1h95t0ekk8uj30j60nywk1.jpg"}], "thumbnail_pic": "http://wx4.sinaimg.cn/thumbnail/0067OxYlgy1h95ssue9l6j30j60j6n1l.jpg", "bmiddle_pic": "http://wx4.sinaimg.cn/bmiddle/0067OxYlgy1h95ssue9l6j30j60j6n1l.jpg", "original_pic": "http://wx4.sinaimg.cn/large/0067OxYlgy1h95ssue9l6j30j60j6n1l.jpg", "geo": null, "is_paid": false, "mblog_vip_type": 0, "user": {"id": 5612278337, "idstr": "5612278337", "class": 1, "screen_name": "星综屏影", "name": "星综屏影", "province": "11", "city": "1000", "location": "北京", "description": "【微博2021十大影响力娱乐大V】", "url": "", "profile_image_url": "https://tvax2.sinaimg.cn/crop.0.0.995.995.50/0067OxYlly8h8uxbrm0gmj30rn0rnq4q.jpg?KID=imgbed,tva&Expires=1671273888&ssig=hHxxjNeyV8", "light_ring": false, "cover_image_phone": "https://ww1.sinaimg.cn/crop.0.0.640.640.640/549d0121tw1egm1kjly3jj20hs0hsq4f.jpg", "profile_url": "ylbzj", "domain": "ylbzj", "weihao": "", "gender": "m", "followers_count": 4208424, "followers_count_str": "420.8万", "friends_count": 1247, "pagefriends_count": 416, "statuses_count": 11729, "video_status_count": 1196, "video_play_count": 0, "super_topic_not_syn_count": 0, "favourites_count": 0, "created_at": "Thu May 21 21:47:46 +0800 2015", "following": false, "allow_all_act_msg": false, "geo_enabled": false, "verified": true, "verified_type": 0, "remark": "", "insecurity": {"sexual_content": false}, "ptype": 0, "allow_all_comment": true, "avatar_large": "https://tvax2.sinaimg.cn/crop.0.0.995.995.180/0067OxYlly8h8uxbrm0gmj30rn0rnq4q.jpg?KID=imgbed,tva&Expires=1671273888&ssig=%2FveHgAv9Tf", "avatar_hd": "https://tvax2.sinaimg.cn/crop.0.0.995.995.1024/0067OxYlly8h8uxbrm0gmj30rn0rnq4q.jpg?KID=imgbed,tva&Expires=1671273888&ssig=OuZ3I6nMvx", "verified_reason": "娱评人   微博娱评团成员  2022年辰星计划博主", "verified_trade": "1028", "verified_reason_url": "", "verified_source": "", "verified_source_url": "", "verified_state": 0, "verified_level": 3, "verified_type_ext": 1, "has_service_tel": false, "verified_reason_modified": "", "verified_contact_name": "", "verified_contact_email": "", "verified_contact_mobile": "", "follow_me": false, "like": false, "like_me": false, "online_status": 0, "bi_followers_count": 69, "lang": "zh-cn", "star": 0, "mbtype": 12, "mbrank": 7, "svip": 0, "mb_expire_time": 1711987200, "block_word": 0, "block_app": 1, "chaohua_ability": 0, "brand_ability": 0, "nft_ability": 0, "vplus_ability": 0, "wenda_ability": 0, "live_ability": 0, "gongyi_ability": 0, "paycolumn_ability": 0, "newbrand_ability": 0, "ecommerce_ability": 0, "hardfan_ability": 1, "credit_score": 80, "user_ability": -2136724964, "avatargj_id": "gj_vip_091", "urank": 44, "story_read_state": -1, "verified_detail": {"custom": 1, "data": [{"key": 1, "sub_key": 0, "weight": 10, "desc": "娱评人   微博娱评团成员  2022年辰星计划博主", "timestamp": 0}]}, "vclub_member": 0, "is_teenager": 0, "is_guardian": 0, "is_teenager_list": 0, "pc_new": 7, "special_follow": false, "planet_video": 2, "video_mark": 15, "live_status": 0, "user_ability_extend": 0, "status_total_counter": {"total_cnt": 50637072, "repost_cnt": 4551315, "comment_cnt": 5713946, "like_cnt": 24018412, "comment_like_cnt": 16353399}, "video_total_counter": {"play_cnt": 543703396}, "brand_account": 0, "hongbaofei": 0, "tab_manage": "[0, 0]", "reward_status": 0, "green_mode": 0, "urisk": 0, "avatar_type": 0}, "annotations": [{"photo_sub_type": "0,0"}, {}, {"client_mblogid": "f71321f2-8853-4c70-ae09-cca509b19e55"}, {"mapi_request": true}], "picStatus": "0:1,1:1", "reposts_count": 0, "comments_count": 0, "reprint_cmt_count": 0, "attitudes_count": 0, "pending_approval_count": 0, "isLongText": false, "reward_exhibition_type": 0, "hide_flag": 0, "mlevel": 0, "show_mlevel": 0, "biz_feature": 4294967300, "page_type": 64, "hasActionTypeCard": 0, "darwin_tags": [], "hot_weibo_tags": [], "text_tag_tips": [], "mblogtype": 0, "userType": 0, "more_info_type": 0, "number_display_strategy": {"apply_scenario_flag": 3, "display_text_min_number": 1000000, "display_text": "100万+"}, "positive_recom_flag": 0, "content_auth": 0, "gif_ids": "", "is_show_bulletin": 2, "comment_manage_info": {"comment_permission_type": -1, "approval_comment_type": 0, "comment_sort_type": 0, "ai_play_picture_type": 0}, "pic_num": 2, "can_reprint": false, "new_comment_style": 0}, "readtimetype": "comment", "match_ai_play_picture": false}