{"created_at": "Mon Dec 12 20:25:45 +0800 2022", "id": 4845949870676191, "rootid": 4845915645416209, "rootidstr": "4845915645416209", "floor_number": 0, "text": "回复@瓜皮进化论:？认识字吗？说的是你多读读书", "disable_reply": 0, "restrictOperate": 0, "source_allowclick": 0, "source_type": 4, "source": "<a href=\"\" rel=\"nofollow\">来自辽宁</a>", "user": {"id": 5585592523, "idstr": "5585592523", "class": 1, "screen_name": "啃芒果的西瓜", "name": "啃芒果的西瓜", "province": "21", "city": "1000", "location": "辽宁", "description": "", "url": "", "profile_image_url": "https://tvax4.sinaimg.cn/crop.0.0.690.690.50/00660zLZly8ha5ejmvtn1j30j60j675u.jpg?KID=imgbed,tva&Expires=1673964391&ssig=rO4lJLLC9r", "light_ring": false, "cover_image_phone": "https://ww1.sinaimg.cn/crop.0.0.640.640.640/549d0121tw1egm1kjly3jj20hs0hsq4f.jpg", "profile_url": "u/5585592523", "domain": "", "weihao": "", "gender": "m", "followers_count": 48, "followers_count_str": "48", "friends_count": 20, "pagefriends_count": 3, "statuses_count": 3, "video_status_count": 0, "video_play_count": 0, "super_topic_not_syn_count": 0, "favourites_count": 3, "created_at": "Sat Apr 11 10:43:34 +0800 2015", "following": false, "allow_all_act_msg": false, "geo_enabled": true, "verified": false, "verified_type": -1, "remark": "", "insecurity": {"sexual_content": false}, "ptype": 0, "allow_all_comment": false, "avatar_large": "https://tvax4.sinaimg.cn/crop.0.0.690.690.180/00660zLZly8ha5ejmvtn1j30j60j675u.jpg?KID=imgbed,tva&Expires=1673964391&ssig=4N1LTfG812", "avatar_hd": "https://tvax4.sinaimg.cn/crop.0.0.690.690.1024/00660zLZly8ha5ejmvtn1j30j60j675u.jpg?KID=imgbed,tva&Expires=1673964391&ssig=G8K6rfBU3r", "verified_reason": "", "verified_trade": "", "verified_reason_url": "", "verified_source": "", "verified_source_url": "", "follow_me": false, "like": false, "like_me": false, "online_status": 0, "bi_followers_count": 5, "lang": "zh-cn", "star": 0, "mbtype": 0, "mbrank": 0, "svip": 0, "mb_expire_time": 0, "block_word": 0, "block_app": 0, "chaohua_ability": 0, "brand_ability": 0, "nft_ability": 0, "vplus_ability": 0, "wenda_ability": 0, "live_ability": 0, "gongyi_ability": 0, "paycolumn_ability": 0, "newbrand_ability": 0, "ecommerce_ability": 0, "hardfan_ability": 0, "wbcolumn_ability": 0, "credit_score": 80, "user_ability": 35651584, "urank": 9, "story_read_state": -1, "vclub_member": 0, "is_teenager": 0, "is_guardian": 0, "is_teenager_list": 0, "pc_new": 0, "special_follow": false, "planet_video": 0, "video_mark": 0, "live_status": 0, "user_ability_extend": 0, "status_total_counter": {"total_cnt": 6, "repost_cnt": 0, "comment_cnt": 3, "like_cnt": 3, "comment_like_cnt": 0}, "video_total_counter": {"play_cnt": -1}, "brand_account": 0, "hongbaofei": 0, "tab_manage": "[66186, 0]", "reward_status": 0, "green_mode": 1, "urisk": 0, "avatar_type": 0}, "mid": "4845949870676191", "idstr": "4845949870676191", "status": {"visible": {"type": 0, "list_id": 0}, "created_at": "Mon Dec 12 18:08:04 +0800 2022", "id": 4845915221003812, "idstr": "4845915221003812", "mid": "4845915221003812", "can_edit": false, "version": 1, "show_additional_indication": 0, "text": "#北京确保研究生招生考试如期举行#  考研的小伙伴们自己保重吧[苦涩]，北京：12月11日，全市发热门诊就诊患者2.2万人次，是一周前的16倍[苦涩][苦涩] http://t.cn/A6KKd2fi ​", "textLength": 160, "source_allowclick": 0, "source_type": 1, "source": "<a href=\"http://app.weibo.com/t/feed/3zoAVV\" rel=\"nofollow\">iPhone XR</a>", "favorited": false, "truncated": false, "in_reply_to_status_id": "", "in_reply_to_user_id": "", "in_reply_to_screen_name": "", "pic_urls": [], "geo": null, "is_paid": false, "mblog_vip_type": 0, "user": {"id": 7453285432, "idstr": "7453285432", "class": 1, "screen_name": "来年冬雪飘", "name": "来年冬雪飘", "province": "13", "city": "1000", "location": "河北", "description": "知名电影推荐官", "url": "", "profile_image_url": "https://tvax3.sinaimg.cn/crop.0.0.1080.1080.50/0088pe1aly8h8be6hvzx1j30u00u0wke.jpg?KID=imgbed,tva&Expires=1673964391&ssig=ryHnL8hwS6", "light_ring": false, "profile_url": "u/7453285432", "domain": "", "weihao": "", "gender": "m", "followers_count": 185603, "followers_count_str": "18.6万", "friends_count": 636, "pagefriends_count": 38, "statuses_count": 30068, "video_status_count": 26829, "video_play_count": 0, "super_topic_not_syn_count": 52, "favourites_count": 1, "created_at": "Sat May 09 20:10:24 +0800 2020", "following": false, "allow_all_act_msg": false, "geo_enabled": true, "verified": true, "verified_type": 0, "remark": "", "insecurity": {"sexual_content": false}, "ptype": 0, "allow_all_comment": true, "avatar_large": "https://tvax3.sinaimg.cn/crop.0.0.1080.1080.180/0088pe1aly8h8be6hvzx1j30u00u0wke.jpg?KID=imgbed,tva&Expires=1673964391&ssig=HoUgrjcjaU", "avatar_hd": "https://tvax3.sinaimg.cn/crop.0.0.1080.1080.1024/0088pe1aly8h8be6hvzx1j30u00u0wke.jpg?KID=imgbed,tva&Expires=1673964391&ssig=4RRaorLswT", "verified_reason": "娱乐博主", "verified_trade": "", "verified_reason_url": "", "verified_source": "", "verified_source_url": "", "verified_state": 0, "verified_level": 3, "verified_type_ext": 0, "has_service_tel": false, "verified_reason_modified": "", "verified_contact_name": "", "verified_contact_email": "", "verified_contact_mobile": "", "follow_me": false, "like": false, "like_me": false, "online_status": 0, "bi_followers_count": 458, "lang": "zh-cn", "star": 0, "mbtype": 12, "mbrank": 7, "svip": 0, "mb_expire_time": 1720886400, "block_word": 0, "block_app": 1, "chaohua_ability": 0, "brand_ability": 0, "nft_ability": 0, "vplus_ability": 0, "wenda_ability": 0, "live_ability": 0, "gongyi_ability": 0, "paycolumn_ability": 0, "newbrand_ability": 0, "ecommerce_ability": 0, "hardfan_ability": 1, "wbcolumn_ability": 0, "credit_score": 80, "user_ability": 2359816, "cardid": "star_1518", "avatargj_id": "gj_vip_038", "urank": 0, "story_read_state": -1, "verified_detail": {"custom": 0, "data": [{"key": 2, "sub_key": 0, "weight": 101, "desc": "娱乐博主", "timestamp": 0}]}, "vclub_member": 0, "is_teenager": 0, "is_guardian": 0, "is_teenager_list": 0, "pc_new": 7, "special_follow": false, "planet_video": 2, "video_mark": 2, "live_status": 0, "user_ability_extend": 0, "status_total_counter": {"total_cnt": 6150079, "repost_cnt": 82106, "comment_cnt": 167530, "like_cnt": 3416865, "comment_like_cnt": 2483578}, "video_total_counter": {"play_cnt": 904242816}, "brand_account": 0, "hongbaofei": 0, "tab_manage": "[0, 0]", "reward_status": 0, "green_mode": 0, "urisk": 0, "avatar_type": 0}, "annotations": [{}, {"ann_ext": "ann_ext:search|t:30|q:#北京确保研究生招生考试如期举行#|creator_source:bottomsendweibo"}, {"client_mblogid": "iPhone-08E8E55B-19E2-4AB8-B275-91F3E38B2112"}, {"mapi_request": true}], "reposts_count": 0, "comments_count": 0, "reprint_cmt_count": 0, "attitudes_count": 0, "pending_approval_count": 0, "isLongText": false, "reward_exhibition_type": 0, "hide_flag": 0, "mlevel": 0, "show_mlevel": 0, "biz_ids": [230444], "biz_feature": 4294967304, "page_type": 64, "hasActionTypeCard": 0, "darwin_tags": [], "hot_weibo_tags": [], "text_tag_tips": [], "mblogtype": 0, "userType": 0, "more_info_type": 0, "cardid": "star_1518", "number_display_strategy": {"apply_scenario_flag": 3, "display_text_min_number": 1000000, "display_text": "100万+"}, "positive_recom_flag": 0, "content_auth": 0, "gif_ids": "", "is_show_bulletin": 2, "comment_manage_info": {"comment_permission_type": -1, "approval_comment_type": 0, "comment_sort_type": 0, "ai_play_picture_type": 0}, "pic_num": 0, "fid": 4845915151270061, "can_reprint": false, "new_comment_style": 0}, "reply_comment": {"created_at": "Mon Dec 12 20:17:57 +0800 2022", "id": 4845947907740688, "rootid": 4845915645416209, "rootidstr": "4845915645416209", "floor_number": 0, "text": "回复 @啃芒果的西瓜:大胆，他们可是新时代撅⭐了的青年，你敢说他们没用！？", "disable_reply": 0, "restrictOperate": 0, "user": {"id": 3650777752, "idstr": "3650777752", "class": 1, "screen_name": "瓜皮进化论", "name": "瓜皮进化论", "province": "100", "city": "1000", "location": "其他", "description": "知耻后勇🌌", "url": "", "profile_image_url": "https://tvax4.sinaimg.cn/crop.0.0.996.996.50/d99a7298ly8fz3r3ce9pqj20ro0rojtw.jpg?KID=imgbed,tva&Expires=1673964391&ssig=C6rUk8rdvd", "light_ring": false, "cover_image_phone": "https://ww3.sinaimg.cn/crop.0.0.640.640.640/a1d3feabjw1ecatd6m582j20hs0hsdka.jpg", "profile_url": "u/3650777752", "domain": "", "weihao": "", "gender": "m", "followers_count": 136, "followers_count_str": "136", "friends_count": 198, "pagefriends_count": 12, "statuses_count": 204, "video_status_count": 0, "video_play_count": 0, "super_topic_not_syn_count": 0, "favourites_count": 150, "created_at": "Mon Jul 22 12:13:44 +0800 2013", "following": false, "allow_all_act_msg": false, "geo_enabled": true, "verified": false, "verified_type": -1, "remark": "", "insecurity": {"sexual_content": false}, "ptype": 0, "allow_all_comment": false, "avatar_large": "https://tvax4.sinaimg.cn/crop.0.0.996.996.180/d99a7298ly8fz3r3ce9pqj20ro0rojtw.jpg?KID=imgbed,tva&Expires=1673964391&ssig=RbZAmb80d3", "avatar_hd": "https://tvax4.sinaimg.cn/crop.0.0.996.996.1024/d99a7298ly8fz3r3ce9pqj20ro0rojtw.jpg?KID=imgbed,tva&Expires=1673964391&ssig=RaTK%2BZIOpT", "verified_reason": "", "verified_trade": "", "verified_reason_url": "", "verified_source": "", "verified_source_url": "", "follow_me": false, "like": false, "like_me": false, "online_status": 0, "bi_followers_count": 3, "lang": "zh-cn", "star": 0, "mbtype": 2, "mbrank": 1, "svip": 0, "mb_expire_time": 1556812799, "block_word": 0, "block_app": 0, "chaohua_ability": 0, "brand_ability": 0, "nft_ability": 0, "vplus_ability": 0, "wenda_ability": 0, "live_ability": 0, "gongyi_ability": 0, "paycolumn_ability": 0, "newbrand_ability": 0, "ecommerce_ability": 0, "hardfan_ability": 0, "wbcolumn_ability": 0, "credit_score": 80, "user_ability": 2098176, "urank": 14, "story_read_state": -1, "vclub_member": 0, "is_teenager": 0, "is_guardian": 0, "is_teenager_list": 0, "pc_new": 7, "special_follow": false, "planet_video": 0, "video_mark": 0, "live_status": 0, "user_ability_extend": 0, "status_total_counter": {"total_cnt": 69, "repost_cnt": 6, "comment_cnt": 28, "like_cnt": 35, "comment_like_cnt": 0}, "video_total_counter": {"play_cnt": -1}, "brand_account": 0, "hongbaofei": 0, "tab_manage": "[0, 0]", "reward_status": 0, "green_mode": 0, "urisk": 0, "avatar_type": 0}, "mid": "4845947907740688", "idstr": "4845947907740688", "sync_id": 4845915645416209, "sync_uuid": 4845915151270061, "sync_generate_level": 2, "match_ai_play_picture": false}, "reply_original_text": "？认识字吗？说的是你多读读书", "readtimetype": "comment", "match_ai_play_picture": false}