{"created_at": "Mon Dec 12 20:10:08 +0800 2022", "id": 4845945940875661, "rootid": 4845919034409097, "rootidstr": "4845919034409097", "floor_number": 0, "text": "回复@罗艺俊:咋可能是同一批，要开放的都是被耽误挣钱的社畜，饭都吃不上了，要命干啥？考研大部分都是大学生，还没步入社会，不用担心经济问题，自然就更但是自己的身体健康。", "disable_reply": 0, "restrictOperate": 0, "source_allowclick": 0, "source_type": 4, "source": "<a href=\"\" rel=\"nofollow\">来自辽宁</a>", "user": {"id": 5897654031, "idstr": "5897654031", "class": 1, "screen_name": "糖小姐SAMA", "name": "糖小姐SAMA", "province": "100", "city": "1000", "location": "其他", "description": "我想做一个热爱生活的人。", "url": "", "profile_image_url": "https://tvax3.sinaimg.cn/crop.0.0.996.996.50/006r7Xe7ly8ge7kantbj8j30ro0rowg1.jpg?KID=imgbed,tva&Expires=1673964391&ssig=yyU9bX687I", "light_ring": false, "cover_image_phone": "https://ww1.sinaimg.cn/crop.0.0.640.640.640/549d0121tw1egm1kjly3jj20hs0hsq4f.jpg", "profile_url": "u/5897654031", "domain": "", "weihao": "", "gender": "f", "followers_count": 52, "followers_count_str": "52", "friends_count": 141, "pagefriends_count": 33, "statuses_count": 167, "video_status_count": 0, "video_play_count": 0, "super_topic_not_syn_count": 0, "favourites_count": 0, "created_at": "Wed Apr 13 21:35:40 +0800 2016", "following": false, "allow_all_act_msg": false, "geo_enabled": true, "verified": false, "verified_type": -1, "remark": "", "insecurity": {"sexual_content": false}, "ptype": 0, "allow_all_comment": true, "avatar_large": "https://tvax3.sinaimg.cn/crop.0.0.996.996.180/006r7Xe7ly8ge7kantbj8j30ro0rowg1.jpg?KID=imgbed,tva&Expires=1673964391&ssig=gQK0762XOY", "avatar_hd": "https://tvax3.sinaimg.cn/crop.0.0.996.996.1024/006r7Xe7ly8ge7kantbj8j30ro0rowg1.jpg?KID=imgbed,tva&Expires=1673964391&ssig=vjOr1w%2Fmw%2B", "verified_reason": "", "verified_trade": "", "verified_reason_url": "", "verified_source": "", "verified_source_url": "", "follow_me": false, "like": false, "like_me": false, "online_status": 0, "bi_followers_count": 1, "lang": "zh-cn", "star": 0, "mbtype": 0, "mbrank": 0, "svip": 0, "mb_expire_time": 0, "block_word": 0, "block_app": 0, "chaohua_ability": 0, "brand_ability": 0, "nft_ability": 0, "vplus_ability": 0, "wenda_ability": 0, "live_ability": 0, "gongyi_ability": 0, "paycolumn_ability": 0, "newbrand_ability": 0, "ecommerce_ability": 0, "hardfan_ability": 0, "wbcolumn_ability": 0, "credit_score": 80, "user_ability": 2098176, "urank": 4, "story_read_state": -1, "vclub_member": 0, "is_teenager": 0, "is_guardian": 0, "is_teenager_list": 0, "pc_new": 0, "special_follow": false, "planet_video": 0, "video_mark": 0, "live_status": 0, "user_ability_extend": 0, "status_total_counter": {"total_cnt": 76, "repost_cnt": 0, "comment_cnt": 30, "like_cnt": 43, "comment_like_cnt": 3}, "video_total_counter": {"play_cnt": -1}, "brand_account": 0, "hongbaofei": 0, "tab_manage": "[0, 0]", "reward_status": 0, "green_mode": 0, "urisk": 0, "avatar_type": 0}, "mid": "4845945940875661", "idstr": "4845945940875661", "status": {"visible": {"type": 0, "list_id": 0}, "created_at": "Mon Dec 12 18:08:04 +0800 2022", "id": 4845915221003812, "idstr": "4845915221003812", "mid": "4845915221003812", "can_edit": false, "version": 1, "show_additional_indication": 0, "text": "#北京确保研究生招生考试如期举行#  考研的小伙伴们自己保重吧[苦涩]，北京：12月11日，全市发热门诊就诊患者2.2万人次，是一周前的16倍[苦涩][苦涩] http://t.cn/A6KKd2fi ​", "textLength": 160, "source_allowclick": 0, "source_type": 1, "source": "<a href=\"http://app.weibo.com/t/feed/3zoAVV\" rel=\"nofollow\">iPhone XR</a>", "favorited": false, "truncated": false, "in_reply_to_status_id": "", "in_reply_to_user_id": "", "in_reply_to_screen_name": "", "pic_urls": [], "geo": null, "is_paid": false, "mblog_vip_type": 0, "user": {"id": 7453285432, "idstr": "7453285432", "class": 1, "screen_name": "来年冬雪飘", "name": "来年冬雪飘", "province": "13", "city": "1000", "location": "河北", "description": "知名电影推荐官", "url": "", "profile_image_url": "https://tvax3.sinaimg.cn/crop.0.0.1080.1080.50/0088pe1aly8h8be6hvzx1j30u00u0wke.jpg?KID=imgbed,tva&Expires=1673964391&ssig=ryHnL8hwS6", "light_ring": false, "profile_url": "u/7453285432", "domain": "", "weihao": "", "gender": "m", "followers_count": 185603, "followers_count_str": "18.6万", "friends_count": 636, "pagefriends_count": 38, "statuses_count": 30068, "video_status_count": 26829, "video_play_count": 0, "super_topic_not_syn_count": 52, "favourites_count": 1, "created_at": "Sat May 09 20:10:24 +0800 2020", "following": false, "allow_all_act_msg": false, "geo_enabled": true, "verified": true, "verified_type": 0, "remark": "", "insecurity": {"sexual_content": false}, "ptype": 0, "allow_all_comment": true, "avatar_large": "https://tvax3.sinaimg.cn/crop.0.0.1080.1080.180/0088pe1aly8h8be6hvzx1j30u00u0wke.jpg?KID=imgbed,tva&Expires=1673964391&ssig=HoUgrjcjaU", "avatar_hd": "https://tvax3.sinaimg.cn/crop.0.0.1080.1080.1024/0088pe1aly8h8be6hvzx1j30u00u0wke.jpg?KID=imgbed,tva&Expires=1673964391&ssig=4RRaorLswT", "verified_reason": "娱乐博主", "verified_trade": "", "verified_reason_url": "", "verified_source": "", "verified_source_url": "", "verified_state": 0, "verified_level": 3, "verified_type_ext": 0, "has_service_tel": false, "verified_reason_modified": "", "verified_contact_name": "", "verified_contact_email": "", "verified_contact_mobile": "", "follow_me": false, "like": false, "like_me": false, "online_status": 0, "bi_followers_count": 458, "lang": "zh-cn", "star": 0, "mbtype": 12, "mbrank": 7, "svip": 0, "mb_expire_time": 1720886400, "block_word": 0, "block_app": 1, "chaohua_ability": 0, "brand_ability": 0, "nft_ability": 0, "vplus_ability": 0, "wenda_ability": 0, "live_ability": 0, "gongyi_ability": 0, "paycolumn_ability": 0, "newbrand_ability": 0, "ecommerce_ability": 0, "hardfan_ability": 1, "wbcolumn_ability": 0, "credit_score": 80, "user_ability": 2359816, "cardid": "star_1518", "avatargj_id": "gj_vip_038", "urank": 0, "story_read_state": -1, "verified_detail": {"custom": 0, "data": [{"key": 2, "sub_key": 0, "weight": 101, "desc": "娱乐博主", "timestamp": 0}]}, "vclub_member": 0, "is_teenager": 0, "is_guardian": 0, "is_teenager_list": 0, "pc_new": 7, "special_follow": false, "planet_video": 2, "video_mark": 2, "live_status": 0, "user_ability_extend": 0, "status_total_counter": {"total_cnt": 6150079, "repost_cnt": 82106, "comment_cnt": 167530, "like_cnt": 3416865, "comment_like_cnt": 2483578}, "video_total_counter": {"play_cnt": 904242816}, "brand_account": 0, "hongbaofei": 0, "tab_manage": "[0, 0]", "reward_status": 0, "green_mode": 0, "urisk": 0, "avatar_type": 0}, "annotations": [{}, {"ann_ext": "ann_ext:search|t:30|q:#北京确保研究生招生考试如期举行#|creator_source:bottomsendweibo"}, {"client_mblogid": "iPhone-08E8E55B-19E2-4AB8-B275-91F3E38B2112"}, {"mapi_request": true}], "reposts_count": 0, "comments_count": 0, "reprint_cmt_count": 0, "attitudes_count": 0, "pending_approval_count": 0, "isLongText": false, "reward_exhibition_type": 0, "hide_flag": 0, "mlevel": 0, "show_mlevel": 0, "biz_ids": [230444], "biz_feature": 4294967304, "page_type": 64, "hasActionTypeCard": 0, "darwin_tags": [], "hot_weibo_tags": [], "text_tag_tips": [], "mblogtype": 0, "userType": 0, "more_info_type": 0, "cardid": "star_1518", "number_display_strategy": {"apply_scenario_flag": 3, "display_text_min_number": 1000000, "display_text": "100万+"}, "positive_recom_flag": 0, "content_auth": 0, "gif_ids": "", "is_show_bulletin": 2, "comment_manage_info": {"comment_permission_type": -1, "approval_comment_type": 0, "comment_sort_type": 0, "ai_play_picture_type": 0}, "pic_num": 0, "fid": 4845915151270061, "can_reprint": false, "new_comment_style": 0}, "reply_comment": {"created_at": "Mon Dec 12 18:23:12 +0800 2022", "id": 4845919034409097, "rootid": 4845919034409097, "rootidstr": "4845919034409097", "floor_number": 65, "text": "我想问，闹事要放开和现在要求考研延期的是否同一批人？", "disable_reply": 0, "restrictOperate": 0, "user": {"id": 1855973181, "idstr": "1855973181", "class": 1, "screen_name": "罗艺俊", "name": "罗艺俊", "province": "44", "city": "1", "location": "广东 广州", "description": "追求梦想，追求幸福，追求简单", "url": "", "profile_image_url": "https://tva3.sinaimg.cn/crop.0.0.180.180.50/6e9fe73djw1e8qgp5bmzyj2050050aa8.jpg?KID=imgbed,tva&Expires=1673964391&ssig=ssl94F3Phg", "light_ring": false, "cover_image_phone": "https://ww1.sinaimg.cn/crop.0.0.640.640.640/549d0121tw1egm1kjly3jj20hs0hsq4f.jpg", "profile_url": "junzishihaoren", "domain": "junzishihaoren", "weihao": "", "gender": "m", "followers_count": 328, "followers_count_str": "328", "friends_count": 279, "pagefriends_count": 19, "statuses_count": 614, "video_status_count": 0, "video_play_count": 0, "super_topic_not_syn_count": 0, "favourites_count": 40, "created_at": "Fri Nov 12 16:26:28 +0800 2010", "following": false, "allow_all_act_msg": true, "geo_enabled": true, "verified": false, "verified_type": 220, "remark": "", "insecurity": {"sexual_content": false}, "ptype": 0, "allow_all_comment": true, "avatar_large": "https://tva3.sinaimg.cn/crop.0.0.180.180.180/6e9fe73djw1e8qgp5bmzyj2050050aa8.jpg?KID=imgbed,tva&Expires=1673964391&ssig=bHocWMbGXF", "avatar_hd": "https://tva3.sinaimg.cn/crop.0.0.180.180.1024/6e9fe73djw1e8qgp5bmzyj2050050aa8.jpg?KID=imgbed,tva&Expires=1673964391&ssig=fODCjpRuZq", "verified_reason": "", "verified_trade": "", "verified_reason_url": "", "verified_source": "", "verified_source_url": "", "follow_me": false, "like": false, "like_me": false, "online_status": 0, "bi_followers_count": 146, "lang": "zh-cn", "star": 0, "mbtype": 0, "mbrank": 0, "svip": 0, "mb_expire_time": 0, "block_word": 0, "block_app": 0, "credit_score": 80, "user_ability": 35651584, "urank": 24, "story_read_state": -1, "vclub_member": 0, "is_teenager": 0, "is_guardian": 0, "is_teenager_list": 0, "pc_new": 0, "special_follow": false, "planet_video": 0, "video_mark": 0, "live_status": 0, "user_ability_extend": 0, "status_total_counter": {"total_cnt": 1798, "repost_cnt": 75, "comment_cnt": 1471, "like_cnt": 84, "comment_like_cnt": 168}, "video_total_counter": {"play_cnt": -1}, "brand_account": 0, "hongbaofei": 0, "tab_manage": "[0, 0]", "green_mode": 0, "urisk": 0, "block": 0, "block_me": 0, "avatar_type": 0}, "mid": "4845919034409097", "idstr": "4845919034409097", "sync_id": 4845915151270061, "sync_uuid": 4845915151270061, "sync_generate_level": 1, "match_ai_play_picture": false}, "reply_original_text": "咋可能是同一批，要开放的都是被耽误挣钱的社畜，饭都吃不上了，要命干啥？考研大部分都是大学生，还没步入社会，不用担心经济问题，自然就更但是自己的身体健康。", "readtimetype": "comment", "match_ai_play_picture": false}