{"created_at": "Sun Nov 13 08:07:40 +0800 2022", "id": 4835254882533436, "rootid": 4835254882533436, "rootidstr": "4835254882533436", "floor_number": 5, "text": "这地多少志愿者帮忙哦？", "disable_reply": 0, "restrictOperate": 0, "source_allowclick": 0, "source_type": 4, "source": "<a href=\"\" rel=\"nofollow\">来自广东</a>", "user": {"id": 2120125222, "idstr": "2120125222", "class": 1, "screen_name": "拥雪桃花", "name": "拥雪桃花", "province": "100", "city": "1000", "location": "其他", "description": "水虽无形却幻变，本是无色最多彩。", "url": "", "profile_image_url": "https://tva2.sinaimg.cn/crop.0.0.180.180.50/7e5e8b26jw1e8qgp5bmzyj2050050aa8.jpg?KID=imgbed,tva&Expires=1669665057&ssig=T9cOCBwiid", "light_ring": false, "profile_url": "u/2120125222", "domain": "", "weihao": "", "gender": "f", "followers_count": 562, "followers_count_str": "562", "friends_count": 3669, "pagefriends_count": 33, "statuses_count": 13947, "video_status_count": 0, "video_play_count": 0, "super_topic_not_syn_count": 0, "favourites_count": 4189, "created_at": "Fri Apr 29 14:32:25 +0800 2011", "following": false, "allow_all_act_msg": false, "geo_enabled": false, "verified": false, "verified_type": -1, "remark": "", "insecurity": {"sexual_content": false}, "ptype": 0, "allow_all_comment": true, "avatar_large": "https://tva2.sinaimg.cn/crop.0.0.180.180.180/7e5e8b26jw1e8qgp5bmzyj2050050aa8.jpg?KID=imgbed,tva&Expires=1669665057&ssig=ewjnYxW3u3", "avatar_hd": "https://tva2.sinaimg.cn/crop.0.0.180.180.1024/7e5e8b26jw1e8qgp5bmzyj2050050aa8.jpg?KID=imgbed,tva&Expires=1669665057&ssig=6DKP3f%2B05p", "verified_reason": "", "verified_trade": "", "verified_reason_url": "", "verified_source": "", "verified_source_url": "", "follow_me": false, "like": false, "like_me": false, "online_status": 0, "bi_followers_count": 137, "lang": "zh-cn", "star": 0, "mbtype": 0, "mbrank": 0, "svip": 0, "mb_expire_time": 0, "block_word": 0, "block_app": 0, "chaohua_ability": 0, "brand_ability": 0, "nft_ability": 0, "vplus_ability": 0, "wenda_ability": 0, "live_ability": 0, "gongyi_ability": 0, "paycolumn_ability": 0, "newbrand_ability": 0, "ecommerce_ability": 0, "hardfan_ability": 0, "credit_score": 80, "user_ability": 3408896, "urank": 16, "story_read_state": -1, "vclub_member": 0, "is_teenager": 0, "is_guardian": 0, "is_teenager_list": 0, "pc_new": 0, "special_follow": false, "planet_video": 0, "video_mark": 0, "live_status": 0, "user_ability_extend": 0, "status_total_counter": {"total_cnt": 3108, "repost_cnt": 1276, "comment_cnt": 932, "like_cnt": 895, "comment_like_cnt": 5}, "video_total_counter": {"play_cnt": -1}, "brand_account": 0, "hongbaofei": 0, "tab_manage": "[0, 0]", "reward_status": 0, "green_mode": 0, "urisk": 0, "avatar_type": 0}, "mid": "4835254882533436", "idstr": "4835254882533436", "status": {"visible": {"type": 0, "list_id": 0}, "created_at": "Sat Nov 12 22:29:28 +0800 2022", "id": 4835109369284903, "idstr": "4835109369284903", "mid": "4835109369284903", "can_edit": false, "version": 4, "show_additional_indication": 0, "text": "广州海珠区临时征调50个学校，用作早期转运外地隔离回来人员的临时安置点，因为城中村屋密集、“气溶胶”等原因，还不适合返回原居住地。这也意味着全区孩子还得继续在家上网课。但为了防控大局，只能齐心协力共抗疫情。要特别说明一点的是，这些被征用的学校，不是新的隔离点！#广州疫情# ​", "textLength": 268, "source_allowclick": 0, "source_type": 1, "source": "<a href=\"http://app.weibo.com/t/feed/52oJDc\" rel=\"nofollow\">iPhone XS Max</a>", "favorited": false, "truncated": false, "in_reply_to_status_id": "", "in_reply_to_user_id": "", "in_reply_to_screen_name": "", "pic_urls": [{"thumbnail_pic": "http://wx1.sinaimg.cn/thumbnail/4136d015gy1h82plmm55kj212f0u0ahz.jpg"}, {"thumbnail_pic": "http://wx4.sinaimg.cn/thumbnail/4136d015gy1h82pllyollj21410u0q9n.jpg"}, {"thumbnail_pic": "http://wx2.sinaimg.cn/thumbnail/4136d015gy1h82plno1nbj21410u014x.jpg"}, {"thumbnail_pic": "http://wx4.sinaimg.cn/thumbnail/4136d015gy1h82plo3p7uj21400jl42z.jpg"}, {"thumbnail_pic": "http://wx4.sinaimg.cn/thumbnail/4136d015gy1h82plofmvhj20wi0sugoe.jpg"}, {"thumbnail_pic": "http://wx4.sinaimg.cn/thumbnail/4136d015gy1h82pr24q13j20ma1570zo.jpg"}], "thumbnail_pic": "http://wx1.sinaimg.cn/thumbnail/4136d015gy1h82plmm55kj212f0u0ahz.jpg", "bmiddle_pic": "http://wx1.sinaimg.cn/bmiddle/4136d015gy1h82plmm55kj212f0u0ahz.jpg", "original_pic": "http://wx1.sinaimg.cn/large/4136d015gy1h82plmm55kj212f0u0ahz.jpg", "geo": null, "is_paid": false, "mblog_vip_type": 0, "user": {"id": 1094111253, "idstr": "1094111253", "class": 1, "screen_name": "多事之眼", "name": "多事之眼", "province": "44", "city": "1000", "location": "广东", "description": "记录多事之秋，聚焦军情政情社情，盼早日江山一统！", "url": "", "profile_image_url": "https://tvax4.sinaimg.cn/crop.0.0.1080.1080.50/4136d015ly8h04rccri33j20u00u00v2.jpg?KID=imgbed,tva&Expires=1669665057&ssig=pyLvgRdsfM", "light_ring": false, "cover_image_phone": "http://ww1.sinaimg.cn/crop.0.0.640.640.640/549d0121tw1egm1kjly3jj20hs0hsq4f.jpg", "profile_url": "u/1094111253", "domain": "", "weihao": "", "gender": "m", "followers_count": 81809, "followers_count_str": "8.2万", "friends_count": 1648, "pagefriends_count": 3, "statuses_count": 12178, "video_status_count": 256, "video_play_count": 0, "super_topic_not_syn_count": 0, "favourites_count": 143, "created_at": "Sat May 28 15:02:41 +0800 2011", "following": false, "allow_all_act_msg": false, "geo_enabled": true, "verified": true, "verified_type": 0, "remark": "", "insecurity": {"sexual_content": false}, "ptype": 0, "allow_all_comment": false, "avatar_large": "https://tvax4.sinaimg.cn/crop.0.0.1080.1080.180/4136d015ly8h04rccri33j20u00u00v2.jpg?KID=imgbed,tva&Expires=1669665057&ssig=B9JHFHQ1w3", "avatar_hd": "https://tvax4.sinaimg.cn/crop.0.0.1080.1080.1024/4136d015ly8h04rccri33j20u00u00v2.jpg?KID=imgbed,tva&Expires=1669665057&ssig=nOQ93mKl0L", "verified_reason": "军事博主", "verified_trade": "961", "verified_reason_url": "", "verified_source": "", "verified_source_url": "", "verified_state": 0, "verified_level": 3, "verified_type_ext": 0, "has_service_tel": false, "verified_reason_modified": "", "verified_contact_name": "", "verified_contact_email": "", "verified_contact_mobile": "", "follow_me": false, "like": false, "like_me": false, "online_status": 0, "bi_followers_count": 1076, "lang": "zh-cn", "star": 0, "mbtype": 11, "mbrank": 6, "svip": 0, "mb_expire_time": 1674316800, "block_word": 0, "block_app": 1, "chaohua_ability": 0, "brand_ability": 0, "nft_ability": 0, "vplus_ability": 0, "wenda_ability": 0, "live_ability": 0, "gongyi_ability": 0, "paycolumn_ability": 0, "newbrand_ability": 0, "ecommerce_ability": 0, "hardfan_ability": 1, "credit_score": 80, "user_ability": -2136735224, "cardid": "star_1600", "urank": 26, "story_read_state": -1, "verified_detail": {"custom": 0, "data": [{"key": 2, "sub_key": 0, "weight": 101, "desc": "军事博主", "timestamp": 0}]}, "vclub_member": 0, "is_teenager": 0, "is_guardian": 0, "is_teenager_list": 0, "pc_new": 7, "special_follow": false, "planet_video": 2, "video_mark": 12, "live_status": 0, "user_ability_extend": 0, "status_total_counter": {"total_cnt": 32518, "repost_cnt": 9441, "comment_cnt": 4788, "like_cnt": 14208, "comment_like_cnt": 4081}, "video_total_counter": {"play_cnt": 623310}, "brand_account": 0, "hongbaofei": 0, "tab_manage": "[0, 0]", "reward_status": 0, "green_mode": 0, "urisk": 34897657864, "avatar_type": 0}, "annotations": [{"photo_sub_type": "0,0,0,0,0,0"}, {}, {"client_mblogid": "iPhone-34745404-69B4-4029-B886-FBDE7D1953F5"}, {"mapi_request": true}], "reposts_count": 0, "comments_count": 0, "reprint_cmt_count": 0, "attitudes_count": 0, "pending_approval_count": 0, "isLongText": false, "reward_exhibition_type": 0, "hide_flag": 0, "mlevel": 128, "show_mlevel": 0, "biz_feature": 4294967300, "page_type": 64, "hasActionTypeCard": 0, "darwin_tags": [], "hot_weibo_tags": [], "text_tag_tips": [], "mblogtype": 0, "userType": 0, "mlevelSource": "monitor", "more_info_type": 0, "cardid": "star_1624", "number_display_strategy": {"apply_scenario_flag": 3, "display_text_min_number": 1000000, "display_text": "100万+"}, "positive_recom_flag": 0, "content_auth": 0, "gif_ids": "", "is_show_bulletin": 2, "comment_manage_info": {"comment_permission_type": -1, "approval_comment_type": 0, "comment_sort_type": 0, "ai_play_picture_type": 0}, "pic_num": 6, "can_reprint": false, "new_comment_style": 0}, "readtimetype": "comment", "match_ai_play_picture": false}