{"created_at": "Sat Dec 17 12:44:38 +0800 2022", "id": 4847645765671766, "rootid": 4847645765671766, "rootidstr": "4847645765671766", "floor_number": 22, "text": "厉害啊舍不得吃的蛋糕！", "disable_reply": 0, "restrictOperate": 0, "source_allowclick": 0, "source_type": 4, "source": "<a href=\"\" rel=\"nofollow\">来自江西</a>", "user": {"id": 6502931674, "idstr": "6502931674", "class": 1, "screen_name": "独好九州", "name": "独好九州", "province": "100", "city": "1000", "location": "其他", "description": "漫漫人生，只求阖家欢乐，安康一生！！！", "url": "", "profile_image_url": "https://tvax2.sinaimg.cn/crop.0.0.903.903.50/00765DAKly8h3yf6yvtuyj30p30p3abg.jpg?KID=imgbed,tva&Expires=1671271682&ssig=tu1OGuJl09", "light_ring": false, "cover_image_phone": "https://ww1.sinaimg.cn/crop.0.0.640.640.640/549d0121tw1egm1kjly3jj20hs0hsq4f.jpg", "profile_url": "u/6502931674", "domain": "", "weihao": "", "gender": "m", "followers_count": 456, "followers_count_str": "456", "friends_count": 763, "pagefriends_count": 16, "statuses_count": 15193, "video_status_count": 118, "video_play_count": 0, "super_topic_not_syn_count": 0, "favourites_count": 1, "created_at": "Fri Jul 06 11:02:19 +0800 2018", "following": false, "allow_all_act_msg": false, "geo_enabled": true, "verified": true, "verified_type": 0, "remark": "", "insecurity": {"sexual_content": false}, "ptype": 0, "allow_all_comment": true, "avatar_large": "https://tvax2.sinaimg.cn/crop.0.0.903.903.180/00765DAKly8h3yf6yvtuyj30p30p3abg.jpg?KID=imgbed,tva&Expires=1671271682&ssig=fZdFQ3HxVU", "avatar_hd": "https://tvax2.sinaimg.cn/crop.0.0.903.903.1024/00765DAKly8h3yf6yvtuyj30p30p3abg.jpg?KID=imgbed,tva&Expires=1671271682&ssig=dn%2BrwTI3hZ", "verified_reason": "赣州维聚建设工程有限公司 人事经理", "verified_trade": "", "verified_reason_url": "", "verified_source": "", "verified_source_url": "", "verified_state": 0, "verified_level": 3, "verified_type_ext": 0, "has_service_tel": false, "verified_reason_modified": "", "verified_contact_name": "", "verified_contact_email": "", "verified_contact_mobile": "", "follow_me": false, "like": false, "like_me": false, "online_status": 0, "bi_followers_count": 436, "lang": "zh-cn", "star": 0, "mbtype": 12, "mbrank": 3, "svip": 1, "mb_expire_time": 1700409600, "block_word": 0, "block_app": 1, "chaohua_ability": 0, "brand_ability": 0, "nft_ability": 0, "vplus_ability": 0, "wenda_ability": 0, "live_ability": 0, "gongyi_ability": 0, "paycolumn_ability": 0, "newbrand_ability": 0, "ecommerce_ability": 0, "hardfan_ability": 0, "credit_score": 80, "user_ability": 2359296, "cardid": "flag_36502931674008137", "avatargj_id": "gj_vip_782", "urank": 3, "story_read_state": -1, "verified_detail": {"custom": 0, "data": [{"key": 1, "sub_key": 0, "weight": 100, "desc": "赣州维聚建设工程有限公司 人事经理", "timestamp": 0}]}, "vclub_member": 0, "is_teenager": 0, "is_guardian": 0, "is_teenager_list": 0, "pc_new": 7, "special_follow": false, "planet_video": 2, "video_mark": 0, "live_status": 0, "user_ability_extend": 0, "brand_account": 0, "hongbaofei": 0, "tab_manage": "[0, 0]", "reward_status": 0, "green_mode": 0, "urisk": 0, "avatar_type": 0}, "mid": "4847645765671766", "idstr": "4847645765671766", "status": {"visible": {"type": 0, "list_id": 0}, "created_at": "Sat Dec 17 11:08:39 +0800 2022", "id": 4847621610942308, "idstr": "4847621610942308", "mid": "4847621610942308", "can_edit": false, "version": 1, "show_additional_indication": 0, "text": "#小伙用武则天翻糖蛋糕拿下世界冠军#高手在民间！舍不得吃的蛋糕！#翻糖蛋糕##高手在民间##遇见美好[超话]# http://t.cn/A6KOiLHq ​", "textLength": 121, "source_allowclick": 1, "source_type": 2, "source": "", "favorited": false, "truncated": false, "in_reply_to_status_id": "", "in_reply_to_user_id": "", "in_reply_to_screen_name": "", "pic_urls": [], "geo": null, "is_paid": false, "mblog_vip_type": 0, "user": {"id": 7550699518, "idstr": "7550699518", "class": 1, "screen_name": "白水晶爱上", "name": "白水晶爱上", "province": "33", "city": "3", "location": "浙江 温州", "description": "兢兢业业小蚂蚁", "url": "", "profile_image_url": "https://tvax4.sinaimg.cn/crop.0.0.960.960.50/008eZXS6ly8h0wwubb42gj30qo0qo3zw.jpg?KID=imgbed,tva&Expires=1671271682&ssig=kyheKSqq%2BQ", "light_ring": false, "cover_image_phone": "https://wx1.sinaimg.cn/crop.0.0.640.640.640/007fzS16ly1gxreyc6kp1j30wi0wijtk.jpg;https://ww1.sinaimg.cn/crop.0.0.640.640.640/549d0121tw1egm1kjly3jj20hs0hsq4f.jpg", "profile_url": "u/7550699518", "domain": "", "weihao": "", "gender": "f", "followers_count": 12974, "followers_count_str": "1.3万", "friends_count": 2955, "pagefriends_count": 194, "statuses_count": 12161, "video_status_count": 740, "video_play_count": 0, "super_topic_not_syn_count": 1, "favourites_count": 1871, "created_at": "Sun Jan 17 12:05:47 +0800 2021", "following": false, "allow_all_act_msg": false, "geo_enabled": true, "verified": true, "verified_type": 0, "remark": "", "insecurity": {"sexual_content": false}, "ptype": 0, "allow_all_comment": false, "avatar_large": "https://tvax4.sinaimg.cn/crop.0.0.960.960.180/008eZXS6ly8h0wwubb42gj30qo0qo3zw.jpg?KID=imgbed,tva&Expires=1671271682&ssig=VGwaPvXkn7", "avatar_hd": "https://tvax4.sinaimg.cn/crop.0.0.960.960.1024/008eZXS6ly8h0wwubb42gj30qo0qo3zw.jpg?KID=imgbed,tva&Expires=1671271682&ssig=emQcOadKRT", "verified_reason": "泰顺施乐文印部 管理员", "verified_trade": "", "verified_reason_url": "", "verified_source": "", "verified_source_url": "", "verified_state": 0, "verified_level": 3, "verified_type_ext": 0, "has_service_tel": false, "verified_reason_modified": "", "verified_contact_name": "", "verified_contact_email": "", "verified_contact_mobile": "", "follow_me": false, "like": false, "like_me": false, "online_status": 0, "bi_followers_count": 2080, "lang": "zh-cn", "star": 0, "mbtype": 12, "mbrank": 5, "svip": 1, "mb_expire_time": 1699113600, "block_word": 0, "block_app": 1, "chaohua_ability": 0, "brand_ability": 0, "nft_ability": 0, "vplus_ability": 0, "wenda_ability": 0, "live_ability": 0, "gongyi_ability": 0, "paycolumn_ability": 0, "newbrand_ability": 0, "ecommerce_ability": 0, "hardfan_ability": 1, "credit_score": 80, "user_ability": 2359304, "cardid": "star_1624", "avatargj_id": "gj_vip_072", "urank": 0, "story_read_state": -1, "verified_detail": {"custom": 0, "data": [{"key": 1, "sub_key": 0, "weight": 100, "desc": "泰顺施乐文印部 管理员", "timestamp": 0}]}, "vclub_member": 0, "is_teenager": 0, "is_guardian": 0, "is_teenager_list": 0, "pc_new": 7, "special_follow": false, "planet_video": 2, "video_mark": 2, "live_status": 0, "user_ability_extend": 0, "status_total_counter": {"total_cnt": 29263, "repost_cnt": 2824, "comment_cnt": 3774, "like_cnt": 18398, "comment_like_cnt": 4267}, "video_total_counter": {"play_cnt": 971390}, "brand_account": 0, "hongbaofei": 0, "tab_manage": "[0, 0]", "reward_status": 0, "green_mode": 0, "urisk": 17179869184, "avatar_type": 0}, "annotations": [{}, {}, {"super_exparams": "{\"system_pic_only\":0}"}, {"client_mblogid": "0fea63bb-6b71-4369-b01f-e42f1a3de663"}, {"mapi_request": true}], "reposts_count": 0, "comments_count": 0, "reprint_cmt_count": 0, "attitudes_count": 0, "pending_approval_count": 0, "isLongText": false, "reward_exhibition_type": 0, "hide_flag": 0, "mlevel": 0, "show_mlevel": 0, "biz_ids": [230444], "biz_feature": 4294967304, "topic_id": "1022:100808b73f48141d0c7fc0cd6b3a72efe173ea", "sync_mblog": true, "is_imported_topic": false, "page_type": 96, "hasActionTypeCard": 0, "darwin_tags": [], "hot_weibo_tags": [], "text_tag_tips": [], "mblogtype": 0, "userType": 0, "more_info_type": 0, "cardid": "star_1624", "number_display_strategy": {"apply_scenario_flag": 3, "display_text_min_number": 1000000, "display_text": "100万+"}, "positive_recom_flag": 0, "content_auth": 0, "gif_ids": "", "is_show_bulletin": 2, "comment_manage_info": {"comment_permission_type": -1, "approval_comment_type": 0, "comment_sort_type": 0, "ai_play_picture_type": 0}, "pic_num": 0, "fid": 4847621259919604, "can_reprint": false, "new_comment_style": 0}, "readtimetype": "comment", "match_ai_play_picture": false}