{"created_at": "Sun Jun 12 21:14:13 +0800 2022", "id": 4779645092757662, "rootid": 4779645092757662, "rootidstr": "4779645092757662", "floor_number": 282, "text": "@首都网警", "disable_reply": 0, "restrictOperate": 0, "source_allowclick": 0, "source_type": 4, "source": "<a href=\"\" rel=\"nofollow\">来自湖南</a>", "user": {"id": 2991459943, "idstr": "2991459943", "class": 1, "screen_name": "卓卓卓卓卓卓卓子", "name": "卓卓卓卓卓卓卓子", "province": "43", "city": "1000", "location": "湖南", "description": "君不见高堂明镜悲白发，朝如青丝暮成雪。", "url": "", "profile_image_url": "https://tvax1.sinaimg.cn/crop.0.0.1008.1008.50/b24e0e67ly8gdyeujwdgwj20s00s0jrz.jpg?KID=imgbed,tva&Expires=1670069646&ssig=5vqtbC5Op%2F", "light_ring": false, "cover_image_phone": "http://ww1.sinaimg.cn/crop.0.0.640.640.640/549d0121tw1egm1kjly3jj20hs0hsq4f.jpg", "profile_url": "u/2991459943", "domain": "", "weihao": "", "gender": "m", "followers_count": 151, "followers_count_str": "151", "friends_count": 228, "pagefriends_count": 29, "statuses_count": 297, "video_status_count": 2, "video_play_count": 0, "super_topic_not_syn_count": 19, "favourites_count": 291, "created_at": "Wed Oct 10 13:13:06 +0800 2012", "following": false, "allow_all_act_msg": false, "geo_enabled": true, "verified": false, "verified_type": -1, "remark": "", "insecurity": {"sexual_content": false}, "ptype": 0, "allow_all_comment": true, "avatar_large": "https://tvax1.sinaimg.cn/crop.0.0.1008.1008.180/b24e0e67ly8gdyeujwdgwj20s00s0jrz.jpg?KID=imgbed,tva&Expires=1670069646&ssig=nu%2BqUgY7OV", "avatar_hd": "https://tvax1.sinaimg.cn/crop.0.0.1008.1008.1024/b24e0e67ly8gdyeujwdgwj20s00s0jrz.jpg?KID=imgbed,tva&Expires=1670069646&ssig=3O%2FN2Xe86t", "verified_reason": "", "verified_trade": "", "verified_reason_url": "", "verified_source": "", "verified_source_url": "", "follow_me": false, "like": false, "like_me": false, "online_status": 0, "bi_followers_count": 26, "lang": "zh-cn", "star": 0, "mbtype": 0, "mbrank": 0, "svip": 0, "mb_expire_time": 0, "block_word": 0, "block_app": 0, "chaohua_ability": 0, "brand_ability": 0, "nft_ability": 0, "vplus_ability": 0, "wenda_ability": 0, "live_ability": 0, "gongyi_ability": 0, "paycolumn_ability": 0, "newbrand_ability": 0, "ecommerce_ability": 0, "hardfan_ability": 0, "credit_score": 78, "user_ability": 2360320, "cardid": "star_038", "urank": 14, "story_read_state": -1, "vclub_member": 0, "is_teenager": 0, "is_guardian": 0, "is_teenager_list": 0, "pc_new": 0, "special_follow": false, "planet_video": 2, "video_mark": 2, "live_status": 0, "user_ability_extend": 0, "status_total_counter": {"total_cnt": 601, "repost_cnt": 17, "comment_cnt": 225, "like_cnt": 353, "comment_like_cnt": 6}, "video_total_counter": {"play_cnt": 142}, "brand_account": 0, "hongbaofei": 0, "tab_manage": "[0, 0]", "reward_status": 0, "green_mode": 0, "urisk": 0, "avatar_type": 0}, "mid": "4779645092757662", "idstr": "4779645092757662", "status": {"visible": {"type": 0, "list_id": 0}, "created_at": "Sun Jun 12 11:35:46 +0800 2022", "id": 4779499516857082, "idstr": "4779499516857082", "mid": "4779499516857082", "can_edit": false, "version": 4, "show_additional_indication": 0, "text": "【#唐山9名施暴者站一排指认现场#】据@天目新闻 报道：#唐山打人事件9人被逮捕#6月10日，河北唐山一烧烤店发生打人事件引发关注，9名涉案人员全部归案。网传视频中，警方带9名涉案人员指认现场，施暴者排成一排，身后横幅显示：“2022.6.10”聚众斗殴案指认现场。\n廊坊市公安局广阳分局12日消息，经廊 ​", "textLength": 400, "source_allowclick": 1, "source_type": 1, "source": "<a href=\"http://app.weibo.com/t/feed/5uakoD\" rel=\"nofollow\">HUAWEI Mate 40 Pro</a>", "favorited": false, "truncated": false, "in_reply_to_status_id": "", "in_reply_to_user_id": "", "in_reply_to_screen_name": "", "pic_urls": [], "geo": {"type": "Point", "coordinates": [33.077668, 107.028621]}, "is_paid": false, "mblog_vip_type": 0, "user": {"id": 2209730323, "idstr": "2209730323", "class": 1, "screen_name": "融媒体张灏", "name": "融媒体张灏", "province": "61", "city": "1000", "location": "陕西", "description": "桃李春风一杯酒，江湖夜雨十年灯。", "url": "http://blog.sina.com.cn/u/2209730323", "profile_image_url": "https://tvax1.sinaimg.cn/crop.0.0.1068.1068.50/002pxNNFly8gv5yt92ccbj60to0towgy02.jpg?KID=imgbed,tva&Expires=1670069646&ssig=iquFl4ycdv", "light_ring": false, "cover_image_phone": "http://ww1.sinaimg.cn/crop.0.0.640.640.640/549d0121tw1egm1kjly3jj20hs0hsq4f.jpg;http://wx2.sinaimg.cn/crop.0.0.640.640.640/006JqkDily1gearecv7xgj30n00n0gmu.jpg;http://wx3.sinaimg.cn/crop.0.0.640.640.640/006uEDoRly1gz53xcv5tyj30u00u0q5x.jpg;http://ww1.sinaimg.cn/crop.0.0.640.640.640/6ce2240djw1e9ob3xerqoj20hs0hsjur.jpg", "profile_url": "270088155", "domain": "hzzhanghao", "weihao": "270088155", "gender": "m", "followers_count": 416408, "followers_count_str": "41.6万", "friends_count": 3707, "pagefriends_count": 83, "statuses_count": 57390, "video_status_count": 130, "video_play_count": 0, "super_topic_not_syn_count": 0, "favourites_count": 1761, "created_at": "Thu Jun 30 17:14:52 +0800 2011", "following": false, "allow_all_act_msg": false, "geo_enabled": true, "verified": true, "verified_type": 0, "remark": "", "insecurity": {"sexual_content": false}, "ptype": 0, "allow_all_comment": true, "avatar_large": "https://tvax1.sinaimg.cn/crop.0.0.1068.1068.180/002pxNNFly8gv5yt92ccbj60to0towgy02.jpg?KID=imgbed,tva&Expires=1670069646&ssig=0ORl5YYBAy", "avatar_hd": "https://tvax1.sinaimg.cn/crop.0.0.1068.1068.1024/002pxNNFly8gv5yt92ccbj60to0towgy02.jpg?KID=imgbed,tva&Expires=1670069646&ssig=lCHLFbWmTu", "verified_reason": "陕西印象传媒投资集团有限公司董事长 军事博主", "verified_trade": "1324", "verified_reason_url": "", "verified_source": "", "verified_source_url": "", "verified_state": 0, "verified_level": 3, "verified_type_ext": 0, "has_service_tel": false, "verified_reason_modified": "", "verified_contact_name": "", "verified_contact_email": "", "verified_contact_mobile": "", "follow_me": false, "like": false, "like_me": false, "online_status": 0, "bi_followers_count": 1615, "lang": "zh-cn", "star": 0, "mbtype": 12, "mbrank": 7, "svip": 0, "mb_expire_time": 1678291200, "block_word": 0, "block_app": 1, "chaohua_ability": 0, "brand_ability": 0, "nft_ability": 0, "vplus_ability": 1, "wenda_ability": 0, "live_ability": 0, "gongyi_ability": 0, "paycolumn_ability": 0, "newbrand_ability": 0, "ecommerce_ability": 0, "hardfan_ability": 1, "credit_score": 80, "user_ability": -2135553528, "cardid": "star_1637", "avatargj_id": "gj_vip_786", "urank": 48, "story_read_state": -1, "verified_detail": {"custom": 0, "data": [{"key": 1, "sub_key": 0, "weight": 10, "desc": "陕西印象传媒投资集团有限公司董事长", "timestamp": 0, "verify_extend": {"real_name_verified": "1"}}, {"key": 2, "sub_key": 0, "weight": 101, "desc": "军事博主", "timestamp": 0}]}, "vclub_member": 0, "is_teenager": 0, "is_guardian": 0, "is_teenager_list": 0, "pc_new": 0, "special_follow": false, "planet_video": 2, "video_mark": 3, "live_status": 0, "user_ability_extend": 0, "video_cover": {"mid": 4736554537323998}, "status_total_counter": {"total_cnt": 263442, "repost_cnt": 120629, "comment_cnt": 54384, "like_cnt": 59553, "comment_like_cnt": 28876}, "video_total_counter": {"play_cnt": 283887}, "brand_account": 0, "hongbaofei": 0, "tab_manage": "[0, 0]", "reward_status": 0, "green_mode": 0, "urisk": 60667461632, "avatar_type": 0}, "annotations": [{}, {"spot_type": "0"}, {"shooting": 1, "place": {"poiid": "8008661070000000000", "title": "汉中", "type": "checkin", "spot_type": "0"}, "client_mblogid": "28bcf301-d315-4899-9caf-efb3a11d293d"}, {"mapi_request": true}], "reposts_count": 0, "comments_count": 0, "reprint_cmt_count": 0, "attitudes_count": 0, "pending_approval_count": 0, "isLongText": true, "reward_exhibition_type": 0, "hide_flag": 0, "mlevel": 128, "show_mlevel": 0, "biz_ids": [230444, 100101], "biz_feature": 4294967304, "page_type": 72, "hasActionTypeCard": 0, "darwin_tags": [], "hot_weibo_tags": [], "text_tag_tips": [], "mblogtype": 0, "userType": 0, "extend_info": {"red_envelope": {"red_envelope_flag": "0", "biz_flag": "2"}, "mark": {"value": "1"}}, "mlevelSource": "monitor", "more_info_type": 0, "cardid": "star_1572", "number_display_strategy": {"apply_scenario_flag": 3, "display_text_min_number": 1000000, "display_text": "100万+"}, "positive_recom_flag": 0, "content_auth": 0, "gif_ids": "", "is_show_bulletin": 2, "comment_manage_info": {"comment_permission_type": -1, "approval_comment_type": 0, "comment_sort_type": 0, "ai_play_picture_type": 0}, "pic_num": 0, "can_reprint": false, "new_comment_style": 0}, "readtimetype": "comment", "match_ai_play_picture": false}