{"created_at": "Sat Jun 18 00:35:30 +0800 2022", "id": 4781507682503405, "rootid": 4781436487340697, "rootidstr": "4781436487340697", "floor_number": 0, "text": "回复@扇扇扇你一巴掌:抱抱", "disable_reply": 0, "restrictOperate": 0, "source_allowclick": 0, "source_type": 4, "source": "<a href=\"\" rel=\"nofollow\">来自陕西</a>", "user": {"id": 5367730598, "idstr": "5367730598", "class": 1, "screen_name": "月漏三更时", "name": "月漏三更时", "province": "31", "city": "1", "location": "上海 黄浦区", "description": "我荒废的心会一直爱你.", "url": "", "profile_image_url": "https://tvax3.sinaimg.cn/crop.0.0.664.664.50/005RgrVYly8gt2cdmwblcj30ig0igab3.jpg?KID=imgbed,tva&Expires=1674108238&ssig=uXGDSOuQhw", "light_ring": false, "cover_image_phone": "https://ww1.sinaimg.cn/crop.0.0.640.640.640/549d0121tw1egm1kjly3jj20hs0hsq4f.jpg", "profile_url": "u/5367730598", "domain": "", "weihao": "", "gender": "f", "followers_count": 46, "followers_count_str": "46", "friends_count": 565, "pagefriends_count": 5, "statuses_count": 72, "video_status_count": 0, "video_play_count": 0, "super_topic_not_syn_count": 1, "favourites_count": 3427, "created_at": "Tue Nov 11 11:14:08 +0800 2014", "following": false, "allow_all_act_msg": false, "geo_enabled": true, "verified": false, "verified_type": -1, "remark": "", "insecurity": {"sexual_content": false}, "ptype": 0, "allow_all_comment": true, "avatar_large": "https://tvax3.sinaimg.cn/crop.0.0.664.664.180/005RgrVYly8gt2cdmwblcj30ig0igab3.jpg?KID=imgbed,tva&Expires=1674108238&ssig=ooaaUUDXgj", "avatar_hd": "https://tvax3.sinaimg.cn/crop.0.0.664.664.1024/005RgrVYly8gt2cdmwblcj30ig0igab3.jpg?KID=imgbed,tva&Expires=1674108238&ssig=Mm5oP1GaL1", "verified_reason": "", "verified_trade": "", "verified_reason_url": "", "verified_source": "", "verified_source_url": "", "follow_me": false, "like": false, "like_me": false, "online_status": 0, "bi_followers_count": 1, "lang": "zh-cn", "star": 0, "mbtype": 0, "mbrank": 0, "svip": 0, "mb_expire_time": 0, "block_word": 0, "block_app": 0, "chaohua_ability": 0, "brand_ability": 0, "nft_ability": 0, "vplus_ability": 0, "wenda_ability": 0, "live_ability": 0, "gongyi_ability": 0, "paycolumn_ability": 0, "newbrand_ability": 0, "ecommerce_ability": 0, "hardfan_ability": 0, "wbcolumn_ability": 0, "credit_score": 80, "user_ability": 2097152, "urank": 4, "story_read_state": -1, "vclub_member": 0, "is_teenager": 0, "is_guardian": 0, "is_teenager_list": 0, "pc_new": 0, "special_follow": false, "planet_video": 0, "video_mark": 0, "live_status": 0, "user_ability_extend": 0, "status_total_counter": {"total_cnt": 24, "repost_cnt": 1, "comment_cnt": 3, "like_cnt": 20, "comment_like_cnt": 0}, "video_total_counter": {"play_cnt": -1}, "brand_account": 0, "hongbaofei": 0, "tab_manage": "[0, 0]", "reward_status": 0, "green_mode": 0, "urisk": 8589934592, "unfollowing_recom_switch": 1, "avatar_type": 0}, "mid": "4781507682503405", "idstr": "4781507682503405", "status": {"visible": {"type": 0, "list_id": 0}, "created_at": "Thu Jun 16 22:12:13 +0800 2022", "id": 4781109235424147, "idstr": "4781109235424147", "mid": "4781109235424147", "can_edit": false, "version": 1, "show_additional_indication": 0, "text": "落泪了。。 ​​​​", "textLength": 19, "source_allowclick": 0, "source_type": 1, "source": "<a href=\"http://app.weibo.com/t/feed/6vtZb0\" rel=\"nofollow\">微博 weibo.com</a>", "favorited": false, "truncated": false, "in_reply_to_status_id": "", "in_reply_to_user_id": "", "in_reply_to_screen_name": "", "pic_urls": [{"thumbnail_pic": "http://wx3.sinaimg.cn/thumbnail/003MftuIgy1gyj3bbza7pj60u00yiaej02.jpg"}, {"thumbnail_pic": "http://wx1.sinaimg.cn/thumbnail/003MftuIgy1gyj3bbmff9j60u014017j02.jpg"}, {"thumbnail_pic": "http://wx4.sinaimg.cn/thumbnail/003MftuIgy1gyj3bc9t6kj60rk13ktfi02.jpg"}], "thumbnail_pic": "http://wx3.sinaimg.cn/thumbnail/003MftuIgy1gyj3bbza7pj60u00yiaej02.jpg", "bmiddle_pic": "http://wx3.sinaimg.cn/bmiddle/003MftuIgy1gyj3bbza7pj60u00yiaej02.jpg", "original_pic": "http://wx3.sinaimg.cn/large/003MftuIgy1gyj3bbza7pj60u00yiaej02.jpg", "geo": null, "is_paid": false, "mblog_vip_type": 0, "user": {"id": 1676635883, "idstr": "1676635883", "class": 1, "screen_name": "快乐生产机", "name": "快乐生产机", "province": "44", "city": "1", "location": "广东 广州", "description": "莫得感情的快乐生产机", "url": "", "profile_image_url": "https://tvax2.sinaimg.cn/crop.0.0.1002.1002.50/63ef6eebly8g6d31k6gkwj20ru0rutaa.jpg?KID=imgbed,tva&Expires=1674108238&ssig=RNMhOH%2FBPN", "light_ring": false, "cover_image_phone": "https://ww1.sinaimg.cn/crop.0.0.640.640.640/9d44112bjw1f1xl1c10tuj20hs0hs0tw.jpg", "profile_url": "kmny", "domain": "kmny", "weihao": "", "gender": "m", "followers_count": 1190901, "followers_count_str": "119.1万", "friends_count": 1187, "pagefriends_count": 79, "statuses_count": 69336, "video_status_count": 19625, "video_play_count": 0, "super_topic_not_syn_count": 0, "favourites_count": 296, "created_at": "Wed Dec 30 11:01:29 +0800 2009", "following": false, "allow_all_act_msg": false, "geo_enabled": true, "verified": true, "verified_type": 0, "remark": "", "insecurity": {"sexual_content": false}, "ptype": 0, "allow_all_comment": true, "avatar_large": "https://tvax2.sinaimg.cn/crop.0.0.1002.1002.180/63ef6eebly8g6d31k6gkwj20ru0rutaa.jpg?KID=imgbed,tva&Expires=1674108238&ssig=phyYZtbSLY", "avatar_hd": "https://tvax2.sinaimg.cn/crop.0.0.1002.1002.1024/63ef6eebly8g6d31k6gkwj20ru0rutaa.jpg?KID=imgbed,tva&Expires=1674108238&ssig=95GN%2BUp0sn", "verified_reason": "搞笑幽默博主", "verified_trade": "837", "verified_reason_url": "", "verified_source": "", "verified_source_url": "", "verified_state": 0, "verified_level": 3, "verified_type_ext": 0, "has_service_tel": false, "verified_reason_modified": "", "verified_contact_name": "", "verified_contact_email": "", "verified_contact_mobile": "", "follow_me": false, "like": false, "like_me": false, "online_status": 0, "bi_followers_count": 623, "lang": "zh-cn", "star": 0, "mbtype": 12, "mbrank": 6, "svip": 0, "mb_expire_time": 1720108800, "block_word": 0, "block_app": 1, "chaohua_ability": 0, "brand_ability": 0, "nft_ability": 0, "vplus_ability": 0, "wenda_ability": 0, "live_ability": 0, "gongyi_ability": 0, "paycolumn_ability": 0, "newbrand_ability": 0, "ecommerce_ability": 0, "hardfan_ability": 0, "wbcolumn_ability": 0, "credit_score": 80, "user_ability": -2135687128, "cardid": "star_1439", "avatargj_id": "gj_vip_199", "urank": 22, "story_read_state": -1, "verified_detail": {"custom": 1, "data": [{"key": 2, "sub_key": 0, "weight": 10, "desc": "搞笑幽默博主", "timestamp": 0}]}, "vclub_member": 0, "is_teenager": 0, "is_guardian": 0, "is_teenager_list": 0, "pc_new": 7, "special_follow": false, "planet_video": 2, "video_mark": 15, "live_status": 0, "user_ability_extend": 0, "status_total_counter": {"total_cnt": 2062953, "repost_cnt": 160529, "comment_cnt": 155069, "like_cnt": 1496768, "comment_like_cnt": 250587}, "video_total_counter": {"play_cnt": 38572775}, "brand_account": 0, "hongbaofei": 0, "tab_manage": "[0, 0]", "reward_status": 0, "green_mode": 0, "urisk": 1048576, "unfollowing_recom_switch": 1, "avatar_type": 0}, "picStatus": "1", "reposts_count": 0, "comments_count": 0, "reprint_cmt_count": 0, "attitudes_count": 0, "pending_approval_count": 0, "isLongText": false, "reward_exhibition_type": 0, "hide_flag": 0, "mlevel": 128, "show_mlevel": 0, "biz_feature": 0, "hasActionTypeCard": 0, "darwin_tags": [], "hot_weibo_tags": [], "text_tag_tips": [], "mblogtype": 0, "userType": 0, "mlevelSource": "monitor", "more_info_type": 0, "number_display_strategy": {"apply_scenario_flag": 3, "display_text_min_number": 1000000, "display_text": "100万+"}, "positive_recom_flag": 0, "content_auth": 0, "gif_ids": "", "is_show_bulletin": 2, "comment_manage_info": {"comment_permission_type": -1, "approval_comment_type": 0, "comment_sort_type": 0, "ai_play_picture_type": 0}, "pic_num": 3, "can_reprint": false, "new_comment_style": 0}, "reply_comment": {"created_at": "Fri Jun 17 19:52:36 +0800 2022", "id": 4781436487340697, "rootid": 4781436487340697, "rootidstr": "4781436487340697", "floor_number": 21, "text": "划走又划回来好几次，这位老人家太像我去世多年的爷爷了，他如果顺利读完书眉宇没有间没有愁苦会更像一些，我爷爷是个乐观的人，救了个老命边打字边掉眼泪", "disable_reply": 0, "restrictOperate": 0, "user": {"id": 5360987245, "idstr": "5360987245", "class": 1, "screen_name": "扇扇扇你一巴掌", "name": "扇扇扇你一巴掌", "province": "100", "city": "1000", "location": "其他", "description": "粉色萝莉头，骂死一头牛，别惹我哦，超凶的哦!(ᵒ̤̑ ◁ ᵒ̤̑)", "url": "", "profile_image_url": "https://tvax2.sinaimg.cn/crop.0.0.996.996.50/005QO9Gdly8g7x25n5ijuj30ro0rojtg.jpg?KID=imgbed,tva&Expires=1674108238&ssig=mvRM9gEoUA", "light_ring": false, "cover_image_phone": "https://ww1.sinaimg.cn/crop.0.0.640.640.640/549d0121tw1egm1kjly3jj20hs0hsq4f.jpg", "profile_url": "u/5360987245", "domain": "", "weihao": "", "gender": "f", "followers_count": 304, "followers_count_str": "304", "friends_count": 560, "pagefriends_count": 58, "statuses_count": 90, "video_status_count": 0, "video_play_count": 0, "super_topic_not_syn_count": 10, "favourites_count": 1312, "created_at": "Fri Nov 07 18:26:45 +0800 2014", "following": false, "allow_all_act_msg": false, "geo_enabled": true, "verified": false, "verified_type": -1, "remark": "", "insecurity": {"sexual_content": false}, "ptype": 0, "allow_all_comment": true, "avatar_large": "https://tvax2.sinaimg.cn/crop.0.0.996.996.180/005QO9Gdly8g7x25n5ijuj30ro0rojtg.jpg?KID=imgbed,tva&Expires=1674108238&ssig=NU6X41NjeP", "avatar_hd": "https://tvax2.sinaimg.cn/crop.0.0.996.996.1024/005QO9Gdly8g7x25n5ijuj30ro0rojtg.jpg?KID=imgbed,tva&Expires=1674108238&ssig=pLNxa3%2F8ct", "verified_reason": "", "verified_trade": "", "verified_reason_url": "", "verified_source": "", "verified_source_url": "", "follow_me": false, "like": false, "like_me": false, "online_status": 0, "bi_followers_count": 85, "lang": "zh-cn", "star": 0, "mbtype": 2, "mbrank": 6, "svip": 0, "mb_expire_time": 1644508799, "block_word": 0, "block_app": 0, "credit_score": 80, "user_ability": 2098176, "cardid": "star_1202", "avatargj_id": "gj_vip_374", "urank": 9, "story_read_state": -1, "vclub_member": 0, "is_teenager": 0, "is_guardian": 0, "is_teenager_list": 0, "pc_new": 0, "special_follow": false, "planet_video": 0, "video_mark": 0, "live_status": 0, "user_ability_extend": 0, "status_total_counter": {"total_cnt": 1613, "repost_cnt": 4, "comment_cnt": 895, "like_cnt": 536, "comment_like_cnt": 178}, "video_total_counter": {"play_cnt": -1}, "brand_account": 0, "hongbaofei": 0, "tab_manage": "[0, 0]", "green_mode": 0, "urisk": 0, "unfollowing_recom_switch": 1, "block": 0, "block_me": 0, "avatar_type": 0}, "mid": "4781436487340697", "idstr": "4781436487340697", "match_ai_play_picture": false}, "reply_original_text": "抱抱", "readtimetype": "comment", "match_ai_play_picture": false}