{"created_at": "Sat Jun 18 02:06:42 +0800 2022", "id": 4781530633995730, "rootid": 4781400501518638, "rootidstr": "4781400501518638", "floor_number": 0, "text": "回复@张达姆达姆达姆:那个年代的技校跟现在的技校都不是一个概念，相当于985 211，实打实的毕业出来包工作的，被顶替真的太过分了[跪了]", "disable_reply": 0, "restrictOperate": 0, "source_allowclick": 0, "source_type": 4, "source": "<a href=\"\" rel=\"nofollow\">来自广西</a>", "user": {"id": 6541751024, "idstr": "6541751024", "class": 1, "screen_name": "心软软啊", "name": "心软软啊", "province": "100", "city": "1000", "location": "其他", "description": "雕个花儿呀🌸", "url": "", "profile_image_url": "https://tvax3.sinaimg.cn/crop.0.0.996.996.50/0078Iwhily8gty5ognp66j60ro0ro3zn02.jpg?KID=imgbed,tva&Expires=1674108201&ssig=eRMzjSmtU%2F", "light_ring": false, "cover_image_phone": "https://ww1.sinaimg.cn/crop.0.0.640.640.640/549d0121tw1egm1kjly3jj20hs0hsq4f.jpg", "profile_url": "u/6541751024", "domain": "", "weihao": "", "gender": "m", "followers_count": 120, "followers_count_str": "120", "friends_count": 144, "pagefriends_count": 17, "statuses_count": 460, "video_status_count": 1, "video_play_count": 0, "super_topic_not_syn_count": 4, "favourites_count": 27, "created_at": "Sat May 05 12:11:12 +0800 2018", "following": false, "allow_all_act_msg": false, "geo_enabled": true, "verified": false, "verified_type": -1, "remark": "", "insecurity": {"sexual_content": false}, "ptype": 0, "allow_all_comment": true, "avatar_large": "https://tvax3.sinaimg.cn/crop.0.0.996.996.180/0078Iwhily8gty5ognp66j60ro0ro3zn02.jpg?KID=imgbed,tva&Expires=1674108201&ssig=dZB5rQfIRo", "avatar_hd": "https://tvax3.sinaimg.cn/crop.0.0.996.996.1024/0078Iwhily8gty5ognp66j60ro0ro3zn02.jpg?KID=imgbed,tva&Expires=1674108201&ssig=%2F%2FNSFyfj9T", "verified_reason": "", "verified_trade": "", "verified_reason_url": "", "verified_source": "", "verified_source_url": "", "follow_me": false, "like": false, "like_me": false, "online_status": 0, "bi_followers_count": 28, "lang": "zh-cn", "star": 0, "mbtype": 2, "mbrank": 1, "svip": 0, "mb_expire_time": 1609171199, "block_word": 0, "block_app": 0, "chaohua_ability": 0, "brand_ability": 0, "nft_ability": 0, "vplus_ability": 0, "wenda_ability": 0, "live_ability": 0, "gongyi_ability": 0, "paycolumn_ability": 0, "newbrand_ability": 0, "ecommerce_ability": 0, "hardfan_ability": 0, "wbcolumn_ability": 0, "credit_score": 80, "user_ability": 3145728, "cardid": "star_675", "avatargj_id": "gj_vip_5060", "urank": 14, "story_read_state": -1, "vclub_member": 0, "is_teenager": 0, "is_guardian": 0, "is_teenager_list": 0, "pc_new": 7, "special_follow": false, "planet_video": 2, "video_mark": 2, "live_status": 0, "user_ability_extend": 0, "status_total_counter": {"total_cnt": 407, "repost_cnt": 262, "comment_cnt": 21, "like_cnt": 119, "comment_like_cnt": 5}, "video_total_counter": {"play_cnt": 175}, "brand_account": 0, "hongbaofei": 0, "tab_manage": "[0, 0]", "reward_status": 0, "green_mode": 0, "urisk": 0, "unfollowing_recom_switch": 1, "avatar_type": 0}, "mid": "4781530633995730", "idstr": "4781530633995730", "status": {"visible": {"type": 0, "list_id": 0}, "created_at": "Thu Jun 16 22:12:13 +0800 2022", "id": 4781109235424147, "idstr": "4781109235424147", "mid": "4781109235424147", "can_edit": false, "version": 1, "show_additional_indication": 0, "text": "落泪了。。 ​​​​", "textLength": 19, "source_allowclick": 0, "source_type": 1, "source": "<a href=\"http://app.weibo.com/t/feed/6vtZb0\" rel=\"nofollow\">微博 weibo.com</a>", "favorited": false, "truncated": false, "in_reply_to_status_id": "", "in_reply_to_user_id": "", "in_reply_to_screen_name": "", "pic_urls": [{"thumbnail_pic": "http://wx3.sinaimg.cn/thumbnail/003MftuIgy1gyj3bbza7pj60u00yiaej02.jpg"}, {"thumbnail_pic": "http://wx1.sinaimg.cn/thumbnail/003MftuIgy1gyj3bbmff9j60u014017j02.jpg"}, {"thumbnail_pic": "http://wx4.sinaimg.cn/thumbnail/003MftuIgy1gyj3bc9t6kj60rk13ktfi02.jpg"}], "thumbnail_pic": "http://wx3.sinaimg.cn/thumbnail/003MftuIgy1gyj3bbza7pj60u00yiaej02.jpg", "bmiddle_pic": "http://wx3.sinaimg.cn/bmiddle/003MftuIgy1gyj3bbza7pj60u00yiaej02.jpg", "original_pic": "http://wx3.sinaimg.cn/large/003MftuIgy1gyj3bbza7pj60u00yiaej02.jpg", "geo": null, "is_paid": false, "mblog_vip_type": 0, "user": {"id": 1676635883, "idstr": "1676635883", "class": 1, "screen_name": "快乐生产机", "name": "快乐生产机", "province": "44", "city": "1", "location": "广东 广州", "description": "莫得感情的快乐生产机", "url": "", "profile_image_url": "https://tvax2.sinaimg.cn/crop.0.0.1002.1002.50/63ef6eebly8g6d31k6gkwj20ru0rutaa.jpg?KID=imgbed,tva&Expires=1674108201&ssig=E0j%2FNFNDMp", "light_ring": false, "cover_image_phone": "https://ww1.sinaimg.cn/crop.0.0.640.640.640/9d44112bjw1f1xl1c10tuj20hs0hs0tw.jpg", "profile_url": "kmny", "domain": "kmny", "weihao": "", "gender": "m", "followers_count": 1190901, "followers_count_str": "119.1万", "friends_count": 1187, "pagefriends_count": 79, "statuses_count": 69336, "video_status_count": 19625, "video_play_count": 0, "super_topic_not_syn_count": 0, "favourites_count": 296, "created_at": "Wed Dec 30 11:01:29 +0800 2009", "following": false, "allow_all_act_msg": false, "geo_enabled": true, "verified": true, "verified_type": 0, "remark": "", "insecurity": {"sexual_content": false}, "ptype": 0, "allow_all_comment": true, "avatar_large": "https://tvax2.sinaimg.cn/crop.0.0.1002.1002.180/63ef6eebly8g6d31k6gkwj20ru0rutaa.jpg?KID=imgbed,tva&Expires=1674108201&ssig=w%2Bbc5PDVDD", "avatar_hd": "https://tvax2.sinaimg.cn/crop.0.0.1002.1002.1024/63ef6eebly8g6d31k6gkwj20ru0rutaa.jpg?KID=imgbed,tva&Expires=1674108201&ssig=gwy2cjSNDL", "verified_reason": "搞笑幽默博主", "verified_trade": "837", "verified_reason_url": "", "verified_source": "", "verified_source_url": "", "verified_state": 0, "verified_level": 3, "verified_type_ext": 0, "has_service_tel": false, "verified_reason_modified": "", "verified_contact_name": "", "verified_contact_email": "", "verified_contact_mobile": "", "follow_me": false, "like": false, "like_me": false, "online_status": 0, "bi_followers_count": 623, "lang": "zh-cn", "star": 0, "mbtype": 12, "mbrank": 6, "svip": 0, "mb_expire_time": 1720108800, "block_word": 0, "block_app": 1, "chaohua_ability": 0, "brand_ability": 0, "nft_ability": 0, "vplus_ability": 0, "wenda_ability": 0, "live_ability": 0, "gongyi_ability": 0, "paycolumn_ability": 0, "newbrand_ability": 0, "ecommerce_ability": 0, "hardfan_ability": 0, "wbcolumn_ability": 0, "credit_score": 80, "user_ability": -2135687128, "cardid": "star_1439", "avatargj_id": "gj_vip_199", "urank": 22, "story_read_state": -1, "verified_detail": {"custom": 1, "data": [{"key": 2, "sub_key": 0, "weight": 10, "desc": "搞笑幽默博主", "timestamp": 0}]}, "vclub_member": 0, "is_teenager": 0, "is_guardian": 0, "is_teenager_list": 0, "pc_new": 7, "special_follow": false, "planet_video": 2, "video_mark": 15, "live_status": 0, "user_ability_extend": 0, "status_total_counter": {"total_cnt": 2062953, "repost_cnt": 160529, "comment_cnt": 155069, "like_cnt": 1496768, "comment_like_cnt": 250587}, "video_total_counter": {"play_cnt": 38572775}, "brand_account": 0, "hongbaofei": 0, "tab_manage": "[0, 0]", "reward_status": 0, "green_mode": 0, "urisk": 1048576, "unfollowing_recom_switch": 1, "avatar_type": 0}, "picStatus": "1", "reposts_count": 0, "comments_count": 0, "reprint_cmt_count": 0, "attitudes_count": 0, "pending_approval_count": 0, "isLongText": false, "reward_exhibition_type": 0, "hide_flag": 0, "mlevel": 128, "show_mlevel": 0, "biz_feature": 0, "hasActionTypeCard": 0, "darwin_tags": [], "hot_weibo_tags": [], "text_tag_tips": [], "mblogtype": 0, "userType": 0, "mlevelSource": "monitor", "more_info_type": 0, "number_display_strategy": {"apply_scenario_flag": 3, "display_text_min_number": 1000000, "display_text": "100万+"}, "positive_recom_flag": 0, "content_auth": 0, "gif_ids": "", "is_show_bulletin": 2, "comment_manage_info": {"comment_permission_type": -1, "approval_comment_type": 0, "comment_sort_type": 0, "ai_play_picture_type": 0}, "pic_num": 3, "can_reprint": false, "new_comment_style": 0}, "reply_comment": {"created_at": "Fri Jun 17 21:26:42 +0800 2022", "id": 4781460172835072, "rootid": 4781400501518638, "rootidstr": "4781400501518638", "floor_number": 0, "text": "回复@川岛野菜籽:我老家也有一个，不过是我爷爷辈的人，如果活着已经80了吧，他们那个年代农村能上技校很稀缺了，被人顶替，就痴呆了，每日只能捡废品生活", "disable_reply": 0, "restrictOperate": 0, "user": {"id": 6179911967, "idstr": "6179911967", "class": 1, "screen_name": "炒了两颗娃娃菜", "name": "炒了两颗娃娃菜", "province": "100", "city": "1000", "location": "其他", "description": "好吃懒做，胡吃海塞", "url": "", "profile_image_url": "https://tvax4.sinaimg.cn/crop.0.0.664.664.50/006Kehptly8g5u98k0lw8j30ig0igdgl.jpg?KID=imgbed,tva&Expires=1674108201&ssig=4Q%2BEwUuBXV", "light_ring": false, "cover_image_phone": "https://ww1.sinaimg.cn/crop.0.0.640.640.640/549d0121tw1egm1kjly3jj20hs0hsq4f.jpg", "profile_url": "u/6179911967", "domain": "", "weihao": "", "gender": "f", "followers_count": 59, "followers_count_str": "59", "friends_count": 212, "pagefriends_count": 6, "statuses_count": 34, "video_status_count": 2, "video_play_count": 0, "super_topic_not_syn_count": 0, "favourites_count": 0, "created_at": "Tue Mar 21 18:49:36 +0800 2017", "following": false, "allow_all_act_msg": false, "geo_enabled": true, "verified": false, "verified_type": -1, "remark": "", "insecurity": {"sexual_content": false}, "ptype": 0, "allow_all_comment": true, "avatar_large": "https://tvax4.sinaimg.cn/crop.0.0.664.664.180/006Kehptly8g5u98k0lw8j30ig0igdgl.jpg?KID=imgbed,tva&Expires=1674108201&ssig=RQNEOUKi7C", "avatar_hd": "https://tvax4.sinaimg.cn/crop.0.0.664.664.1024/006Kehptly8g5u98k0lw8j30ig0igdgl.jpg?KID=imgbed,tva&Expires=1674108201&ssig=fb7Hk1%2FXs%2B", "verified_reason": "", "verified_trade": "", "verified_reason_url": "", "verified_source": "", "verified_source_url": "", "follow_me": false, "like": false, "like_me": false, "online_status": 0, "bi_followers_count": 0, "lang": "zh-cn", "star": 0, "mbtype": 12, "mbrank": 3, "svip": 0, "mb_expire_time": 1686931200, "block_word": 0, "block_app": 1, "credit_score": 80, "user_ability": 2359296, "urank": 4, "story_read_state": -1, "vclub_member": 0, "is_teenager": 0, "is_guardian": 0, "is_teenager_list": 0, "pc_new": 0, "special_follow": false, "planet_video": 0, "video_mark": 0, "live_status": 0, "user_ability_extend": 0, "status_total_counter": {"total_cnt": 64, "repost_cnt": 9, "comment_cnt": 32, "like_cnt": 19, "comment_like_cnt": 4}, "video_total_counter": {"play_cnt": 565}, "brand_account": 0, "hongbaofei": 0, "tab_manage": "[0, 0]", "green_mode": 0, "urisk": 0, "unfollowing_recom_switch": 1, "block": 0, "block_me": 0, "avatar_type": 0}, "mid": "4781460172835072", "idstr": "4781460172835072", "match_ai_play_picture": false}, "reply_original_text": "那个年代的技校跟现在的技校都不是一个概念，相当于985 211，实打实的毕业出来包工作的，被顶替真的太过分了[跪了]", "readtimetype": "comment", "match_ai_play_picture": false}