{"created_at": "Mon Dec 12 18:25:11 +0800 2022", "id": 4845919528555188, "rootid": 4845903670681298, "rootidstr": "4845903670681298", "floor_number": 0, "text": "回复@谁的乱花:我们街道的顺丰电话我说最近不能下单了，他们接触的人多货多，发烧了更不敢配送了", "disable_reply": 0, "restrictOperate": 0, "source_allowclick": 0, "source_type": 4, "source": "<a href=\"\" rel=\"nofollow\">来自天津</a>", "user": {"id": 1659673653, "idstr": "1659673653", "class": 1, "screen_name": "wingmary", "name": "wingmary", "province": "12", "city": "1000", "location": "天津", "description": "“总有一种力量让我们泪流满面” 不论这是最好的时代还是最坏的时代，我都相信。", "url": "", "profile_image_url": "https://tva1.sinaimg.cn/crop.0.0.180.180.50/62ec9c35jw1e8qgp5bmzyj2050050aa8.jpg?KID=imgbed,tva&Expires=1670864049&ssig=ZnmMAnN%2FLV", "light_ring": false, "cover_image_phone": "https://ww1.sinaimg.cn/crop.0.0.640.640.640/549d0121tw1egm1kjly3jj20hs0hsq4f.jpg", "profile_url": "u/1659673653", "domain": "", "weihao": "", "gender": "f", "followers_count": 124, "followers_count_str": "124", "friends_count": 384, "pagefriends_count": 7, "statuses_count": 284, "video_status_count": 0, "video_play_count": 0, "super_topic_not_syn_count": 0, "favourites_count": 2305, "created_at": "Mon Nov 09 19:54:59 +0800 2009", "following": false, "allow_all_act_msg": false, "geo_enabled": true, "verified": false, "verified_type": -1, "remark": "", "insecurity": {"sexual_content": false}, "ptype": 0, "allow_all_comment": false, "avatar_large": "https://tva1.sinaimg.cn/crop.0.0.180.180.180/62ec9c35jw1e8qgp5bmzyj2050050aa8.jpg?KID=imgbed,tva&Expires=1670864049&ssig=rkMSR2TbOz", "avatar_hd": "https://tva1.sinaimg.cn/crop.0.0.180.180.1024/62ec9c35jw1e8qgp5bmzyj2050050aa8.jpg?KID=imgbed,tva&Expires=1670864049&ssig=Lk0Nf8ccJp", "verified_reason": "", "verified_trade": "", "verified_reason_url": "", "verified_source": "", "verified_source_url": "", "follow_me": false, "like": false, "like_me": false, "online_status": 0, "bi_followers_count": 21, "lang": "zh-cn", "star": 0, "mbtype": 0, "mbrank": 0, "svip": 0, "mb_expire_time": 0, "block_word": 0, "block_app": 0, "chaohua_ability": 0, "brand_ability": 0, "nft_ability": 0, "vplus_ability": 0, "wenda_ability": 0, "live_ability": 0, "gongyi_ability": 0, "paycolumn_ability": 0, "newbrand_ability": 0, "ecommerce_ability": 0, "hardfan_ability": 0, "credit_score": 80, "user_ability": 2098176, "urank": 29, "story_read_state": -1, "vclub_member": 0, "is_teenager": 0, "is_guardian": 0, "is_teenager_list": 0, "pc_new": 7, "special_follow": false, "planet_video": 0, "video_mark": 0, "live_status": 0, "user_ability_extend": 0, "status_total_counter": {"total_cnt": 247, "repost_cnt": 73, "comment_cnt": 116, "like_cnt": 58, "comment_like_cnt": 0}, "video_total_counter": {"play_cnt": -1}, "brand_account": 0, "hongbaofei": 0, "tab_manage": "[0, 0]", "reward_status": 0, "green_mode": 0, "urisk": 0, "avatar_type": 0}, "mid": "4845919528555188", "idstr": "4845919528555188", "status": {"visible": {"type": 0, "list_id": 0}, "created_at": "Mon Dec 12 17:18:53 +0800 2022", "id": 4845902843614802, "idstr": "4845902843614802", "mid": "4845902843614802", "can_edit": false, "show_additional_indication": 0, "text": "#顺丰崩了#，刚才腾讯会议崩了，所以这事也会传染吗？[允悲]\n    顺丰快递慢这事应该有十天半个月了吧，现在买个水果都心惊胆战的，老害怕坏在路上[doge]\n    合理猜测平常快递正常时大家不太会打开顺丰APP或者小程序查看，最近快递老收不到大家加大了进去查看的频率，然后后天绷不住了[喵喵] ​", "textLength": 271, "source_allowclick": 0, "source_type": 2, "source": "<a href=\"http://weibo.com/\" rel=\"nofollow\">绿气的沙发</a>", "favorited": false, "truncated": false, "in_reply_to_status_id": "", "in_reply_to_user_id": "", "in_reply_to_screen_name": "", "pic_urls": [{"thumbnail_pic": "http://wx1.sinaimg.cn/thumbnail/69744744ly1h915b8aziij20zo1xywr2.jpg"}], "thumbnail_pic": "http://wx1.sinaimg.cn/thumbnail/69744744ly1h915b8aziij20zo1xywr2.jpg", "bmiddle_pic": "http://wx1.sinaimg.cn/bmiddle/69744744ly1h915b8aziij20zo1xywr2.jpg", "original_pic": "http://wx1.sinaimg.cn/large/69744744ly1h915b8aziij20zo1xywr2.jpg", "geo": null, "is_paid": false, "mblog_vip_type": 0, "user": {"id": 1769228100, "idstr": "1769228100", "class": 1, "screen_name": "长安数码君", "name": "长安数码君", "province": "61", "city": "1000", "location": "陕西", "description": "最新手机数码资讯，美食数码运动家电～商务VX：changanshumajun，注明来意", "url": "http://blog.sina.com.cn/u/1769228100", "profile_image_url": "https://tvax4.sinaimg.cn/crop.0.0.511.511.50/69744744ly8h8uhmjuc76j20e70e7mxt.jpg?KID=imgbed,tva&Expires=1670864049&ssig=4525mLzupH", "light_ring": false, "cover_image": "https://wx2.sinaimg.cn/crop.0.0.920.300/69744744ly1fusouqec0sj20pk08ctne.jpg", "cover_image_phone": "https://ww2.sinaimg.cn/crop.0.0.640.640/68f96449jw1ergqx79rw4j20hs0hswh0.jpg", "profile_url": "zanghuaren", "domain": "zanghuaren", "weihao": "", "gender": "m", "followers_count": 1347317, "followers_count_str": "134.7万", "friends_count": 443, "pagefriends_count": 22, "statuses_count": 20591, "video_status_count": 699, "video_play_count": 0, "super_topic_not_syn_count": 91, "favourites_count": 6745, "created_at": "Tue Jul 06 20:59:48 +0800 2010", "following": false, "allow_all_act_msg": false, "geo_enabled": true, "verified": true, "verified_type": 0, "remark": "", "insecurity": {"sexual_content": false}, "ptype": 0, "allow_all_comment": true, "avatar_large": "https://tvax4.sinaimg.cn/crop.0.0.511.511.180/69744744ly8h8uhmjuc76j20e70e7mxt.jpg?KID=imgbed,tva&Expires=1670864049&ssig=w9ucLXd7Nw", "avatar_hd": "https://tvax4.sinaimg.cn/crop.0.0.511.511.1024/69744744ly8h8uhmjuc76j20e70e7mxt.jpg?KID=imgbed,tva&Expires=1670864049&ssig=Ik2d9yexbw", "verified_reason": "知名数码博主 微博原创视频博主 2022年辰星计划博主 头条文章作者", "verified_trade": "", "verified_reason_url": "", "verified_source": "", "verified_source_url": "", "verified_state": 0, "verified_level": 3, "verified_type_ext": 1, "has_service_tel": false, "verified_reason_modified": "", "verified_contact_name": "", "verified_contact_email": "", "verified_contact_mobile": "", "follow_me": false, "like": false, "like_me": false, "online_status": 0, "bi_followers_count": 198, "lang": "zh-cn", "star": 0, "mbtype": 12, "mbrank": 8, "svip": 1, "mb_expire_time": 1699027200, "block_word": 0, "block_app": 1, "chaohua_ability": 0, "brand_ability": 0, "nft_ability": 0, "vplus_ability": 1, "wenda_ability": 0, "live_ability": 1, "gongyi_ability": 0, "paycolumn_ability": 0, "newbrand_ability": 0, "ecommerce_ability": 0, "hardfan_ability": 1, "credit_score": 80, "user_ability": -2135552488, "cardid": "star_1572", "avatargj_id": "gj_vip_073", "urank": 40, "story_read_state": -1, "verified_detail": {"custom": 1, "data": [{"key": 2, "sub_key": 0, "weight": 10, "desc": "知名数码博主", "timestamp": 0}, {"key": 4, "sub_key": 9, "weight": 999, "desc": "头条文章作者", "timestamp": 0}, {"key": 16, "sub_key": 7, "weight": 11, "desc": "微博原创视频博主", "timestamp": 0}, {"key": 1, "sub_key": 0, "weight": 100, "desc": "2022年辰星计划博主", "timestamp": 0}]}, "vclub_member": 0, "is_teenager": 0, "is_guardian": 0, "is_teenager_list": 0, "pc_new": 7, "special_follow": false, "planet_video": 2, "video_mark": 15, "live_status": 0, "user_ability_extend": 1, "status_total_counter": {"total_cnt": 16573759, "repost_cnt": 400440, "comment_cnt": 2231622, "like_cnt": 9240220, "comment_like_cnt": 4701477}, "video_total_counter": {"play_cnt": 85142405}, "brand_account": 0, "hongbaofei": 0, "tab_manage": "[0, 0]", "reward_status": 0, "green_mode": 0, "urisk": 0, "avatar_type": 0}, "annotations": [{"photo_sub_type": "0"}, {"ann_ext": "ann_ext:search|t:31|q:顺丰崩了|creator_source:bottomsendweibo"}, {"client_mblogid": "iPhone-0247DC6D-10EE-44E8-A87C-0CB8B638BE93"}, {"mapi_request": true}], "picStatus": "0:1", "reposts_count": 0, "comments_count": 0, "reprint_cmt_count": 0, "attitudes_count": 0, "pending_approval_count": 0, "isLongText": false, "reward_exhibition_type": 0, "hide_flag": 0, "mlevel": 0, "show_mlevel": 0, "biz_feature": 4294967300, "page_type": 64, "hasActionTypeCard": 0, "darwin_tags": [], "hot_weibo_tags": [], "text_tag_tips": [], "mblogtype": 0, "userType": 0, "more_info_type": 0, "cardid": "star_1572", "number_display_strategy": {"apply_scenario_flag": 3, "display_text_min_number": 1000000, "display_text": "100万+"}, "positive_recom_flag": 0, "content_auth": 0, "gif_ids": "", "is_show_bulletin": 2, "comment_manage_info": {"comment_permission_type": -1, "approval_comment_type": 0, "comment_sort_type": 0, "ai_play_picture_type": 0}, "pic_num": 1, "can_reprint": false, "new_comment_style": 0}, "reply_comment": {"created_at": "Mon Dec 12 17:22:10 +0800 2022", "id": 4845903670681298, "rootid": 4845903670681298, "rootidstr": "4845903670681298", "floor_number": 6, "text": "最后一次发顺丰了，主机加显示器卡了十天了，预计送达永远是明天，打电话说一个中转站积压几十万件货没啥办法，现在只希望别压坏了", "disable_reply": 0, "restrictOperate": 0, "comment_badge": [{"pic_url": "https://h5.sinaimg.cn/upload/114/962/2022/07/08/member_0_bigfan1_1.png", "name": "loyal_fans", "length": 1.33, "actionlog": {"act_code": "3671", "ext": "status:fans"}, "scheme": "https://kefu.weibo.com/faqdetail?id=20848", "new_icon": true}, {"pic_url": "https://h5.sinaimg.cn/upload/114/962/2022/07/08/member_0_bigfan1_1.png", "name": "loyal_fans", "length": 1.33, "actionlog": {"act_code": "3671", "ext": "status:fans"}, "scheme": "https://kefu.weibo.com/faqdetail?id=20848", "new_icon": true}], "user": {"id": 5503082225, "idstr": "5503082225", "class": 1, "screen_name": "谁的乱花", "name": "谁的乱花", "province": "100", "city": "1000", "location": "其他", "description": "", "url": "", "profile_image_url": "https://tva3.sinaimg.cn/crop.0.0.664.664.50/0060qn4Jjw8f4xhhncot4j30ig0iggmm.jpg?KID=imgbed,tva&Expires=1670864049&ssig=uHVMOHh1Mm", "light_ring": false, "cover_image_phone": "https://ww1.sinaimg.cn/crop.0.0.640.640.640/549d0121tw1egm1kjly3jj20hs0hsq4f.jpg", "profile_url": "u/5503082225", "domain": "", "weihao": "", "gender": "m", "followers_count": 27, "followers_count_str": "27", "friends_count": 44, "pagefriends_count": 4, "statuses_count": 92, "video_status_count": 1, "video_play_count": 0, "super_topic_not_syn_count": 0, "favourites_count": 7, "created_at": "Sat Jan 31 20:55:38 +0800 2015", "following": false, "allow_all_act_msg": false, "geo_enabled": true, "verified": false, "verified_type": -1, "remark": "", "insecurity": {"sexual_content": false}, "ptype": 0, "allow_all_comment": true, "avatar_large": "https://tva3.sinaimg.cn/crop.0.0.664.664.180/0060qn4Jjw8f4xhhncot4j30ig0iggmm.jpg?KID=imgbed,tva&Expires=1670864049&ssig=LHB10pxQuq", "avatar_hd": "https://tva3.sinaimg.cn/crop.0.0.664.664.1024/0060qn4Jjw8f4xhhncot4j30ig0iggmm.jpg?KID=imgbed,tva&Expires=1670864049&ssig=2jAEQ6K7jC", "verified_reason": "", "verified_trade": "", "verified_reason_url": "", "verified_source": "", "verified_source_url": "", "follow_me": false, "like": false, "like_me": false, "online_status": 0, "bi_followers_count": 9, "lang": "zh-cn", "star": 0, "mbtype": 0, "mbrank": 0, "svip": 0, "mb_expire_time": 0, "block_word": 0, "block_app": 0, "chaohua_ability": 0, "brand_ability": 0, "nft_ability": 0, "vplus_ability": 0, "wenda_ability": 0, "live_ability": 0, "gongyi_ability": 0, "paycolumn_ability": 0, "newbrand_ability": 0, "ecommerce_ability": 0, "hardfan_ability": 0, "credit_score": 80, "user_ability": 2359296, "urank": 4, "story_read_state": -1, "vclub_member": 0, "is_teenager": 0, "is_guardian": 0, "is_teenager_list": 0, "pc_new": 0, "special_follow": false, "planet_video": 0, "video_mark": 0, "live_status": 0, "user_ability_extend": 0, "status_total_counter": {"total_cnt": 137, "repost_cnt": 0, "comment_cnt": 58, "like_cnt": 79, "comment_like_cnt": 0}, "video_total_counter": {"play_cnt": 6}, "brand_account": 0, "hongbaofei": 0, "tab_manage": "[0, 0]", "reward_status": 0, "green_mode": 0, "urisk": 8589934592, "avatar_type": 0}, "mid": "4845903670681298", "idstr": "4845903670681298", "match_ai_play_picture": false}, "reply_original_text": "我们街道的顺丰电话我说最近不能下单了，他们接触的人多货多，发烧了更不敢配送了", "readtimetype": "comment", "match_ai_play_picture": false}