{"created_at": "Mon Dec 12 21:23:50 +0800 2022", "id": 4845964491230204, "rootid": 4845642172863248, "rootidstr": "4845642172863248", "floor_number": 0, "text": "回复@Nj易寒:你连身份证上是不是真的出生日期都不能肯定吧。可能是阴历？或者就不是真天蝎也未可知呀。[微笑]", "disable_reply": 0, "restrictOperate": 0, "source_allowclick": 0, "source_type": 4, "source": "<a href=\"\" rel=\"nofollow\">来自广东</a>", "user": {"id": 5356612174, "idstr": "5356612174", "class": 1, "screen_name": "还未看开__还在等花开", "name": "还未看开__还在等花开", "province": "44", "city": "1000", "location": "广东", "description": "", "url": "", "profile_image_url": "https://tvax2.sinaimg.cn/crop.0.0.1080.1080.50/005QvNwyly8h3pgtco10oj30u00u0gmo.jpg?KID=imgbed,tva&Expires=1673957877&ssig=luPoAOaDSJ", "light_ring": false, "cover_image_phone": "https://wx1.sinaimg.cn/crop.0.0.640.640.640/005QvNwygy1h2i8e54jz5j30gz0gz76i.jpg", "profile_url": "u/5356612174", "domain": "", "weihao": "", "gender": "f", "followers_count": 54, "followers_count_str": "54", "friends_count": 10, "pagefriends_count": 5, "statuses_count": 80, "video_status_count": 0, "video_play_count": 0, "super_topic_not_syn_count": 0, "favourites_count": 10, "created_at": "Tue Dec 09 23:05:47 +0800 2014", "following": false, "allow_all_act_msg": false, "geo_enabled": true, "verified": false, "verified_type": -1, "remark": "", "insecurity": {"sexual_content": false}, "ptype": 0, "allow_all_comment": true, "avatar_large": "https://tvax2.sinaimg.cn/crop.0.0.1080.1080.180/005QvNwyly8h3pgtco10oj30u00u0gmo.jpg?KID=imgbed,tva&Expires=1673957877&ssig=ASCgf07VJt", "avatar_hd": "https://tvax2.sinaimg.cn/crop.0.0.1080.1080.1024/005QvNwyly8h3pgtco10oj30u00u0gmo.jpg?KID=imgbed,tva&Expires=1673957877&ssig=ILlTyPiSvD", "verified_reason": "", "verified_trade": "", "verified_reason_url": "", "verified_source": "", "verified_source_url": "", "follow_me": false, "like": false, "like_me": false, "online_status": 0, "bi_followers_count": 0, "lang": "zh-cn", "star": 0, "mbtype": 12, "mbrank": 5, "svip": 0, "mb_expire_time": 1675699200, "block_word": 0, "block_app": 1, "chaohua_ability": 0, "brand_ability": 0, "nft_ability": 0, "vplus_ability": 0, "wenda_ability": 0, "live_ability": 0, "gongyi_ability": 0, "paycolumn_ability": 0, "newbrand_ability": 0, "ecommerce_ability": 0, "hardfan_ability": 0, "wbcolumn_ability": 0, "credit_score": 80, "user_ability": 2097152, "urank": 4, "story_read_state": -1, "vclub_member": 0, "is_teenager": 0, "is_guardian": 0, "is_teenager_list": 0, "pc_new": 0, "special_follow": false, "planet_video": 2, "video_mark": 2, "live_status": 0, "user_ability_extend": 0, "status_total_counter": {"total_cnt": 47, "repost_cnt": 6, "comment_cnt": 10, "like_cnt": 31, "comment_like_cnt": 0}, "video_total_counter": {"play_cnt": 0}, "brand_account": 0, "hongbaofei": 0, "tab_manage": "[0, 0]", "reward_status": 0, "green_mode": 0, "urisk": 0, "avatar_type": 0}, "mid": "4845964491230204", "idstr": "4845964491230204", "status": {"visible": {"type": 0, "list_id": 0}, "created_at": "Sun Dec 11 10:57:53 +0800 2022", "id": 4845444573958167, "idstr": "4845444573958167", "mid": "4845444573958167", "can_edit": false, "version": 151, "show_additional_indication": 0, "text": "【湛江#警方通报男子当街持刀捅死一女子#：因感情纠纷，嫌疑人已自首】12月9日，广东湛江赤坎区海湾路发生一起故意伤害案，一女子被捅伤后送医抢救无效死亡。网传视频显示，一男子与一女子当街发生纠纷，男子抽出刀连捅女子数刀，随后逃离现场。据湛江市公安局赤坎分局通报，犯罪嫌疑人黄某南于10日凌 ​", "textLength": 387, "source_allowclick": 0, "source_type": 2, "source": "", "favorited": false, "truncated": false, "in_reply_to_status_id": "", "in_reply_to_user_id": "", "in_reply_to_screen_name": "", "pic_urls": [], "geo": null, "is_paid": false, "mblog_vip_type": 0, "user": {"id": 6250824982, "idstr": "6250824982", "class": 1, "screen_name": "时间视频", "name": "时间视频", "province": "11", "city": "1000", "location": "北京", "description": "有偿征集突发报料、视频投稿，投稿方式：北京时间网站/APP-个人主页-时间拍客；邮箱：shijianshipin@sina.com", "url": "", "profile_image_url": "https://tvax4.sinaimg.cn/crop.0.0.888.888.50/006P1P7Mly8h8vg7e1x1lj30oo0oo0ub.jpg?KID=imgbed,tva&Expires=1673957877&ssig=7w5ZOUbtQL", "light_ring": false, "cover_image": "https://wx4.sinaimg.cn/crop.0.0.920.300/006P1P7Mly1gspr2y8y4yj30pk08cn06.jpg", "cover_image_phone": "https://wx1.sinaimg.cn/crop.0.0.640.640.640/006P1P7Mly1gsxpivieetj30e80e8wgk.jpg;https://wx1.sinaimg.cn/crop.0.0.640.640.640/006P1P7Mly1h0k7hh48woj30wi0wigph.jpg;https://ww1.sinaimg.cn/crop.0.0.640.640.640/549d0121tw1egm1kjly3jj20hs0hsq4f.jpg;https://wx1.sinaimg.cn/crop.0.0.640.640.640/006P1P7Mly1gj9k5cumyxj30ku0kuq3c.jpg", "profile_url": "u/6250824982", "domain": "", "weihao": "", "gender": "m", "followers_count": 10058806, "followers_count_str": "1005.9万", "friends_count": 582, "pagefriends_count": 8, "statuses_count": 62992, "video_status_count": 26067, "video_play_count": 0, "super_topic_not_syn_count": 0, "favourites_count": 18, "created_at": "Wed May 17 08:45:54 +0800 2017", "following": false, "allow_all_act_msg": false, "geo_enabled": true, "verified": true, "verified_type": 3, "remark": "", "insecurity": {"sexual_content": false}, "ptype": 0, "allow_all_comment": true, "avatar_large": "https://tvax4.sinaimg.cn/crop.0.0.888.888.180/006P1P7Mly8h8vg7e1x1lj30oo0oo0ub.jpg?KID=imgbed,tva&Expires=1673957877&ssig=Kp0O7z4e7d", "avatar_hd": "https://tvax4.sinaimg.cn/crop.0.0.888.888.1024/006P1P7Mly8h8vg7e1x1lj30oo0oo0ub.jpg?KID=imgbed,tva&Expires=1673957877&ssig=nRUAOClmkf", "verified_reason": "北京时间旗下泛资讯短视频平台", "verified_trade": "", "verified_reason_url": "", "verified_source": "", "verified_source_url": "", "verified_state": 0, "verified_level": 3, "verified_type_ext": 0, "has_service_tel": false, "verified_reason_modified": "", "verified_contact_name": "", "verified_contact_email": "", "verified_contact_mobile": "", "follow_me": false, "like": false, "like_me": false, "online_status": 0, "bi_followers_count": 365, "lang": "zh-cn", "star": 0, "mbtype": 12, "mbrank": 7, "svip": 0, "mb_expire_time": 1692028800, "block_word": 1, "block_app": 1, "chaohua_ability": 0, "brand_ability": 0, "nft_ability": 0, "vplus_ability": 0, "wenda_ability": 0, "live_ability": 1, "gongyi_ability": 0, "paycolumn_ability": 0, "newbrand_ability": 0, "ecommerce_ability": 0, "hardfan_ability": 1, "wbcolumn_ability": 0, "credit_score": 80, "user_ability": 279184136, "cardid": "star_1600", "avatargj_id": "gj_vip_756", "urank": 36, "story_read_state": -1, "vclub_member": 0, "is_teenager": 0, "is_guardian": 0, "is_teenager_list": 1, "pc_new": 7, "special_follow": false, "planet_video": 2, "video_mark": 15, "live_status": 0, "user_ability_extend": 1, "status_total_counter": {"total_cnt": 110210635, "repost_cnt": 4301212, "comment_cnt": 9051789, "like_cnt": 25513994, "comment_like_cnt": 71343640}, "video_total_counter": {"play_cnt": 13920781134}, "brand_account": 0, "hongbaofei": 0, "tab_manage": "[0, 0]", "reward_status": 0, "green_mode": 0, "urisk": 0, "avatar_type": 0}, "annotations": [{}, {}, {"client_mblogid": "iPhone-6BBA15B2-057D-4707-B5A2-0B59F79742C7"}, {"mapi_request": true}], "reposts_count": 0, "comments_count": 0, "reprint_cmt_count": 0, "attitudes_count": 0, "pending_approval_count": 0, "isLongText": true, "reward_exhibition_type": 0, "hide_flag": 0, "mlevel": 0, "show_mlevel": 0, "biz_ids": [230444], "biz_feature": 4294967304, "page_type": 64, "hasActionTypeCard": 0, "darwin_tags": [], "hot_weibo_tags": [], "text_tag_tips": [], "mblogtype": 0, "userType": 0, "extend_info": {"red_envelope": {"red_envelope_flag": "0", "biz_flag": "2"}, "mark": {"value": "1"}}, "more_info_type": 0, "cardid": "star_1600", "positive_recom_flag": 0, "content_auth": 0, "gif_ids": "", "is_show_bulletin": 2, "comment_manage_info": {"comment_permission_type": -1, "approval_comment_type": 0, "comment_sort_type": 0, "ai_play_picture_type": 0}, "pic_num": 0, "fid": 4845444470669467, "can_reprint": false, "new_comment_style": 0}, "reply_comment": {"created_at": "Mon Dec 12 21:20:25 +0800 2022", "id": 4845963628513109, "rootid": 4845642172863248, "rootidstr": "4845642172863248", "floor_number": 0, "text": "回复@还未看开__还在等花开:[允悲]我当然知道，你不是谁都可以看得到人家星盘，太阳只是一个大归类。哥哥从事这个职业十几年。我只告诉你此类事情天蝎占比最大，不争的事实，无论你查资料'看进去所有情感类犯罪天蝎遥遥领先", "disable_reply": 0, "restrictOperate": 0, "user": {"id": 2012303891, "idstr": "2012303891", "class": 1, "screen_name": "Nj易寒", "name": "Nj易寒", "province": "36", "city": "4", "location": "江西 九江", "description": "男人简单，精彩....", "url": "", "profile_image_url": "https://tvax1.sinaimg.cn/crop.0.0.1080.1080.50/77f15213ly8h91bh2awlpj20u00u0dju.jpg?KID=imgbed,tva&Expires=1673957877&ssig=bMUrb18b7X", "light_ring": false, "cover_image_phone": "https://ww1.sinaimg.cn/crop.0.0.640.640.640/549d0121tw1egm1kjly3jj20hs0hsq4f.jpg", "profile_url": "u/2012303891", "domain": "", "weihao": "", "gender": "m", "followers_count": 2790, "followers_count_str": "2790", "friends_count": 234, "pagefriends_count": 25, "statuses_count": 29, "video_status_count": 1, "video_play_count": 0, "super_topic_not_syn_count": 0, "favourites_count": 2, "created_at": "Mon Mar 07 17:11:04 +0800 2011", "following": false, "allow_all_act_msg": false, "geo_enabled": false, "verified": false, "verified_type": -1, "remark": "", "insecurity": {"sexual_content": false}, "ptype": 0, "allow_all_comment": true, "avatar_large": "https://tvax1.sinaimg.cn/crop.0.0.1080.1080.180/77f15213ly8h91bh2awlpj20u00u0dju.jpg?KID=imgbed,tva&Expires=1673957877&ssig=YKlU5jFZNf", "avatar_hd": "https://tvax1.sinaimg.cn/crop.0.0.1080.1080.1024/77f15213ly8h91bh2awlpj20u00u0dju.jpg?KID=imgbed,tva&Expires=1673957877&ssig=NcRfKlYfeZ", "verified_reason": "", "verified_trade": "", "verified_reason_url": "", "verified_source": "", "verified_source_url": "", "follow_me": false, "like": false, "like_me": false, "online_status": 0, "bi_followers_count": 33, "lang": "zh-cn", "star": 0, "mbtype": 0, "mbrank": 0, "svip": 0, "mb_expire_time": 0, "block_word": 0, "block_app": 0, "chaohua_ability": 0, "brand_ability": 0, "nft_ability": 0, "vplus_ability": 0, "wenda_ability": 0, "live_ability": 0, "gongyi_ability": 0, "paycolumn_ability": 0, "newbrand_ability": 0, "ecommerce_ability": 0, "hardfan_ability": 0, "wbcolumn_ability": 0, "credit_score": 80, "user_ability": 2359296, "urank": 10, "story_read_state": -1, "vclub_member": 0, "is_teenager": 0, "is_guardian": 0, "is_teenager_list": 0, "pc_new": 7, "special_follow": false, "planet_video": 0, "video_mark": 0, "live_status": 0, "user_ability_extend": 0, "status_total_counter": {"total_cnt": 42, "repost_cnt": 1, "comment_cnt": 7, "like_cnt": 34, "comment_like_cnt": 0}, "video_total_counter": {"play_cnt": 12}, "brand_account": 0, "hongbaofei": 0, "tab_manage": "[0, 0]", "reward_status": 0, "green_mode": 0, "urisk": 17179869184, "avatar_type": 0}, "mid": "4845963628513109", "idstr": "4845963628513109", "match_ai_play_picture": false}, "reply_original_text": "你连身份证上是不是真的出生日期都不能肯定吧。可能是阴历？或者就不是真天蝎也未可知呀。[微笑]", "readtimetype": "comment", "match_ai_play_picture": false}