{"created_at": "Mon Dec 12 20:42:08 +0800 2022", "id": 4845953993938979, "rootid": 4845591643820395, "rootidstr": "4845591643820395", "floor_number": 0, "text": "回复@ILOVChina:想要制造一种恐怖氛围吧，觉得女人都怕了就不敢拒绝男人的要求了", "disable_reply": 0, "restrictOperate": 0, "source_allowclick": 0, "source_type": 4, "source": "<a href=\"\" rel=\"nofollow\">来自吉林</a>", "user": {"id": 1145114392, "idstr": "1145114392", "class": 1, "screen_name": "当地土豆野蛮生长", "name": "当地土豆野蛮生长", "province": "100", "city": "1000", "location": "其他", "description": "来都来了，什么都体验一下，苦也好乐也好，来啥爽啥呗┝镇魂 防搜", "url": "", "profile_image_url": "https://tvax1.sinaimg.cn/crop.0.0.1080.1080.50/44410f18ly8gxxctxki9cj20u00u075z.jpg?KID=imgbed,tva&Expires=1673958018&ssig=0Bac2AM0sq", "light_ring": false, "cover_image_phone": "https://ww1.sinaimg.cn/crop.0.0.640.640.640/549d0121tw1egm1kjly3jj20hs0hsq4f.jpg", "profile_url": "u/1145114392", "domain": "", "weihao": "", "gender": "f", "followers_count": 322, "followers_count_str": "322", "friends_count": 295, "pagefriends_count": 69, "statuses_count": 4361, "video_status_count": 6, "video_play_count": 0, "super_topic_not_syn_count": 0, "favourites_count": 550, "created_at": "Wed Jan 04 14:20:24 +0800 2012", "following": false, "allow_all_act_msg": false, "geo_enabled": true, "verified": false, "verified_type": -1, "remark": "", "insecurity": {"sexual_content": false}, "ptype": 0, "allow_all_comment": false, "avatar_large": "https://tvax1.sinaimg.cn/crop.0.0.1080.1080.180/44410f18ly8gxxctxki9cj20u00u075z.jpg?KID=imgbed,tva&Expires=1673958018&ssig=oZD3TfQryu", "avatar_hd": "https://tvax1.sinaimg.cn/crop.0.0.1080.1080.1024/44410f18ly8gxxctxki9cj20u00u075z.jpg?KID=imgbed,tva&Expires=1673958018&ssig=A7f0LoGFSH", "verified_reason": "", "verified_trade": "", "verified_reason_url": "", "verified_source": "", "verified_source_url": "", "follow_me": false, "like": false, "like_me": false, "online_status": 0, "bi_followers_count": 74, "lang": "zh-cn", "star": 0, "mbtype": 12, "mbrank": 5, "svip": 0, "mb_expire_time": 1678291200, "block_word": 0, "block_app": 1, "chaohua_ability": 0, "brand_ability": 0, "nft_ability": 0, "vplus_ability": 0, "wenda_ability": 0, "live_ability": 0, "gongyi_ability": 0, "paycolumn_ability": 0, "newbrand_ability": 0, "ecommerce_ability": 0, "hardfan_ability": 0, "wbcolumn_ability": 0, "credit_score": 80, "user_ability": 2359296, "avatargj_id": "gj_vip_036", "urank": 34, "story_read_state": -1, "vclub_member": 0, "is_teenager": 0, "is_guardian": 0, "is_teenager_list": 0, "pc_new": 7, "special_follow": false, "planet_video": 2, "video_mark": 2, "live_status": 0, "user_ability_extend": 0, "status_total_counter": {"total_cnt": 7417, "repost_cnt": 332, "comment_cnt": 4357, "like_cnt": 2443, "comment_like_cnt": 285}, "video_total_counter": {"play_cnt": 299}, "brand_account": 0, "hongbaofei": 0, "tab_manage": "[0, 0]", "reward_status": 0, "green_mode": 0, "urisk": 17179869184, "avatar_type": 0}, "mid": "4845953993938979", "idstr": "4845953993938979", "status": {"visible": {"type": 0, "list_id": 0}, "created_at": "Sun Dec 11 10:57:53 +0800 2022", "id": 4845444573958167, "idstr": "4845444573958167", "mid": "4845444573958167", "can_edit": false, "version": 151, "show_additional_indication": 0, "text": "【湛江#警方通报男子当街持刀捅死一女子#：因感情纠纷，嫌疑人已自首】12月9日，广东湛江赤坎区海湾路发生一起故意伤害案，一女子被捅伤后送医抢救无效死亡。网传视频显示，一男子与一女子当街发生纠纷，男子抽出刀连捅女子数刀，随后逃离现场。据湛江市公安局赤坎分局通报，犯罪嫌疑人黄某南于10日凌 ​", "textLength": 387, "source_allowclick": 0, "source_type": 2, "source": "", "favorited": false, "truncated": false, "in_reply_to_status_id": "", "in_reply_to_user_id": "", "in_reply_to_screen_name": "", "pic_urls": [], "geo": null, "is_paid": false, "mblog_vip_type": 0, "user": {"id": 6250824982, "idstr": "6250824982", "class": 1, "screen_name": "时间视频", "name": "时间视频", "province": "11", "city": "1000", "location": "北京", "description": "有偿征集突发报料、视频投稿，投稿方式：北京时间网站/APP-个人主页-时间拍客；邮箱：shijianshipin@sina.com", "url": "", "profile_image_url": "https://tvax4.sinaimg.cn/crop.0.0.888.888.50/006P1P7Mly8h8vg7e1x1lj30oo0oo0ub.jpg?KID=imgbed,tva&Expires=1673958018&ssig=J8AEbpd8IA", "light_ring": false, "cover_image": "https://wx4.sinaimg.cn/crop.0.0.920.300/006P1P7Mly1gspr2y8y4yj30pk08cn06.jpg", "cover_image_phone": "https://wx1.sinaimg.cn/crop.0.0.640.640.640/006P1P7Mly1gsxpivieetj30e80e8wgk.jpg;https://wx1.sinaimg.cn/crop.0.0.640.640.640/006P1P7Mly1h0k7hh48woj30wi0wigph.jpg;https://ww1.sinaimg.cn/crop.0.0.640.640.640/549d0121tw1egm1kjly3jj20hs0hsq4f.jpg;https://wx1.sinaimg.cn/crop.0.0.640.640.640/006P1P7Mly1gj9k5cumyxj30ku0kuq3c.jpg", "profile_url": "u/6250824982", "domain": "", "weihao": "", "gender": "m", "followers_count": 10058806, "followers_count_str": "1005.9万", "friends_count": 582, "pagefriends_count": 8, "statuses_count": 62992, "video_status_count": 26067, "video_play_count": 0, "super_topic_not_syn_count": 0, "favourites_count": 18, "created_at": "Wed May 17 08:45:54 +0800 2017", "following": false, "allow_all_act_msg": false, "geo_enabled": true, "verified": true, "verified_type": 3, "remark": "", "insecurity": {"sexual_content": false}, "ptype": 0, "allow_all_comment": true, "avatar_large": "https://tvax4.sinaimg.cn/crop.0.0.888.888.180/006P1P7Mly8h8vg7e1x1lj30oo0oo0ub.jpg?KID=imgbed,tva&Expires=1673958018&ssig=lT43VTb5Ac", "avatar_hd": "https://tvax4.sinaimg.cn/crop.0.0.888.888.1024/006P1P7Mly8h8vg7e1x1lj30oo0oo0ub.jpg?KID=imgbed,tva&Expires=1673958018&ssig=lCW8bZQEFu", "verified_reason": "北京时间旗下泛资讯短视频平台", "verified_trade": "", "verified_reason_url": "", "verified_source": "", "verified_source_url": "", "verified_state": 0, "verified_level": 3, "verified_type_ext": 0, "has_service_tel": false, "verified_reason_modified": "", "verified_contact_name": "", "verified_contact_email": "", "verified_contact_mobile": "", "follow_me": false, "like": false, "like_me": false, "online_status": 0, "bi_followers_count": 365, "lang": "zh-cn", "star": 0, "mbtype": 12, "mbrank": 7, "svip": 0, "mb_expire_time": 1692028800, "block_word": 1, "block_app": 1, "chaohua_ability": 0, "brand_ability": 0, "nft_ability": 0, "vplus_ability": 0, "wenda_ability": 0, "live_ability": 1, "gongyi_ability": 0, "paycolumn_ability": 0, "newbrand_ability": 0, "ecommerce_ability": 0, "hardfan_ability": 1, "wbcolumn_ability": 0, "credit_score": 80, "user_ability": 279184136, "cardid": "star_1600", "avatargj_id": "gj_vip_756", "urank": 36, "story_read_state": -1, "vclub_member": 0, "is_teenager": 0, "is_guardian": 0, "is_teenager_list": 1, "pc_new": 7, "special_follow": false, "planet_video": 2, "video_mark": 15, "live_status": 0, "user_ability_extend": 1, "status_total_counter": {"total_cnt": 110210635, "repost_cnt": 4301212, "comment_cnt": 9051789, "like_cnt": 25513994, "comment_like_cnt": 71343640}, "video_total_counter": {"play_cnt": 13920781134}, "brand_account": 0, "hongbaofei": 0, "tab_manage": "[0, 0]", "reward_status": 0, "green_mode": 0, "urisk": 0, "avatar_type": 0}, "annotations": [{}, {}, {"client_mblogid": "iPhone-6BBA15B2-057D-4707-B5A2-0B59F79742C7"}, {"mapi_request": true}], "reposts_count": 0, "comments_count": 0, "reprint_cmt_count": 0, "attitudes_count": 0, "pending_approval_count": 0, "isLongText": true, "reward_exhibition_type": 0, "hide_flag": 0, "mlevel": 0, "show_mlevel": 0, "biz_ids": [230444], "biz_feature": 4294967304, "page_type": 64, "hasActionTypeCard": 0, "darwin_tags": [], "hot_weibo_tags": [], "text_tag_tips": [], "mblogtype": 0, "userType": 0, "extend_info": {"red_envelope": {"red_envelope_flag": "0", "biz_flag": "2"}, "mark": {"value": "1"}}, "more_info_type": 0, "cardid": "star_1600", "positive_recom_flag": 0, "content_auth": 0, "gif_ids": "", "is_show_bulletin": 2, "comment_manage_info": {"comment_permission_type": -1, "approval_comment_type": 0, "comment_sort_type": 0, "ai_play_picture_type": 0}, "pic_num": 0, "fid": 4845444470669467, "can_reprint": false, "new_comment_style": 0}, "reply_comment": {"created_at": "Sun Dec 11 20:42:17 +0800 2022", "id": 4845591643820395, "rootid": 4845591643820395, "rootidstr": "4845591643820395", "floor_number": 179, "text": "评论都是些什么鬼，杀人还能洗？？？", "disable_reply": 0, "restrictOperate": 0, "user": {"id": 2479618395, "idstr": "2479618395", "class": 1, "screen_name": "ILOVChina", "name": "ILOVChina", "province": "44", "city": "18", "location": "广东 清远", "description": "", "url": "", "profile_image_url": "https://tva2.sinaimg.cn/crop.0.0.180.180.50/93cbf95bjw1e8qgp5bmzyj2050050aa8.jpg?KID=imgbed,tva&Expires=1673958018&ssig=Jzi%2Fixc4MV", "light_ring": false, "cover_image_phone": "https://ww1.sinaimg.cn/crop.0.0.640.640.640/549d0121tw1egm1kjly3jj20hs0hsq4f.jpg", "profile_url": "u/2479618395", "domain": "", "weihao": "", "gender": "m", "followers_count": 238, "followers_count_str": "238", "friends_count": 469, "pagefriends_count": 11, "statuses_count": 552, "video_status_count": 0, "video_play_count": 0, "super_topic_not_syn_count": 0, "favourites_count": 200, "created_at": "Sun Nov 20 18:38:10 +0800 2011", "following": false, "allow_all_act_msg": false, "geo_enabled": true, "verified": false, "verified_type": -1, "remark": "", "insecurity": {"sexual_content": false}, "ptype": 0, "allow_all_comment": true, "avatar_large": "https://tva2.sinaimg.cn/crop.0.0.180.180.180/93cbf95bjw1e8qgp5bmzyj2050050aa8.jpg?KID=imgbed,tva&Expires=1673958018&ssig=zia4EoN3PP", "avatar_hd": "https://tva2.sinaimg.cn/crop.0.0.180.180.1024/93cbf95bjw1e8qgp5bmzyj2050050aa8.jpg?KID=imgbed,tva&Expires=1673958018&ssig=fVPetub%2Bq8", "verified_reason": "", "verified_trade": "", "verified_reason_url": "", "verified_source": "", "verified_source_url": "", "follow_me": false, "like": false, "like_me": false, "online_status": 0, "bi_followers_count": 86, "lang": "zh-cn", "star": 0, "mbtype": 2, "mbrank": 2, "svip": 0, "mb_expire_time": 1650124799, "block_word": 0, "block_app": 0, "credit_score": 80, "user_ability": 35651584, "urank": 23, "story_read_state": -1, "vclub_member": 0, "is_teenager": 0, "is_guardian": 0, "is_teenager_list": 0, "pc_new": 0, "special_follow": false, "planet_video": 0, "video_mark": 0, "live_status": 0, "user_ability_extend": 0, "status_total_counter": {"total_cnt": 389, "repost_cnt": 79, "comment_cnt": 286, "like_cnt": 24, "comment_like_cnt": 0}, "video_total_counter": {"play_cnt": 0}, "brand_account": 0, "hongbaofei": 0, "tab_manage": "[0, 0]", "green_mode": 0, "urisk": 575525617664, "block": 0, "block_me": 0, "avatar_type": 0}, "mid": "4845591643820395", "idstr": "4845591643820395", "match_ai_play_picture": false}, "reply_original_text": "想要制造一种恐怖氛围吧，觉得女人都怕了就不敢拒绝男人的要求了", "readtimetype": "comment", "match_ai_play_picture": false}