{"created_at": "Mon Dec 12 20:22:33 +0800 2022", "id": 4845949065109448, "rootid": 4845496114352233, "rootidstr": "4845496114352233", "floor_number": 0, "text": "回复@我你她他它1:话说这玩意儿自首了是不是就不用死了？这不是便宜它了", "disable_reply": 0, "restrictOperate": 0, "source_allowclick": 0, "source_type": 4, "source": "<a href=\"\" rel=\"nofollow\">来自浙江</a>", "user": {"id": 5637252970, "idstr": "5637252970", "class": 1, "screen_name": "凶残的人类_", "name": "凶残的人类_", "province": "33", "city": "4", "location": "浙江 嘉兴", "description": "凡所有相，皆是虚妄", "url": "", "profile_image_url": "https://tvax1.sinaimg.cn/crop.0.0.1080.1080.50/0069vl10ly8h57t58d8w9j30u00u0tah.jpg?KID=imgbed,tva&Expires=1673958076&ssig=af12WUDhVq", "light_ring": false, "profile_url": "u/5637252970", "domain": "", "weihao": "", "gender": "m", "followers_count": 253, "followers_count_str": "253", "friends_count": 208, "pagefriends_count": 43, "statuses_count": 431, "video_status_count": 18, "video_play_count": 0, "super_topic_not_syn_count": 0, "favourites_count": 1123, "created_at": "Sun Aug 02 11:57:50 +0800 2015", "following": false, "allow_all_act_msg": false, "geo_enabled": true, "verified": false, "verified_type": -1, "remark": "", "insecurity": {"sexual_content": false}, "ptype": 0, "allow_all_comment": true, "avatar_large": "https://tvax1.sinaimg.cn/crop.0.0.1080.1080.180/0069vl10ly8h57t58d8w9j30u00u0tah.jpg?KID=imgbed,tva&Expires=1673958076&ssig=j0ekQHE9py", "avatar_hd": "https://tvax1.sinaimg.cn/crop.0.0.1080.1080.1024/0069vl10ly8h57t58d8w9j30u00u0tah.jpg?KID=imgbed,tva&Expires=1673958076&ssig=YifO8c1xCb", "verified_reason": "", "verified_trade": "", "verified_reason_url": "", "verified_source": "", "verified_source_url": "", "follow_me": false, "like": false, "like_me": false, "online_status": 0, "bi_followers_count": 34, "lang": "zh-cn", "star": 0, "mbtype": 2, "mbrank": 1, "svip": 0, "mb_expire_time": 1558627199, "block_word": 0, "block_app": 0, "chaohua_ability": 0, "brand_ability": 0, "nft_ability": 0, "vplus_ability": 0, "wenda_ability": 0, "live_ability": 0, "gongyi_ability": 0, "paycolumn_ability": 0, "newbrand_ability": 0, "ecommerce_ability": 0, "hardfan_ability": 0, "wbcolumn_ability": 0, "credit_score": 80, "user_ability": 35914752, "avatargj_id": "gj_vip_208", "urank": 4, "story_read_state": -1, "vclub_member": 0, "is_teenager": 0, "is_guardian": 0, "is_teenager_list": 0, "pc_new": 0, "special_follow": false, "planet_video": 2, "video_mark": 2, "live_status": 0, "user_ability_extend": 0, "status_total_counter": {"total_cnt": 1348, "repost_cnt": 26, "comment_cnt": 708, "like_cnt": 583, "comment_like_cnt": 31}, "video_total_counter": {"play_cnt": 10239}, "brand_account": 0, "hongbaofei": 0, "tab_manage": "[0, 0]", "reward_status": 0, "green_mode": 0, "urisk": 17179869184, "avatar_type": 0}, "mid": "4845949065109448", "idstr": "4845949065109448", "status": {"visible": {"type": 0, "list_id": 0}, "created_at": "Sun Dec 11 10:57:53 +0800 2022", "id": 4845444573958167, "idstr": "4845444573958167", "mid": "4845444573958167", "can_edit": false, "version": 151, "show_additional_indication": 0, "text": "【湛江#警方通报男子当街持刀捅死一女子#：因感情纠纷，嫌疑人已自首】12月9日，广东湛江赤坎区海湾路发生一起故意伤害案，一女子被捅伤后送医抢救无效死亡。网传视频显示，一男子与一女子当街发生纠纷，男子抽出刀连捅女子数刀，随后逃离现场。据湛江市公安局赤坎分局通报，犯罪嫌疑人黄某南于10日凌 ​", "textLength": 387, "source_allowclick": 0, "source_type": 2, "source": "", "favorited": false, "truncated": false, "in_reply_to_status_id": "", "in_reply_to_user_id": "", "in_reply_to_screen_name": "", "pic_urls": [], "geo": null, "is_paid": false, "mblog_vip_type": 0, "user": {"id": 6250824982, "idstr": "6250824982", "class": 1, "screen_name": "时间视频", "name": "时间视频", "province": "11", "city": "1000", "location": "北京", "description": "有偿征集突发报料、视频投稿，投稿方式：北京时间网站/APP-个人主页-时间拍客；邮箱：shijianshipin@sina.com", "url": "", "profile_image_url": "https://tvax4.sinaimg.cn/crop.0.0.888.888.50/006P1P7Mly8h8vg7e1x1lj30oo0oo0ub.jpg?KID=imgbed,tva&Expires=1673958076&ssig=1N5pSxiCIy", "light_ring": false, "cover_image": "https://wx4.sinaimg.cn/crop.0.0.920.300/006P1P7Mly1gspr2y8y4yj30pk08cn06.jpg", "cover_image_phone": "https://wx1.sinaimg.cn/crop.0.0.640.640.640/006P1P7Mly1gsxpivieetj30e80e8wgk.jpg;https://wx1.sinaimg.cn/crop.0.0.640.640.640/006P1P7Mly1h0k7hh48woj30wi0wigph.jpg;https://ww1.sinaimg.cn/crop.0.0.640.640.640/549d0121tw1egm1kjly3jj20hs0hsq4f.jpg;https://wx1.sinaimg.cn/crop.0.0.640.640.640/006P1P7Mly1gj9k5cumyxj30ku0kuq3c.jpg", "profile_url": "u/6250824982", "domain": "", "weihao": "", "gender": "m", "followers_count": 10058806, "followers_count_str": "1005.9万", "friends_count": 582, "pagefriends_count": 8, "statuses_count": 62992, "video_status_count": 26067, "video_play_count": 0, "super_topic_not_syn_count": 0, "favourites_count": 18, "created_at": "Wed May 17 08:45:54 +0800 2017", "following": false, "allow_all_act_msg": false, "geo_enabled": true, "verified": true, "verified_type": 3, "remark": "", "insecurity": {"sexual_content": false}, "ptype": 0, "allow_all_comment": true, "avatar_large": "https://tvax4.sinaimg.cn/crop.0.0.888.888.180/006P1P7Mly8h8vg7e1x1lj30oo0oo0ub.jpg?KID=imgbed,tva&Expires=1673958076&ssig=rKUvy4eZ2Y", "avatar_hd": "https://tvax4.sinaimg.cn/crop.0.0.888.888.1024/006P1P7Mly8h8vg7e1x1lj30oo0oo0ub.jpg?KID=imgbed,tva&Expires=1673958076&ssig=doLEkUqJ6k", "verified_reason": "北京时间旗下泛资讯短视频平台", "verified_trade": "", "verified_reason_url": "", "verified_source": "", "verified_source_url": "", "verified_state": 0, "verified_level": 3, "verified_type_ext": 0, "has_service_tel": false, "verified_reason_modified": "", "verified_contact_name": "", "verified_contact_email": "", "verified_contact_mobile": "", "follow_me": false, "like": false, "like_me": false, "online_status": 0, "bi_followers_count": 365, "lang": "zh-cn", "star": 0, "mbtype": 12, "mbrank": 7, "svip": 0, "mb_expire_time": 1692028800, "block_word": 1, "block_app": 1, "chaohua_ability": 0, "brand_ability": 0, "nft_ability": 0, "vplus_ability": 0, "wenda_ability": 0, "live_ability": 1, "gongyi_ability": 0, "paycolumn_ability": 0, "newbrand_ability": 0, "ecommerce_ability": 0, "hardfan_ability": 1, "wbcolumn_ability": 0, "credit_score": 80, "user_ability": 279184136, "cardid": "star_1600", "avatargj_id": "gj_vip_756", "urank": 36, "story_read_state": -1, "vclub_member": 0, "is_teenager": 0, "is_guardian": 0, "is_teenager_list": 1, "pc_new": 7, "special_follow": false, "planet_video": 2, "video_mark": 15, "live_status": 0, "user_ability_extend": 1, "status_total_counter": {"total_cnt": 110210635, "repost_cnt": 4301212, "comment_cnt": 9051789, "like_cnt": 25513994, "comment_like_cnt": 71343640}, "video_total_counter": {"play_cnt": 13920781134}, "brand_account": 0, "hongbaofei": 0, "tab_manage": "[0, 0]", "reward_status": 0, "green_mode": 0, "urisk": 0, "avatar_type": 0}, "annotations": [{}, {}, {"client_mblogid": "iPhone-6BBA15B2-057D-4707-B5A2-0B59F79742C7"}, {"mapi_request": true}], "reposts_count": 0, "comments_count": 0, "reprint_cmt_count": 0, "attitudes_count": 0, "pending_approval_count": 0, "isLongText": true, "reward_exhibition_type": 0, "hide_flag": 0, "mlevel": 0, "show_mlevel": 0, "biz_ids": [230444], "biz_feature": 4294967304, "page_type": 64, "hasActionTypeCard": 0, "darwin_tags": [], "hot_weibo_tags": [], "text_tag_tips": [], "mblogtype": 0, "userType": 0, "extend_info": {"red_envelope": {"red_envelope_flag": "0", "biz_flag": "2"}, "mark": {"value": "1"}}, "more_info_type": 0, "cardid": "star_1600", "positive_recom_flag": 0, "content_auth": 0, "gif_ids": "", "is_show_bulletin": 2, "comment_manage_info": {"comment_permission_type": -1, "approval_comment_type": 0, "comment_sort_type": 0, "ai_play_picture_type": 0}, "pic_num": 0, "fid": 4845444470669467, "can_reprint": false, "new_comment_style": 0}, "reply_comment": {"created_at": "Sun Dec 11 14:22:41 +0800 2022", "id": 4845496114352233, "rootid": 4845496114352233, "rootidstr": "4845496114352233", "floor_number": 55, "text": "这是故意杀人好吧 想活命又自首了", "disable_reply": 0, "restrictOperate": 0, "user": {"id": 2990525290, "idstr": "2990525290", "class": 1, "screen_name": "我你她他它1", "name": "我你她他它1", "province": "41", "city": "16", "location": "河南 周口", "description": "", "url": "", "profile_image_url": "https://tvax4.sinaimg.cn/crop.0.0.1080.1080.50/b23fcb6aly8h1z16fopx2j20u00u00y3.jpg?KID=imgbed,tva&Expires=1673958076&ssig=q4ngJkEIX5", "light_ring": false, "cover_image_phone": "https://ww1.sinaimg.cn/crop.0.0.640.640.640/549d0121tw1egm1kjly3jj20hs0hsq4f.jpg", "profile_url": "u/2990525290", "domain": "", "weihao": "", "gender": "f", "followers_count": 35, "followers_count_str": "35", "friends_count": 126, "pagefriends_count": 5, "statuses_count": 591, "video_status_count": 0, "video_play_count": 0, "super_topic_not_syn_count": 0, "favourites_count": 2, "created_at": "Thu Sep 06 09:10:52 +0800 2012", "following": false, "allow_all_act_msg": false, "geo_enabled": true, "verified": false, "verified_type": -1, "remark": "", "insecurity": {"sexual_content": false}, "ptype": 0, "allow_all_comment": false, "avatar_large": "https://tvax4.sinaimg.cn/crop.0.0.1080.1080.180/b23fcb6aly8h1z16fopx2j20u00u00y3.jpg?KID=imgbed,tva&Expires=1673958076&ssig=TNttBTbsde", "avatar_hd": "https://tvax4.sinaimg.cn/crop.0.0.1080.1080.1024/b23fcb6aly8h1z16fopx2j20u00u00y3.jpg?KID=imgbed,tva&Expires=1673958076&ssig=ktBLb%2BooDs", "verified_reason": "", "verified_trade": "", "verified_reason_url": "", "verified_source": "", "verified_source_url": "", "follow_me": false, "like": false, "like_me": false, "online_status": 0, "bi_followers_count": 2, "lang": "zh-cn", "star": 0, "mbtype": 0, "mbrank": 0, "svip": 0, "mb_expire_time": 0, "block_word": 0, "block_app": 0, "credit_score": 80, "user_ability": 2359296, "urank": 9, "story_read_state": -1, "vclub_member": 0, "is_teenager": 0, "is_guardian": 0, "is_teenager_list": 0, "pc_new": 0, "special_follow": false, "planet_video": 0, "video_mark": 0, "live_status": 0, "user_ability_extend": 0, "status_total_counter": {"total_cnt": 12, "repost_cnt": 0, "comment_cnt": 2, "like_cnt": 9, "comment_like_cnt": 1}, "video_total_counter": {"play_cnt": -1}, "brand_account": 0, "hongbaofei": 0, "tab_manage": "[0, 0]", "green_mode": 0, "urisk": 0, "block": 0, "block_me": 0, "avatar_type": 0}, "mid": "4845496114352233", "idstr": "4845496114352233", "match_ai_play_picture": false}, "reply_original_text": "话说这玩意儿自首了是不是就不用死了？这不是便宜它了", "readtimetype": "comment", "match_ai_play_picture": false}