{"created_at": "Wed Sep 21 18:26:13 +0800 2022", "id": 4816203983883116, "rootid": 4816187807240247, "rootidstr": "4816187807240247", "floor_number": 0, "text": "回复@桐竹君:没错，这种时候就需要美国队长那样的美国警察，破门锁喉开枪[赞][赞][赞]", "disable_reply": 0, "restrictOperate": 0, "source_allowclick": 0, "source_type": 4, "source": "<a href=\"\" rel=\"nofollow\">来自广东</a>", "user": {"id": 5078662206, "idstr": "5078662206", "class": 1, "screen_name": "superlTC", "name": "superlTC", "province": "44", "city": "3", "location": "广东 深圳", "description": "", "url": "", "profile_image_url": "https://tvax2.sinaimg.cn/crop.0.0.996.996.50/005xHy2yly8g6f790yomyj30ro0roq5l.jpg?KID=imgbed,tva&Expires=1674108667&ssig=Gwgmgg8QjJ", "light_ring": false, "cover_image_phone": "https://ww1.sinaimg.cn/crop.0.0.640.640.640/549d0121tw1egm1kjly3jj20hs0hsq4f.jpg", "profile_url": "u/5078662206", "domain": "", "weihao": "", "gender": "m", "followers_count": 545, "followers_count_str": "545", "friends_count": 670, "pagefriends_count": 32, "statuses_count": 284, "video_status_count": 0, "video_play_count": 0, "super_topic_not_syn_count": 0, "favourites_count": 46, "created_at": "Wed Mar 19 21:15:48 +0800 2014", "following": false, "allow_all_act_msg": false, "geo_enabled": true, "verified": false, "verified_type": -1, "remark": "", "insecurity": {"sexual_content": false}, "ptype": 0, "allow_all_comment": false, "avatar_large": "https://tvax2.sinaimg.cn/crop.0.0.996.996.180/005xHy2yly8g6f790yomyj30ro0roq5l.jpg?KID=imgbed,tva&Expires=1674108667&ssig=Xhb8Yosbrd", "avatar_hd": "https://tvax2.sinaimg.cn/crop.0.0.996.996.1024/005xHy2yly8g6f790yomyj30ro0roq5l.jpg?KID=imgbed,tva&Expires=1674108667&ssig=uNeURW17Ay", "verified_reason": "", "verified_trade": "", "verified_reason_url": "", "verified_source": "", "verified_source_url": "", "follow_me": false, "like": false, "like_me": false, "online_status": 0, "bi_followers_count": 7, "lang": "zh-cn", "star": 0, "mbtype": 2, "mbrank": 4, "svip": 0, "mb_expire_time": 1658505599, "block_word": 0, "block_app": 0, "chaohua_ability": 0, "brand_ability": 0, "nft_ability": 0, "vplus_ability": 0, "wenda_ability": 0, "live_ability": 0, "gongyi_ability": 0, "paycolumn_ability": 0, "newbrand_ability": 0, "ecommerce_ability": 0, "hardfan_ability": 0, "wbcolumn_ability": 0, "credit_score": 80, "user_ability": 2359296, "urank": 9, "story_read_state": -1, "vclub_member": 0, "is_teenager": 0, "is_guardian": 0, "is_teenager_list": 0, "pc_new": 0, "special_follow": false, "planet_video": 2, "video_mark": 0, "live_status": 0, "user_ability_extend": 0, "status_total_counter": {"total_cnt": 234, "repost_cnt": 9, "comment_cnt": 9, "like_cnt": 216, "comment_like_cnt": 0}, "video_total_counter": {"play_cnt": 1}, "brand_account": 0, "hongbaofei": 0, "tab_manage": "[0, 0]", "reward_status": 0, "green_mode": 0, "urisk": 566935683072, "unfollowing_recom_switch": 1, "avatar_type": 0}, "mid": "4816203983883116", "idstr": "4816203983883116", "status": {"visible": {"type": 0, "list_id": 0}, "created_at": "Wed Sep 21 15:56:01 +0800 2022", "id": 4816166185079186, "idstr": "4816166185079186", "mid": "4816166185079186", "can_edit": false, "version": 7, "show_additional_indication": 0, "text": "不配合防控，不尊重警察，不开门。户男被脱裤被扣，户女被勒令蹲下。 http://t.cn/A6Sgf9uU ​", "textLength": 85, "source_allowclick": 0, "source_type": 2, "source": "<a href=\"http://weibo.com/\" rel=\"nofollow\">iPhone客户端</a>", "favorited": false, "truncated": false, "in_reply_to_status_id": "", "in_reply_to_user_id": "", "in_reply_to_screen_name": "", "pic_urls": [], "geo": null, "is_paid": false, "mblog_vip_type": 0, "user": {"id": 1402828774, "idstr": "1402828774", "class": 1, "screen_name": "卓越兄", "name": "卓越兄", "province": "100", "city": "1000", "location": "其他", "description": "时事评论员。微信up9798 微信公号：joyfoon（卓坊间）", "url": "http://blog.sina.com.cn/joysoon", "profile_image_url": "https://tva4.sinaimg.cn/crop.0.0.180.180.50/539d77e6jw1e8qgp5bmzyj2050050aa8.jpg?KID=imgbed,tva&Expires=1674108667&ssig=NhaiZ61bCX", "light_ring": false, "cover_image_phone": "https://ww4.sinaimg.cn/crop.0.0.640.640.640/6ce2240djw1e8iktk4ohij20hs0hsmz6.jpg", "profile_url": "joysoon", "domain": "joysoon", "weihao": "", "gender": "m", "followers_count": 493644, "followers_count_str": "49.4万", "friends_count": 121, "pagefriends_count": 0, "statuses_count": 28344, "video_status_count": 744, "video_play_count": 0, "super_topic_not_syn_count": 0, "favourites_count": 152, "created_at": "Fri Aug 28 16:15:01 +0800 2009", "following": false, "allow_all_act_msg": false, "geo_enabled": false, "verified": false, "verified_type": -1, "remark": "", "insecurity": {"sexual_content": false}, "ptype": 8, "allow_all_comment": true, "avatar_large": "https://tva4.sinaimg.cn/crop.0.0.180.180.180/539d77e6jw1e8qgp5bmzyj2050050aa8.jpg?KID=imgbed,tva&Expires=1674108667&ssig=knPA7wI%2Bk5", "avatar_hd": "https://tva4.sinaimg.cn/crop.0.0.180.180.1024/539d77e6jw1e8qgp5bmzyj2050050aa8.jpg?KID=imgbed,tva&Expires=1674108667&ssig=WQ6yPJTJzn", "verified_reason": "", "verified_trade": "", "verified_reason_url": "", "verified_source": "", "verified_source_url": "", "follow_me": false, "like": false, "like_me": false, "online_status": 0, "bi_followers_count": 88, "lang": "zh-cn", "star": 0, "mbtype": 2, "mbrank": 7, "svip": 0, "mb_expire_time": 1653667199, "block_word": 0, "block_app": 0, "chaohua_ability": 0, "brand_ability": 0, "nft_ability": 0, "vplus_ability": 0, "wenda_ability": 0, "live_ability": 0, "gongyi_ability": 0, "paycolumn_ability": 0, "newbrand_ability": 0, "ecommerce_ability": 0, "hardfan_ability": 0, "wbcolumn_ability": 0, "ability_tags": "媒体评论,记者,主持人,媒体营销,出品人,制片人", "credit_score": 80, "user_ability": 10756632, "urank": 48, "story_read_state": -1, "vclub_member": 0, "is_teenager": 0, "is_guardian": 0, "is_teenager_list": 0, "pc_new": 7, "special_follow": false, "planet_video": 2, "video_mark": 14, "live_status": 0, "user_ability_extend": 0, "status_total_counter": {"total_cnt": 2483370, "repost_cnt": 1581764, "comment_cnt": 578172, "like_cnt": 224073, "comment_like_cnt": 99361}, "video_total_counter": {"play_cnt": 15054669}, "brand_account": 0, "hongbaofei": 0, "tab_manage": "[0, 0]", "reward_status": 0, "green_mode": 0, "urisk": 68719476736, "unfollowing_recom_switch": 1, "avatar_type": 0}, "annotations": [{}, {}, {"client_mblogid": "iPhone-B38AB6D2-BEF4-4B6F-9B56-988DA27357A4"}, {"mapi_request": true}], "reposts_count": 0, "comments_count": 0, "reprint_cmt_count": 0, "attitudes_count": 0, "pending_approval_count": 0, "isLongText": false, "reward_exhibition_type": 0, "hide_flag": 0, "mlevel": 10376, "show_mlevel": 0, "biz_ids": [230444], "biz_feature": 4294967304, "hasActionTypeCard": 0, "darwin_tags": [], "hot_weibo_tags": [], "text_tag_tips": [], "mblogtype": 0, "userType": 0, "mlevelSource": "monitor", "more_info_type": 0, "number_display_strategy": {"apply_scenario_flag": 3, "display_text_min_number": 1000000, "display_text": "100万+"}, "positive_recom_flag": 0, "content_auth": 0, "gif_ids": "", "is_show_bulletin": 2, "comment_manage_info": {"comment_permission_type": -1, "approval_comment_type": 0, "approval_op_from": 1, "comment_sort_type": 0, "ai_play_picture_type": 0}, "pic_num": 0, "fid": 4816165225627952, "can_reprint": false, "new_comment_style": 0}, "reply_comment": {"created_at": "Wed Sep 21 17:21:56 +0800 2022", "id": 4816187807240247, "rootid": 4816187807240247, "rootidstr": "4816187807240247", "floor_number": 30, "text": "人间恶魔", "disable_reply": 0, "restrictOperate": 0, "user": {"id": 3401408370, "idstr": "3401408370", "class": 1, "screen_name": "桐竹君", "name": "桐竹君", "province": "33", "city": "7", "location": "浙江 金华", "description": "", "url": "", "profile_image_url": "https://tva3.sinaimg.cn/crop.0.0.720.720.50/cabd5f72jw8ev4ta5yxd8j20k00k0tb7.jpg?KID=imgbed,tva&Expires=1674108667&ssig=nsUsojwKKf", "light_ring": false, "cover_image_phone": "https://ww1.sinaimg.cn/crop.0.0.640.640.640/549d0121tw1egm1kjly3jj20hs0hsq4f.jpg", "profile_url": "u/3401408370", "domain": "", "weihao": "", "gender": "f", "followers_count": 198, "followers_count_str": "198", "friends_count": 282, "pagefriends_count": 26, "statuses_count": 638, "video_status_count": 13, "video_play_count": 0, "super_topic_not_syn_count": 0, "favourites_count": 113, "created_at": "Thu May 02 15:00:15 +0800 2013", "following": false, "allow_all_act_msg": false, "geo_enabled": true, "verified": false, "verified_type": -1, "remark": "", "insecurity": {"sexual_content": false}, "ptype": 0, "allow_all_comment": true, "avatar_large": "https://tva3.sinaimg.cn/crop.0.0.720.720.180/cabd5f72jw8ev4ta5yxd8j20k00k0tb7.jpg?KID=imgbed,tva&Expires=1674108667&ssig=%2FiqPpESH40", "avatar_hd": "https://tva3.sinaimg.cn/crop.0.0.720.720.1024/cabd5f72jw8ev4ta5yxd8j20k00k0tb7.jpg?KID=imgbed,tva&Expires=1674108667&ssig=XdDoFQKEni", "verified_reason": "", "verified_trade": "", "verified_reason_url": "", "verified_source": "", "verified_source_url": "", "follow_me": false, "like": false, "like_me": false, "online_status": 0, "bi_followers_count": 4, "lang": "zh-cn", "star": 0, "mbtype": 0, "mbrank": 0, "svip": 0, "mb_expire_time": 0, "block_word": 0, "block_app": 0, "chaohua_ability": 0, "brand_ability": 0, "nft_ability": 0, "vplus_ability": 0, "wenda_ability": 0, "live_ability": 0, "gongyi_ability": 0, "paycolumn_ability": 0, "newbrand_ability": 0, "ecommerce_ability": 0, "hardfan_ability": 0, "wbcolumn_ability": 0, "credit_score": 80, "user_ability": 35913728, "urank": 9, "story_read_state": -1, "vclub_member": 0, "is_teenager": 0, "is_guardian": 0, "is_teenager_list": 0, "pc_new": 7, "special_follow": false, "planet_video": 2, "video_mark": 2, "live_status": 0, "user_ability_extend": 0, "status_total_counter": {"total_cnt": 405, "repost_cnt": 10, "comment_cnt": 160, "like_cnt": 214, "comment_like_cnt": 21}, "video_total_counter": {"play_cnt": 781}, "brand_account": 0, "hongbaofei": 0, "tab_manage": "[0, 0]", "reward_status": 0, "green_mode": 0, "urisk": 34896609280, "unfollowing_recom_switch": 1, "avatar_type": 0}, "mid": "4816187807240247", "idstr": "4816187807240247", "match_ai_play_picture": false}, "reply_original_text": "没错，这种时候就需要美国队长那样的美国警察，破门锁喉开枪[赞][赞][赞]", "readtimetype": "comment", "match_ai_play_picture": false}