{"mid": "6401813712", "uid": "LxnnAudbS", "name": "趣闻天下会", "time": "2022-6-12 14:44:00", "local": "广东", "iphone": "OPPO A72 5G", "context": "指认现场！唐山9名施暴者齐刷刷站一排，曾有人开迈巴赫逃往江苏】6月10日，河北唐山一烧烤店发生打人事件引发关注，9名涉案人员全部归案。网传视频中，警方带9名涉案人员指认现场，施暴者排成一排，身后横幅显示：“2022.6.10”聚众斗殴案指认现场。.", "comment_num": "4", "like_num": "0", "user": {"focus": "108", "fans": "1", "tweet": "16"}}