{"created_at": "Tue Dec 13 23:21:35 +0800 2022", "id": 4846356508969610, "rootid": 4846273292930375, "rootidstr": "4846273292930375", "floor_number": 0, "text": "回复@你的欧奈酱:有拿泔水喂猪的，这个明显不是泔水，好多农村的自己煮猪食，一般用野菜，红薯，麦麸之类的", "disable_reply": 0, "restrictOperate": 0, "source_allowclick": 0, "source_type": 4, "source": "<a href=\"\" rel=\"nofollow\">来自河南</a>", "user": {"id": 6700523285, "idstr": "6700523285", "class": 1, "screen_name": "A老轩3", "name": "A老轩3", "province": "41", "city": "10", "location": "河南 许昌", "description": "大棚公司53分部", "url": "", "profile_image_url": "https://tvax1.sinaimg.cn/crop.0.0.1080.1080.50/007jsIcdly8ha18gp4w9nj30u00u00uu.jpg?KID=imgbed,tva&Expires=1673964135&ssig=3Hp%2FP%2FsLfJ", "light_ring": false, "cover_image_phone": "https://ww1.sinaimg.cn/crop.0.0.640.640.640/9d44112bjw1f1xl1c10tuj20hs0hs0tw.jpg", "profile_url": "u/6700523285", "domain": "", "weihao": "", "gender": "m", "followers_count": 493, "followers_count_str": "493", "friends_count": 611, "pagefriends_count": 62, "statuses_count": 25600, "video_status_count": 226, "video_play_count": 0, "super_topic_not_syn_count": 0, "favourites_count": 1, "created_at": "Fri Sep 14 22:27:56 +0800 2018", "following": false, "allow_all_act_msg": false, "geo_enabled": true, "verified": false, "verified_type": -1, "remark": "", "insecurity": {"sexual_content": false}, "ptype": 0, "allow_all_comment": true, "avatar_large": "https://tvax1.sinaimg.cn/crop.0.0.1080.1080.180/007jsIcdly8ha18gp4w9nj30u00u00uu.jpg?KID=imgbed,tva&Expires=1673964135&ssig=O7IiqAeS3C", "avatar_hd": "https://tvax1.sinaimg.cn/crop.0.0.1080.1080.1024/007jsIcdly8ha18gp4w9nj30u00u00uu.jpg?KID=imgbed,tva&Expires=1673964135&ssig=ZVbH6esvbw", "verified_reason": "", "verified_trade": "", "verified_reason_url": "", "verified_source": "", "verified_source_url": "", "follow_me": false, "like": false, "like_me": false, "online_status": 0, "bi_followers_count": 372, "lang": "zh-cn", "star": 0, "mbtype": 2, "mbrank": 2, "svip": 0, "mb_expire_time": 1671897599, "block_word": 0, "block_app": 0, "chaohua_ability": 0, "brand_ability": 0, "nft_ability": 0, "vplus_ability": 0, "wenda_ability": 0, "live_ability": 0, "gongyi_ability": 0, "paycolumn_ability": 0, "newbrand_ability": 0, "ecommerce_ability": 0, "hardfan_ability": 0, "wbcolumn_ability": 0, "credit_score": 80, "user_ability": 3407872, "avatargj_id": "gj_vip_646", "urank": 18, "story_read_state": -1, "vclub_member": 0, "is_teenager": 0, "is_guardian": 1, "is_teenager_list": 0, "pc_new": 0, "special_follow": false, "planet_video": 2, "video_mark": 2, "live_status": 0, "user_ability_extend": 0, "status_total_counter": {"total_cnt": 55118, "repost_cnt": 940, "comment_cnt": 42218, "like_cnt": 11503, "comment_like_cnt": 457}, "video_total_counter": {"play_cnt": 48675}, "brand_account": 0, "hongbaofei": 0, "tab_manage": "[0, 0]", "reward_status": 0, "green_mode": 0, "urisk": 0, "avatar_type": 0}, "mid": "4846356508969610", "idstr": "4846356508969610", "status": {"visible": {"type": 0, "list_id": 0}, "created_at": "Tue Dec 13 17:42:29 +0800 2022", "id": 4846271170364437, "idstr": "4846271170364437", "mid": "4846271170364437", "can_edit": false, "version": 3, "show_additional_indication": 0, "text": "【#女子洗碗用猪食充当洗洁精引争议# 当事人：并不觉得不卫生】12月12日，贵州遵义，女子用猪食充当洗洁精洗碗引发争议。当事人任女士称：自己是农村人，老一辈人洗碗会先把碗放在猪食里烫一下再用清水洗，自己挺支持的，并不觉得这样做不卫生，反而觉得没有添加剂很环保，自己偶尔会这样洗碗，比较方 ​", "textLength": 313, "source_allowclick": 0, "source_type": 1, "source": "<a href=\"http://app.weibo.com/t/feed/xEsRX\" rel=\"nofollow\">新版微博 weibo.com</a>", "favorited": false, "truncated": false, "in_reply_to_status_id": "", "in_reply_to_user_id": "", "in_reply_to_screen_name": "", "pic_urls": [], "geo": null, "is_paid": false, "mblog_vip_type": 0, "user": {"id": 7472856103, "idstr": "7472856103", "class": 1, "screen_name": "点时新闻", "name": "点时新闻", "province": "37", "city": "1000", "location": "山东", "description": "直击现场，关注民生；爆料电话：18661737090；投稿邮箱：dianshivideo@163.com", "url": "", "profile_image_url": "https://tvax4.sinaimg.cn/crop.0.0.600.600.50/0089Jlf9ly8h8vicm29sfj30go0gogm7.jpg?KID=imgbed,tva&Expires=1673964135&ssig=A2o3MD0Old", "light_ring": false, "cover_image_phone": "https://wx1.sinaimg.cn/crop.0.0.640.640.640/0089Jlf9ly1h4bysun6z3j30tz0tzn3b.jpg;https://wx1.sinaimg.cn/crop.0.0.640.640.640/0089Jlf9ly1h4byszendpj30u00u043g.jpg;https://wx3.sinaimg.cn/crop.0.0.640.640.640/0089Jlf9ly1h4byt3ic58j30u00u0wgz.jpg;https://wx1.sinaimg.cn/crop.0.0.640.640.640/0089Jlf9ly1h4byt7m6xwj30u00u0457.jpg", "profile_url": "u/7472856103", "domain": "", "weihao": "", "gender": "m", "followers_count": 1539527, "followers_count_str": "154万", "friends_count": 1832, "pagefriends_count": 97, "statuses_count": 21623, "video_status_count": 7243, "video_play_count": 0, "super_topic_not_syn_count": 0, "favourites_count": 17, "created_at": "Fri Jun 19 10:04:21 +0800 2020", "following": false, "allow_all_act_msg": false, "geo_enabled": true, "verified": true, "verified_type": 3, "remark": "", "insecurity": {"sexual_content": false}, "ptype": 0, "allow_all_comment": true, "avatar_large": "https://tvax4.sinaimg.cn/crop.0.0.600.600.180/0089Jlf9ly8h8vicm29sfj30go0gogm7.jpg?KID=imgbed,tva&Expires=1673964135&ssig=%2BBVW4TqDz2", "avatar_hd": "https://tvax4.sinaimg.cn/crop.0.0.600.600.1024/0089Jlf9ly8h8vicm29sfj30go0gogm7.jpg?KID=imgbed,tva&Expires=1673964135&ssig=NBf7QiSAla", "verified_reason": "点时新闻官方微博", "verified_trade": "", "verified_reason_url": "", "verified_source": "", "verified_source_url": "", "verified_state": 0, "verified_level": 3, "verified_type_ext": 50, "has_service_tel": false, "verified_reason_modified": "", "verified_contact_name": "", "verified_contact_email": "", "verified_contact_mobile": "", "follow_me": false, "like": false, "like_me": false, "online_status": 0, "bi_followers_count": 905, "lang": "zh-cn", "star": 0, "mbtype": 12, "mbrank": 8, "svip": 1, "mb_expire_time": 1763568000, "block_word": 0, "block_app": 1, "chaohua_ability": 0, "brand_ability": 0, "nft_ability": 0, "vplus_ability": 1, "wenda_ability": 0, "live_ability": 1, "gongyi_ability": 0, "paycolumn_ability": 0, "newbrand_ability": 0, "ecommerce_ability": 0, "hardfan_ability": 1, "wbcolumn_ability": 0, "credit_score": 80, "user_ability": -2136604152, "cardid": "star_1600", "avatargj_id": "gj_vip_798", "urank": 0, "story_read_state": -1, "vclub_member": 0, "is_teenager": 0, "is_guardian": 0, "is_teenager_list": 0, "pc_new": 7, "special_follow": false, "planet_video": 2, "video_mark": 15, "live_status": 0, "user_ability_extend": 1, "status_total_counter": {"total_cnt": 18288407, "repost_cnt": 522995, "comment_cnt": 869382, "like_cnt": 5741793, "comment_like_cnt": 11154237}, "video_total_counter": {"play_cnt": 1762205428}, "brand_account": 0, "hongbaofei": 0, "tab_manage": "[0, 0]", "reward_status": 0, "green_mode": 0, "urisk": 0, "avatar_type": 0}, "annotations": [{}, {}, {"mapi_request": true}], "reposts_count": 0, "comments_count": 0, "reprint_cmt_count": 0, "attitudes_count": 0, "pending_approval_count": 0, "isLongText": true, "reward_exhibition_type": 0, "hide_flag": 0, "mlevel": 0, "show_mlevel": 0, "biz_ids": [230444], "biz_feature": 4294967304, "expire_time": 1670937710, "page_type": 64, "hasActionTypeCard": 0, "darwin_tags": [], "hot_weibo_tags": [], "text_tag_tips": [], "mblogtype": 0, "mark": "999_reallog_mark_ad:999|WeiboADNatural", "userType": 0, "extend_info": {"ad": {"url_marked": "true"}}, "more_info_type": 0, "cardid": "star_1600", "number_display_strategy": {"apply_scenario_flag": 3, "display_text_min_number": 1000000, "display_text": "100万+"}, "positive_recom_flag": 0, "content_auth": 0, "gif_ids": "", "is_show_bulletin": 2, "comment_manage_info": {"comment_permission_type": -1, "approval_comment_type": 0, "comment_sort_type": 0, "ai_play_picture_type": 0}, "pic_num": 0, "fid": 4846270886969450, "can_reprint": false, "new_comment_style": 0}, "reply_comment": {"created_at": "Tue Dec 13 22:31:21 +0800 2022", "id": 4846343867344370, "rootid": 4846273292930375, "rootidstr": "4846273292930375", "floor_number": 0, "text": "回复@我到底改不改名字呢:[允悲]真的抱歉，是我没见识了，看过很多去饭店收泔水的，我以为都是喂猪的", "disable_reply": 0, "restrictOperate": 0, "user": {"id": 3176463983, "idstr": "3176463983", "class": 1, "screen_name": "你的欧奈酱", "name": "你的欧奈酱", "province": "51", "city": "1", "location": "四川 成都", "description": "", "url": "", "profile_image_url": "https://tvax3.sinaimg.cn/crop.0.0.1080.1080.50/bd54fe6fly8gy6zpsiynjj20u00u0q46.jpg?KID=imgbed,tva&Expires=1673964135&ssig=48QNme%2Fy8h", "light_ring": false, "cover_image_phone": "https://ww1.sinaimg.cn/crop.0.0.640.640.640/9d44112bjw1f1xl1c10tuj20hs0hs0tw.jpg", "profile_url": "u/3176463983", "domain": "", "weihao": "", "gender": "f", "followers_count": 89, "followers_count_str": "89", "friends_count": 156, "pagefriends_count": 32, "statuses_count": 198, "video_status_count": 16, "video_play_count": 0, "super_topic_not_syn_count": 10, "favourites_count": 16, "created_at": "Thu Dec 06 15:47:14 +0800 2012", "following": false, "allow_all_act_msg": false, "geo_enabled": true, "verified": false, "verified_type": -1, "remark": "", "insecurity": {"sexual_content": false}, "ptype": 0, "allow_all_comment": true, "avatar_large": "https://tvax3.sinaimg.cn/crop.0.0.1080.1080.180/bd54fe6fly8gy6zpsiynjj20u00u0q46.jpg?KID=imgbed,tva&Expires=1673964135&ssig=gUs5VQhg0B", "avatar_hd": "https://tvax3.sinaimg.cn/crop.0.0.1080.1080.1024/bd54fe6fly8gy6zpsiynjj20u00u0q46.jpg?KID=imgbed,tva&Expires=1673964135&ssig=vud68CS4l2", "verified_reason": "", "verified_trade": "", "verified_reason_url": "", "verified_source": "", "verified_source_url": "", "follow_me": false, "like": false, "like_me": false, "online_status": 0, "bi_followers_count": 3, "lang": "zh-cn", "star": 0, "mbtype": 2, "mbrank": 4, "svip": 0, "mb_expire_time": 1609516799, "block_word": 0, "block_app": 0, "credit_score": 80, "user_ability": 36962304, "cardid": "star_1215", "avatargj_id": "gj_vip_412", "urank": 4, "story_read_state": -1, "vclub_member": 0, "is_teenager": 0, "is_guardian": 0, "is_teenager_list": 0, "pc_new": 0, "special_follow": false, "planet_video": 0, "video_mark": 0, "live_status": 0, "user_ability_extend": 0, "status_total_counter": {"total_cnt": 110, "repost_cnt": 25, "comment_cnt": 56, "like_cnt": 27, "comment_like_cnt": 2}, "video_total_counter": {"play_cnt": 6322}, "brand_account": 0, "hongbaofei": 0, "tab_manage": "[0, 0]", "green_mode": 0, "urisk": 0, "block": 0, "block_me": 0, "avatar_type": 0}, "mid": "4846343867344370", "idstr": "4846343867344370", "match_ai_play_picture": false}, "reply_original_text": "有拿泔水喂猪的，这个明显不是泔水，好多农村的自己煮猪食，一般用野菜，红薯，麦麸之类的", "readtimetype": "comment", "match_ai_play_picture": false}