{"created_at": "Tue Dec 27 11:04:45 +0800 2022", "id": 4851244512838549, "rootid": 4851244512838549, "rootidstr": "4851244512838549", "floor_number": 60, "text": "[话筒][话筒]", "disable_reply": 0, "restrictOperate": 0, "user": {"id": 3953255209, "idstr": "3953255209", "class": 1, "screen_name": "邵阳市双清区法院", "name": "邵阳市双清区法院", "province": "43", "city": "5", "location": "湖南 邵阳", "description": "", "url": "", "profile_image_url": "https://tvax1.sinaimg.cn/crop.0.0.600.600.50/eba1e329ly8h8w8p821s6j20go0go0um.jpg?KID=imgbed,tva&Expires=1673965925&ssig=tWc94qNHrf", "light_ring": false, "cover_image_phone": "https://ww1.sinaimg.cn/crop.0.0.640.640.640/549d0121tw1egm1kjly3jj20hs0hsq4f.jpg", "profile_url": "u/3953255209", "domain": "", "weihao": "", "gender": "m", "followers_count": 10928, "followers_count_str": "1.1万", "friends_count": 352, "pagefriends_count": 3, "statuses_count": 10654, "video_status_count": 4, "video_play_count": 0, "super_topic_not_syn_count": 0, "favourites_count": 7, "created_at": "Wed Dec 25 13:10:56 +0800 2013", "following": false, "allow_all_act_msg": false, "geo_enabled": true, "verified": true, "verified_type": 1, "remark": "", "insecurity": {"sexual_content": false}, "ptype": 221, "allow_all_comment": true, "avatar_large": "https://tvax1.sinaimg.cn/crop.0.0.600.600.180/eba1e329ly8h8w8p821s6j20go0go0um.jpg?KID=imgbed,tva&Expires=1673965925&ssig=moHucB4NNR", "avatar_hd": "https://tvax1.sinaimg.cn/crop.0.0.600.600.1024/eba1e329ly8h8w8p821s6j20go0go0um.jpg?KID=imgbed,tva&Expires=1673965925&ssig=Bs9BchPoLO", "verified_reason": "湖南省邵阳市双清区人民法院官方微博", "verified_trade": "", "verified_reason_url": "", "verified_source": "", "verified_source_url": "", "verified_state": 0, "verified_level": 3, "verified_type_ext": 0, "has_service_tel": false, "verified_reason_modified": "", "verified_contact_name": "", "verified_contact_email": "", "verified_contact_mobile": "", "follow_me": false, "like": false, "like_me": false, "online_status": 0, "bi_followers_count": 212, "lang": "zh-cn", "star": 0, "mbtype": 0, "mbrank": 0, "svip": 0, "mb_expire_time": 0, "block_word": 0, "block_app": 0, "chaohua_ability": 0, "brand_ability": 0, "nft_ability": 0, "vplus_ability": 0, "wenda_ability": 0, "live_ability": 0, "gongyi_ability": 0, "paycolumn_ability": 0, "newbrand_ability": 0, "ecommerce_ability": 0, "hardfan_ability": 0, "wbcolumn_ability": 0, "credit_score": 80, "user_ability": 10747912, "cardid": "star_1624", "urank": 18, "story_read_state": -1, "vclub_member": 0, "is_teenager": 0, "is_guardian": 0, "is_teenager_list": 0, "pc_new": 7, "special_follow": false, "planet_video": 2, "video_mark": 13, "live_status": 0, "user_ability_extend": 0, "status_total_counter": {"total_cnt": 32707, "repost_cnt": 3042, "comment_cnt": 14308, "like_cnt": 13722, "comment_like_cnt": 1635}, "video_total_counter": {"play_cnt": 5759}, "brand_account": 0, "hongbaofei": 0, "tab_manage": "[0, 0]", "reward_status": 0, "green_mode": 0, "urisk": 0, "avatar_type": 0}, "mid": "4851244512838549", "idstr": "4851244512838549", "status": {"visible": {"type": 0, "list_id": 0}, "created_at": "Mon Dec 26 16:13:48 +0800 2022", "id": 4850959894976294, "idstr": "4850959894976294", "mid": "4850959894976294", "can_edit": false, "version": 1, "show_additional_indication": 0, "text": "#丈夫开车打滑妻子冷静指挥化险为夷# 【冰雪天出行安全提示】冬季冰冻雨雪天气增多，出行时无论是走路、骑车还是驾车，防滑都很重要！这份出行安全提示请收好，助你走稳走好。@随州消防 ​", "textLength": 172, "source_allowclick": 0, "source_type": 1, "source": "<a href=\"http://app.weibo.com/t/feed/6vtZb0\" rel=\"nofollow\">微博 weibo.com</a>", "favorited": false, "truncated": false, "in_reply_to_status_id": "", "in_reply_to_user_id": "", "in_reply_to_screen_name": "", "pic_urls": [{"thumbnail_pic": "http://wx3.sinaimg.cn/thumbnail/96a97180gy1h9enac9gzoj20m83pi1kx.jpg"}], "thumbnail_pic": "http://wx3.sinaimg.cn/thumbnail/96a97180gy1h9enac9gzoj20m83pi1kx.jpg", "bmiddle_pic": "http://wx3.sinaimg.cn/bmiddle/96a97180gy1h9enac9gzoj20m83pi1kx.jpg", "original_pic": "http://wx3.sinaimg.cn/large/96a97180gy1h9enac9gzoj20m83pi1kx.jpg", "geo": null, "is_paid": false, "mblog_vip_type": 0, "user": {"id": 3541418667, "idstr": "3541418667", "class": 1, "screen_name": "团风检察", "name": "团风检察", "province": "42", "city": "1000", "location": "湖北", "description": "团风县人民检察院官方微博", "url": "", "profile_image_url": "https://tvax1.sinaimg.cn/crop.10.0.629.629.50/d315c2ably8h8vjvu8ujnj20hs0hsta0.jpg?KID=imgbed,tva&Expires=1673965925&ssig=1jT64%2FpENM", "light_ring": false, "cover_image_phone": "https://wx4.sinaimg.cn/crop.0.0.640.640.640/710c95f3ly1gdi6mjj3boj20u00u0tkj.jpg", "profile_url": "u/3541418667", "domain": "", "weihao": "", "gender": "f", "followers_count": 30768, "followers_count_str": "3.1万", "friends_count": 603, "pagefriends_count": 4, "statuses_count": 18855, "video_status_count": 6, "video_play_count": 0, "super_topic_not_syn_count": 0, "favourites_count": 31, "created_at": "Mon Jun 17 09:26:13 +0800 2013", "following": false, "allow_all_act_msg": false, "geo_enabled": true, "verified": true, "verified_type": 1, "remark": "", "insecurity": {"sexual_content": false}, "ptype": 0, "allow_all_comment": false, "avatar_large": "https://tvax1.sinaimg.cn/crop.10.0.629.629.180/d315c2ably8h8vjvu8ujnj20hs0hsta0.jpg?KID=imgbed,tva&Expires=1673965925&ssig=nxjXqyDh7q", "avatar_hd": "https://tvax1.sinaimg.cn/crop.10.0.629.629.1024/d315c2ably8h8vjvu8ujnj20hs0hsta0.jpg?KID=imgbed,tva&Expires=1673965925&ssig=yyZkahL5x6", "verified_reason": "湖北省黄冈市团风县人民检察院官方微博", "verified_trade": "", "verified_reason_url": "", "verified_source": "", "verified_source_url": "", "verified_state": 0, "verified_level": 3, "verified_type_ext": 0, "has_service_tel": false, "verified_reason_modified": "", "verified_contact_name": "", "verified_contact_email": "", "verified_contact_mobile": "", "follow_me": false, "like": false, "like_me": false, "online_status": 0, "bi_followers_count": 500, "lang": "zh-cn", "star": 0, "mbtype": 12, "mbrank": 4, "svip": 0, "mb_expire_time": 1686067200, "block_word": 0, "block_app": 1, "chaohua_ability": 0, "brand_ability": 0, "nft_ability": 0, "vplus_ability": 0, "wenda_ability": 0, "live_ability": 0, "gongyi_ability": 0, "paycolumn_ability": 0, "newbrand_ability": 0, "ecommerce_ability": 0, "hardfan_ability": 0, "wbcolumn_ability": 0, "credit_score": 80, "user_ability": 10747912, "cardid": "star_1624", "avatargj_id": "gj_vip_722", "urank": 22, "story_read_state": -1, "vclub_member": 0, "is_teenager": 0, "is_guardian": 0, "is_teenager_list": 0, "pc_new": 7, "special_follow": false, "planet_video": 2, "video_mark": 2, "live_status": 0, "user_ability_extend": 0, "status_total_counter": {"total_cnt": 506881, "repost_cnt": 121209, "comment_cnt": 274356, "like_cnt": 90794, "comment_like_cnt": 20522}, "video_total_counter": {"play_cnt": 599}, "brand_account": 0, "hongbaofei": 0, "tab_manage": "[0, 0]", "reward_status": 0, "green_mode": 0, "urisk": 0, "avatar_type": 0}, "picStatus": "1", "reposts_count": 0, "comments_count": 0, "reprint_cmt_count": 0, "attitudes_count": 0, "pending_approval_count": 0, "isLongText": false, "reward_exhibition_type": 0, "hide_flag": 0, "mlevel": 0, "show_mlevel": 0, "biz_feature": 0, "page_type": 64, "hasActionTypeCard": 0, "darwin_tags": [], "hot_weibo_tags": [], "text_tag_tips": [], "mblogtype": 0, "userType": 0, "more_info_type": 0, "cardid": "star_1624", "positive_recom_flag": 0, "content_auth": 0, "gif_ids": "", "is_show_bulletin": 2, "comment_manage_info": {"comment_permission_type": -1, "approval_comment_type": 0, "comment_sort_type": 0, "ai_play_picture_type": 0}, "pic_num": 1, "can_reprint": false, "new_comment_style": 0}, "readtimetype": "comment", "match_ai_play_picture": false}