{"created_at": "Sun Dec 11 15:30:58 +0800 2022", "id": 4845513298678729, "rootid": 4845507694045642, "rootidstr": "4845507694045642", "floor_number": 0, "text": "回复@莺时一二:不要仅仅靠吃药，以我的经验，物理降温比吃药更重要，冷毛巾敷，不断换，我烧迷糊到晕过去都有。再难受也一定要保持头部的物理降温，大量喝水排尿（也是一种降温）。其实输液起效快一部分原因也是水进身体再排出带走热量。其实现在也没药能杀新冠病毒，本质也就是降温。", "disable_reply": 0, "restrictOperate": 0, "source_allowclick": 0, "source_type": 4, "source": "<a href=\"\" rel=\"nofollow\">来自上海</a>", "user": {"id": 2201790710, "idstr": "2201790710", "class": 1, "screen_name": "imhumankind", "name": "imhumankind", "province": "100", "city": "1000", "location": "其他", "description": "尘缘已了", "url": "", "profile_image_url": "https://tva2.sinaimg.cn/crop.0.0.180.180.50/833ca8f6jw1e8qgp5bmzyj2050050aa8.jpg?KID=imgbed,tva&Expires=1673962512&ssig=vcxEpH7VJe", "light_ring": false, "cover_image_phone": "https://ww2.sinaimg.cn/crop.0.0.640.640.640/a1d3feabjw1ecasunmkncj20hs0hsq4j.jpg", "profile_url": "u/2201790710", "domain": "", "weihao": "", "gender": "f", "followers_count": 130, "followers_count_str": "130", "friends_count": 73, "pagefriends_count": 21, "statuses_count": 2861, "video_status_count": 4, "video_play_count": 0, "super_topic_not_syn_count": 1, "favourites_count": 28, "created_at": "Tue Jun 28 22:23:43 +0800 2011", "following": false, "allow_all_act_msg": false, "geo_enabled": false, "verified": false, "verified_type": -1, "remark": "", "insecurity": {"sexual_content": false}, "ptype": 0, "allow_all_comment": true, "avatar_large": "https://tva2.sinaimg.cn/crop.0.0.180.180.180/833ca8f6jw1e8qgp5bmzyj2050050aa8.jpg?KID=imgbed,tva&Expires=1673962512&ssig=KGjWPcDX4B", "avatar_hd": "https://tva2.sinaimg.cn/crop.0.0.180.180.1024/833ca8f6jw1e8qgp5bmzyj2050050aa8.jpg?KID=imgbed,tva&Expires=1673962512&ssig=warZ4%2FVY8Z", "verified_reason": "", "verified_trade": "", "verified_reason_url": "", "verified_source": "", "verified_source_url": "", "follow_me": false, "like": false, "like_me": false, "online_status": 0, "bi_followers_count": 15, "lang": "zh-cn", "star": 0, "mbtype": 12, "mbrank": 7, "svip": 0, "mb_expire_time": 1696780800, "block_word": 0, "block_app": 1, "chaohua_ability": 0, "brand_ability": 0, "nft_ability": 0, "vplus_ability": 0, "wenda_ability": 0, "live_ability": 0, "gongyi_ability": 0, "paycolumn_ability": 0, "newbrand_ability": 0, "ecommerce_ability": 0, "hardfan_ability": 0, "wbcolumn_ability": 0, "credit_score": 80, "user_ability": 2359296, "urank": 39, "story_read_state": -1, "vclub_member": 0, "is_teenager": 0, "is_guardian": 0, "is_teenager_list": 0, "pc_new": 7, "special_follow": false, "planet_video": 1, "video_mark": 2, "live_status": 0, "user_ability_extend": 0, "status_total_counter": {"total_cnt": 2279, "repost_cnt": 356, "comment_cnt": 668, "like_cnt": 1230, "comment_like_cnt": 25}, "video_total_counter": {"play_cnt": -1}, "brand_account": 0, "hongbaofei": 0, "tab_manage": "[0, 0]", "reward_status": 0, "green_mode": 0, "urisk": 0, "avatar_type": 0}, "mid": "4845513298678729", "idstr": "4845513298678729", "status": {"visible": {"type": 0, "list_id": 0}, "created_at": "Sun Dec 11 14:31:48 +0800 2022", "id": 4845498407855869, "idstr": "4845498407855869", "mid": "4845498407855869", "edit_count": 1, "can_edit": false, "edit_at": "Mon Dec 12 15:34:44 +0800 2022", "version": 3, "show_additional_indication": 0, "text": "#武汉发热门诊患者大排长龙#\n轻症真的没必要去发热门诊啊…这么排长队造成交叉感染更严重吧[汗]\n去了医院也是让你多喝热水，还不如自己居家吃点药… ​", "textLength": 138, "source_allowclick": 0, "source_type": 2, "source": "", "favorited": false, "truncated": false, "in_reply_to_status_id": "", "in_reply_to_user_id": "", "in_reply_to_screen_name": "", "pic_urls": [], "geo": null, "is_paid": false, "mblog_vip_type": 0, "user": {"id": 5393309507, "idstr": "5393309507", "class": 1, "screen_name": "Rani不时尚", "name": "Rani不时尚", "province": "13", "city": "1000", "location": "河北", "description": "合作联系❤617657735", "url": "", "profile_image_url": "https://tvax4.sinaimg.cn/crop.0.0.1080.1080.50/005SZMb1ly8gnk04otkb1j30u00u0q6l.jpg?KID=imgbed,tva&Expires=1673962512&ssig=5CMVwle5V6", "light_ring": false, "cover_image_phone": "https://wx1.sinaimg.cn/crop.0.0.640.640.640/005SZMb1ly1gd47io73n3j30n00n0wgn.jpg", "profile_url": "AinBeauty", "domain": "AinBeauty", "weihao": "", "gender": "f", "followers_count": 11979818, "followers_count_str": "1198万", "friends_count": 61, "pagefriends_count": 4, "statuses_count": 3560, "video_status_count": 1727, "video_play_count": 0, "super_topic_not_syn_count": 2425, "favourites_count": 3, "created_at": "Sat Feb 07 17:21:58 +0800 2015", "following": false, "allow_all_act_msg": false, "geo_enabled": true, "verified": true, "verified_type": 0, "remark": "", "insecurity": {"sexual_content": false}, "ptype": 0, "allow_all_comment": true, "avatar_large": "https://tvax4.sinaimg.cn/crop.0.0.1080.1080.180/005SZMb1ly8gnk04otkb1j30u00u0q6l.jpg?KID=imgbed,tva&Expires=1673962512&ssig=QnQoYD5LN5", "avatar_hd": "https://tvax4.sinaimg.cn/crop.0.0.1080.1080.1024/005SZMb1ly8gnk04otkb1j30u00u0q6l.jpg?KID=imgbed,tva&Expires=1673962512&ssig=V3RARJ7mDb", "verified_reason": "微博牧场计划合作达人 时尚达人 时尚撰稿人  2022年辰星计划博主", "verified_trade": "", "verified_reason_url": "", "verified_source": "", "verified_source_url": "", "verified_state": 0, "verified_level": 3, "verified_type_ext": 1, "has_service_tel": false, "verified_reason_modified": "", "verified_contact_name": "", "verified_contact_email": "", "verified_contact_mobile": "", "follow_me": false, "like": false, "like_me": false, "online_status": 0, "bi_followers_count": 112, "lang": "zh-cn", "star": 0, "mbtype": 12, "mbrank": 8, "svip": 1, "mb_expire_time": 1891785600, "block_word": 0, "block_app": 1, "chaohua_ability": 0, "brand_ability": 0, "nft_ability": 0, "vplus_ability": 3, "wenda_ability": 0, "live_ability": 0, "gongyi_ability": 0, "paycolumn_ability": 1, "newbrand_ability": 0, "ecommerce_ability": 0, "hardfan_ability": 1, "wbcolumn_ability": 0, "credit_score": 80, "user_ability": -2143941112, "cardid": "star_1638", "urank": 22, "story_read_state": -1, "verified_detail": {"custom": 1, "data": [{"key": 1, "sub_key": 0, "weight": 10, "desc": "微博牧场计划合作达人 时尚达人 时尚撰稿人  2022年辰星计划博主", "timestamp": 0}, {"key": 16, "sub_key": 3, "weight": 0, "desc": "微博故事原创作者", "timestamp": 0}, {"key": 16, "sub_key": 10, "weight": 0, "desc": "时尚美妆视频自媒体", "timestamp": 0}, {"key": 16, "sub_key": 2, "weight": 0, "desc": "微博VLOG博主", "timestamp": 0}, {"key": 2, "sub_key": 0, "weight": 0, "desc": "母婴育儿博主", "timestamp": 0}]}, "vclub_member": 0, "is_teenager": 0, "is_guardian": 1, "is_teenager_list": 0, "pc_new": 7, "special_follow": false, "planet_video": 2, "video_mark": 15, "live_status": 0, "user_ability_extend": 0, "status_total_counter": {"total_cnt": 102378664, "repost_cnt": 87873969, "comment_cnt": 2733303, "like_cnt": 11233551, "comment_like_cnt": 537841}, "video_total_counter": {"play_cnt": 185036655}, "brand_account": 0, "hongbaofei": 0, "tab_manage": "[283691415405964, 0]", "reward_status": 0, "green_mode": 0, "mb_like_privilege": {"like_id": "0017_38", "like_desc": ""}, "urisk": 0, "avatar_type": 0, "skin_profile_element": "000015", "skin_cover_poster": "000015", "skin_cover_image": "000015"}, "annotations": [{}, {}, {"client_mblogid": "iPhone-0E987BB7-3B09-4004-B02B-E34896B5EB64"}, {"mapi_request": true}], "reposts_count": 0, "comments_count": 0, "reprint_cmt_count": 0, "attitudes_count": 0, "pending_approval_count": 0, "isLongText": false, "reward_exhibition_type": 0, "hide_flag": 0, "mlevel": 0, "show_mlevel": 0, "biz_feature": 0, "topic_id": "1022:1008083322384154fdfd1617cb794ed27dda4c", "sync_mblog": false, "is_imported_topic": false, "page_type": 64, "hasActionTypeCard": 0, "darwin_tags": [], "hot_weibo_tags": [], "text_tag_tips": [], "mblogtype": 0, "userType": 0, "more_info_type": 0, "number_display_strategy": {"apply_scenario_flag": 3, "display_text_min_number": 1000000, "display_text": "100万+"}, "positive_recom_flag": 0, "content_auth": 0, "gif_ids": "", "is_show_bulletin": 2, "comment_manage_info": {"comment_permission_type": 3, "approval_comment_type": 0, "comment_sort_type": 0, "ai_play_picture_type": 0}, "pic_num": 0, "fid": 4845496895012923, "can_reprint": false, "new_comment_style": 0}, "reply_comment": {"created_at": "Sun Dec 11 15:17:12 +0800 2022", "id": 4845509833656415, "rootid": 4845507694045642, "rootidstr": "4845507694045642", "floor_number": 0, "text": "回复 @imhumankind:不一定扛的住有的人，比如我，发烧四天了，第一天38后面吃了药都退不下来39度，有两个晚上根本睡不着，不打针我真的要死了", "disable_reply": 0, "restrictOperate": 0, "user": {"id": 5257839356, "idstr": "5257839356", "class": 1, "screen_name": "莺时一二", "name": "莺时一二", "province": "42", "city": "1000", "location": "湖北", "description": "一条没有尽头的路", "url": "", "profile_image_url": "https://tvax1.sinaimg.cn/crop.0.0.512.512.50/005JPmcAly8gewew9yeu4j30e80e8jv3.jpg?KID=imgbed,tva&Expires=1673962512&ssig=L7Um0wqVqn", "light_ring": false, "cover_image_phone": "https://ww1.sinaimg.cn/crop.0.0.640.640.640/549d0121tw1egm1kjly3jj20hs0hsq4f.jpg", "profile_url": "u/5257839356", "domain": "", "weihao": "", "gender": "f", "followers_count": 43, "followers_count_str": "43", "friends_count": 315, "pagefriends_count": 12, "statuses_count": 646, "video_status_count": 0, "video_play_count": 0, "super_topic_not_syn_count": 0, "favourites_count": 131, "created_at": "Mon Sep 29 17:30:26 +0800 2014", "following": false, "allow_all_act_msg": false, "geo_enabled": true, "verified": false, "verified_type": -1, "remark": "", "insecurity": {"sexual_content": false}, "ptype": 0, "allow_all_comment": true, "avatar_large": "https://tvax1.sinaimg.cn/crop.0.0.512.512.180/005JPmcAly8gewew9yeu4j30e80e8jv3.jpg?KID=imgbed,tva&Expires=1673962512&ssig=laK%2F9zQ1ZL", "avatar_hd": "https://tvax1.sinaimg.cn/crop.0.0.512.512.1024/005JPmcAly8gewew9yeu4j30e80e8jv3.jpg?KID=imgbed,tva&Expires=1673962512&ssig=TyWts0%2B9vQ", "verified_reason": "", "verified_trade": "", "verified_reason_url": "", "verified_source": "", "verified_source_url": "", "follow_me": false, "like": false, "like_me": false, "online_status": 0, "bi_followers_count": 27, "lang": "zh-cn", "star": 0, "mbtype": 2, "mbrank": 1, "svip": 0, "mb_expire_time": 1554134399, "block_word": 0, "block_app": 0, "chaohua_ability": 0, "brand_ability": 0, "nft_ability": 0, "vplus_ability": 0, "wenda_ability": 0, "live_ability": 0, "gongyi_ability": 0, "paycolumn_ability": 0, "newbrand_ability": 0, "ecommerce_ability": 0, "hardfan_ability": 0, "wbcolumn_ability": 0, "credit_score": 80, "user_ability": 35652608, "urank": 9, "story_read_state": -1, "vclub_member": 0, "is_teenager": 0, "is_guardian": 0, "is_teenager_list": 0, "pc_new": 0, "special_follow": false, "planet_video": 0, "video_mark": 0, "live_status": 0, "user_ability_extend": 0, "status_total_counter": {"total_cnt": 312, "repost_cnt": 65, "comment_cnt": 75, "like_cnt": 172, "comment_like_cnt": 0}, "video_total_counter": {"play_cnt": -1}, "brand_account": 0, "hongbaofei": 0, "tab_manage": "[0, 0]", "reward_status": 0, "green_mode": 0, "urisk": 8589934592, "avatar_type": 0}, "mid": "4845509833656415", "idstr": "4845509833656415", "sync_id": 4845507694045642, "sync_uuid": 4845496895012923, "sync_generate_level": 2, "match_ai_play_picture": false}, "reply_original_text": "不要仅仅靠吃药，以我的经验，物理降温比吃药更重要，冷毛巾敷，不断换，我烧迷糊到晕过去都有。再难受也一定要保持头部的物理降温，大量喝水排尿（也是一种降温）。其实输液起效快一部分原因也是水进身体再排出带走热量。其实现在也没药能杀新冠病毒，本质也就是降温。", "readtimetype": "comment", "sync_id": 4845507694045642, "sync_uuid": 4845496895012923, "sync_generate_level": 2, "match_ai_play_picture": false}