{"created_at": "Sun Dec 11 15:22:37 +0800 2022", "id": 4845511197067539, "rootid": 4845502716185767, "rootidstr": "4845502716185767", "floor_number": 0, "text": "回复@BabeWayD:你情况跟我一样欸，我烧了8天[苦涩][苦涩][苦涩][苦涩]", "disable_reply": 0, "restrictOperate": 0, "source_allowclick": 0, "source_type": 4, "source": "<a href=\"\" rel=\"nofollow\">来自河北</a>", "user": {"id": 7554181284, "idstr": "7554181284", "class": 1, "screen_name": "湫寻__", "name": "湫寻__", "province": "13", "city": "10", "location": "河北 廊坊", "description": "", "url": "", "profile_image_url": "https://tvax1.sinaimg.cn/crop.0.0.837.837.50/008fezDCly8h0wpxc57x3j30n90n9ju3.jpg?KID=imgbed,tva&Expires=1673962512&ssig=dKfX3FYJcX", "light_ring": false, "cover_image_phone": "https://ww1.sinaimg.cn/crop.0.0.640.640.640/549d0121tw1egm1kjly3jj20hs0hsq4f.jpg", "profile_url": "u/7554181284", "domain": "", "weihao": "", "gender": "f", "followers_count": 8, "followers_count_str": "8", "friends_count": 149, "pagefriends_count": 36, "statuses_count": 103, "video_status_count": 0, "video_play_count": 0, "super_topic_not_syn_count": 2, "favourites_count": 2, "created_at": "Mon Jan 25 10:56:02 +0800 2021", "following": false, "allow_all_act_msg": false, "geo_enabled": true, "verified": false, "verified_type": -1, "remark": "", "insecurity": {"sexual_content": false}, "ptype": 0, "allow_all_comment": true, "avatar_large": "https://tvax1.sinaimg.cn/crop.0.0.837.837.180/008fezDCly8h0wpxc57x3j30n90n9ju3.jpg?KID=imgbed,tva&Expires=1673962512&ssig=0iYixzcOV%2B", "avatar_hd": "https://tvax1.sinaimg.cn/crop.0.0.837.837.1024/008fezDCly8h0wpxc57x3j30n90n9ju3.jpg?KID=imgbed,tva&Expires=1673962512&ssig=8E%2F2HZ9eYL", "verified_reason": "", "verified_trade": "", "verified_reason_url": "", "verified_source": "", "verified_source_url": "", "follow_me": false, "like": false, "like_me": false, "online_status": 0, "bi_followers_count": 6, "lang": "zh-cn", "star": 0, "mbtype": 0, "mbrank": 0, "svip": 0, "mb_expire_time": 0, "block_word": 0, "block_app": 0, "chaohua_ability": 0, "brand_ability": 0, "nft_ability": 0, "vplus_ability": 0, "wenda_ability": 0, "live_ability": 0, "gongyi_ability": 0, "paycolumn_ability": 0, "newbrand_ability": 0, "ecommerce_ability": 0, "hardfan_ability": 0, "wbcolumn_ability": 0, "credit_score": 80, "user_ability": 2097152, "urank": 0, "story_read_state": -1, "vclub_member": 0, "is_teenager": 0, "is_guardian": 0, "is_teenager_list": 0, "pc_new": 0, "special_follow": false, "planet_video": 0, "video_mark": 0, "live_status": 0, "user_ability_extend": 0, "status_total_counter": {"total_cnt": 584, "repost_cnt": 0, "comment_cnt": 332, "like_cnt": 181, "comment_like_cnt": 71}, "video_total_counter": {"play_cnt": -1}, "brand_account": 0, "hongbaofei": 0, "tab_manage": "[0, 0]", "reward_status": 0, "green_mode": 0, "urisk": 524288, "avatar_type": 0}, "mid": "4845511197067539", "idstr": "4845511197067539", "status": {"visible": {"type": 0, "list_id": 0}, "created_at": "Sun Dec 11 14:31:48 +0800 2022", "id": 4845498407855869, "idstr": "4845498407855869", "mid": "4845498407855869", "edit_count": 1, "can_edit": false, "edit_at": "Mon Dec 12 15:34:44 +0800 2022", "version": 3, "show_additional_indication": 0, "text": "#武汉发热门诊患者大排长龙#\n轻症真的没必要去发热门诊啊…这么排长队造成交叉感染更严重吧[汗]\n去了医院也是让你多喝热水，还不如自己居家吃点药… ​", "textLength": 138, "source_allowclick": 0, "source_type": 2, "source": "", "favorited": false, "truncated": false, "in_reply_to_status_id": "", "in_reply_to_user_id": "", "in_reply_to_screen_name": "", "pic_urls": [], "geo": null, "is_paid": false, "mblog_vip_type": 0, "user": {"id": 5393309507, "idstr": "5393309507", "class": 1, "screen_name": "Rani不时尚", "name": "Rani不时尚", "province": "13", "city": "1000", "location": "河北", "description": "合作联系❤617657735", "url": "", "profile_image_url": "https://tvax4.sinaimg.cn/crop.0.0.1080.1080.50/005SZMb1ly8gnk04otkb1j30u00u0q6l.jpg?KID=imgbed,tva&Expires=1673962512&ssig=5CMVwle5V6", "light_ring": false, "cover_image_phone": "https://wx1.sinaimg.cn/crop.0.0.640.640.640/005SZMb1ly1gd47io73n3j30n00n0wgn.jpg", "profile_url": "AinBeauty", "domain": "AinBeauty", "weihao": "", "gender": "f", "followers_count": 11979818, "followers_count_str": "1198万", "friends_count": 61, "pagefriends_count": 4, "statuses_count": 3560, "video_status_count": 1727, "video_play_count": 0, "super_topic_not_syn_count": 2425, "favourites_count": 3, "created_at": "Sat Feb 07 17:21:58 +0800 2015", "following": false, "allow_all_act_msg": false, "geo_enabled": true, "verified": true, "verified_type": 0, "remark": "", "insecurity": {"sexual_content": false}, "ptype": 0, "allow_all_comment": true, "avatar_large": "https://tvax4.sinaimg.cn/crop.0.0.1080.1080.180/005SZMb1ly8gnk04otkb1j30u00u0q6l.jpg?KID=imgbed,tva&Expires=1673962512&ssig=QnQoYD5LN5", "avatar_hd": "https://tvax4.sinaimg.cn/crop.0.0.1080.1080.1024/005SZMb1ly8gnk04otkb1j30u00u0q6l.jpg?KID=imgbed,tva&Expires=1673962512&ssig=V3RARJ7mDb", "verified_reason": "微博牧场计划合作达人 时尚达人 时尚撰稿人  2022年辰星计划博主", "verified_trade": "", "verified_reason_url": "", "verified_source": "", "verified_source_url": "", "verified_state": 0, "verified_level": 3, "verified_type_ext": 1, "has_service_tel": false, "verified_reason_modified": "", "verified_contact_name": "", "verified_contact_email": "", "verified_contact_mobile": "", "follow_me": false, "like": false, "like_me": false, "online_status": 0, "bi_followers_count": 112, "lang": "zh-cn", "star": 0, "mbtype": 12, "mbrank": 8, "svip": 1, "mb_expire_time": 1891785600, "block_word": 0, "block_app": 1, "chaohua_ability": 0, "brand_ability": 0, "nft_ability": 0, "vplus_ability": 3, "wenda_ability": 0, "live_ability": 0, "gongyi_ability": 0, "paycolumn_ability": 1, "newbrand_ability": 0, "ecommerce_ability": 0, "hardfan_ability": 1, "wbcolumn_ability": 0, "credit_score": 80, "user_ability": -2143941112, "cardid": "star_1638", "urank": 22, "story_read_state": -1, "verified_detail": {"custom": 1, "data": [{"key": 1, "sub_key": 0, "weight": 10, "desc": "微博牧场计划合作达人 时尚达人 时尚撰稿人  2022年辰星计划博主", "timestamp": 0}, {"key": 16, "sub_key": 3, "weight": 0, "desc": "微博故事原创作者", "timestamp": 0}, {"key": 16, "sub_key": 10, "weight": 0, "desc": "时尚美妆视频自媒体", "timestamp": 0}, {"key": 16, "sub_key": 2, "weight": 0, "desc": "微博VLOG博主", "timestamp": 0}, {"key": 2, "sub_key": 0, "weight": 0, "desc": "母婴育儿博主", "timestamp": 0}]}, "vclub_member": 0, "is_teenager": 0, "is_guardian": 1, "is_teenager_list": 0, "pc_new": 7, "special_follow": false, "planet_video": 2, "video_mark": 15, "live_status": 0, "user_ability_extend": 0, "status_total_counter": {"total_cnt": 102378664, "repost_cnt": 87873969, "comment_cnt": 2733303, "like_cnt": 11233551, "comment_like_cnt": 537841}, "video_total_counter": {"play_cnt": 185036655}, "brand_account": 0, "hongbaofei": 0, "tab_manage": "[283691415405964, 0]", "reward_status": 0, "green_mode": 0, "mb_like_privilege": {"like_id": "0017_38", "like_desc": ""}, "urisk": 0, "avatar_type": 0, "skin_profile_element": "000015", "skin_cover_poster": "000015", "skin_cover_image": "000015"}, "annotations": [{}, {}, {"client_mblogid": "iPhone-0E987BB7-3B09-4004-B02B-E34896B5EB64"}, {"mapi_request": true}], "reposts_count": 0, "comments_count": 0, "reprint_cmt_count": 0, "attitudes_count": 0, "pending_approval_count": 0, "isLongText": false, "reward_exhibition_type": 0, "hide_flag": 0, "mlevel": 0, "show_mlevel": 0, "biz_feature": 0, "topic_id": "1022:1008083322384154fdfd1617cb794ed27dda4c", "sync_mblog": false, "is_imported_topic": false, "page_type": 64, "hasActionTypeCard": 0, "darwin_tags": [], "hot_weibo_tags": [], "text_tag_tips": [], "mblogtype": 0, "userType": 0, "more_info_type": 0, "number_display_strategy": {"apply_scenario_flag": 3, "display_text_min_number": 1000000, "display_text": "100万+"}, "positive_recom_flag": 0, "content_auth": 0, "gif_ids": "", "is_show_bulletin": 2, "comment_manage_info": {"comment_permission_type": 3, "approval_comment_type": 0, "comment_sort_type": 0, "ai_play_picture_type": 0}, "pic_num": 0, "fid": 4845496895012923, "can_reprint": false, "new_comment_style": 0}, "reply_comment": {"created_at": "Sun Dec 11 15:14:05 +0800 2022", "id": 4845509049848646, "rootid": 4845502716185767, "rootidstr": "4845502716185767", "floor_number": 0, "text": "回复@莺时一二:是的，我也是发烧烧了6天，前三天38.5后三天37到38不定，我都准备去医院了，结果睡一觉醒来退烧了好了[跪了]", "disable_reply": 0, "restrictOperate": 0, "user": {"id": 5230009419, "idstr": "5230009419", "class": 1, "screen_name": "BabeWayD", "name": "BabeWayD", "province": "400", "city": "29", "location": "海外 西班牙", "description": "🧸", "url": "", "profile_image_url": "https://tvax1.sinaimg.cn/crop.0.0.828.828.50/005HWAmDly8gx4a0rlnt1j30n00n0q36.jpg?KID=imgbed,tva&Expires=1673962512&ssig=9rROWOGP8R", "light_ring": false, "cover_image_phone": "https://ww1.sinaimg.cn/crop.0.0.640.640.640/9d44112bjw1f1xl1c10tuj20hs0hs0tw.jpg", "profile_url": "u/5230009419", "domain": "", "weihao": "", "gender": "f", "followers_count": 335, "followers_count_str": "335", "friends_count": 66, "pagefriends_count": 2, "statuses_count": 173, "video_status_count": 8, "video_play_count": 0, "super_topic_not_syn_count": 25, "favourites_count": 670, "created_at": "Thu Jul 24 00:14:22 +0800 2014", "following": false, "allow_all_act_msg": false, "geo_enabled": true, "verified": false, "verified_type": -1, "remark": "", "insecurity": {"sexual_content": false}, "ptype": 0, "allow_all_comment": true, "avatar_large": "https://tvax1.sinaimg.cn/crop.0.0.828.828.180/005HWAmDly8gx4a0rlnt1j30n00n0q36.jpg?KID=imgbed,tva&Expires=1673962512&ssig=5fVSqSqCQ0", "avatar_hd": "https://tvax1.sinaimg.cn/crop.0.0.828.828.1024/005HWAmDly8gx4a0rlnt1j30n00n0q36.jpg?KID=imgbed,tva&Expires=1673962512&ssig=2%2FgPGNf98Y", "verified_reason": "", "verified_trade": "", "verified_reason_url": "", "verified_source": "", "verified_source_url": "", "follow_me": false, "like": false, "like_me": false, "online_status": 0, "bi_followers_count": 62, "lang": "zh-cn", "star": 0, "mbtype": 2, "mbrank": 1, "svip": 1, "mb_expire_time": 1668182399, "block_word": 0, "block_app": 0, "chaohua_ability": 0, "brand_ability": 0, "nft_ability": 0, "vplus_ability": 0, "wenda_ability": 0, "live_ability": 0, "gongyi_ability": 0, "paycolumn_ability": 0, "newbrand_ability": 0, "ecommerce_ability": 0, "hardfan_ability": 0, "wbcolumn_ability": 0, "credit_score": 80, "user_ability": 3408896, "urank": 32, "story_read_state": -1, "vclub_member": 0, "is_teenager": 0, "is_guardian": 0, "is_teenager_list": 0, "pc_new": 0, "special_follow": false, "planet_video": 2, "video_mark": 14, "live_status": 0, "user_ability_extend": 0, "status_total_counter": {"total_cnt": 2363, "repost_cnt": 6, "comment_cnt": 978, "like_cnt": 1158, "comment_like_cnt": 221}, "video_total_counter": {"play_cnt": 2990}, "brand_account": 0, "hongbaofei": 0, "tab_manage": "[4329441920, 0]", "reward_status": 0, "green_mode": 0, "urisk": 0, "avatar_type": 0}, "mid": "4845509049848646", "idstr": "4845509049848646", "sync_id": 4845502716185767, "sync_uuid": 4845496895012923, "sync_generate_level": 2, "match_ai_play_picture": false}, "reply_original_text": "你情况跟我一样欸，我烧了8天[苦涩][苦涩][苦涩][苦涩]", "readtimetype": "comment", "match_ai_play_picture": false}