{"created_at": "Sun Dec 11 15:55:06 +0800 2022", "id": 4845519371246210, "rootid": 4845502716185767, "rootidstr": "4845502716185767", "floor_number": 0, "text": "回复@莺时一二:发烧3～7天都是正常的，如果有退烧药就吃一些，会慢慢好的。不要紧张，好好休息，多喝水，多补充维c。后续出现什么症状就吃什么药", "disable_reply": 0, "restrictOperate": 0, "source_allowclick": 0, "source_type": 4, "source": "<a href=\"\" rel=\"nofollow\">来自英国</a>", "user": {"id": 3254833610, "idstr": "3254833610", "class": 1, "screen_name": "Trouvaille1128", "name": "Trouvaille1128", "province": "11", "city": "1000", "location": "北京", "description": "前半生不要怕，后半生不要悔。", "url": "", "profile_image_url": "https://tvax2.sinaimg.cn/crop.0.0.1073.1073.50/c200d1caly8h192d45eq2j20tt0ttjt4.jpg?KID=imgbed,tva&Expires=1673962480&ssig=GMGmqergFE", "light_ring": false, "cover_image_phone": "https://ww1.sinaimg.cn/crop.0.0.640.640.640/549d0121tw1egm1kjly3jj20hs0hsq4f.jpg", "profile_url": "u/3254833610", "domain": "", "weihao": "", "gender": "f", "followers_count": 114, "followers_count_str": "114", "friends_count": 128, "pagefriends_count": 16, "statuses_count": 756, "video_status_count": 1, "video_play_count": 0, "super_topic_not_syn_count": 2, "favourites_count": 14, "created_at": "Sun Mar 31 10:46:10 +0800 2013", "following": false, "allow_all_act_msg": false, "geo_enabled": true, "verified": false, "verified_type": -1, "remark": "", "insecurity": {"sexual_content": false}, "ptype": 0, "allow_all_comment": true, "avatar_large": "https://tvax2.sinaimg.cn/crop.0.0.1073.1073.180/c200d1caly8h192d45eq2j20tt0ttjt4.jpg?KID=imgbed,tva&Expires=1673962480&ssig=6Cpe6cLU8k", "avatar_hd": "https://tvax2.sinaimg.cn/crop.0.0.1073.1073.1024/c200d1caly8h192d45eq2j20tt0ttjt4.jpg?KID=imgbed,tva&Expires=1673962480&ssig=EhhvsjFVYT", "verified_reason": "", "verified_trade": "", "verified_reason_url": "", "verified_source": "", "verified_source_url": "", "follow_me": false, "like": false, "like_me": false, "online_status": 0, "bi_followers_count": 18, "lang": "zh-cn", "star": 0, "mbtype": 2, "mbrank": 1, "svip": 0, "mb_expire_time": 1560959999, "block_word": 0, "block_app": 0, "chaohua_ability": 0, "brand_ability": 0, "nft_ability": 0, "vplus_ability": 0, "wenda_ability": 0, "live_ability": 0, "gongyi_ability": 0, "paycolumn_ability": 0, "newbrand_ability": 0, "ecommerce_ability": 0, "hardfan_ability": 0, "wbcolumn_ability": 0, "credit_score": 80, "user_ability": 2360320, "cardid": "star_100090669909", "urank": 9, "story_read_state": -1, "vclub_member": 0, "is_teenager": 0, "is_guardian": 0, "is_teenager_list": 0, "pc_new": 0, "special_follow": false, "planet_video": 0, "video_mark": 0, "live_status": 0, "user_ability_extend": 0, "status_total_counter": {"total_cnt": 383, "repost_cnt": 116, "comment_cnt": 143, "like_cnt": 119, "comment_like_cnt": 5}, "video_total_counter": {"play_cnt": 27}, "brand_account": 0, "hongbaofei": 0, "tab_manage": "[0, 0]", "reward_status": 0, "green_mode": 0, "urisk": 0, "avatar_type": 0}, "mid": "4845519371246210", "idstr": "4845519371246210", "status": {"visible": {"type": 0, "list_id": 0}, "created_at": "Sun Dec 11 14:31:48 +0800 2022", "id": 4845498407855869, "idstr": "4845498407855869", "mid": "4845498407855869", "edit_count": 1, "can_edit": false, "edit_at": "Mon Dec 12 15:34:44 +0800 2022", "version": 3, "show_additional_indication": 0, "text": "#武汉发热门诊患者大排长龙#\n轻症真的没必要去发热门诊啊…这么排长队造成交叉感染更严重吧[汗]\n去了医院也是让你多喝热水，还不如自己居家吃点药… ​", "textLength": 138, "source_allowclick": 0, "source_type": 2, "source": "", "favorited": false, "truncated": false, "in_reply_to_status_id": "", "in_reply_to_user_id": "", "in_reply_to_screen_name": "", "pic_urls": [], "geo": null, "is_paid": false, "mblog_vip_type": 0, "user": {"id": 5393309507, "idstr": "5393309507", "class": 1, "screen_name": "Rani不时尚", "name": "Rani不时尚", "province": "13", "city": "1000", "location": "河北", "description": "合作联系❤617657735", "url": "", "profile_image_url": "https://tvax4.sinaimg.cn/crop.0.0.1080.1080.50/005SZMb1ly8gnk04otkb1j30u00u0q6l.jpg?KID=imgbed,tva&Expires=1673962480&ssig=JLLpKagD0Y", "light_ring": false, "cover_image_phone": "https://wx1.sinaimg.cn/crop.0.0.640.640.640/005SZMb1ly1gd47io73n3j30n00n0wgn.jpg", "profile_url": "AinBeauty", "domain": "AinBeauty", "weihao": "", "gender": "f", "followers_count": 11979818, "followers_count_str": "1198万", "friends_count": 61, "pagefriends_count": 4, "statuses_count": 3560, "video_status_count": 1727, "video_play_count": 0, "super_topic_not_syn_count": 2425, "favourites_count": 3, "created_at": "Sat Feb 07 17:21:58 +0800 2015", "following": false, "allow_all_act_msg": false, "geo_enabled": true, "verified": true, "verified_type": 0, "remark": "", "insecurity": {"sexual_content": false}, "ptype": 0, "allow_all_comment": true, "avatar_large": "https://tvax4.sinaimg.cn/crop.0.0.1080.1080.180/005SZMb1ly8gnk04otkb1j30u00u0q6l.jpg?KID=imgbed,tva&Expires=1673962480&ssig=GtS6XHWcdQ", "avatar_hd": "https://tvax4.sinaimg.cn/crop.0.0.1080.1080.1024/005SZMb1ly8gnk04otkb1j30u00u0q6l.jpg?KID=imgbed,tva&Expires=1673962480&ssig=jkLNtHezJI", "verified_reason": "微博牧场计划合作达人 时尚达人 时尚撰稿人  2022年辰星计划博主", "verified_trade": "", "verified_reason_url": "", "verified_source": "", "verified_source_url": "", "verified_state": 0, "verified_level": 3, "verified_type_ext": 1, "has_service_tel": false, "verified_reason_modified": "", "verified_contact_name": "", "verified_contact_email": "", "verified_contact_mobile": "", "follow_me": false, "like": false, "like_me": false, "online_status": 0, "bi_followers_count": 112, "lang": "zh-cn", "star": 0, "mbtype": 12, "mbrank": 8, "svip": 1, "mb_expire_time": 1891785600, "block_word": 0, "block_app": 1, "chaohua_ability": 0, "brand_ability": 0, "nft_ability": 0, "vplus_ability": 3, "wenda_ability": 0, "live_ability": 0, "gongyi_ability": 0, "paycolumn_ability": 1, "newbrand_ability": 0, "ecommerce_ability": 0, "hardfan_ability": 1, "wbcolumn_ability": 0, "credit_score": 80, "user_ability": -2143941112, "cardid": "star_1638", "urank": 22, "story_read_state": -1, "verified_detail": {"custom": 1, "data": [{"key": 1, "sub_key": 0, "weight": 10, "desc": "微博牧场计划合作达人 时尚达人 时尚撰稿人  2022年辰星计划博主", "timestamp": 0}, {"key": 16, "sub_key": 3, "weight": 0, "desc": "微博故事原创作者", "timestamp": 0}, {"key": 16, "sub_key": 10, "weight": 0, "desc": "时尚美妆视频自媒体", "timestamp": 0}, {"key": 16, "sub_key": 2, "weight": 0, "desc": "微博VLOG博主", "timestamp": 0}, {"key": 2, "sub_key": 0, "weight": 0, "desc": "母婴育儿博主", "timestamp": 0}]}, "vclub_member": 0, "is_teenager": 0, "is_guardian": 1, "is_teenager_list": 0, "pc_new": 7, "special_follow": false, "planet_video": 2, "video_mark": 15, "live_status": 0, "user_ability_extend": 0, "status_total_counter": {"total_cnt": 102378664, "repost_cnt": 87873969, "comment_cnt": 2733303, "like_cnt": 11233551, "comment_like_cnt": 537841}, "video_total_counter": {"play_cnt": 185036655}, "brand_account": 0, "hongbaofei": 0, "tab_manage": "[283691415405964, 0]", "reward_status": 0, "green_mode": 0, "mb_like_privilege": {"like_id": "0017_38", "like_desc": ""}, "urisk": 0, "avatar_type": 0, "skin_profile_element": "000015", "skin_cover_poster": "000015", "skin_cover_image": "000015"}, "annotations": [{}, {}, {"client_mblogid": "iPhone-0E987BB7-3B09-4004-B02B-E34896B5EB64"}, {"mapi_request": true}], "reposts_count": 0, "comments_count": 0, "reprint_cmt_count": 0, "attitudes_count": 0, "pending_approval_count": 0, "isLongText": false, "reward_exhibition_type": 0, "hide_flag": 0, "mlevel": 0, "show_mlevel": 0, "biz_feature": 0, "topic_id": "1022:1008083322384154fdfd1617cb794ed27dda4c", "sync_mblog": false, "is_imported_topic": false, "page_type": 64, "hasActionTypeCard": 0, "darwin_tags": [], "hot_weibo_tags": [], "text_tag_tips": [], "mblogtype": 0, "userType": 0, "more_info_type": 0, "number_display_strategy": {"apply_scenario_flag": 3, "display_text_min_number": 1000000, "display_text": "100万+"}, "positive_recom_flag": 0, "content_auth": 0, "gif_ids": "", "is_show_bulletin": 2, "comment_manage_info": {"comment_permission_type": 3, "approval_comment_type": 0, "comment_sort_type": 0, "ai_play_picture_type": 0}, "pic_num": 0, "fid": 4845496895012923, "can_reprint": false, "new_comment_style": 0}, "reply_comment": {"created_at": "Sun Dec 11 14:48:55 +0800 2022", "id": 4845502716185767, "rootid": 4845502716185767, "rootidstr": "4845502716185767", "floor_number": 17, "text": "有没有可能就是撑不住了才去呢，我发烧四天，除了第一天38，后来都是39吃药降不下来，很多都是高烧不退的，谁身体还好会去医院呢？将心比心好吗", "disable_reply": 0, "restrictOperate": 0, "user": {"id": 5257839356, "idstr": "5257839356", "class": 1, "screen_name": "莺时一二", "name": "莺时一二", "province": "42", "city": "1000", "location": "湖北", "description": "一条没有尽头的路", "url": "", "profile_image_url": "https://tvax1.sinaimg.cn/crop.0.0.512.512.50/005JPmcAly8gewew9yeu4j30e80e8jv3.jpg?KID=imgbed,tva&Expires=1673962480&ssig=cyi%2BjdU0Z8", "light_ring": false, "cover_image_phone": "https://ww1.sinaimg.cn/crop.0.0.640.640.640/549d0121tw1egm1kjly3jj20hs0hsq4f.jpg", "profile_url": "u/5257839356", "domain": "", "weihao": "", "gender": "f", "followers_count": 43, "followers_count_str": "43", "friends_count": 315, "pagefriends_count": 12, "statuses_count": 646, "video_status_count": 0, "video_play_count": 0, "super_topic_not_syn_count": 0, "favourites_count": 131, "created_at": "Mon Sep 29 17:30:26 +0800 2014", "following": false, "allow_all_act_msg": false, "geo_enabled": true, "verified": false, "verified_type": -1, "remark": "", "insecurity": {"sexual_content": false}, "ptype": 0, "allow_all_comment": true, "avatar_large": "https://tvax1.sinaimg.cn/crop.0.0.512.512.180/005JPmcAly8gewew9yeu4j30e80e8jv3.jpg?KID=imgbed,tva&Expires=1673962480&ssig=ge5MO5emMs", "avatar_hd": "https://tvax1.sinaimg.cn/crop.0.0.512.512.1024/005JPmcAly8gewew9yeu4j30e80e8jv3.jpg?KID=imgbed,tva&Expires=1673962480&ssig=ocP%2Bzr97I9", "verified_reason": "", "verified_trade": "", "verified_reason_url": "", "verified_source": "", "verified_source_url": "", "follow_me": false, "like": false, "like_me": false, "online_status": 0, "bi_followers_count": 27, "lang": "zh-cn", "star": 0, "mbtype": 2, "mbrank": 1, "svip": 0, "mb_expire_time": 1554134399, "block_word": 0, "block_app": 0, "chaohua_ability": 0, "brand_ability": 0, "nft_ability": 0, "vplus_ability": 0, "wenda_ability": 0, "live_ability": 0, "gongyi_ability": 0, "paycolumn_ability": 0, "newbrand_ability": 0, "ecommerce_ability": 0, "hardfan_ability": 0, "wbcolumn_ability": 0, "credit_score": 80, "user_ability": 35652608, "urank": 9, "story_read_state": -1, "vclub_member": 0, "is_teenager": 0, "is_guardian": 0, "is_teenager_list": 0, "pc_new": 0, "special_follow": false, "planet_video": 0, "video_mark": 0, "live_status": 0, "user_ability_extend": 0, "status_total_counter": {"total_cnt": 312, "repost_cnt": 65, "comment_cnt": 75, "like_cnt": 172, "comment_like_cnt": 0}, "video_total_counter": {"play_cnt": -1}, "brand_account": 0, "hongbaofei": 0, "tab_manage": "[0, 0]", "reward_status": 0, "green_mode": 0, "urisk": 8589934592, "avatar_type": 0}, "mid": "4845502716185767", "idstr": "4845502716185767", "sync_id": 4845496895012923, "sync_uuid": 4845496895012923, "sync_generate_level": 1, "match_ai_play_picture": false}, "reply_original_text": "发烧3～7天都是正常的，如果有退烧药就吃一些，会慢慢好的。不要紧张，好好休息，多喝水，多补充维c。后续出现什么症状就吃什么药", "readtimetype": "comment", "sync_id": 4845502716185767, "sync_uuid": 4845496895012923, "sync_generate_level": 2, "match_ai_play_picture": false}