{"created_at": "Sun Dec 11 16:23:31 +0800 2022", "id": 4845526526199393, "rootid": 4845499758149858, "rootidstr": "4845499758149858", "floor_number": 0, "text": "回复@YYJX羲:没说一直封着不放开，我一直觉得精准防控是有用的，过度防控或者毫无准备直接放开都会带来困扰[老师好]（个人观点）", "disable_reply": 0, "restrictOperate": 0, "source_allowclick": 0, "source_type": 4, "source": "<a href=\"\" rel=\"nofollow\">来自福建</a>", "user": {"id": 5450360262, "idstr": "5450360262", "class": 1, "screen_name": "倦思_", "name": "倦思_", "province": "100", "city": "1000", "location": "其他", "description": "你来啦，今天快乐吗", "url": "", "profile_image_url": "https://tvax2.sinaimg.cn/crop.0.0.147.147.50/005WR9Guly8h61uun4mi9j3043043743.jpg?KID=imgbed,tva&Expires=1673962480&ssig=v%2BN5hDjCvl", "light_ring": false, "cover_image_phone": "https://ww1.sinaimg.cn/crop.0.0.640.640.640/9d44112bjw1f1xl1c10tuj20hs0hs0tw.jpg", "profile_url": "u/5450360262", "domain": "", "weihao": "", "gender": "f", "followers_count": 12, "followers_count_str": "12", "friends_count": 193, "pagefriends_count": 49, "statuses_count": 504, "video_status_count": 1, "video_play_count": 0, "super_topic_not_syn_count": 6, "favourites_count": 6, "created_at": "Sat Dec 27 15:33:20 +0800 2014", "following": false, "allow_all_act_msg": false, "geo_enabled": true, "verified": false, "verified_type": -1, "remark": "", "insecurity": {"sexual_content": false}, "ptype": 0, "allow_all_comment": true, "avatar_large": "https://tvax2.sinaimg.cn/crop.0.0.147.147.180/005WR9Guly8h61uun4mi9j3043043743.jpg?KID=imgbed,tva&Expires=1673962480&ssig=m73FK7PGjw", "avatar_hd": "https://tvax2.sinaimg.cn/crop.0.0.147.147.1024/005WR9Guly8h61uun4mi9j3043043743.jpg?KID=imgbed,tva&Expires=1673962480&ssig=%2FqWrIJMVXq", "verified_reason": "", "verified_trade": "", "verified_reason_url": "", "verified_source": "", "verified_source_url": "", "follow_me": false, "like": false, "like_me": false, "online_status": 0, "bi_followers_count": 3, "lang": "zh-cn", "star": 0, "mbtype": 2, "mbrank": 2, "svip": 0, "mb_expire_time": 1643990399, "block_word": 0, "block_app": 0, "chaohua_ability": 0, "brand_ability": 0, "nft_ability": 0, "vplus_ability": 0, "wenda_ability": 0, "live_ability": 0, "gongyi_ability": 0, "paycolumn_ability": 0, "newbrand_ability": 0, "ecommerce_ability": 0, "hardfan_ability": 0, "wbcolumn_ability": 0, "credit_score": 80, "user_ability": 2359296, "avatargj_id": "gj_vip_596", "urank": 4, "story_read_state": -1, "vclub_member": 0, "is_teenager": 0, "is_guardian": 0, "is_teenager_list": 0, "pc_new": 0, "special_follow": false, "planet_video": 2, "video_mark": 0, "live_status": 0, "user_ability_extend": 0, "status_total_counter": {"total_cnt": 933, "repost_cnt": 17, "comment_cnt": 176, "like_cnt": 569, "comment_like_cnt": 171}, "video_total_counter": {"play_cnt": 12218}, "brand_account": 0, "hongbaofei": 0, "tab_manage": "[0, 0]", "reward_status": 0, "green_mode": 0, "urisk": 549755813888, "avatar_type": 0}, "mid": "4845526526199393", "idstr": "4845526526199393", "status": {"visible": {"type": 0, "list_id": 0}, "created_at": "Sun Dec 11 14:31:48 +0800 2022", "id": 4845498407855869, "idstr": "4845498407855869", "mid": "4845498407855869", "edit_count": 1, "can_edit": false, "edit_at": "Mon Dec 12 15:34:44 +0800 2022", "version": 3, "show_additional_indication": 0, "text": "#武汉发热门诊患者大排长龙#\n轻症真的没必要去发热门诊啊…这么排长队造成交叉感染更严重吧[汗]\n去了医院也是让你多喝热水，还不如自己居家吃点药… ​", "textLength": 138, "source_allowclick": 0, "source_type": 2, "source": "", "favorited": false, "truncated": false, "in_reply_to_status_id": "", "in_reply_to_user_id": "", "in_reply_to_screen_name": "", "pic_urls": [], "geo": null, "is_paid": false, "mblog_vip_type": 0, "user": {"id": 5393309507, "idstr": "5393309507", "class": 1, "screen_name": "Rani不时尚", "name": "Rani不时尚", "province": "13", "city": "1000", "location": "河北", "description": "合作联系❤617657735", "url": "", "profile_image_url": "https://tvax4.sinaimg.cn/crop.0.0.1080.1080.50/005SZMb1ly8gnk04otkb1j30u00u0q6l.jpg?KID=imgbed,tva&Expires=1673962480&ssig=JLLpKagD0Y", "light_ring": false, "cover_image_phone": "https://wx1.sinaimg.cn/crop.0.0.640.640.640/005SZMb1ly1gd47io73n3j30n00n0wgn.jpg", "profile_url": "AinBeauty", "domain": "AinBeauty", "weihao": "", "gender": "f", "followers_count": 11979818, "followers_count_str": "1198万", "friends_count": 61, "pagefriends_count": 4, "statuses_count": 3560, "video_status_count": 1727, "video_play_count": 0, "super_topic_not_syn_count": 2425, "favourites_count": 3, "created_at": "Sat Feb 07 17:21:58 +0800 2015", "following": false, "allow_all_act_msg": false, "geo_enabled": true, "verified": true, "verified_type": 0, "remark": "", "insecurity": {"sexual_content": false}, "ptype": 0, "allow_all_comment": true, "avatar_large": "https://tvax4.sinaimg.cn/crop.0.0.1080.1080.180/005SZMb1ly8gnk04otkb1j30u00u0q6l.jpg?KID=imgbed,tva&Expires=1673962480&ssig=GtS6XHWcdQ", "avatar_hd": "https://tvax4.sinaimg.cn/crop.0.0.1080.1080.1024/005SZMb1ly8gnk04otkb1j30u00u0q6l.jpg?KID=imgbed,tva&Expires=1673962480&ssig=jkLNtHezJI", "verified_reason": "微博牧场计划合作达人 时尚达人 时尚撰稿人  2022年辰星计划博主", "verified_trade": "", "verified_reason_url": "", "verified_source": "", "verified_source_url": "", "verified_state": 0, "verified_level": 3, "verified_type_ext": 1, "has_service_tel": false, "verified_reason_modified": "", "verified_contact_name": "", "verified_contact_email": "", "verified_contact_mobile": "", "follow_me": false, "like": false, "like_me": false, "online_status": 0, "bi_followers_count": 112, "lang": "zh-cn", "star": 0, "mbtype": 12, "mbrank": 8, "svip": 1, "mb_expire_time": 1891785600, "block_word": 0, "block_app": 1, "chaohua_ability": 0, "brand_ability": 0, "nft_ability": 0, "vplus_ability": 3, "wenda_ability": 0, "live_ability": 0, "gongyi_ability": 0, "paycolumn_ability": 1, "newbrand_ability": 0, "ecommerce_ability": 0, "hardfan_ability": 1, "wbcolumn_ability": 0, "credit_score": 80, "user_ability": -2143941112, "cardid": "star_1638", "urank": 22, "story_read_state": -1, "verified_detail": {"custom": 1, "data": [{"key": 1, "sub_key": 0, "weight": 10, "desc": "微博牧场计划合作达人 时尚达人 时尚撰稿人  2022年辰星计划博主", "timestamp": 0}, {"key": 16, "sub_key": 3, "weight": 0, "desc": "微博故事原创作者", "timestamp": 0}, {"key": 16, "sub_key": 10, "weight": 0, "desc": "时尚美妆视频自媒体", "timestamp": 0}, {"key": 16, "sub_key": 2, "weight": 0, "desc": "微博VLOG博主", "timestamp": 0}, {"key": 2, "sub_key": 0, "weight": 0, "desc": "母婴育儿博主", "timestamp": 0}]}, "vclub_member": 0, "is_teenager": 0, "is_guardian": 1, "is_teenager_list": 0, "pc_new": 7, "special_follow": false, "planet_video": 2, "video_mark": 15, "live_status": 0, "user_ability_extend": 0, "status_total_counter": {"total_cnt": 102378664, "repost_cnt": 87873969, "comment_cnt": 2733303, "like_cnt": 11233551, "comment_like_cnt": 537841}, "video_total_counter": {"play_cnt": 185036655}, "brand_account": 0, "hongbaofei": 0, "tab_manage": "[283691415405964, 0]", "reward_status": 0, "green_mode": 0, "mb_like_privilege": {"like_id": "0017_38", "like_desc": ""}, "urisk": 0, "avatar_type": 0, "skin_profile_element": "000015", "skin_cover_poster": "000015", "skin_cover_image": "000015"}, "annotations": [{}, {}, {"client_mblogid": "iPhone-0E987BB7-3B09-4004-B02B-E34896B5EB64"}, {"mapi_request": true}], "reposts_count": 0, "comments_count": 0, "reprint_cmt_count": 0, "attitudes_count": 0, "pending_approval_count": 0, "isLongText": false, "reward_exhibition_type": 0, "hide_flag": 0, "mlevel": 0, "show_mlevel": 0, "biz_feature": 0, "topic_id": "1022:1008083322384154fdfd1617cb794ed27dda4c", "sync_mblog": false, "is_imported_topic": false, "page_type": 64, "hasActionTypeCard": 0, "darwin_tags": [], "hot_weibo_tags": [], "text_tag_tips": [], "mblogtype": 0, "userType": 0, "more_info_type": 0, "number_display_strategy": {"apply_scenario_flag": 3, "display_text_min_number": 1000000, "display_text": "100万+"}, "positive_recom_flag": 0, "content_auth": 0, "gif_ids": "", "is_show_bulletin": 2, "comment_manage_info": {"comment_permission_type": 3, "approval_comment_type": 0, "comment_sort_type": 0, "ai_play_picture_type": 0}, "pic_num": 0, "fid": 4845496895012923, "can_reprint": false, "new_comment_style": 0}, "reply_comment": {"created_at": "Sun Dec 11 16:14:23 +0800 2022", "id": 4845524223527927, "rootid": 4845499758149858, "rootidstr": "4845499758149858", "floor_number": 0, "text": "回复@倦思_:国家难不成坚持到永远吗？[泪]", "disable_reply": 0, "restrictOperate": 0, "user": {"id": 6520300832, "idstr": "6520300832", "class": 1, "screen_name": "YYJX羲", "name": "YYJX羲", "province": "44", "city": "3", "location": "广东 深圳", "description": "深圳", "url": "", "profile_image_url": "https://tvax1.sinaimg.cn/crop.0.0.1080.1080.50/0077gw6sly8gezcmeinyxj30u00u00vq.jpg?KID=imgbed,tva&Expires=1673962480&ssig=hPHkw9X088", "light_ring": false, "cover_image_phone": "https://ww1.sinaimg.cn/crop.0.0.640.640.640/549d0121tw1egm1kjly3jj20hs0hsq4f.jpg", "profile_url": "u/6520300832", "domain": "", "weihao": "", "gender": "m", "followers_count": 2, "followers_count_str": "2", "friends_count": 44, "pagefriends_count": 12, "statuses_count": 8, "video_status_count": 0, "video_play_count": 0, "super_topic_not_syn_count": 0, "favourites_count": 2, "created_at": "Thu Apr 05 11:20:26 +0800 2018", "following": false, "allow_all_act_msg": false, "geo_enabled": true, "verified": false, "verified_type": -1, "remark": "", "insecurity": {"sexual_content": false}, "ptype": 0, "allow_all_comment": true, "avatar_large": "https://tvax1.sinaimg.cn/crop.0.0.1080.1080.180/0077gw6sly8gezcmeinyxj30u00u00vq.jpg?KID=imgbed,tva&Expires=1673962480&ssig=Jt5x%2FP5app", "avatar_hd": "https://tvax1.sinaimg.cn/crop.0.0.1080.1080.1024/0077gw6sly8gezcmeinyxj30u00u00vq.jpg?KID=imgbed,tva&Expires=1673962480&ssig=ef0imUKnx%2B", "verified_reason": "", "verified_trade": "", "verified_reason_url": "", "verified_source": "", "verified_source_url": "", "follow_me": false, "like": false, "like_me": false, "online_status": 0, "bi_followers_count": 0, "lang": "zh-cn", "star": 0, "mbtype": 0, "mbrank": 0, "svip": 0, "mb_expire_time": 0, "block_word": 0, "block_app": 0, "chaohua_ability": 0, "brand_ability": 0, "nft_ability": 0, "vplus_ability": 0, "wenda_ability": 0, "live_ability": 0, "gongyi_ability": 0, "paycolumn_ability": 0, "newbrand_ability": 0, "ecommerce_ability": 0, "hardfan_ability": 0, "wbcolumn_ability": 0, "credit_score": 80, "user_ability": 2097152, "urank": 4, "story_read_state": -1, "vclub_member": 0, "is_teenager": 0, "is_guardian": 0, "is_teenager_list": 0, "pc_new": 0, "special_follow": false, "planet_video": 0, "video_mark": 0, "live_status": 0, "user_ability_extend": 0, "status_total_counter": {"total_cnt": 3, "repost_cnt": 0, "comment_cnt": 0, "like_cnt": 3, "comment_like_cnt": 0}, "video_total_counter": {"play_cnt": -1}, "brand_account": 0, "hongbaofei": 0, "tab_manage": "[0, 0]", "reward_status": 0, "green_mode": 0, "urisk": 0, "avatar_type": 0}, "mid": "4845524223527927", "idstr": "4845524223527927", "match_ai_play_picture": false}, "reply_original_text": "没说一直封着不放开，我一直觉得精准防控是有用的，过度防控或者毫无准备直接放开都会带来困扰[老师好]（个人观点）", "readtimetype": "comment", "sync_id": 4845499758149858, "sync_uuid": 4845496895012923, "sync_generate_level": 2, "match_ai_play_picture": false}