{"created_at": "Thu Sep 22 04:02:57 +0800 2022", "id": 4816349128032428, "rootid": 4816349128032428, "rootidstr": "4816349128032428", "floor_number": 16, "text": "助纣为虐的gtz", "disable_reply": 0, "restrictOperate": 0, "source_allowclick": 0, "source_type": 4, "source": "<a href=\"\" rel=\"nofollow\">来自河北</a>", "user": {"id": 1204091275, "idstr": "1204091275", "class": 1, "screen_name": "学府路明", "name": "学府路明", "province": "100", "city": "1000", "location": "其他", "description": "我国核应急航测创始人，正高二级，国家科技进步二等奖获得者。参与撰写专著3部，第一作者发表论文二十余篇，主笔制订国标、行标多项。", "url": "", "profile_image_url": "https://tvax1.sinaimg.cn/crop.29.89.223.223.50/47c4f98bly8gmyoehr6c0j207u0b7t9e.jpg?KID=imgbed,tva&Expires=1669714851&ssig=N77mPMfcj3", "light_ring": false, "profile_url": "u/1204091275", "domain": "", "weihao": "", "gender": "m", "followers_count": 22, "followers_count_str": "22", "friends_count": 87, "pagefriends_count": 5, "statuses_count": 962, "video_status_count": 0, "video_play_count": 0, "super_topic_not_syn_count": 0, "favourites_count": 0, "created_at": "Sat Mar 01 20:42:26 +0800 2014", "following": false, "allow_all_act_msg": false, "geo_enabled": true, "verified": false, "verified_type": -1, "remark": "", "insecurity": {"sexual_content": false}, "ptype": 0, "allow_all_comment": true, "avatar_large": "https://tvax1.sinaimg.cn/crop.29.89.223.223.180/47c4f98bly8gmyoehr6c0j207u0b7t9e.jpg?KID=imgbed,tva&Expires=1669714851&ssig=Mm4ZYDwVKT", "avatar_hd": "https://tvax1.sinaimg.cn/crop.29.89.223.223.1024/47c4f98bly8gmyoehr6c0j207u0b7t9e.jpg?KID=imgbed,tva&Expires=1669714851&ssig=vWVINfzX%2BC", "verified_reason": "", "verified_trade": "", "verified_reason_url": "", "verified_source": "", "verified_source_url": "", "follow_me": false, "like": false, "like_me": false, "online_status": 0, "bi_followers_count": 2, "lang": "zh-cn", "star": 0, "mbtype": 0, "mbrank": 0, "svip": 0, "mb_expire_time": 0, "block_word": 0, "block_app": 0, "chaohua_ability": 0, "brand_ability": 0, "nft_ability": 0, "vplus_ability": 0, "wenda_ability": 0, "live_ability": 0, "gongyi_ability": 0, "paycolumn_ability": 0, "newbrand_ability": 0, "ecommerce_ability": 0, "hardfan_ability": 0, "credit_score": 80, "user_ability": 2359296, "urank": 0, "story_read_state": -1, "vclub_member": 0, "is_teenager": 0, "is_guardian": 0, "is_teenager_list": 0, "pc_new": 6, "special_follow": false, "planet_video": 0, "video_mark": 0, "live_status": 0, "user_ability_extend": 0, "status_total_counter": {"total_cnt": 163, "repost_cnt": 11, "comment_cnt": 47, "like_cnt": 102, "comment_like_cnt": 3}, "video_total_counter": {"play_cnt": -1}, "brand_account": 0, "hongbaofei": 0, "tab_manage": "[0, 0]", "reward_status": 0, "green_mode": 0, "urisk": 17179869184, "avatar_type": 0}, "mid": "4816349128032428", "idstr": "4816349128032428", "status": {"visible": {"type": 0, "list_id": 0}, "created_at": "Wed Sep 21 12:26:08 +0800 2022", "id": 4816113369612866, "idstr": "4816113369612866", "mid": "4816113369612866", "can_edit": false, "version": 4, "show_additional_indication": 0, "text": "#网曝贵阳志愿者专给好看的女生送饭# \n真是让人大跌眼镜！这样的地痞流氓配叫志愿者❓❓❓[衰][衰][衰]\n\n近日，一名博主曝出贵阳花果园小区的“志愿者”们夜间穿着防护服蹦迪跳舞的视频并配文：\n\n真的太感谢贵阳的志愿者了，穿着防护服跳舞的蹦迪的，自拍发抖音的，你们穿着防护服都要化美美的妆呀，还 ​", "textLength": 724, "source_allowclick": 1, "source_type": 2, "source": "<a href=\"http://weibo.com/\" rel=\"nofollow\">人民大会堂Android</a>", "favorited": false, "truncated": false, "in_reply_to_status_id": "", "in_reply_to_user_id": "", "in_reply_to_screen_name": "", "pic_urls": [{"thumbnail_pic": "http://wx3.sinaimg.cn/thumbnail/669bc367gy1h6e438reacj20gm09zgmh.jpg"}, {"thumbnail_pic": "http://wx2.sinaimg.cn/thumbnail/669bc367gy1h6e439ddmdj20u03lsti0.jpg"}, {"thumbnail_pic": "http://wx1.sinaimg.cn/thumbnail/669bc367gy1h6e439vfhej20u03lsqbq.jpg"}], "thumbnail_pic": "http://wx3.sinaimg.cn/thumbnail/669bc367gy1h6e438reacj20gm09zgmh.jpg", "bmiddle_pic": "http://wx3.sinaimg.cn/bmiddle/669bc367gy1h6e438reacj20gm09zgmh.jpg", "original_pic": "http://wx3.sinaimg.cn/large/669bc367gy1h6e438reacj20gm09zgmh.jpg", "geo": null, "is_paid": false, "mblog_vip_type": 0, "user": {"id": 1721484135, "idstr": "1721484135", "class": 1, "screen_name": "主编赵旭东", "name": "主编赵旭东", "province": "11", "city": "1000", "location": "北京", "description": "为百姓说话为百姓鼓与呼", "url": "", "profile_image_url": "https://tva1.sinaimg.cn/crop.0.0.180.180.50/669bc367jw1e8qgp5bmzyj2050050aa8.jpg?KID=imgbed,tva&Expires=1669714851&ssig=OxHz%2FRUEou", "light_ring": false, "cover_image_phone": "http://wx1.sinaimg.cn/crop.0.0.640.640.640/006qQqddly1fozd77n4u4j30k00k0th7.jpg;http://ww1.sinaimg.cn/crop.0.0.640.640.640/549d0121tw1egm1kjly3jj20hs0hsq4f.jpg", "profile_url": "cnfzywq", "domain": "cnfzywq", "weihao": "", "gender": "m", "followers_count": 490638, "followers_count_str": "49.1万", "friends_count": 2757, "pagefriends_count": 242, "statuses_count": 91935, "video_status_count": 232, "video_play_count": 0, "super_topic_not_syn_count": 19, "favourites_count": 46, "created_at": "Tue Nov 23 17:38:37 +0800 2010", "following": false, "allow_all_act_msg": false, "geo_enabled": true, "verified": true, "verified_type": 0, "remark": "", "insecurity": {"sexual_content": false}, "ptype": 0, "allow_all_comment": true, "avatar_large": "https://tva1.sinaimg.cn/crop.0.0.180.180.180/669bc367jw1e8qgp5bmzyj2050050aa8.jpg?KID=imgbed,tva&Expires=1669714851&ssig=VVXlp8nSJy", "avatar_hd": "https://tva1.sinaimg.cn/crop.0.0.180.180.1024/669bc367jw1e8qgp5bmzyj2050050aa8.jpg?KID=imgbed,tva&Expires=1669714851&ssig=CyquTUHFEW", "verified_reason": "超话主持人（老赵说事超话） 微博故事原创作者", "verified_trade": "816", "verified_reason_url": "", "verified_source": "", "verified_source_url": "", "verified_state": 0, "verified_level": 3, "verified_type_ext": 1, "has_service_tel": false, "verified_reason_modified": "", "verified_contact_name": "", "verified_contact_email": "", "verified_contact_mobile": "", "follow_me": false, "like": false, "like_me": false, "online_status": 0, "bi_followers_count": 1049, "lang": "zh-cn", "star": 0, "mbtype": 12, "mbrank": 7, "svip": 0, "mb_expire_time": 1697558400, "block_word": 0, "block_app": 1, "chaohua_ability": 0, "brand_ability": 0, "nft_ability": 0, "vplus_ability": 0, "wenda_ability": 0, "live_ability": 0, "gongyi_ability": 0, "paycolumn_ability": 0, "newbrand_ability": 0, "ecommerce_ability": 0, "hardfan_ability": 1, "credit_score": 80, "user_ability": -2135684568, "cardid": "star_1600", "avatargj_id": "gj_vip_739", "urank": 42, "story_read_state": -1, "verified_detail": {"custom": 1, "data": [{"key": 1, "sub_key": 0, "weight": 0, "desc": "当代商报社廉政法制周刊主编", "timestamp": 0, "verify_extend": {"real_name_verified": "1"}}, {"key": 4, "sub_key": 9, "weight": 0, "desc": "头条文章作者", "timestamp": 0}, {"key": 8, "sub_key": 0, "weight": 10, "desc": "超话主持人（老赵说事超话）", "timestamp": 0}, {"key": 16, "sub_key": 1, "weight": 11, "desc": "微博故事原创作者", "timestamp": 0}]}, "vclub_member": 0, "is_teenager": 0, "is_guardian": 0, "is_teenager_list": 0, "pc_new": 6, "special_follow": false, "planet_video": 2, "video_mark": 15, "live_status": 0, "user_ability_extend": 0, "status_total_counter": {"total_cnt": 812990, "repost_cnt": 246951, "comment_cnt": 137986, "like_cnt": 329808, "comment_like_cnt": 98245}, "video_total_counter": {"play_cnt": 1992318}, "brand_account": 0, "hongbaofei": 0, "tab_manage": "[0, 0]", "reward_status": 0, "green_mode": 0, "urisk": 34896609280, "avatar_type": 0}, "annotations": [{"photo_sub_type": "0,0,0"}, {}, {"client_mblogid": "75872b3e-a82b-4b3e-9499-9109ae520f16"}, {"mapi_request": true}], "reposts_count": 0, "comments_count": 0, "reprint_cmt_count": 0, "attitudes_count": 0, "pending_approval_count": 0, "isLongText": true, "reward_exhibition_type": 0, "hide_flag": 0, "mlevel": 128, "show_mlevel": 0, "biz_feature": 4294967300, "page_type": 64, "hasActionTypeCard": 0, "darwin_tags": [], "hot_weibo_tags": [], "text_tag_tips": [], "mblogtype": 0, "userType": 0, "mlevelSource": "monitor", "more_info_type": 0, "cardid": "star_1600", "number_display_strategy": {"apply_scenario_flag": 3, "display_text_min_number": 1000000, "display_text": "100万+"}, "positive_recom_flag": 0, "content_auth": 0, "gif_ids": "", "is_show_bulletin": 2, "comment_manage_info": {"comment_permission_type": -1, "approval_comment_type": 0, "comment_sort_type": 0, "ai_play_picture_type": 0}, "pic_num": 3, "can_reprint": false, "new_comment_style": 0}, "readtimetype": "comment", "match_ai_play_picture": false}