{"created_at": "Sat Nov 05 08:07:28 +0800 2022", "id": 4832355724297987, "rootid": 4832355724297987, "rootidstr": "4832355724297987", "floor_number": 129, "text": "@寂若凌心", "disable_reply": 0, "restrictOperate": 0, "source_allowclick": 0, "source_type": 4, "source": "<a href=\"\" rel=\"nofollow\">来自陕西</a>", "user": {"id": 5649229353, "idstr": "5649229353", "class": 1, "screen_name": "冷草-咸池", "name": "冷草-咸池", "province": "32", "city": "1000", "location": "江苏", "description": "半吊子旅游博主 ，九年脆皮鸭文学爱好者，cp诱捕器。  金陵月下，西子湖畔～", "url": "", "profile_image_url": "https://tvax1.sinaimg.cn/crop.0.0.996.996.50/006ajACtly8gcg8hpyy35j30ro0ro77e.jpg?KID=imgbed,tva&Expires=1674109716&ssig=q1mYbQWSpI", "light_ring": false, "cover_image_phone": "https://ww1.sinaimg.cn/crop.0.0.640.640.640/549d0121tw1egm1kjly3jj20hs0hsq4f.jpg", "profile_url": "WHILE0721", "domain": "WHILE0721", "weihao": "", "gender": "f", "followers_count": 334, "followers_count_str": "334", "friends_count": 2060, "pagefriends_count": 292, "statuses_count": 6134, "video_status_count": 10, "video_play_count": 0, "super_topic_not_syn_count": 3, "favourites_count": 627, "created_at": "Wed Jul 08 18:20:17 +0800 2015", "following": false, "allow_all_act_msg": false, "geo_enabled": true, "verified": false, "verified_type": -1, "remark": "", "insecurity": {"sexual_content": false}, "ptype": 0, "allow_all_comment": false, "avatar_large": "https://tvax1.sinaimg.cn/crop.0.0.996.996.180/006ajACtly8gcg8hpyy35j30ro0ro77e.jpg?KID=imgbed,tva&Expires=1674109716&ssig=olfqWjS4qL", "avatar_hd": "https://tvax1.sinaimg.cn/crop.0.0.996.996.1024/006ajACtly8gcg8hpyy35j30ro0ro77e.jpg?KID=imgbed,tva&Expires=1674109716&ssig=3TJZ%2BwY27f", "verified_reason": "", "verified_trade": "", "verified_reason_url": "", "verified_source": "", "verified_source_url": "", "follow_me": false, "like": false, "like_me": false, "online_status": 0, "bi_followers_count": 30, "lang": "zh-cn", "star": 0, "mbtype": 0, "mbrank": 0, "svip": 0, "mb_expire_time": 0, "block_word": 0, "block_app": 0, "chaohua_ability": 0, "brand_ability": 0, "nft_ability": 0, "vplus_ability": 0, "wenda_ability": 0, "live_ability": 0, "gongyi_ability": 0, "paycolumn_ability": 0, "newbrand_ability": 0, "ecommerce_ability": 0, "hardfan_ability": 0, "wbcolumn_ability": 0, "credit_score": 80, "user_ability": 44303360, "urank": 9, "story_read_state": -1, "vclub_member": 0, "is_teenager": 0, "is_guardian": 0, "is_teenager_list": 0, "pc_new": 0, "special_follow": false, "planet_video": 2, "video_mark": 2, "live_status": 0, "user_ability_extend": 0, "status_total_counter": {"total_cnt": 4049, "repost_cnt": 100, "comment_cnt": 2955, "like_cnt": 931, "comment_like_cnt": 63}, "video_total_counter": {"play_cnt": 208}, "brand_account": 0, "hongbaofei": 0, "tab_manage": "[0, 0]", "reward_status": 0, "green_mode": 0, "urisk": 17179869184, "unfollowing_recom_switch": 1, "avatar_type": 0}, "mid": "4832355724297987", "idstr": "4832355724297987", "status": {"visible": {"type": 0, "list_id": 0}, "created_at": "Fri Nov 04 22:37:28 +0800 2022", "id": 4832212282769701, "idstr": "4832212282769701", "mid": "4832212282769701", "can_edit": false, "version": 5, "show_additional_indication": 0, "text": "#呼和浩特##呼和浩特跳楼#呼和浩特疫情# 太揪心了，从6:10到6:50（救护车刚到，医生慢慢悠悠的走过去，确认已经死亡后人家直接走了），整整40分钟的黄金抢救时间，物业不作为，医生不作为，一条鲜活的生命，听着她女儿的哭声，太揪心了，很失望  http://t.cn/A6oQ00K7 ​", "textLength": 248, "source_allowclick": 0, "source_type": 2, "source": "<a href=\"http://weibo.com/\" rel=\"nofollow\">iPhone客户端</a>", "favorited": false, "truncated": false, "in_reply_to_status_id": "", "in_reply_to_user_id": "", "in_reply_to_screen_name": "", "pic_urls": [{"thumbnail_pic": "http://wx4.sinaimg.cn/thumbnail/008dSIvZly1h7th0vvmkwj30qg0gj0vz.jpg"}, {"thumbnail_pic": "http://wx3.sinaimg.cn/thumbnail/008dSIvZly1h7th0wh2a0j30tx1nqaft.jpg"}, {"thumbnail_pic": "http://wx4.sinaimg.cn/thumbnail/008dSIvZly1h7th0wzgxpj30yi18ftgp.jpg"}, {"thumbnail_pic": "http://wx3.sinaimg.cn/thumbnail/008dSIvZly1h7th0x9x9jj30tk1n3tiu.jpg"}, {"thumbnail_pic": "http://wx2.sinaimg.cn/thumbnail/008dSIvZly1h7th0y0waxj30yi1len7m.jpg"}, {"thumbnail_pic": "http://wx2.sinaimg.cn/thumbnail/008dSIvZly1h7th0ykg27j30u41mitf2.jpg"}], "thumbnail_pic": "http://wx4.sinaimg.cn/thumbnail/008dSIvZly1h7th0vvmkwj30qg0gj0vz.jpg", "bmiddle_pic": "http://wx4.sinaimg.cn/bmiddle/008dSIvZly1h7th0vvmkwj30qg0gj0vz.jpg", "original_pic": "http://wx4.sinaimg.cn/large/008dSIvZly1h7th0vvmkwj30qg0gj0vz.jpg", "geo": null, "is_paid": false, "mblog_vip_type": 0, "user": {"id": 7534195855, "idstr": "7534195855", "class": 1, "screen_name": "B612星球上的魔法少女68", "name": "B612星球上的魔法少女68", "province": "100", "city": "1000", "location": "其他", "description": "", "url": "", "profile_image_url": "https://tvax1.sinaimg.cn/crop.0.0.1080.1080.50/008dSIvZly8h7toswzj2ej30u00u0ag3.jpg?KID=imgbed,tva&Expires=1674109716&ssig=FrBIIwvyTD", "light_ring": false, "profile_url": "u/7534195855", "domain": "", "weihao": "", "gender": "f", "followers_count": 43, "followers_count_str": "43", "friends_count": 7, "pagefriends_count": 2, "statuses_count": 2, "video_status_count": 0, "video_play_count": 0, "super_topic_not_syn_count": 0, "favourites_count": 0, "created_at": "Sun Dec 13 19:59:18 +0800 2020", "following": false, "allow_all_act_msg": false, "geo_enabled": true, "verified": false, "verified_type": -1, "remark": "", "insecurity": {"sexual_content": false}, "ptype": 0, "allow_all_comment": true, "avatar_large": "https://tvax1.sinaimg.cn/crop.0.0.1080.1080.180/008dSIvZly8h7toswzj2ej30u00u0ag3.jpg?KID=imgbed,tva&Expires=1674109716&ssig=Q8r9rKpyUK", "avatar_hd": "https://tvax1.sinaimg.cn/crop.0.0.1080.1080.1024/008dSIvZly8h7toswzj2ej30u00u0ag3.jpg?KID=imgbed,tva&Expires=1674109716&ssig=icsb9lLbdy", "verified_reason": "", "verified_trade": "", "verified_reason_url": "", "verified_source": "", "verified_source_url": "", "follow_me": false, "like": false, "like_me": false, "online_status": 0, "bi_followers_count": 2, "lang": "zh-cn", "star": 0, "mbtype": 0, "mbrank": 0, "svip": 0, "mb_expire_time": 0, "block_word": 0, "block_app": 0, "chaohua_ability": 0, "brand_ability": 0, "nft_ability": 0, "vplus_ability": 0, "wenda_ability": 0, "live_ability": 0, "gongyi_ability": 0, "paycolumn_ability": 0, "newbrand_ability": 0, "ecommerce_ability": 0, "hardfan_ability": 0, "wbcolumn_ability": 0, "credit_score": 80, "user_ability": 2097152, "urank": 0, "story_read_state": -1, "vclub_member": 0, "is_teenager": 0, "is_guardian": 0, "is_teenager_list": 0, "pc_new": 0, "special_follow": false, "planet_video": 2, "video_mark": 0, "live_status": 0, "user_ability_extend": 0, "status_total_counter": {"total_cnt": 5690, "repost_cnt": 1644, "comment_cnt": 339, "like_cnt": 1345, "comment_like_cnt": 2362}, "video_total_counter": {"play_cnt": 4543}, "brand_account": 0, "hongbaofei": 0, "tab_manage": "[0, 0]", "reward_status": 0, "green_mode": 0, "urisk": 524288, "unfollowing_recom_switch": 1, "avatar_type": 0}, "annotations": [{"photo_sub_type": "0,0,0,0,0,0"}, {"ann_ext": "ann_ext:search|t:1|q:#呼和浩特#|creator_source:bottomsendweibo"}, {"client_mblogid": "iPhone-4BAA350D-6FB8-4276-94B6-F424A34A0773"}, {"mapi_request": true}], "picStatus": "0:1,1:1,2:1,3:1,4:1,5:1", "reposts_count": 0, "comments_count": 0, "reprint_cmt_count": 0, "attitudes_count": 0, "pending_approval_count": 0, "isLongText": false, "reward_exhibition_type": 0, "hide_flag": 0, "mlevel": 128, "show_mlevel": 0, "biz_feature": 4294967300, "expire_time": 1667663096, "page_type": 64, "hasActionTypeCard": 0, "darwin_tags": [], "hot_weibo_tags": [], "text_tag_tips": [], "mblogtype": 0, "mark": "999_reallog_mark_ad:999|WeiboADNatural", "userType": 0, "extend_info": {"ad": {"url_marked": "true"}}, "mlevelSource": "monitor", "more_info_type": 0, "number_display_strategy": {"apply_scenario_flag": 3, "display_text_min_number": 1000000, "display_text": "100万+"}, "positive_recom_flag": 0, "content_auth": 0, "gif_ids": "", "is_show_bulletin": 2, "comment_manage_info": {"comment_permission_type": -1, "approval_comment_type": 0, "comment_sort_type": 0, "ai_play_picture_type": 0}, "pic_num": 6, "can_reprint": false, "new_comment_style": 0}, "readtimetype": "comment", "match_ai_play_picture": false}