{"created_at": "Wed Apr 20 17:49:41 +0800 2022", "id": 4760387058141223, "rootid": 4760270527792800, "rootidstr": "4760270527792800", "floor_number": 0, "text": "回复@迷钓·:你也只拉了一半吧[doge] http://t.cn/A66eCQ5e", "disable_reply": 0, "restrictOperate": 0, "user": {"id": 2914078471, "idstr": "2914078471", "class": 1, "screen_name": "仿生人唠嗑带电音吗", "name": "仿生人唠嗑带电音吗", "province": "12", "city": "4", "location": "天津 南开区", "description": "资深不知名低端人口代表。", "url": "", "profile_image_url": "https://tvax2.sinaimg.cn/crop.0.0.1002.1002.50/adb14f07ly8gdio0q5wftj20ru0ruacr.jpg?KID=imgbed,tva&Expires=1674071615&ssig=k6Vt1DTJZG", "light_ring": false, "cover_image": "https://ww4.sinaimg.cn/crop.0.0.980.300/adb14f07jw1ech2unzdcoj20r80hf7d7.jpg", "cover_image_phone": "https://ww3.sinaimg.cn/crop.0.0.640.640.640/6ce2240djw1e9odcin216j20hs0hstd8.jpg", "profile_url": "u/2914078471", "domain": "", "weihao": "", "gender": "m", "followers_count": 1083, "followers_count_str": "1083", "friends_count": 960, "pagefriends_count": 7, "statuses_count": 7663, "video_status_count": 3, "video_play_count": 0, "super_topic_not_syn_count": 0, "favourites_count": 376, "created_at": "Fri Aug 10 19:20:20 +0800 2012", "following": false, "allow_all_act_msg": false, "geo_enabled": true, "verified": false, "verified_type": -1, "remark": "", "insecurity": {"sexual_content": false}, "ptype": 0, "allow_all_comment": true, "avatar_large": "https://tvax2.sinaimg.cn/crop.0.0.1002.1002.180/adb14f07ly8gdio0q5wftj20ru0ruacr.jpg?KID=imgbed,tva&Expires=1674071615&ssig=ih8NfgH7Oe", "avatar_hd": "https://tvax2.sinaimg.cn/crop.0.0.1002.1002.1024/adb14f07ly8gdio0q5wftj20ru0ruacr.jpg?KID=imgbed,tva&Expires=1674071615&ssig=Da0DbxkT1D", "verified_reason": "", "verified_trade": "", "verified_reason_url": "", "verified_source": "", "verified_source_url": "", "follow_me": false, "like": false, "like_me": false, "online_status": 0, "bi_followers_count": 105, "lang": "zh-cn", "star": 0, "mbtype": 12, "mbrank": 6, "svip": 0, "mb_expire_time": 1690387200, "block_word": 0, "block_app": 1, "chaohua_ability": 0, "brand_ability": 0, "nft_ability": 0, "vplus_ability": 0, "wenda_ability": 0, "live_ability": 0, "gongyi_ability": 0, "paycolumn_ability": 0, "newbrand_ability": 0, "ecommerce_ability": 0, "hardfan_ability": 0, "wbcolumn_ability": 0, "credit_score": 80, "user_ability": 10748416, "avatargj_id": "gj_vip_376", "urank": 40, "story_read_state": -1, "vclub_member": 0, "is_teenager": 0, "is_guardian": 0, "is_teenager_list": 0, "pc_new": 7, "special_follow": false, "planet_video": 2, "video_mark": 0, "live_status": 0, "user_ability_extend": 0, "status_total_counter": {"total_cnt": 43351, "repost_cnt": 5210, "comment_cnt": 9662, "like_cnt": 6829, "comment_like_cnt": 21650}, "video_total_counter": {"play_cnt": 1499}, "brand_account": 0, "hongbaofei": 0, "tab_manage": "[0, 0]", "reward_status": 0, "green_mode": 0, "mb_like_privilege": {"like_id": "0015", "like_desc": "牛蛙"}, "urisk": 549755813888, "unfollowing_recom_switch": 1, "avatar_type": 0}, "mid": "4760387058141223", "idstr": "4760387058141223", "status": {"visible": {"type": 0, "list_id": 0}, "created_at": "Wed Apr 20 09:57:59 +0800 2022", "id": 4760268352260029, "idstr": "4760268352260029", "mid": "4760268352260029", "can_edit": false, "version": 2, "show_additional_indication": 0, "text": "卧槽速速来看女侠 ​", "textLength": 16, "source_allowclick": 0, "source_type": 2, "source": "", "favorited": false, "truncated": false, "in_reply_to_status_id": "", "in_reply_to_user_id": "", "in_reply_to_screen_name": "", "pic_urls": [{"thumbnail_pic": "http://wx1.sinaimg.cn/thumbnail/008nSWePly1h1fydnx4pej30lo0xbdkj.jpg"}, {"thumbnail_pic": "http://wx2.sinaimg.cn/thumbnail/008nSWePly1h1fydnkzvzg30hs0a0b2a.gif"}], "thumbnail_pic": "http://wx1.sinaimg.cn/thumbnail/008nSWePly1h1fydnx4pej30lo0xbdkj.jpg", "bmiddle_pic": "http://wx1.sinaimg.cn/bmiddle/008nSWePly1h1fydnx4pej30lo0xbdkj.jpg", "original_pic": "http://wx1.sinaimg.cn/large/008nSWePly1h1fydnx4pej30lo0xbdkj.jpg", "geo": null, "is_paid": false, "mblog_vip_type": 0, "user": {"id": 7682011967, "idstr": "7682011967", "class": 1, "screen_name": "京城红某人", "name": "京城红某人", "province": "44", "city": "1", "location": "广东 广州", "description": "宇宙无敌冲浪选手", "url": "", "profile_image_url": "https://tvax2.sinaimg.cn/crop.0.0.1080.1080.50/008nSWePly8gtsxyywad2j30u00u0acj.jpg?KID=imgbed,tva&Expires=1674071615&ssig=t6XHBu6qUG", "light_ring": false, "cover_image_phone": "https://wx4.sinaimg.cn/crop.0.0.640.640.640/008nSWePly1gu3l4fkw5ej30v90v9wgk.jpg", "profile_url": "u/7682011967", "domain": "", "weihao": "", "gender": "f", "followers_count": 220681, "followers_count_str": "22.1万", "friends_count": 141, "pagefriends_count": 1, "statuses_count": 3951, "video_status_count": 222, "video_play_count": 0, "super_topic_not_syn_count": 0, "favourites_count": 6, "created_at": "Wed Aug 25 12:52:17 +0800 2021", "following": false, "allow_all_act_msg": false, "geo_enabled": true, "verified": false, "verified_type": -1, "remark": "", "insecurity": {"sexual_content": false}, "ptype": 0, "allow_all_comment": true, "avatar_large": "https://tvax2.sinaimg.cn/crop.0.0.1080.1080.180/008nSWePly8gtsxyywad2j30u00u0acj.jpg?KID=imgbed,tva&Expires=1674071615&ssig=hdZrsuWXFZ", "avatar_hd": "https://tvax2.sinaimg.cn/crop.0.0.1080.1080.1024/008nSWePly8gtsxyywad2j30u00u0acj.jpg?KID=imgbed,tva&Expires=1674071615&ssig=Oz6AVUzyIO", "verified_reason": "", "verified_trade": "", "verified_reason_url": "", "verified_source": "", "verified_source_url": "", "follow_me": false, "like": false, "like_me": false, "online_status": 0, "bi_followers_count": 26, "lang": "zh-cn", "star": 0, "mbtype": 12, "mbrank": 5, "svip": 0, "mb_expire_time": 1696780800, "block_word": 0, "block_app": 1, "chaohua_ability": 0, "brand_ability": 0, "nft_ability": 0, "vplus_ability": 0, "wenda_ability": 0, "live_ability": 0, "gongyi_ability": 0, "paycolumn_ability": 0, "newbrand_ability": 0, "ecommerce_ability": 0, "hardfan_ability": 1, "wbcolumn_ability": 0, "credit_score": 80, "user_ability": 262664, "cardid": "star_1489", "avatargj_id": "gj_vip_318", "urank": 0, "story_read_state": -1, "vclub_member": 0, "is_teenager": 0, "is_guardian": 0, "is_teenager_list": 0, "pc_new": 6, "special_follow": false, "planet_video": 2, "video_mark": 0, "live_status": 0, "user_ability_extend": 0, "status_total_counter": {"total_cnt": 15477466, "repost_cnt": 642045, "comment_cnt": 729330, "like_cnt": 1678566, "comment_like_cnt": 12427525}, "video_total_counter": {"play_cnt": 26728288}, "brand_account": 0, "hongbaofei": 0, "tab_manage": "[0, 0]", "reward_status": 0, "green_mode": 0, "urisk": 0, "unfollowing_recom_switch": 1, "avatar_type": 0}, "annotations": [{"photo_sub_type": "0,0"}, {}, {"client_mblogid": "iPhone-77CD157D-3946-4DC9-BE34-CB2FD4FCFBC1"}, {"mapi_request": true}], "reposts_count": 0, "comments_count": 0, "reprint_cmt_count": 0, "attitudes_count": 0, "pending_approval_count": 0, "isLongText": false, "reward_exhibition_type": 0, "hide_flag": 0, "mlevel": 128, "show_mlevel": 0, "biz_feature": 4294967300, "hasActionTypeCard": 0, "darwin_tags": [], "hot_weibo_tags": [], "text_tag_tips": [], "mblogtype": 0, "userType": 0, "mlevelSource": "monitor", "more_info_type": 0, "number_display_strategy": {"apply_scenario_flag": 3, "display_text_min_number": 1000000, "display_text": "100万+"}, "positive_recom_flag": 0, "content_auth": 0, "gif_ids": "008nSWePly1h1fydnkzvzg30hs0a0b2a|o0/002ptdLUlx07Vq1cz7N6010412002yP80E010|1022:2311284760268350357560|http%3A%2F%2Fg.us.sinaimg.cn%2Fo0%2F002ptdLUlx07Vq1cz7N6010412002yP80E010.mp4%3Flabel%3Dgif_mp4%26template%3D640x360.28.0", "is_show_bulletin": 2, "comment_manage_info": {"comment_permission_type": -1, "approval_comment_type": 0, "comment_sort_type": 0, "ai_play_picture_type": 0}, "pic_num": 2, "can_reprint": false, "new_comment_style": 0}, "reply_comment": {"created_at": "Wed Apr 20 14:02:15 +0800 2022", "id": 4760329823193861, "rootid": 4760270527792800, "rootidstr": "4760270527792800", "floor_number": 0, "text": "回复@阿拉德颖丁:视频可惜看一半拉屎是不是也可以拉一半[开学季][开学季][开学季][开学季][开学季] http://t.cn/A66exiKU", "disable_reply": 0, "restrictOperate": 0, "user": {"id": 7405221237, "idstr": "7405221237", "class": 1, "screen_name": "迷钓·", "name": "迷钓·", "province": "400", "city": "20", "location": "海外 意大利", "description": "我很无聊😶‍🌫️不在别找", "url": "", "profile_image_url": "https://tvax2.sinaimg.cn/crop.0.0.1010.1010.50/00859ykdly8ha62hpph5lj30s20s2gnb.jpg?KID=imgbed,tva&Expires=1674071615&ssig=6ZWoRAxReB", "light_ring": false, "cover_image_phone": "https://wx3.sinaimg.cn/crop.0.0.640.640.640/00859ykdgy1h1lca90n90j30e80e8751.jpg;https://wx4.sinaimg.cn/crop.0.0.640.640.640/00859ykdly1geufbuie6hj30ku0kugmq.jpg;https://wx4.sinaimg.cn/crop.0.0.640.640.640/00859ykdgy1gklkfxww9wj30ku0kutcv.jpg;https://wx2.sinaimg.cn/crop.0.0.640.640.640/00859ykdly1geufavg36tj30ku0kujts.jpg;https://wx2.sinaimg.cn/crop.0.0.640.640.640/00859ykdgy1gowon83f3gj30e80e8my8.jpg;https://wx2.sinaimg.cn/crop.0.0.640.640.640/00859ykdly1ggn7e1dticj30ku0kutay.jpg;https://wx4.sinaimg.cn/crop.0.0.640.640.640/00859ykdgy1gk7x3bn2hej30e80e8wg1.jpg;https://wx4.sinaimg.cn/crop.0.0.640.640.640/00859ykdgy1h1lcb65l82j30e80e8q4c.jpg;https://wx3.sinaimg.cn/crop.0.0.640.640.640/00859ykdgy1gyw8ghy62zj30u00u0afz.jpg", "profile_url": "u/7405221237", "domain": "", "weihao": "", "gender": "f", "followers_count": 10663, "followers_count_str": "1.1万", "friends_count": 390, "pagefriends_count": 14, "statuses_count": 6692, "video_status_count": 141, "video_play_count": 0, "super_topic_not_syn_count": 122, "favourites_count": 309, "created_at": "Tue Mar 03 15:28:11 +0800 2020", "following": false, "allow_all_act_msg": false, "geo_enabled": true, "verified": true, "verified_type": 0, "remark": "", "insecurity": {"sexual_content": false}, "ptype": 0, "allow_all_comment": true, "avatar_large": "https://tvax2.sinaimg.cn/crop.0.0.1010.1010.180/00859ykdly8ha62hpph5lj30s20s2gnb.jpg?KID=imgbed,tva&Expires=1674071615&ssig=04fb5qHQj%2F", "avatar_hd": "https://tvax2.sinaimg.cn/crop.0.0.1010.1010.1024/00859ykdly8ha62hpph5lj30s20s2gnb.jpg?KID=imgbed,tva&Expires=1674071615&ssig=0K6eMA9IY6", "verified_reason": "超话粉丝大咖（飞云系超话）", "verified_trade": "", "verified_reason_url": "", "verified_source": "", "verified_source_url": "", "verified_state": 0, "verified_level": 3, "verified_type_ext": 0, "has_service_tel": false, "verified_reason_modified": "", "verified_contact_name": "", "verified_contact_email": "", "verified_contact_mobile": "", "follow_me": false, "like": false, "like_me": false, "online_status": 0, "bi_followers_count": 272, "lang": "zh-cn", "star": 0, "mbtype": 12, "mbrank": 6, "svip": 0, "mb_expire_time": 1731340800, "block_word": 0, "block_app": 1, "credit_score": 80, "user_ability": -2143944696, "cardid": "star_115670093844", "avatargj_id": "gj_vip_647", "urank": 0, "story_read_state": -1, "verified_detail": {"custom": 0, "data": [{"key": 8, "sub_key": 0, "weight": 102, "desc": "超话粉丝大咖（飞云系超话）", "timestamp": 0}]}, "vclub_member": 0, "is_teenager": 0, "is_guardian": 0, "is_teenager_list": 0, "pc_new": 0, "special_follow": false, "planet_video": 0, "video_mark": 0, "live_status": 0, "user_ability_extend": 0, "status_total_counter": {"total_cnt": 46247, "repost_cnt": 7610, "comment_cnt": 20507, "like_cnt": 12257, "comment_like_cnt": 5873}, "video_total_counter": {"play_cnt": 307034}, "brand_account": 0, "hongbaofei": 0, "tab_manage": "[16912010, 0]", "green_mode": 0, "urisk": 0, "unfollowing_recom_switch": 1, "block": 0, "block_me": 0, "avatar_type": 0}, "mid": "4760329823193861", "idstr": "4760329823193861", "match_ai_play_picture": false}, "reply_original_text": "你也只拉了一半吧[doge] http://t.cn/A66eCQ5e", "readtimetype": "comment", "match_ai_play_picture": false}