{"created_at": "Wed Apr 20 13:39:35 +0800 2022", "id": 4760324119465374, "rootid": 4760324119465374, "rootidstr": "4760324119465374", "floor_number": 1594, "text": "哇塞！", "disable_reply": 0, "restrictOperate": 0, "user": {"id": 7390108188, "idstr": "7390108188", "class": 1, "screen_name": "咸鱼的嗅觉", "name": "咸鱼的嗅觉", "province": "32", "city": "1000", "location": "江苏", "description": "这个宇宙无敌超级美少女很懒，什么也没有留下", "url": "", "profile_image_url": "https://tvax4.sinaimg.cn/crop.0.0.800.800.50/008488Jmly8h0jp1gqjj7j30m80m8gmp.jpg?KID=imgbed,tva&Expires=1674071872&ssig=LWvQ4mUb96", "light_ring": false, "cover_image_phone": "https://ww1.sinaimg.cn/crop.0.0.640.640.640/549d0121tw1egm1kjly3jj20hs0hsq4f.jpg", "profile_url": "u/7390108188", "domain": "", "weihao": "", "gender": "f", "followers_count": 26, "followers_count_str": "26", "friends_count": 2587, "pagefriends_count": 199, "statuses_count": 1363, "video_status_count": 7, "video_play_count": 0, "super_topic_not_syn_count": 45, "favourites_count": 2512, "created_at": "Tue Feb 11 12:13:42 +0800 2020", "following": false, "allow_all_act_msg": false, "geo_enabled": true, "verified": false, "verified_type": -1, "remark": "", "insecurity": {"sexual_content": false}, "ptype": 0, "allow_all_comment": true, "avatar_large": "https://tvax4.sinaimg.cn/crop.0.0.800.800.180/008488Jmly8h0jp1gqjj7j30m80m8gmp.jpg?KID=imgbed,tva&Expires=1674071872&ssig=LTKRh%2FHzHw", "avatar_hd": "https://tvax4.sinaimg.cn/crop.0.0.800.800.1024/008488Jmly8h0jp1gqjj7j30m80m8gmp.jpg?KID=imgbed,tva&Expires=1674071872&ssig=mX2gBjG5BS", "verified_reason": "", "verified_trade": "", "verified_reason_url": "", "verified_source": "", "verified_source_url": "", "follow_me": false, "like": false, "like_me": false, "online_status": 0, "bi_followers_count": 19, "lang": "zh-cn", "star": 0, "mbtype": 0, "mbrank": 0, "svip": 0, "mb_expire_time": 0, "block_word": 0, "block_app": 0, "chaohua_ability": 0, "brand_ability": 0, "nft_ability": 0, "vplus_ability": 0, "wenda_ability": 0, "live_ability": 0, "gongyi_ability": 0, "paycolumn_ability": 0, "newbrand_ability": 0, "ecommerce_ability": 0, "hardfan_ability": 0, "wbcolumn_ability": 0, "credit_score": 80, "user_ability": 2359296, "urank": 0, "story_read_state": -1, "vclub_member": 0, "is_teenager": 0, "is_guardian": 0, "is_teenager_list": 0, "pc_new": 7, "special_follow": false, "planet_video": 2, "video_mark": 0, "live_status": 0, "user_ability_extend": 0, "video_cover": {"mid": 4750640120862042}, "status_total_counter": {"total_cnt": 213, "repost_cnt": 14, "comment_cnt": 34, "like_cnt": 164, "comment_like_cnt": 1}, "video_total_counter": {"play_cnt": 508}, "brand_account": 0, "hongbaofei": 0, "tab_manage": "[0, 0]", "reward_status": 0, "green_mode": 0, "urisk": 524288, "unfollowing_recom_switch": 1, "avatar_type": 0}, "mid": "4760324119465374", "idstr": "4760324119465374", "status": {"visible": {"type": 0, "list_id": 0}, "created_at": "Wed Apr 20 09:57:59 +0800 2022", "id": 4760268352260029, "idstr": "4760268352260029", "mid": "4760268352260029", "can_edit": false, "version": 2, "show_additional_indication": 0, "text": "卧槽速速来看女侠 ​", "textLength": 16, "source_allowclick": 0, "source_type": 2, "source": "", "favorited": false, "truncated": false, "in_reply_to_status_id": "", "in_reply_to_user_id": "", "in_reply_to_screen_name": "", "pic_urls": [{"thumbnail_pic": "http://wx1.sinaimg.cn/thumbnail/008nSWePly1h1fydnx4pej30lo0xbdkj.jpg"}, {"thumbnail_pic": "http://wx2.sinaimg.cn/thumbnail/008nSWePly1h1fydnkzvzg30hs0a0b2a.gif"}], "thumbnail_pic": "http://wx1.sinaimg.cn/thumbnail/008nSWePly1h1fydnx4pej30lo0xbdkj.jpg", "bmiddle_pic": "http://wx1.sinaimg.cn/bmiddle/008nSWePly1h1fydnx4pej30lo0xbdkj.jpg", "original_pic": "http://wx1.sinaimg.cn/large/008nSWePly1h1fydnx4pej30lo0xbdkj.jpg", "geo": null, "is_paid": false, "mblog_vip_type": 0, "user": {"id": 7682011967, "idstr": "7682011967", "class": 1, "screen_name": "京城红某人", "name": "京城红某人", "province": "44", "city": "1", "location": "广东 广州", "description": "宇宙无敌冲浪选手", "url": "", "profile_image_url": "https://tvax2.sinaimg.cn/crop.0.0.1080.1080.50/008nSWePly8gtsxyywad2j30u00u0acj.jpg?KID=imgbed,tva&Expires=1674071872&ssig=u%2BPkmg1dZU", "light_ring": false, "cover_image_phone": "https://wx4.sinaimg.cn/crop.0.0.640.640.640/008nSWePly1gu3l4fkw5ej30v90v9wgk.jpg", "profile_url": "u/7682011967", "domain": "", "weihao": "", "gender": "f", "followers_count": 220681, "followers_count_str": "22.1万", "friends_count": 141, "pagefriends_count": 1, "statuses_count": 3951, "video_status_count": 222, "video_play_count": 0, "super_topic_not_syn_count": 0, "favourites_count": 6, "created_at": "Wed Aug 25 12:52:17 +0800 2021", "following": false, "allow_all_act_msg": false, "geo_enabled": true, "verified": false, "verified_type": -1, "remark": "", "insecurity": {"sexual_content": false}, "ptype": 0, "allow_all_comment": true, "avatar_large": "https://tvax2.sinaimg.cn/crop.0.0.1080.1080.180/008nSWePly8gtsxyywad2j30u00u0acj.jpg?KID=imgbed,tva&Expires=1674071872&ssig=%2FI7TE8m10U", "avatar_hd": "https://tvax2.sinaimg.cn/crop.0.0.1080.1080.1024/008nSWePly8gtsxyywad2j30u00u0acj.jpg?KID=imgbed,tva&Expires=1674071872&ssig=bUG9o5Kf7e", "verified_reason": "", "verified_trade": "", "verified_reason_url": "", "verified_source": "", "verified_source_url": "", "follow_me": false, "like": false, "like_me": false, "online_status": 0, "bi_followers_count": 26, "lang": "zh-cn", "star": 0, "mbtype": 12, "mbrank": 5, "svip": 0, "mb_expire_time": 1696780800, "block_word": 0, "block_app": 1, "chaohua_ability": 0, "brand_ability": 0, "nft_ability": 0, "vplus_ability": 0, "wenda_ability": 0, "live_ability": 0, "gongyi_ability": 0, "paycolumn_ability": 0, "newbrand_ability": 0, "ecommerce_ability": 0, "hardfan_ability": 1, "wbcolumn_ability": 0, "credit_score": 80, "user_ability": 262664, "cardid": "star_1489", "avatargj_id": "gj_vip_318", "urank": 0, "story_read_state": -1, "vclub_member": 0, "is_teenager": 0, "is_guardian": 0, "is_teenager_list": 0, "pc_new": 6, "special_follow": false, "planet_video": 2, "video_mark": 0, "live_status": 0, "user_ability_extend": 0, "status_total_counter": {"total_cnt": 15477466, "repost_cnt": 642045, "comment_cnt": 729330, "like_cnt": 1678566, "comment_like_cnt": 12427525}, "video_total_counter": {"play_cnt": 26728288}, "brand_account": 0, "hongbaofei": 0, "tab_manage": "[0, 0]", "reward_status": 0, "green_mode": 0, "urisk": 0, "unfollowing_recom_switch": 1, "avatar_type": 0}, "annotations": [{"photo_sub_type": "0,0"}, {}, {"client_mblogid": "iPhone-77CD157D-3946-4DC9-BE34-CB2FD4FCFBC1"}, {"mapi_request": true}], "reposts_count": 0, "comments_count": 0, "reprint_cmt_count": 0, "attitudes_count": 0, "pending_approval_count": 0, "isLongText": false, "reward_exhibition_type": 0, "hide_flag": 0, "mlevel": 128, "show_mlevel": 0, "biz_feature": 4294967300, "hasActionTypeCard": 0, "darwin_tags": [], "hot_weibo_tags": [], "text_tag_tips": [], "mblogtype": 0, "userType": 0, "mlevelSource": "monitor", "more_info_type": 0, "number_display_strategy": {"apply_scenario_flag": 3, "display_text_min_number": 1000000, "display_text": "100万+"}, "positive_recom_flag": 0, "content_auth": 0, "gif_ids": "008nSWePly1h1fydnkzvzg30hs0a0b2a|o0/002ptdLUlx07Vq1cz7N6010412002yP80E010|1022:2311284760268350357560|http%3A%2F%2Fg.us.sinaimg.cn%2Fo0%2F002ptdLUlx07Vq1cz7N6010412002yP80E010.mp4%3Flabel%3Dgif_mp4%26template%3D640x360.28.0", "is_show_bulletin": 2, "comment_manage_info": {"comment_permission_type": -1, "approval_comment_type": 0, "comment_sort_type": 0, "ai_play_picture_type": 0}, "pic_num": 2, "can_reprint": false, "new_comment_style": 0}, "readtimetype": "comment", "match_ai_play_picture": false}