{"created_at": "Thu Dec 22 15:27:30 +0800 2022", "id": 4849498691739292, "rootid": 4849498691739292, "rootidstr": "4849498691739292", "floor_number": 21, "text": "咋扫了又像没扫", "disable_reply": 0, "restrictOperate": 0, "source_allowclick": 0, "source_type": 4, "source": "<a href=\"\" rel=\"nofollow\">来自北京</a>", "user": {"id": 1748998137, "idstr": "1748998137", "class": 1, "screen_name": "MiissL", "name": "MiissL", "province": "100", "city": "1000", "location": "其他", "description": "", "url": "http://shop112528112.taobao.com/", "profile_image_url": "https://tvax1.sinaimg.cn/crop.0.0.1080.1080.50/683f97f9ly8g4puu86g3dj20u00u0q53.jpg?KID=imgbed,tva&Expires=1671867813&ssig=0nKyBF3R%2BV", "light_ring": false, "cover_image_phone": "https://ww1.sinaimg.cn/crop.0.0.640.640.640/549d0121tw1egm1kjly3jj20hs0hsq4f.jpg", "profile_url": "201297077", "domain": "vpoppy", "weihao": "201297077", "gender": "f", "followers_count": 489, "followers_count_str": "489", "friends_count": 957, "pagefriends_count": 8, "statuses_count": 2830, "video_status_count": 0, "video_play_count": 0, "super_topic_not_syn_count": 0, "favourites_count": 100, "created_at": "Mon May 31 16:47:52 +0800 2010", "following": false, "allow_all_act_msg": false, "geo_enabled": true, "verified": false, "verified_type": 220, "remark": "", "insecurity": {"sexual_content": false}, "ptype": 0, "allow_all_comment": true, "avatar_large": "https://tvax1.sinaimg.cn/crop.0.0.1080.1080.180/683f97f9ly8g4puu86g3dj20u00u0q53.jpg?KID=imgbed,tva&Expires=1671867813&ssig=5kOzMDnRiD", "avatar_hd": "https://tvax1.sinaimg.cn/crop.0.0.1080.1080.1024/683f97f9ly8g4puu86g3dj20u00u0q53.jpg?KID=imgbed,tva&Expires=1671867813&ssig=dQPFoJD0BI", "verified_reason": "", "verified_trade": "", "verified_reason_url": "", "verified_source": "", "verified_source_url": "", "follow_me": false, "like": false, "like_me": false, "online_status": 0, "bi_followers_count": 41, "lang": "zh-cn", "star": 0, "mbtype": 0, "mbrank": 0, "svip": 0, "mb_expire_time": 0, "block_word": 0, "block_app": 0, "chaohua_ability": 0, "brand_ability": 0, "nft_ability": 0, "vplus_ability": 0, "wenda_ability": 0, "live_ability": 0, "gongyi_ability": 0, "paycolumn_ability": 0, "newbrand_ability": 0, "ecommerce_ability": 0, "hardfan_ability": 0, "credit_score": 80, "user_ability": 2097152, "urank": 33, "story_read_state": -1, "vclub_member": 0, "is_teenager": 0, "is_guardian": 0, "is_teenager_list": 0, "pc_new": 0, "special_follow": false, "planet_video": 0, "video_mark": 0, "live_status": 0, "user_ability_extend": 0, "status_total_counter": {"total_cnt": 1665, "repost_cnt": 219, "comment_cnt": 1332, "like_cnt": 114, "comment_like_cnt": 0}, "video_total_counter": {"play_cnt": 10}, "brand_account": 0, "hongbaofei": 0, "tab_manage": "[0, 0]", "reward_status": 0, "green_mode": 0, "urisk": 0, "avatar_type": 0}, "mid": "4849498691739292", "idstr": "4849498691739292", "status": {"visible": {"type": 0, "list_id": 0}, "created_at": "Tue Dec 20 17:07:10 +0800 2022", "id": 4848798998731893, "idstr": "4848798998731893", "mid": "4848798998731893", "can_edit": false, "show_additional_indication": 0, "text": "【扫雪大场面！#内蒙古扫雪车分分钟清理一条街#】近日，内蒙古呼伦贝尔，扫雪车司机大街上“飞驰”除雪，分分钟就将一条街的雪全部清光。网友：这除雪速度，快得冒烟！（人民网）http://t.cn/A6KYPKQt ​", "textLength": 186, "source_allowclick": 0, "source_type": 1, "source": "<a href=\"http://app.weibo.com/t/feed/xEsRX\" rel=\"nofollow\">新版微博 weibo.com</a>", "favorited": false, "truncated": false, "in_reply_to_status_id": "", "in_reply_to_user_id": "", "in_reply_to_screen_name": "", "pic_urls": [], "geo": null, "is_paid": false, "mblog_vip_type": 0, "user": {"id": 1686546714, "idstr": "1686546714", "class": 1, "screen_name": "环球网", "name": "环球网", "province": "11", "city": "5", "location": "北京 朝阳区", "description": "每日滚动发送热门国际台海新闻。环球网，世界很精彩！", "url": "http://www.huanqiu.com", "profile_image_url": "https://tvax3.sinaimg.cn/crop.0.0.1024.1024.50/001Q8zQmly8h8vgdbgwr3j60sg0sgmxm02.jpg?KID=imgbed,tva&Expires=1671867813&ssig=b8fRYJmIsU", "light_ring": false, "cover_image": "https://wx1.sinaimg.cn/crop.0.0.920.300/001Q8zQmgy1gs65zvvyj6j60pk08c0xi02.jpg", "cover_image_phone": "https://ww1.sinaimg.cn/crop.0.0.640.640.640/a1d3feabjw1ecat4uqw77j20hs0hsacp.jpg;https://wx2.sinaimg.cn/crop.0.0.640.640.640/85bdc80bly1gdi6evf29gj20v90v9wg6.jpg;https://ww1.sinaimg.cn/crop.0.0.640.640.640/549d0121tw1egm1kjly3jj20hs0hsq4f.jpg", "profile_url": "globaltimes", "domain": "globaltimes", "weihao": "", "gender": "f", "followers_count": 26748887, "followers_count_str": "2674.9万", "friends_count": 1471, "pagefriends_count": 213, "statuses_count": 160618, "video_status_count": 1918, "video_play_count": 0, "super_topic_not_syn_count": 0, "favourites_count": 293, "created_at": "Tue Jan 26 16:23:37 +0800 2010", "following": false, "allow_all_act_msg": true, "geo_enabled": true, "verified": true, "verified_type": 3, "remark": "", "insecurity": {"sexual_content": false}, "ptype": 0, "allow_all_comment": true, "avatar_large": "https://tvax3.sinaimg.cn/crop.0.0.1024.1024.180/001Q8zQmly8h8vgdbgwr3j60sg0sgmxm02.jpg?KID=imgbed,tva&Expires=1671867813&ssig=VwiNbLD56%2B", "avatar_hd": "https://tvax3.sinaimg.cn/crop.0.0.1024.1024.1024/001Q8zQmly8h8vgdbgwr3j60sg0sgmxm02.jpg?KID=imgbed,tva&Expires=1671867813&ssig=VpxuDkOK8H", "verified_reason": "环球网微博", "verified_trade": "", "verified_reason_url": "", "verified_source": "", "verified_source_url": "", "verified_state": 0, "verified_level": 3, "verified_type_ext": 50, "has_service_tel": false, "verified_reason_modified": "", "verified_contact_name": "环球网(北京总部)", "verified_contact_email": "", "verified_contact_mobile": "010-52937800", "follow_me": false, "like": false, "like_me": false, "online_status": 0, "bi_followers_count": 715, "lang": "zh-cn", "star": 0, "mbtype": 12, "mbrank": 7, "svip": 0, "mb_expire_time": 1982419200, "block_word": 1, "block_app": 1, "chaohua_ability": 0, "brand_ability": 0, "nft_ability": 0, "vplus_ability": 0, "wenda_ability": 0, "live_ability": 1, "gongyi_ability": 0, "paycolumn_ability": 0, "newbrand_ability": 0, "ecommerce_ability": 0, "hardfan_ability": 0, "dianping": "stock", "credit_score": 80, "user_ability": 10814220, "urank": 48, "story_read_state": -1, "vclub_member": 0, "is_teenager": 0, "is_guardian": 0, "is_teenager_list": 1, "pc_new": 7, "special_follow": false, "planet_video": 2, "video_mark": 15, "live_status": 0, "user_ability_extend": 1, "status_total_counter": {"total_cnt": 335986369, "repost_cnt": 19890006, "comment_cnt": 25291855, "like_cnt": 105087878, "comment_like_cnt": 185716630}, "video_total_counter": {"play_cnt": 1084663697}, "brand_account": 0, "hongbaofei": 0, "tab_manage": "[0, 0]", "reward_status": 0, "green_mode": 0, "urisk": 0, "avatar_type": 0}, "annotations": [{}, {}, {"shooting": 1}, {"mapi_request": true}], "reposts_count": 0, "comments_count": 0, "reprint_cmt_count": 0, "attitudes_count": 0, "pending_approval_count": 0, "isLongText": false, "reward_exhibition_type": 0, "hide_flag": 0, "mlevel": 0, "show_mlevel": 0, "biz_ids": [230444], "biz_feature": 4294967304, "page_type": 64, "hasActionTypeCard": 0, "darwin_tags": [], "hot_weibo_tags": [], "text_tag_tips": [], "mblogtype": 0, "userType": 0, "more_info_type": 0, "positive_recom_flag": 0, "content_auth": 0, "gif_ids": "", "is_show_bulletin": 2, "comment_manage_info": {"comment_permission_type": -1, "approval_comment_type": 0, "comment_sort_type": 0, "ai_play_picture_type": 0}, "pic_num": 0, "can_reprint": false, "new_comment_style": 0}, "readtimetype": "comment", "match_ai_play_picture": false}