{"created_at": "Sat Dec 10 23:22:52 +0800 2022", "id": 4845269667809123, "rootid": 4845227955193194, "rootidstr": "4845227955193194", "floor_number": 0, "text": "回复@致不灭的你00:春季赛夏季赛二阵上单你是真看不到啊[抱抱]", "disable_reply": 0, "restrictOperate": 0, "source_allowclick": 0, "source_type": 4, "source": "<a href=\"\" rel=\"nofollow\">来自内蒙古</a>", "user": {"id": 7771767526, "idstr": "7771767526", "class": 1, "screen_name": "仁川上单", "name": "仁川上单", "province": "100", "city": "1000", "location": "其他", "description": "", "url": "", "profile_image_url": "https://tvax1.sinaimg.cn/crop.0.0.132.132.50/008tXxL8ly4h3zgsn4l6wj303o03o742.jpg?KID=imgbed,tva&Expires=1673961474&ssig=vfdDwY%2BjVi", "light_ring": false, "profile_url": "u/7771767526", "domain": "", "weihao": "", "gender": "m", "followers_count": 0, "followers_count_str": "0", "friends_count": 24, "pagefriends_count": 0, "statuses_count": 7, "video_status_count": 0, "video_play_count": 0, "super_topic_not_syn_count": 0, "favourites_count": 0, "created_at": "Fri Jul 08 13:41:30 +0800 2022", "following": false, "allow_all_act_msg": false, "geo_enabled": true, "verified": false, "verified_type": -1, "remark": "", "insecurity": {"sexual_content": false}, "ptype": 0, "allow_all_comment": true, "avatar_large": "https://tvax1.sinaimg.cn/crop.0.0.132.132.180/008tXxL8ly4h3zgsn4l6wj303o03o742.jpg?KID=imgbed,tva&Expires=1673961474&ssig=1DEbKqmgWg", "avatar_hd": "https://tvax1.sinaimg.cn/crop.0.0.132.132.1024/008tXxL8ly4h3zgsn4l6wj303o03o742.jpg?KID=imgbed,tva&Expires=1673961474&ssig=sHvLf%2FHA%2Bl", "verified_reason": "", "verified_trade": "", "verified_reason_url": "", "verified_source": "", "verified_source_url": "", "follow_me": false, "like": false, "like_me": false, "online_status": 0, "bi_followers_count": 0, "lang": "zh-cn", "star": 0, "mbtype": 0, "mbrank": 0, "svip": 0, "mb_expire_time": 0, "block_word": 0, "block_app": 0, "chaohua_ability": 0, "brand_ability": 0, "nft_ability": 0, "vplus_ability": 0, "wenda_ability": 0, "live_ability": 0, "gongyi_ability": 0, "paycolumn_ability": 0, "newbrand_ability": 0, "ecommerce_ability": 0, "hardfan_ability": 0, "wbcolumn_ability": 0, "credit_score": 80, "user_ability": 0, "urank": 0, "story_read_state": -1, "vclub_member": 0, "is_teenager": 0, "is_guardian": 0, "is_teenager_list": 0, "pc_new": 0, "special_follow": false, "planet_video": 0, "video_mark": 0, "live_status": 0, "user_ability_extend": 0, "status_total_counter": {"total_cnt": 0, "repost_cnt": 0, "comment_cnt": 0, "like_cnt": 0, "comment_like_cnt": 0}, "video_total_counter": {"play_cnt": -1}, "brand_account": 0, "hongbaofei": 0, "tab_manage": "[0, 0]", "reward_status": 0, "green_mode": 0, "urisk": 524288, "avatar_type": 0}, "mid": "4845269667809123", "idstr": "4845269667809123", "status": {"visible": {"type": 0, "list_id": 0}, "created_at": "Sat Dec 10 20:36:29 +0800 2022", "id": 4845227796095624, "idstr": "4845227796095624", "mid": "4845227796095624", "edit_count": 1, "can_edit": false, "edit_at": "Sat Dec 10 20:49:59 +0800 2022", "version": 2, "show_additional_indication": 0, "text": "恭喜@WBG-TheShy 获得2022年度最受欢迎选手#TheShy年度最受欢迎选手#\n\n#2022LPL全明星# #LPL颁奖盛典# ​", "textLength": 95, "source_allowclick": 0, "source_type": 1, "source": "<a href=\"http://app.weibo.com/t/feed/6vtZb0\" rel=\"nofollow\">微博 weibo.com</a>", "favorited": false, "truncated": false, "in_reply_to_status_id": "", "in_reply_to_user_id": "", "in_reply_to_screen_name": "", "pic_urls": [{"thumbnail_pic": "http://wx4.sinaimg.cn/thumbnail/006hzhGely1h8z087krsoj312b0u07ci.jpg"}], "thumbnail_pic": "http://wx4.sinaimg.cn/thumbnail/006hzhGely1h8z087krsoj312b0u07ci.jpg", "bmiddle_pic": "http://wx4.sinaimg.cn/bmiddle/006hzhGely1h8z087krsoj312b0u07ci.jpg", "original_pic": "http://wx4.sinaimg.cn/large/006hzhGely1h8z087krsoj312b0u07ci.jpg", "geo": null, "is_paid": false, "mblog_vip_type": 0, "user": {"id": 5756404150, "idstr": "5756404150", "class": 1, "screen_name": "英雄联盟赛事", "name": "英雄联盟赛事", "province": "44", "city": "3", "location": "广东 深圳", "description": "英雄联盟赛事微博，2023LPL比赛火热进行中，激烈对抗，无畏竞巅峰！", "url": "", "profile_image_url": "https://tvax3.sinaimg.cn/crop.0.0.600.600.50/006hzhGely8h9uxbslbxgj30go0gomy4.jpg?KID=imgbed,tva&Expires=1673961474&ssig=T4b95%2FszON", "light_ring": false, "cover_image": "https://wx2.sinaimg.cn/crop.0.0.920.300/006hzhGely1h929gwr0llj30pk08c0u5.jpg", "cover_image_phone": "https://wx2.sinaimg.cn/crop.0.0.640.640.640/006hzhGegy1h9uuvohtjqj30u00u0myf.jpg", "profile_url": "lolesports", "domain": "lolesports", "weihao": "", "gender": "m", "followers_count": 10083205, "followers_count_str": "1008.3万", "friends_count": 555, "pagefriends_count": 23, "statuses_count": 50427, "video_status_count": 24961, "video_play_count": 0, "super_topic_not_syn_count": 0, "favourites_count": 3, "created_at": "Thu Nov 12 10:58:08 +0800 2015", "following": false, "allow_all_act_msg": false, "geo_enabled": true, "verified": true, "verified_type": 0, "remark": "", "insecurity": {"sexual_content": false}, "ptype": 0, "allow_all_comment": false, "avatar_large": "https://tvax3.sinaimg.cn/crop.0.0.600.600.180/006hzhGely8h9uxbslbxgj30go0gomy4.jpg?KID=imgbed,tva&Expires=1673961474&ssig=gFeoXyFDWd", "avatar_hd": "https://tvax3.sinaimg.cn/crop.0.0.600.600.1024/006hzhGely8h9uxbslbxgj30go0gomy4.jpg?KID=imgbed,tva&Expires=1673961474&ssig=IKRLbbvNm%2F", "verified_reason": "英雄联盟赛事君", "verified_trade": "1314", "verified_reason_url": "", "verified_source": "", "verified_source_url": "", "verified_state": 0, "verified_level": 3, "verified_type_ext": 1, "has_service_tel": false, "verified_reason_modified": "", "verified_contact_name": "", "verified_contact_email": "", "verified_contact_mobile": "", "follow_me": false, "like": false, "like_me": false, "online_status": 0, "bi_followers_count": 342, "lang": "zh-cn", "star": 0, "mbtype": 12, "mbrank": 7, "svip": 0, "mb_expire_time": 2014387200, "block_word": 1, "block_app": 1, "chaohua_ability": 0, "brand_ability": 0, "nft_ability": 0, "vplus_ability": 0, "wenda_ability": 0, "live_ability": 1, "gongyi_ability": 0, "paycolumn_ability": 0, "newbrand_ability": 0, "ecommerce_ability": 0, "hardfan_ability": 0, "wbcolumn_ability": 0, "credit_score": 80, "user_ability": 11813384, "cardid": "star_1060", "urank": 41, "story_read_state": -1, "verified_detail": {"custom": 0, "data": [{"key": 1, "weight": 100, "desc": "英雄联盟赛事君"}]}, "vclub_member": 0, "is_teenager": 0, "is_guardian": 0, "is_teenager_list": 0, "pc_new": 7, "special_follow": false, "planet_video": 2, "video_mark": 15, "live_status": 2, "user_ability_extend": 1, "status_total_counter": {"total_cnt": 45585555, "repost_cnt": 4471586, "comment_cnt": 4682397, "like_cnt": 12616683, "comment_like_cnt": 23814889}, "video_total_counter": {"play_cnt": 4015526215}, "brand_account": 0, "hongbaofei": 0, "tab_manage": "[0, 0]", "reward_status": 0, "green_mode": 0, "urisk": 8589934592, "avatar_type": 0}, "picStatus": "1", "reposts_count": 0, "comments_count": 0, "reprint_cmt_count": 0, "attitudes_count": 0, "pending_approval_count": 0, "isLongText": false, "reward_exhibition_type": 0, "hide_flag": 0, "mlevel": 0, "show_mlevel": 0, "biz_feature": 0, "page_type": 64, "hasActionTypeCard": 0, "darwin_tags": [], "hot_weibo_tags": [], "text_tag_tips": [], "mblogtype": 0, "userType": 0, "more_info_type": 0, "cardid": "star_1060", "number_display_strategy": {"apply_scenario_flag": 3, "display_text_min_number": 1000000, "display_text": "100万+"}, "positive_recom_flag": 0, "content_auth": 0, "gif_ids": "", "is_show_bulletin": 2, "comment_manage_info": {"comment_permission_type": -1, "approval_comment_type": 0, "comment_sort_type": 0, "ai_play_picture_type": 0}, "pic_num": 1, "can_reprint": false, "new_comment_style": 0}, "reply_comment": {"created_at": "Sat Dec 10 23:11:28 +0800 2022", "id": 4845266803098726, "rootid": 4845227955193194, "rootidstr": "4845227955193194", "floor_number": 0, "text": "回复@牙耳耳:除了18，19年，这几年都捞成啥样了。", "disable_reply": 0, "restrictOperate": 0, "user": {"id": 5568335295, "idstr": "5568335295", "class": 1, "screen_name": "致不灭的你00", "name": "致不灭的你00", "province": "100", "city": "1000", "location": "其他", "description": "", "url": "", "profile_image_url": "https://tva3.sinaimg.cn/crop.0.0.100.100.50/0064QanBjw8eri9qublh5j302s02s0sl.jpg?KID=imgbed,tva&Expires=1673961474&ssig=S5sqTp4RTH", "light_ring": false, "cover_image_phone": "https://ww1.sinaimg.cn/crop.0.0.640.640.640/549d0121tw1egm1kjly3jj20hs0hsq4f.jpg", "profile_url": "u/5568335295", "domain": "", "weihao": "", "gender": "m", "followers_count": 6, "followers_count_str": "6", "friends_count": 167, "pagefriends_count": 4, "statuses_count": 79, "video_status_count": 0, "video_play_count": 0, "super_topic_not_syn_count": 0, "favourites_count": 0, "created_at": "Sun Apr 26 00:14:46 +0800 2015", "following": false, "allow_all_act_msg": false, "geo_enabled": true, "verified": false, "verified_type": -1, "remark": "", "insecurity": {"sexual_content": false}, "ptype": 0, "allow_all_comment": true, "avatar_large": "https://tva3.sinaimg.cn/crop.0.0.100.100.180/0064QanBjw8eri9qublh5j302s02s0sl.jpg?KID=imgbed,tva&Expires=1673961474&ssig=xuJ7gTOP7C", "avatar_hd": "https://tva3.sinaimg.cn/crop.0.0.100.100.1024/0064QanBjw8eri9qublh5j302s02s0sl.jpg?KID=imgbed,tva&Expires=1673961474&ssig=z7lhwvmz%2BI", "verified_reason": "", "verified_trade": "", "verified_reason_url": "", "verified_source": "", "verified_source_url": "", "follow_me": false, "like": false, "like_me": false, "online_status": 0, "bi_followers_count": 2, "lang": "zh-cn", "star": 0, "mbtype": 0, "mbrank": 0, "svip": 0, "mb_expire_time": 0, "block_word": 0, "block_app": 0, "credit_score": 80, "user_ability": 2097152, "urank": 0, "story_read_state": -1, "vclub_member": 0, "is_teenager": 0, "is_guardian": 0, "is_teenager_list": 0, "pc_new": 0, "special_follow": false, "planet_video": 0, "video_mark": 0, "live_status": 0, "user_ability_extend": 0, "status_total_counter": {"total_cnt": 8, "repost_cnt": 0, "comment_cnt": 8, "like_cnt": 0, "comment_like_cnt": 0}, "video_total_counter": {"play_cnt": -1}, "brand_account": 0, "hongbaofei": 0, "tab_manage": "[0, 0]", "green_mode": 0, "urisk": 0, "block": 0, "block_me": 0, "avatar_type": 0}, "mid": "4845266803098726", "idstr": "4845266803098726", "match_ai_play_picture": false}, "reply_original_text": "春季赛夏季赛二阵上单你是真看不到啊[抱抱]", "readtimetype": "comment", "match_ai_play_picture": false}