{"created_at": "Sat Dec 10 21:52:18 +0800 2022", "id": 4845246879368925, "rootid": 4845246879368925, "rootidstr": "4845246879368925", "floor_number": 174, "text": "所以拼死拼活打成绩有什么用呀，四强八强不如在家强", "disable_reply": 0, "restrictOperate": 0, "source_allowclick": 0, "source_type": 4, "source": "<a href=\"\" rel=\"nofollow\">来自山西</a>", "user": {"id": 5818764618, "idstr": "5818764618", "class": 1, "screen_name": "海底月丶天上月", "name": "海底月丶天上月", "province": "51", "city": "7", "location": "四川 绵阳", "description": "", "url": "", "profile_image_url": "https://tva2.sinaimg.cn/crop.0.0.960.960.50/006lMWuejw8ezkyy39cw3j30qo0qodh3.jpg?KID=imgbed,tva&Expires=1673961474&ssig=I2rM8VW685", "light_ring": false, "cover_image_phone": "https://ww1.sinaimg.cn/crop.0.0.640.640.640/549d0121tw1egm1kjly3jj20hs0hsq4f.jpg", "profile_url": "u/5818764618", "domain": "", "weihao": "", "gender": "m", "followers_count": 9, "followers_count_str": "9", "friends_count": 213, "pagefriends_count": 2, "statuses_count": 64, "video_status_count": 0, "video_play_count": 0, "super_topic_not_syn_count": 0, "favourites_count": 5, "created_at": "Sat Jan 02 10:57:35 +0800 2016", "following": false, "allow_all_act_msg": false, "geo_enabled": true, "verified": false, "verified_type": -1, "remark": "", "insecurity": {"sexual_content": false}, "ptype": 0, "allow_all_comment": true, "avatar_large": "https://tva2.sinaimg.cn/crop.0.0.960.960.180/006lMWuejw8ezkyy39cw3j30qo0qodh3.jpg?KID=imgbed,tva&Expires=1673961474&ssig=giJf9vhteK", "avatar_hd": "https://tva2.sinaimg.cn/crop.0.0.960.960.1024/006lMWuejw8ezkyy39cw3j30qo0qodh3.jpg?KID=imgbed,tva&Expires=1673961474&ssig=yxG0iPpEpm", "verified_reason": "", "verified_trade": "", "verified_reason_url": "", "verified_source": "", "verified_source_url": "", "follow_me": false, "like": false, "like_me": false, "online_status": 0, "bi_followers_count": 5, "lang": "zh-cn", "star": 0, "mbtype": 2, "mbrank": 1, "svip": 0, "mb_expire_time": 1665590399, "block_word": 0, "block_app": 0, "chaohua_ability": 0, "brand_ability": 0, "nft_ability": 0, "vplus_ability": 0, "wenda_ability": 0, "live_ability": 0, "gongyi_ability": 0, "paycolumn_ability": 0, "newbrand_ability": 0, "ecommerce_ability": 0, "hardfan_ability": 0, "wbcolumn_ability": 0, "credit_score": 80, "user_ability": 2098176, "cardid": "star_086", "urank": 9, "story_read_state": -1, "vclub_member": 0, "is_teenager": 0, "is_guardian": 0, "is_teenager_list": 0, "pc_new": 0, "special_follow": false, "planet_video": 0, "video_mark": 0, "live_status": 0, "user_ability_extend": 0, "status_total_counter": {"total_cnt": 1, "repost_cnt": 0, "comment_cnt": 0, "like_cnt": 1, "comment_like_cnt": 0}, "video_total_counter": {"play_cnt": -1}, "brand_account": 0, "hongbaofei": 0, "tab_manage": "[0, 0]", "reward_status": 0, "green_mode": 0, "urisk": 17179869184, "avatar_type": 0}, "mid": "4845246879368925", "idstr": "4845246879368925", "status": {"visible": {"type": 0, "list_id": 0}, "created_at": "Sat Dec 10 20:36:29 +0800 2022", "id": 4845227796095624, "idstr": "4845227796095624", "mid": "4845227796095624", "edit_count": 1, "can_edit": false, "edit_at": "Sat Dec 10 20:49:59 +0800 2022", "version": 2, "show_additional_indication": 0, "text": "恭喜@WBG-TheShy 获得2022年度最受欢迎选手#TheShy年度最受欢迎选手#\n\n#2022LPL全明星# #LPL颁奖盛典# ​", "textLength": 95, "source_allowclick": 0, "source_type": 1, "source": "<a href=\"http://app.weibo.com/t/feed/6vtZb0\" rel=\"nofollow\">微博 weibo.com</a>", "favorited": false, "truncated": false, "in_reply_to_status_id": "", "in_reply_to_user_id": "", "in_reply_to_screen_name": "", "pic_urls": [{"thumbnail_pic": "http://wx4.sinaimg.cn/thumbnail/006hzhGely1h8z087krsoj312b0u07ci.jpg"}], "thumbnail_pic": "http://wx4.sinaimg.cn/thumbnail/006hzhGely1h8z087krsoj312b0u07ci.jpg", "bmiddle_pic": "http://wx4.sinaimg.cn/bmiddle/006hzhGely1h8z087krsoj312b0u07ci.jpg", "original_pic": "http://wx4.sinaimg.cn/large/006hzhGely1h8z087krsoj312b0u07ci.jpg", "geo": null, "is_paid": false, "mblog_vip_type": 0, "user": {"id": 5756404150, "idstr": "5756404150", "class": 1, "screen_name": "英雄联盟赛事", "name": "英雄联盟赛事", "province": "44", "city": "3", "location": "广东 深圳", "description": "英雄联盟赛事微博，2023LPL比赛火热进行中，激烈对抗，无畏竞巅峰！", "url": "", "profile_image_url": "https://tvax3.sinaimg.cn/crop.0.0.600.600.50/006hzhGely8h9uxbslbxgj30go0gomy4.jpg?KID=imgbed,tva&Expires=1673961474&ssig=T4b95%2FszON", "light_ring": false, "cover_image": "https://wx2.sinaimg.cn/crop.0.0.920.300/006hzhGely1h929gwr0llj30pk08c0u5.jpg", "cover_image_phone": "https://wx2.sinaimg.cn/crop.0.0.640.640.640/006hzhGegy1h9uuvohtjqj30u00u0myf.jpg", "profile_url": "lolesports", "domain": "lolesports", "weihao": "", "gender": "m", "followers_count": 10083205, "followers_count_str": "1008.3万", "friends_count": 555, "pagefriends_count": 23, "statuses_count": 50427, "video_status_count": 24961, "video_play_count": 0, "super_topic_not_syn_count": 0, "favourites_count": 3, "created_at": "Thu Nov 12 10:58:08 +0800 2015", "following": false, "allow_all_act_msg": false, "geo_enabled": true, "verified": true, "verified_type": 0, "remark": "", "insecurity": {"sexual_content": false}, "ptype": 0, "allow_all_comment": false, "avatar_large": "https://tvax3.sinaimg.cn/crop.0.0.600.600.180/006hzhGely8h9uxbslbxgj30go0gomy4.jpg?KID=imgbed,tva&Expires=1673961474&ssig=gFeoXyFDWd", "avatar_hd": "https://tvax3.sinaimg.cn/crop.0.0.600.600.1024/006hzhGely8h9uxbslbxgj30go0gomy4.jpg?KID=imgbed,tva&Expires=1673961474&ssig=IKRLbbvNm%2F", "verified_reason": "英雄联盟赛事君", "verified_trade": "1314", "verified_reason_url": "", "verified_source": "", "verified_source_url": "", "verified_state": 0, "verified_level": 3, "verified_type_ext": 1, "has_service_tel": false, "verified_reason_modified": "", "verified_contact_name": "", "verified_contact_email": "", "verified_contact_mobile": "", "follow_me": false, "like": false, "like_me": false, "online_status": 0, "bi_followers_count": 342, "lang": "zh-cn", "star": 0, "mbtype": 12, "mbrank": 7, "svip": 0, "mb_expire_time": 2014387200, "block_word": 1, "block_app": 1, "chaohua_ability": 0, "brand_ability": 0, "nft_ability": 0, "vplus_ability": 0, "wenda_ability": 0, "live_ability": 1, "gongyi_ability": 0, "paycolumn_ability": 0, "newbrand_ability": 0, "ecommerce_ability": 0, "hardfan_ability": 0, "wbcolumn_ability": 0, "credit_score": 80, "user_ability": 11813384, "cardid": "star_1060", "urank": 41, "story_read_state": -1, "verified_detail": {"custom": 0, "data": [{"key": 1, "weight": 100, "desc": "英雄联盟赛事君"}]}, "vclub_member": 0, "is_teenager": 0, "is_guardian": 0, "is_teenager_list": 0, "pc_new": 7, "special_follow": false, "planet_video": 2, "video_mark": 15, "live_status": 2, "user_ability_extend": 1, "status_total_counter": {"total_cnt": 45585555, "repost_cnt": 4471586, "comment_cnt": 4682397, "like_cnt": 12616683, "comment_like_cnt": 23814889}, "video_total_counter": {"play_cnt": 4015526215}, "brand_account": 0, "hongbaofei": 0, "tab_manage": "[0, 0]", "reward_status": 0, "green_mode": 0, "urisk": 8589934592, "avatar_type": 0}, "picStatus": "1", "reposts_count": 0, "comments_count": 0, "reprint_cmt_count": 0, "attitudes_count": 0, "pending_approval_count": 0, "isLongText": false, "reward_exhibition_type": 0, "hide_flag": 0, "mlevel": 0, "show_mlevel": 0, "biz_feature": 0, "page_type": 64, "hasActionTypeCard": 0, "darwin_tags": [], "hot_weibo_tags": [], "text_tag_tips": [], "mblogtype": 0, "userType": 0, "more_info_type": 0, "cardid": "star_1060", "number_display_strategy": {"apply_scenario_flag": 3, "display_text_min_number": 1000000, "display_text": "100万+"}, "positive_recom_flag": 0, "content_auth": 0, "gif_ids": "", "is_show_bulletin": 2, "comment_manage_info": {"comment_permission_type": -1, "approval_comment_type": 0, "comment_sort_type": 0, "ai_play_picture_type": 0}, "pic_num": 1, "can_reprint": false, "new_comment_style": 0}, "readtimetype": "comment", "match_ai_play_picture": false}