{"created_at": "Sat Dec 10 20:41:49 +0800 2022", "id": 4845229137991285, "rootid": 4845228416308260, "rootidstr": "4845228416308260", "floor_number": 0, "text": "虽然不是ts粉，但这个是最受欢迎选手啊……跟今年成绩又没啥关系。", "disable_reply": 0, "restrictOperate": 0, "source_allowclick": 0, "source_type": 4, "source": "<a href=\"\" rel=\"nofollow\">来自安徽</a>", "comment_badge": [{"pic_url": "https://h5.sinaimg.cn/upload/114/962/2022/07/08/member_0_bigfan1_1.png", "name": "loyal_fans", "length": 1.33, "actionlog": {"act_code": "3671", "ext": "status:fans"}, "scheme": "https://kefu.weibo.com/faqdetail?id=20848", "new_icon": true}], "user": {"id": 6514056229, "idstr": "6514056229", "class": 1, "screen_name": "仗剑走不动", "name": "仗剑走不动", "province": "34", "city": "1000", "location": "安徽", "description": "男足国家队，rng，丁俊晖，哈登，火箭队，内马尔", "url": "", "profile_image_url": "https://tvax4.sinaimg.cn/crop.0.0.300.300.50/0076QjB3ly8h6nybam1hgj308c08c3yo.jpg?KID=imgbed,tva&Expires=1673961555&ssig=JmVobetEnh", "light_ring": false, "cover_image_phone": "https://ww1.sinaimg.cn/crop.0.0.640.640.640/549d0121tw1egm1kjly3jj20hs0hsq4f.jpg", "profile_url": "u/6514056229", "domain": "", "weihao": "", "gender": "m", "followers_count": 15, "followers_count_str": "15", "friends_count": 132, "pagefriends_count": 9, "statuses_count": 22, "video_status_count": 0, "video_play_count": 0, "super_topic_not_syn_count": 0, "favourites_count": 1, "created_at": "Mon Mar 26 09:05:20 +0800 2018", "following": false, "allow_all_act_msg": false, "geo_enabled": true, "verified": false, "verified_type": -1, "remark": "", "insecurity": {"sexual_content": false}, "ptype": 0, "allow_all_comment": false, "avatar_large": "https://tvax4.sinaimg.cn/crop.0.0.300.300.180/0076QjB3ly8h6nybam1hgj308c08c3yo.jpg?KID=imgbed,tva&Expires=1673961555&ssig=9lvPhbpBVZ", "avatar_hd": "https://tvax4.sinaimg.cn/crop.0.0.300.300.1024/0076QjB3ly8h6nybam1hgj308c08c3yo.jpg?KID=imgbed,tva&Expires=1673961555&ssig=krR%2F7PBhsq", "verified_reason": "", "verified_trade": "", "verified_reason_url": "", "verified_source": "", "verified_source_url": "", "follow_me": false, "like": false, "like_me": false, "online_status": 0, "bi_followers_count": 6, "lang": "zh-cn", "star": 0, "mbtype": 2, "mbrank": 1, "svip": 0, "mb_expire_time": 1549036799, "block_word": 0, "block_app": 0, "chaohua_ability": 0, "brand_ability": 0, "nft_ability": 0, "vplus_ability": 0, "wenda_ability": 0, "live_ability": 0, "gongyi_ability": 0, "paycolumn_ability": 0, "newbrand_ability": 0, "ecommerce_ability": 0, "hardfan_ability": 0, "wbcolumn_ability": 0, "credit_score": 80, "user_ability": 2097152, "urank": 4, "story_read_state": -1, "vclub_member": 0, "is_teenager": 0, "is_guardian": 0, "is_teenager_list": 0, "pc_new": 0, "special_follow": false, "planet_video": 0, "video_mark": 0, "live_status": 0, "user_ability_extend": 0, "status_total_counter": {"total_cnt": 15, "repost_cnt": 1, "comment_cnt": 5, "like_cnt": 8, "comment_like_cnt": 1}, "video_total_counter": {"play_cnt": -1}, "brand_account": 0, "hongbaofei": 0, "tab_manage": "[0, 0]", "reward_status": 0, "green_mode": 0, "urisk": 524288, "avatar_type": 0}, "mid": "4845229137991285", "idstr": "4845229137991285", "status": {"visible": {"type": 0, "list_id": 0}, "created_at": "Sat Dec 10 20:36:29 +0800 2022", "id": 4845227796095624, "idstr": "4845227796095624", "mid": "4845227796095624", "edit_count": 1, "can_edit": false, "edit_at": "Sat Dec 10 20:49:59 +0800 2022", "version": 2, "show_additional_indication": 0, "text": "恭喜@WBG-TheShy 获得2022年度最受欢迎选手#TheShy年度最受欢迎选手#\n\n#2022LPL全明星# #LPL颁奖盛典# ​", "textLength": 95, "source_allowclick": 0, "source_type": 1, "source": "<a href=\"http://app.weibo.com/t/feed/6vtZb0\" rel=\"nofollow\">微博 weibo.com</a>", "favorited": false, "truncated": false, "in_reply_to_status_id": "", "in_reply_to_user_id": "", "in_reply_to_screen_name": "", "pic_urls": [{"thumbnail_pic": "http://wx4.sinaimg.cn/thumbnail/006hzhGely1h8z087krsoj312b0u07ci.jpg"}], "thumbnail_pic": "http://wx4.sinaimg.cn/thumbnail/006hzhGely1h8z087krsoj312b0u07ci.jpg", "bmiddle_pic": "http://wx4.sinaimg.cn/bmiddle/006hzhGely1h8z087krsoj312b0u07ci.jpg", "original_pic": "http://wx4.sinaimg.cn/large/006hzhGely1h8z087krsoj312b0u07ci.jpg", "geo": null, "is_paid": false, "mblog_vip_type": 0, "user": {"id": 5756404150, "idstr": "5756404150", "class": 1, "screen_name": "英雄联盟赛事", "name": "英雄联盟赛事", "province": "44", "city": "3", "location": "广东 深圳", "description": "英雄联盟赛事微博，2023LPL比赛火热进行中，激烈对抗，无畏竞巅峰！", "url": "", "profile_image_url": "https://tvax3.sinaimg.cn/crop.0.0.600.600.50/006hzhGely8h9uxbslbxgj30go0gomy4.jpg?KID=imgbed,tva&Expires=1673961555&ssig=fITPKxlGPG", "light_ring": false, "cover_image": "https://wx2.sinaimg.cn/crop.0.0.920.300/006hzhGely1h929gwr0llj30pk08c0u5.jpg", "cover_image_phone": "https://wx2.sinaimg.cn/crop.0.0.640.640.640/006hzhGegy1h9uuvohtjqj30u00u0myf.jpg", "profile_url": "lolesports", "domain": "lolesports", "weihao": "", "gender": "m", "followers_count": 10083205, "followers_count_str": "1008.3万", "friends_count": 555, "pagefriends_count": 23, "statuses_count": 50427, "video_status_count": 24961, "video_play_count": 0, "super_topic_not_syn_count": 0, "favourites_count": 3, "created_at": "Thu Nov 12 10:58:08 +0800 2015", "following": false, "allow_all_act_msg": false, "geo_enabled": true, "verified": true, "verified_type": 0, "remark": "", "insecurity": {"sexual_content": false}, "ptype": 0, "allow_all_comment": false, "avatar_large": "https://tvax3.sinaimg.cn/crop.0.0.600.600.180/006hzhGely8h9uxbslbxgj30go0gomy4.jpg?KID=imgbed,tva&Expires=1673961555&ssig=Mn%2BAPqgBSP", "avatar_hd": "https://tvax3.sinaimg.cn/crop.0.0.600.600.1024/006hzhGely8h9uxbslbxgj30go0gomy4.jpg?KID=imgbed,tva&Expires=1673961555&ssig=h8L3jd3Jaa", "verified_reason": "英雄联盟赛事君", "verified_trade": "1314", "verified_reason_url": "", "verified_source": "", "verified_source_url": "", "verified_state": 0, "verified_level": 3, "verified_type_ext": 1, "has_service_tel": false, "verified_reason_modified": "", "verified_contact_name": "", "verified_contact_email": "", "verified_contact_mobile": "", "follow_me": false, "like": false, "like_me": false, "online_status": 0, "bi_followers_count": 342, "lang": "zh-cn", "star": 0, "mbtype": 12, "mbrank": 7, "svip": 0, "mb_expire_time": 2014387200, "block_word": 1, "block_app": 1, "chaohua_ability": 0, "brand_ability": 0, "nft_ability": 0, "vplus_ability": 0, "wenda_ability": 0, "live_ability": 1, "gongyi_ability": 0, "paycolumn_ability": 0, "newbrand_ability": 0, "ecommerce_ability": 0, "hardfan_ability": 0, "wbcolumn_ability": 0, "credit_score": 80, "user_ability": 11813384, "cardid": "star_1060", "urank": 41, "story_read_state": -1, "verified_detail": {"custom": 0, "data": [{"key": 1, "weight": 100, "desc": "英雄联盟赛事君"}]}, "vclub_member": 0, "is_teenager": 0, "is_guardian": 0, "is_teenager_list": 0, "pc_new": 7, "special_follow": false, "planet_video": 2, "video_mark": 15, "live_status": 2, "user_ability_extend": 1, "status_total_counter": {"total_cnt": 45585555, "repost_cnt": 4471586, "comment_cnt": 4682397, "like_cnt": 12616683, "comment_like_cnt": 23814889}, "video_total_counter": {"play_cnt": 4015526215}, "brand_account": 0, "hongbaofei": 0, "tab_manage": "[0, 0]", "reward_status": 0, "green_mode": 0, "urisk": 8589934592, "avatar_type": 0}, "picStatus": "1", "reposts_count": 0, "comments_count": 0, "reprint_cmt_count": 0, "attitudes_count": 0, "pending_approval_count": 0, "isLongText": false, "reward_exhibition_type": 0, "hide_flag": 0, "mlevel": 0, "show_mlevel": 0, "biz_feature": 0, "page_type": 64, "hasActionTypeCard": 0, "darwin_tags": [], "hot_weibo_tags": [], "text_tag_tips": [], "mblogtype": 0, "userType": 0, "more_info_type": 0, "cardid": "star_1060", "number_display_strategy": {"apply_scenario_flag": 3, "display_text_min_number": 1000000, "display_text": "100万+"}, "positive_recom_flag": 0, "content_auth": 0, "gif_ids": "", "is_show_bulletin": 2, "comment_manage_info": {"comment_permission_type": -1, "approval_comment_type": 0, "comment_sort_type": 0, "ai_play_picture_type": 0}, "pic_num": 1, "can_reprint": false, "new_comment_style": 0}, "reply_comment": {"created_at": "Sat Dec 10 20:38:57 +0800 2022", "id": 4845228416308260, "rootid": 4845228416308260, "rootidstr": "4845228416308260", "floor_number": 31, "text": "真的离谱，来lpl那么多年中文还说不明白。真就饭圈选手，蝉联被单杀王还最受欢迎#theshy 最受欢迎选手# #英雄联盟# ", "disable_reply": 0, "restrictOperate": 0, "user": {"id": 7753676021, "idstr": "7753676021", "class": 1, "screen_name": "一直进步呀", "name": "一直进步呀", "province": "33", "city": "1000", "location": "浙江", "description": "做理想的自己", "url": "", "profile_image_url": "https://tvax4.sinaimg.cn/crop.0.0.160.160.50/008sJDkFly8h17z4r8cm4j304g04g0sj.jpg?KID=imgbed,tva&Expires=1673961555&ssig=iNc8PGN%2Fa9", "light_ring": false, "cover_image_phone": "https://wx4.sinaimg.cn/crop.0.0.640.640.640/008sJDkFly8h180gx62ajj30u00u076k.jpg", "profile_url": "u/7753676021", "domain": "", "weihao": "", "gender": "m", "followers_count": 0, "followers_count_str": "0", "friends_count": 26, "pagefriends_count": 4, "statuses_count": 17, "video_status_count": 0, "video_play_count": 0, "super_topic_not_syn_count": 0, "favourites_count": 0, "created_at": "Wed Apr 13 12:07:41 +0800 2022", "following": false, "allow_all_act_msg": false, "geo_enabled": true, "verified": false, "verified_type": -1, "remark": "", "insecurity": {"sexual_content": false}, "ptype": 0, "allow_all_comment": true, "avatar_large": "https://tvax4.sinaimg.cn/crop.0.0.160.160.180/008sJDkFly8h17z4r8cm4j304g04g0sj.jpg?KID=imgbed,tva&Expires=1673961555&ssig=QBalxWf3a7", "avatar_hd": "https://tvax4.sinaimg.cn/crop.0.0.160.160.1024/008sJDkFly8h17z4r8cm4j304g04g0sj.jpg?KID=imgbed,tva&Expires=1673961555&ssig=xdbRToZ8Ua", "verified_reason": "", "verified_trade": "", "verified_reason_url": "", "verified_source": "", "verified_source_url": "", "follow_me": false, "like": false, "like_me": false, "online_status": 0, "bi_followers_count": 0, "lang": "zh-cn", "star": 0, "mbtype": 12, "mbrank": 4, "svip": 0, "mb_expire_time": 1695571200, "block_word": 0, "block_app": 1, "chaohua_ability": 0, "brand_ability": 0, "nft_ability": 0, "vplus_ability": 0, "wenda_ability": 0, "live_ability": 0, "gongyi_ability": 0, "paycolumn_ability": 0, "newbrand_ability": 0, "ecommerce_ability": 0, "hardfan_ability": 0, "wbcolumn_ability": 0, "credit_score": 80, "user_ability": 2097152, "cardid": "star_103161011722", "urank": 0, "story_read_state": -1, "vclub_member": 0, "is_teenager": 0, "is_guardian": 0, "is_teenager_list": 0, "pc_new": 7, "special_follow": false, "planet_video": 0, "video_mark": 0, "live_status": 0, "user_ability_extend": 0, "status_total_counter": {"total_cnt": 1, "repost_cnt": 0, "comment_cnt": 1, "like_cnt": 0, "comment_like_cnt": 0}, "video_total_counter": {"play_cnt": -1}, "brand_account": 0, "hongbaofei": 0, "tab_manage": "[0, 0]", "reward_status": 0, "green_mode": 0, "urisk": 524288, "avatar_type": 0}, "mid": "4845228416308260", "idstr": "4845228416308260", "match_ai_play_picture": false}, "readtimetype": "comment", "match_ai_play_picture": false}