{"created_at": "Sat Dec 10 20:37:13 +0800 2022", "id": 4845227980361126, "rootid": 4845227980361126, "rootidstr": "4845227980361126", "floor_number": 9, "text": "TheShy是上路的绝佳答案！", "disable_reply": 0, "restrictOperate": 0, "source_allowclick": 0, "source_type": 4, "source": "<a href=\"\" rel=\"nofollow\">来自湖南</a>", "comment_badge": [{"pic_url": "https://h5.sinaimg.cn/upload/114/962/2022/07/08/member_5_bigfan1_1.png", "name": "loyal_fans", "length": 1.33, "actionlog": {"act_code": "3671", "ext": "status:fans"}, "scheme": "https://kefu.weibo.com/faqdetail?id=20848", "new_icon": true}], "user": {"id": 6548374430, "idstr": "6548374430", "class": 1, "screen_name": "Lesd1eux", "name": "Lesd1eux", "province": "400", "city": "1000", "location": "海外", "description": "恨比爱长久", "url": "", "profile_image_url": "https://tvax4.sinaimg.cn/crop.0.0.981.981.50/0079ajkqly8h31v1xevidj30r90r9q5b.jpg?KID=imgbed,tva&Expires=1673961555&ssig=6Mf6iUqCSI", "light_ring": false, "cover_image_phone": "https://wx1.sinaimg.cn/crop.0.0.640.640.640/0079ajkqgy1h6jqzbsvtuj30u00u0q53.jpg", "profile_url": "u/6548374430", "domain": "", "weihao": "", "gender": "f", "followers_count": 66, "followers_count_str": "66", "friends_count": 57, "pagefriends_count": 6, "statuses_count": 979, "video_status_count": 2, "video_play_count": 0, "super_topic_not_syn_count": 1, "favourites_count": 14, "created_at": "Sat May 12 14:05:41 +0800 2018", "following": false, "allow_all_act_msg": false, "geo_enabled": true, "verified": false, "verified_type": -1, "remark": "", "insecurity": {"sexual_content": false}, "ptype": 0, "allow_all_comment": true, "avatar_large": "https://tvax4.sinaimg.cn/crop.0.0.981.981.180/0079ajkqly8h31v1xevidj30r90r9q5b.jpg?KID=imgbed,tva&Expires=1673961555&ssig=ZXTaJItg6v", "avatar_hd": "https://tvax4.sinaimg.cn/crop.0.0.981.981.1024/0079ajkqly8h31v1xevidj30r90r9q5b.jpg?KID=imgbed,tva&Expires=1673961555&ssig=ftFz9ViGBP", "verified_reason": "", "verified_trade": "", "verified_reason_url": "", "verified_source": "", "verified_source_url": "", "follow_me": false, "like": false, "like_me": false, "online_status": 0, "bi_followers_count": 20, "lang": "zh-cn", "star": 0, "mbtype": 12, "mbrank": 5, "svip": 0, "mb_expire_time": 1686067200, "block_word": 0, "block_app": 1, "chaohua_ability": 0, "brand_ability": 0, "nft_ability": 0, "vplus_ability": 0, "wenda_ability": 0, "live_ability": 0, "gongyi_ability": 0, "paycolumn_ability": 0, "newbrand_ability": 0, "ecommerce_ability": 0, "hardfan_ability": 0, "wbcolumn_ability": 0, "credit_score": 80, "user_ability": 2359296, "cardid": "star_1415", "avatargj_id": "gj_vip_020", "urank": 4, "story_read_state": -1, "vclub_member": 0, "is_teenager": 0, "is_guardian": 0, "is_teenager_list": 0, "pc_new": 7, "special_follow": false, "planet_video": 2, "video_mark": 2, "live_status": 0, "user_ability_extend": 0, "status_total_counter": {"total_cnt": 2107, "repost_cnt": 22, "comment_cnt": 1616, "like_cnt": 436, "comment_like_cnt": 33}, "video_total_counter": {"play_cnt": 6556}, "brand_account": 0, "hongbaofei": 0, "tab_manage": "[0, 0]", "reward_status": 0, "green_mode": 0, "mb_like_privilege": {"like_id": "0016", "like_desc": "祝你开心，不止现在！"}, "urisk": 0, "avatar_type": 0}, "mid": "4845227980361126", "idstr": "4845227980361126", "status": {"visible": {"type": 0, "list_id": 0}, "created_at": "Sat Dec 10 20:36:29 +0800 2022", "id": 4845227796095624, "idstr": "4845227796095624", "mid": "4845227796095624", "edit_count": 1, "can_edit": false, "edit_at": "Sat Dec 10 20:49:59 +0800 2022", "version": 2, "show_additional_indication": 0, "text": "恭喜@WBG-TheShy 获得2022年度最受欢迎选手#TheShy年度最受欢迎选手#\n\n#2022LPL全明星# #LPL颁奖盛典# ​", "textLength": 95, "source_allowclick": 0, "source_type": 1, "source": "<a href=\"http://app.weibo.com/t/feed/6vtZb0\" rel=\"nofollow\">微博 weibo.com</a>", "favorited": false, "truncated": false, "in_reply_to_status_id": "", "in_reply_to_user_id": "", "in_reply_to_screen_name": "", "pic_urls": [{"thumbnail_pic": "http://wx4.sinaimg.cn/thumbnail/006hzhGely1h8z087krsoj312b0u07ci.jpg"}], "thumbnail_pic": "http://wx4.sinaimg.cn/thumbnail/006hzhGely1h8z087krsoj312b0u07ci.jpg", "bmiddle_pic": "http://wx4.sinaimg.cn/bmiddle/006hzhGely1h8z087krsoj312b0u07ci.jpg", "original_pic": "http://wx4.sinaimg.cn/large/006hzhGely1h8z087krsoj312b0u07ci.jpg", "geo": null, "is_paid": false, "mblog_vip_type": 0, "user": {"id": 5756404150, "idstr": "5756404150", "class": 1, "screen_name": "英雄联盟赛事", "name": "英雄联盟赛事", "province": "44", "city": "3", "location": "广东 深圳", "description": "英雄联盟赛事微博，2023LPL比赛火热进行中，激烈对抗，无畏竞巅峰！", "url": "", "profile_image_url": "https://tvax3.sinaimg.cn/crop.0.0.600.600.50/006hzhGely8h9uxbslbxgj30go0gomy4.jpg?KID=imgbed,tva&Expires=1673961555&ssig=fITPKxlGPG", "light_ring": false, "cover_image": "https://wx2.sinaimg.cn/crop.0.0.920.300/006hzhGely1h929gwr0llj30pk08c0u5.jpg", "cover_image_phone": "https://wx2.sinaimg.cn/crop.0.0.640.640.640/006hzhGegy1h9uuvohtjqj30u00u0myf.jpg", "profile_url": "lolesports", "domain": "lolesports", "weihao": "", "gender": "m", "followers_count": 10083205, "followers_count_str": "1008.3万", "friends_count": 555, "pagefriends_count": 23, "statuses_count": 50427, "video_status_count": 24961, "video_play_count": 0, "super_topic_not_syn_count": 0, "favourites_count": 3, "created_at": "Thu Nov 12 10:58:08 +0800 2015", "following": false, "allow_all_act_msg": false, "geo_enabled": true, "verified": true, "verified_type": 0, "remark": "", "insecurity": {"sexual_content": false}, "ptype": 0, "allow_all_comment": false, "avatar_large": "https://tvax3.sinaimg.cn/crop.0.0.600.600.180/006hzhGely8h9uxbslbxgj30go0gomy4.jpg?KID=imgbed,tva&Expires=1673961555&ssig=Mn%2BAPqgBSP", "avatar_hd": "https://tvax3.sinaimg.cn/crop.0.0.600.600.1024/006hzhGely8h9uxbslbxgj30go0gomy4.jpg?KID=imgbed,tva&Expires=1673961555&ssig=h8L3jd3Jaa", "verified_reason": "英雄联盟赛事君", "verified_trade": "1314", "verified_reason_url": "", "verified_source": "", "verified_source_url": "", "verified_state": 0, "verified_level": 3, "verified_type_ext": 1, "has_service_tel": false, "verified_reason_modified": "", "verified_contact_name": "", "verified_contact_email": "", "verified_contact_mobile": "", "follow_me": false, "like": false, "like_me": false, "online_status": 0, "bi_followers_count": 342, "lang": "zh-cn", "star": 0, "mbtype": 12, "mbrank": 7, "svip": 0, "mb_expire_time": 2014387200, "block_word": 1, "block_app": 1, "chaohua_ability": 0, "brand_ability": 0, "nft_ability": 0, "vplus_ability": 0, "wenda_ability": 0, "live_ability": 1, "gongyi_ability": 0, "paycolumn_ability": 0, "newbrand_ability": 0, "ecommerce_ability": 0, "hardfan_ability": 0, "wbcolumn_ability": 0, "credit_score": 80, "user_ability": 11813384, "cardid": "star_1060", "urank": 41, "story_read_state": -1, "verified_detail": {"custom": 0, "data": [{"key": 1, "weight": 100, "desc": "英雄联盟赛事君"}]}, "vclub_member": 0, "is_teenager": 0, "is_guardian": 0, "is_teenager_list": 0, "pc_new": 7, "special_follow": false, "planet_video": 2, "video_mark": 15, "live_status": 2, "user_ability_extend": 1, "status_total_counter": {"total_cnt": 45585555, "repost_cnt": 4471586, "comment_cnt": 4682397, "like_cnt": 12616683, "comment_like_cnt": 23814889}, "video_total_counter": {"play_cnt": 4015526215}, "brand_account": 0, "hongbaofei": 0, "tab_manage": "[0, 0]", "reward_status": 0, "green_mode": 0, "urisk": 8589934592, "avatar_type": 0}, "picStatus": "1", "reposts_count": 0, "comments_count": 0, "reprint_cmt_count": 0, "attitudes_count": 0, "pending_approval_count": 0, "isLongText": false, "reward_exhibition_type": 0, "hide_flag": 0, "mlevel": 0, "show_mlevel": 0, "biz_feature": 0, "page_type": 64, "hasActionTypeCard": 0, "darwin_tags": [], "hot_weibo_tags": [], "text_tag_tips": [], "mblogtype": 0, "userType": 0, "more_info_type": 0, "cardid": "star_1060", "number_display_strategy": {"apply_scenario_flag": 3, "display_text_min_number": 1000000, "display_text": "100万+"}, "positive_recom_flag": 0, "content_auth": 0, "gif_ids": "", "is_show_bulletin": 2, "comment_manage_info": {"comment_permission_type": -1, "approval_comment_type": 0, "comment_sort_type": 0, "ai_play_picture_type": 0}, "pic_num": 1, "can_reprint": false, "new_comment_style": 0}, "readtimetype": "comment", "comment_dynamic_message": {"id": "0", "start_color": "#00FFFFFF", "end_color": "#1AFFFFFF", "start_color_dark": "#003A3A3A", "end_color_dark": "#333A3A3A", "name": {"zh_CN": "默认", "zh_HK": "默認", "en_US": "default"}, "scheme": "https://new.vip.weibo.cn/bubble/mall?showmenu=0&decorateId=0&uid=6548374430", "allow_vip_box_content": "用此评论气泡", "allow_vip_box_icon": "https://h5.sinaimg.cn/upload/100/1720/2022/08/08/icon_VIP_for_comment_bubble.png"}, "match_ai_play_picture": false}