{"created_at": "Wed Dec 14 11:12:51 +0800 2022", "id": 4846535504568710, "rootid": 4846535504568710, "rootidstr": "4846535504568710", "floor_number": 3297, "text": "延期延期[泪][泪][泪]！", "disable_reply": 0, "restrictOperate": 0, "source_allowclick": 0, "source_type": 4, "source": "<a href=\"\" rel=\"nofollow\">来自甘肃</a>", "user": {"id": 5081626031, "idstr": "5081626031", "class": 1, "screen_name": "-_费蓉妮叶", "name": "-_费蓉妮叶", "province": "51", "city": "13", "location": "四川 南充", "description": "欢迎来到废物的微博， 这是个假人  此微博用来不开心或者开心的时候乱发一下 请勿带入本人", "url": "", "profile_image_url": "https://tvax1.sinaimg.cn/crop.0.0.1006.1006.50/005xTZ4bly8gjv5vn91m6j30ry0rywfp.jpg?KID=imgbed,tva&Expires=1674055220&ssig=VE51tJbxeU", "light_ring": false, "cover_image_phone": "https://ww1.sinaimg.cn/crop.0.0.640.640.640/9d44112bjw1f1xl1c10tuj20hs0hs0tw.jpg", "profile_url": "u/5081626031", "domain": "", "weihao": "", "gender": "f", "followers_count": 288, "followers_count_str": "288", "friends_count": 321, "pagefriends_count": 15, "statuses_count": 64, "video_status_count": 0, "video_play_count": 0, "super_topic_not_syn_count": 1, "favourites_count": 14, "created_at": "Sat Mar 22 15:40:41 +0800 2014", "following": false, "allow_all_act_msg": false, "geo_enabled": true, "verified": false, "verified_type": -1, "remark": "", "insecurity": {"sexual_content": false}, "ptype": 0, "allow_all_comment": true, "avatar_large": "https://tvax1.sinaimg.cn/crop.0.0.1006.1006.180/005xTZ4bly8gjv5vn91m6j30ry0rywfp.jpg?KID=imgbed,tva&Expires=1674055220&ssig=9w4LEbpnsx", "avatar_hd": "https://tvax1.sinaimg.cn/crop.0.0.1006.1006.1024/005xTZ4bly8gjv5vn91m6j30ry0rywfp.jpg?KID=imgbed,tva&Expires=1674055220&ssig=R4TZoeIJ9g", "verified_reason": "", "verified_trade": "", "verified_reason_url": "", "verified_source": "", "verified_source_url": "", "follow_me": false, "like": false, "like_me": false, "online_status": 0, "bi_followers_count": 113, "lang": "zh-cn", "star": 0, "mbtype": 2, "mbrank": 6, "svip": 0, "mb_expire_time": 1614182399, "block_word": 0, "block_app": 0, "chaohua_ability": 0, "brand_ability": 0, "nft_ability": 0, "vplus_ability": 0, "wenda_ability": 0, "live_ability": 0, "gongyi_ability": 0, "paycolumn_ability": 0, "newbrand_ability": 0, "ecommerce_ability": 0, "hardfan_ability": 0, "wbcolumn_ability": 0, "credit_score": 80, "user_ability": 2360320, "cardid": "star_086", "avatargj_id": "gj_vip_198", "urank": 30, "story_read_state": -1, "vclub_member": 0, "is_teenager": 0, "is_guardian": 0, "is_teenager_list": 0, "pc_new": 7, "special_follow": false, "planet_video": 2, "video_mark": 2, "live_status": 0, "user_ability_extend": 0, "status_total_counter": {"total_cnt": 1713, "repost_cnt": 4, "comment_cnt": 224, "like_cnt": 618, "comment_like_cnt": 867}, "video_total_counter": {"play_cnt": 196}, "brand_account": 0, "hongbaofei": 0, "tab_manage": "[0, 0]", "reward_status": 0, "green_mode": 0, "urisk": 8589934592, "unfollowing_recom_switch": 1, "avatar_type": 0}, "mid": "4846535504568710", "idstr": "4846535504568710", "status": {"visible": {"type": 0, "list_id": 0}, "created_at": "Mon Dec 12 18:43:47 +0800 2022", "id": 4845924210186970, "idstr": "4845924210186970", "mid": "4845924210186970", "edit_count": 4, "can_edit": false, "edit_at": "Wed Dec 14 10:21:59 +0800 2022", "version": 17, "show_additional_indication": 0, "text": "#北京确保研究生招生考试如期举行# 其实今年考研应该考虑一下延期举行的，等疫情情况稳一稳了在开考；或者，如果非要按时开考的话，也一定要照顾已经确诊了的学生，要保障确诊的学生能有机会考试，要保障考试公平公正。\n\n现在全国各地阳了的人数正在飙升，专家们也预测将会在12月下旬到1月中旬有一波高 ​", "textLength": 2438, "source_allowclick": 0, "source_type": 1, "source": "<a href=\"http://app.weibo.com/t/feed/6vtZb0\" rel=\"nofollow\">微博 weibo.com</a>", "favorited": false, "truncated": false, "in_reply_to_status_id": "", "in_reply_to_user_id": "", "in_reply_to_screen_name": "", "pic_urls": [{"thumbnail_pic": "http://wx3.sinaimg.cn/thumbnail/0062U1Tyly1h921l3u5ruj30j60ehmxr.jpg"}], "thumbnail_pic": "http://wx3.sinaimg.cn/thumbnail/0062U1Tyly1h921l3u5ruj30j60ehmxr.jpg", "bmiddle_pic": "http://wx3.sinaimg.cn/bmiddle/0062U1Tyly1h921l3u5ruj30j60ehmxr.jpg", "original_pic": "http://wx3.sinaimg.cn/large/0062U1Tyly1h921l3u5ruj30j60ehmxr.jpg", "geo": null, "is_paid": false, "mblog_vip_type": 0, "user": {"id": 5539703320, "idstr": "5539703320", "class": 1, "screen_name": "耿向顺", "name": "耿向顺", "province": "11", "city": "8", "location": "北京 海淀区", "description": "知名自媒体作者，累计撰稿百万字；从事乡村教育、青年职场发展等相关工作，所参与和发起的项目累计服务数万青少年。职业发展、约稿、宣发等合作请私。", "url": "", "profile_image_url": "https://tvax3.sinaimg.cn/crop.0.0.1080.1080.50/0062U1Tyly8gzkwcjxlb9j30u00u0my8.jpg?KID=imgbed,tva&Expires=1674055220&ssig=d3YTRGakY0", "light_ring": false, "cover_image": "https://wx3.sinaimg.cn/crop.0.0.920.300/0062U1Tyly1gs583ubtgyj30pk08cwwq.jpg", "cover_image_phone": "https://wx1.sinaimg.cn/crop.0.0.640.640.640/005uJVS4ly1fphh9ijcdhj30v90v9tdv.jpg;https://wx4.sinaimg.cn/crop.0.0.640.640.640/eb162959ly1fh7t71j83jj20ku0kutb6.jpg;https://ww3.sinaimg.cn/crop.0.0.640.640.640/6db76593gw1f8uxt97sz0j20u00u0js0.jpg;https://wx2.sinaimg.cn/crop.0.0.640.640.640/981bd56ely1fexn28u64tj20u00u0tmn.jpg;https://ww1.sinaimg.cn/crop.0.0.640.640.640/9d44112bjw1f1xl1c10tuj20hs0hs0tw.jpg", "profile_url": "gengxiangshun", "domain": "gengxiangshun", "weihao": "", "gender": "m", "followers_count": 4101164, "followers_count_str": "410.1万", "friends_count": 620, "pagefriends_count": 65, "statuses_count": 8066, "video_status_count": 299, "video_play_count": 0, "super_topic_not_syn_count": 0, "favourites_count": 19, "created_at": "Mon Mar 02 09:05:13 +0800 2015", "following": false, "allow_all_act_msg": false, "geo_enabled": true, "verified": true, "verified_type": 0, "remark": "", "insecurity": {"sexual_content": false}, "ptype": 0, "allow_all_comment": true, "avatar_large": "https://tvax3.sinaimg.cn/crop.0.0.1080.1080.180/0062U1Tyly8gzkwcjxlb9j30u00u0my8.jpg?KID=imgbed,tva&Expires=1674055220&ssig=Ag0wHAp4eb", "avatar_hd": "https://tvax3.sinaimg.cn/crop.0.0.1080.1080.1024/0062U1Tyly8gzkwcjxlb9j30u00u0my8.jpg?KID=imgbed,tva&Expires=1674055220&ssig=BCtsh7%2F5wK", "verified_reason": "知名职场博主 微博故事原创作者 微博原创视频博主 头条文章作者", "verified_trade": "1203", "verified_reason_url": "", "verified_source": "", "verified_source_url": "", "verified_state": 0, "verified_level": 3, "verified_type_ext": 1, "has_service_tel": false, "verified_reason_modified": "", "verified_contact_name": "", "verified_contact_email": "", "verified_contact_mobile": "", "follow_me": false, "like": false, "like_me": false, "online_status": 0, "bi_followers_count": 361, "lang": "zh-cn", "star": 0, "mbtype": 12, "mbrank": 7, "svip": 0, "mb_expire_time": 1981123200, "block_word": 0, "block_app": 1, "chaohua_ability": 0, "brand_ability": 0, "nft_ability": 0, "vplus_ability": 3, "wenda_ability": 0, "live_ability": 0, "gongyi_ability": 0, "paycolumn_ability": 1, "newbrand_ability": 0, "ecommerce_ability": 0, "hardfan_ability": 1, "wbcolumn_ability": 0, "ability_tags": "中小学,大专院校,微电影,导演,演员,影评,游记攻略,音乐制作", "credit_score": 80, "user_ability": -2135552488, "cardid": "star_1408", "avatargj_id": "gj_vip_719", "urank": 46, "story_read_state": -1, "verified_detail": {"custom": 1, "data": [{"key": 4, "sub_key": 9, "weight": 999, "desc": "头条文章作者", "timestamp": 0}, {"key": 1, "sub_key": 0, "weight": 0, "desc": "织心青年创始人 微博新知博主", "timestamp": 0, "verify_extend": {"real_name_verified": "1"}}, {"key": 2, "sub_key": 0, "weight": 11, "desc": "知名职场博主", "timestamp": 0}, {"key": 16, "sub_key": 3, "weight": 103, "desc": "微博故事原创作者", "timestamp": 0}, {"key": 16, "sub_key": 1, "weight": 103, "desc": "微博原创视频博主", "timestamp": 0}]}, "vclub_member": 0, "is_teenager": 0, "is_guardian": 0, "is_teenager_list": 1, "pc_new": 6, "special_follow": false, "planet_video": 2, "video_mark": 15, "live_status": 0, "user_ability_extend": 1, "brand_account": 0, "hongbaofei": 0, "tab_manage": "[0, 0]", "reward_status": 0, "green_mode": 0, "urisk": 8589934592, "unfollowing_recom_switch": 1, "avatar_type": 0}, "picStatus": "1", "reposts_count": 0, "comments_count": 0, "reprint_cmt_count": 0, "attitudes_count": 0, "pending_approval_count": 0, "isLongText": true, "reward_exhibition_type": 0, "hide_flag": 0, "mlevel": 0, "show_mlevel": 0, "biz_feature": 0, "page_type": 64, "hasActionTypeCard": 0, "darwin_tags": [], "hot_weibo_tags": [], "text_tag_tips": [], "mblogtype": 0, "userType": 0, "mlevelSource": "monitor", "more_info_type": 0, "cardid": "star_1408", "number_display_strategy": {"apply_scenario_flag": 3, "display_text_min_number": 1000000, "display_text": "100万+"}, "positive_recom_flag": 0, "content_auth": 0, "gif_ids": "", "is_show_bulletin": 2, "comment_manage_info": {"comment_permission_type": -1, "approval_comment_type": 0, "comment_sort_type": 0, "ai_play_picture_type": 0}, "pic_num": 1, "can_reprint": false, "new_comment_style": 0}, "readtimetype": "comment", "match_ai_play_picture": false}