{"created_at": "Mon Nov 21 10:53:48 +0800 2022", "id": 4838195793232978, "rootid": 4838195793232978, "rootidstr": "4838195793232978", "floor_number": 8, "text": "多大的心里创伤啊", "disable_reply": 0, "restrictOperate": 0, "source_allowclick": 0, "source_type": 4, "source": "<a href=\"\" rel=\"nofollow\">来自黑龙江</a>", "comment_badge": [{"pic_url": "https://h5.sinaimg.cn/upload/114/962/2022/07/08/member_0_bigfan1_2.png", "name": "loyal_fans", "length": 1.33, "actionlog": {"act_code": "3671", "ext": "status:fans"}, "scheme": "https://kefu.weibo.com/faqdetail?id=20848", "new_icon": true}], "user": {"id": 7799869452, "idstr": "7799869452", "class": 1, "screen_name": "破土而出1", "name": "破土而出1", "province": "100", "city": "1000", "location": "其他", "description": "", "url": "", "profile_image_url": "https://tvax1.sinaimg.cn/default/images/default_avatar_male_50.gif?KID=imgbed,tva&Expires=1674108573&ssig=oqab3QpVna", "light_ring": false, "profile_url": "u/7799869452", "domain": "", "weihao": "", "gender": "m", "followers_count": 8, "followers_count_str": "8", "friends_count": 159, "pagefriends_count": 4, "statuses_count": 30, "video_status_count": 0, "video_play_count": 0, "super_topic_not_syn_count": 0, "favourites_count": 36, "created_at": "Sun Nov 06 12:26:47 +0800 2022", "following": false, "allow_all_act_msg": false, "geo_enabled": true, "verified": false, "verified_type": -1, "remark": "", "insecurity": {"sexual_content": false}, "ptype": 0, "allow_all_comment": true, "avatar_large": "https://tvax1.sinaimg.cn/default/images/default_avatar_male_180.gif?KID=imgbed,tva&Expires=1674108573&ssig=huueg91WLo", "avatar_hd": "https://tvax1.sinaimg.cn/default/images/default_avatar_male_180.gif?KID=imgbed,tva&Expires=1674108573&ssig=huueg91WLo", "verified_reason": "", "verified_trade": "", "verified_reason_url": "", "verified_source": "", "verified_source_url": "", "follow_me": false, "like": false, "like_me": false, "online_status": 0, "bi_followers_count": 1, "lang": "zh-cn", "star": 0, "mbtype": 0, "mbrank": 0, "svip": 0, "mb_expire_time": 0, "block_word": 0, "block_app": 0, "chaohua_ability": 0, "brand_ability": 0, "nft_ability": 0, "vplus_ability": 0, "wenda_ability": 0, "live_ability": 0, "gongyi_ability": 0, "paycolumn_ability": 0, "newbrand_ability": 0, "ecommerce_ability": 0, "hardfan_ability": 0, "wbcolumn_ability": 0, "credit_score": 80, "user_ability": 2097152, "urank": 0, "story_read_state": -1, "vclub_member": 0, "is_teenager": 0, "is_guardian": 0, "is_teenager_list": 0, "pc_new": 0, "special_follow": false, "planet_video": 0, "video_mark": 0, "live_status": 0, "user_ability_extend": 0, "status_total_counter": {"total_cnt": 6, "repost_cnt": 0, "comment_cnt": 5, "like_cnt": 1, "comment_like_cnt": 0}, "video_total_counter": {"play_cnt": -1}, "brand_account": 0, "hongbaofei": 0, "tab_manage": "[0, 0]", "reward_status": 0, "green_mode": 0, "urisk": 17180393472, "unfollowing_recom_switch": 1, "avatar_type": 0}, "mid": "4838195793232978", "idstr": "4838195793232978", "status": {"visible": {"type": 0, "list_id": 0}, "created_at": "Mon Nov 21 09:51:04 +0800 2022", "id": 4838180002727688, "idstr": "4838180002727688", "mid": "4838180002727688", "edit_count": 4, "can_edit": false, "edit_at": "Tue Nov 22 09:32:01 +0800 2022", "version": 7, "show_additional_indication": 0, "text": "5岁的孩子要拉去集中隔离，父母还不能一起去。\n孩子一直恐惧的哭着：“妈妈，不想拉走”[泪] http://t.cn/A6Kw4cC4 ​", "textLength": 107, "source_allowclick": 0, "source_type": 2, "source": "<a href=\"http://weibo.com/\" rel=\"nofollow\">iPhone 13 Pro Max(远峰蓝色)</a>", "favorited": false, "truncated": false, "in_reply_to_status_id": "", "in_reply_to_user_id": "", "in_reply_to_screen_name": "", "pic_urls": [], "geo": null, "is_paid": false, "mblog_vip_type": 0, "user": {"id": 7795559833, "idstr": "7795559833", "class": 1, "screen_name": "安吉的音乐厅", "name": "安吉的音乐厅", "province": "100", "city": "1000", "location": "其他", "description": "", "url": "", "profile_image_url": "https://tvax1.sinaimg.cn/crop.0.0.1080.1080.50/008vzne1ly8h9e8g43ntbj30u00u0jua.jpg?KID=imgbed,tva&Expires=1674108573&ssig=DElT17yb37", "light_ring": false, "cover_image_phone": "https://wx2.sinaimg.cn/crop.0.0.640.640.640/008vzne1ly1h7hhm6ap5hj30u00u0jvs.jpg;https://wx3.sinaimg.cn/crop.0.0.640.640.640/008vzne1ly1h7h82e246tj30u00u0gn5.jpg;https://ww1.sinaimg.cn/crop.0.0.640.640.640/549d0121tw1egm1kjly3jj20hs0hsq4f.jpg;https://wx1.sinaimg.cn/crop.0.0.640.640.640/008vzne1ly1h7445gqsifj30u00u0myy.jpg;https://wx3.sinaimg.cn/crop.0.0.640.640.640/008vzne1ly1h743m3s40qj30u00u0ta1.jpg", "profile_url": "u/7795559833", "domain": "", "weihao": "", "gender": "f", "followers_count": 31207, "followers_count_str": "3.1万", "friends_count": 147, "pagefriends_count": 0, "statuses_count": 1414, "video_status_count": 846, "video_play_count": 0, "super_topic_not_syn_count": 0, "favourites_count": 1, "created_at": "Wed Oct 12 11:50:50 +0800 2022", "following": false, "allow_all_act_msg": false, "geo_enabled": true, "verified": false, "verified_type": -1, "remark": "", "insecurity": {"sexual_content": false}, "ptype": 0, "allow_all_comment": false, "avatar_large": "https://tvax1.sinaimg.cn/crop.0.0.1080.1080.180/008vzne1ly8h9e8g43ntbj30u00u0jua.jpg?KID=imgbed,tva&Expires=1674108573&ssig=P9BCZuhypB", "avatar_hd": "https://tvax1.sinaimg.cn/crop.0.0.1080.1080.1024/008vzne1ly8h9e8g43ntbj30u00u0jua.jpg?KID=imgbed,tva&Expires=1674108573&ssig=ZZk7JSQEw6", "verified_reason": "", "verified_trade": "", "verified_reason_url": "", "verified_source": "", "verified_source_url": "", "follow_me": false, "like": false, "like_me": false, "online_status": 0, "bi_followers_count": 169, "lang": "zh-cn", "star": 0, "mbtype": 12, "mbrank": 3, "svip": 1, "mb_expire_time": 1700755200, "block_word": 0, "block_app": 1, "chaohua_ability": 0, "brand_ability": 0, "nft_ability": 0, "vplus_ability": 0, "wenda_ability": 0, "live_ability": 0, "gongyi_ability": 0, "paycolumn_ability": 0, "newbrand_ability": 0, "ecommerce_ability": 0, "hardfan_ability": 0, "wbcolumn_ability": 0, "credit_score": 80, "user_ability": 8651272, "cardid": "star_1535", "avatargj_id": "gj_vip_807", "urank": 0, "story_read_state": -1, "vclub_member": 0, "is_teenager": 0, "is_guardian": 0, "is_teenager_list": 0, "pc_new": 0, "special_follow": false, "planet_video": 2, "video_mark": 0, "live_status": 0, "user_ability_extend": 0, "video_cover": {"mid": 4836217193759609}, "status_total_counter": {"total_cnt": 1023973, "repost_cnt": 245357, "comment_cnt": 20223, "like_cnt": 290724, "comment_like_cnt": 467669}, "video_total_counter": {"play_cnt": 42072503}, "brand_account": 0, "hongbaofei": 0, "tab_manage": "[0, 0]", "reward_status": 0, "green_mode": 0, "urisk": 17179869184, "unfollowing_recom_switch": 1, "avatar_type": 0}, "annotations": [{}, {}, {"client_mblogid": "iPhone-B695C39B-20DA-4986-BD7E-D0AD557D3063"}, {"mapi_request": true}], "reposts_count": 0, "comments_count": 0, "reprint_cmt_count": 0, "attitudes_count": 0, "pending_approval_count": 0, "isLongText": false, "reward_exhibition_type": 0, "hide_flag": 0, "mlevel": 128, "show_mlevel": 0, "biz_ids": [230444], "biz_feature": 4294967304, "hasActionTypeCard": 0, "darwin_tags": [], "hot_weibo_tags": [], "text_tag_tips": [], "mblogtype": 0, "userType": 0, "mlevelSource": "monitor", "more_info_type": 0, "cardid": "star_1535", "number_display_strategy": {"apply_scenario_flag": 3, "display_text_min_number": 1000000, "display_text": "100万+"}, "positive_recom_flag": 0, "content_auth": 0, "gif_ids": "", "is_show_bulletin": 2, "comment_manage_info": {"comment_permission_type": -1, "approval_comment_type": 0, "comment_sort_type": 0, "ai_play_picture_type": 0}, "pic_num": 0, "fid": 4838179919101977, "can_reprint": false, "new_comment_style": 0}, "readtimetype": "comment", "match_ai_play_picture": false}