{"created_at": "Mon Dec 19 09:09:14 +0800 2022", "id": 4848316338406036, "rootid": 4848316338406036, "rootidstr": "4848316338406036", "floor_number": 9, "text": "[话筒]", "disable_reply": 0, "restrictOperate": 0, "source_allowclick": 0, "source_type": 4, "source": "<a href=\"\" rel=\"nofollow\">来自安徽</a>", "comment_badge": [{"pic_url": "https://h5.sinaimg.cn/upload/114/962/2022/07/08/member_3_bigfan1_1.png", "name": "loyal_fans", "length": 1.33, "actionlog": {"act_code": "3671", "ext": "status:fans"}, "scheme": "https://kefu.weibo.com/faqdetail?id=20848", "new_icon": true}], "user": {"id": 7616702474, "idstr": "7616702474", "class": 1, "screen_name": "上丰正道", "name": "上丰正道", "province": "23", "city": "12", "location": "黑龙江 绥化", "description": "", "url": "", "profile_image_url": "https://tvax3.sinaimg.cn/crop.0.0.1080.1080.50/008jsUfUly8h2q618oazoj30u00u0my0.jpg?KID=imgbed,tva&Expires=1671527158&ssig=GnMGakUXPE", "light_ring": false, "cover_image_phone": "https://ww1.sinaimg.cn/crop.0.0.640.640.640/549d0121tw1egm1kjly3jj20hs0hsq4f.jpg", "profile_url": "u/7616702474", "domain": "", "weihao": "", "gender": "m", "followers_count": 7, "followers_count_str": "7", "friends_count": 184, "pagefriends_count": 6, "statuses_count": 562, "video_status_count": 0, "video_play_count": 0, "super_topic_not_syn_count": 0, "favourites_count": 2, "created_at": "Thu May 27 15:12:06 +0800 2021", "following": false, "allow_all_act_msg": false, "geo_enabled": true, "verified": false, "verified_type": -1, "remark": "", "insecurity": {"sexual_content": false}, "ptype": 0, "allow_all_comment": true, "avatar_large": "https://tvax3.sinaimg.cn/crop.0.0.1080.1080.180/008jsUfUly8h2q618oazoj30u00u0my0.jpg?KID=imgbed,tva&Expires=1671527158&ssig=oaKFB6qU%2Be", "avatar_hd": "https://tvax3.sinaimg.cn/crop.0.0.1080.1080.1024/008jsUfUly8h2q618oazoj30u00u0my0.jpg?KID=imgbed,tva&Expires=1671527158&ssig=71bdelDrAB", "verified_reason": "", "verified_trade": "", "verified_reason_url": "", "verified_source": "", "verified_source_url": "", "follow_me": false, "like": false, "like_me": false, "online_status": 0, "bi_followers_count": 0, "lang": "zh-cn", "star": 0, "mbtype": 12, "mbrank": 3, "svip": 0, "mb_expire_time": 1692460800, "block_word": 0, "block_app": 1, "chaohua_ability": 0, "brand_ability": 0, "nft_ability": 0, "vplus_ability": 0, "wenda_ability": 0, "live_ability": 0, "gongyi_ability": 0, "paycolumn_ability": 0, "newbrand_ability": 0, "ecommerce_ability": 0, "hardfan_ability": 0, "credit_score": 80, "user_ability": 2097152, "urank": 0, "story_read_state": -1, "vclub_member": 0, "is_teenager": 0, "is_guardian": 0, "is_teenager_list": 0, "pc_new": 0, "special_follow": false, "planet_video": 0, "video_mark": 0, "live_status": 0, "user_ability_extend": 0, "status_total_counter": {"total_cnt": 58, "repost_cnt": 5, "comment_cnt": 20, "like_cnt": 33, "comment_like_cnt": 0}, "video_total_counter": {"play_cnt": -1}, "brand_account": 0, "hongbaofei": 0, "tab_manage": "[0, 0]", "reward_status": 0, "green_mode": 0, "urisk": 34897133568, "avatar_type": 0}, "mid": "4848316338406036", "idstr": "4848316338406036", "status": {"visible": {"type": 0, "list_id": 0}, "created_at": "Mon Dec 19 08:40:04 +0800 2022", "id": 4848308995230718, "idstr": "4848308995230718", "mid": "4848308995230718", "can_edit": false, "version": 3, "show_additional_indication": 0, "text": "【点赞！#3名初中生捡到一袋黄金交给民警#[赞]】#正能量计划#近日，四川宜宾，3名初二学生王一帆、陈智博、罗子凉在回家途中捡到一袋“黄金”，他们第一时间送到@翠屏公安 合江门派出所。民警当即对三位拾金不昧的少年进行了表扬。经过查看监控，很快便联系到了失主，将遗失的价值4000元的黄金饰品归还 ​", "textLength": 321, "source_allowclick": 1, "source_type": 1, "source": "<a href=\"http://app.weibo.com/t/feed/5hcEdp\" rel=\"nofollow\">小米10 青春版 5G</a>", "favorited": false, "truncated": false, "in_reply_to_status_id": "", "in_reply_to_user_id": "", "in_reply_to_screen_name": "", "pic_urls": [], "geo": null, "is_paid": false, "mblog_vip_type": 0, "user": {"id": 6313391623, "idstr": "6313391623", "class": 1, "screen_name": "歙县反邪", "name": "歙县反邪", "province": "34", "city": "1000", "location": "安徽", "description": "弘扬科学文化 破除愚昧迷信 抵制邪教活动 共建和谐家园", "url": "http://weibo.com/6313391623/fans?topnav=1&amp;wvr=6&amp;mod=message&amp;need_filter=1", "profile_image_url": "https://tvax1.sinaimg.cn/crop.0.0.1080.1080.50/006Tglz9ly8gxd1frr73jj30u00u0q6x.jpg?KID=imgbed,tva&Expires=1671527158&ssig=wPSxfry1it", "light_ring": false, "cover_image": "https://wx1.sinaimg.cn/crop.0.0.920.300/006Tglz9gy1gdkyso2qd4j30pk08ck6k.jpg", "cover_image_phone": "https://wx1.sinaimg.cn/crop.0.0.640.640.640/006Tglz9ly1gughodc8n4j30xg0s8goi.jpg", "profile_url": "u/6313391623", "domain": "", "weihao": "", "gender": "f", "followers_count": 87511, "followers_count_str": "8.8万", "friends_count": 989, "pagefriends_count": 3, "statuses_count": 66148, "video_status_count": 1247, "video_play_count": 0, "super_topic_not_syn_count": 0, "favourites_count": 0, "created_at": "Sun Jul 09 18:26:49 +0800 2017", "following": false, "allow_all_act_msg": false, "geo_enabled": true, "verified": true, "verified_type": 1, "remark": "", "insecurity": {"sexual_content": false}, "ptype": 0, "allow_all_comment": true, "avatar_large": "https://tvax1.sinaimg.cn/crop.0.0.1080.1080.180/006Tglz9ly8gxd1frr73jj30u00u0q6x.jpg?KID=imgbed,tva&Expires=1671527158&ssig=I9DXGnwU9%2F", "avatar_hd": "https://tvax1.sinaimg.cn/crop.0.0.1080.1080.1024/006Tglz9ly8gxd1frr73jj30u00u0q6x.jpg?KID=imgbed,tva&Expires=1671527158&ssig=KXTsX5z%2Fgu", "verified_reason": "中国共产党歙县委员会政法委员会", "verified_trade": "", "verified_reason_url": "", "verified_source": "", "verified_source_url": "", "verified_state": 0, "verified_level": 3, "verified_type_ext": 0, "has_service_tel": false, "verified_reason_modified": "", "verified_contact_name": "", "verified_contact_email": "", "verified_contact_mobile": "", "follow_me": false, "like": false, "like_me": false, "online_status": 0, "bi_followers_count": 701, "lang": "zh-cn", "star": 0, "mbtype": 2, "mbrank": 4, "svip": 0, "mb_expire_time": 1664294399, "block_word": 0, "block_app": 0, "chaohua_ability": 0, "brand_ability": 0, "nft_ability": 0, "vplus_ability": 0, "wenda_ability": 0, "live_ability": 0, "gongyi_ability": 0, "paycolumn_ability": 0, "newbrand_ability": 0, "ecommerce_ability": 0, "hardfan_ability": 1, "credit_score": 80, "user_ability": 10747912, "cardid": "star_1637", "avatargj_id": "gj_vip_786", "urank": 23, "story_read_state": -1, "vclub_member": 0, "is_teenager": 0, "is_guardian": 0, "is_teenager_list": 0, "pc_new": 6, "special_follow": false, "planet_video": 2, "video_mark": 15, "live_status": 0, "user_ability_extend": 0, "video_cover": {"mid": 4681443386853168}, "status_total_counter": {"total_cnt": 3576423, "repost_cnt": 759084, "comment_cnt": 1006502, "like_cnt": 1316045, "comment_like_cnt": 494792}, "video_total_counter": {"play_cnt": 948426}, "brand_account": 0, "hongbaofei": 0, "tab_manage": "[66186, 0]", "reward_status": 0, "green_mode": 0, "urisk": 0, "avatar_type": 0}, "annotations": [{}, {"shooting": 1, "client_mblogid": "e15c25f2-d537-4e02-ada5-f3f5df6107b3"}, {"mapi_request": true}], "reposts_count": 0, "comments_count": 0, "reprint_cmt_count": 0, "attitudes_count": 0, "pending_approval_count": 0, "isLongText": true, "reward_exhibition_type": 0, "hide_flag": 0, "mlevel": 0, "show_mlevel": 0, "biz_ids": [230444], "biz_feature": 4294967304, "page_type": 64, "hasActionTypeCard": 0, "darwin_tags": [], "hot_weibo_tags": [], "text_tag_tips": [], "mblogtype": 0, "userType": 0, "more_info_type": 0, "cardid": "star_1637", "positive_recom_flag": 0, "content_auth": 0, "gif_ids": "", "is_show_bulletin": 2, "comment_manage_info": {"comment_permission_type": -1, "approval_comment_type": 0, "comment_sort_type": 0, "ai_play_picture_type": 0}, "pic_num": 0, "can_reprint": false, "new_comment_style": 0}, "readtimetype": "comment", "match_ai_play_picture": false}