{"mid": "2473034042", "uid": "LxFRJBT9g", "name": "说法大网", "time": "2022-6-14 13:48:00", "local": "中国", "iphone": "iPhone客户端", "context": "网传唐山又出事，女研究生被强奸刀捅下体爬两公里求助.6月12日，《时刻新闻》整理报道。唐山又出恶性大事件，一名985大学的舞蹈女研究生，长得很漂亮，放假回家，在高铁站被一名男子掳走，遭性侵后男子把她的手机拿走、腿打折、刀捅下体，扔在郊区公园。女孩子苏醒后，爬到马路上求救，但是第一个遇见她得出租车不予帮助。于是在36度高温的天气下，这名女孩在柏油马路上爬了几公里，到附近村里求助。因为爬了一路，膝盖都磨破要骨，目前正在抢救，估计要截肢，而下体也被捅破。北京时间6月11日，微博网友“圈神探”发文，称“唐山又有事件。舞蹈生在医院，被通刀、强奸，只能截肢，我真的触目惊心。\"发文中附上的微信群聊天记录，讲述了事情的经过。一名唐山某医院的人员爆料，称医院急诊来了一个病患，一个姐姐，特别漂亮，下体被捅了，警车送来的，可能要截肢。这名爆料的人说，自己哭了，警察现在正在通知家属。这名女孩子是爸爸妈妈的骄傲，她们家好像还有个哥哥，辍学打工赚钱给她当学费，家里就这么一个高材生。报料人还说，女孩送到医院的时候，带轱辘的担架床上面全是血。一堆警察嗷嗷喊，医生推着车嗷嗷跑。报料人指出，那个男得强奸完后把女孩腿给整废了，女孩清醒过来后爬到马路上找人求救，因为手机被带走了。但是第一个遇见她的出租车不接她，担心女孩子诬赖是这个司机干的。然后女孩就生爬了几公里去一个村子，村里人给她报得警。报料人称，今年当地36摄氏度的高温，不到两点报的警，正热的时候，在柏油公路上爬了几公里。腿完了，送进来的时候都能看到膝盖上的骨头。一个舞蹈生，没了腿，下半辈子是完了。", "comment_num": "0", "like_num": "1", "user": {"focus": "114", "fans": "81", "tweet": "686"}}