{"created_at": "Sat Dec 17 13:01:20 +0800 2022", "id": 4847649968096797, "rootid": 4847622886527095, "rootidstr": "4847622886527095", "floor_number": 0, "text": "回复@Haileykritt_:可不咋滴 外国人的审美重新定义了武则天[笑cry]", "disable_reply": 0, "restrictOperate": 0, "source_allowclick": 0, "source_type": 4, "source": "<a href=\"\" rel=\"nofollow\">来自上海</a>", "user": {"id": 3638825321, "idstr": "3638825321", "class": 1, "screen_name": "高抑之", "name": "高抑之", "province": "34", "city": "11", "location": "安徽 滁州", "description": "", "url": "", "profile_image_url": "https://tva1.sinaimg.cn/crop.51.63.209.209.50/d8e41169gw1e6rhlauh7wj208c0dwdgv.jpg?KID=imgbed,tva&Expires=1673966366&ssig=xdko%2BmTWty", "light_ring": false, "cover_image_phone": "https://ww1.sinaimg.cn/crop.0.0.640.640.640/549d0121tw1egm1kjly3jj20hs0hsq4f.jpg", "profile_url": "u/3638825321", "domain": "", "weihao": "", "gender": "m", "followers_count": 8, "followers_count_str": "8", "friends_count": 9, "pagefriends_count": 3, "statuses_count": 0, "video_status_count": 0, "video_play_count": 0, "super_topic_not_syn_count": 0, "favourites_count": 49, "created_at": "Fri Jul 19 01:11:20 +0800 2013", "following": false, "allow_all_act_msg": false, "geo_enabled": true, "verified": false, "verified_type": -1, "remark": "", "insecurity": {"sexual_content": false}, "ptype": 0, "allow_all_comment": true, "avatar_large": "https://tva1.sinaimg.cn/crop.51.63.209.209.180/d8e41169gw1e6rhlauh7wj208c0dwdgv.jpg?KID=imgbed,tva&Expires=1673966366&ssig=mPnuD2w8sX", "avatar_hd": "https://tva1.sinaimg.cn/crop.51.63.209.209.1024/d8e41169gw1e6rhlauh7wj208c0dwdgv.jpg?KID=imgbed,tva&Expires=1673966366&ssig=4E20hfczgR", "verified_reason": "", "verified_trade": "", "verified_reason_url": "", "verified_source": "", "verified_source_url": "", "follow_me": false, "like": false, "like_me": false, "online_status": 0, "bi_followers_count": 0, "lang": "zh-cn", "star": 0, "mbtype": 0, "mbrank": 0, "svip": 0, "mb_expire_time": 0, "block_word": 0, "block_app": 0, "chaohua_ability": 0, "brand_ability": 0, "nft_ability": 0, "vplus_ability": 0, "wenda_ability": 0, "live_ability": 0, "gongyi_ability": 0, "paycolumn_ability": 0, "newbrand_ability": 0, "ecommerce_ability": 0, "hardfan_ability": 0, "wbcolumn_ability": 0, "credit_score": 80, "user_ability": 0, "urank": 13, "story_read_state": -1, "vclub_member": 0, "is_teenager": 0, "is_guardian": 0, "is_teenager_list": 0, "pc_new": 0, "special_follow": false, "planet_video": 0, "video_mark": 0, "live_status": 0, "user_ability_extend": 0, "status_total_counter": {"total_cnt": 0, "repost_cnt": 0, "comment_cnt": 0, "like_cnt": 0, "comment_like_cnt": 0}, "video_total_counter": {"play_cnt": -1}, "brand_account": 0, "hongbaofei": 0, "tab_manage": "[0, 0]", "reward_status": 0, "green_mode": 0, "urisk": 0, "avatar_type": 0}, "mid": "4847649968096797", "idstr": "4847649968096797", "status": {"visible": {"type": 0, "list_id": 0}, "created_at": "Sat Dec 17 10:31:35 +0800 2022", "id": 4847612282537161, "idstr": "4847612282537161", "mid": "4847612282537161", "can_edit": false, "version": 2, "show_additional_indication": 0, "text": "#小伙用武则天翻糖蛋糕拿下世界冠军#进度条拖来拖去，终于找到图了，直接来看[doge] ​", "textLength": 78, "source_allowclick": 1, "source_type": 1, "source": "<a href=\"http://app.weibo.com/t/feed/21BkNL\" rel=\"nofollow\">OPPO Reno 10倍变焦版</a>", "favorited": false, "truncated": false, "in_reply_to_status_id": "", "in_reply_to_user_id": "", "in_reply_to_screen_name": "", "pic_urls": [{"thumbnail_pic": "http://wx4.sinaimg.cn/thumbnail/5481424dgy1h96lntbq8nj21t00u0ajv.jpg"}], "thumbnail_pic": "http://wx4.sinaimg.cn/thumbnail/5481424dgy1h96lntbq8nj21t00u0ajv.jpg", "bmiddle_pic": "http://wx4.sinaimg.cn/bmiddle/5481424dgy1h96lntbq8nj21t00u0ajv.jpg", "original_pic": "http://wx4.sinaimg.cn/large/5481424dgy1h96lntbq8nj21t00u0ajv.jpg", "geo": null, "is_paid": false, "mblog_vip_type": 0, "user": {"id": 1417757261, "idstr": "1417757261", "class": 1, "screen_name": "麻坛一小葱", "name": "麻坛一小葱", "province": "43", "city": "1000", "location": "湖南", "description": "", "url": "", "profile_image_url": "https://tvax4.sinaimg.cn/crop.0.0.1080.1080.50/5481424dly8h2390eoge9j20u00u0gp0.jpg?KID=imgbed,tva&Expires=1673966366&ssig=5WYKi5s5xX", "light_ring": false, "cover_image_phone": "https://ww4.sinaimg.cn/crop.0.0.640.640.640/68f96449tw1egwcezbwgqj20hs0hsdif.jpg", "profile_url": "u/1417757261", "domain": "", "weihao": "", "gender": "f", "followers_count": 438, "followers_count_str": "438", "friends_count": 1079, "pagefriends_count": 48, "statuses_count": 2358, "video_status_count": 10, "video_play_count": 0, "super_topic_not_syn_count": 11, "favourites_count": 5, "created_at": "Fri Jul 22 20:39:01 +0800 2011", "following": false, "allow_all_act_msg": false, "geo_enabled": true, "verified": false, "verified_type": 220, "remark": "", "insecurity": {"sexual_content": false}, "ptype": 0, "allow_all_comment": true, "avatar_large": "https://tvax4.sinaimg.cn/crop.0.0.1080.1080.180/5481424dly8h2390eoge9j20u00u0gp0.jpg?KID=imgbed,tva&Expires=1673966366&ssig=oMH4zpRIY3", "avatar_hd": "https://tvax4.sinaimg.cn/crop.0.0.1080.1080.1024/5481424dly8h2390eoge9j20u00u0gp0.jpg?KID=imgbed,tva&Expires=1673966366&ssig=EGzx55%2FfNQ", "verified_reason": "", "verified_trade": "", "verified_reason_url": "", "verified_source": "", "verified_source_url": "", "follow_me": false, "like": false, "like_me": false, "online_status": 0, "bi_followers_count": 110, "lang": "zh-cn", "star": 0, "mbtype": 2, "mbrank": 5, "svip": 0, "mb_expire_time": 1673452799, "block_word": 0, "block_app": 0, "chaohua_ability": 0, "brand_ability": 0, "nft_ability": 0, "vplus_ability": 0, "wenda_ability": 0, "live_ability": 0, "gongyi_ability": 0, "paycolumn_ability": 0, "newbrand_ability": 0, "ecommerce_ability": 0, "hardfan_ability": 0, "wbcolumn_ability": 0, "credit_score": 80, "user_ability": 2359296, "cardid": "star_1331", "avatargj_id": "gj_vip_417", "urank": 29, "story_read_state": -1, "vclub_member": 0, "is_teenager": 0, "is_guardian": 0, "is_teenager_list": 0, "pc_new": 0, "special_follow": false, "planet_video": 2, "video_mark": 2, "live_status": 0, "user_ability_extend": 0, "status_total_counter": {"total_cnt": 7226, "repost_cnt": 324, "comment_cnt": 824, "like_cnt": 2636, "comment_like_cnt": 3442}, "video_total_counter": {"play_cnt": 23099}, "brand_account": 0, "hongbaofei": 0, "tab_manage": "[0, 0]", "reward_status": 0, "green_mode": 0, "mb_like_privilege": {"like_id": "0054_151", "like_desc": ""}, "urisk": 0, "avatar_type": 0}, "annotations": [{"photo_sub_type": "0"}, {"ann_ext": "ann_ext:search|t:547|q:#小伙用武则天翻糖蛋糕拿下世界冠军#|creator_source:bottomsendweibo|super_exparams=>{\"system_pic_only\":0}"}, {"client_mblogid": "abdec8dd-60ec-42e2-b041-06172d101861"}, {"mapi_request": true}], "picStatus": "0:1", "reposts_count": 0, "comments_count": 0, "reprint_cmt_count": 0, "attitudes_count": 0, "pending_approval_count": 0, "isLongText": false, "reward_exhibition_type": 0, "hide_flag": 0, "mlevel": 0, "show_mlevel": 0, "biz_feature": 4294967300, "page_type": 64, "hasActionTypeCard": 0, "darwin_tags": [], "hot_weibo_tags": [], "text_tag_tips": [], "mblogtype": 0, "userType": 0, "more_info_type": 0, "number_display_strategy": {"apply_scenario_flag": 3, "display_text_min_number": 1000000, "display_text": "100万+"}, "positive_recom_flag": 0, "content_auth": 0, "gif_ids": "", "is_show_bulletin": 2, "comment_manage_info": {"comment_permission_type": -1, "approval_comment_type": 0, "comment_sort_type": 0, "ai_play_picture_type": 0}, "pic_num": 1, "can_reprint": false, "new_comment_style": 0}, "reply_comment": {"created_at": "Sat Dec 17 11:13:43 +0800 2022", "id": 4847622886527095, "rootid": 4847622886527095, "rootidstr": "4847622886527095", "floor_number": 75, "text": "不愧是外国评委，这跟武则天确实没什么关系", "disable_reply": 0, "restrictOperate": 0, "user": {"id": 3570429702, "idstr": "3570429702", "class": 1, "screen_name": "Haileykritt_", "name": "Haileykritt_", "province": "100", "city": "1000", "location": "其他", "description": "何以解忧，唯有暴富", "url": "", "profile_image_url": "https://tvax2.sinaimg.cn/crop.0.0.512.512.50/d4d06f06ly8h8onmu2gidj20e80e874m.jpg?KID=imgbed,tva&Expires=1673966366&ssig=TYOIGkH7nS", "light_ring": false, "cover_image_phone": "https://wx2.sinaimg.cn/crop.0.0.640.640.640/d4d06f06gy1gcj5smcunnj20n00n0wgs.jpg;https://wx2.sinaimg.cn/crop.0.0.640.640.640/d4d06f06gy1gcj5t70df7j20n00n0abg.jpg", "profile_url": "u/3570429702", "domain": "", "weihao": "", "gender": "f", "followers_count": 1571, "followers_count_str": "1571", "friends_count": 98, "pagefriends_count": 14, "statuses_count": 5144, "video_status_count": 219, "video_play_count": 0, "super_topic_not_syn_count": 14, "favourites_count": 665, "created_at": "Sun Jul 21 13:46:14 +0800 2013", "following": false, "allow_all_act_msg": false, "geo_enabled": true, "verified": false, "verified_type": -1, "remark": "", "insecurity": {"sexual_content": false}, "ptype": 0, "allow_all_comment": true, "avatar_large": "https://tvax2.sinaimg.cn/crop.0.0.512.512.180/d4d06f06ly8h8onmu2gidj20e80e874m.jpg?KID=imgbed,tva&Expires=1673966366&ssig=2jjtVZ1pGZ", "avatar_hd": "https://tvax2.sinaimg.cn/crop.0.0.512.512.1024/d4d06f06ly8h8onmu2gidj20e80e874m.jpg?KID=imgbed,tva&Expires=1673966366&ssig=DgQKiOWKX4", "verified_reason": "", "verified_trade": "", "verified_reason_url": "", "verified_source": "", "verified_source_url": "", "follow_me": false, "like": false, "like_me": false, "online_status": 0, "bi_followers_count": 35, "lang": "zh-cn", "star": 0, "mbtype": 12, "mbrank": 6, "svip": 0, "mb_expire_time": 1587916800, "block_word": 1, "block_app": 1, "chaohua_ability": 0, "brand_ability": 0, "nft_ability": 0, "vplus_ability": 0, "wenda_ability": 0, "live_ability": 0, "gongyi_ability": 0, "paycolumn_ability": 0, "newbrand_ability": 0, "ecommerce_ability": 0, "hardfan_ability": 0, "wbcolumn_ability": 0, "unicom_free_pc": "41BC1CB6D3668D74803D33C0131317FC", "credit_score": 80, "user_ability": 35914752, "cardid": "star_199", "avatargj_id": "gj_vip_082", "urank": 42, "story_read_state": -1, "vclub_member": 0, "is_teenager": 0, "is_guardian": 1, "is_teenager_list": 0, "pc_new": 7, "special_follow": false, "planet_video": 2, "video_mark": 14, "live_status": 0, "user_ability_extend": 0, "status_total_counter": {"total_cnt": 114882, "repost_cnt": 2847, "comment_cnt": 28460, "like_cnt": 64776, "comment_like_cnt": 18799}, "video_total_counter": {"play_cnt": 1423055}, "brand_account": 0, "hongbaofei": 0, "tab_manage": "[0, 0]", "reward_status": 0, "green_mode": 0, "mb_like_privilege": {"like_id": "0031_81", "like_desc": ""}, "urisk": 0, "avatar_type": 0}, "mid": "4847622886527095", "idstr": "4847622886527095", "match_ai_play_picture": false}, "reply_original_text": "可不咋滴 外国人的审美重新定义了武则天[笑cry]", "readtimetype": "comment", "match_ai_play_picture": false}