{"created_at": "Sat Dec 17 15:53:00 +0800 2022", "id": 4847693174408052, "rootid": 4847665878146331, "rootidstr": "4847665878146331", "floor_number": 0, "text": "回复@麻坛一小葱:感觉很像王者游戏里的上官婉儿", "disable_reply": 0, "restrictOperate": 0, "source_allowclick": 0, "source_type": 4, "source": "<a href=\"\" rel=\"nofollow\">来自重庆</a>", "user": {"id": 7324038990, "idstr": "7324038990", "class": 1, "screen_name": "康娜全点防御了吗", "name": "康娜全点防御了吗", "province": "100", "city": "1000", "location": "其他", "description": "人间记录员  没有感情的抽奖机器 不参与论战", "url": "", "profile_image_url": "https://tvax2.sinaimg.cn/crop.0.0.1080.1080.50/007ZEV78ly8h5apkn7xvnj30u00u03zs.jpg?KID=imgbed,tva&Expires=1673966366&ssig=5kesKRaX6n", "light_ring": false, "profile_url": "u/7324038990", "domain": "", "weihao": "", "gender": "f", "followers_count": 2, "followers_count_str": "2", "friends_count": 136, "pagefriends_count": 6, "statuses_count": 349, "video_status_count": 0, "video_play_count": 0, "super_topic_not_syn_count": 0, "favourites_count": 6, "created_at": "Sun Oct 20 23:30:25 +0800 2019", "following": false, "allow_all_act_msg": false, "geo_enabled": true, "verified": false, "verified_type": -1, "remark": "", "insecurity": {"sexual_content": false}, "ptype": 0, "allow_all_comment": false, "avatar_large": "https://tvax2.sinaimg.cn/crop.0.0.1080.1080.180/007ZEV78ly8h5apkn7xvnj30u00u03zs.jpg?KID=imgbed,tva&Expires=1673966366&ssig=ikF8g8zB%2Bc", "avatar_hd": "https://tvax2.sinaimg.cn/crop.0.0.1080.1080.1024/007ZEV78ly8h5apkn7xvnj30u00u03zs.jpg?KID=imgbed,tva&Expires=1673966366&ssig=PwLaTRjixc", "verified_reason": "", "verified_trade": "", "verified_reason_url": "", "verified_source": "", "verified_source_url": "", "follow_me": false, "like": false, "like_me": false, "online_status": 0, "bi_followers_count": 2, "lang": "zh-cn", "star": 0, "mbtype": 0, "mbrank": 0, "svip": 0, "mb_expire_time": 0, "block_word": 0, "block_app": 0, "chaohua_ability": 0, "brand_ability": 0, "nft_ability": 0, "vplus_ability": 0, "wenda_ability": 0, "live_ability": 0, "gongyi_ability": 0, "paycolumn_ability": 0, "newbrand_ability": 0, "ecommerce_ability": 0, "hardfan_ability": 0, "wbcolumn_ability": 0, "credit_score": 80, "user_ability": 2097152, "urank": 0, "story_read_state": -1, "vclub_member": 0, "is_teenager": 0, "is_guardian": 0, "is_teenager_list": 0, "pc_new": 0, "special_follow": false, "planet_video": 2, "video_mark": 2, "live_status": 0, "user_ability_extend": 0, "status_total_counter": {"total_cnt": 50, "repost_cnt": 2, "comment_cnt": 23, "like_cnt": 25, "comment_like_cnt": 0}, "video_total_counter": {"play_cnt": 5}, "brand_account": 0, "hongbaofei": 0, "tab_manage": "[0, 0]", "reward_status": 0, "green_mode": 0, "urisk": 17179869184, "avatar_type": 0}, "mid": "4847693174408052", "idstr": "4847693174408052", "status": {"visible": {"type": 0, "list_id": 0}, "created_at": "Sat Dec 17 10:31:35 +0800 2022", "id": 4847612282537161, "idstr": "4847612282537161", "mid": "4847612282537161", "can_edit": false, "version": 2, "show_additional_indication": 0, "text": "#小伙用武则天翻糖蛋糕拿下世界冠军#进度条拖来拖去，终于找到图了，直接来看[doge] ​", "textLength": 78, "source_allowclick": 1, "source_type": 1, "source": "<a href=\"http://app.weibo.com/t/feed/21BkNL\" rel=\"nofollow\">OPPO Reno 10倍变焦版</a>", "favorited": false, "truncated": false, "in_reply_to_status_id": "", "in_reply_to_user_id": "", "in_reply_to_screen_name": "", "pic_urls": [{"thumbnail_pic": "http://wx4.sinaimg.cn/thumbnail/5481424dgy1h96lntbq8nj21t00u0ajv.jpg"}], "thumbnail_pic": "http://wx4.sinaimg.cn/thumbnail/5481424dgy1h96lntbq8nj21t00u0ajv.jpg", "bmiddle_pic": "http://wx4.sinaimg.cn/bmiddle/5481424dgy1h96lntbq8nj21t00u0ajv.jpg", "original_pic": "http://wx4.sinaimg.cn/large/5481424dgy1h96lntbq8nj21t00u0ajv.jpg", "geo": null, "is_paid": false, "mblog_vip_type": 0, "user": {"id": 1417757261, "idstr": "1417757261", "class": 1, "screen_name": "麻坛一小葱", "name": "麻坛一小葱", "province": "43", "city": "1000", "location": "湖南", "description": "", "url": "", "profile_image_url": "https://tvax4.sinaimg.cn/crop.0.0.1080.1080.50/5481424dly8h2390eoge9j20u00u0gp0.jpg?KID=imgbed,tva&Expires=1673966366&ssig=5WYKi5s5xX", "light_ring": false, "cover_image_phone": "https://ww4.sinaimg.cn/crop.0.0.640.640.640/68f96449tw1egwcezbwgqj20hs0hsdif.jpg", "profile_url": "u/1417757261", "domain": "", "weihao": "", "gender": "f", "followers_count": 438, "followers_count_str": "438", "friends_count": 1079, "pagefriends_count": 48, "statuses_count": 2358, "video_status_count": 10, "video_play_count": 0, "super_topic_not_syn_count": 11, "favourites_count": 5, "created_at": "Fri Jul 22 20:39:01 +0800 2011", "following": false, "allow_all_act_msg": false, "geo_enabled": true, "verified": false, "verified_type": 220, "remark": "", "insecurity": {"sexual_content": false}, "ptype": 0, "allow_all_comment": true, "avatar_large": "https://tvax4.sinaimg.cn/crop.0.0.1080.1080.180/5481424dly8h2390eoge9j20u00u0gp0.jpg?KID=imgbed,tva&Expires=1673966366&ssig=oMH4zpRIY3", "avatar_hd": "https://tvax4.sinaimg.cn/crop.0.0.1080.1080.1024/5481424dly8h2390eoge9j20u00u0gp0.jpg?KID=imgbed,tva&Expires=1673966366&ssig=EGzx55%2FfNQ", "verified_reason": "", "verified_trade": "", "verified_reason_url": "", "verified_source": "", "verified_source_url": "", "follow_me": false, "like": false, "like_me": false, "online_status": 0, "bi_followers_count": 110, "lang": "zh-cn", "star": 0, "mbtype": 2, "mbrank": 5, "svip": 0, "mb_expire_time": 1673452799, "block_word": 0, "block_app": 0, "chaohua_ability": 0, "brand_ability": 0, "nft_ability": 0, "vplus_ability": 0, "wenda_ability": 0, "live_ability": 0, "gongyi_ability": 0, "paycolumn_ability": 0, "newbrand_ability": 0, "ecommerce_ability": 0, "hardfan_ability": 0, "wbcolumn_ability": 0, "credit_score": 80, "user_ability": 2359296, "cardid": "star_1331", "avatargj_id": "gj_vip_417", "urank": 29, "story_read_state": -1, "vclub_member": 0, "is_teenager": 0, "is_guardian": 0, "is_teenager_list": 0, "pc_new": 0, "special_follow": false, "planet_video": 2, "video_mark": 2, "live_status": 0, "user_ability_extend": 0, "status_total_counter": {"total_cnt": 7226, "repost_cnt": 324, "comment_cnt": 824, "like_cnt": 2636, "comment_like_cnt": 3442}, "video_total_counter": {"play_cnt": 23099}, "brand_account": 0, "hongbaofei": 0, "tab_manage": "[0, 0]", "reward_status": 0, "green_mode": 0, "mb_like_privilege": {"like_id": "0054_151", "like_desc": ""}, "urisk": 0, "avatar_type": 0}, "annotations": [{"photo_sub_type": "0"}, {"ann_ext": "ann_ext:search|t:547|q:#小伙用武则天翻糖蛋糕拿下世界冠军#|creator_source:bottomsendweibo|super_exparams=>{\"system_pic_only\":0}"}, {"client_mblogid": "abdec8dd-60ec-42e2-b041-06172d101861"}, {"mapi_request": true}], "picStatus": "0:1", "reposts_count": 0, "comments_count": 0, "reprint_cmt_count": 0, "attitudes_count": 0, "pending_approval_count": 0, "isLongText": false, "reward_exhibition_type": 0, "hide_flag": 0, "mlevel": 0, "show_mlevel": 0, "biz_feature": 4294967300, "page_type": 64, "hasActionTypeCard": 0, "darwin_tags": [], "hot_weibo_tags": [], "text_tag_tips": [], "mblogtype": 0, "userType": 0, "more_info_type": 0, "number_display_strategy": {"apply_scenario_flag": 3, "display_text_min_number": 1000000, "display_text": "100万+"}, "positive_recom_flag": 0, "content_auth": 0, "gif_ids": "", "is_show_bulletin": 2, "comment_manage_info": {"comment_permission_type": -1, "approval_comment_type": 0, "comment_sort_type": 0, "ai_play_picture_type": 0}, "pic_num": 1, "can_reprint": false, "new_comment_style": 0}, "reply_comment": {"created_at": "Sat Dec 17 14:04:33 +0800 2022", "id": 4847665878146331, "rootid": 4847665878146331, "rootidstr": "4847665878146331", "floor_number": 143, "text": "原新闻视频里面提到鎏金香炉、青花卷轴瓶…说的不就是这个造型么，是2017年的评选[允悲]作者里面也说了当时就是想着刻画一个年轻时期的武则天形象而不是大家所默认的女帝形象所以有了这个作品。[笑而不语]", "disable_reply": 0, "is_mblog_author": true, "restrictOperate": 0, "comment_badge": [{"pic_url": "https://h5.sinaimg.cn/upload/1007/25/2019/05/17/feed_icon_poster_identity133low.png", "name": "blogger", "length": 1.33, "actionlog": {"act_code": "3671", "ext": "status:author"}, "scheme": "https://kefu.weibo.com/faqdetail?id=20848"}, {"pic_url": "https://h5.sinaimg.cn/upload/1007/25/2019/05/17/feed_icon_poster_identity133low.png", "name": "blogger", "length": 1.33, "actionlog": {"act_code": "3671", "ext": "status:author"}, "scheme": "https://kefu.weibo.com/faqdetail?id=20848"}, {"pic_url": "https://h5.sinaimg.cn/upload/1007/25/2019/05/17/feed_icon_poster_identity133low.png", "name": "blogger", "length": 1.33, "actionlog": {"act_code": "3671", "ext": "status:author"}, "scheme": "https://kefu.weibo.com/faqdetail?id=20848"}, {"pic_url": "https://h5.sinaimg.cn/upload/1007/25/2019/05/17/feed_icon_poster_identity133low.png", "name": "blogger", "length": 1.33, "actionlog": {"act_code": "3671", "ext": "status:author"}, "scheme": "https://kefu.weibo.com/faqdetail?id=20848"}, {"pic_url": "https://h5.sinaimg.cn/upload/1007/25/2019/05/17/feed_icon_poster_identity133low.png", "name": "blogger", "length": 1.33, "actionlog": {"act_code": "3671", "ext": "status:author"}, "scheme": "https://kefu.weibo.com/faqdetail?id=20848"}], "user": {"id": 1417757261, "idstr": "1417757261", "class": 1, "screen_name": "麻坛一小葱", "name": "麻坛一小葱", "province": "43", "city": "1000", "location": "湖南", "description": "", "url": "", "profile_image_url": "https://tvax4.sinaimg.cn/crop.0.0.1080.1080.50/5481424dly8h2390eoge9j20u00u0gp0.jpg?KID=imgbed,tva&Expires=1673966366&ssig=5WYKi5s5xX", "light_ring": false, "cover_image_phone": "https://ww4.sinaimg.cn/crop.0.0.640.640.640/68f96449tw1egwcezbwgqj20hs0hsdif.jpg", "profile_url": "u/1417757261", "domain": "", "weihao": "", "gender": "f", "followers_count": 438, "followers_count_str": "438", "friends_count": 1079, "pagefriends_count": 48, "statuses_count": 2358, "video_status_count": 10, "video_play_count": 0, "super_topic_not_syn_count": 11, "favourites_count": 5, "created_at": "Fri Jul 22 20:39:01 +0800 2011", "following": false, "allow_all_act_msg": false, "geo_enabled": true, "verified": false, "verified_type": 220, "remark": "", "insecurity": {"sexual_content": false}, "ptype": 0, "allow_all_comment": true, "avatar_large": "https://tvax4.sinaimg.cn/crop.0.0.1080.1080.180/5481424dly8h2390eoge9j20u00u0gp0.jpg?KID=imgbed,tva&Expires=1673966366&ssig=oMH4zpRIY3", "avatar_hd": "https://tvax4.sinaimg.cn/crop.0.0.1080.1080.1024/5481424dly8h2390eoge9j20u00u0gp0.jpg?KID=imgbed,tva&Expires=1673966366&ssig=EGzx55%2FfNQ", "verified_reason": "", "verified_trade": "", "verified_reason_url": "", "verified_source": "", "verified_source_url": "", "follow_me": false, "like": false, "like_me": false, "online_status": 0, "bi_followers_count": 110, "lang": "zh-cn", "star": 0, "mbtype": 2, "mbrank": 5, "svip": 0, "mb_expire_time": 1673452799, "block_word": 0, "block_app": 0, "chaohua_ability": 0, "brand_ability": 0, "nft_ability": 0, "vplus_ability": 0, "wenda_ability": 0, "live_ability": 0, "gongyi_ability": 0, "paycolumn_ability": 0, "newbrand_ability": 0, "ecommerce_ability": 0, "hardfan_ability": 0, "wbcolumn_ability": 0, "credit_score": 80, "user_ability": 2359296, "cardid": "star_1331", "avatargj_id": "gj_vip_417", "urank": 29, "story_read_state": -1, "vclub_member": 0, "is_teenager": 0, "is_guardian": 0, "is_teenager_list": 0, "pc_new": 0, "special_follow": false, "planet_video": 2, "video_mark": 2, "live_status": 0, "user_ability_extend": 0, "status_total_counter": {"total_cnt": 7226, "repost_cnt": 324, "comment_cnt": 824, "like_cnt": 2636, "comment_like_cnt": 3442}, "video_total_counter": {"play_cnt": 23099}, "brand_account": 0, "hongbaofei": 0, "tab_manage": "[0, 0]", "reward_status": 0, "green_mode": 0, "mb_like_privilege": {"like_id": "0054_151", "like_desc": ""}, "urisk": 0, "avatar_type": 0}, "mid": "4847665878146331", "idstr": "4847665878146331", "match_ai_play_picture": false}, "reply_original_text": "感觉很像王者游戏里的上官婉儿", "readtimetype": "comment", "match_ai_play_picture": false}