{"created_at": "Sat Dec 17 16:04:58 +0800 2022", "id": 4847696180945963, "rootid": 4847623574397454, "rootidstr": "4847623574397454", "floor_number": 0, "text": "回复 @cpandax:嘛我懂你意思，他是把传统形象和动漫感结合了，与时俱进风格创新也挺好，要是还在做完完完全全传统的模样，也不会像现在这样受主流文化和大部分年轻人喜欢", "disable_reply": 0, "restrictOperate": 0, "source_allowclick": 0, "source_type": 4, "source": "<a href=\"\" rel=\"nofollow\">来自宁夏</a>", "user": {"id": 5484819431, "idstr": "5484819431", "class": 1, "screen_name": "柑橘味sheep", "name": "柑橘味sheep", "province": "100", "city": "1000", "location": "其他", "description": "卷卷卷", "url": "", "profile_image_url": "https://tvax2.sinaimg.cn/crop.0.0.512.512.50/005ZbK5xly8gd5hmp81kjj30e80e8q73.jpg?KID=imgbed,tva&Expires=1673966366&ssig=U3msJvcwK%2F", "light_ring": false, "cover_image_phone": "https://ww3.sinaimg.cn/crop.0.0.640.640/6ce2240djw1e9uwsjwemzj20hs0hs41z.jpg", "profile_url": "u/5484819431", "domain": "", "weihao": "", "gender": "m", "followers_count": 92, "followers_count_str": "92", "friends_count": 443, "pagefriends_count": 16, "statuses_count": 1309, "video_status_count": 1, "video_play_count": 0, "super_topic_not_syn_count": 5, "favourites_count": 793, "created_at": "Sun Jan 18 08:13:10 +0800 2015", "following": false, "allow_all_act_msg": false, "geo_enabled": true, "verified": false, "verified_type": -1, "remark": "", "insecurity": {"sexual_content": false}, "ptype": 0, "allow_all_comment": true, "avatar_large": "https://tvax2.sinaimg.cn/crop.0.0.512.512.180/005ZbK5xly8gd5hmp81kjj30e80e8q73.jpg?KID=imgbed,tva&Expires=1673966366&ssig=PVxadY%2B7Kg", "avatar_hd": "https://tvax2.sinaimg.cn/crop.0.0.512.512.1024/005ZbK5xly8gd5hmp81kjj30e80e8q73.jpg?KID=imgbed,tva&Expires=1673966366&ssig=%2B%2BqHWPezOf", "verified_reason": "", "verified_trade": "", "verified_reason_url": "", "verified_source": "", "verified_source_url": "", "follow_me": false, "like": false, "like_me": false, "online_status": 0, "bi_followers_count": 17, "lang": "zh-cn", "star": 0, "mbtype": 0, "mbrank": 0, "svip": 0, "mb_expire_time": 0, "block_word": 0, "block_app": 0, "chaohua_ability": 0, "brand_ability": 0, "nft_ability": 0, "vplus_ability": 0, "wenda_ability": 0, "live_ability": 0, "gongyi_ability": 0, "paycolumn_ability": 0, "newbrand_ability": 0, "ecommerce_ability": 0, "hardfan_ability": 0, "wbcolumn_ability": 0, "credit_score": 80, "user_ability": 2360320, "urank": 14, "story_read_state": -1, "vclub_member": 0, "is_teenager": 0, "is_guardian": 0, "is_teenager_list": 0, "pc_new": 7, "special_follow": false, "planet_video": 2, "video_mark": 0, "live_status": 0, "user_ability_extend": 0, "status_total_counter": {"total_cnt": 1768, "repost_cnt": 241, "comment_cnt": 279, "like_cnt": 1073, "comment_like_cnt": 175}, "video_total_counter": {"play_cnt": 24}, "brand_account": 0, "hongbaofei": 0, "tab_manage": "[0, 0]", "reward_status": 0, "green_mode": 0, "urisk": 17179869184, "avatar_type": 0}, "mid": "4847696180945963", "idstr": "4847696180945963", "status": {"visible": {"type": 0, "list_id": 0}, "created_at": "Sat Dec 17 10:31:35 +0800 2022", "id": 4847612282537161, "idstr": "4847612282537161", "mid": "4847612282537161", "can_edit": false, "version": 2, "show_additional_indication": 0, "text": "#小伙用武则天翻糖蛋糕拿下世界冠军#进度条拖来拖去，终于找到图了，直接来看[doge] ​", "textLength": 78, "source_allowclick": 1, "source_type": 1, "source": "<a href=\"http://app.weibo.com/t/feed/21BkNL\" rel=\"nofollow\">OPPO Reno 10倍变焦版</a>", "favorited": false, "truncated": false, "in_reply_to_status_id": "", "in_reply_to_user_id": "", "in_reply_to_screen_name": "", "pic_urls": [{"thumbnail_pic": "http://wx4.sinaimg.cn/thumbnail/5481424dgy1h96lntbq8nj21t00u0ajv.jpg"}], "thumbnail_pic": "http://wx4.sinaimg.cn/thumbnail/5481424dgy1h96lntbq8nj21t00u0ajv.jpg", "bmiddle_pic": "http://wx4.sinaimg.cn/bmiddle/5481424dgy1h96lntbq8nj21t00u0ajv.jpg", "original_pic": "http://wx4.sinaimg.cn/large/5481424dgy1h96lntbq8nj21t00u0ajv.jpg", "geo": null, "is_paid": false, "mblog_vip_type": 0, "user": {"id": 1417757261, "idstr": "1417757261", "class": 1, "screen_name": "麻坛一小葱", "name": "麻坛一小葱", "province": "43", "city": "1000", "location": "湖南", "description": "", "url": "", "profile_image_url": "https://tvax4.sinaimg.cn/crop.0.0.1080.1080.50/5481424dly8h2390eoge9j20u00u0gp0.jpg?KID=imgbed,tva&Expires=1673966366&ssig=5WYKi5s5xX", "light_ring": false, "cover_image_phone": "https://ww4.sinaimg.cn/crop.0.0.640.640.640/68f96449tw1egwcezbwgqj20hs0hsdif.jpg", "profile_url": "u/1417757261", "domain": "", "weihao": "", "gender": "f", "followers_count": 438, "followers_count_str": "438", "friends_count": 1079, "pagefriends_count": 48, "statuses_count": 2358, "video_status_count": 10, "video_play_count": 0, "super_topic_not_syn_count": 11, "favourites_count": 5, "created_at": "Fri Jul 22 20:39:01 +0800 2011", "following": false, "allow_all_act_msg": false, "geo_enabled": true, "verified": false, "verified_type": 220, "remark": "", "insecurity": {"sexual_content": false}, "ptype": 0, "allow_all_comment": true, "avatar_large": "https://tvax4.sinaimg.cn/crop.0.0.1080.1080.180/5481424dly8h2390eoge9j20u00u0gp0.jpg?KID=imgbed,tva&Expires=1673966366&ssig=oMH4zpRIY3", "avatar_hd": "https://tvax4.sinaimg.cn/crop.0.0.1080.1080.1024/5481424dly8h2390eoge9j20u00u0gp0.jpg?KID=imgbed,tva&Expires=1673966366&ssig=EGzx55%2FfNQ", "verified_reason": "", "verified_trade": "", "verified_reason_url": "", "verified_source": "", "verified_source_url": "", "follow_me": false, "like": false, "like_me": false, "online_status": 0, "bi_followers_count": 110, "lang": "zh-cn", "star": 0, "mbtype": 2, "mbrank": 5, "svip": 0, "mb_expire_time": 1673452799, "block_word": 0, "block_app": 0, "chaohua_ability": 0, "brand_ability": 0, "nft_ability": 0, "vplus_ability": 0, "wenda_ability": 0, "live_ability": 0, "gongyi_ability": 0, "paycolumn_ability": 0, "newbrand_ability": 0, "ecommerce_ability": 0, "hardfan_ability": 0, "wbcolumn_ability": 0, "credit_score": 80, "user_ability": 2359296, "cardid": "star_1331", "avatargj_id": "gj_vip_417", "urank": 29, "story_read_state": -1, "vclub_member": 0, "is_teenager": 0, "is_guardian": 0, "is_teenager_list": 0, "pc_new": 0, "special_follow": false, "planet_video": 2, "video_mark": 2, "live_status": 0, "user_ability_extend": 0, "status_total_counter": {"total_cnt": 7226, "repost_cnt": 324, "comment_cnt": 824, "like_cnt": 2636, "comment_like_cnt": 3442}, "video_total_counter": {"play_cnt": 23099}, "brand_account": 0, "hongbaofei": 0, "tab_manage": "[0, 0]", "reward_status": 0, "green_mode": 0, "mb_like_privilege": {"like_id": "0054_151", "like_desc": ""}, "urisk": 0, "avatar_type": 0}, "annotations": [{"photo_sub_type": "0"}, {"ann_ext": "ann_ext:search|t:547|q:#小伙用武则天翻糖蛋糕拿下世界冠军#|creator_source:bottomsendweibo|super_exparams=>{\"system_pic_only\":0}"}, {"client_mblogid": "abdec8dd-60ec-42e2-b041-06172d101861"}, {"mapi_request": true}], "picStatus": "0:1", "reposts_count": 0, "comments_count": 0, "reprint_cmt_count": 0, "attitudes_count": 0, "pending_approval_count": 0, "isLongText": false, "reward_exhibition_type": 0, "hide_flag": 0, "mlevel": 0, "show_mlevel": 0, "biz_feature": 4294967300, "page_type": 64, "hasActionTypeCard": 0, "darwin_tags": [], "hot_weibo_tags": [], "text_tag_tips": [], "mblogtype": 0, "userType": 0, "more_info_type": 0, "number_display_strategy": {"apply_scenario_flag": 3, "display_text_min_number": 1000000, "display_text": "100万+"}, "positive_recom_flag": 0, "content_auth": 0, "gif_ids": "", "is_show_bulletin": 2, "comment_manage_info": {"comment_permission_type": -1, "approval_comment_type": 0, "comment_sort_type": 0, "ai_play_picture_type": 0}, "pic_num": 1, "can_reprint": false, "new_comment_style": 0}, "reply_comment": {"created_at": "Sat Dec 17 14:39:06 +0800 2022", "id": 4847674571890833, "rootid": 4847623574397454, "rootidstr": "4847623574397454", "floor_number": 0, "text": "回复@柑橘味sheep:我去b站看了一下，有改善，但整体还是那种，你玩过仙剑游戏吗，就里面那种劣质画风的脸模，造型造景是挺精美的。", "disable_reply": 0, "restrictOperate": 0, "user": {"id": 6488732324, "idstr": "6488732324", "class": 1, "screen_name": "cpandax", "name": "cpandax", "province": "100", "city": "1000", "location": "其他", "description": "", "url": "", "profile_image_url": "https://tvax1.sinaimg.cn/crop.0.0.1080.1080.50/007583GYly8h7swa9oybuj30u00u0aba.jpg?KID=imgbed,tva&Expires=1673966366&ssig=VZVfXh12jO", "light_ring": false, "cover_image_phone": "https://ww1.sinaimg.cn/crop.0.0.640.640.640/549d0121tw1egm1kjly3jj20hs0hsq4f.jpg", "profile_url": "u/6488732324", "domain": "", "weihao": "", "gender": "f", "followers_count": 2, "followers_count_str": "2", "friends_count": 26, "pagefriends_count": 4, "statuses_count": 26, "video_status_count": 0, "video_play_count": 0, "super_topic_not_syn_count": 2, "favourites_count": 0, "created_at": "Sat Feb 17 19:27:52 +0800 2018", "following": false, "allow_all_act_msg": false, "geo_enabled": true, "verified": false, "verified_type": -1, "remark": "", "insecurity": {"sexual_content": false}, "ptype": 0, "allow_all_comment": true, "avatar_large": "https://tvax1.sinaimg.cn/crop.0.0.1080.1080.180/007583GYly8h7swa9oybuj30u00u0aba.jpg?KID=imgbed,tva&Expires=1673966366&ssig=DpEB5OaAoD", "avatar_hd": "https://tvax1.sinaimg.cn/crop.0.0.1080.1080.1024/007583GYly8h7swa9oybuj30u00u0aba.jpg?KID=imgbed,tva&Expires=1673966366&ssig=apWTXdlrB9", "verified_reason": "", "verified_trade": "", "verified_reason_url": "", "verified_source": "", "verified_source_url": "", "follow_me": false, "like": false, "like_me": false, "online_status": 0, "bi_followers_count": 1, "lang": "zh-cn", "star": 0, "mbtype": 0, "mbrank": 0, "svip": 0, "mb_expire_time": 0, "block_word": 0, "block_app": 0, "chaohua_ability": 0, "brand_ability": 0, "nft_ability": 0, "vplus_ability": 0, "wenda_ability": 0, "live_ability": 0, "gongyi_ability": 0, "paycolumn_ability": 0, "newbrand_ability": 0, "ecommerce_ability": 0, "hardfan_ability": 0, "wbcolumn_ability": 0, "credit_score": 80, "user_ability": 2097152, "urank": 2, "story_read_state": -1, "vclub_member": 0, "is_teenager": 0, "is_guardian": 0, "is_teenager_list": 0, "pc_new": 0, "special_follow": false, "planet_video": 0, "video_mark": 0, "live_status": 0, "user_ability_extend": 0, "status_total_counter": {"total_cnt": 22, "repost_cnt": 1, "comment_cnt": 0, "like_cnt": 21, "comment_like_cnt": 0}, "video_total_counter": {"play_cnt": -1}, "brand_account": 0, "hongbaofei": 0, "tab_manage": "[0, 0]", "reward_status": 0, "green_mode": 0, "urisk": 17179869184, "avatar_type": 0}, "mid": "4847674571890833", "idstr": "4847674571890833", "match_ai_play_picture": false}, "reply_original_text": "嘛我懂你意思，他是把传统形象和动漫感结合了，与时俱进风格创新也挺好，要是还在做完完完全全传统的模样，也不会像现在这样受主流文化和大部分年轻人喜欢", "readtimetype": "comment", "match_ai_play_picture": false}