{"mid": "7340786255", "uid": "MlNixu09g", "name": "哈尔滨政法", "time": "2022-12-29 09:24:00", "local": "", "iphone": "微博视频号", "context": "#冰城政法微分享#【暖！#黑龙江女子深夜领到免费退烧药#】近日，黑龙江肇东，孟女士深夜领到政府免费发放的退烧药。孟女士介绍说，她很感动，想到了之前肇东发布的一则告市民书：“矛盾终将和解，余生终将如意！只要你要，只要我有，尽我所能。”孟女士说她满心欢喜，对她的家乡充满期待@极光新闻人民网的微博视频", "comment_num": "41", "like_num": "42", "user": {"focus": "683", "fans": "2.3万", "tweet": "23632"}}