{"created_at": "Mon Aug 22 12:19:36 +0800 2022", "id": 4805240086333978, "rootid": 4805240086333978, "rootidstr": "4805240086333978", "floor_number": 17, "text": "问题是我天天都在大渡口双山的，就没有发生山火，这种造谣后果很严重的", "disable_reply": 0, "restrictOperate": 0, "source_allowclick": 0, "source_type": 4, "source": "<a href=\"\" rel=\"nofollow\">来自重庆</a>", "user": {"id": 6307956218, "idstr": "6307956218", "class": 1, "screen_name": "LWF万芬", "name": "LWF万芬", "province": "50", "city": "1000", "location": "重庆", "description": "", "url": "", "profile_image_url": "https://tvax1.sinaimg.cn/crop.0.0.720.720.50/006STxzkly8h1rm5d4jcvj30k00k0q3y.jpg?KID=imgbed,tva&Expires=1669916367&ssig=5tqENAD5z0", "light_ring": false, "cover_image_phone": "http://ww1.sinaimg.cn/crop.0.0.640.640.640/549d0121tw1egm1kjly3jj20hs0hsq4f.jpg", "profile_url": "u/6307956218", "domain": "", "weihao": "", "gender": "f", "followers_count": 510, "followers_count_str": "510", "friends_count": 635, "pagefriends_count": 19, "statuses_count": 5927, "video_status_count": 0, "video_play_count": 0, "super_topic_not_syn_count": 0, "favourites_count": 0, "created_at": "Thu Jul 13 20:54:08 +0800 2017", "following": false, "allow_all_act_msg": false, "geo_enabled": true, "verified": false, "verified_type": -1, "remark": "", "insecurity": {"sexual_content": false}, "ptype": 0, "allow_all_comment": true, "avatar_large": "https://tvax1.sinaimg.cn/crop.0.0.720.720.180/006STxzkly8h1rm5d4jcvj30k00k0q3y.jpg?KID=imgbed,tva&Expires=1669916367&ssig=kbzk4727z9", "avatar_hd": "https://tvax1.sinaimg.cn/crop.0.0.720.720.1024/006STxzkly8h1rm5d4jcvj30k00k0q3y.jpg?KID=imgbed,tva&Expires=1669916367&ssig=MXGNBGo6om", "verified_reason": "", "verified_trade": "", "verified_reason_url": "", "verified_source": "", "verified_source_url": "", "follow_me": false, "like": false, "like_me": false, "online_status": 0, "bi_followers_count": 474, "lang": "zh-cn", "star": 0, "mbtype": 0, "mbrank": 0, "svip": 0, "mb_expire_time": 0, "block_word": 0, "block_app": 0, "chaohua_ability": 0, "brand_ability": 0, "nft_ability": 0, "vplus_ability": 0, "wenda_ability": 0, "live_ability": 0, "gongyi_ability": 0, "paycolumn_ability": 0, "newbrand_ability": 0, "ecommerce_ability": 0, "hardfan_ability": 0, "credit_score": 80, "user_ability": 2359296, "urank": 0, "story_read_state": -1, "vclub_member": 0, "is_teenager": 0, "is_guardian": 0, "is_teenager_list": 0, "pc_new": 0, "special_follow": false, "planet_video": 0, "video_mark": 0, "live_status": 0, "user_ability_extend": 0, "status_total_counter": {"total_cnt": 10416, "repost_cnt": 404, "comment_cnt": 5135, "like_cnt": 3871, "comment_like_cnt": 1006}, "video_total_counter": {"play_cnt": -1}, "brand_account": 0, "hongbaofei": 0, "tab_manage": "[0, 0]", "reward_status": 0, "green_mode": 0, "urisk": 0, "avatar_type": 0}, "mid": "4805240086333978", "idstr": "4805240086333978", "status": {"visible": {"type": 0, "list_id": 0}, "created_at": "Fri Aug 12 22:57:39 +0800 2022", "id": 4801776781361819, "idstr": "4801776781361819", "mid": "4801776781361819", "can_edit": false, "version": 2, "show_additional_indication": 0, "text": "大渡口双山公园起火了，火势很大！ http://t.cn/zRLxpUT http://t.cn/A6SLbNlm ​", "textLength": 73, "source_allowclick": 0, "source_type": 2, "source": "<a href=\"http://weibo.com/\" rel=\"nofollow\">iPhone客户端</a>", "favorited": false, "truncated": false, "in_reply_to_status_id": "", "in_reply_to_user_id": "", "in_reply_to_screen_name": "", "pic_urls": [], "geo": {"type": "Point", "coordinates": [29.47576, 106.470581]}, "is_paid": false, "mblog_vip_type": 0, "user": {"id": 2079067144, "idstr": "2079067144", "class": 1, "screen_name": "鹿苇", "name": "鹿苇", "province": "100", "city": "1000", "location": "其他", "description": "", "url": "", "profile_image_url": "https://tvax4.sinaimg.cn/crop.0.0.828.828.50/7bec0c08ly8gdbbnjqql1j20n00n00v7.jpg?KID=imgbed,tva&Expires=1669916367&ssig=xxTpV2Ev5j", "light_ring": false, "cover_image": "http://ww2.sinaimg.cn/crop.0.156.980.300/7bec0c08jw1dznck868z3j.jpg", "cover_image_phone": "http://ww4.sinaimg.cn/crop.0.0.640.640.640/6ce2240djw1e8iktk4ohij20hs0hsmz6.jpg", "profile_url": "gavenboy", "domain": "gavenboy", "weihao": "318068555", "gender": "m", "followers_count": 7008, "followers_count_str": "7008", "friends_count": 73, "pagefriends_count": 7, "statuses_count": 128, "video_status_count": 2, "video_play_count": 0, "super_topic_not_syn_count": 0, "favourites_count": 437, "created_at": "Mon May 23 13:15:07 +0800 2011", "following": false, "allow_all_act_msg": false, "geo_enabled": true, "verified": false, "verified_type": -1, "remark": "", "insecurity": {"sexual_content": false}, "ptype": 0, "allow_all_comment": true, "avatar_large": "https://tvax4.sinaimg.cn/crop.0.0.828.828.180/7bec0c08ly8gdbbnjqql1j20n00n00v7.jpg?KID=imgbed,tva&Expires=1669916367&ssig=Q3LBzaCmM7", "avatar_hd": "https://tvax4.sinaimg.cn/crop.0.0.828.828.1024/7bec0c08ly8gdbbnjqql1j20n00n00v7.jpg?KID=imgbed,tva&Expires=1669916367&ssig=LmGNWJ9UlY", "verified_reason": "", "verified_trade": "", "verified_reason_url": "", "verified_source": "", "verified_source_url": "", "follow_me": false, "like": false, "like_me": false, "online_status": 0, "bi_followers_count": 0, "lang": "zh-cn", "star": 0, "mbtype": 0, "mbrank": 0, "svip": 0, "mb_expire_time": 0, "block_word": 0, "block_app": 0, "chaohua_ability": 0, "brand_ability": 0, "nft_ability": 0, "vplus_ability": 0, "wenda_ability": 0, "live_ability": 0, "gongyi_ability": 0, "paycolumn_ability": 0, "newbrand_ability": 0, "ecommerce_ability": 0, "hardfan_ability": 0, "credit_score": 80, "user_ability": 2359296, "urank": 21, "story_read_state": -1, "vclub_member": 0, "is_teenager": 0, "is_guardian": 0, "is_teenager_list": 0, "pc_new": 7, "special_follow": false, "planet_video": 2, "video_mark": 0, "live_status": 0, "user_ability_extend": 0, "status_total_counter": {"total_cnt": 92, "repost_cnt": 5, "comment_cnt": 70, "like_cnt": 12, "comment_like_cnt": 5}, "video_total_counter": {"play_cnt": 18643}, "brand_account": 0, "hongbaofei": 0, "tab_manage": "[0, 0]", "reward_status": 0, "green_mode": 0, "urisk": 0, "avatar_type": 0}, "annotations": [{}, {}, {"spot_type": "0"}, {"place": {"poiid": "B2094655D065A2FA499B", "title": "双山晋愉公园", "type": "checkin", "spot_type": "0"}, "client_mblogid": "iPhone-7F96BDFC-AFD4-489E-B6A7-460A4A948E2B"}, {"mapi_request": true}], "reposts_count": 0, "comments_count": 0, "reprint_cmt_count": 0, "attitudes_count": 0, "pending_approval_count": 0, "isLongText": false, "reward_exhibition_type": 0, "hide_flag": 0, "mlevel": 128, "show_mlevel": 0, "biz_ids": [100101, 230444], "biz_feature": 4294967304, "hasActionTypeCard": 0, "darwin_tags": [], "hot_weibo_tags": [], "text_tag_tips": [], "mblogtype": 0, "userType": 0, "mlevelSource": "monitor", "more_info_type": 0, "number_display_strategy": {"apply_scenario_flag": 3, "display_text_min_number": 1000000, "display_text": "100万+"}, "positive_recom_flag": 0, "content_auth": 0, "gif_ids": "", "is_show_bulletin": 2, "comment_manage_info": {"comment_permission_type": -1, "approval_comment_type": 0, "comment_sort_type": 0, "ai_play_picture_type": 0}, "pic_num": 0, "fid": 4801776476749887, "can_reprint": false, "new_comment_style": 0}, "readtimetype": "comment", "sync_id": 4801776476749887, "sync_uuid": 4801776476749887, "sync_generate_level": 1, "match_ai_play_picture": false}