{"created_at": "Sat Jan 07 08:51:59 +0800 2023", "id": 4855197362293627, "rootid": 4855197362293627, "rootidstr": "4855197362293627", "floor_number": 4, "text": "最大的难题：如何证明自己感染了新冠。[doge]", "disable_reply": 0, "restrictOperate": 0, "source_allowclick": 0, "source_type": 4, "source": "<a href=\"\" rel=\"nofollow\">来自上海</a>", "user": {"id": 7700666148, "idstr": "7700666148", "class": 1, "screen_name": "hbcswgjjcwgkfsw", "name": "hbcswgjjcwgkfsw", "province": "32", "city": "1000", "location": "江苏", "description": "", "url": "", "profile_image_url": "https://tvax1.sinaimg.cn/crop.0.0.888.888.50/008p9d2Ily8gujmrf9ov8j60oo0oogmy02.jpg?KID=imgbed,tva&Expires=1673956781&ssig=y469RTgVU%2B", "light_ring": false, "cover_image_phone": "https://ww1.sinaimg.cn/crop.0.0.640.640.640/549d0121tw1egm1kjly3jj20hs0hsq4f.jpg", "profile_url": "u/7700666148", "domain": "", "weihao": "", "gender": "m", "followers_count": 0, "followers_count_str": "0", "friends_count": 72, "pagefriends_count": 1, "statuses_count": 1, "video_status_count": 0, "video_play_count": 0, "super_topic_not_syn_count": 0, "favourites_count": 0, "created_at": "Fri Sep 17 14:55:09 +0800 2021", "following": false, "allow_all_act_msg": false, "geo_enabled": true, "verified": false, "verified_type": -1, "remark": "", "insecurity": {"sexual_content": false}, "ptype": 0, "allow_all_comment": true, "avatar_large": "https://tvax1.sinaimg.cn/crop.0.0.888.888.180/008p9d2Ily8gujmrf9ov8j60oo0oogmy02.jpg?KID=imgbed,tva&Expires=1673956781&ssig=mbzWz4ErCa", "avatar_hd": "https://tvax1.sinaimg.cn/crop.0.0.888.888.1024/008p9d2Ily8gujmrf9ov8j60oo0oogmy02.jpg?KID=imgbed,tva&Expires=1673956781&ssig=I63JRoLzWL", "verified_reason": "", "verified_trade": "", "verified_reason_url": "", "verified_source": "", "verified_source_url": "", "follow_me": false, "like": false, "like_me": false, "online_status": 0, "bi_followers_count": 0, "lang": "zh-cn", "star": 0, "mbtype": 0, "mbrank": 0, "svip": 0, "mb_expire_time": 0, "block_word": 0, "block_app": 0, "chaohua_ability": 0, "brand_ability": 0, "nft_ability": 0, "vplus_ability": 0, "wenda_ability": 0, "live_ability": 0, "gongyi_ability": 0, "paycolumn_ability": 0, "newbrand_ability": 0, "ecommerce_ability": 0, "hardfan_ability": 0, "wbcolumn_ability": 0, "credit_score": 80, "user_ability": 2097152, "urank": 0, "story_read_state": -1, "vclub_member": 0, "is_teenager": 0, "is_guardian": 0, "is_teenager_list": 0, "pc_new": 0, "special_follow": false, "planet_video": 0, "video_mark": 0, "live_status": 0, "user_ability_extend": 0, "status_total_counter": {"total_cnt": 0, "repost_cnt": 0, "comment_cnt": 0, "like_cnt": 0, "comment_like_cnt": 0}, "video_total_counter": {"play_cnt": -1}, "brand_account": 0, "hongbaofei": 0, "tab_manage": "[0, 0]", "reward_status": 0, "green_mode": 0, "urisk": 549756338176, "avatar_type": 0}, "mid": "4855197362293627", "idstr": "4855197362293627", "status": {"visible": {"type": 0, "list_id": 0}, "created_at": "Sat Jan 07 08:43:43 +0800 2023", "id": 4855195282444435, "idstr": "4855195282444435", "mid": "4855195282444435", "can_edit": false, "show_additional_indication": 0, "text": "【四部门发文：优化#新冠治疗费用医疗保障#】#乙类乙管后感染新冠如何用医保#？今天，国家医保局、财政部、国家卫生健康委、国家疾控局发布通知，要求：①新冠感染患者在所有收治医疗机构发生的，符合卫生健康部门制定的新冠感染诊疗方案的住院医疗费用，执行前期费用保障政策，由基本医保、大病保险、 ​", "textLength": 715, "source_allowclick": 0, "source_type": 2, "source": "", "favorited": false, "truncated": false, "in_reply_to_status_id": "", "in_reply_to_user_id": "", "in_reply_to_screen_name": "", "pic_urls": [{"thumbnail_pic": "http://wx1.sinaimg.cn/thumbnail/0029D7FZly1h9usl4xn6ej60j60j6gmv02.jpg"}], "thumbnail_pic": "http://wx1.sinaimg.cn/thumbnail/0029D7FZly1h9usl4xn6ej60j60j6gmv02.jpg", "bmiddle_pic": "http://wx1.sinaimg.cn/bmiddle/0029D7FZly1h9usl4xn6ej60j60j6gmv02.jpg", "original_pic": "http://wx1.sinaimg.cn/large/0029D7FZly1h9usl4xn6ej60j60j6gmv02.jpg", "geo": null, "is_paid": false, "mblog_vip_type": 0, "user": {"id": 1974576991, "idstr": "1974576991", "class": 1, "screen_name": "环球时报", "name": "环球时报", "province": "11", "city": "1000", "location": "北京", "description": "报道多元世界    解读复杂中国", "url": "", "profile_image_url": "https://tvax2.sinaimg.cn/crop.0.0.600.600.50/0029D7FZly8h8vg4kqwr4j60go0got9i02.jpg?KID=imgbed,tva&Expires=1673956781&ssig=5ygaC9lUga", "light_ring": false, "cover_image": "https://ww2.sinaimg.cn/crop.0.0.920.300/75b1a75fjw1evameuqirwj20pk08cgn4.jpg", "cover_image_phone": "https://ww1.sinaimg.cn/crop.0.0.640.640.640/a1d3feabjw1ecat4uqw77j20hs0hsacp.jpg", "profile_url": "huanqiushibaoguanwei", "domain": "huanqiushibaoguanwei", "weihao": "", "gender": "m", "followers_count": 30999817, "followers_count_str": "3100万", "friends_count": 753, "pagefriends_count": 25, "statuses_count": 240425, "video_status_count": 1736, "video_play_count": 0, "super_topic_not_syn_count": 0, "favourites_count": 603, "created_at": "Thu Feb 17 22:15:37 +0800 2011", "following": false, "allow_all_act_msg": false, "geo_enabled": true, "verified": true, "verified_type": 3, "remark": "", "insecurity": {"sexual_content": false}, "ptype": 0, "allow_all_comment": true, "avatar_large": "https://tvax2.sinaimg.cn/crop.0.0.600.600.180/0029D7FZly8h8vg4kqwr4j60go0got9i02.jpg?KID=imgbed,tva&Expires=1673956781&ssig=0z5mDJn5Vc", "avatar_hd": "https://tvax2.sinaimg.cn/crop.0.0.600.600.1024/0029D7FZly8h8vg4kqwr4j60go0got9i02.jpg?KID=imgbed,tva&Expires=1673956781&ssig=9MXQTnCwcz", "verified_reason": "《环球时报》社有限公司官方微博", "verified_trade": "", "verified_reason_url": "", "verified_source": "", "verified_source_url": "", "verified_state": 0, "verified_level": 3, "verified_type_ext": 50, "has_service_tel": false, "verified_reason_modified": "", "verified_contact_name": "", "verified_contact_email": "", "verified_contact_mobile": "", "follow_me": false, "like": false, "like_me": false, "online_status": 0, "bi_followers_count": 506, "lang": "zh-cn", "star": 0, "mbtype": 12, "mbrank": 7, "svip": 0, "mb_expire_time": 1701014400, "block_word": 1, "block_app": 1, "chaohua_ability": 0, "brand_ability": 0, "nft_ability": 0, "vplus_ability": 0, "wenda_ability": 0, "live_ability": 1, "gongyi_ability": 0, "paycolumn_ability": 0, "newbrand_ability": 0, "ecommerce_ability": 0, "hardfan_ability": 1, "wbcolumn_ability": 0, "credit_score": 80, "user_ability": 10815244, "cardid": "star_1624", "urank": 48, "story_read_state": -1, "vclub_member": 0, "is_teenager": 0, "is_guardian": 0, "is_teenager_list": 1, "pc_new": 7, "special_follow": false, "planet_video": 2, "video_mark": 15, "live_status": 0, "user_ability_extend": 1, "status_total_counter": {"total_cnt": 450610574, "repost_cnt": 64432782, "comment_cnt": 65596529, "like_cnt": 160940445, "comment_like_cnt": 159640818}, "video_total_counter": {"play_cnt": 2299584753}, "brand_account": 0, "hongbaofei": 0, "tab_manage": "[0, 0]", "reward_status": 0, "green_mode": 0, "urisk": 0, "avatar_type": 0}, "annotations": [{"photo_sub_type": "0"}, {}, {"client_mblogid": "iPhone-7034ABFA-5C6B-4036-A686-0FCA21F6E813"}, {"mapi_request": true}], "reposts_count": 0, "comments_count": 0, "reprint_cmt_count": 0, "attitudes_count": 0, "pending_approval_count": 0, "isLongText": true, "reward_exhibition_type": 0, "hide_flag": 0, "mlevel": 0, "show_mlevel": 0, "biz_ids": [0], "biz_feature": 4294967300, "page_type": 64, "hasActionTypeCard": 0, "darwin_tags": [], "hot_weibo_tags": [], "text_tag_tips": [], "mblogtype": 0, "userType": 0, "more_info_type": 0, "cardid": "star_1624", "positive_recom_flag": 0, "content_auth": 0, "gif_ids": "", "is_show_bulletin": 2, "comment_manage_info": {"comment_permission_type": -1, "approval_comment_type": 0, "comment_sort_type": 0, "ai_play_picture_type": 0}, "pic_num": 1, "can_reprint": false, "new_comment_style": 0}, "readtimetype": "comment", "comment_dynamic_message": {"id": "0", "start_color": "#00FFFFFF", "end_color": "#1AFFFFFF", "start_color_dark": "#003A3A3A", "end_color_dark": "#333A3A3A", "name": {"zh_CN": "默认", "zh_HK": "默認", "en_US": "default"}, "scheme": "https://new.vip.weibo.cn/bubble/mall?showmenu=0&decorateId=0&uid=7700666148", "allow_vip_box_content": "用此评论气泡", "allow_vip_box_icon": "https://h5.sinaimg.cn/upload/100/1720/2022/08/08/icon_VIP_for_comment_bubble.png"}, "match_ai_play_picture": false}