{"created_at": "Sun Oct 09 19:15:17 +0800 2022", "id": 4822739313499098, "rootid": 4822693595316377, "rootidstr": "4822693595316377", "floor_number": 0, "text": "回复@松在-一路漫走:谁叫殖人自个儿躺尿槽里的呢[笑而不语]", "disable_reply": 0, "restrictOperate": 0, "source_allowclick": 0, "source_type": 4, "source": "<a href=\"\" rel=\"nofollow\">来自湖北</a>", "comment_badge": [{"pic_url": "https://h5.sinaimg.cn/upload/114/962/2022/07/08/member_0_bigfan1_3.png", "name": "loyal_fans", "length": 1.33, "actionlog": {"act_code": "3671", "ext": "status:fans"}, "scheme": "https://kefu.weibo.com/faqdetail?id=20848", "new_icon": true}], "user": {"id": 1366360035, "idstr": "1366360035", "class": 1, "screen_name": "一囧还比一囧囧", "name": "一囧还比一囧囧", "province": "51", "city": "1000", "location": "四川", "description": "俄罗斯加油，好好揍西边那个法西斯国家", "url": "", "profile_image_url": "https://tvax4.sinaimg.cn/crop.0.0.1080.1080.50/5170ffe3ly8gengc3xvq0j20u00u0go5.jpg?KID=imgbed,tva&Expires=1674071217&ssig=AuZM2dnS%2BN", "light_ring": false, "profile_url": "u/1366360035", "domain": "", "weihao": "", "gender": "m", "followers_count": 53, "followers_count_str": "53", "friends_count": 102, "pagefriends_count": 3, "statuses_count": 411, "video_status_count": 0, "video_play_count": 0, "super_topic_not_syn_count": 0, "favourites_count": 160, "created_at": "Mon May 16 20:44:14 +0800 2011", "following": false, "allow_all_act_msg": false, "geo_enabled": true, "verified": false, "verified_type": -1, "remark": "", "insecurity": {"sexual_content": false}, "ptype": 0, "allow_all_comment": false, "avatar_large": "https://tvax4.sinaimg.cn/crop.0.0.1080.1080.180/5170ffe3ly8gengc3xvq0j20u00u0go5.jpg?KID=imgbed,tva&Expires=1674071217&ssig=ltTZ7Czrau", "avatar_hd": "https://tvax4.sinaimg.cn/crop.0.0.1080.1080.1024/5170ffe3ly8gengc3xvq0j20u00u0go5.jpg?KID=imgbed,tva&Expires=1674071217&ssig=kTqmtrtDdQ", "verified_reason": "", "verified_trade": "", "verified_reason_url": "", "verified_source": "", "verified_source_url": "", "follow_me": false, "like": false, "like_me": false, "online_status": 0, "bi_followers_count": 8, "lang": "zh-cn", "star": 0, "mbtype": 2, "mbrank": 3, "svip": 0, "mb_expire_time": 1610726399, "block_word": 0, "block_app": 0, "chaohua_ability": 0, "brand_ability": 0, "nft_ability": 0, "vplus_ability": 0, "wenda_ability": 0, "live_ability": 0, "gongyi_ability": 0, "paycolumn_ability": 0, "newbrand_ability": 0, "ecommerce_ability": 0, "hardfan_ability": 0, "wbcolumn_ability": 0, "credit_score": 80, "user_ability": 35651584, "urank": 14, "story_read_state": -1, "vclub_member": 0, "is_teenager": 0, "is_guardian": 0, "is_teenager_list": 0, "pc_new": 7, "special_follow": false, "planet_video": 0, "video_mark": 0, "live_status": 0, "user_ability_extend": 0, "status_total_counter": {"total_cnt": 40, "repost_cnt": 7, "comment_cnt": 21, "like_cnt": 12, "comment_like_cnt": 0}, "video_total_counter": {"play_cnt": -1}, "brand_account": 0, "hongbaofei": 0, "tab_manage": "[0, 0]", "reward_status": 0, "green_mode": 0, "urisk": 549755813888, "unfollowing_recom_switch": 1, "avatar_type": 0}, "mid": "4822739313499098", "idstr": "4822739313499098", "status": {"visible": {"type": 0, "list_id": 0}, "created_at": "Sun Oct 09 15:44:18 +0800 2022", "id": 4822686218063956, "idstr": "4822686218063956", "mid": "4822686218063956", "can_edit": false, "version": 6, "show_additional_indication": 0, "text": "英国人在酒吧庆祝刻赤大桥被炸。\n\n#俄称乌军炮击俄本土4村镇##新奇生活研究所##新奇影像放送# http://t.cn/A6oqAzJR ​", "textLength": 108, "source_allowclick": 0, "source_type": 2, "source": "<a href=\"http://weibo.com/\" rel=\"nofollow\">限量版的iPhone 13 Pro Max</a>", "favorited": false, "truncated": false, "in_reply_to_status_id": "", "in_reply_to_user_id": "", "in_reply_to_screen_name": "", "pic_urls": [], "geo": null, "is_paid": false, "mblog_vip_type": 0, "user": {"id": 2343014623, "idstr": "2343014623", "class": 1, "screen_name": "衝鋒号角", "name": "衝鋒号角", "province": "400", "city": "1000", "location": "海外", "description": "下了决心要做的事，要保持不动声色却满心澎湃。", "url": "", "profile_image_url": "https://tvax1.sinaimg.cn/crop.0.0.1080.1080.50/8ba790dfly8h8uejyfvo6j20u00u040x.jpg?KID=imgbed,tva&Expires=1674071217&ssig=mdKDGOr0n6", "light_ring": false, "cover_image_phone": "https://wx2.sinaimg.cn/crop.0.0.640.640.640/8ba790dfgy1gjflyjmiw9j20v90v9jwu.jpg;https://wx3.sinaimg.cn/crop.0.0.640.640.640/8ba790dfly1gnv3dp2h6fj20v90v941e.jpg;https://wx3.sinaimg.cn/crop.0.0.640.640.640/8ba790dfly1gmno6s7z5wj20v90v9wk0.jpg;https://wx2.sinaimg.cn/crop.0.0.640.640.640/8ba790dfly1gmno71k29vj20v90v9qa9.jpg;https://wx3.sinaimg.cn/crop.0.0.640.640.640/8ba790dfly1gmno79kcgjj20v90v9q7t.jpg;https://wx1.sinaimg.cn/crop.0.0.640.640.640/8ba790dfly1gmno8019r6j20v90v90ux.jpg;https://wx4.sinaimg.cn/crop.0.0.640.640.640/8ba790dfly1gmno8e1ma2j20v90v9gpc.jpg", "profile_url": "u/2343014623", "domain": "", "weihao": "", "gender": "f", "followers_count": 1262063, "followers_count_str": "126.2万", "friends_count": 7, "pagefriends_count": 0, "statuses_count": 70173, "video_status_count": 41583, "video_play_count": 0, "super_topic_not_syn_count": 0, "favourites_count": 18, "created_at": "Mon Sep 05 01:28:17 +0800 2011", "following": false, "allow_all_act_msg": false, "geo_enabled": false, "verified": true, "verified_type": 0, "remark": "", "insecurity": {"sexual_content": false}, "ptype": 0, "allow_all_comment": false, "avatar_large": "https://tvax1.sinaimg.cn/crop.0.0.1080.1080.180/8ba790dfly8h8uejyfvo6j20u00u040x.jpg?KID=imgbed,tva&Expires=1674071217&ssig=0JRUHu26w4", "avatar_hd": "https://tvax1.sinaimg.cn/crop.0.0.1080.1080.1024/8ba790dfly8h8uejyfvo6j20u00u040x.jpg?KID=imgbed,tva&Expires=1674071217&ssig=BP0Iz7NqOV", "verified_reason": "军事博主 视频博主 问答答主 头条文章作者", "verified_trade": "", "verified_reason_url": "", "verified_source": "", "verified_source_url": "", "verified_state": 0, "verified_level": 3, "verified_type_ext": 1, "has_service_tel": false, "verified_reason_modified": "", "verified_contact_name": "", "verified_contact_email": "", "verified_contact_mobile": "", "follow_me": false, "like": false, "like_me": false, "online_status": 0, "bi_followers_count": 14, "lang": "zh-cn", "star": 0, "mbtype": 12, "mbrank": 8, "svip": 1, "mb_expire_time": 1763395200, "block_word": 0, "block_app": 1, "chaohua_ability": 0, "brand_ability": 0, "nft_ability": 0, "vplus_ability": 1, "wenda_ability": 0, "live_ability": 0, "gongyi_ability": 0, "paycolumn_ability": 1, "newbrand_ability": 0, "ecommerce_ability": 0, "hardfan_ability": 1, "wbcolumn_ability": 0, "credit_score": 80, "user_ability": -2135553496, "cardid": "star_1265", "avatargj_id": "gj_vip_660", "urank": 22, "story_read_state": -1, "verified_detail": {"custom": 1, "data": [{"key": 4, "sub_key": 8, "weight": 999, "desc": "问答答主"}, {"key": 4, "sub_key": 9, "weight": 999, "desc": "头条文章作者"}, {"key": 16, "sub_key": 7, "weight": 11, "desc": "视频博主"}, {"key": 2, "sub_key": 0, "weight": 10, "desc": "军事博主"}]}, "vclub_member": 0, "is_teenager": 0, "is_guardian": 0, "is_teenager_list": 0, "pc_new": 7, "special_follow": false, "planet_video": 2, "video_mark": 15, "live_status": 0, "user_ability_extend": 0, "video_cover": {"mid": 4780054921872907}, "status_total_counter": {"total_cnt": 16170159, "repost_cnt": 903328, "comment_cnt": 1995787, "like_cnt": 6166753, "comment_like_cnt": 7104291}, "video_total_counter": {"play_cnt": 1550394096}, "brand_account": 0, "hongbaofei": 0, "tab_manage": "[0, 0]", "reward_status": 0, "green_mode": 0, "urisk": 593242357760, "unfollowing_recom_switch": 1, "avatar_type": 0}, "annotations": [{}, {"ann_ext": "ann_ext:search|t:31|creator_source:bottomsendweibo"}, {"client_mblogid": "iPhone-1D1C026E-3163-4731-B832-7DD39F3A4121"}, {"mapi_request": true}], "reposts_count": 0, "comments_count": 0, "reprint_cmt_count": 0, "attitudes_count": 0, "pending_approval_count": 0, "isLongText": false, "reward_exhibition_type": 0, "hide_flag": 0, "mlevel": 128, "show_mlevel": 0, "biz_ids": [230444], "biz_feature": 4294967304, "page_type": 64, "hasActionTypeCard": 0, "darwin_tags": [], "hot_weibo_tags": [], "text_tag_tips": [], "mblogtype": 0, "userType": 0, "mlevelSource": "monitor", "more_info_type": 0, "cardid": "star_1545", "number_display_strategy": {"apply_scenario_flag": 3, "display_text_min_number": 1000000, "display_text": "100万+"}, "positive_recom_flag": 0, "content_auth": 0, "gif_ids": "", "is_show_bulletin": 2, "comment_manage_info": {"comment_permission_type": -1, "approval_comment_type": 0, "comment_sort_type": 0, "ai_play_picture_type": 0}, "pic_num": 0, "fid": 4822686126833829, "can_reprint": false, "new_comment_style": 0}, "reply_comment": {"created_at": "Sun Oct 09 19:13:56 +0800 2022", "id": 4822738978209997, "rootid": 4822693595316377, "rootidstr": "4822693595316377", "floor_number": 0, "text": "回复@一囧还比一囧囧:你猜为何卫生间现在都是单个的？居然拿排泄来说事儿。。。可见你着实比较愤！[赞][赞][赞]别回复了，浪费国家的电！", "disable_reply": 0, "restrictOperate": 0, "user": {"id": 1939100261, "idstr": "1939100261", "class": 1, "screen_name": "松在-一路漫走", "name": "松在-一路漫走", "province": "42", "city": "1", "location": "湖北 武汉", "description": "这是一条没有尽头的路…所以一路慢漫走，慢漫走……", "url": "", "profile_image_url": "https://tva3.sinaimg.cn/crop.0.26.485.485.50/73945265gw1ebth02suimj20m80eqgsz.jpg?KID=imgbed,tva&Expires=1674071217&ssig=WURvQ4EdVT", "light_ring": false, "cover_image_phone": "https://ww1.sinaimg.cn/crop.0.0.640.640.640/9d44112bjw1f1xl1c10tuj20hs0hs0tw.jpg", "profile_url": "u/1939100261", "domain": "", "weihao": "", "gender": "m", "followers_count": 307, "followers_count_str": "307", "friends_count": 154, "pagefriends_count": 5, "statuses_count": 523, "video_status_count": 15, "video_play_count": 0, "super_topic_not_syn_count": 0, "favourites_count": 8, "created_at": "Fri Jan 28 18:56:52 +0800 2011", "following": false, "allow_all_act_msg": false, "geo_enabled": true, "verified": false, "verified_type": -1, "remark": "", "insecurity": {"sexual_content": false}, "ptype": 0, "allow_all_comment": false, "avatar_large": "https://tva3.sinaimg.cn/crop.0.26.485.485.180/73945265gw1ebth02suimj20m80eqgsz.jpg?KID=imgbed,tva&Expires=1674071217&ssig=B%2BEYqxfwa8", "avatar_hd": "https://tva3.sinaimg.cn/crop.0.26.485.485.1024/73945265gw1ebth02suimj20m80eqgsz.jpg?KID=imgbed,tva&Expires=1674071217&ssig=Jl3VhE3i5%2B", "verified_reason": "", "verified_trade": "", "verified_reason_url": "", "verified_source": "", "verified_source_url": "", "follow_me": false, "like": false, "like_me": false, "online_status": 0, "bi_followers_count": 33, "lang": "zh-cn", "star": 0, "mbtype": 0, "mbrank": 0, "svip": 0, "mb_expire_time": 0, "block_word": 0, "block_app": 0, "chaohua_ability": 0, "brand_ability": 0, "nft_ability": 0, "vplus_ability": 0, "wenda_ability": 0, "live_ability": 0, "gongyi_ability": 0, "paycolumn_ability": 0, "newbrand_ability": 0, "ecommerce_ability": 0, "hardfan_ability": 0, "wbcolumn_ability": 0, "credit_score": 80, "user_ability": 36962304, "cardid": "star_003", "urank": 28, "story_read_state": -1, "vclub_member": 0, "is_teenager": 0, "is_guardian": 0, "is_teenager_list": 0, "pc_new": 7, "special_follow": false, "planet_video": 2, "video_mark": 2, "live_status": 0, "user_ability_extend": 0, "status_total_counter": {"total_cnt": 1010, "repost_cnt": 21, "comment_cnt": 857, "like_cnt": 131, "comment_like_cnt": 1}, "video_total_counter": {"play_cnt": 4267}, "brand_account": 0, "hongbaofei": 0, "tab_manage": "[0, 0]", "reward_status": 0, "green_mode": 0, "urisk": 0, "unfollowing_recom_switch": 1, "avatar_type": 0}, "mid": "4822738978209997", "idstr": "4822738978209997", "match_ai_play_picture": false}, "reply_original_text": "谁叫殖人自个儿躺尿槽里的呢[笑而不语]", "readtimetype": "comment", "match_ai_play_picture": false}