{"created_at": "Sun Nov 13 09:52:19 +0800 2022", "id": 4835281214375426, "rootid": 4835148383652014, "rootidstr": "4835148383652014", "floor_number": 0, "text": "回复@緊張無厘頭網友:对吖，担心佢复阳", "disable_reply": 0, "is_mblog_author": true, "restrictOperate": 0, "source_allowclick": 0, "source_type": 4, "source": "<a href=\"\" rel=\"nofollow\">来自广东</a>", "comment_badge": [{"pic_url": "https://h5.sinaimg.cn/upload/1007/25/2019/05/17/feed_icon_poster_identity133low.png", "name": "blogger", "length": 1.33, "actionlog": {"act_code": "3671", "ext": "status:author"}, "scheme": "https://kefu.weibo.com/faqdetail?id=20848"}], "user": {"id": 6504124169, "idstr": "6504124169", "class": 1, "screen_name": "风中漫步雨下观景", "name": "风中漫步雨下观景", "province": "44", "city": "1000", "location": "广东", "description": "仰不愧天，俯不愧人，内不愧心。", "url": "", "profile_image_url": "https://tvax4.sinaimg.cn/crop.0.0.996.996.50/0076aDOxly8gnob01o612j30ro0ro794.jpg?KID=imgbed,tva&Expires=1669663061&ssig=vvxeXrUxmT", "light_ring": false, "cover_image_phone": "http://ww1.sinaimg.cn/crop.0.0.640.640.640/549d0121tw1egm1kjly3jj20hs0hsq4f.jpg", "profile_url": "u/6504124169", "domain": "", "weihao": "", "gender": "f", "followers_count": 216, "followers_count_str": "216", "friends_count": 268, "pagefriends_count": 14, "statuses_count": 1838, "video_status_count": 1, "video_play_count": 0, "super_topic_not_syn_count": 0, "favourites_count": 56, "created_at": "Fri Mar 09 23:06:22 +0800 2018", "following": false, "allow_all_act_msg": false, "geo_enabled": true, "verified": false, "verified_type": -1, "remark": "", "insecurity": {"sexual_content": false}, "ptype": 0, "allow_all_comment": true, "avatar_large": "https://tvax4.sinaimg.cn/crop.0.0.996.996.180/0076aDOxly8gnob01o612j30ro0ro794.jpg?KID=imgbed,tva&Expires=1669663061&ssig=68lkBsR4oZ", "avatar_hd": "https://tvax4.sinaimg.cn/crop.0.0.996.996.1024/0076aDOxly8gnob01o612j30ro0ro794.jpg?KID=imgbed,tva&Expires=1669663061&ssig=%2FOQMZFfkk0", "verified_reason": "", "verified_trade": "", "verified_reason_url": "", "verified_source": "", "verified_source_url": "", "follow_me": false, "like": false, "like_me": false, "online_status": 0, "bi_followers_count": 27, "lang": "zh-cn", "star": 0, "mbtype": 0, "mbrank": 0, "svip": 0, "mb_expire_time": 0, "block_word": 0, "block_app": 0, "chaohua_ability": 0, "brand_ability": 0, "nft_ability": 0, "vplus_ability": 0, "wenda_ability": 0, "live_ability": 0, "gongyi_ability": 0, "paycolumn_ability": 0, "newbrand_ability": 0, "ecommerce_ability": 0, "hardfan_ability": 0, "credit_score": 80, "user_ability": 10747904, "urank": 4, "story_read_state": -1, "vclub_member": 0, "is_teenager": 0, "is_guardian": 0, "is_teenager_list": 0, "pc_new": 7, "special_follow": false, "planet_video": 1, "video_mark": 2, "live_status": 0, "user_ability_extend": 0, "status_total_counter": {"total_cnt": 22697, "repost_cnt": 4795, "comment_cnt": 825, "like_cnt": 2865, "comment_like_cnt": 14212}, "video_total_counter": {"play_cnt": 30}, "brand_account": 0, "hongbaofei": 0, "tab_manage": "[0, 0]", "reward_status": 0, "green_mode": 0, "urisk": 17179869184, "avatar_type": 0}, "mid": "4835281214375426", "idstr": "4835281214375426", "status": {"visible": {"type": 0, "list_id": 0}, "created_at": "Sun Nov 13 00:06:35 +0800 2022", "id": 4835133813425053, "idstr": "4835133813425053", "mid": "4835133813425053", "can_edit": false, "version": 2, "show_additional_indication": 0, "text": "#广州海珠已无社会面新增#今夜注定又是一个无眠夜。明天海珠征用了50间中小学校舍用于安置被“解除隔离”的次密接，虽然传说这批人都是七天阴性，但50间学校都坐落居民区之中。附近居民仍无法泰然处之，担心恐惧溢于言表。 ​", "textLength": 206, "source_allowclick": 0, "source_type": 2, "source": "<a href=\"http://weibo.com/\" rel=\"nofollow\">iPhone客户端</a>", "favorited": false, "truncated": false, "in_reply_to_status_id": "", "in_reply_to_user_id": "", "in_reply_to_screen_name": "", "pic_urls": [], "geo": null, "is_paid": false, "mblog_vip_type": 0, "user": {"id": 6504124169, "idstr": "6504124169", "class": 1, "screen_name": "风中漫步雨下观景", "name": "风中漫步雨下观景", "province": "44", "city": "1000", "location": "广东", "description": "仰不愧天，俯不愧人，内不愧心。", "url": "", "profile_image_url": "https://tvax4.sinaimg.cn/crop.0.0.996.996.50/0076aDOxly8gnob01o612j30ro0ro794.jpg?KID=imgbed,tva&Expires=1669663061&ssig=vvxeXrUxmT", "light_ring": false, "cover_image_phone": "http://ww1.sinaimg.cn/crop.0.0.640.640.640/549d0121tw1egm1kjly3jj20hs0hsq4f.jpg", "profile_url": "u/6504124169", "domain": "", "weihao": "", "gender": "f", "followers_count": 216, "followers_count_str": "216", "friends_count": 268, "pagefriends_count": 14, "statuses_count": 1838, "video_status_count": 1, "video_play_count": 0, "super_topic_not_syn_count": 0, "favourites_count": 56, "created_at": "Fri Mar 09 23:06:22 +0800 2018", "following": false, "allow_all_act_msg": false, "geo_enabled": true, "verified": false, "verified_type": -1, "remark": "", "insecurity": {"sexual_content": false}, "ptype": 0, "allow_all_comment": true, "avatar_large": "https://tvax4.sinaimg.cn/crop.0.0.996.996.180/0076aDOxly8gnob01o612j30ro0ro794.jpg?KID=imgbed,tva&Expires=1669663061&ssig=68lkBsR4oZ", "avatar_hd": "https://tvax4.sinaimg.cn/crop.0.0.996.996.1024/0076aDOxly8gnob01o612j30ro0ro794.jpg?KID=imgbed,tva&Expires=1669663061&ssig=%2FOQMZFfkk0", "verified_reason": "", "verified_trade": "", "verified_reason_url": "", "verified_source": "", "verified_source_url": "", "follow_me": false, "like": false, "like_me": false, "online_status": 0, "bi_followers_count": 27, "lang": "zh-cn", "star": 0, "mbtype": 0, "mbrank": 0, "svip": 0, "mb_expire_time": 0, "block_word": 0, "block_app": 0, "chaohua_ability": 0, "brand_ability": 0, "nft_ability": 0, "vplus_ability": 0, "wenda_ability": 0, "live_ability": 0, "gongyi_ability": 0, "paycolumn_ability": 0, "newbrand_ability": 0, "ecommerce_ability": 0, "hardfan_ability": 0, "credit_score": 80, "user_ability": 10747904, "urank": 4, "story_read_state": -1, "vclub_member": 0, "is_teenager": 0, "is_guardian": 0, "is_teenager_list": 0, "pc_new": 7, "special_follow": false, "planet_video": 1, "video_mark": 2, "live_status": 0, "user_ability_extend": 0, "status_total_counter": {"total_cnt": 22697, "repost_cnt": 4795, "comment_cnt": 825, "like_cnt": 2865, "comment_like_cnt": 14212}, "video_total_counter": {"play_cnt": 30}, "brand_account": 0, "hongbaofei": 0, "tab_manage": "[0, 0]", "reward_status": 0, "green_mode": 0, "urisk": 17179869184, "avatar_type": 0}, "annotations": [{"ann_ext": "ann_ext:search|t:143|q:广州海珠已无社会面新增|creator_source:bottomsendweibo"}, {"shooting": 1, "client_mblogid": "iPhone-03E45A7C-CF08-411A-9931-252B57FB2959"}, {"mapi_request": true}], "reposts_count": 0, "comments_count": 0, "reprint_cmt_count": 0, "attitudes_count": 0, "pending_approval_count": 0, "isLongText": false, "reward_exhibition_type": 0, "hide_flag": 0, "mlevel": 128, "show_mlevel": 0, "biz_feature": 0, "page_type": 64, "hasActionTypeCard": 0, "darwin_tags": [], "hot_weibo_tags": [], "text_tag_tips": [], "mblogtype": 0, "userType": 0, "mlevelSource": "monitor", "more_info_type": 0, "number_display_strategy": {"apply_scenario_flag": 3, "display_text_min_number": 1000000, "display_text": "100万+"}, "positive_recom_flag": 0, "content_auth": 0, "gif_ids": "", "is_show_bulletin": 2, "comment_manage_info": {"comment_permission_type": -1, "approval_comment_type": 0, "comment_sort_type": 0, "ai_play_picture_type": 0}, "pic_num": 0, "can_reprint": false, "new_comment_style": 0}, "reply_comment": {"created_at": "Sun Nov 13 08:22:25 +0800 2022", "id": 4835258590037877, "rootid": 4835148383652014, "rootidstr": "4835148383652014", "floor_number": 0, "text": "回复@慢劍伤人:我看因为很多都是从现在是高风险的城中村拉出来的，现在回去就是危险", "disable_reply": 0, "restrictOperate": 0, "user": {"id": 1736357892, "idstr": "1736357892", "class": 1, "screen_name": "緊張無厘頭網友", "name": "緊張無厘頭網友", "province": "44", "city": "1", "location": "广东 广州", "description": "", "url": "", "profile_image_url": "https://tvax4.sinaimg.cn/crop.0.0.844.844.50/677eb804ly8h7398zz8a6j20ng0ngdh2.jpg?KID=imgbed,tva&Expires=1669663061&ssig=BWsTgDxYgt", "light_ring": false, "cover_image_phone": "http://ww2.sinaimg.cn/crop.0.0.640.640/68f96449jw1ergqx79rw4j20hs0hswh0.jpg", "profile_url": "luengjiaoz", "domain": "luengjiaoz", "weihao": "", "gender": "f", "followers_count": 934, "followers_count_str": "934", "friends_count": 1032, "pagefriends_count": 1, "statuses_count": 11653, "video_status_count": 21, "video_play_count": 0, "super_topic_not_syn_count": 0, "favourites_count": 5868, "created_at": "Fri Apr 30 19:03:26 +0800 2010", "following": false, "allow_all_act_msg": false, "geo_enabled": true, "verified": false, "verified_type": 220, "remark": "", "insecurity": {"sexual_content": false}, "ptype": 0, "allow_all_comment": true, "avatar_large": "https://tvax4.sinaimg.cn/crop.0.0.844.844.180/677eb804ly8h7398zz8a6j20ng0ngdh2.jpg?KID=imgbed,tva&Expires=1669663061&ssig=JCtH%2Fphjsz", "avatar_hd": "https://tvax4.sinaimg.cn/crop.0.0.844.844.1024/677eb804ly8h7398zz8a6j20ng0ngdh2.jpg?KID=imgbed,tva&Expires=1669663061&ssig=%2BBrjRssuzD", "verified_reason": "", "verified_trade": "", "verified_reason_url": "", "verified_source": "", "verified_source_url": "", "follow_me": false, "like": false, "like_me": false, "online_status": 0, "bi_followers_count": 139, "lang": "zh-cn", "star": 0, "mbtype": 0, "mbrank": 0, "svip": 0, "mb_expire_time": 0, "block_word": 0, "block_app": 0, "chaohua_ability": 0, "brand_ability": 0, "nft_ability": 0, "vplus_ability": 0, "wenda_ability": 0, "live_ability": 0, "gongyi_ability": 0, "paycolumn_ability": 0, "newbrand_ability": 0, "ecommerce_ability": 0, "hardfan_ability": 0, "credit_score": 80, "user_ability": 36963328, "urank": 46, "story_read_state": -1, "vclub_member": 0, "is_teenager": 0, "is_guardian": 0, "is_teenager_list": 0, "pc_new": 7, "special_follow": false, "planet_video": 2, "video_mark": 14, "live_status": 0, "user_ability_extend": 0, "status_total_counter": {"total_cnt": 6517, "repost_cnt": 2051, "comment_cnt": 3529, "like_cnt": 936, "comment_like_cnt": 1}, "video_total_counter": {"play_cnt": 5950}, "brand_account": 0, "hongbaofei": 0, "tab_manage": "[0, 0]", "reward_status": 0, "green_mode": 0, "urisk": 0, "avatar_type": 0}, "mid": "4835258590037877", "idstr": "4835258590037877", "match_ai_play_picture": false}, "reply_original_text": "对吖，担心佢复阳", "readtimetype": "comment", "match_ai_play_picture": false}