{"created_at": "Wed Dec 07 15:04:01 +0800 2022", "id": 4844056964762349, "rootid": 4844051276235232, "rootidstr": "4844051276235232", "floor_number": 0, "text": "回复@樱桃小鳗子:对啊，隔壁都不查了，广西还要三天居家，给个准话[开学季]", "disable_reply": 0, "restrictOperate": 0, "source_allowclick": 0, "source_type": 4, "source": "<a href=\"\" rel=\"nofollow\">来自广西</a>", "user": {"id": 1892554083, "idstr": "1892554083", "class": 1, "screen_name": "Maro_阿今全员博爱不毕业", "name": "Maro_阿今全员博爱不毕业", "province": "45", "city": "1", "location": "广西 南宁", "description": "cn阿今★シド~fgo/fate！排球！！盗墓！三大民工漫～口袋妖怪！嚎哭深渊！碧蓝航线！原神全员博爱党~☆低产coser☆ s9fpx西八粉猴粉，s11新淀粉", "url": "", "profile_image_url": "https://tvax2.sinaimg.cn/crop.0.0.996.996.50/70ce1563ly8filgugcwkaj20ro0ro76s.jpg?KID=imgbed,tva&Expires=1673959277&ssig=QRxV7YRnCZ", "light_ring": false, "cover_image_phone": "https://ww4.sinaimg.cn/crop.0.0.640.640.640/6ce2240djw1e8iktk4ohij20hs0hsmz6.jpg", "profile_url": "lizzieloves", "domain": "lizzieloves", "weihao": "", "gender": "m", "followers_count": 762, "followers_count_str": "762", "friends_count": 457, "pagefriends_count": 19, "statuses_count": 11301, "video_status_count": 18, "video_play_count": 0, "super_topic_not_syn_count": 0, "favourites_count": 841, "created_at": "Tue Dec 14 13:03:54 +0800 2010", "following": false, "allow_all_act_msg": false, "geo_enabled": true, "verified": false, "verified_type": 220, "remark": "", "insecurity": {"sexual_content": false}, "ptype": 0, "allow_all_comment": false, "avatar_large": "https://tvax2.sinaimg.cn/crop.0.0.996.996.180/70ce1563ly8filgugcwkaj20ro0ro76s.jpg?KID=imgbed,tva&Expires=1673959277&ssig=rgRS6jLiBx", "avatar_hd": "https://tvax2.sinaimg.cn/crop.0.0.996.996.1024/70ce1563ly8filgugcwkaj20ro0ro76s.jpg?KID=imgbed,tva&Expires=1673959277&ssig=rjo8tv2LJQ", "verified_reason": "", "verified_trade": "", "verified_reason_url": "", "verified_source": "", "verified_source_url": "", "follow_me": false, "like": false, "like_me": false, "online_status": 0, "bi_followers_count": 278, "lang": "zh-cn", "star": 0, "mbtype": 2, "mbrank": 1, "svip": 0, "mb_expire_time": 1665590399, "block_word": 0, "block_app": 0, "chaohua_ability": 0, "brand_ability": 0, "nft_ability": 0, "vplus_ability": 0, "wenda_ability": 0, "live_ability": 0, "gongyi_ability": 0, "paycolumn_ability": 0, "newbrand_ability": 0, "ecommerce_ability": 0, "hardfan_ability": 0, "wbcolumn_ability": 0, "credit_score": 80, "user_ability": 2359296, "cardid": "star_063", "avatargj_id": "gj_vip_763", "urank": 44, "story_read_state": -1, "vclub_member": 0, "is_teenager": 0, "is_guardian": 0, "is_teenager_list": 0, "pc_new": 7, "special_follow": false, "planet_video": 2, "video_mark": 14, "live_status": 0, "user_ability_extend": 0, "status_total_counter": {"total_cnt": 18619, "repost_cnt": 11628, "comment_cnt": 3738, "like_cnt": 3244, "comment_like_cnt": 9}, "video_total_counter": {"play_cnt": 6150}, "brand_account": 0, "hongbaofei": 0, "tab_manage": "[0, 0]", "reward_status": 0, "green_mode": 0, "urisk": 566935683072, "avatar_type": 0}, "mid": "4844056964762349", "idstr": "4844056964762349", "status": {"visible": {"type": 0, "list_id": 0}, "created_at": "Wed Dec 07 14:22:11 +0800 2022", "id": 4844046437323059, "idstr": "4844046437323059", "mid": "4844046437323059", "edit_count": 1, "can_edit": false, "edit_at": "Wed Dec 07 14:25:38 +0800 2022", "version": 2, "show_additional_indication": 0, "text": "#不再开展落地检#不再对跨地区流动人员查验核酸检测阴性证明和健康码，不再开展落地检。\n\n可以出国或者去港澳台吗？国外的人回来还隔离吗？现在去看世界杯还来得及吗？帮大家问问[嘻嘻][嘻嘻][嘻嘻]#不再对跨地区流动人员查验健康码# ​", "textLength": 216, "source_allowclick": 0, "source_type": 1, "source": "<a href=\"http://app.weibo.com/t/feed/3j1mnL\" rel=\"nofollow\">iPhone 13 Pro Max</a>", "favorited": false, "truncated": false, "in_reply_to_status_id": "", "in_reply_to_user_id": "", "in_reply_to_screen_name": "", "pic_urls": [], "geo": null, "is_paid": false, "mblog_vip_type": 0, "user": {"id": 1170980471, "idstr": "1170980471", "class": 1, "screen_name": "曾博士", "name": "曾博士", "province": "11", "city": "1000", "location": "北京", "description": "", "url": "http://blog.sina.com.cn/zengweigen", "profile_image_url": "https://tvax3.sinaimg.cn/crop.0.0.1080.1080.50/45cbbe77ly8h23i7ws7foj20u00u0myg.jpg?KID=imgbed,tva&Expires=1673959277&ssig=7e6G7H%2FPVP", "light_ring": false, "cover_image_phone": "https://ww1.sinaimg.cn/crop.0.0.640.640.640/9d44112bjw1f1xl1c10tuj20hs0hs0tw.jpg", "profile_url": "zengdashuaiguo", "domain": "zengdashuaiguo", "weihao": "", "gender": "m", "followers_count": 2749490, "followers_count_str": "274.9万", "friends_count": 741, "pagefriends_count": 24, "statuses_count": 23216, "video_status_count": 3742, "video_play_count": 0, "super_topic_not_syn_count": 0, "favourites_count": 5, "created_at": "Thu Oct 07 14:01:50 +0800 2010", "following": false, "allow_all_act_msg": false, "geo_enabled": true, "verified": true, "verified_type": 0, "remark": "", "insecurity": {"sexual_content": false}, "ptype": 7, "allow_all_comment": false, "avatar_large": "https://tvax3.sinaimg.cn/crop.0.0.1080.1080.180/45cbbe77ly8h23i7ws7foj20u00u0myg.jpg?KID=imgbed,tva&Expires=1673959277&ssig=ngY4%2FQx0Or", "avatar_hd": "https://tvax3.sinaimg.cn/crop.0.0.1080.1080.1024/45cbbe77ly8h23i7ws7foj20u00u0myg.jpg?KID=imgbed,tva&Expires=1673959277&ssig=RGZJa6bi27", "verified_reason": "知名健康博主 健康视频自媒体", "verified_trade": "", "verified_reason_url": "", "verified_source": "", "verified_source_url": "", "verified_state": 0, "verified_level": 3, "verified_type_ext": 1, "has_service_tel": false, "verified_reason_modified": "", "verified_contact_name": "", "verified_contact_email": "", "verified_contact_mobile": "", "follow_me": false, "like": false, "like_me": false, "online_status": 0, "bi_followers_count": 336, "lang": "zh-cn", "star": 0, "mbtype": 12, "mbrank": 6, "svip": 0, "mb_expire_time": 1954512000, "block_word": 0, "block_app": 1, "chaohua_ability": 0, "brand_ability": 0, "nft_ability": 0, "vplus_ability": 1, "wenda_ability": 1, "live_ability": 0, "gongyi_ability": 0, "paycolumn_ability": 1, "newbrand_ability": 0, "ecommerce_ability": 0, "hardfan_ability": 1, "wbcolumn_ability": 0, "credit_score": 80, "user_ability": -2135553496, "cardid": "star_1377", "avatargj_id": "gj_vip_470", "urank": 41, "story_read_state": -1, "verified_detail": {"custom": 1, "data": [{"key": 1, "sub_key": 0, "weight": 0, "desc": "2022年辰星计划博主", "timestamp": 0}, {"key": 2, "sub_key": 0, "weight": 10, "desc": "知名健康博主", "timestamp": 0}, {"key": 16, "sub_key": 10, "weight": 11, "desc": "健康视频自媒体", "timestamp": 0}]}, "vclub_member": 0, "is_teenager": 0, "is_guardian": 0, "is_teenager_list": 0, "pc_new": 7, "special_follow": false, "planet_video": 2, "video_mark": 15, "live_status": 0, "user_ability_extend": 1, "brand_account": 0, "hongbaofei": 0, "tab_manage": "[0, 0]", "reward_status": 0, "green_mode": 0, "urisk": 0, "avatar_type": 0}, "annotations": [{"ann_ext": "ann_ext:search|t:30|q:#不再开展落地检#|creator_source:bottomsendweibo"}, {"shooting": 1, "client_mblogid": "iPhone-B26D60E6-3DF6-45BD-80A4-FE8068C6F944"}, {"mapi_request": true}], "reposts_count": 0, "comments_count": 0, "reprint_cmt_count": 0, "attitudes_count": 0, "pending_approval_count": 0, "isLongText": false, "reward_exhibition_type": 0, "hide_flag": 0, "mlevel": 0, "show_mlevel": 0, "biz_feature": 0, "page_type": 64, "hasActionTypeCard": 0, "darwin_tags": [], "hot_weibo_tags": [], "text_tag_tips": [], "mblogtype": 0, "userType": 0, "more_info_type": 0, "number_display_strategy": {"apply_scenario_flag": 3, "display_text_min_number": 1000000, "display_text": "100万+"}, "positive_recom_flag": 0, "content_auth": 0, "gif_ids": "", "is_show_bulletin": 2, "comment_manage_info": {"comment_permission_type": -1, "approval_comment_type": 0, "comment_sort_type": 0, "ai_play_picture_type": 0}, "pic_num": 0, "can_reprint": false, "new_comment_style": 0}, "reply_comment": {"created_at": "Wed Dec 07 14:41:24 +0800 2022", "id": 4844051276235232, "rootid": 4844051276235232, "rootidstr": "4844051276235232", "floor_number": 26, "text": "笑死  都开放了，就广西还要居家隔离！[泪]省内的要3天，省外回广西要5天！离谱[泪]", "disable_reply": 0, "restrictOperate": 0, "comment_badge": [{"pic_url": "https://h5.sinaimg.cn/upload/114/962/2022/07/08/member_0_bigfan1_2.png", "name": "loyal_fans", "length": 1.33, "actionlog": {"act_code": "3671", "ext": "status:fans"}, "scheme": "https://kefu.weibo.com/faqdetail?id=20848", "new_icon": true}, {"pic_url": "https://h5.sinaimg.cn/upload/114/962/2022/07/08/member_0_bigfan1_2.png", "name": "loyal_fans", "length": 1.33, "actionlog": {"act_code": "3671", "ext": "status:fans"}, "scheme": "https://kefu.weibo.com/faqdetail?id=20848", "new_icon": true}, {"pic_url": "https://h5.sinaimg.cn/upload/114/962/2022/07/08/member_0_bigfan1_2.png", "name": "loyal_fans", "length": 1.33, "actionlog": {"act_code": "3671", "ext": "status:fans"}, "scheme": "https://kefu.weibo.com/faqdetail?id=20848", "new_icon": true}, {"pic_url": "https://h5.sinaimg.cn/upload/114/962/2022/07/08/member_0_bigfan1_2.png", "name": "loyal_fans", "length": 1.33, "actionlog": {"act_code": "3671", "ext": "status:fans"}, "scheme": "https://kefu.weibo.com/faqdetail?id=20848", "new_icon": true}, {"pic_url": "https://h5.sinaimg.cn/upload/114/962/2022/07/08/member_0_bigfan1_2.png", "name": "loyal_fans", "length": 1.33, "actionlog": {"act_code": "3671", "ext": "status:fans"}, "scheme": "https://kefu.weibo.com/faqdetail?id=20848", "new_icon": true}, {"pic_url": "https://h5.sinaimg.cn/upload/114/962/2022/07/08/member_0_bigfan1_2.png", "name": "loyal_fans", "length": 1.33, "actionlog": {"act_code": "3671", "ext": "status:fans"}, "scheme": "https://kefu.weibo.com/faqdetail?id=20848", "new_icon": true}, {"pic_url": "https://h5.sinaimg.cn/upload/114/962/2022/07/08/member_0_bigfan1_2.png", "name": "loyal_fans", "length": 1.33, "actionlog": {"act_code": "3671", "ext": "status:fans"}, "scheme": "https://kefu.weibo.com/faqdetail?id=20848", "new_icon": true}, {"pic_url": "https://h5.sinaimg.cn/upload/114/962/2022/07/08/member_0_bigfan1_2.png", "name": "loyal_fans", "length": 1.33, "actionlog": {"act_code": "3671", "ext": "status:fans"}, "scheme": "https://kefu.weibo.com/faqdetail?id=20848", "new_icon": true}, {"pic_url": "https://h5.sinaimg.cn/upload/114/962/2022/07/08/member_0_bigfan1_2.png", "name": "loyal_fans", "length": 1.33, "actionlog": {"act_code": "3671", "ext": "status:fans"}, "scheme": "https://kefu.weibo.com/faqdetail?id=20848", "new_icon": true}, {"pic_url": "https://h5.sinaimg.cn/upload/114/962/2022/07/08/member_0_bigfan1_2.png", "name": "loyal_fans", "length": 1.33, "actionlog": {"act_code": "3671", "ext": "status:fans"}, "scheme": "https://kefu.weibo.com/faqdetail?id=20848", "new_icon": true}], "user": {"id": 2235041673, "idstr": "2235041673", "class": 1, "screen_name": "樱桃小鳗子", "name": "樱桃小鳗子", "province": "45", "city": "7", "location": "广西 钦州", "description": "想去好多好多地方，想吃好多好多吃的，想遇到好多好多好人、☀", "url": "", "profile_image_url": "https://tvax1.sinaimg.cn/crop.0.0.512.512.50/85380789ly8h9xfis3rcnj20e80e8wfn.jpg?KID=imgbed,tva&Expires=1673959277&ssig=nwKxDY0IlH", "light_ring": false, "cover_image_phone": "https://ww2.sinaimg.cn/crop.0.0.640.640.640/a1d3feabjw1ecasunmkncj20hs0hsq4j.jpg", "profile_url": "u/2235041673", "domain": "", "weihao": "", "gender": "f", "followers_count": 556, "followers_count_str": "556", "friends_count": 311, "pagefriends_count": 11, "statuses_count": 241, "video_status_count": 6, "video_play_count": 0, "super_topic_not_syn_count": 0, "favourites_count": 2, "created_at": "Sat Jul 09 00:17:44 +0800 2011", "following": false, "allow_all_act_msg": false, "geo_enabled": true, "verified": false, "verified_type": 220, "remark": "", "insecurity": {"sexual_content": false}, "ptype": 0, "allow_all_comment": true, "avatar_large": "https://tvax1.sinaimg.cn/crop.0.0.512.512.180/85380789ly8h9xfis3rcnj20e80e8wfn.jpg?KID=imgbed,tva&Expires=1673959277&ssig=cZeqrd4MEh", "avatar_hd": "https://tvax1.sinaimg.cn/crop.0.0.512.512.1024/85380789ly8h9xfis3rcnj20e80e8wfn.jpg?KID=imgbed,tva&Expires=1673959277&ssig=50NbxGjE%2Bj", "verified_reason": "", "verified_trade": "", "verified_reason_url": "", "verified_source": "", "verified_source_url": "", "follow_me": false, "like": false, "like_me": false, "online_status": 0, "bi_followers_count": 113, "lang": "zh-cn", "star": 0, "mbtype": 0, "mbrank": 0, "svip": 0, "mb_expire_time": 0, "block_word": 0, "block_app": 0, "chaohua_ability": 0, "brand_ability": 0, "nft_ability": 0, "vplus_ability": 0, "wenda_ability": 0, "live_ability": 0, "gongyi_ability": 0, "paycolumn_ability": 0, "newbrand_ability": 0, "ecommerce_ability": 0, "hardfan_ability": 0, "wbcolumn_ability": 0, "credit_score": 80, "user_ability": 2359296, "urank": 35, "story_read_state": -1, "vclub_member": 0, "is_teenager": 0, "is_guardian": 0, "is_teenager_list": 0, "pc_new": 0, "special_follow": false, "planet_video": 2, "video_mark": 2, "live_status": 0, "user_ability_extend": 0, "status_total_counter": {"total_cnt": 1037, "repost_cnt": 3, "comment_cnt": 587, "like_cnt": 421, "comment_like_cnt": 26}, "video_total_counter": {"play_cnt": 11939}, "brand_account": 0, "hongbaofei": 0, "tab_manage": "[0, 0]", "reward_status": 0, "green_mode": 0, "urisk": 0, "avatar_type": 0}, "mid": "4844051276235232", "idstr": "4844051276235232", "match_ai_play_picture": false}, "reply_original_text": "对啊，隔壁都不查了，广西还要三天居家，给个准话[开学季]", "readtimetype": "comment", "match_ai_play_picture": false}