{"created_at": "Wed Dec 07 15:03:49 +0800 2022", "id": 4844056914696379, "rootid": 4844047362949316, "rootidstr": "4844047362949316", "floor_number": 0, "text": "回复@amlion:去年冬天，我回趟家回来上班，因为隔壁县有疫情，我被隔离十四天，你算算这成本，谁能随便回家", "disable_reply": 0, "restrictOperate": 0, "source_allowclick": 0, "source_type": 4, "source": "<a href=\"\" rel=\"nofollow\">来自河北</a>", "comment_badge": [{"pic_url": "https://h5.sinaimg.cn/upload/114/962/2022/07/08/member_0_bigfan1_1.png", "name": "loyal_fans", "length": 1.33, "actionlog": {"act_code": "3671", "ext": "status:fans"}, "scheme": "https://kefu.weibo.com/faqdetail?id=20848", "new_icon": true}], "user": {"id": 5548305551, "idstr": "5548305551", "class": 1, "screen_name": "Jeffreykim03", "name": "Jeffreykim03", "province": "400", "city": "1000", "location": "海外", "description": "", "url": "", "profile_image_url": "https://tva2.sinaimg.cn/crop.0.0.80.80.50/0063u7Jdjw8es3ahyvobhj3028028q2p.jpg?KID=imgbed,tva&Expires=1673959277&ssig=cW7rvdd3lv", "light_ring": false, "cover_image_phone": "https://ww1.sinaimg.cn/crop.0.0.640.640.640/549d0121tw1egm1kjly3jj20hs0hsq4f.jpg", "profile_url": "u/5548305551", "domain": "", "weihao": "", "gender": "m", "followers_count": 29, "followers_count_str": "29", "friends_count": 128, "pagefriends_count": 32, "statuses_count": 138, "video_status_count": 0, "video_play_count": 0, "super_topic_not_syn_count": 0, "favourites_count": 26, "created_at": "Tue Mar 10 17:52:20 +0800 2015", "following": false, "allow_all_act_msg": false, "geo_enabled": true, "verified": false, "verified_type": -1, "remark": "", "insecurity": {"sexual_content": false}, "ptype": 0, "allow_all_comment": false, "avatar_large": "https://tva2.sinaimg.cn/crop.0.0.80.80.180/0063u7Jdjw8es3ahyvobhj3028028q2p.jpg?KID=imgbed,tva&Expires=1673959277&ssig=naLOsS%2FAFs", "avatar_hd": "https://tva2.sinaimg.cn/crop.0.0.80.80.1024/0063u7Jdjw8es3ahyvobhj3028028q2p.jpg?KID=imgbed,tva&Expires=1673959277&ssig=ga5RWQPYBf", "verified_reason": "", "verified_trade": "", "verified_reason_url": "", "verified_source": "", "verified_source_url": "", "follow_me": false, "like": false, "like_me": false, "online_status": 0, "bi_followers_count": 1, "lang": "zh-cn", "star": 0, "mbtype": 0, "mbrank": 0, "svip": 0, "mb_expire_time": 0, "block_word": 0, "block_app": 0, "chaohua_ability": 0, "brand_ability": 0, "nft_ability": 0, "vplus_ability": 0, "wenda_ability": 0, "live_ability": 0, "gongyi_ability": 0, "paycolumn_ability": 0, "newbrand_ability": 0, "ecommerce_ability": 0, "hardfan_ability": 0, "wbcolumn_ability": 0, "credit_score": 80, "user_ability": 35651584, "urank": 9, "story_read_state": -1, "vclub_member": 0, "is_teenager": 0, "is_guardian": 0, "is_teenager_list": 0, "pc_new": 0, "special_follow": false, "planet_video": 0, "video_mark": 0, "live_status": 0, "user_ability_extend": 0, "status_total_counter": {"total_cnt": 62, "repost_cnt": 0, "comment_cnt": 6, "like_cnt": 56, "comment_like_cnt": 0}, "video_total_counter": {"play_cnt": -1}, "brand_account": 0, "hongbaofei": 0, "tab_manage": "[0, 0]", "reward_status": 0, "green_mode": 0, "urisk": 17179869184, "avatar_type": 0}, "mid": "4844056914696379", "idstr": "4844056914696379", "status": {"visible": {"type": 0, "list_id": 0}, "created_at": "Wed Dec 07 14:22:11 +0800 2022", "id": 4844046437323059, "idstr": "4844046437323059", "mid": "4844046437323059", "edit_count": 1, "can_edit": false, "edit_at": "Wed Dec 07 14:25:38 +0800 2022", "version": 2, "show_additional_indication": 0, "text": "#不再开展落地检#不再对跨地区流动人员查验核酸检测阴性证明和健康码，不再开展落地检。\n\n可以出国或者去港澳台吗？国外的人回来还隔离吗？现在去看世界杯还来得及吗？帮大家问问[嘻嘻][嘻嘻][嘻嘻]#不再对跨地区流动人员查验健康码# ​", "textLength": 216, "source_allowclick": 0, "source_type": 1, "source": "<a href=\"http://app.weibo.com/t/feed/3j1mnL\" rel=\"nofollow\">iPhone 13 Pro Max</a>", "favorited": false, "truncated": false, "in_reply_to_status_id": "", "in_reply_to_user_id": "", "in_reply_to_screen_name": "", "pic_urls": [], "geo": null, "is_paid": false, "mblog_vip_type": 0, "user": {"id": 1170980471, "idstr": "1170980471", "class": 1, "screen_name": "曾博士", "name": "曾博士", "province": "11", "city": "1000", "location": "北京", "description": "", "url": "http://blog.sina.com.cn/zengweigen", "profile_image_url": "https://tvax3.sinaimg.cn/crop.0.0.1080.1080.50/45cbbe77ly8h23i7ws7foj20u00u0myg.jpg?KID=imgbed,tva&Expires=1673959277&ssig=7e6G7H%2FPVP", "light_ring": false, "cover_image_phone": "https://ww1.sinaimg.cn/crop.0.0.640.640.640/9d44112bjw1f1xl1c10tuj20hs0hs0tw.jpg", "profile_url": "zengdashuaiguo", "domain": "zengdashuaiguo", "weihao": "", "gender": "m", "followers_count": 2749490, "followers_count_str": "274.9万", "friends_count": 741, "pagefriends_count": 24, "statuses_count": 23216, "video_status_count": 3742, "video_play_count": 0, "super_topic_not_syn_count": 0, "favourites_count": 5, "created_at": "Thu Oct 07 14:01:50 +0800 2010", "following": false, "allow_all_act_msg": false, "geo_enabled": true, "verified": true, "verified_type": 0, "remark": "", "insecurity": {"sexual_content": false}, "ptype": 7, "allow_all_comment": false, "avatar_large": "https://tvax3.sinaimg.cn/crop.0.0.1080.1080.180/45cbbe77ly8h23i7ws7foj20u00u0myg.jpg?KID=imgbed,tva&Expires=1673959277&ssig=ngY4%2FQx0Or", "avatar_hd": "https://tvax3.sinaimg.cn/crop.0.0.1080.1080.1024/45cbbe77ly8h23i7ws7foj20u00u0myg.jpg?KID=imgbed,tva&Expires=1673959277&ssig=RGZJa6bi27", "verified_reason": "知名健康博主 健康视频自媒体", "verified_trade": "", "verified_reason_url": "", "verified_source": "", "verified_source_url": "", "verified_state": 0, "verified_level": 3, "verified_type_ext": 1, "has_service_tel": false, "verified_reason_modified": "", "verified_contact_name": "", "verified_contact_email": "", "verified_contact_mobile": "", "follow_me": false, "like": false, "like_me": false, "online_status": 0, "bi_followers_count": 336, "lang": "zh-cn", "star": 0, "mbtype": 12, "mbrank": 6, "svip": 0, "mb_expire_time": 1954512000, "block_word": 0, "block_app": 1, "chaohua_ability": 0, "brand_ability": 0, "nft_ability": 0, "vplus_ability": 1, "wenda_ability": 1, "live_ability": 0, "gongyi_ability": 0, "paycolumn_ability": 1, "newbrand_ability": 0, "ecommerce_ability": 0, "hardfan_ability": 1, "wbcolumn_ability": 0, "credit_score": 80, "user_ability": -2135553496, "cardid": "star_1377", "avatargj_id": "gj_vip_470", "urank": 41, "story_read_state": -1, "verified_detail": {"custom": 1, "data": [{"key": 1, "sub_key": 0, "weight": 0, "desc": "2022年辰星计划博主", "timestamp": 0}, {"key": 2, "sub_key": 0, "weight": 10, "desc": "知名健康博主", "timestamp": 0}, {"key": 16, "sub_key": 10, "weight": 11, "desc": "健康视频自媒体", "timestamp": 0}]}, "vclub_member": 0, "is_teenager": 0, "is_guardian": 0, "is_teenager_list": 0, "pc_new": 7, "special_follow": false, "planet_video": 2, "video_mark": 15, "live_status": 0, "user_ability_extend": 1, "brand_account": 0, "hongbaofei": 0, "tab_manage": "[0, 0]", "reward_status": 0, "green_mode": 0, "urisk": 0, "avatar_type": 0}, "annotations": [{"ann_ext": "ann_ext:search|t:30|q:#不再开展落地检#|creator_source:bottomsendweibo"}, {"shooting": 1, "client_mblogid": "iPhone-B26D60E6-3DF6-45BD-80A4-FE8068C6F944"}, {"mapi_request": true}], "reposts_count": 0, "comments_count": 0, "reprint_cmt_count": 0, "attitudes_count": 0, "pending_approval_count": 0, "isLongText": false, "reward_exhibition_type": 0, "hide_flag": 0, "mlevel": 0, "show_mlevel": 0, "biz_feature": 0, "page_type": 64, "hasActionTypeCard": 0, "darwin_tags": [], "hot_weibo_tags": [], "text_tag_tips": [], "mblogtype": 0, "userType": 0, "more_info_type": 0, "number_display_strategy": {"apply_scenario_flag": 3, "display_text_min_number": 1000000, "display_text": "100万+"}, "positive_recom_flag": 0, "content_auth": 0, "gif_ids": "", "is_show_bulletin": 2, "comment_manage_info": {"comment_permission_type": -1, "approval_comment_type": 0, "comment_sort_type": 0, "ai_play_picture_type": 0}, "pic_num": 0, "can_reprint": false, "new_comment_style": 0}, "reply_comment": {"created_at": "Wed Dec 07 14:54:13 +0800 2022", "id": 4844054498510551, "rootid": 4844047362949316, "rootidstr": "4844047362949316", "floor_number": 0, "text": "回复@卓雅和舒拉:国内3年不能团聚？或者你指的是在国外没回国的吗？当然可以回国呀只是想不想的问题", "disable_reply": 0, "restrictOperate": 0, "user": {"id": 1656502235, "idstr": "1656502235", "class": 1, "screen_name": "amlion", "name": "amlion", "province": "11", "city": "5", "location": "北京 朝阳区", "description": "固执的乐天派，爱家庭爱工作爱生活 .....", "url": "", "profile_image_url": "https://tva2.sinaimg.cn/crop.0.0.180.180.50/62bc37dbjw1e8qgp5bmzyj2050050aa8.jpg?KID=imgbed,tva&Expires=1673959277&ssig=ASel6Q1PBF", "light_ring": false, "cover_image_phone": "https://ww1.sinaimg.cn/crop.0.0.640.640.640/549d0121tw1egm1kjly3jj20hs0hsq4f.jpg", "profile_url": "u/1656502235", "domain": "", "weihao": "", "gender": "f", "followers_count": 709, "followers_count_str": "709", "friends_count": 914, "pagefriends_count": 1, "statuses_count": 5424, "video_status_count": 0, "video_play_count": 0, "super_topic_not_syn_count": 0, "favourites_count": 28, "created_at": "Tue Oct 27 08:53:47 +0800 2009", "following": false, "allow_all_act_msg": false, "geo_enabled": false, "verified": false, "verified_type": -1, "remark": "", "insecurity": {"sexual_content": false}, "ptype": 0, "allow_all_comment": true, "avatar_large": "https://tva2.sinaimg.cn/crop.0.0.180.180.180/62bc37dbjw1e8qgp5bmzyj2050050aa8.jpg?KID=imgbed,tva&Expires=1673959277&ssig=w33%2BB2YZxK", "avatar_hd": "https://tva2.sinaimg.cn/crop.0.0.180.180.1024/62bc37dbjw1e8qgp5bmzyj2050050aa8.jpg?KID=imgbed,tva&Expires=1673959277&ssig=F2OpBc1hP%2B", "verified_reason": "", "verified_trade": "", "verified_reason_url": "", "verified_source": "", "verified_source_url": "", "follow_me": false, "like": false, "like_me": false, "online_status": 0, "bi_followers_count": 48, "lang": "zh-cn", "star": 0, "mbtype": 0, "mbrank": 0, "svip": 0, "mb_expire_time": 0, "block_word": 0, "block_app": 0, "chaohua_ability": 0, "brand_ability": 0, "nft_ability": 0, "vplus_ability": 0, "wenda_ability": 0, "live_ability": 0, "gongyi_ability": 0, "paycolumn_ability": 0, "newbrand_ability": 0, "ecommerce_ability": 0, "hardfan_ability": 0, "wbcolumn_ability": 0, "credit_score": 80, "user_ability": 2097152, "urank": 33, "story_read_state": -1, "vclub_member": 0, "is_teenager": 0, "is_guardian": 0, "is_teenager_list": 0, "pc_new": 7, "special_follow": false, "planet_video": 0, "video_mark": 0, "live_status": 0, "user_ability_extend": 0, "status_total_counter": {"total_cnt": 4210, "repost_cnt": 1354, "comment_cnt": 2646, "like_cnt": 209, "comment_like_cnt": 1}, "video_total_counter": {"play_cnt": -1}, "brand_account": 0, "hongbaofei": 0, "tab_manage": "[0, 0]", "reward_status": 0, "green_mode": 0, "urisk": 17179869184, "avatar_type": 0}, "mid": "4844054498510551", "idstr": "4844054498510551", "match_ai_play_picture": false}, "reply_original_text": "去年冬天，我回趟家回来上班，因为隔壁县有疫情，我被隔离十四天，你算算这成本，谁能随便回家", "readtimetype": "comment", "match_ai_play_picture": false}