{"created_at": "Wed Dec 07 16:32:50 +0800 2022", "id": 4844079316478938, "rootid": 4844052035405064, "rootidstr": "4844052035405064", "floor_number": 0, "text": "回复@粘粘的龙须糖:怕的人可以这辈子都不出门[doge]", "disable_reply": 0, "restrictOperate": 0, "source_allowclick": 0, "source_type": 4, "source": "<a href=\"\" rel=\"nofollow\">来自广东</a>", "user": {"id": 1778889424, "idstr": "1778889424", "class": 1, "screen_name": "今天见到肥丸了吗", "name": "今天见到肥丸了吗", "province": "100", "city": "1000", "location": "其他", "description": "日常网络街溜子的小号", "url": "", "profile_image_url": "https://tvax1.sinaimg.cn/crop.0.0.1080.1080.50/6a07b2d0ly8ggwedgcrajj20u00u0dj0.jpg?KID=imgbed,tva&Expires=1673959277&ssig=9%2BJapuiEbm", "light_ring": false, "cover_image_phone": "https://ww1.sinaimg.cn/crop.0.0.640.640.640/549d0121tw1egm1kjly3jj20hs0hsq4f.jpg", "profile_url": "u/1778889424", "domain": "", "weihao": "", "gender": "f", "followers_count": 150, "followers_count_str": "150", "friends_count": 151, "pagefriends_count": 5, "statuses_count": 26, "video_status_count": 4, "video_play_count": 0, "super_topic_not_syn_count": 1, "favourites_count": 1039, "created_at": "Sat May 19 17:14:09 +0800 2012", "following": false, "allow_all_act_msg": false, "geo_enabled": false, "verified": false, "verified_type": -1, "remark": "", "insecurity": {"sexual_content": false}, "ptype": 0, "allow_all_comment": true, "avatar_large": "https://tvax1.sinaimg.cn/crop.0.0.1080.1080.180/6a07b2d0ly8ggwedgcrajj20u00u0dj0.jpg?KID=imgbed,tva&Expires=1673959277&ssig=yNZcDNuVoM", "avatar_hd": "https://tvax1.sinaimg.cn/crop.0.0.1080.1080.1024/6a07b2d0ly8ggwedgcrajj20u00u0dj0.jpg?KID=imgbed,tva&Expires=1673959277&ssig=ICPMZL2L30", "verified_reason": "", "verified_trade": "", "verified_reason_url": "", "verified_source": "", "verified_source_url": "", "follow_me": false, "like": false, "like_me": false, "online_status": 0, "bi_followers_count": 8, "lang": "zh-cn", "star": 0, "mbtype": 2, "mbrank": 2, "svip": 0, "mb_expire_time": 0, "block_word": 0, "block_app": 0, "chaohua_ability": 0, "brand_ability": 0, "nft_ability": 0, "vplus_ability": 0, "wenda_ability": 0, "live_ability": 0, "gongyi_ability": 0, "paycolumn_ability": 0, "newbrand_ability": 0, "ecommerce_ability": 0, "hardfan_ability": 0, "wbcolumn_ability": 0, "credit_score": 80, "user_ability": 35914752, "avatargj_id": "gj_vip_660", "urank": 9, "story_read_state": -1, "vclub_member": 0, "is_teenager": 0, "is_guardian": 0, "is_teenager_list": 0, "pc_new": 0, "special_follow": false, "planet_video": 2, "video_mark": 2, "live_status": 0, "user_ability_extend": 0, "status_total_counter": {"total_cnt": 26, "repost_cnt": 1, "comment_cnt": 23, "like_cnt": 2, "comment_like_cnt": 0}, "video_total_counter": {"play_cnt": 1674}, "brand_account": 0, "hongbaofei": 0, "tab_manage": "[16909450, 0]", "reward_status": 0, "green_mode": 0, "urisk": 0, "avatar_type": 0}, "mid": "4844079316478938", "idstr": "4844079316478938", "status": {"visible": {"type": 0, "list_id": 0}, "created_at": "Wed Dec 07 14:22:11 +0800 2022", "id": 4844046437323059, "idstr": "4844046437323059", "mid": "4844046437323059", "edit_count": 1, "can_edit": false, "edit_at": "Wed Dec 07 14:25:38 +0800 2022", "version": 2, "show_additional_indication": 0, "text": "#不再开展落地检#不再对跨地区流动人员查验核酸检测阴性证明和健康码，不再开展落地检。\n\n可以出国或者去港澳台吗？国外的人回来还隔离吗？现在去看世界杯还来得及吗？帮大家问问[嘻嘻][嘻嘻][嘻嘻]#不再对跨地区流动人员查验健康码# ​", "textLength": 216, "source_allowclick": 0, "source_type": 1, "source": "<a href=\"http://app.weibo.com/t/feed/3j1mnL\" rel=\"nofollow\">iPhone 13 Pro Max</a>", "favorited": false, "truncated": false, "in_reply_to_status_id": "", "in_reply_to_user_id": "", "in_reply_to_screen_name": "", "pic_urls": [], "geo": null, "is_paid": false, "mblog_vip_type": 0, "user": {"id": 1170980471, "idstr": "1170980471", "class": 1, "screen_name": "曾博士", "name": "曾博士", "province": "11", "city": "1000", "location": "北京", "description": "", "url": "http://blog.sina.com.cn/zengweigen", "profile_image_url": "https://tvax3.sinaimg.cn/crop.0.0.1080.1080.50/45cbbe77ly8h23i7ws7foj20u00u0myg.jpg?KID=imgbed,tva&Expires=1673959277&ssig=7e6G7H%2FPVP", "light_ring": false, "cover_image_phone": "https://ww1.sinaimg.cn/crop.0.0.640.640.640/9d44112bjw1f1xl1c10tuj20hs0hs0tw.jpg", "profile_url": "zengdashuaiguo", "domain": "zengdashuaiguo", "weihao": "", "gender": "m", "followers_count": 2749490, "followers_count_str": "274.9万", "friends_count": 741, "pagefriends_count": 24, "statuses_count": 23216, "video_status_count": 3742, "video_play_count": 0, "super_topic_not_syn_count": 0, "favourites_count": 5, "created_at": "Thu Oct 07 14:01:50 +0800 2010", "following": false, "allow_all_act_msg": false, "geo_enabled": true, "verified": true, "verified_type": 0, "remark": "", "insecurity": {"sexual_content": false}, "ptype": 7, "allow_all_comment": false, "avatar_large": "https://tvax3.sinaimg.cn/crop.0.0.1080.1080.180/45cbbe77ly8h23i7ws7foj20u00u0myg.jpg?KID=imgbed,tva&Expires=1673959277&ssig=ngY4%2FQx0Or", "avatar_hd": "https://tvax3.sinaimg.cn/crop.0.0.1080.1080.1024/45cbbe77ly8h23i7ws7foj20u00u0myg.jpg?KID=imgbed,tva&Expires=1673959277&ssig=RGZJa6bi27", "verified_reason": "知名健康博主 健康视频自媒体", "verified_trade": "", "verified_reason_url": "", "verified_source": "", "verified_source_url": "", "verified_state": 0, "verified_level": 3, "verified_type_ext": 1, "has_service_tel": false, "verified_reason_modified": "", "verified_contact_name": "", "verified_contact_email": "", "verified_contact_mobile": "", "follow_me": false, "like": false, "like_me": false, "online_status": 0, "bi_followers_count": 336, "lang": "zh-cn", "star": 0, "mbtype": 12, "mbrank": 6, "svip": 0, "mb_expire_time": 1954512000, "block_word": 0, "block_app": 1, "chaohua_ability": 0, "brand_ability": 0, "nft_ability": 0, "vplus_ability": 1, "wenda_ability": 1, "live_ability": 0, "gongyi_ability": 0, "paycolumn_ability": 1, "newbrand_ability": 0, "ecommerce_ability": 0, "hardfan_ability": 1, "wbcolumn_ability": 0, "credit_score": 80, "user_ability": -2135553496, "cardid": "star_1377", "avatargj_id": "gj_vip_470", "urank": 41, "story_read_state": -1, "verified_detail": {"custom": 1, "data": [{"key": 1, "sub_key": 0, "weight": 0, "desc": "2022年辰星计划博主", "timestamp": 0}, {"key": 2, "sub_key": 0, "weight": 10, "desc": "知名健康博主", "timestamp": 0}, {"key": 16, "sub_key": 10, "weight": 11, "desc": "健康视频自媒体", "timestamp": 0}]}, "vclub_member": 0, "is_teenager": 0, "is_guardian": 0, "is_teenager_list": 0, "pc_new": 7, "special_follow": false, "planet_video": 2, "video_mark": 15, "live_status": 0, "user_ability_extend": 1, "brand_account": 0, "hongbaofei": 0, "tab_manage": "[0, 0]", "reward_status": 0, "green_mode": 0, "urisk": 0, "avatar_type": 0}, "annotations": [{"ann_ext": "ann_ext:search|t:30|q:#不再开展落地检#|creator_source:bottomsendweibo"}, {"shooting": 1, "client_mblogid": "iPhone-B26D60E6-3DF6-45BD-80A4-FE8068C6F944"}, {"mapi_request": true}], "reposts_count": 0, "comments_count": 0, "reprint_cmt_count": 0, "attitudes_count": 0, "pending_approval_count": 0, "isLongText": false, "reward_exhibition_type": 0, "hide_flag": 0, "mlevel": 0, "show_mlevel": 0, "biz_feature": 0, "page_type": 64, "hasActionTypeCard": 0, "darwin_tags": [], "hot_weibo_tags": [], "text_tag_tips": [], "mblogtype": 0, "userType": 0, "more_info_type": 0, "number_display_strategy": {"apply_scenario_flag": 3, "display_text_min_number": 1000000, "display_text": "100万+"}, "positive_recom_flag": 0, "content_auth": 0, "gif_ids": "", "is_show_bulletin": 2, "comment_manage_info": {"comment_permission_type": -1, "approval_comment_type": 0, "comment_sort_type": 0, "ai_play_picture_type": 0}, "pic_num": 0, "can_reprint": false, "new_comment_style": 0}, "reply_comment": {"created_at": "Wed Dec 07 14:44:25 +0800 2022", "id": 4844052035405064, "rootid": 4844052035405064, "rootidstr": "4844052035405064", "floor_number": 31, "text": "应死尽死，应染尽染。这是为地府添丁加口哦", "disable_reply": 0, "restrictOperate": 0, "comment_badge": [{"pic_url": "https://h5.sinaimg.cn/upload/114/962/2022/07/08/member_0_bigfan1_1.png", "name": "loyal_fans", "length": 1.33, "actionlog": {"act_code": "3671", "ext": "status:fans"}, "scheme": "https://kefu.weibo.com/faqdetail?id=20848", "new_icon": true}, {"pic_url": "https://h5.sinaimg.cn/upload/114/962/2022/07/08/member_0_bigfan1_1.png", "name": "loyal_fans", "length": 1.33, "actionlog": {"act_code": "3671", "ext": "status:fans"}, "scheme": "https://kefu.weibo.com/faqdetail?id=20848", "new_icon": true}, {"pic_url": "https://h5.sinaimg.cn/upload/114/962/2022/07/08/member_0_bigfan1_1.png", "name": "loyal_fans", "length": 1.33, "actionlog": {"act_code": "3671", "ext": "status:fans"}, "scheme": "https://kefu.weibo.com/faqdetail?id=20848", "new_icon": true}, {"pic_url": "https://h5.sinaimg.cn/upload/114/962/2022/07/08/member_0_bigfan1_1.png", "name": "loyal_fans", "length": 1.33, "actionlog": {"act_code": "3671", "ext": "status:fans"}, "scheme": "https://kefu.weibo.com/faqdetail?id=20848", "new_icon": true}, {"pic_url": "https://h5.sinaimg.cn/upload/114/962/2022/07/08/member_0_bigfan1_1.png", "name": "loyal_fans", "length": 1.33, "actionlog": {"act_code": "3671", "ext": "status:fans"}, "scheme": "https://kefu.weibo.com/faqdetail?id=20848", "new_icon": true}, {"pic_url": "https://h5.sinaimg.cn/upload/114/962/2022/07/08/member_0_bigfan1_1.png", "name": "loyal_fans", "length": 1.33, "actionlog": {"act_code": "3671", "ext": "status:fans"}, "scheme": "https://kefu.weibo.com/faqdetail?id=20848", "new_icon": true}, {"pic_url": "https://h5.sinaimg.cn/upload/114/962/2022/07/08/member_0_bigfan1_1.png", "name": "loyal_fans", "length": 1.33, "actionlog": {"act_code": "3671", "ext": "status:fans"}, "scheme": "https://kefu.weibo.com/faqdetail?id=20848", "new_icon": true}, {"pic_url": "https://h5.sinaimg.cn/upload/114/962/2022/07/08/member_0_bigfan1_1.png", "name": "loyal_fans", "length": 1.33, "actionlog": {"act_code": "3671", "ext": "status:fans"}, "scheme": "https://kefu.weibo.com/faqdetail?id=20848", "new_icon": true}], "user": {"id": 5443613457, "idstr": "5443613457", "class": 1, "screen_name": "粘粘的龙须糖", "name": "粘粘的龙须糖", "province": "45", "city": "9", "location": "广西 玉林", "description": "", "url": "", "profile_image_url": "https://tvax4.sinaimg.cn/crop.0.0.996.996.50/005WoQx3ly8gy3ywkr1uhj30ro0rpac2.jpg?KID=imgbed,tva&Expires=1673959277&ssig=VuahAMwg72", "light_ring": false, "cover_image_phone": "https://ww1.sinaimg.cn/crop.0.0.640.640.640/549d0121tw1egm1kjly3jj20hs0hsq4f.jpg", "profile_url": "u/5443613457", "domain": "", "weihao": "", "gender": "m", "followers_count": 52, "followers_count_str": "52", "friends_count": 194, "pagefriends_count": 8, "statuses_count": 3072, "video_status_count": 0, "video_play_count": 0, "super_topic_not_syn_count": 0, "favourites_count": 2, "created_at": "Mon Dec 22 10:16:24 +0800 2014", "following": false, "allow_all_act_msg": false, "geo_enabled": true, "verified": false, "verified_type": -1, "remark": "", "insecurity": {"sexual_content": false}, "ptype": 0, "allow_all_comment": false, "avatar_large": "https://tvax4.sinaimg.cn/crop.0.0.996.996.180/005WoQx3ly8gy3ywkr1uhj30ro0rpac2.jpg?KID=imgbed,tva&Expires=1673959277&ssig=iJTL%2BRdTlk", "avatar_hd": "https://tvax4.sinaimg.cn/crop.0.0.996.996.1024/005WoQx3ly8gy3ywkr1uhj30ro0rpac2.jpg?KID=imgbed,tva&Expires=1673959277&ssig=8IBnVVrI%2Bg", "verified_reason": "", "verified_trade": "", "verified_reason_url": "", "verified_source": "", "verified_source_url": "", "follow_me": false, "like": false, "like_me": false, "online_status": 0, "bi_followers_count": 21, "lang": "zh-cn", "star": 0, "mbtype": 0, "mbrank": 0, "svip": 0, "mb_expire_time": 0, "block_word": 0, "block_app": 0, "chaohua_ability": 0, "brand_ability": 0, "nft_ability": 0, "vplus_ability": 0, "wenda_ability": 0, "live_ability": 0, "gongyi_ability": 0, "paycolumn_ability": 0, "newbrand_ability": 0, "ecommerce_ability": 0, "hardfan_ability": 0, "wbcolumn_ability": 0, "credit_score": 80, "user_ability": 2097152, "urank": 0, "story_read_state": -1, "vclub_member": 0, "is_teenager": 0, "is_guardian": 0, "is_teenager_list": 0, "pc_new": 0, "special_follow": false, "planet_video": 0, "video_mark": 0, "live_status": 0, "user_ability_extend": 0, "status_total_counter": {"total_cnt": 1150, "repost_cnt": 296, "comment_cnt": 112, "like_cnt": 663, "comment_like_cnt": 79}, "video_total_counter": {"play_cnt": -1}, "brand_account": 0, "hongbaofei": 0, "tab_manage": "[0, 0]", "reward_status": 0, "green_mode": 0, "urisk": 566935683072, "avatar_type": 0}, "mid": "4844052035405064", "idstr": "4844052035405064", "match_ai_play_picture": false}, "reply_original_text": "怕的人可以这辈子都不出门[doge]", "readtimetype": "comment", "match_ai_play_picture": false}