{"created_at": "Sun Dec 18 19:03:15 +0800 2022", "id": 4848103440517818, "rootid": 4848103440517818, "rootidstr": "4848103440517818", "floor_number": 55, "text": "真的太难过了 能不能延期啊[泪]", "disable_reply": 0, "restrictOperate": 0, "source_allowclick": 0, "source_type": 4, "source": "<a href=\"\" rel=\"nofollow\">来自云南</a>", "user": {"id": 6980285423, "idstr": "6980285423", "class": 1, "screen_name": "鱼8846753880", "name": "鱼8846753880", "province": "100", "city": "1000", "location": "其他", "description": "", "url": "", "profile_image_url": "https://tvax1.sinaimg.cn/default/images/default_avatar_male_50.gif?KID=imgbed,tva&Expires=1673958338&ssig=CRuytqIVJE", "light_ring": false, "cover_image_phone": "https://ww1.sinaimg.cn/crop.0.0.640.640.640/549d0121tw1egm1kjly3jj20hs0hsq4f.jpg", "profile_url": "u/6980285423", "domain": "", "weihao": "", "gender": "m", "followers_count": 0, "followers_count_str": "0", "friends_count": 4, "pagefriends_count": 2, "statuses_count": 16, "video_status_count": 0, "video_play_count": 0, "super_topic_not_syn_count": 0, "favourites_count": 0, "created_at": "Thu Jan 31 12:46:31 +0800 2019", "following": false, "allow_all_act_msg": false, "geo_enabled": true, "verified": false, "verified_type": -1, "remark": "", "insecurity": {"sexual_content": false}, "ptype": 0, "allow_all_comment": true, "avatar_large": "https://tvax1.sinaimg.cn/default/images/default_avatar_male_180.gif?KID=imgbed,tva&Expires=1673958338&ssig=J0NQVo5kQx", "avatar_hd": "https://tvax1.sinaimg.cn/default/images/default_avatar_male_180.gif?KID=imgbed,tva&Expires=1673958338&ssig=J0NQVo5kQx", "verified_reason": "", "verified_trade": "", "verified_reason_url": "", "verified_source": "", "verified_source_url": "", "follow_me": false, "like": false, "like_me": false, "online_status": 0, "bi_followers_count": 0, "lang": "zh-cn", "star": 0, "mbtype": 0, "mbrank": 0, "svip": 0, "mb_expire_time": 0, "block_word": 0, "block_app": 0, "chaohua_ability": 0, "brand_ability": 0, "nft_ability": 0, "vplus_ability": 0, "wenda_ability": 0, "live_ability": 0, "gongyi_ability": 0, "paycolumn_ability": 0, "newbrand_ability": 0, "ecommerce_ability": 0, "hardfan_ability": 0, "wbcolumn_ability": 0, "credit_score": 80, "user_ability": 2097152, "urank": 0, "story_read_state": -1, "vclub_member": 0, "is_teenager": 0, "is_guardian": 0, "is_teenager_list": 0, "pc_new": 0, "special_follow": false, "planet_video": 0, "video_mark": 0, "live_status": 0, "user_ability_extend": 0, "status_total_counter": {"total_cnt": 1, "repost_cnt": 0, "comment_cnt": 1, "like_cnt": 0, "comment_like_cnt": 0}, "video_total_counter": {"play_cnt": -1}, "brand_account": 0, "hongbaofei": 0, "tab_manage": "[0, 0]", "reward_status": 0, "green_mode": 0, "urisk": 17179869184, "avatar_type": 0}, "mid": "4848103440517818", "idstr": "4848103440517818", "status": {"visible": {"type": 0, "list_id": 0}, "created_at": "Sun Dec 18 18:03:45 +0800 2022", "id": 4848088462656687, "idstr": "4848088462656687", "mid": "4848088462656687", "can_edit": false, "version": 2, "show_additional_indication": 0, "text": "【2022考研须知：#广东考研学生须于12月20日进行核酸检测#】12月18日，广东省教育考试院发布《2023年全国硕士研究生招生考试（初试）考生须知》（下称《须知》），要求考生12月20日当天凭本人身份证和准考证到附近的核酸采样点进行一次单管核酸检测采样，随后考点将根据核酸检测结果适当调整考场安排， ​", "textLength": 753, "source_allowclick": 0, "source_type": 2, "source": "", "favorited": false, "truncated": false, "in_reply_to_status_id": "", "in_reply_to_user_id": "", "in_reply_to_screen_name": "", "pic_urls": [{"thumbnail_pic": "http://wx2.sinaimg.cn/thumbnail/001iFmCjly1h9840tzl54j61050w7b2902.jpg"}], "thumbnail_pic": "http://wx2.sinaimg.cn/thumbnail/001iFmCjly1h9840tzl54j61050w7b2902.jpg", "bmiddle_pic": "http://wx2.sinaimg.cn/bmiddle/001iFmCjly1h9840tzl54j61050w7b2902.jpg", "original_pic": "http://wx2.sinaimg.cn/large/001iFmCjly1h9840tzl54j61050w7b2902.jpg", "geo": null, "is_paid": false, "mblog_vip_type": 0, "user": {"id": 1191965271, "idstr": "1191965271", "class": 1, "screen_name": "三联生活周刊", "name": "三联生活周刊", "province": "11", "city": "1000", "location": "北京", "description": "一本杂志和他倡导的生活.", "url": "http://www.lifeweek.com.cn", "profile_image_url": "https://tvax2.sinaimg.cn/crop.0.0.1000.1000.50/001iFmCjly8h8vj76qxxtj60rs0rstaa02.jpg?KID=imgbed,tva&Expires=1673958338&ssig=cs0nLq40H6", "light_ring": false, "cover_image_phone": "https://ww1.sinaimg.cn/crop.0.0.640.640.640/549d0121tw1egm1kjly3jj20hs0hsq4f.jpg", "profile_url": "lifeweek", "domain": "lifeweek", "weihao": "", "gender": "m", "followers_count": 23478356, "followers_count_str": "2347.8万", "friends_count": 724, "pagefriends_count": 93, "statuses_count": 71440, "video_status_count": 1039, "video_play_count": 0, "super_topic_not_syn_count": 0, "favourites_count": 1108, "created_at": "Fri Aug 28 16:34:08 +0800 2009", "following": false, "allow_all_act_msg": true, "geo_enabled": true, "verified": true, "verified_type": 3, "remark": "", "insecurity": {"sexual_content": false}, "ptype": 200, "allow_all_comment": true, "avatar_large": "https://tvax2.sinaimg.cn/crop.0.0.1000.1000.180/001iFmCjly8h8vj76qxxtj60rs0rstaa02.jpg?KID=imgbed,tva&Expires=1673958338&ssig=ZFJLKi4oUd", "avatar_hd": "https://tvax2.sinaimg.cn/crop.0.0.1000.1000.1024/001iFmCjly8h8vj76qxxtj60rs0rstaa02.jpg?KID=imgbed,tva&Expires=1673958338&ssig=R5Q0Jt9WY5", "verified_reason": "《三联生活周刊》官方微博", "verified_trade": "", "verified_reason_url": "", "verified_source": "", "verified_source_url": "", "verified_state": 0, "verified_level": 3, "verified_type_ext": 50, "has_service_tel": false, "verified_reason_modified": "", "verified_contact_name": "", "verified_contact_email": "", "verified_contact_mobile": "", "follow_me": false, "like": false, "like_me": false, "online_status": 0, "bi_followers_count": 475, "lang": "zh-cn", "star": 0, "mbtype": 12, "mbrank": 7, "svip": 0, "mb_expire_time": 2047305600, "block_word": 0, "block_app": 1, "chaohua_ability": 0, "brand_ability": 0, "nft_ability": 0, "vplus_ability": 0, "wenda_ability": 0, "live_ability": 1, "gongyi_ability": 0, "paycolumn_ability": 0, "newbrand_ability": 0, "ecommerce_ability": 0, "hardfan_ability": 1, "wbcolumn_ability": 0, "credit_score": 80, "user_ability": -2136635896, "cardid": "star_1624", "avatargj_id": "gj_vip_691", "urank": 48, "story_read_state": -1, "vclub_member": 0, "is_teenager": 0, "is_guardian": 0, "is_teenager_list": 1, "pc_new": 7, "special_follow": false, "planet_video": 2, "video_mark": 15, "live_status": 0, "user_ability_extend": 1, "brand_account": 0, "hongbaofei": 0, "tab_manage": "[0, 0]", "reward_status": 0, "green_mode": 0, "urisk": 0, "avatar_type": 0}, "annotations": [{"photo_sub_type": "0"}, {}, {"client_mblogid": "iPhone-5667BAA5-B8B5-49E9-BC0F-6E1E66CEFEB1"}, {"mapi_request": true}], "picStatus": "0:1", "reposts_count": 0, "comments_count": 0, "reprint_cmt_count": 0, "attitudes_count": 0, "pending_approval_count": 0, "isLongText": true, "reward_exhibition_type": 0, "hide_flag": 0, "mlevel": 0, "show_mlevel": 0, "biz_feature": 4294967300, "page_type": 64, "hasActionTypeCard": 0, "darwin_tags": [], "hot_weibo_tags": [], "text_tag_tips": [], "mblogtype": 0, "userType": 0, "more_info_type": 0, "cardid": "star_1624", "positive_recom_flag": 0, "content_auth": 0, "gif_ids": "", "is_show_bulletin": 2, "comment_manage_info": {"comment_permission_type": -1, "approval_comment_type": 0, "comment_sort_type": 0, "ai_play_picture_type": 0}, "pic_num": 1, "can_reprint": false, "new_comment_style": 0}, "readtimetype": "comment", "match_ai_play_picture": false}