{"created_at": "Tue Jul 05 17:48:52 +0800 2022", "id": 4787928331717432, "rootid": 4787807489624168, "rootidstr": "4787807489624168", "floor_number": 0, "text": "回复@数据归集:是的，所以你懂我的意思吧？有些地方是觉得祖宗认可比领结婚证重要，有些地方不领结婚证就在一起生活生孩子的，这种离婚了怎么算？[允悲][允悲]离婚率一直就是按领证率算的", "disable_reply": 0, "restrictOperate": 0, "source_allowclick": 0, "source_type": 4, "source": "<a href=\"\" rel=\"nofollow\">来自河北</a>", "user": {"id": 6452790581, "idstr": "6452790581", "class": 1, "screen_name": "五颜劉Se", "name": "五颜劉Se", "province": "13", "city": "4", "location": "河北 邯郸", "description": "我脾气随人而定，你什么货色，我就什么脸色！", "url": "", "profile_image_url": "https://tvax1.sinaimg.cn/crop.0.0.996.996.50/0072HfBrly8fnoitlab8rj30ro0roae1.jpg?KID=imgbed,tva&Expires=1670006999&ssig=G244SPKQdk", "light_ring": false, "cover_image_phone": "http://ww2.sinaimg.cn/crop.0.0.640.640.640/6b513d12jw1f83ltmy20aj20hs0hs78g.jpg", "profile_url": "u/6452790581", "domain": "", "weihao": "", "gender": "f", "followers_count": 37, "followers_count_str": "37", "friends_count": 170, "pagefriends_count": 23, "statuses_count": 219, "video_status_count": 13, "video_play_count": 0, "super_topic_not_syn_count": 6, "favourites_count": 1, "created_at": "Sat Jan 06 10:29:26 +0800 2018", "following": false, "allow_all_act_msg": false, "geo_enabled": true, "verified": false, "verified_type": -1, "remark": "", "insecurity": {"sexual_content": false}, "ptype": 0, "allow_all_comment": true, "avatar_large": "https://tvax1.sinaimg.cn/crop.0.0.996.996.180/0072HfBrly8fnoitlab8rj30ro0roae1.jpg?KID=imgbed,tva&Expires=1670006999&ssig=TYe9z5SJwF", "avatar_hd": "https://tvax1.sinaimg.cn/crop.0.0.996.996.1024/0072HfBrly8fnoitlab8rj30ro0roae1.jpg?KID=imgbed,tva&Expires=1670006999&ssig=CCh059ZFJX", "verified_reason": "", "verified_trade": "", "verified_reason_url": "", "verified_source": "", "verified_source_url": "", "follow_me": false, "like": false, "like_me": false, "online_status": 0, "bi_followers_count": 26, "lang": "zh-cn", "star": 0, "mbtype": 12, "mbrank": 5, "svip": 0, "mb_expire_time": 1678464000, "block_word": 0, "block_app": 1, "chaohua_ability": 0, "brand_ability": 0, "nft_ability": 0, "vplus_ability": 0, "wenda_ability": 0, "live_ability": 0, "gongyi_ability": 0, "paycolumn_ability": 0, "newbrand_ability": 0, "ecommerce_ability": 0, "hardfan_ability": 0, "credit_score": 80, "user_ability": 3407872, "cardid": "star_1415", "avatargj_id": "gj_vip_162", "urank": 9, "story_read_state": -1, "vclub_member": 0, "is_teenager": 0, "is_guardian": 0, "is_teenager_list": 0, "pc_new": 0, "special_follow": false, "planet_video": 2, "video_mark": 2, "live_status": 0, "user_ability_extend": 0, "status_total_counter": {"total_cnt": 2141, "repost_cnt": 9, "comment_cnt": 1352, "like_cnt": 547, "comment_like_cnt": 233}, "video_total_counter": {"play_cnt": 7231}, "brand_account": 0, "hongbaofei": 0, "tab_manage": "[0, 0]", "reward_status": 0, "green_mode": 0, "mb_like_privilege": {"like_id": "0041_111", "like_desc": ""}, "urisk": 0, "avatar_type": 0}, "mid": "4787928331717432", "idstr": "4787928331717432", "status": {"visible": {"type": 0, "list_id": 0}, "created_at": "Sun Jul 03 20:21:14 +0800 2022", "id": 4787241899004294, "idstr": "4787241899004294", "mid": "4787241899004294", "can_edit": false, "version": 1, "show_additional_indication": 0, "text": "全国离婚率，数大东北最高，辽宁离婚率65.83%，黑龙江67.16%，吉林最离谱，离婚率71.51%，就是说在吉林不离婚显然是异类了。 ​", "textLength": 116, "source_allowclick": 0, "source_type": 1, "source": "<a href=\"http://app.weibo.com/t/feed/6vtZb0\" rel=\"nofollow\">微博 weibo.com</a>", "favorited": false, "truncated": false, "in_reply_to_status_id": "", "in_reply_to_user_id": "", "in_reply_to_screen_name": "", "pic_urls": [{"thumbnail_pic": "http://wx4.sinaimg.cn/thumbnail/007nBNKzgy1h3u08w6mtxj30u0195gue.jpg"}], "thumbnail_pic": "http://wx4.sinaimg.cn/thumbnail/007nBNKzgy1h3u08w6mtxj30u0195gue.jpg", "bmiddle_pic": "http://wx4.sinaimg.cn/bmiddle/007nBNKzgy1h3u08w6mtxj30u0195gue.jpg", "original_pic": "http://wx4.sinaimg.cn/large/007nBNKzgy1h3u08w6mtxj30u0195gue.jpg", "geo": null, "is_paid": false, "mblog_vip_type": 0, "user": {"id": 6761794931, "idstr": "6761794931", "class": 1, "screen_name": "数据归集", "name": "数据归集", "province": "44", "city": "1", "location": "广东 广州", "description": "【拒绝私聊，一言不合就拉黑】本微博2021年12月22号易主。努力只是及格，拼命才是优秀。", "url": "", "profile_image_url": "https://tvax2.sinaimg.cn/crop.40.80.1040.1040.50/007nBNKzly8h18exhkro6j30u0140agc.jpg?KID=imgbed,tva&Expires=1670006999&ssig=ll1AIu7G2y", "light_ring": false, "cover_image_phone": "http://ww1.sinaimg.cn/crop.0.0.640.640.640/549d0121tw1egm1kjly3jj20hs0hsq4f.jpg", "profile_url": "u/6761794931", "domain": "", "weihao": "", "gender": "f", "followers_count": 469149, "followers_count_str": "46.9万", "friends_count": 199, "pagefriends_count": 1, "statuses_count": 3069, "video_status_count": 834, "video_play_count": 0, "super_topic_not_syn_count": 0, "favourites_count": 2, "created_at": "Fri Oct 12 10:23:04 +0800 2018", "following": false, "allow_all_act_msg": false, "geo_enabled": true, "verified": true, "verified_type": 0, "remark": "", "insecurity": {"sexual_content": false}, "ptype": 0, "allow_all_comment": true, "avatar_large": "https://tvax2.sinaimg.cn/crop.40.80.1040.1040.180/007nBNKzly8h18exhkro6j30u0140agc.jpg?KID=imgbed,tva&Expires=1670006999&ssig=xNUtgwnwbe", "avatar_hd": "https://tvax2.sinaimg.cn/crop.40.80.1040.1040.1024/007nBNKzly8h18exhkro6j30u0140agc.jpg?KID=imgbed,tva&Expires=1670006999&ssig=5dkLqKFn7R", "verified_reason": "财经博主", "verified_trade": "", "verified_reason_url": "", "verified_source": "", "verified_source_url": "", "verified_state": 0, "verified_level": 3, "verified_type_ext": 0, "has_service_tel": false, "verified_reason_modified": "", "verified_contact_name": "", "verified_contact_email": "", "verified_contact_mobile": "", "follow_me": false, "like": false, "like_me": false, "online_status": 0, "bi_followers_count": 21, "lang": "zh-cn", "star": 0, "mbtype": 12, "mbrank": 5, "svip": 0, "mb_expire_time": 1715011200, "block_word": 0, "block_app": 1, "chaohua_ability": 0, "brand_ability": 0, "nft_ability": 0, "vplus_ability": 3, "wenda_ability": 0, "live_ability": 0, "gongyi_ability": 0, "paycolumn_ability": 0, "newbrand_ability": 0, "ecommerce_ability": 0, "hardfan_ability": 0, "credit_score": 80, "user_ability": 10881544, "avatargj_id": "gj_vip_011", "urank": 21, "story_read_state": -1, "verified_detail": {"custom": 0, "data": [{"key": 2, "sub_key": 0, "weight": 101, "desc": "财经博主"}]}, "vclub_member": 0, "is_teenager": 0, "is_guardian": 0, "is_teenager_list": 0, "pc_new": 6, "special_follow": false, "planet_video": 2, "video_mark": 14, "live_status": 0, "user_ability_extend": 0, "status_total_counter": {"total_cnt": 430751, "repost_cnt": 43750, "comment_cnt": 58669, "like_cnt": 167680, "comment_like_cnt": 160652}, "video_total_counter": {"play_cnt": 27343152}, "brand_account": 0, "hongbaofei": 0, "tab_manage": "[0, 0]", "reward_status": 0, "green_mode": 0, "urisk": 326954385408, "avatar_type": 0}, "picStatus": "1", "reposts_count": 0, "comments_count": 0, "reprint_cmt_count": 0, "attitudes_count": 0, "pending_approval_count": 0, "isLongText": false, "reward_exhibition_type": 0, "hide_flag": 0, "mlevel": 128, "show_mlevel": 0, "biz_feature": 0, "hasActionTypeCard": 0, "darwin_tags": [], "hot_weibo_tags": [], "text_tag_tips": [], "mblogtype": 0, "userType": 0, "mlevelSource": "monitor", "more_info_type": 0, "number_display_strategy": {"apply_scenario_flag": 3, "display_text_min_number": 1000000, "display_text": "100万+"}, "positive_recom_flag": 0, "content_auth": 0, "gif_ids": "", "is_show_bulletin": 2, "comment_manage_info": {"comment_permission_type": -1, "approval_comment_type": 0, "comment_sort_type": 0, "ai_play_picture_type": 0}, "pic_num": 1, "can_reprint": false, "new_comment_style": 0}, "reply_comment": {"created_at": "Tue Jul 05 17:33:34 +0800 2022", "id": 4787924484489811, "rootid": 4787807489624168, "rootidstr": "4787807489624168", "floor_number": 0, "text": "回复@五颜劉Se:对呀，因好多东北人到外地工作就在当地定居入户结婚了，我认识好多东北人就在广东广西定居结婚。", "disable_reply": 0, "is_mblog_author": true, "restrictOperate": 0, "comment_badge": [{"pic_url": "https://h5.sinaimg.cn/upload/1007/25/2019/05/17/feed_icon_poster_identity133low.png", "name": "blogger", "length": 1.33, "actionlog": {"act_code": "3671", "ext": "status:author"}, "scheme": "https://kefu.weibo.com/faqdetail?id=20848"}], "user": {"id": 6761794931, "idstr": "6761794931", "class": 1, "screen_name": "数据归集", "name": "数据归集", "province": "44", "city": "1", "location": "广东 广州", "description": "【拒绝私聊，一言不合就拉黑】本微博2021年12月22号易主。努力只是及格，拼命才是优秀。", "url": "", "profile_image_url": "https://tvax2.sinaimg.cn/crop.40.80.1040.1040.50/007nBNKzly8h18exhkro6j30u0140agc.jpg?KID=imgbed,tva&Expires=1670006999&ssig=ll1AIu7G2y", "light_ring": false, "cover_image_phone": "http://ww1.sinaimg.cn/crop.0.0.640.640.640/549d0121tw1egm1kjly3jj20hs0hsq4f.jpg", "profile_url": "u/6761794931", "domain": "", "weihao": "", "gender": "f", "followers_count": 469149, "followers_count_str": "46.9万", "friends_count": 199, "pagefriends_count": 1, "statuses_count": 3069, "video_status_count": 834, "video_play_count": 0, "super_topic_not_syn_count": 0, "favourites_count": 2, "created_at": "Fri Oct 12 10:23:04 +0800 2018", "following": false, "allow_all_act_msg": false, "geo_enabled": true, "verified": true, "verified_type": 0, "remark": "", "insecurity": {"sexual_content": false}, "ptype": 0, "allow_all_comment": true, "avatar_large": "https://tvax2.sinaimg.cn/crop.40.80.1040.1040.180/007nBNKzly8h18exhkro6j30u0140agc.jpg?KID=imgbed,tva&Expires=1670006999&ssig=xNUtgwnwbe", "avatar_hd": "https://tvax2.sinaimg.cn/crop.40.80.1040.1040.1024/007nBNKzly8h18exhkro6j30u0140agc.jpg?KID=imgbed,tva&Expires=1670006999&ssig=5dkLqKFn7R", "verified_reason": "财经博主", "verified_trade": "", "verified_reason_url": "", "verified_source": "", "verified_source_url": "", "verified_state": 0, "verified_level": 3, "verified_type_ext": 0, "has_service_tel": false, "verified_reason_modified": "", "verified_contact_name": "", "verified_contact_email": "", "verified_contact_mobile": "", "follow_me": false, "like": false, "like_me": false, "online_status": 0, "bi_followers_count": 21, "lang": "zh-cn", "star": 0, "mbtype": 12, "mbrank": 5, "svip": 0, "mb_expire_time": 1715011200, "block_word": 0, "block_app": 1, "chaohua_ability": 0, "brand_ability": 0, "nft_ability": 0, "vplus_ability": 3, "wenda_ability": 0, "live_ability": 0, "gongyi_ability": 0, "paycolumn_ability": 0, "newbrand_ability": 0, "ecommerce_ability": 0, "hardfan_ability": 0, "credit_score": 80, "user_ability": 10881544, "avatargj_id": "gj_vip_011", "urank": 21, "story_read_state": -1, "verified_detail": {"custom": 0, "data": [{"key": 2, "sub_key": 0, "weight": 101, "desc": "财经博主"}]}, "vclub_member": 0, "is_teenager": 0, "is_guardian": 0, "is_teenager_list": 0, "pc_new": 6, "special_follow": false, "planet_video": 2, "video_mark": 14, "live_status": 0, "user_ability_extend": 0, "status_total_counter": {"total_cnt": 430751, "repost_cnt": 43750, "comment_cnt": 58669, "like_cnt": 167680, "comment_like_cnt": 160652}, "video_total_counter": {"play_cnt": 27343152}, "brand_account": 0, "hongbaofei": 0, "tab_manage": "[0, 0]", "reward_status": 0, "green_mode": 0, "urisk": 326954385408, "avatar_type": 0}, "mid": "4787924484489811", "idstr": "4787924484489811", "match_ai_play_picture": false}, "reply_original_text": "是的，所以你懂我的意思吧？有些地方是觉得祖宗认可比领结婚证重要，有些地方不领结婚证就在一起生活生孩子的，这种离婚了怎么算？[允悲][允悲]离婚率一直就是按领证率算的", "readtimetype": "comment", "match_ai_play_picture": false}