{"created_at": "Mon Jul 04 05:55:45 +0800 2022", "id": 4787386486095964, "rootid": 4787264044929607, "rootidstr": "4787264044929607", "floor_number": 0, "text": "回复@櫻桃小完徒子:广东人离婚的的确不多，他们很注重家庭，把老婆和玩玩分的很清楚。", "disable_reply": 0, "restrictOperate": 0, "source_allowclick": 0, "source_type": 4, "source": "<a href=\"\" rel=\"nofollow\">来自河南</a>", "user": {"id": 6319733143, "idstr": "6319733143", "class": 1, "screen_name": "瞅啥呢没名字", "name": "瞅啥呢没名字", "province": "100", "city": "1000", "location": "其他", "description": "", "url": "", "profile_image_url": "https://tvax3.sinaimg.cn/crop.0.0.512.512.50/006TGXhJly8gz52ux2jlij30e80e8q3u.jpg?KID=imgbed,tva&Expires=1672470969&ssig=e1%2FT1zuUKl", "light_ring": false, "profile_url": "u/6319733143", "domain": "", "weihao": "", "gender": "m", "followers_count": 15, "followers_count_str": "15", "friends_count": 131, "pagefriends_count": 4, "statuses_count": 115, "video_status_count": 0, "video_play_count": 0, "super_topic_not_syn_count": 0, "favourites_count": 0, "created_at": "Sun Aug 06 22:52:34 +0800 2017", "following": false, "allow_all_act_msg": false, "geo_enabled": true, "verified": false, "verified_type": -1, "remark": "", "insecurity": {"sexual_content": false}, "ptype": 0, "allow_all_comment": true, "avatar_large": "https://tvax3.sinaimg.cn/crop.0.0.512.512.180/006TGXhJly8gz52ux2jlij30e80e8q3u.jpg?KID=imgbed,tva&Expires=1672470969&ssig=tED1EHNUsI", "avatar_hd": "https://tvax3.sinaimg.cn/crop.0.0.512.512.1024/006TGXhJly8gz52ux2jlij30e80e8q3u.jpg?KID=imgbed,tva&Expires=1672470969&ssig=ZUaMR%2Bt8Ly", "verified_reason": "", "verified_trade": "", "verified_reason_url": "", "verified_source": "", "verified_source_url": "", "follow_me": false, "like": false, "like_me": false, "online_status": 0, "bi_followers_count": 10, "lang": "zh-cn", "star": 0, "mbtype": 0, "mbrank": 0, "svip": 0, "mb_expire_time": 0, "block_word": 0, "block_app": 0, "chaohua_ability": 0, "brand_ability": 0, "nft_ability": 0, "vplus_ability": 0, "wenda_ability": 0, "live_ability": 0, "gongyi_ability": 0, "paycolumn_ability": 0, "newbrand_ability": 0, "ecommerce_ability": 0, "hardfan_ability": 0, "credit_score": 80, "user_ability": 2097152, "urank": 1, "story_read_state": -1, "vclub_member": 0, "is_teenager": 0, "is_guardian": 0, "is_teenager_list": 0, "pc_new": 0, "special_follow": false, "planet_video": 0, "video_mark": 0, "live_status": 0, "user_ability_extend": 0, "status_total_counter": {"total_cnt": 65, "repost_cnt": 1, "comment_cnt": 11, "like_cnt": 44, "comment_like_cnt": 9}, "video_total_counter": {"play_cnt": -1}, "brand_account": 0, "hongbaofei": 0, "tab_manage": "[0, 0]", "reward_status": 0, "green_mode": 0, "urisk": 0, "avatar_type": 0}, "mid": "4787386486095964", "idstr": "4787386486095964", "status": {"visible": {"type": 0, "list_id": 0}, "created_at": "Sun Jul 03 20:21:14 +0800 2022", "id": 4787241899004294, "idstr": "4787241899004294", "mid": "4787241899004294", "can_edit": false, "version": 1, "show_additional_indication": 0, "text": "全国离婚率，数大东北最高，辽宁离婚率65.83%，黑龙江67.16%，吉林最离谱，离婚率71.51%，就是说在吉林不离婚显然是异类了。 ​", "textLength": 116, "source_allowclick": 0, "source_type": 1, "source": "<a href=\"http://app.weibo.com/t/feed/6vtZb0\" rel=\"nofollow\">微博 weibo.com</a>", "favorited": false, "truncated": false, "in_reply_to_status_id": "", "in_reply_to_user_id": "", "in_reply_to_screen_name": "", "pic_urls": [{"thumbnail_pic": "http://wx4.sinaimg.cn/thumbnail/007nBNKzgy1h3u08w6mtxj30u0195gue.jpg"}], "thumbnail_pic": "http://wx4.sinaimg.cn/thumbnail/007nBNKzgy1h3u08w6mtxj30u0195gue.jpg", "bmiddle_pic": "http://wx4.sinaimg.cn/bmiddle/007nBNKzgy1h3u08w6mtxj30u0195gue.jpg", "original_pic": "http://wx4.sinaimg.cn/large/007nBNKzgy1h3u08w6mtxj30u0195gue.jpg", "geo": null, "is_paid": false, "mblog_vip_type": 0, "user": {"id": 6761794931, "idstr": "6761794931", "class": 1, "screen_name": "数据归集", "name": "数据归集", "province": "44", "city": "1", "location": "广东 广州", "description": "【拒绝私聊，一言不合就拉黑】本微博2021年12月22号易主。努力只是及格，拼命才是优秀。", "url": "", "profile_image_url": "https://tvax2.sinaimg.cn/crop.40.80.1040.1040.50/007nBNKzly8h18exhkro6j30u0140agc.jpg?KID=imgbed,tva&Expires=1672470969&ssig=r3hc0Kv0gC", "light_ring": false, "cover_image_phone": "https://ww1.sinaimg.cn/crop.0.0.640.640.640/549d0121tw1egm1kjly3jj20hs0hsq4f.jpg", "profile_url": "u/6761794931", "domain": "", "weihao": "", "gender": "f", "followers_count": 469016, "followers_count_str": "46.9万", "friends_count": 199, "pagefriends_count": 1, "statuses_count": 3069, "video_status_count": 834, "video_play_count": 0, "super_topic_not_syn_count": 0, "favourites_count": 2, "created_at": "Fri Oct 12 10:23:04 +0800 2018", "following": false, "allow_all_act_msg": false, "geo_enabled": true, "verified": true, "verified_type": 0, "remark": "", "insecurity": {"sexual_content": false}, "ptype": 0, "allow_all_comment": true, "avatar_large": "https://tvax2.sinaimg.cn/crop.40.80.1040.1040.180/007nBNKzly8h18exhkro6j30u0140agc.jpg?KID=imgbed,tva&Expires=1672470969&ssig=%2BwJ%2BTVVFac", "avatar_hd": "https://tvax2.sinaimg.cn/crop.40.80.1040.1040.1024/007nBNKzly8h18exhkro6j30u0140agc.jpg?KID=imgbed,tva&Expires=1672470969&ssig=1oVlDMsbqZ", "verified_reason": "财经博主", "verified_trade": "", "verified_reason_url": "", "verified_source": "", "verified_source_url": "", "verified_state": 0, "verified_level": 3, "verified_type_ext": 0, "has_service_tel": false, "verified_reason_modified": "", "verified_contact_name": "", "verified_contact_email": "", "verified_contact_mobile": "", "follow_me": false, "like": false, "like_me": false, "online_status": 0, "bi_followers_count": 21, "lang": "zh-cn", "star": 0, "mbtype": 12, "mbrank": 5, "svip": 0, "mb_expire_time": 1715011200, "block_word": 0, "block_app": 1, "chaohua_ability": 0, "brand_ability": 0, "nft_ability": 0, "vplus_ability": 3, "wenda_ability": 0, "live_ability": 0, "gongyi_ability": 0, "paycolumn_ability": 0, "newbrand_ability": 0, "ecommerce_ability": 0, "hardfan_ability": 0, "credit_score": 80, "user_ability": 10881544, "avatargj_id": "gj_vip_011", "urank": 21, "story_read_state": -1, "verified_detail": {"custom": 0, "data": [{"key": 2, "sub_key": 0, "weight": 101, "desc": "财经博主"}]}, "vclub_member": 0, "is_teenager": 0, "is_guardian": 0, "is_teenager_list": 0, "pc_new": 6, "special_follow": false, "planet_video": 2, "video_mark": 14, "live_status": 0, "user_ability_extend": 0, "status_total_counter": {"total_cnt": 430560, "repost_cnt": 43638, "comment_cnt": 58653, "like_cnt": 167617, "comment_like_cnt": 160652}, "video_total_counter": {"play_cnt": 27354147}, "brand_account": 0, "hongbaofei": 0, "tab_manage": "[0, 0]", "reward_status": 0, "green_mode": 0, "urisk": 17179869184, "avatar_type": 0}, "picStatus": "1", "reposts_count": 0, "comments_count": 0, "reprint_cmt_count": 0, "attitudes_count": 0, "pending_approval_count": 0, "isLongText": false, "reward_exhibition_type": 0, "hide_flag": 0, "mlevel": 128, "show_mlevel": 0, "biz_feature": 0, "hasActionTypeCard": 0, "darwin_tags": [], "hot_weibo_tags": [], "text_tag_tips": [], "mblogtype": 0, "userType": 0, "mlevelSource": "monitor", "more_info_type": 0, "number_display_strategy": {"apply_scenario_flag": 3, "display_text_min_number": 1000000, "display_text": "100万+"}, "positive_recom_flag": 0, "content_auth": 0, "gif_ids": "", "is_show_bulletin": 2, "comment_manage_info": {"comment_permission_type": -1, "approval_comment_type": 0, "comment_sort_type": 0, "ai_play_picture_type": 0}, "pic_num": 1, "can_reprint": false, "new_comment_style": 0}, "reply_comment": {"created_at": "Sun Jul 03 21:49:14 +0800 2022", "id": 4787264044929607, "rootid": 4787264044929607, "rootidstr": "4787264044929607", "floor_number": 42, "text": "广东那么低吗", "disable_reply": 0, "restrictOperate": 0, "user": {"id": 1569400332, "idstr": "1569400332", "class": 1, "screen_name": "櫻桃小完徒子", "name": "櫻桃小完徒子", "province": "44", "city": "1000", "location": "广东", "description": "不忘初心", "url": "", "profile_image_url": "https://tvax3.sinaimg.cn/crop.0.0.996.996.50/5d8b260cly8gxe9fytokuj20ro0ro74y.jpg?KID=imgbed,tva&Expires=1672470969&ssig=wNYhZBuxIp", "light_ring": false, "cover_image_phone": "https://ww4.sinaimg.cn/crop.0.0.640.640.640/6ce2240djw1e8iktk4ohij20hs0hsmz6.jpg", "profile_url": "u/1569400332", "domain": "", "weihao": "", "gender": "f", "followers_count": 26, "followers_count_str": "26", "friends_count": 324, "pagefriends_count": 5, "statuses_count": 37, "video_status_count": 0, "video_play_count": 0, "super_topic_not_syn_count": 0, "favourites_count": 4, "created_at": "Thu Apr 08 13:27:48 +0800 2010", "following": false, "allow_all_act_msg": false, "geo_enabled": false, "verified": false, "verified_type": -1, "remark": "", "insecurity": {"sexual_content": false}, "ptype": 0, "allow_all_comment": true, "avatar_large": "https://tvax3.sinaimg.cn/crop.0.0.996.996.180/5d8b260cly8gxe9fytokuj20ro0ro74y.jpg?KID=imgbed,tva&Expires=1672470969&ssig=OvD4%2B%2Bn11T", "avatar_hd": "https://tvax3.sinaimg.cn/crop.0.0.996.996.1024/5d8b260cly8gxe9fytokuj20ro0ro74y.jpg?KID=imgbed,tva&Expires=1672470969&ssig=mzEmQUB%2B0s", "verified_reason": "", "verified_trade": "", "verified_reason_url": "", "verified_source": "", "verified_source_url": "", "follow_me": false, "like": false, "like_me": false, "online_status": 0, "bi_followers_count": 2, "lang": "zh-cn", "star": 0, "mbtype": 2, "mbrank": 3, "svip": 0, "mb_expire_time": 1584028799, "block_word": 0, "block_app": 0, "credit_score": 80, "user_ability": 2097152, "urank": 9, "story_read_state": -1, "vclub_member": 0, "is_teenager": 0, "is_guardian": 0, "is_teenager_list": 0, "pc_new": 0, "special_follow": false, "planet_video": 0, "video_mark": 0, "live_status": 0, "user_ability_extend": 0, "status_total_counter": {"total_cnt": 0, "repost_cnt": 0, "comment_cnt": 0, "like_cnt": 0, "comment_like_cnt": 0}, "video_total_counter": {"play_cnt": -1}, "brand_account": 0, "hongbaofei": 0, "tab_manage": "[0, 0]", "green_mode": 0, "urisk": 549755813888, "block": 0, "block_me": 0, "avatar_type": 0}, "mid": "4787264044929607", "idstr": "4787264044929607", "match_ai_play_picture": false}, "reply_original_text": "广东人离婚的的确不多，他们很注重家庭，把老婆和玩玩分的很清楚。", "readtimetype": "comment", "match_ai_play_picture": false}