{"mid": "5189449744", "uid": "MkWOnpuuY", "name": "安阳开发区第三小学", "time": "2022-12-23 19:46:00", "local": "河南", "iphone": "微博视频号", "context": "【#冬至延时摄影记录文心兰绽放#】“夏尽秋分日，春生冬至时。”恰逢冬至时节，云南昆明的摄影师通过延时摄影，记录下#文心兰枝头绽放瞬间#。嫩黄色的花苞逐渐向外舒展开来，蕴含着无穷的生命力，如同成群的蝴蝶簇拥在枝头起舞。荔枝风景线的微博视频", "comment_num": "0", "like_num": "0", "user": {"focus": "133", "fans": "307", "tweet": "11623"}}