{"mid": "5042958097", "uid": "Mjh0FeFOm", "name": "兔玩游戏", "time": "2022-12-12 19:31:00", "local": "广西", "iphone": "微博 weibo.com", "context": "#Ning重回赛场#。。@UP英雄联盟分部更博：。。#Ning加入UP#【UP.Ning正式连接】。。经过与选手的良好沟通，我们很高兴地宣布，Ning（高振宁）@此昵称已被注册Ning将正式加入UP英雄联盟分部担任打野位，与我们一同征战。。。他是S8英雄联盟全球总决赛冠军打野，与战队共同捧起属于LPL的第一个全球总决赛冠军奖杯。。他是S8英雄联盟全球总决赛FMVP，奖杯上第一次刻下了中国选手的名字。。。不羁少年郎，天地试锋芒。生而无畏，敢打敢拼——骁勇善战力挽狂澜，永远不缺乏“再试一脚”的勇气。勇士以不屈的意志，一步一步，斩获荣誉与勋章，留下波澜壮阔的故事。。。故事尚未结束。。两年未见，如今，桀骜少年再度启程。。Ning，欢迎归来！。。*目前俱乐部正配合联盟进行选手注册流程。。。#2022lol冬季转会期#", "comment_num": "361", "like_num": "5827", "user": {"focus": "987", "fans": "843.2万", "tweet": "11万"}}