{"created_at": "Mon Dec 19 10:52:07 +0800 2022", "id": 4848342225660443, "rootid": 4848342225660443, "rootidstr": "4848342225660443", "floor_number": 4, "text": "[话筒]", "disable_reply": 0, "restrictOperate": 0, "user": {"id": 1900412195, "idstr": "1900412195", "class": 1, "screen_name": "平安绵阳", "name": "平安绵阳", "province": "51", "city": "7", "location": "四川 绵阳", "description": "这里是绵阳市公安局官方微博，欢迎您的关注和来访，感谢您一直以来的支持和理解！", "url": "http://gaj.my.gov.cn/", "profile_image_url": "https://tvax4.sinaimg.cn/crop.0.0.709.709.50/7145fd23ly8h8w5hdt4r4j20jp0jpdi4.jpg?KID=imgbed,tva&Expires=1671526434&ssig=N3zpeJb03u", "light_ring": false, "cover_image_phone": "https://wx1.sinaimg.cn/crop.0.0.640.640.640/7145fd23ly1h12f4m2nu5j20u00u0tdn.jpg", "profile_url": "u/1900412195", "domain": "", "weihao": "", "gender": "m", "followers_count": 375498, "followers_count_str": "37.5万", "friends_count": 1078, "pagefriends_count": 8, "statuses_count": 46905, "video_status_count": 1078, "video_play_count": 0, "super_topic_not_syn_count": 0, "favourites_count": 16, "created_at": "Thu Dec 23 09:49:32 +0800 2010", "following": false, "allow_all_act_msg": false, "geo_enabled": true, "verified": true, "verified_type": 1, "remark": "", "insecurity": {"sexual_content": false}, "ptype": 0, "allow_all_comment": true, "avatar_large": "https://tvax4.sinaimg.cn/crop.0.0.709.709.180/7145fd23ly8h8w5hdt4r4j20jp0jpdi4.jpg?KID=imgbed,tva&Expires=1671526434&ssig=Xdp5Ho8dli", "avatar_hd": "https://tvax4.sinaimg.cn/crop.0.0.709.709.1024/7145fd23ly8h8w5hdt4r4j20jp0jpdi4.jpg?KID=imgbed,tva&Expires=1671526434&ssig=B1B%2Flb98GN", "verified_reason": "四川省绵阳市公安局官方微博", "verified_trade": "", "verified_reason_url": "", "verified_source": "", "verified_source_url": "", "verified_state": 0, "verified_level": 3, "verified_type_ext": 0, "has_service_tel": false, "verified_reason_modified": "", "verified_contact_name": "", "verified_contact_email": "", "verified_contact_mobile": "", "follow_me": false, "like": false, "like_me": false, "online_status": 0, "bi_followers_count": 895, "lang": "zh-cn", "star": 0, "mbtype": 12, "mbrank": 7, "svip": 0, "mb_expire_time": 1678032000, "block_word": 0, "block_app": 1, "chaohua_ability": 0, "brand_ability": 0, "nft_ability": 0, "vplus_ability": 0, "wenda_ability": 0, "live_ability": 1, "gongyi_ability": 0, "paycolumn_ability": 0, "newbrand_ability": 0, "ecommerce_ability": 0, "hardfan_ability": 1, "credit_score": 80, "user_ability": 547619336, "cardid": "star_1624", "avatargj_id": "gj_vip_073", "urank": 44, "story_read_state": -1, "vclub_member": 0, "is_teenager": 0, "is_guardian": 0, "is_teenager_list": 1, "pc_new": 7, "special_follow": false, "planet_video": 2, "video_mark": 15, "live_status": 0, "user_ability_extend": 1, "status_total_counter": {"total_cnt": 1551688, "repost_cnt": 98544, "comment_cnt": 714790, "like_cnt": 618028, "comment_like_cnt": 120326}, "video_total_counter": {"play_cnt": 26721357}, "brand_account": 0, "hongbaofei": 0, "tab_manage": "[0, 0]", "reward_status": 0, "green_mode": 0, "urisk": 0, "avatar_type": 0}, "mid": "4848342225660443", "idstr": "4848342225660443", "status": {"visible": {"type": 0, "list_id": 0}, "created_at": "Mon Dec 19 07:26:05 +0800 2022", "id": 4848290376451115, "idstr": "4848290376451115", "mid": "4848290376451115", "can_edit": false, "version": 1, "show_additional_indication": 0, "text": "#消防员逆行消失在滚滚浓烟中#【#带80岁奶奶买鞋全家配合演戏砍价#[心]】近日，四川凉山，曾女士全家带着80岁奶奶去买新鞋，怕奶奶嫌贵故意说是60元，但奶奶还是嫌贵，全家人就和售货员“配合”砍价，砍到了30元，奶奶才高高兴兴穿走了新鞋。（新华每日电讯） http://t.cn/A6KWlUMR ​", "textLength": 264, "source_allowclick": 1, "source_type": 1, "source": "<a href=\"http://app.weibo.com/t/feed/2purTX\" rel=\"nofollow\">荣耀 9X PRO</a>", "favorited": false, "truncated": false, "in_reply_to_status_id": "", "in_reply_to_user_id": "", "in_reply_to_screen_name": "", "pic_urls": [], "geo": null, "is_paid": false, "mblog_vip_type": 0, "user": {"id": 5144607534, "idstr": "5144607534", "class": 1, "screen_name": "平安越西", "name": "平安越西", "province": "51", "city": "1000", "location": "四川", "description": "这里是四川省凉山彝族自治州越西县公安局网络问政平台，在这里，您可以了解到越西警方的新闻资讯。遇有危难请拨打110。", "url": "", "profile_image_url": "https://tvax2.sinaimg.cn/crop.0.0.512.512.50/005CafqSly8gdj3j4dxinj30e80e80tv.jpg?KID=imgbed,tva&Expires=1671526434&ssig=XZDPu7GfV3", "light_ring": false, "cover_image": "https://wx1.sinaimg.cn/crop.0.0.920.300/005CafqSgy1gwabloz11zj30pk08cq5j.jpg", "cover_image_phone": "https://wx1.sinaimg.cn/crop.0.0.640.640.640/005CafqSly1gdj3jezor8j30e80e8abs.jpg", "profile_url": "yuexipolice", "domain": "yuexipolice", "weihao": "", "gender": "m", "followers_count": 3351, "followers_count_str": "3351", "friends_count": 195, "pagefriends_count": 13, "statuses_count": 4743, "video_status_count": 109, "video_play_count": 0, "super_topic_not_syn_count": 0, "favourites_count": 2, "created_at": "Fri May 16 11:56:13 +0800 2014", "following": false, "allow_all_act_msg": false, "geo_enabled": true, "verified": true, "verified_type": 1, "remark": "", "insecurity": {"sexual_content": false}, "ptype": 0, "allow_all_comment": true, "avatar_large": "https://tvax2.sinaimg.cn/crop.0.0.512.512.180/005CafqSly8gdj3j4dxinj30e80e80tv.jpg?KID=imgbed,tva&Expires=1671526434&ssig=94WCosnjbX", "avatar_hd": "https://tvax2.sinaimg.cn/crop.0.0.512.512.1024/005CafqSly8gdj3j4dxinj30e80e80tv.jpg?KID=imgbed,tva&Expires=1671526434&ssig=zbiYgOy4vn", "verified_reason": "四川省凉山州越西县公安局官方微博", "verified_trade": "", "verified_reason_url": "", "verified_source": "", "verified_source_url": "", "verified_state": 0, "verified_level": 3, "verified_type_ext": 0, "has_service_tel": false, "verified_reason_modified": "", "verified_contact_name": "", "verified_contact_email": "", "verified_contact_mobile": "", "follow_me": false, "like": false, "like_me": false, "online_status": 0, "bi_followers_count": 93, "lang": "zh-cn", "star": 0, "mbtype": 0, "mbrank": 0, "svip": 0, "mb_expire_time": 0, "block_word": 0, "block_app": 0, "chaohua_ability": 0, "brand_ability": 0, "nft_ability": 0, "vplus_ability": 0, "wenda_ability": 0, "live_ability": 0, "gongyi_ability": 0, "paycolumn_ability": 0, "newbrand_ability": 0, "ecommerce_ability": 0, "hardfan_ability": 0, "credit_score": 80, "user_ability": 10747904, "cardid": "star_1624", "urank": 14, "story_read_state": -1, "vclub_member": 0, "is_teenager": 0, "is_guardian": 0, "is_teenager_list": 0, "pc_new": 7, "special_follow": false, "planet_video": 2, "video_mark": 14, "live_status": 0, "user_ability_extend": 0, "status_total_counter": {"total_cnt": 104370, "repost_cnt": 818, "comment_cnt": 60393, "like_cnt": 35694, "comment_like_cnt": 7465}, "video_total_counter": {"play_cnt": 85976}, "brand_account": 0, "hongbaofei": 0, "tab_manage": "[0, 0]", "reward_status": 0, "green_mode": 0, "urisk": 0, "avatar_type": 0}, "annotations": [{"ann_ext": "ann_ext:search|t:3|q:#消防员逆行消失在滚滚浓烟中#|creator_source:bottomsendweibo|super_exparams=>{\"system_pic_only\":0}"}, {"shooting": 1, "client_mblogid": "482d6334-da68-4a37-92fe-ee22db8b6cf0"}, {"mapi_request": true}], "reposts_count": 0, "comments_count": 0, "reprint_cmt_count": 0, "attitudes_count": 0, "pending_approval_count": 0, "isLongText": false, "reward_exhibition_type": 0, "hide_flag": 0, "mlevel": 0, "show_mlevel": 0, "biz_ids": [230444], "biz_feature": 4294967304, "page_type": 64, "hasActionTypeCard": 0, "darwin_tags": [], "hot_weibo_tags": [], "text_tag_tips": [], "mblogtype": 0, "userType": 0, "more_info_type": 0, "cardid": "star_1624", "positive_recom_flag": 0, "content_auth": 0, "gif_ids": "", "is_show_bulletin": 2, "comment_manage_info": {"comment_permission_type": -1, "approval_comment_type": 0, "comment_sort_type": 0, "ai_play_picture_type": 0}, "pic_num": 0, "can_reprint": false, "new_comment_style": 0}, "readtimetype": "comment", "comment_dynamic_message": {"id": "0", "start_color": "#00FFFFFF", "end_color": "#1AFFFFFF", "start_color_dark": "#003A3A3A", "end_color_dark": "#333A3A3A", "name": {"zh_CN": "默认", "zh_HK": "默認", "en_US": "default"}, "scheme": "https://new.vip.weibo.cn/bubble/mall?showmenu=0&decorateId=0&uid=1900412195", "allow_vip_box_content": "用此评论气泡", "allow_vip_box_icon": "https://h5.sinaimg.cn/upload/100/1720/2022/08/08/icon_VIP_for_comment_bubble.png"}, "match_ai_play_picture": false}