{"created_at": "Mon Dec 12 20:09:24 +0800 2022", "id": 4845945755798522, "rootid": 4845945755798522, "rootidstr": "4845945755798522", "floor_number": 6, "text": "这是我喜欢的节奏", "disable_reply": 0, "restrictOperate": 0, "source_allowclick": 0, "source_type": 4, "source": "<a href=\"\" rel=\"nofollow\">来自江苏</a>", "user": {"id": 3948740267, "idstr": "3948740267", "class": 1, "screen_name": "幸运的eileenzheng", "name": "幸运的eileenzheng", "province": "44", "city": "1", "location": "广东 广州", "description": "", "url": "", "profile_image_url": "https://tvax4.sinaimg.cn/crop.0.0.1080.1080.50/eb5cfeably8gxu0ltpkstj20u00u00tz.jpg?KID=imgbed,tva&Expires=1670863851&ssig=E%2FiDXbD5bp", "light_ring": false, "cover_image_phone": "https://ww1.sinaimg.cn/crop.0.0.640.640.640/549d0121tw1egm1kjly3jj20hs0hsq4f.jpg", "profile_url": "u/3948740267", "domain": "", "weihao": "", "gender": "f", "followers_count": 15, "followers_count_str": "15", "friends_count": 186, "pagefriends_count": 2, "statuses_count": 40203, "video_status_count": 0, "video_play_count": 0, "super_topic_not_syn_count": 0, "favourites_count": 0, "created_at": "Thu Dec 19 18:57:58 +0800 2013", "following": false, "allow_all_act_msg": false, "geo_enabled": true, "verified": false, "verified_type": -1, "remark": "", "insecurity": {"sexual_content": false}, "ptype": 0, "allow_all_comment": true, "avatar_large": "https://tvax4.sinaimg.cn/crop.0.0.1080.1080.180/eb5cfeably8gxu0ltpkstj20u00u00tz.jpg?KID=imgbed,tva&Expires=1670863851&ssig=PzlkZCbMfU", "avatar_hd": "https://tvax4.sinaimg.cn/crop.0.0.1080.1080.1024/eb5cfeably8gxu0ltpkstj20u00u00tz.jpg?KID=imgbed,tva&Expires=1670863851&ssig=Arro3Ju1YA", "verified_reason": "", "verified_trade": "", "verified_reason_url": "", "verified_source": "", "verified_source_url": "", "follow_me": false, "like": false, "like_me": false, "online_status": 0, "bi_followers_count": 0, "lang": "zh-cn", "star": 0, "mbtype": 0, "mbrank": 0, "svip": 0, "mb_expire_time": 0, "block_word": 0, "block_app": 0, "chaohua_ability": 0, "brand_ability": 0, "nft_ability": 0, "vplus_ability": 0, "wenda_ability": 0, "live_ability": 0, "gongyi_ability": 0, "paycolumn_ability": 0, "newbrand_ability": 0, "ecommerce_ability": 0, "hardfan_ability": 0, "credit_score": 80, "user_ability": 2097152, "urank": 9, "story_read_state": -1, "vclub_member": 0, "is_teenager": 0, "is_guardian": 0, "is_teenager_list": 0, "pc_new": 0, "special_follow": false, "planet_video": 0, "video_mark": 0, "live_status": 0, "user_ability_extend": 0, "status_total_counter": {"total_cnt": 764, "repost_cnt": 665, "comment_cnt": 52, "like_cnt": 47, "comment_like_cnt": 0}, "video_total_counter": {"play_cnt": -1}, "brand_account": 0, "hongbaofei": 0, "tab_manage": "[0, 0]", "reward_status": 0, "green_mode": 0, "urisk": 524288, "avatar_type": 0}, "mid": "4845945755798522", "idstr": "4845945755798522", "status": {"visible": {"type": 0, "list_id": 0}, "created_at": "Mon Dec 12 20:07:36 +0800 2022", "id": 4845945303603845, "idstr": "4845945303603845", "mid": "4845945303603845", "can_edit": false, "version": 1, "show_additional_indication": 0, "text": "Ning复出啦，你对他会有怎么样的期待？[举手]\n\nUP签下Ning性价比应该蛮高的，毕竟工资西卡出一半~\n\n#UP# #Ning重回赛场# ​", "textLength": 112, "source_allowclick": 0, "source_type": 1, "source": "<a href=\"http://app.weibo.com/t/feed/6vtZb0\" rel=\"nofollow\">微博 weibo.com</a>", "favorited": false, "truncated": false, "in_reply_to_status_id": "", "in_reply_to_user_id": "", "in_reply_to_screen_name": "", "pic_urls": [{"thumbnail_pic": "http://wx1.sinaimg.cn/thumbnail/006k9dbSly1h91a8fd2gzj30j60o5myo.jpg"}, {"thumbnail_pic": "http://wx4.sinaimg.cn/thumbnail/006k9dbSly1h91a8hhv6oj30j60zi41f.jpg"}, {"thumbnail_pic": "http://wx3.sinaimg.cn/thumbnail/006k9dbSly1h91a8n7185j30sg1hjtj8.jpg"}], "thumbnail_pic": "http://wx1.sinaimg.cn/thumbnail/006k9dbSly1h91a8fd2gzj30j60o5myo.jpg", "bmiddle_pic": "http://wx1.sinaimg.cn/bmiddle/006k9dbSly1h91a8fd2gzj30j60o5myo.jpg", "original_pic": "http://wx1.sinaimg.cn/large/006k9dbSly1h91a8fd2gzj30j60o5myo.jpg", "geo": null, "is_paid": false, "mblog_vip_type": 0, "user": {"id": 5794519372, "idstr": "5794519372", "class": 1, "screen_name": "LOL动图菌", "name": "LOL动图菌", "province": "400", "city": "1", "location": "海外 美国", "description": "LOL最全动图库，视频库，欢迎投稿和转载，商务合作QQ 1506666836", "url": "", "profile_image_url": "https://tvax3.sinaimg.cn/crop.0.0.578.578.50/006k9dbSly8fr7gntvuqnj30hf0g2jsf.jpg?KID=imgbed,tva&Expires=1670863851&ssig=mRQfZDSNJN", "light_ring": false, "cover_image": "https://wx3.sinaimg.cn/crop.0.0.920.300/006k9dbSly1fr7h5n18bdj30pk08c4aa.jpg", "cover_image_phone": "https://wx3.sinaimg.cn/crop.0.0.640.640.640/006k9dbSly1frngeg6h7ij30qo0qodjw.jpg", "profile_url": "u/5794519372", "domain": "", "weihao": "", "gender": "f", "followers_count": 5220913, "followers_count_str": "522.1万", "friends_count": 296, "pagefriends_count": 15, "statuses_count": 13639, "video_status_count": 5851, "video_play_count": 0, "super_topic_not_syn_count": 0, "favourites_count": 113, "created_at": "Wed Dec 16 01:20:42 +0800 2015", "following": false, "allow_all_act_msg": false, "geo_enabled": true, "verified": true, "verified_type": 0, "remark": "", "insecurity": {"sexual_content": false}, "ptype": 0, "allow_all_comment": true, "avatar_large": "https://tvax3.sinaimg.cn/crop.0.0.578.578.180/006k9dbSly8fr7gntvuqnj30hf0g2jsf.jpg?KID=imgbed,tva&Expires=1670863851&ssig=HKEfo7%2BTje", "avatar_hd": "https://tvax3.sinaimg.cn/crop.0.0.578.578.1024/006k9dbSly8fr7gntvuqnj30hf0g2jsf.jpg?KID=imgbed,tva&Expires=1670863851&ssig=erl6KNitLF", "verified_reason": "知名游戏博主 头条文章作者", "verified_trade": "3574", "verified_reason_url": "", "verified_source": "", "verified_source_url": "", "verified_state": 0, "verified_level": 3, "verified_type_ext": 1, "has_service_tel": false, "verified_reason_modified": "", "verified_contact_name": "", "verified_contact_email": "", "verified_contact_mobile": "", "follow_me": false, "like": false, "like_me": false, "online_status": 0, "bi_followers_count": 190, "lang": "zh-cn", "star": 0, "mbtype": 12, "mbrank": 7, "svip": 0, "mb_expire_time": 2011449600, "block_word": 0, "block_app": 1, "chaohua_ability": 0, "brand_ability": 0, "nft_ability": 0, "vplus_ability": 0, "wenda_ability": 1, "live_ability": 0, "gongyi_ability": 0, "paycolumn_ability": 0, "newbrand_ability": 0, "ecommerce_ability": 0, "hardfan_ability": 1, "credit_score": 80, "user_ability": 2361864, "cardid": "star_1439", "avatargj_id": "gj_vip_244", "urank": 42, "story_read_state": -1, "verified_detail": {"custom": 1, "data": [{"key": 4, "sub_key": 9, "weight": 999, "desc": "头条文章作者", "timestamp": 0}, {"key": 2, "sub_key": 0, "weight": 10, "desc": "知名游戏博主", "timestamp": 0}]}, "vclub_member": 0, "is_teenager": 0, "is_guardian": 0, "is_teenager_list": 0, "pc_new": 6, "special_follow": false, "planet_video": 2, "video_mark": 15, "live_status": 0, "user_ability_extend": 1, "status_total_counter": {"total_cnt": 19748975, "repost_cnt": 1576624, "comment_cnt": 2568081, "like_cnt": 12347874, "comment_like_cnt": 3256396}, "video_total_counter": {"play_cnt": 542648108}, "brand_account": 0, "hongbaofei": 0, "tab_manage": "[0, 0]", "reward_status": 0, "green_mode": 0, "urisk": 0, "avatar_type": 0}, "picStatus": "1", "reposts_count": 0, "comments_count": 0, "reprint_cmt_count": 0, "attitudes_count": 0, "pending_approval_count": 0, "isLongText": false, "reward_exhibition_type": 0, "hide_flag": 0, "mlevel": 0, "show_mlevel": 0, "biz_feature": 0, "page_type": 64, "hasActionTypeCard": 0, "darwin_tags": [], "hot_weibo_tags": [], "text_tag_tips": [], "mblogtype": 0, "userType": 0, "more_info_type": 0, "cardid": "star_1439", "number_display_strategy": {"apply_scenario_flag": 3, "display_text_min_number": 1000000, "display_text": "100万+"}, "positive_recom_flag": 0, "content_auth": 0, "gif_ids": "", "is_show_bulletin": 2, "comment_manage_info": {"comment_permission_type": -1, "approval_comment_type": 0, "comment_sort_type": 0, "ai_play_picture_type": 0}, "pic_num": 3, "can_reprint": false, "new_comment_style": 0}, "readtimetype": "comment", "match_ai_play_picture": false}