{"created_at": "Sat Jan 07 10:02:18 +0800 2023", "id": 4855215058322856, "rootid": 4855215058322856, "rootidstr": "4855215058322856", "floor_number": 447, "text": "嗯", "disable_reply": 0, "restrictOperate": 0, "source_allowclick": 0, "source_type": 4, "source": "<a href=\"\" rel=\"nofollow\">来自河北</a>", "comment_badge": [{"pic_url": "https://h5.sinaimg.cn/upload/114/962/2022/07/08/member_1_bigfan2_4.png", "name": "loyal_fans", "length": 1.33, "actionlog": {"act_code": "3671", "ext": "status:fans"}, "scheme": "https://kefu.weibo.com/faqdetail?id=20848", "new_icon": true}], "user": {"id": 6481484379, "idstr": "6481484379", "class": 1, "screen_name": "肥宅快乐水-你快乐吗", "name": "肥宅快乐水-你快乐吗", "province": "13", "city": "1000", "location": "河北", "description": "孤单", "url": "", "profile_image_url": "https://tvax4.sinaimg.cn/crop.0.0.996.996.50/0074DEaDly8fpa92ioeirj30ro0rognc.jpg?KID=imgbed,tva&Expires=1674043032&ssig=E4bP%2F33iqD", "light_ring": false, "cover_image_phone": "https://ww2.sinaimg.cn/crop.0.0.640.640/68f96449jw1ergqx79rw4j20hs0hswh0.jpg", "profile_url": "u/6481484379", "domain": "", "weihao": "", "gender": "m", "followers_count": 438, "followers_count_str": "438", "friends_count": 252, "pagefriends_count": 7, "statuses_count": 1671, "video_status_count": 0, "video_play_count": 0, "super_topic_not_syn_count": 0, "favourites_count": 192, "created_at": "Thu Feb 08 15:44:48 +0800 2018", "following": false, "allow_all_act_msg": false, "geo_enabled": true, "verified": false, "verified_type": -1, "remark": "", "insecurity": {"sexual_content": false}, "ptype": 0, "allow_all_comment": true, "avatar_large": "https://tvax4.sinaimg.cn/crop.0.0.996.996.180/0074DEaDly8fpa92ioeirj30ro0rognc.jpg?KID=imgbed,tva&Expires=1674043032&ssig=JT83qch9IA", "avatar_hd": "https://tvax4.sinaimg.cn/crop.0.0.996.996.1024/0074DEaDly8fpa92ioeirj30ro0rognc.jpg?KID=imgbed,tva&Expires=1674043032&ssig=b9%2FV9%2F%2F%2B9i", "verified_reason": "", "verified_trade": "", "verified_reason_url": "", "verified_source": "", "verified_source_url": "", "follow_me": false, "like": false, "like_me": false, "online_status": 0, "bi_followers_count": 0, "lang": "zh-cn", "star": 0, "mbtype": 11, "mbrank": 1, "svip": 0, "mb_expire_time": 1674403200, "block_word": 0, "block_app": 1, "chaohua_ability": 0, "brand_ability": 0, "nft_ability": 0, "vplus_ability": 0, "wenda_ability": 0, "live_ability": 0, "gongyi_ability": 0, "paycolumn_ability": 0, "newbrand_ability": 0, "ecommerce_ability": 0, "hardfan_ability": 0, "wbcolumn_ability": 0, "credit_score": 80, "user_ability": 3145728, "avatargj_id": "gj_vip_660", "urank": 4, "story_read_state": -1, "vclub_member": 0, "is_teenager": 0, "is_guardian": 0, "is_teenager_list": 0, "pc_new": 0, "special_follow": false, "planet_video": 0, "video_mark": 0, "live_status": 0, "user_ability_extend": 0, "status_total_counter": {"total_cnt": 7, "repost_cnt": 0, "comment_cnt": 1, "like_cnt": 6, "comment_like_cnt": 0}, "video_total_counter": {"play_cnt": -1}, "brand_account": 0, "hongbaofei": 0, "tab_manage": "[0, 0]", "reward_status": 0, "green_mode": 0, "urisk": 0, "unfollowing_recom_switch": 1, "avatar_type": 0}, "mid": "4855215058322856", "idstr": "4855215058322856", "status": {"visible": {"type": 0, "list_id": 0}, "created_at": "Sat Jan 07 08:08:32 +0800 2023", "id": 4855186427742331, "idstr": "4855186427742331", "mid": "4855186427742331", "edit_count": 1, "can_edit": false, "edit_at": "Sat Jan 07 08:09:39 +0800 2023", "version": 2, "show_additional_indication": 0, "text": "【收藏！#极简版第十版诊疗方案#】《新型冠状病毒感染诊疗方案（试行第十版）》发布，涉及诊断标准、临床分型、预警指标、出院标准、#新冠抗病毒治疗药物及适用人群#等多个方面重要更新↓↓#体质指数超30也是重型高危人群# ​​​", "textLength": 213, "source_allowclick": 0, "source_type": 1, "source": "<a href=\"http://app.weibo.com/t/feed/xEsRX\" rel=\"nofollow\">新版微博 weibo.com</a>", "favorited": false, "truncated": false, "in_reply_to_status_id": "", "in_reply_to_user_id": "", "in_reply_to_screen_name": "", "pic_urls": [{"thumbnail_pic": "http://wx1.sinaimg.cn/thumbnail/0033ImPzly1h9urihclk1j60p10v7wmt02.jpg"}, {"thumbnail_pic": "http://wx4.sinaimg.cn/thumbnail/0033ImPzly1h9urihgxjij60p10wbn4k02.jpg"}, {"thumbnail_pic": "http://wx4.sinaimg.cn/thumbnail/0033ImPzly1h9urihmqmfj60p115tqd902.jpg"}, {"thumbnail_pic": "http://wx3.sinaimg.cn/thumbnail/0033ImPzly1h9urihsuaej60p1112dod02.jpg"}, {"thumbnail_pic": "http://wx1.sinaimg.cn/thumbnail/0033ImPzly1h9urihy3ckj60p11e512x02.jpg"}, {"thumbnail_pic": "http://wx4.sinaimg.cn/thumbnail/0033ImPzly1h9urii31blj60p10wijyy02.jpg"}, {"thumbnail_pic": "http://wx2.sinaimg.cn/thumbnail/0033ImPzly1h9urii9ppyj60p11gpqgl02.jpg"}, {"thumbnail_pic": "http://wx2.sinaimg.cn/thumbnail/0033ImPzly1h9uriied94j60p10tfwkz02.jpg"}, {"thumbnail_pic": "http://wx2.sinaimg.cn/thumbnail/0033ImPzly1h9uriijs3cj60p118vqga02.jpg"}], "thumbnail_pic": "http://wx1.sinaimg.cn/thumbnail/0033ImPzly1h9urihclk1j60p10v7wmt02.jpg", "bmiddle_pic": "http://wx1.sinaimg.cn/bmiddle/0033ImPzly1h9urihclk1j60p10v7wmt02.jpg", "original_pic": "http://wx1.sinaimg.cn/large/0033ImPzly1h9urihclk1j60p10v7wmt02.jpg", "geo": null, "is_paid": false, "mblog_vip_type": 0, "user": {"id": 2803301701, "idstr": "2803301701", "class": 1, "screen_name": "人民日报", "name": "人民日报", "province": "11", "city": "1000", "location": "北京", "description": "人民日报法人微博。参与、沟通、记录时代。", "url": "", "profile_image_url": "https://tvax4.sinaimg.cn/crop.0.0.1018.1018.50/0033ImPzly8h8vgemh8kxj60sa0sadgw02.jpg?KID=imgbed,tva&Expires=1674043032&ssig=zHnuiPJGFi", "light_ring": false, "cover_image": "https://wx4.sinaimg.cn/crop.0.0.920.300/0033ImPzly1gs66yzvybrj60pk08cgya02.jpg", "cover_image_phone": "https://wx1.sinaimg.cn/crop.0.0.640.640.640/0033ImPzly1gs64jwa7uyj60v90v9n1r02.jpg", "profile_url": "rmrb", "domain": "rmrb", "weihao": "", "gender": "m", "followers_count": 150806613, "followers_count_str": "1.51亿", "friends_count": 3063, "pagefriends_count": 2678, "statuses_count": 153132, "video_status_count": 9840, "video_play_count": 0, "super_topic_not_syn_count": 1, "favourites_count": 1031, "created_at": "Sun Jul 22 02:28:35 +0800 2012", "following": false, "allow_all_act_msg": false, "geo_enabled": false, "verified": true, "verified_type": 3, "remark": "", "insecurity": {"sexual_content": false}, "ptype": 0, "allow_all_comment": false, "avatar_large": "https://tvax4.sinaimg.cn/crop.0.0.1018.1018.180/0033ImPzly8h8vgemh8kxj60sa0sadgw02.jpg?KID=imgbed,tva&Expires=1674043032&ssig=PQTUsEPGgS", "avatar_hd": "https://tvax4.sinaimg.cn/crop.0.0.1018.1018.1024/0033ImPzly8h8vgemh8kxj60sa0sadgw02.jpg?KID=imgbed,tva&Expires=1674043032&ssig=t%2Fb5I9bf3L", "verified_reason": "《人民日报》法人微博", "verified_trade": "", "verified_reason_url": "", "verified_source": "", "verified_source_url": "", "verified_state": 2, "verified_level": 3, "verified_type_ext": 0, "has_service_tel": false, "verified_reason_modified": "辽宁科技大学官方微博，教育官微联盟成员", "verified_contact_name": "", "verified_contact_email": "", "verified_contact_mobile": "", "follow_me": false, "like": false, "like_me": false, "online_status": 0, "bi_followers_count": 363, "lang": "zh-cn", "star": 0, "mbtype": 12, "mbrank": 7, "svip": 0, "mb_expire_time": 1884182400, "block_word": 0, "block_app": 1, "chaohua_ability": 0, "brand_ability": 0, "nft_ability": 0, "vplus_ability": 0, "wenda_ability": 0, "live_ability": 1, "gongyi_ability": 0, "paycolumn_ability": 0, "newbrand_ability": 0, "ecommerce_ability": 0, "hardfan_ability": 1, "wbcolumn_ability": 0, "credit_score": 80, "user_ability": -2135620852, "urank": 48, "story_read_state": -1, "vclub_member": 0, "is_teenager": 0, "is_guardian": 0, "is_teenager_list": 1, "pc_new": 7, "special_follow": false, "planet_video": 2, "video_mark": 15, "live_status": 0, "user_ability_extend": 1, "status_total_counter": {"total_cnt": 3365710026, "repost_cnt": 947595342, "comment_cnt": 234310921, "like_cnt": 1124865528, "comment_like_cnt": 1058938235}, "video_total_counter": {"play_cnt": 37844420143}, "brand_account": 0, "hongbaofei": 0, "tab_manage": "[283691264248460, 0]", "reward_status": 0, "green_mode": 0, "urisk": 0, "unfollowing_recom_switch": 1, "avatar_type": 0}, "annotations": [{"photo_sub_type": "0,0,0,0,0,0,0,0,0"}, {}, {"mapi_request": true}], "picStatus": "0:1,1:1,2:1,3:1,4:1,5:1,6:1,7:1,8:1", "reposts_count": 0, "comments_count": 0, "reprint_cmt_count": 0, "attitudes_count": 0, "pending_approval_count": 0, "isLongText": false, "reward_exhibition_type": 0, "hide_flag": 0, "mlevel": 0, "show_mlevel": 0, "biz_feature": 4294967300, "page_type": 64, "hasActionTypeCard": 0, "darwin_tags": [], "hot_weibo_tags": [], "text_tag_tips": [], "mblogtype": 0, "userType": 0, "more_info_type": 0, "positive_recom_flag": 0, "content_auth": 3, "gif_ids": "", "is_show_bulletin": 2, "comment_manage_info": {"comment_permission_type": -1, "approval_comment_type": 0, "comment_sort_type": 0, "ai_play_picture_type": 0}, "pic_num": 9, "can_reprint": false, "new_comment_style": 0}, "readtimetype": "comment", "match_ai_play_picture": false}