{"created_at": "Sun Jan 08 08:02:29 +0800 2023", "id": 4855547294124856, "rootid": 4855187942150005, "rootidstr": "4855187942150005", "floor_number": 0, "text": "回复@徐研玲:一首李克勤的《罪人》，送给卫健委@健康中国 @中国政府网", "disable_reply": 0, "restrictOperate": 0, "source_allowclick": 0, "source_type": 4, "source": "<a href=\"\" rel=\"nofollow\">来自浙江</a>", "comment_badge": [{"pic_url": "https://h5.sinaimg.cn/upload/114/962/2022/07/08/member_0_bigfan1_4.png", "name": "loyal_fans", "length": 1.33, "actionlog": {"act_code": "3671", "ext": "status:fans"}, "scheme": "https://kefu.weibo.com/faqdetail?id=20848", "new_icon": true}], "user": {"id": 5681166889, "idstr": "5681166889", "class": 1, "screen_name": "东方小作手", "name": "东方小作手", "province": "21", "city": "2", "location": "辽宁 大连", "description": "Love will be happy to the old！", "url": "", "profile_image_url": "https://tvax4.sinaimg.cn/crop.0.0.996.996.50/006ctB21ly8fs4v3b1zkcj30ro0rpgn8.jpg?KID=imgbed,tva&Expires=1674042986&ssig=lE%2BeDKNEIv", "light_ring": false, "cover_image_phone": "https://ww1.sinaimg.cn/crop.0.0.640.640.640/549d0121tw1egm1kjly3jj20hs0hsq4f.jpg", "profile_url": "u/5681166889", "domain": "", "weihao": "", "gender": "m", "followers_count": 257, "followers_count_str": "257", "friends_count": 436, "pagefriends_count": 21, "statuses_count": 941, "video_status_count": 1, "video_play_count": 0, "super_topic_not_syn_count": 0, "favourites_count": 1360, "created_at": "Tue Aug 18 21:50:20 +0800 2015", "following": false, "allow_all_act_msg": false, "geo_enabled": true, "verified": false, "verified_type": -1, "remark": "", "insecurity": {"sexual_content": false}, "ptype": 0, "allow_all_comment": false, "avatar_large": "https://tvax4.sinaimg.cn/crop.0.0.996.996.180/006ctB21ly8fs4v3b1zkcj30ro0rpgn8.jpg?KID=imgbed,tva&Expires=1674042986&ssig=xR8sDoFtsY", "avatar_hd": "https://tvax4.sinaimg.cn/crop.0.0.996.996.1024/006ctB21ly8fs4v3b1zkcj30ro0rpgn8.jpg?KID=imgbed,tva&Expires=1674042986&ssig=L0N6paN8ic", "verified_reason": "", "verified_trade": "", "verified_reason_url": "", "verified_source": "", "verified_source_url": "", "follow_me": false, "like": false, "like_me": false, "online_status": 0, "bi_followers_count": 19, "lang": "zh-cn", "star": 0, "mbtype": 0, "mbrank": 0, "svip": 0, "mb_expire_time": 0, "block_word": 0, "block_app": 0, "chaohua_ability": 0, "brand_ability": 0, "nft_ability": 0, "vplus_ability": 0, "wenda_ability": 0, "live_ability": 0, "gongyi_ability": 0, "paycolumn_ability": 0, "newbrand_ability": 0, "ecommerce_ability": 0, "hardfan_ability": 0, "wbcolumn_ability": 0, "credit_score": 80, "user_ability": 35914752, "urank": 14, "story_read_state": -1, "vclub_member": 0, "is_teenager": 0, "is_guardian": 0, "is_teenager_list": 0, "pc_new": 0, "special_follow": false, "planet_video": 2, "video_mark": 0, "live_status": 0, "user_ability_extend": 0, "status_total_counter": {"total_cnt": 173, "repost_cnt": 3, "comment_cnt": 32, "like_cnt": 127, "comment_like_cnt": 11}, "video_total_counter": {"play_cnt": 376}, "brand_account": 0, "hongbaofei": 0, "tab_manage": "[0, 0]", "reward_status": 0, "green_mode": 0, "urisk": 575525617664, "unfollowing_recom_switch": 1, "avatar_type": 0}, "mid": "4855547294124856", "idstr": "4855547294124856", "status": {"visible": {"type": 0, "list_id": 0}, "created_at": "Sat Jan 07 08:08:32 +0800 2023", "id": 4855186427742331, "idstr": "4855186427742331", "mid": "4855186427742331", "edit_count": 1, "can_edit": false, "edit_at": "Sat Jan 07 08:09:39 +0800 2023", "version": 2, "show_additional_indication": 0, "text": "【收藏！#极简版第十版诊疗方案#】《新型冠状病毒感染诊疗方案（试行第十版）》发布，涉及诊断标准、临床分型、预警指标、出院标准、#新冠抗病毒治疗药物及适用人群#等多个方面重要更新↓↓#体质指数超30也是重型高危人群# ​​​", "textLength": 213, "source_allowclick": 0, "source_type": 1, "source": "<a href=\"http://app.weibo.com/t/feed/xEsRX\" rel=\"nofollow\">新版微博 weibo.com</a>", "favorited": false, "truncated": false, "in_reply_to_status_id": "", "in_reply_to_user_id": "", "in_reply_to_screen_name": "", "pic_urls": [{"thumbnail_pic": "http://wx1.sinaimg.cn/thumbnail/0033ImPzly1h9urihclk1j60p10v7wmt02.jpg"}, {"thumbnail_pic": "http://wx4.sinaimg.cn/thumbnail/0033ImPzly1h9urihgxjij60p10wbn4k02.jpg"}, {"thumbnail_pic": "http://wx4.sinaimg.cn/thumbnail/0033ImPzly1h9urihmqmfj60p115tqd902.jpg"}, {"thumbnail_pic": "http://wx3.sinaimg.cn/thumbnail/0033ImPzly1h9urihsuaej60p1112dod02.jpg"}, {"thumbnail_pic": "http://wx1.sinaimg.cn/thumbnail/0033ImPzly1h9urihy3ckj60p11e512x02.jpg"}, {"thumbnail_pic": "http://wx4.sinaimg.cn/thumbnail/0033ImPzly1h9urii31blj60p10wijyy02.jpg"}, {"thumbnail_pic": "http://wx2.sinaimg.cn/thumbnail/0033ImPzly1h9urii9ppyj60p11gpqgl02.jpg"}, {"thumbnail_pic": "http://wx2.sinaimg.cn/thumbnail/0033ImPzly1h9uriied94j60p10tfwkz02.jpg"}, {"thumbnail_pic": "http://wx2.sinaimg.cn/thumbnail/0033ImPzly1h9uriijs3cj60p118vqga02.jpg"}], "thumbnail_pic": "http://wx1.sinaimg.cn/thumbnail/0033ImPzly1h9urihclk1j60p10v7wmt02.jpg", "bmiddle_pic": "http://wx1.sinaimg.cn/bmiddle/0033ImPzly1h9urihclk1j60p10v7wmt02.jpg", "original_pic": "http://wx1.sinaimg.cn/large/0033ImPzly1h9urihclk1j60p10v7wmt02.jpg", "geo": null, "is_paid": false, "mblog_vip_type": 0, "user": {"id": 2803301701, "idstr": "2803301701", "class": 1, "screen_name": "人民日报", "name": "人民日报", "province": "11", "city": "1000", "location": "北京", "description": "人民日报法人微博。参与、沟通、记录时代。", "url": "", "profile_image_url": "https://tvax4.sinaimg.cn/crop.0.0.1018.1018.50/0033ImPzly8h8vgemh8kxj60sa0sadgw02.jpg?KID=imgbed,tva&Expires=1674042986&ssig=RHRGz4oYiK", "light_ring": false, "cover_image": "https://wx4.sinaimg.cn/crop.0.0.920.300/0033ImPzly1gs66yzvybrj60pk08cgya02.jpg", "cover_image_phone": "https://wx1.sinaimg.cn/crop.0.0.640.640.640/0033ImPzly1gs64jwa7uyj60v90v9n1r02.jpg", "profile_url": "rmrb", "domain": "rmrb", "weihao": "", "gender": "m", "followers_count": 150806613, "followers_count_str": "1.51亿", "friends_count": 3063, "pagefriends_count": 2678, "statuses_count": 153132, "video_status_count": 9840, "video_play_count": 0, "super_topic_not_syn_count": 1, "favourites_count": 1031, "created_at": "Sun Jul 22 02:28:35 +0800 2012", "following": false, "allow_all_act_msg": false, "geo_enabled": false, "verified": true, "verified_type": 3, "remark": "", "insecurity": {"sexual_content": false}, "ptype": 0, "allow_all_comment": false, "avatar_large": "https://tvax4.sinaimg.cn/crop.0.0.1018.1018.180/0033ImPzly8h8vgemh8kxj60sa0sadgw02.jpg?KID=imgbed,tva&Expires=1674042986&ssig=Mv8WC64IlJ", "avatar_hd": "https://tvax4.sinaimg.cn/crop.0.0.1018.1018.1024/0033ImPzly8h8vgemh8kxj60sa0sadgw02.jpg?KID=imgbed,tva&Expires=1674042986&ssig=%2FFqHtwDZcA", "verified_reason": "《人民日报》法人微博", "verified_trade": "", "verified_reason_url": "", "verified_source": "", "verified_source_url": "", "verified_state": 2, "verified_level": 3, "verified_type_ext": 0, "has_service_tel": false, "verified_reason_modified": "辽宁科技大学官方微博，教育官微联盟成员", "verified_contact_name": "", "verified_contact_email": "", "verified_contact_mobile": "", "follow_me": false, "like": false, "like_me": false, "online_status": 0, "bi_followers_count": 363, "lang": "zh-cn", "star": 0, "mbtype": 12, "mbrank": 7, "svip": 0, "mb_expire_time": 1884182400, "block_word": 0, "block_app": 1, "chaohua_ability": 0, "brand_ability": 0, "nft_ability": 0, "vplus_ability": 0, "wenda_ability": 0, "live_ability": 1, "gongyi_ability": 0, "paycolumn_ability": 0, "newbrand_ability": 0, "ecommerce_ability": 0, "hardfan_ability": 1, "wbcolumn_ability": 0, "credit_score": 80, "user_ability": -2135620852, "urank": 48, "story_read_state": -1, "vclub_member": 0, "is_teenager": 0, "is_guardian": 0, "is_teenager_list": 1, "pc_new": 7, "special_follow": false, "planet_video": 2, "video_mark": 15, "live_status": 0, "user_ability_extend": 1, "status_total_counter": {"total_cnt": 3365710026, "repost_cnt": 947595342, "comment_cnt": 234310921, "like_cnt": 1124865528, "comment_like_cnt": 1058938235}, "video_total_counter": {"play_cnt": 37844420143}, "brand_account": 0, "hongbaofei": 0, "tab_manage": "[283691264248460, 0]", "reward_status": 0, "green_mode": 0, "urisk": 0, "unfollowing_recom_switch": 1, "avatar_type": 0}, "annotations": [{"photo_sub_type": "0,0,0,0,0,0,0,0,0"}, {}, {"mapi_request": true}], "picStatus": "0:1,1:1,2:1,3:1,4:1,5:1,6:1,7:1,8:1", "reposts_count": 0, "comments_count": 0, "reprint_cmt_count": 0, "attitudes_count": 0, "pending_approval_count": 0, "isLongText": false, "reward_exhibition_type": 0, "hide_flag": 0, "mlevel": 0, "show_mlevel": 0, "biz_feature": 4294967300, "page_type": 64, "hasActionTypeCard": 0, "darwin_tags": [], "hot_weibo_tags": [], "text_tag_tips": [], "mblogtype": 0, "userType": 0, "more_info_type": 0, "positive_recom_flag": 0, "content_auth": 3, "gif_ids": "", "is_show_bulletin": 2, "comment_manage_info": {"comment_permission_type": -1, "approval_comment_type": 0, "comment_sort_type": 0, "ai_play_picture_type": 0}, "pic_num": 9, "can_reprint": false, "new_comment_style": 0}, "reply_comment": {"created_at": "Sat Jan 07 08:14:33 +0800 2023", "id": 4855187942150005, "rootid": 4855187942150005, "rootidstr": "4855187942150005", "floor_number": 57, "text": "快给老年人感染治疗方案吧", "disable_reply": 0, "restrictOperate": 0, "user": {"id": 1803598905, "idstr": "1803598905", "class": 1, "screen_name": "徐研玲", "name": "徐研玲", "province": "37", "city": "2", "location": "山东 青岛", "description": "我是一个重度残疾人，我能做的就是尽量少麻烦别人。作为志愿者用爱诠释“人道、博爱、奉献”的红十字精神。不抛弃，不放弃， 做一个安静善良的人。", "url": "http://blog.sina.com.cn/u/1803598905", "profile_image_url": "https://tvax4.sinaimg.cn/crop.0.0.996.996.50/6b80bc39ly8gxhr25uqhgj20ro0ro76d.jpg?KID=imgbed,tva&Expires=1674042986&ssig=eM6YbYVcTN", "light_ring": false, "cover_image": "https://ww4.sinaimg.cn/crop.0.218.980.300/6b80bc39tw1ebicn65erzj20r80kfaeq.jpg", "cover_image_phone": "https://wx2.sinaimg.cn/crop.0.0.640.640.640/6b80bc39ly1fp5ds2p0wxj20f00f00wu.jpg;https://wx1.sinaimg.cn/crop.0.0.640.640.640/6b80bc39ly1fp5dqnlvq9j20f00f00wu.jpg;https://wx4.sinaimg.cn/crop.0.0.640.640.640/6b80bc39ly1fp5dojp0ptj20f00f00wu.jpg;https://wx2.sinaimg.cn/crop.0.0.640.640.640/6b80bc39ly1fp5dqy7t4gj20f00f0gpp.jpg;https://wx2.sinaimg.cn/crop.0.0.640.640.640/6b80bc39ly1fvzlmmr0dpj20k00k0q5z.jpg", "profile_url": "u/1803598905", "domain": "", "weihao": "", "gender": "f", "followers_count": 22624, "followers_count_str": "2.3万", "friends_count": 773, "pagefriends_count": 8, "statuses_count": 35672, "video_status_count": 151, "video_play_count": 0, "super_topic_not_syn_count": 6102, "favourites_count": 6853, "created_at": "Fri Aug 27 06:26:05 +0800 2010", "following": false, "allow_all_act_msg": false, "geo_enabled": true, "verified": true, "verified_type": 0, "remark": "", "insecurity": {"sexual_content": false}, "ptype": 0, "allow_all_comment": true, "avatar_large": "https://tvax4.sinaimg.cn/crop.0.0.996.996.180/6b80bc39ly8gxhr25uqhgj20ro0ro76d.jpg?KID=imgbed,tva&Expires=1674042986&ssig=5Cf7UQR3hL", "avatar_hd": "https://tvax4.sinaimg.cn/crop.0.0.996.996.1024/6b80bc39ly8gxhr25uqhgj20ro0ro76d.jpg?KID=imgbed,tva&Expires=1674042986&ssig=O71dzThjy5", "verified_reason": "中国红十字会志愿者徐研玲 头条文章作者", "verified_trade": "2540", "verified_reason_url": "", "verified_source": "", "verified_source_url": "", "verified_state": 0, "verified_level": 3, "verified_type_ext": 0, "has_service_tel": false, "verified_reason_modified": "", "verified_contact_name": "", "verified_contact_email": "", "verified_contact_mobile": "", "follow_me": false, "like": false, "like_me": false, "online_status": 0, "bi_followers_count": 81, "lang": "zh-cn", "star": 0, "mbtype": 12, "mbrank": 9, "svip": 1, "mb_expire_time": 1705420800, "block_word": 0, "block_app": 1, "credit_score": 80, "user_ability": 11799068, "cardid": "star_1618", "avatargj_id": "gj_vip_011", "urank": 48, "story_read_state": -1, "verified_detail": {"custom": 1, "data": [{"key": 4, "sub_key": 9, "weight": 999, "desc": "头条文章作者", "timestamp": 0}, {"key": 1, "sub_key": 0, "weight": 10, "desc": "中国红十字会志愿者徐研玲", "timestamp": 0, "verify_extend": {"real_name_verified": "1"}}]}, "vclub_member": 0, "is_teenager": 0, "is_guardian": 0, "is_teenager_list": 0, "pc_new": 0, "special_follow": false, "planet_video": 0, "video_mark": 0, "live_status": 0, "user_ability_extend": 0, "status_total_counter": {"total_cnt": 229397, "repost_cnt": 99166, "comment_cnt": 39750, "like_cnt": 84071, "comment_like_cnt": 6410}, "video_total_counter": {"play_cnt": 379788}, "brand_account": 0, "hongbaofei": 0, "tab_manage": "[0, 0]", "green_mode": 0, "urisk": 0, "unfollowing_recom_switch": 1, "block": 0, "block_me": 0, "avatar_type": 0}, "mid": "4855187942150005", "idstr": "4855187942150005", "match_ai_play_picture": false}, "reply_original_text": "一首李克勤的《罪人》，送给卫健委@健康中国 @中国政府网", "readtimetype": "comment", "match_ai_play_picture": false}