{"created_at": "Wed Aug 10 08:05:58 +0800 2022", "id": 4800827602240940, "rootid": 4800823567843610, "rootidstr": "4800823567843610", "floor_number": 0, "text": "回复@鸭子不吃鱼223:中国人都是共产主义事业接班人[嘻嘻]", "disable_reply": 0, "is_mblog_author": true, "restrictOperate": 0, "source_allowclick": 0, "source_type": 4, "source": "<a href=\"\" rel=\"nofollow\">来自河北</a>", "comment_badge": [{"pic_url": "https://h5.sinaimg.cn/upload/1007/25/2019/05/17/feed_icon_poster_identity133low.png", "name": "blogger", "length": 1.33, "actionlog": {"act_code": "3671", "ext": "status:author"}, "scheme": "https://kefu.weibo.com/faqdetail?id=20848"}], "user": {"id": 3315248087, "idstr": "3315248087", "class": 1, "screen_name": "一剑光寒三千里", "name": "一剑光寒三千里", "province": "11", "city": "1000", "location": "北京", "description": "财经博主，系列探险小说作者，已出版探险小说《宝塔传奇》全国新华书店及淘宝京东有售。", "url": "", "profile_image_url": "https://tvax4.sinaimg.cn/crop.0.0.664.664.50/c59aabd7ly8gq9ol031qoj20ig0ig758.jpg?KID=imgbed,tva&Expires=1669977973&ssig=WFe6nvkKuA", "light_ring": false, "cover_image_phone": "http://ww1.sinaimg.cn/crop.0.0.640.640.640/9d44112bjw1f1xl1c10tuj20hs0hs0tw.jpg", "profile_url": "u/3315248087", "domain": "", "weihao": "", "gender": "m", "followers_count": 1491027, "followers_count_str": "149.1万", "friends_count": 1002, "pagefriends_count": 24, "statuses_count": 4380, "video_status_count": 635, "video_play_count": 0, "super_topic_not_syn_count": 1, "favourites_count": 3, "created_at": "Mon Apr 22 10:54:18 +0800 2013", "following": false, "allow_all_act_msg": false, "geo_enabled": true, "verified": false, "verified_type": -1, "remark": "", "insecurity": {"sexual_content": false}, "ptype": 0, "allow_all_comment": true, "avatar_large": "https://tvax4.sinaimg.cn/crop.0.0.664.664.180/c59aabd7ly8gq9ol031qoj20ig0ig758.jpg?KID=imgbed,tva&Expires=1669977973&ssig=KYX0AqpZ53", "avatar_hd": "https://tvax4.sinaimg.cn/crop.0.0.664.664.1024/c59aabd7ly8gq9ol031qoj20ig0ig758.jpg?KID=imgbed,tva&Expires=1669977973&ssig=ky2oWEr7QS", "verified_reason": "", "verified_trade": "", "verified_reason_url": "", "verified_source": "", "verified_source_url": "", "follow_me": false, "like": false, "like_me": false, "online_status": 0, "bi_followers_count": 55, "lang": "zh-cn", "star": 0, "mbtype": 12, "mbrank": 6, "svip": 0, "mb_expire_time": 1694188800, "block_word": 0, "block_app": 1, "chaohua_ability": 0, "brand_ability": 0, "nft_ability": 0, "vplus_ability": 0, "wenda_ability": 1, "live_ability": 0, "gongyi_ability": 0, "paycolumn_ability": 0, "newbrand_ability": 0, "ecommerce_ability": 0, "hardfan_ability": 1, "credit_score": 80, "user_ability": 11797032, "cardid": "star_112478758480", "avatargj_id": "gj_vip_133", "urank": 27, "story_read_state": -1, "vclub_member": 0, "is_teenager": 0, "is_guardian": 0, "is_teenager_list": 0, "pc_new": 7, "special_follow": false, "planet_video": 2, "video_mark": 14, "live_status": 0, "user_ability_extend": 0, "status_total_counter": {"total_cnt": 573024, "repost_cnt": 91770, "comment_cnt": 16415, "like_cnt": 59765, "comment_like_cnt": 405074}, "video_total_counter": {"play_cnt": 844729}, "brand_account": 0, "hongbaofei": 0, "tab_manage": "[0, 0]", "reward_status": 0, "green_mode": 0, "urisk": 0, "avatar_type": 0}, "mid": "4800827602240940", "idstr": "4800827602240940", "status": {"visible": {"type": 0, "list_id": 0}, "created_at": "Mon Aug 08 09:44:26 +0800 2022", "id": 4800127606457748, "idstr": "4800127606457748", "mid": "4800127606457748", "edit_count": 1, "can_edit": false, "edit_at": "Tue Aug 09 21:03:42 +0800 2022", "version": 3, "show_additional_indication": 0, "text": "越南这是提前实现共产主义了吗？[吃瓜] #越南# ​", "textLength": 43, "source_allowclick": 1, "source_type": 1, "source": "<a href=\"http://app.weibo.com/t/feed/2F3i7o\" rel=\"nofollow\">HUAWEI P20 Pro</a>", "favorited": false, "truncated": false, "in_reply_to_status_id": "", "in_reply_to_user_id": "", "in_reply_to_screen_name": "", "pic_urls": [{"thumbnail_pic": "http://wx1.sinaimg.cn/thumbnail/c59aabd7ly1h4z44xuzi9j20n00uq78j.jpg"}], "thumbnail_pic": "http://wx1.sinaimg.cn/thumbnail/c59aabd7ly1h4z44xuzi9j20n00uq78j.jpg", "bmiddle_pic": "http://wx1.sinaimg.cn/bmiddle/c59aabd7ly1h4z44xuzi9j20n00uq78j.jpg", "original_pic": "http://wx1.sinaimg.cn/large/c59aabd7ly1h4z44xuzi9j20n00uq78j.jpg", "geo": null, "is_paid": false, "mblog_vip_type": 0, "user": {"id": 3315248087, "idstr": "3315248087", "class": 1, "screen_name": "一剑光寒三千里", "name": "一剑光寒三千里", "province": "11", "city": "1000", "location": "北京", "description": "财经博主，系列探险小说作者，已出版探险小说《宝塔传奇》全国新华书店及淘宝京东有售。", "url": "", "profile_image_url": "https://tvax4.sinaimg.cn/crop.0.0.664.664.50/c59aabd7ly8gq9ol031qoj20ig0ig758.jpg?KID=imgbed,tva&Expires=1669977973&ssig=WFe6nvkKuA", "light_ring": false, "cover_image_phone": "http://ww1.sinaimg.cn/crop.0.0.640.640.640/9d44112bjw1f1xl1c10tuj20hs0hs0tw.jpg", "profile_url": "u/3315248087", "domain": "", "weihao": "", "gender": "m", "followers_count": 1491027, "followers_count_str": "149.1万", "friends_count": 1002, "pagefriends_count": 24, "statuses_count": 4380, "video_status_count": 635, "video_play_count": 0, "super_topic_not_syn_count": 1, "favourites_count": 3, "created_at": "Mon Apr 22 10:54:18 +0800 2013", "following": false, "allow_all_act_msg": false, "geo_enabled": true, "verified": false, "verified_type": -1, "remark": "", "insecurity": {"sexual_content": false}, "ptype": 0, "allow_all_comment": true, "avatar_large": "https://tvax4.sinaimg.cn/crop.0.0.664.664.180/c59aabd7ly8gq9ol031qoj20ig0ig758.jpg?KID=imgbed,tva&Expires=1669977973&ssig=KYX0AqpZ53", "avatar_hd": "https://tvax4.sinaimg.cn/crop.0.0.664.664.1024/c59aabd7ly8gq9ol031qoj20ig0ig758.jpg?KID=imgbed,tva&Expires=1669977973&ssig=ky2oWEr7QS", "verified_reason": "", "verified_trade": "", "verified_reason_url": "", "verified_source": "", "verified_source_url": "", "follow_me": false, "like": false, "like_me": false, "online_status": 0, "bi_followers_count": 55, "lang": "zh-cn", "star": 0, "mbtype": 12, "mbrank": 6, "svip": 0, "mb_expire_time": 1694188800, "block_word": 0, "block_app": 1, "chaohua_ability": 0, "brand_ability": 0, "nft_ability": 0, "vplus_ability": 0, "wenda_ability": 1, "live_ability": 0, "gongyi_ability": 0, "paycolumn_ability": 0, "newbrand_ability": 0, "ecommerce_ability": 0, "hardfan_ability": 1, "credit_score": 80, "user_ability": 11797032, "cardid": "star_112478758480", "avatargj_id": "gj_vip_133", "urank": 27, "story_read_state": -1, "vclub_member": 0, "is_teenager": 0, "is_guardian": 0, "is_teenager_list": 0, "pc_new": 7, "special_follow": false, "planet_video": 2, "video_mark": 14, "live_status": 0, "user_ability_extend": 0, "status_total_counter": {"total_cnt": 573024, "repost_cnt": 91770, "comment_cnt": 16415, "like_cnt": 59765, "comment_like_cnt": 405074}, "video_total_counter": {"play_cnt": 844729}, "brand_account": 0, "hongbaofei": 0, "tab_manage": "[0, 0]", "reward_status": 0, "green_mode": 0, "urisk": 0, "avatar_type": 0}, "annotations": [{"photo_sub_type": "0"}, {}, {"client_mblogid": "d51268f8-abac-4a76-a499-87bbe86965d9"}, {"mapi_request": true}], "picStatus": "0:1", "reposts_count": 0, "comments_count": 0, "reprint_cmt_count": 0, "attitudes_count": 0, "pending_approval_count": 0, "isLongText": false, "reward_exhibition_type": 0, "hide_flag": 0, "mlevel": 128, "show_mlevel": 0, "biz_feature": 4294967300, "hasActionTypeCard": 0, "darwin_tags": [], "hot_weibo_tags": [], "text_tag_tips": [], "mblogtype": 0, "userType": 0, "mlevelSource": "monitor", "more_info_type": 0, "cardid": "star_112478758480", "number_display_strategy": {"apply_scenario_flag": 3, "display_text_min_number": 1000000, "display_text": "100万+"}, "positive_recom_flag": 0, "content_auth": 0, "gif_ids": "", "is_show_bulletin": 2, "comment_manage_info": {"comment_permission_type": -1, "approval_comment_type": 0, "comment_sort_type": 0, "ai_play_picture_type": 0}, "pic_num": 1, "can_reprint": false, "new_comment_style": 0}, "reply_comment": {"created_at": "Wed Aug 10 07:49:55 +0800 2022", "id": 4800823567843610, "rootid": 4800823567843610, "rootidstr": "4800823567843610", "floor_number": 17, "text": "先把gczy的定义搞清楚[允悲]", "disable_reply": 0, "restrictOperate": 0, "user": {"id": 5474579503, "idstr": "5474579503", "class": 1, "screen_name": "鸭子不吃鱼223", "name": "鸭子不吃鱼223", "province": "100", "city": "1000", "location": "其他", "description": "", "url": "", "profile_image_url": "https://tvax2.sinaimg.cn/crop.0.0.1080.1080.50/005YuMdply8gqudjxa4zyj30u00u0q63.jpg?KID=imgbed,tva&Expires=1669977973&ssig=3Zc4XkEmOU", "light_ring": false, "cover_image_phone": "http://ww1.sinaimg.cn/crop.0.0.640.640.640/549d0121tw1egm1kjly3jj20hs0hsq4f.jpg", "profile_url": "u/5474579503", "domain": "", "weihao": "", "gender": "m", "followers_count": 48, "followers_count_str": "48", "friends_count": 386, "pagefriends_count": 4, "statuses_count": 3, "video_status_count": 0, "video_play_count": 0, "super_topic_not_syn_count": 0, "favourites_count": 14, "created_at": "Mon Jan 12 18:43:40 +0800 2015", "following": false, "allow_all_act_msg": false, "geo_enabled": true, "verified": false, "verified_type": -1, "remark": "", "insecurity": {"sexual_content": false}, "ptype": 0, "allow_all_comment": false, "avatar_large": "https://tvax2.sinaimg.cn/crop.0.0.1080.1080.180/005YuMdply8gqudjxa4zyj30u00u0q63.jpg?KID=imgbed,tva&Expires=1669977973&ssig=RfC2oJsEpI", "avatar_hd": "https://tvax2.sinaimg.cn/crop.0.0.1080.1080.1024/005YuMdply8gqudjxa4zyj30u00u0q63.jpg?KID=imgbed,tva&Expires=1669977973&ssig=O0qJcev9p%2F", "verified_reason": "", "verified_trade": "", "verified_reason_url": "", "verified_source": "", "verified_source_url": "", "follow_me": false, "like": false, "like_me": false, "online_status": 0, "bi_followers_count": 1, "lang": "zh-cn", "star": 0, "mbtype": 0, "mbrank": 0, "svip": 0, "mb_expire_time": 0, "block_word": 0, "block_app": 0, "chaohua_ability": 0, "brand_ability": 0, "nft_ability": 0, "vplus_ability": 0, "wenda_ability": 0, "live_ability": 0, "gongyi_ability": 0, "paycolumn_ability": 0, "newbrand_ability": 0, "ecommerce_ability": 0, "hardfan_ability": 0, "credit_score": 80, "user_ability": 35652608, "urank": 9, "story_read_state": -1, "vclub_member": 0, "is_teenager": 0, "is_guardian": 0, "is_teenager_list": 0, "pc_new": 0, "special_follow": false, "planet_video": 0, "video_mark": 0, "live_status": 0, "user_ability_extend": 0, "status_total_counter": {"total_cnt": 14, "repost_cnt": 0, "comment_cnt": 2, "like_cnt": 6, "comment_like_cnt": 6}, "video_total_counter": {"play_cnt": -1}, "brand_account": 0, "hongbaofei": 0, "tab_manage": "[0, 0]", "reward_status": 0, "green_mode": 0, "urisk": 0, "avatar_type": 0}, "mid": "4800823567843610", "idstr": "4800823567843610", "match_ai_play_picture": false}, "reply_original_text": "中国人都是共产主义事业接班人[嘻嘻]", "readtimetype": "comment", "match_ai_play_picture": false}