{"created_at": "Fri Sep 30 13:33:54 +0800 2022", "id": 4819391910252946, "rootid": 4819370703848722, "rootidstr": "4819370703848722", "floor_number": 0, "text": "回复@晚风Yzzz:ok", "disable_reply": 0, "is_mblog_author": true, "restrictOperate": 0, "source_allowclick": 0, "source_type": 4, "source": "<a href=\"\" rel=\"nofollow\">来自天津</a>", "comment_badge": [{"pic_url": "https://h5.sinaimg.cn/upload/1007/25/2019/05/17/feed_icon_poster_identity133low.png", "name": "blogger", "length": 1.33, "actionlog": {"act_code": "3671", "ext": "status:author"}, "scheme": "https://kefu.weibo.com/faqdetail?id=20848"}], "user": {"id": 7713669336, "idstr": "7713669336", "class": 1, "screen_name": "川本奈子qaq", "name": "川本奈子qaq", "province": "12", "city": "1000", "location": "天津", "description": "愿你内心山河壮阔 始终相信人间值得", "url": "", "profile_image_url": "https://tvax4.sinaimg.cn/crop.0.0.400.400.50/008q1LLyly8h8au8c17dhj30b40b4dfz.jpg?KID=imgbed,tva&Expires=1669714466&ssig=Wwy1%2BztsNW", "light_ring": false, "cover_image_phone": "http://ww1.sinaimg.cn/crop.0.0.640.640.640/549d0121tw1egm1kjly3jj20hs0hsq4f.jpg", "profile_url": "u/7713669336", "domain": "", "weihao": "", "gender": "f", "followers_count": 125, "followers_count_str": "125", "friends_count": 26, "pagefriends_count": 16, "statuses_count": 430, "video_status_count": 23, "video_play_count": 0, "super_topic_not_syn_count": 0, "favourites_count": 2, "created_at": "Sat Oct 16 18:49:58 +0800 2021", "following": false, "allow_all_act_msg": false, "geo_enabled": true, "verified": false, "verified_type": -1, "remark": "", "insecurity": {"sexual_content": false}, "ptype": 0, "allow_all_comment": true, "avatar_large": "https://tvax4.sinaimg.cn/crop.0.0.400.400.180/008q1LLyly8h8au8c17dhj30b40b4dfz.jpg?KID=imgbed,tva&Expires=1669714466&ssig=CetRufD5kb", "avatar_hd": "https://tvax4.sinaimg.cn/crop.0.0.400.400.1024/008q1LLyly8h8au8c17dhj30b40b4dfz.jpg?KID=imgbed,tva&Expires=1669714466&ssig=4JotrbbmrO", "verified_reason": "", "verified_trade": "", "verified_reason_url": "", "verified_source": "", "verified_source_url": "", "follow_me": false, "like": false, "like_me": false, "online_status": 0, "bi_followers_count": 2, "lang": "zh-cn", "star": 0, "mbtype": 11, "mbrank": 2, "svip": 1, "mb_expire_time": 1671724800, "block_word": 0, "block_app": 1, "chaohua_ability": 0, "brand_ability": 0, "nft_ability": 0, "vplus_ability": 0, "wenda_ability": 0, "live_ability": 0, "gongyi_ability": 0, "paycolumn_ability": 0, "newbrand_ability": 0, "ecommerce_ability": 0, "hardfan_ability": 0, "credit_score": 80, "user_ability": 2359296, "cardid": "flag_37713669336009485", "avatargj_id": "gj_vip_715", "urank": 0, "story_read_state": -1, "vclub_member": 0, "is_teenager": 0, "is_guardian": 0, "is_teenager_list": 0, "pc_new": 0, "special_follow": false, "planet_video": 2, "video_mark": 0, "live_status": 0, "user_ability_extend": 0, "video_cover": {"mid": 4838985035423851}, "status_total_counter": {"total_cnt": 17047, "repost_cnt": 17, "comment_cnt": 2783, "like_cnt": 12633, "comment_like_cnt": 1614}, "video_total_counter": {"play_cnt": 81001}, "brand_account": 0, "hongbaofei": 0, "tab_manage": "[0, 0]", "reward_status": 0, "green_mode": 0, "mb_like_privilege": {"like_id": "0023_57", "like_desc": ""}, "urisk": 0, "avatar_type": 0}, "mid": "4819391910252946", "idstr": "4819391910252946", "status": {"visible": {"type": 0, "list_id": 0}, "created_at": "Fri Sep 30 11:26:56 +0800 2022", "id": 4819359958570202, "idstr": "4819359958570202", "mid": "4819359958570202", "edit_count": 4, "can_edit": false, "edit_at": "Fri Sep 30 14:44:05 +0800 2022", "version": 5, "show_additional_indication": 0, "text": "#天津开学[超话]#塘沽建方舱了[泪] 在新北街那里 ​", "textLength": 45, "source_allowclick": 1, "source_type": 1, "source": "<a href=\"http://app.weibo.com/t/feed/3Iwte7\" rel=\"nofollow\">iQOO 9 Pro 赛道传奇</a>", "favorited": false, "truncated": false, "in_reply_to_status_id": "", "in_reply_to_user_id": "", "in_reply_to_screen_name": "", "pic_urls": [], "geo": null, "is_paid": false, "mblog_vip_type": 0, "user": {"id": 7713669336, "idstr": "7713669336", "class": 1, "screen_name": "川本奈子qaq", "name": "川本奈子qaq", "province": "12", "city": "1000", "location": "天津", "description": "愿你内心山河壮阔 始终相信人间值得", "url": "", "profile_image_url": "https://tvax4.sinaimg.cn/crop.0.0.400.400.50/008q1LLyly8h8au8c17dhj30b40b4dfz.jpg?KID=imgbed,tva&Expires=1669714466&ssig=Wwy1%2BztsNW", "light_ring": false, "cover_image_phone": "http://ww1.sinaimg.cn/crop.0.0.640.640.640/549d0121tw1egm1kjly3jj20hs0hsq4f.jpg", "profile_url": "u/7713669336", "domain": "", "weihao": "", "gender": "f", "followers_count": 125, "followers_count_str": "125", "friends_count": 26, "pagefriends_count": 16, "statuses_count": 430, "video_status_count": 23, "video_play_count": 0, "super_topic_not_syn_count": 0, "favourites_count": 2, "created_at": "Sat Oct 16 18:49:58 +0800 2021", "following": false, "allow_all_act_msg": false, "geo_enabled": true, "verified": false, "verified_type": -1, "remark": "", "insecurity": {"sexual_content": false}, "ptype": 0, "allow_all_comment": true, "avatar_large": "https://tvax4.sinaimg.cn/crop.0.0.400.400.180/008q1LLyly8h8au8c17dhj30b40b4dfz.jpg?KID=imgbed,tva&Expires=1669714466&ssig=CetRufD5kb", "avatar_hd": "https://tvax4.sinaimg.cn/crop.0.0.400.400.1024/008q1LLyly8h8au8c17dhj30b40b4dfz.jpg?KID=imgbed,tva&Expires=1669714466&ssig=4JotrbbmrO", "verified_reason": "", "verified_trade": "", "verified_reason_url": "", "verified_source": "", "verified_source_url": "", "follow_me": false, "like": false, "like_me": false, "online_status": 0, "bi_followers_count": 2, "lang": "zh-cn", "star": 0, "mbtype": 11, "mbrank": 2, "svip": 1, "mb_expire_time": 1671724800, "block_word": 0, "block_app": 1, "chaohua_ability": 0, "brand_ability": 0, "nft_ability": 0, "vplus_ability": 0, "wenda_ability": 0, "live_ability": 0, "gongyi_ability": 0, "paycolumn_ability": 0, "newbrand_ability": 0, "ecommerce_ability": 0, "hardfan_ability": 0, "credit_score": 80, "user_ability": 2359296, "cardid": "flag_37713669336009485", "avatargj_id": "gj_vip_715", "urank": 0, "story_read_state": -1, "vclub_member": 0, "is_teenager": 0, "is_guardian": 0, "is_teenager_list": 0, "pc_new": 0, "special_follow": false, "planet_video": 2, "video_mark": 0, "live_status": 0, "user_ability_extend": 0, "video_cover": {"mid": 4838985035423851}, "status_total_counter": {"total_cnt": 17047, "repost_cnt": 17, "comment_cnt": 2783, "like_cnt": 12633, "comment_like_cnt": 1614}, "video_total_counter": {"play_cnt": 81001}, "brand_account": 0, "hongbaofei": 0, "tab_manage": "[0, 0]", "reward_status": 0, "green_mode": 0, "mb_like_privilege": {"like_id": "0023_57", "like_desc": ""}, "urisk": 0, "avatar_type": 0}, "annotations": [{}, {"super_exparams": "{\"system_pic_only\":0}"}, {"shooting": 1, "client_mblogid": "f8ce865f-8204-419e-a8d5-dfe9a49f3b7d"}, {"mapi_request": true}], "reposts_count": 0, "comments_count": 0, "reprint_cmt_count": 0, "attitudes_count": 0, "pending_approval_count": 0, "isLongText": false, "reward_exhibition_type": 0, "hide_flag": 0, "mlevel": 128, "show_mlevel": 0, "biz_feature": 0, "topic_id": "1022:100808e096e04ecd423bf034a464e7d432a1f2", "sync_mblog": true, "is_imported_topic": false, "page_type": 32, "hasActionTypeCard": 0, "darwin_tags": [], "hot_weibo_tags": [], "text_tag_tips": [], "mblogtype": 0, "userType": 0, "mlevelSource": "monitor", "more_info_type": 0, "number_display_strategy": {"apply_scenario_flag": 3, "display_text_min_number": 1000000, "display_text": "100万+"}, "positive_recom_flag": 0, "content_auth": 0, "gif_ids": "", "is_show_bulletin": 2, "comment_manage_info": {"comment_permission_type": -1, "approval_comment_type": 0, "comment_sort_type": 0, "ai_play_picture_type": 0}, "pic_num": 0, "can_reprint": false, "new_comment_style": 0}, "reply_comment": {"created_at": "Fri Sep 30 12:09:38 +0800 2022", "id": 4819370703848722, "rootid": 4819370703848722, "rootidstr": "4819370703848722", "floor_number": 11, "text": "那是实验室吧，测核酸的", "disable_reply": 0, "restrictOperate": 0, "user": {"id": 5701565717, "idstr": "5701565717", "class": 1, "screen_name": "晚风Yzzz", "name": "晚风Yzzz", "province": "15", "city": "1000", "location": "内蒙古", "description": "学习号", "url": "", "profile_image_url": "https://tvax1.sinaimg.cn/crop.0.0.512.512.50/006dRbHnly8h8k4xl7vkgj30e80e8wg5.jpg?KID=imgbed,tva&Expires=1669714466&ssig=kpd81WQUXU", "light_ring": false, "cover_image_phone": "http://ww2.sinaimg.cn/crop.0.0.0.0/006dRbHnjw1ew0ry1vo2yj30u00u077i.jpg", "profile_url": "u/5701565717", "domain": "", "weihao": "", "gender": "m", "followers_count": 19, "followers_count_str": "19", "friends_count": 93, "pagefriends_count": 3, "statuses_count": 323, "video_status_count": 0, "video_play_count": 0, "super_topic_not_syn_count": 1, "favourites_count": 0, "created_at": "Sat Sep 12 20:39:09 +0800 2015", "following": false, "allow_all_act_msg": false, "geo_enabled": true, "verified": false, "verified_type": -1, "remark": "", "insecurity": {"sexual_content": false}, "ptype": 0, "allow_all_comment": true, "avatar_large": "https://tvax1.sinaimg.cn/crop.0.0.512.512.180/006dRbHnly8h8k4xl7vkgj30e80e8wg5.jpg?KID=imgbed,tva&Expires=1669714466&ssig=p1Qth5f7cv", "avatar_hd": "https://tvax1.sinaimg.cn/crop.0.0.512.512.1024/006dRbHnly8h8k4xl7vkgj30e80e8wg5.jpg?KID=imgbed,tva&Expires=1669714466&ssig=8cs2kGdMtu", "verified_reason": "", "verified_trade": "", "verified_reason_url": "", "verified_source": "", "verified_source_url": "", "follow_me": false, "like": false, "like_me": false, "online_status": 0, "bi_followers_count": 3, "lang": "zh-cn", "star": 0, "mbtype": 0, "mbrank": 0, "svip": 0, "mb_expire_time": 0, "block_word": 0, "block_app": 0, "chaohua_ability": 0, "brand_ability": 0, "nft_ability": 0, "vplus_ability": 0, "wenda_ability": 0, "live_ability": 0, "gongyi_ability": 0, "paycolumn_ability": 0, "newbrand_ability": 0, "ecommerce_ability": 0, "hardfan_ability": 0, "credit_score": 80, "user_ability": 2097152, "avatargj_id": "gj_vip_375", "urank": 6, "story_read_state": -1, "vclub_member": 0, "is_teenager": 0, "is_guardian": 0, "is_teenager_list": 0, "pc_new": 7, "special_follow": false, "planet_video": 0, "video_mark": 0, "live_status": 0, "user_ability_extend": 0, "status_total_counter": {"total_cnt": 10, "repost_cnt": 0, "comment_cnt": 0, "like_cnt": 10, "comment_like_cnt": 0}, "video_total_counter": {"play_cnt": -1}, "brand_account": 0, "hongbaofei": 0, "tab_manage": "[0, 0]", "reward_status": 0, "green_mode": 0, "urisk": 0, "avatar_type": 0}, "mid": "4819370703848722", "idstr": "4819370703848722", "match_ai_play_picture": false}, "reply_original_text": "ok", "readtimetype": "comment", "match_ai_play_picture": false}