{"created_at": "Mon Sep 26 14:00:59 +0800 2022", "id": 4817949175057495, "rootid": 4817949175057495, "rootidstr": "4817949175057495", "floor_number": 10, "text": "[求关注][好喜欢]", "disable_reply": 0, "restrictOperate": 0, "source_allowclick": 0, "source_type": 4, "source": "<a href=\"\" rel=\"nofollow\">来自北京</a>", "comment_badge": [{"pic_url": "https://h5.sinaimg.cn/upload/114/962/2022/07/08/member_0_bigfan3_2.png", "name": "loyal_fans", "length": 1.33, "actionlog": {"act_code": "3671", "ext": "status:fans"}, "scheme": "https://kefu.weibo.com/faqdetail?id=20848", "new_icon": true}], "user": {"id": 7161003036, "idstr": "7161003036", "class": 1, "screen_name": "小蜜蜂哇哇叫", "name": "小蜜蜂哇哇叫", "province": "11", "city": "1000", "location": "北京", "description": "", "url": "", "profile_image_url": "https://tvax2.sinaimg.cn/crop.0.0.664.664.50/007OCQ0Yly8g3eggqa6rpj30ig0igab0.jpg?KID=imgbed,tva&Expires=1669715064&ssig=VKgevW%2Bnm%2F", "light_ring": false, "cover_image_phone": "http://ww1.sinaimg.cn/crop.0.0.640.640.640/549d0121tw1egm1kjly3jj20hs0hsq4f.jpg", "profile_url": "u/7161003036", "domain": "", "weihao": "", "gender": "f", "followers_count": 29, "followers_count_str": "29", "friends_count": 11, "pagefriends_count": 0, "statuses_count": 4474, "video_status_count": 0, "video_play_count": 0, "super_topic_not_syn_count": 0, "favourites_count": 1, "created_at": "Sun May 26 09:19:37 +0800 2019", "following": false, "allow_all_act_msg": false, "geo_enabled": true, "verified": false, "verified_type": -1, "remark": "", "insecurity": {"sexual_content": false}, "ptype": 0, "allow_all_comment": true, "avatar_large": "https://tvax2.sinaimg.cn/crop.0.0.664.664.180/007OCQ0Yly8g3eggqa6rpj30ig0igab0.jpg?KID=imgbed,tva&Expires=1669715064&ssig=svCgRJsyjl", "avatar_hd": "https://tvax2.sinaimg.cn/crop.0.0.664.664.1024/007OCQ0Yly8g3eggqa6rpj30ig0igab0.jpg?KID=imgbed,tva&Expires=1669715064&ssig=F1Z0i5G2Q7", "verified_reason": "", "verified_trade": "", "verified_reason_url": "", "verified_source": "", "verified_source_url": "", "follow_me": false, "like": false, "like_me": false, "online_status": 0, "bi_followers_count": 10, "lang": "zh-cn", "star": 0, "mbtype": 0, "mbrank": 0, "svip": 0, "mb_expire_time": 0, "block_word": 0, "block_app": 0, "chaohua_ability": 0, "brand_ability": 0, "nft_ability": 0, "vplus_ability": 0, "wenda_ability": 0, "live_ability": 0, "gongyi_ability": 0, "paycolumn_ability": 0, "newbrand_ability": 0, "ecommerce_ability": 0, "hardfan_ability": 0, "credit_score": 80, "user_ability": 0, "urank": 4, "story_read_state": -1, "vclub_member": 0, "is_teenager": 0, "is_guardian": 0, "is_teenager_list": 0, "pc_new": 0, "special_follow": false, "planet_video": 0, "video_mark": 0, "live_status": 0, "user_ability_extend": 0, "status_total_counter": {"total_cnt": 148, "repost_cnt": 7, "comment_cnt": 2, "like_cnt": 139, "comment_like_cnt": 0}, "video_total_counter": {"play_cnt": -1}, "brand_account": 0, "hongbaofei": 0, "tab_manage": "[0, 0]", "reward_status": 0, "green_mode": 0, "urisk": 17179869184, "avatar_type": 0}, "mid": "4817949175057495", "idstr": "4817949175057495", "status": {"visible": {"type": 0, "list_id": 0}, "created_at": "Mon Sep 26 13:37:54 +0800 2022", "id": 4817943365684013, "idstr": "4817943365684013", "mid": "4817943365684013", "can_edit": false, "version": 4, "show_additional_indication": 0, "text": "#毽客视线#2022年9月20日.广东省珠海市香洲区莲花路,因为没有核酸证明医院不接收,女子（孕妇）被迫在马路上生宝宝。其实这两年这样的事情数不胜数，由于对防疫政策的执行过度，再加上随时随地的风控，有时候是让你出不去，有时候是出去了医院不接收，何况还有这码那码或各种证明。医院是干嘛的？救死扶 ​", "textLength": 416, "source_allowclick": 1, "source_type": 2, "source": "", "favorited": false, "truncated": false, "in_reply_to_status_id": "", "in_reply_to_user_id": "", "in_reply_to_screen_name": "", "pic_urls": [], "geo": null, "is_paid": false, "mblog_vip_type": 0, "user": {"id": 1202586970, "idstr": "1202586970", "class": 1, "screen_name": "毽客逆风飞扬", "name": "毽客逆风飞扬", "province": "11", "city": "1000", "location": "北京", "description": "一个还赖在尘世中的修行者，只因还有一份责任和使命感。", "url": "http://weibo.com/u/1202586970", "profile_image_url": "https://tva3.sinaimg.cn/crop.0.0.540.540.50/47ae055ajw8eme50oydslj20f00f0mxq.jpg?KID=imgbed,tva&Expires=1669715064&ssig=4mybcnn5bv", "light_ring": false, "cover_image_phone": "http://wx3.sinaimg.cn/crop.0.0.640.640.640/47ae055aly1fv0z1edh5xj20u00u0tfq.jpg", "profile_url": "bjjjk", "domain": "bjjjk", "weihao": "", "gender": "m", "followers_count": 260129, "followers_count_str": "26万", "friends_count": 39, "pagefriends_count": 3, "statuses_count": 7036, "video_status_count": 3831, "video_play_count": 0, "super_topic_not_syn_count": 0, "favourites_count": 6, "created_at": "Sat Oct 12 09:33:45 +0800 2013", "following": false, "allow_all_act_msg": false, "geo_enabled": true, "verified": true, "verified_type": 0, "remark": "", "insecurity": {"sexual_content": false}, "ptype": 0, "allow_all_comment": true, "avatar_large": "https://tva3.sinaimg.cn/crop.0.0.540.540.180/47ae055ajw8eme50oydslj20f00f0mxq.jpg?KID=imgbed,tva&Expires=1669715064&ssig=5TqXrgoDY8", "avatar_hd": "https://tva3.sinaimg.cn/crop.0.0.540.540.1024/47ae055ajw8eme50oydslj20f00f0mxq.jpg?KID=imgbed,tva&Expires=1669715064&ssig=YtpAmYD6o2", "verified_reason": "情感博主", "verified_trade": "", "verified_reason_url": "", "verified_source": "", "verified_source_url": "", "verified_state": 0, "verified_level": 3, "verified_type_ext": 0, "has_service_tel": false, "verified_reason_modified": "", "verified_contact_name": "", "verified_contact_email": "", "verified_contact_mobile": "", "follow_me": false, "like": false, "like_me": false, "online_status": 0, "bi_followers_count": 1174, "lang": "zh-cn", "star": 0, "mbtype": 12, "mbrank": 7, "svip": 0, "mb_expire_time": 1777478400, "block_word": 0, "block_app": 1, "chaohua_ability": 0, "brand_ability": 0, "nft_ability": 0, "vplus_ability": 0, "wenda_ability": 0, "live_ability": 0, "gongyi_ability": 0, "paycolumn_ability": 0, "newbrand_ability": 0, "ecommerce_ability": 0, "hardfan_ability": 1, "credit_score": 80, "user_ability": 2359816, "avatargj_id": "gj_vip_660", "urank": 47, "story_read_state": -1, "verified_detail": {"custom": 0, "data": [{"key": 2, "sub_key": 0, "weight": 101, "desc": "情感博主", "timestamp": 0}]}, "vclub_member": 0, "is_teenager": 0, "is_guardian": 0, "is_teenager_list": 0, "pc_new": 0, "special_follow": false, "planet_video": 2, "video_mark": 15, "live_status": 0, "user_ability_extend": 0, "status_total_counter": {"total_cnt": 1138116, "repost_cnt": 140111, "comment_cnt": 326980, "like_cnt": 347644, "comment_like_cnt": 323381}, "video_total_counter": {"play_cnt": 55420864}, "brand_account": 0, "hongbaofei": 0, "tab_manage": "[0, 0]", "reward_status": 0, "green_mode": 0, "urisk": 0, "avatar_type": 0}, "annotations": [{}, {}, {"client_mblogid": "3056d217-b347-4a77-862e-5e939ece58c6"}, {"mapi_request": true}], "reposts_count": 0, "comments_count": 0, "reprint_cmt_count": 0, "attitudes_count": 0, "pending_approval_count": 0, "isLongText": true, "reward_exhibition_type": 0, "hide_flag": 0, "mlevel": 128, "show_mlevel": 0, "biz_ids": [230444], "biz_feature": 4294967304, "page_type": 64, "hasActionTypeCard": 0, "darwin_tags": [], "hot_weibo_tags": [], "text_tag_tips": [], "mblogtype": 0, "userType": 0, "mlevelSource": "monitor", "more_info_type": 0, "number_display_strategy": {"apply_scenario_flag": 3, "display_text_min_number": 1000000, "display_text": "100万+"}, "positive_recom_flag": 0, "content_auth": 0, "gif_ids": "", "is_show_bulletin": 2, "comment_manage_info": {"comment_permission_type": -1, "approval_comment_type": 0, "comment_sort_type": 0, "ai_play_picture_type": 0}, "pic_num": 0, "fid": 4816984436113541, "can_reprint": false, "new_comment_style": 0}, "readtimetype": "comment", "match_ai_play_picture": false}