{"created_at": "Sat Dec 17 10:58:55 +0800 2022", "id": 4847619160939725, "rootid": 4847619160939725, "rootidstr": "4847619160939725", "floor_number": 99, "text": "谢谢科普", "disable_reply": 0, "restrictOperate": 0, "source_allowclick": 0, "source_type": 4, "source": "<a href=\"\" rel=\"nofollow\">来自广东</a>", "comment_badge": [{"pic_url": "https://h5.sinaimg.cn/upload/114/962/2022/07/08/member_0_bigfan3_1.png", "name": "loyal_fans", "length": 1.33, "actionlog": {"act_code": "3671", "ext": "status:fans"}, "scheme": "https://kefu.weibo.com/faqdetail?id=20848", "new_icon": true}], "user": {"id": 6467875259, "idstr": "6467875259", "class": 1, "screen_name": "那年仲夏2285", "name": "那年仲夏2285", "province": "100", "city": "1000", "location": "其他", "description": "", "url": "", "profile_image_url": "https://tvax3.sinaimg.cn/crop.0.0.926.926.50/0073IxOHly8h4wxn6weqrj30pq0pq775.jpg?KID=imgbed,tva&Expires=1674055801&ssig=xXNnGRvk%2FN", "light_ring": false, "cover_image_phone": "https://ww1.sinaimg.cn/crop.0.0.640.640.640/549d0121tw1egm1kjly3jj20hs0hsq4f.jpg", "profile_url": "u/6467875259", "domain": "", "weihao": "", "gender": "f", "followers_count": 85, "followers_count_str": "85", "friends_count": 131, "pagefriends_count": 13, "statuses_count": 2238, "video_status_count": 0, "video_play_count": 0, "super_topic_not_syn_count": 1, "favourites_count": 3, "created_at": "Sun Jan 21 23:50:38 +0800 2018", "following": false, "allow_all_act_msg": false, "geo_enabled": true, "verified": true, "verified_type": 0, "remark": "", "insecurity": {"sexual_content": false}, "ptype": 0, "allow_all_comment": true, "avatar_large": "https://tvax3.sinaimg.cn/crop.0.0.926.926.180/0073IxOHly8h4wxn6weqrj30pq0pq775.jpg?KID=imgbed,tva&Expires=1674055801&ssig=AbcZBG7Kg3", "avatar_hd": "https://tvax3.sinaimg.cn/crop.0.0.926.926.1024/0073IxOHly8h4wxn6weqrj30pq0pq775.jpg?KID=imgbed,tva&Expires=1674055801&ssig=b1DIYvJGpy", "verified_reason": "超话粉丝大咖（博君一肖超话）", "verified_trade": "", "verified_reason_url": "", "verified_source": "", "verified_source_url": "", "verified_state": 0, "verified_level": 3, "verified_type_ext": 0, "has_service_tel": false, "verified_reason_modified": "", "verified_contact_name": "", "verified_contact_email": "", "verified_contact_mobile": "", "follow_me": false, "like": false, "like_me": false, "online_status": 0, "bi_followers_count": 74, "lang": "zh-cn", "star": 0, "mbtype": 0, "mbrank": 0, "svip": 0, "mb_expire_time": 0, "block_word": 0, "block_app": 0, "chaohua_ability": 0, "brand_ability": 0, "nft_ability": 0, "vplus_ability": 0, "wenda_ability": 0, "live_ability": 0, "gongyi_ability": 0, "paycolumn_ability": 0, "newbrand_ability": 0, "ecommerce_ability": 0, "hardfan_ability": 0, "wbcolumn_ability": 0, "credit_score": 80, "user_ability": 2097152, "urank": 0, "story_read_state": -1, "verified_detail": {"custom": 0, "data": [{"key": 8, "sub_key": 0, "weight": 102, "desc": "超话粉丝大咖（博君一肖超话）", "timestamp": 1664782213}]}, "vclub_member": 0, "is_teenager": 0, "is_guardian": 0, "is_teenager_list": 0, "pc_new": 0, "special_follow": false, "planet_video": 0, "video_mark": 0, "live_status": 0, "user_ability_extend": 0, "status_total_counter": {"total_cnt": 12750, "repost_cnt": 231, "comment_cnt": 4890, "like_cnt": 3090, "comment_like_cnt": 4539}, "video_total_counter": {"play_cnt": -1}, "brand_account": 0, "hongbaofei": 0, "tab_manage": "[0, 0]", "reward_status": 0, "green_mode": 0, "urisk": 524288, "unfollowing_recom_switch": 1, "avatar_type": 0}, "mid": "4847619160939725", "idstr": "4847619160939725", "status": {"visible": {"type": 0, "list_id": 0}, "created_at": "Sat Dec 17 08:49:07 +0800 2022", "id": 4847586496482569, "idstr": "4847586496482569", "mid": "4847586496482569", "edit_count": 2, "can_edit": false, "edit_at": "Sun Dec 18 08:50:02 +0800 2022", "version": 9, "show_additional_indication": 0, "text": "#为什么有人感染后全身酸痛# [新鲜好柿]#腰疼背疼是因为抗病毒的它在工作# \n其实就是身体的免疫系统在和病毒做斗争 http://t.cn/A6KO5W8t ​", "textLength": 128, "source_allowclick": 0, "source_type": 1, "source": "<a href=\"http://app.weibo.com/t/feed/4roBef\" rel=\"nofollow\">iPhone 14 Pro</a>", "favorited": false, "truncated": false, "in_reply_to_status_id": "", "in_reply_to_user_id": "", "in_reply_to_screen_name": "", "pic_urls": [], "geo": null, "is_paid": false, "mblog_vip_type": 0, "user": {"id": 6487777542, "idstr": "6487777542", "class": 1, "screen_name": "辰梦静入人心", "name": "辰梦静入人心", "province": "13", "city": "1000", "location": "河北", "description": "认真努力地生活。别直关，关请私我", "url": "", "profile_image_url": "https://tvax2.sinaimg.cn/crop.0.0.1080.1080.50/007543jgly8gulxzuj4fuj60u00u03zb02.jpg?KID=imgbed,tva&Expires=1674055801&ssig=KfMwWqc1oo", "light_ring": false, "cover_image_phone": "https://wx4.sinaimg.cn/crop.0.0.640.640.640/007543jgly1gm5w8eajiuj30yi0yidjh.jpg;https://wx1.sinaimg.cn/crop.0.0.640.640.640/007543jgly1h0azfrrna3j30r20r2q5n.jpg", "profile_url": "u/6487777542", "domain": "", "weihao": "", "gender": "f", "followers_count": 23913, "followers_count_str": "2.4万", "friends_count": 1229, "pagefriends_count": 24, "statuses_count": 6354, "video_status_count": 579, "video_play_count": 0, "super_topic_not_syn_count": 6, "favourites_count": 1, "created_at": "Thu Feb 15 17:11:04 +0800 2018", "following": false, "allow_all_act_msg": false, "geo_enabled": true, "verified": true, "verified_type": 0, "remark": "", "insecurity": {"sexual_content": false}, "ptype": 0, "allow_all_comment": true, "avatar_large": "https://tvax2.sinaimg.cn/crop.0.0.1080.1080.180/007543jgly8gulxzuj4fuj60u00u03zb02.jpg?KID=imgbed,tva&Expires=1674055801&ssig=44ScnCBPBO", "avatar_hd": "https://tvax2.sinaimg.cn/crop.0.0.1080.1080.1024/007543jgly8gulxzuj4fuj60u00u03zb02.jpg?KID=imgbed,tva&Expires=1674055801&ssig=sKigN53WbW", "verified_reason": "情感博主 微博原创视频博主", "verified_trade": "", "verified_reason_url": "", "verified_source": "", "verified_source_url": "", "verified_state": 0, "verified_level": 3, "verified_type_ext": 1, "has_service_tel": false, "verified_reason_modified": "", "verified_contact_name": "", "verified_contact_email": "", "verified_contact_mobile": "", "follow_me": false, "like": false, "like_me": false, "online_status": 0, "bi_followers_count": 928, "lang": "zh-cn", "star": 0, "mbtype": 12, "mbrank": 8, "svip": 1, "mb_expire_time": 1763308800, "block_word": 0, "block_app": 1, "chaohua_ability": 0, "brand_ability": 0, "nft_ability": 0, "vplus_ability": 0, "wenda_ability": 0, "live_ability": 0, "gongyi_ability": 0, "paycolumn_ability": 1, "newbrand_ability": 0, "ecommerce_ability": 0, "hardfan_ability": 0, "wbcolumn_ability": 0, "credit_score": 80, "user_ability": -2144075256, "cardid": "star_1155", "urank": 4, "story_read_state": -1, "verified_detail": {"custom": 0, "data": [{"key": 2, "sub_key": 0, "weight": 101, "desc": "情感博主", "timestamp": 0}, {"key": 16, "sub_key": 1, "weight": 103, "desc": "微博原创视频博主", "timestamp": 0}]}, "vclub_member": 0, "is_teenager": 0, "is_guardian": 1, "is_teenager_list": 0, "pc_new": 7, "special_follow": false, "planet_video": 2, "video_mark": 2, "live_status": 0, "user_ability_extend": 0, "status_total_counter": {"total_cnt": 1116251, "repost_cnt": 45051, "comment_cnt": 344416, "like_cnt": 278227, "comment_like_cnt": 448557}, "video_total_counter": {"play_cnt": 5770097}, "brand_account": 0, "hongbaofei": 0, "tab_manage": "[0, 0]", "reward_status": 0, "green_mode": 0, "mb_like_privilege": {"like_id": "0003", "like_desc": "么么哒"}, "urisk": 0, "unfollowing_recom_switch": 1, "avatar_type": 0}, "annotations": [{}, {"ann_ext": "ann_ext:search|t:31|q:#感染新冠为何浑身疼#|creator_source:bottomsendweibo"}, {"client_mblogid": "iPhone-58F9C65F-959F-4569-9F2E-A4BD7E3D8D2C"}, {"mapi_request": true}], "reposts_count": 0, "comments_count": 0, "reprint_cmt_count": 0, "attitudes_count": 0, "pending_approval_count": 0, "isLongText": false, "reward_exhibition_type": 0, "hide_flag": 0, "mlevel": 0, "show_mlevel": 0, "biz_ids": [230444], "biz_feature": 4294967304, "page_type": 64, "hasActionTypeCard": 0, "darwin_tags": [], "hot_weibo_tags": [], "text_tag_tips": [], "mblogtype": 0, "userType": 0, "extend_info": {"discuss_room": {"oid": "1022:23262284175eff05b7ea035725654b43bb0881"}}, "more_info_type": 0, "cardid": "star_1155", "number_display_strategy": {"apply_scenario_flag": 3, "display_text_min_number": 1000000, "display_text": "100万+"}, "positive_recom_flag": 0, "content_auth": 0, "gif_ids": "", "is_show_bulletin": 2, "comment_manage_info": {"comment_permission_type": -1, "approval_comment_type": 0, "comment_sort_type": 0, "ai_play_picture_type": 0}, "pic_num": 0, "fid": 4847585662861341, "can_reprint": false, "new_comment_style": 0}, "readtimetype": "comment", "sync_id": 4847585662861341, "sync_uuid": 4847585662861341, "sync_generate_level": 1, "comment_dynamic_message": {"id": "0", "start_color": "#00FFFFFF", "end_color": "#1AFFFFFF", "start_color_dark": "#003A3A3A", "end_color_dark": "#333A3A3A", "name": {"zh_CN": "默认", "zh_HK": "默認", "en_US": "default"}, "scheme": "https://new.vip.weibo.cn/bubble/mall?showmenu=0&decorateId=0&uid=6467875259", "allow_vip_box_content": "用此评论气泡", "allow_vip_box_icon": "https://h5.sinaimg.cn/upload/100/1720/2022/08/08/icon_VIP_for_comment_bubble.png"}, "match_ai_play_picture": false}