{"created_at": "Wed Jun 15 10:43:42 +0800 2022", "id": 4780573580591845, "rootid": 4780573580591845, "rootidstr": "4780573580591845", "floor_number": 485, "text": "所以警察👮‍♀️管不了 以前不好好处理 现在重视了 社会就这么现实 主要可怜了那些无辜的人讨不到说法和公正", "disable_reply": 0, "restrictOperate": 0, "source_allowclick": 0, "source_type": 4, "source": "<a href=\"\" rel=\"nofollow\">来自江苏</a>", "user": {"id": 3054268567, "idstr": "3054268567", "class": 1, "screen_name": "女孰妍", "name": "女孰妍", "province": "400", "city": "16", "location": "海外 其他", "description": "自律   体系   优秀", "url": "", "profile_image_url": "https://tvax3.sinaimg.cn/crop.0.0.828.828.50/b60c7097ly8gyycc6cqtvj20n00n0ab7.jpg?KID=imgbed,tva&Expires=1670077337&ssig=E8i7mtfuOz", "light_ring": false, "cover_image": "http://ww4.sinaimg.cn/crop.0.0.920.300/b60c7097gw1faweff281xj20pk08cgnz.jpg", "cover_image_phone": "http://ww1.sinaimg.cn/crop.0.0.640.640.640/9d44112bjw1f1xl1c10tuj20hs0hs0tw.jpg", "profile_url": "u/3054268567", "domain": "", "weihao": "", "gender": "f", "followers_count": 316, "followers_count_str": "316", "friends_count": 739, "pagefriends_count": 8, "statuses_count": 6308, "video_status_count": 1, "video_play_count": 0, "super_topic_not_syn_count": 0, "favourites_count": 9, "created_at": "Sat Oct 20 19:02:55 +0800 2012", "following": false, "allow_all_act_msg": false, "geo_enabled": true, "verified": false, "verified_type": -1, "remark": "", "insecurity": {"sexual_content": false}, "ptype": 0, "allow_all_comment": false, "avatar_large": "https://tvax3.sinaimg.cn/crop.0.0.828.828.180/b60c7097ly8gyycc6cqtvj20n00n0ab7.jpg?KID=imgbed,tva&Expires=1670077337&ssig=lgfsdaQ9wY", "avatar_hd": "https://tvax3.sinaimg.cn/crop.0.0.828.828.1024/b60c7097ly8gyycc6cqtvj20n00n0ab7.jpg?KID=imgbed,tva&Expires=1670077337&ssig=9g1Tu%2Frv0i", "verified_reason": "", "verified_trade": "", "verified_reason_url": "", "verified_source": "", "verified_source_url": "", "follow_me": false, "like": false, "like_me": false, "online_status": 0, "bi_followers_count": 127, "lang": "zh-cn", "star": 0, "mbtype": 2, "mbrank": 1, "svip": 0, "mb_expire_time": 1644335999, "block_word": 0, "block_app": 0, "chaohua_ability": 0, "brand_ability": 0, "nft_ability": 0, "vplus_ability": 0, "wenda_ability": 0, "live_ability": 0, "gongyi_ability": 0, "paycolumn_ability": 0, "newbrand_ability": 0, "ecommerce_ability": 0, "hardfan_ability": 0, "credit_score": 80, "user_ability": 2360320, "cardid": "vip_012", "avatargj_id": "gj_vip_660", "urank": 20, "story_read_state": -1, "vclub_member": 0, "is_teenager": 0, "is_guardian": 0, "is_teenager_list": 0, "pc_new": 7, "special_follow": false, "planet_video": 0, "video_mark": 0, "live_status": 0, "user_ability_extend": 0, "status_total_counter": {"total_cnt": 879, "repost_cnt": 393, "comment_cnt": 53, "like_cnt": 433, "comment_like_cnt": 0}, "video_total_counter": {"play_cnt": 92}, "brand_account": 0, "hongbaofei": 0, "tab_manage": "[0, 0]", "reward_status": 0, "green_mode": 0, "urisk": 0, "avatar_type": 0}, "mid": "4780573580591845", "idstr": "4780573580591845", "status": {"visible": {"type": 0, "list_id": 0}, "created_at": "Tue Jun 14 20:23:57 +0800 2022", "id": 4780357213751267, "idstr": "4780357213751267", "mid": "4780357213751267", "can_edit": false, "version": 5, "show_additional_indication": 0, "text": "#唐山公安局回应是否增设接待窗口#\n🙏🙏🙏借热搜用一下。\n河南鹤壁女生实名举报当地警察，暴力殴打她父亲致死。 http://t.cn/A6avywXu ​", "textLength": 131, "source_allowclick": 1, "source_type": 2, "source": "", "favorited": false, "truncated": false, "in_reply_to_status_id": "", "in_reply_to_user_id": "", "in_reply_to_screen_name": "", "pic_urls": [], "geo": null, "is_paid": false, "mblog_vip_type": 0, "user": {"id": 3182714664, "idstr": "3182714664", "class": 1, "screen_name": "裤哥鹅姐桃妹妹", "name": "裤哥鹅姐桃妹妹", "province": "44", "city": "1000", "location": "广东", "description": "你干嘛", "url": "", "profile_image_url": "https://tvax1.sinaimg.cn/crop.0.0.1080.1080.50/bdb45f28ly8h8n5ks8af1j20u00u0dhh.jpg?KID=imgbed,tva&Expires=1670077337&ssig=mTv0YX9Mnu", "light_ring": false, "cover_image_phone": "http://ww1.sinaimg.cn/crop.0.0.640.640.640/9d44112bjw1f1xl1c10tuj20hs0hs0tw.jpg", "profile_url": "linninghan", "domain": "linninghan", "weihao": "", "gender": "m", "followers_count": 10396, "followers_count_str": "1万", "friends_count": 466, "pagefriends_count": 18, "statuses_count": 2087, "video_status_count": 153, "video_play_count": 0, "super_topic_not_syn_count": 1, "favourites_count": 3, "created_at": "Thu Feb 07 08:56:20 +0800 2013", "following": false, "allow_all_act_msg": false, "geo_enabled": true, "verified": true, "verified_type": 0, "remark": "", "insecurity": {"sexual_content": false}, "ptype": 0, "allow_all_comment": true, "avatar_large": "https://tvax1.sinaimg.cn/crop.0.0.1080.1080.180/bdb45f28ly8h8n5ks8af1j20u00u0dhh.jpg?KID=imgbed,tva&Expires=1670077337&ssig=Yp3UcROOYF", "avatar_hd": "https://tvax1.sinaimg.cn/crop.0.0.1080.1080.1024/bdb45f28ly8h8n5ks8af1j20u00u0dhh.jpg?KID=imgbed,tva&Expires=1670077337&ssig=lx%2FEpFmHqQ", "verified_reason": "娱乐博主 微博原创视频博主", "verified_trade": "", "verified_reason_url": "", "verified_source": "", "verified_source_url": "", "verified_state": 0, "verified_level": 3, "verified_type_ext": 0, "has_service_tel": false, "verified_reason_modified": "", "verified_contact_name": "", "verified_contact_email": "", "verified_contact_mobile": "", "follow_me": false, "like": false, "like_me": false, "online_status": 0, "bi_followers_count": 449, "lang": "zh-cn", "star": 0, "mbtype": 12, "mbrank": 5, "svip": 0, "mb_expire_time": 1700323200, "block_word": 0, "block_app": 1, "chaohua_ability": 0, "brand_ability": 0, "nft_ability": 0, "vplus_ability": 0, "wenda_ability": 0, "live_ability": 0, "gongyi_ability": 0, "paycolumn_ability": 0, "newbrand_ability": 0, "ecommerce_ability": 0, "hardfan_ability": 1, "credit_score": 80, "user_ability": 2359304, "cardid": "star_1608", "avatargj_id": "gj_vip_011", "urank": 9, "story_read_state": -1, "verified_detail": {"custom": 0, "data": [{"key": 16, "sub_key": 1, "weight": 103, "desc": "微博原创视频博主", "timestamp": 0}, {"key": 2, "sub_key": 0, "weight": 101, "desc": "娱乐博主", "timestamp": 0}]}, "vclub_member": 0, "is_teenager": 0, "is_guardian": 1, "is_teenager_list": 0, "pc_new": 0, "special_follow": false, "planet_video": 2, "video_mark": 0, "live_status": 0, "user_ability_extend": 0, "status_total_counter": {"total_cnt": 40095, "repost_cnt": 2294, "comment_cnt": 5124, "like_cnt": 25731, "comment_like_cnt": 6946}, "video_total_counter": {"play_cnt": 1159809}, "brand_account": 0, "hongbaofei": 0, "tab_manage": "[0, 0]", "reward_status": 0, "green_mode": 0, "urisk": 34896609280, "avatar_type": 0}, "annotations": [{}, {"ann_ext": "ann_ext:search|t:31|creator_source:bottomsendweibo"}, {"client_mblogid": "f6d30ccf-4bb0-477b-abcb-c6bd85dc558e"}, {"mapi_request": true}], "reposts_count": 0, "comments_count": 0, "reprint_cmt_count": 0, "attitudes_count": 0, "pending_approval_count": 0, "isLongText": false, "reward_exhibition_type": 0, "hide_flag": 0, "mlevel": 128, "show_mlevel": 0, "biz_ids": [230444], "biz_feature": 4294967304, "expire_time": 1655301438, "page_type": 64, "hasActionTypeCard": 0, "darwin_tags": [], "hot_weibo_tags": [], "text_tag_tips": [], "mblogtype": 0, "mark": "999_reallog_mark_ad:999|WeiboADNatural", "userType": 0, "extend_info": {"ad": {"url_marked": "true"}}, "mlevelSource": "monitor", "more_info_type": 0, "cardid": "vip_012", "number_display_strategy": {"apply_scenario_flag": 3, "display_text_min_number": 1000000, "display_text": "100万+"}, "positive_recom_flag": 0, "content_auth": 0, "gif_ids": "", "is_show_bulletin": 2, "comment_manage_info": {"comment_permission_type": -1, "approval_comment_type": 0, "comment_sort_type": 0, "ai_play_picture_type": 0}, "pic_num": 0, "fid": 4780356900487533, "can_reprint": false, "new_comment_style": 0}, "readtimetype": "comment", "match_ai_play_picture": false}