{"created_at": "Wed Jun 15 14:44:10 +0800 2022", "id": 4780634093126984, "rootid": 4780378591861728, "rootidstr": "4780378591861728", "floor_number": 0, "text": "回复@已阅--下一个:这个被辟谣了～", "disable_reply": 0, "restrictOperate": 0, "source_allowclick": 0, "source_type": 4, "source": "<a href=\"\" rel=\"nofollow\">来自广东</a>", "user": {"id": 7337956730, "idstr": "7337956730", "class": 1, "screen_name": "浮生若梦70452", "name": "浮生若梦70452", "province": "100", "city": "1000", "location": "其他", "description": "心有阳光☀️", "url": "", "profile_image_url": "https://tvax4.sinaimg.cn/crop.0.0.512.512.50/0080BjKOly8h50ifchqd7j30e80e8wew.jpg?KID=imgbed,tva&Expires=1670077337&ssig=edI%2Bzv0Or2", "light_ring": false, "profile_url": "u/7337956730", "domain": "", "weihao": "", "gender": "f", "followers_count": 4, "followers_count_str": "4", "friends_count": 108, "pagefriends_count": 0, "statuses_count": 91, "video_status_count": 0, "video_play_count": 0, "super_topic_not_syn_count": 0, "favourites_count": 3, "created_at": "Sat Nov 16 02:36:04 +0800 2019", "following": false, "allow_all_act_msg": false, "geo_enabled": true, "verified": false, "verified_type": -1, "remark": "", "insecurity": {"sexual_content": false}, "ptype": 0, "allow_all_comment": true, "avatar_large": "https://tvax4.sinaimg.cn/crop.0.0.512.512.180/0080BjKOly8h50ifchqd7j30e80e8wew.jpg?KID=imgbed,tva&Expires=1670077337&ssig=lARpnAikl0", "avatar_hd": "https://tvax4.sinaimg.cn/crop.0.0.512.512.1024/0080BjKOly8h50ifchqd7j30e80e8wew.jpg?KID=imgbed,tva&Expires=1670077337&ssig=Alc%2BgmH2LL", "verified_reason": "", "verified_trade": "", "verified_reason_url": "", "verified_source": "", "verified_source_url": "", "follow_me": false, "like": false, "like_me": false, "online_status": 0, "bi_followers_count": 0, "lang": "zh-cn", "star": 0, "mbtype": 0, "mbrank": 0, "svip": 0, "mb_expire_time": 0, "block_word": 0, "block_app": 0, "chaohua_ability": 0, "brand_ability": 0, "nft_ability": 0, "vplus_ability": 0, "wenda_ability": 0, "live_ability": 0, "gongyi_ability": 0, "paycolumn_ability": 0, "newbrand_ability": 0, "ecommerce_ability": 0, "hardfan_ability": 0, "credit_score": 80, "user_ability": 0, "urank": 0, "story_read_state": -1, "vclub_member": 0, "is_teenager": 0, "is_guardian": 0, "is_teenager_list": 0, "pc_new": 0, "special_follow": false, "planet_video": 0, "video_mark": 0, "live_status": 0, "user_ability_extend": 0, "status_total_counter": {"total_cnt": 6, "repost_cnt": 0, "comment_cnt": 0, "like_cnt": 6, "comment_like_cnt": 0}, "video_total_counter": {"play_cnt": -1}, "brand_account": 0, "hongbaofei": 0, "tab_manage": "[0, 0]", "reward_status": 0, "green_mode": 0, "urisk": 0, "avatar_type": 0}, "mid": "4780634093126984", "idstr": "4780634093126984", "status": {"visible": {"type": 0, "list_id": 0}, "created_at": "Tue Jun 14 20:23:57 +0800 2022", "id": 4780357213751267, "idstr": "4780357213751267", "mid": "4780357213751267", "can_edit": false, "version": 5, "show_additional_indication": 0, "text": "#唐山公安局回应是否增设接待窗口#\n🙏🙏🙏借热搜用一下。\n河南鹤壁女生实名举报当地警察，暴力殴打她父亲致死。 http://t.cn/A6avywXu ​", "textLength": 131, "source_allowclick": 1, "source_type": 2, "source": "", "favorited": false, "truncated": false, "in_reply_to_status_id": "", "in_reply_to_user_id": "", "in_reply_to_screen_name": "", "pic_urls": [], "geo": null, "is_paid": false, "mblog_vip_type": 0, "user": {"id": 3182714664, "idstr": "3182714664", "class": 1, "screen_name": "裤哥鹅姐桃妹妹", "name": "裤哥鹅姐桃妹妹", "province": "44", "city": "1000", "location": "广东", "description": "你干嘛", "url": "", "profile_image_url": "https://tvax1.sinaimg.cn/crop.0.0.1080.1080.50/bdb45f28ly8h8n5ks8af1j20u00u0dhh.jpg?KID=imgbed,tva&Expires=1670077337&ssig=mTv0YX9Mnu", "light_ring": false, "cover_image_phone": "http://ww1.sinaimg.cn/crop.0.0.640.640.640/9d44112bjw1f1xl1c10tuj20hs0hs0tw.jpg", "profile_url": "linninghan", "domain": "linninghan", "weihao": "", "gender": "m", "followers_count": 10396, "followers_count_str": "1万", "friends_count": 466, "pagefriends_count": 18, "statuses_count": 2087, "video_status_count": 153, "video_play_count": 0, "super_topic_not_syn_count": 1, "favourites_count": 3, "created_at": "Thu Feb 07 08:56:20 +0800 2013", "following": false, "allow_all_act_msg": false, "geo_enabled": true, "verified": true, "verified_type": 0, "remark": "", "insecurity": {"sexual_content": false}, "ptype": 0, "allow_all_comment": true, "avatar_large": "https://tvax1.sinaimg.cn/crop.0.0.1080.1080.180/bdb45f28ly8h8n5ks8af1j20u00u0dhh.jpg?KID=imgbed,tva&Expires=1670077337&ssig=Yp3UcROOYF", "avatar_hd": "https://tvax1.sinaimg.cn/crop.0.0.1080.1080.1024/bdb45f28ly8h8n5ks8af1j20u00u0dhh.jpg?KID=imgbed,tva&Expires=1670077337&ssig=lx%2FEpFmHqQ", "verified_reason": "娱乐博主 微博原创视频博主", "verified_trade": "", "verified_reason_url": "", "verified_source": "", "verified_source_url": "", "verified_state": 0, "verified_level": 3, "verified_type_ext": 0, "has_service_tel": false, "verified_reason_modified": "", "verified_contact_name": "", "verified_contact_email": "", "verified_contact_mobile": "", "follow_me": false, "like": false, "like_me": false, "online_status": 0, "bi_followers_count": 449, "lang": "zh-cn", "star": 0, "mbtype": 12, "mbrank": 5, "svip": 0, "mb_expire_time": 1700323200, "block_word": 0, "block_app": 1, "chaohua_ability": 0, "brand_ability": 0, "nft_ability": 0, "vplus_ability": 0, "wenda_ability": 0, "live_ability": 0, "gongyi_ability": 0, "paycolumn_ability": 0, "newbrand_ability": 0, "ecommerce_ability": 0, "hardfan_ability": 1, "credit_score": 80, "user_ability": 2359304, "cardid": "star_1608", "avatargj_id": "gj_vip_011", "urank": 9, "story_read_state": -1, "verified_detail": {"custom": 0, "data": [{"key": 16, "sub_key": 1, "weight": 103, "desc": "微博原创视频博主", "timestamp": 0}, {"key": 2, "sub_key": 0, "weight": 101, "desc": "娱乐博主", "timestamp": 0}]}, "vclub_member": 0, "is_teenager": 0, "is_guardian": 1, "is_teenager_list": 0, "pc_new": 0, "special_follow": false, "planet_video": 2, "video_mark": 0, "live_status": 0, "user_ability_extend": 0, "status_total_counter": {"total_cnt": 40095, "repost_cnt": 2294, "comment_cnt": 5124, "like_cnt": 25731, "comment_like_cnt": 6946}, "video_total_counter": {"play_cnt": 1159809}, "brand_account": 0, "hongbaofei": 0, "tab_manage": "[0, 0]", "reward_status": 0, "green_mode": 0, "urisk": 34896609280, "avatar_type": 0}, "annotations": [{}, {"ann_ext": "ann_ext:search|t:31|creator_source:bottomsendweibo"}, {"client_mblogid": "f6d30ccf-4bb0-477b-abcb-c6bd85dc558e"}, {"mapi_request": true}], "reposts_count": 0, "comments_count": 0, "reprint_cmt_count": 0, "attitudes_count": 0, "pending_approval_count": 0, "isLongText": false, "reward_exhibition_type": 0, "hide_flag": 0, "mlevel": 128, "show_mlevel": 0, "biz_ids": [230444], "biz_feature": 4294967304, "expire_time": 1655301438, "page_type": 64, "hasActionTypeCard": 0, "darwin_tags": [], "hot_weibo_tags": [], "text_tag_tips": [], "mblogtype": 0, "mark": "999_reallog_mark_ad:999|WeiboADNatural", "userType": 0, "extend_info": {"ad": {"url_marked": "true"}}, "mlevelSource": "monitor", "more_info_type": 0, "cardid": "vip_012", "number_display_strategy": {"apply_scenario_flag": 3, "display_text_min_number": 1000000, "display_text": "100万+"}, "positive_recom_flag": 0, "content_auth": 0, "gif_ids": "", "is_show_bulletin": 2, "comment_manage_info": {"comment_permission_type": -1, "approval_comment_type": 0, "comment_sort_type": 0, "ai_play_picture_type": 0}, "pic_num": 0, "fid": 4780356900487533, "can_reprint": false, "new_comment_style": 0}, "reply_comment": {"created_at": "Tue Jun 14 21:48:54 +0800 2022", "id": 4780378591861728, "rootid": 4780378591861728, "rootidstr": "4780378591861728", "floor_number": 131, "text": "原博@念心思阳 已被删除全部文章。 http://t.cn/A6avGIUl", "disable_reply": 0, "is_mblog_author": true, "restrictOperate": 0, "comment_badge": [{"pic_url": "https://h5.sinaimg.cn/upload/1007/25/2019/05/17/feed_icon_poster_identity133low.png", "name": "blogger", "length": 1.33, "actionlog": {"act_code": "3671", "ext": "status:author"}, "scheme": "https://kefu.weibo.com/faqdetail?id=20848"}, {"pic_url": "https://h5.sinaimg.cn/upload/1007/25/2019/05/17/feed_icon_poster_identity133low.png", "name": "blogger", "length": 1.33, "actionlog": {"act_code": "3671", "ext": "status:author"}, "scheme": "https://kefu.weibo.com/faqdetail?id=20848"}], "user": {"id": 3182714664, "idstr": "3182714664", "class": 1, "screen_name": "裤哥鹅姐桃妹妹", "name": "裤哥鹅姐桃妹妹", "province": "44", "city": "1000", "location": "广东", "description": "你干嘛", "url": "", "profile_image_url": "https://tvax1.sinaimg.cn/crop.0.0.1080.1080.50/bdb45f28ly8h8n5ks8af1j20u00u0dhh.jpg?KID=imgbed,tva&Expires=1670077337&ssig=mTv0YX9Mnu", "light_ring": false, "cover_image_phone": "http://ww1.sinaimg.cn/crop.0.0.640.640.640/9d44112bjw1f1xl1c10tuj20hs0hs0tw.jpg", "profile_url": "linninghan", "domain": "linninghan", "weihao": "", "gender": "m", "followers_count": 10396, "followers_count_str": "1万", "friends_count": 466, "pagefriends_count": 18, "statuses_count": 2087, "video_status_count": 153, "video_play_count": 0, "super_topic_not_syn_count": 1, "favourites_count": 3, "created_at": "Thu Feb 07 08:56:20 +0800 2013", "following": false, "allow_all_act_msg": false, "geo_enabled": true, "verified": true, "verified_type": 0, "remark": "", "insecurity": {"sexual_content": false}, "ptype": 0, "allow_all_comment": true, "avatar_large": "https://tvax1.sinaimg.cn/crop.0.0.1080.1080.180/bdb45f28ly8h8n5ks8af1j20u00u0dhh.jpg?KID=imgbed,tva&Expires=1670077337&ssig=Yp3UcROOYF", "avatar_hd": "https://tvax1.sinaimg.cn/crop.0.0.1080.1080.1024/bdb45f28ly8h8n5ks8af1j20u00u0dhh.jpg?KID=imgbed,tva&Expires=1670077337&ssig=lx%2FEpFmHqQ", "verified_reason": "娱乐博主 微博原创视频博主", "verified_trade": "", "verified_reason_url": "", "verified_source": "", "verified_source_url": "", "verified_state": 0, "verified_level": 3, "verified_type_ext": 0, "has_service_tel": false, "verified_reason_modified": "", "verified_contact_name": "", "verified_contact_email": "", "verified_contact_mobile": "", "follow_me": false, "like": false, "like_me": false, "online_status": 0, "bi_followers_count": 449, "lang": "zh-cn", "star": 0, "mbtype": 12, "mbrank": 5, "svip": 0, "mb_expire_time": 1700323200, "block_word": 0, "block_app": 1, "chaohua_ability": 0, "brand_ability": 0, "nft_ability": 0, "vplus_ability": 0, "wenda_ability": 0, "live_ability": 0, "gongyi_ability": 0, "paycolumn_ability": 0, "newbrand_ability": 0, "ecommerce_ability": 0, "hardfan_ability": 1, "credit_score": 80, "user_ability": 2359304, "cardid": "star_1608", "avatargj_id": "gj_vip_011", "urank": 9, "story_read_state": -1, "verified_detail": {"custom": 0, "data": [{"key": 16, "sub_key": 1, "weight": 103, "desc": "微博原创视频博主", "timestamp": 0}, {"key": 2, "sub_key": 0, "weight": 101, "desc": "娱乐博主", "timestamp": 0}]}, "vclub_member": 0, "is_teenager": 0, "is_guardian": 1, "is_teenager_list": 0, "pc_new": 0, "special_follow": false, "planet_video": 2, "video_mark": 0, "live_status": 0, "user_ability_extend": 0, "status_total_counter": {"total_cnt": 40095, "repost_cnt": 2294, "comment_cnt": 5124, "like_cnt": 25731, "comment_like_cnt": 6946}, "video_total_counter": {"play_cnt": 1159809}, "brand_account": 0, "hongbaofei": 0, "tab_manage": "[0, 0]", "reward_status": 0, "green_mode": 0, "urisk": 34896609280, "avatar_type": 0}, "mid": "4780378591861728", "idstr": "4780378591861728", "sync_id": 4780356900487533, "sync_uuid": 4780356900487533, "sync_generate_level": 1, "match_ai_play_picture": false}, "reply_original_text": "这个被辟谣了～", "readtimetype": "comment", "match_ai_play_picture": false}