{"created_at": "Mon Nov 14 22:46:47 +0800 2022", "id": 4835838502114854, "rootid": 4835838502114854, "rootidstr": "4835838502114854", "floor_number": 5, "text": "国务院小程序投诉", "disable_reply": 0, "restrictOperate": 0, "source_allowclick": 0, "source_type": 4, "source": "<a href=\"\" rel=\"nofollow\">来自河南</a>", "user": {"id": 5702150666, "idstr": "5702150666", "class": 1, "screen_name": "十二日光", "name": "十二日光", "province": "31", "city": "1000", "location": "上海", "description": "躬身入局", "url": "", "profile_image_url": "https://tvax4.sinaimg.cn/crop.0.0.1008.1008.50/006dTDS2ly8gt1jxlyy5qj30s00s0adi.jpg?KID=imgbed,tva&Expires=1669639490&ssig=SGr9oPb1DR", "light_ring": false, "cover_image_phone": "http://ww1.sinaimg.cn/crop.0.0.640.640.640/549d0121tw1egm1kjly3jj20hs0hsq4f.jpg", "profile_url": "u/5702150666", "domain": "", "weihao": "", "gender": "m", "followers_count": 615, "followers_count_str": "615", "friends_count": 606, "pagefriends_count": 18, "statuses_count": 135, "video_status_count": 4, "video_play_count": 0, "super_topic_not_syn_count": 0, "favourites_count": 16, "created_at": "Sat Sep 12 15:35:05 +0800 2015", "following": false, "allow_all_act_msg": false, "geo_enabled": true, "verified": false, "verified_type": -1, "remark": "", "insecurity": {"sexual_content": false}, "ptype": 0, "allow_all_comment": true, "avatar_large": "https://tvax4.sinaimg.cn/crop.0.0.1008.1008.180/006dTDS2ly8gt1jxlyy5qj30s00s0adi.jpg?KID=imgbed,tva&Expires=1669639490&ssig=qLVxu9jEvu", "avatar_hd": "https://tvax4.sinaimg.cn/crop.0.0.1008.1008.1024/006dTDS2ly8gt1jxlyy5qj30s00s0adi.jpg?KID=imgbed,tva&Expires=1669639490&ssig=JVInd7P1%2Fa", "verified_reason": "", "verified_trade": "", "verified_reason_url": "", "verified_source": "", "verified_source_url": "", "follow_me": false, "like": false, "like_me": false, "online_status": 0, "bi_followers_count": 73, "lang": "zh-cn", "star": 0, "mbtype": 2, "mbrank": 1, "svip": 0, "mb_expire_time": 0, "block_word": 0, "block_app": 0, "chaohua_ability": 0, "brand_ability": 0, "nft_ability": 0, "vplus_ability": 0, "wenda_ability": 0, "live_ability": 0, "gongyi_ability": 0, "paycolumn_ability": 0, "newbrand_ability": 0, "ecommerce_ability": 0, "hardfan_ability": 0, "credit_score": 80, "user_ability": 35913728, "urank": 24, "story_read_state": -1, "vclub_member": 0, "is_teenager": 0, "is_guardian": 0, "is_teenager_list": 0, "pc_new": 0, "special_follow": false, "planet_video": 2, "video_mark": 12, "live_status": 0, "user_ability_extend": 0, "status_total_counter": {"total_cnt": 541, "repost_cnt": 1, "comment_cnt": 233, "like_cnt": 306, "comment_like_cnt": 1}, "video_total_counter": {"play_cnt": 6441}, "brand_account": 0, "hongbaofei": 0, "tab_manage": "[0, 0]", "reward_status": 0, "green_mode": 0, "urisk": 8589934592, "avatar_type": 0}, "mid": "4835838502114854", "idstr": "4835838502114854", "status": {"visible": {"type": 0, "list_id": 0}, "created_at": "Mon Nov 14 21:18:33 +0800 2022", "id": 4835816298252469, "idstr": "4835816298252469", "mid": "4835816298252469", "can_edit": false, "version": 2, "show_additional_indication": 0, "text": "#郑州高新区供暖# 2019年14号爆管，2021年忽然就故障了，停暖一个月，2022年14号故障，都不考虑换个理由吗？高新区供暖能不能行？？？一年不供暖的八个月干啥去了？？ ​", "textLength": 155, "source_allowclick": 1, "source_type": 1, "source": "<a href=\"http://app.weibo.com/t/feed/5rfh3P\" rel=\"nofollow\">HUAWEI Mate30 Pro 5G</a>", "favorited": false, "truncated": false, "in_reply_to_status_id": "", "in_reply_to_user_id": "", "in_reply_to_screen_name": "", "pic_urls": [{"thumbnail_pic": "http://wx3.sinaimg.cn/thumbnail/0086yAjUly1h84ywdoko9j30om1hc44s.jpg"}, {"thumbnail_pic": "http://wx3.sinaimg.cn/thumbnail/0086yAjUly1h84ywe2n34j30wi1ycn3z.jpg"}], "thumbnail_pic": "http://wx3.sinaimg.cn/thumbnail/0086yAjUly1h84ywdoko9j30om1hc44s.jpg", "bmiddle_pic": "http://wx3.sinaimg.cn/bmiddle/0086yAjUly1h84ywdoko9j30om1hc44s.jpg", "original_pic": "http://wx3.sinaimg.cn/large/0086yAjUly1h84ywdoko9j30om1hc44s.jpg", "geo": null, "is_paid": false, "mblog_vip_type": 0, "user": {"id": 7425963442, "idstr": "7425963442", "class": 1, "screen_name": "匆匆同学不迷茫", "name": "匆匆同学不迷茫", "province": "41", "city": "1000", "location": "河南", "description": "一个快乐的小孕妇🐯", "url": "", "profile_image_url": "https://tvax3.sinaimg.cn/crop.0.0.1080.1080.50/0086yAjUly8gyhnwdyb6fj30u00u0q4f.jpg?KID=imgbed,tva&Expires=1669639490&ssig=PjairBd9VZ", "light_ring": false, "cover_image_phone": "http://ww1.sinaimg.cn/crop.0.0.640.640.640/549d0121tw1egm1kjly3jj20hs0hsq4f.jpg", "profile_url": "u/7425963442", "domain": "", "weihao": "", "gender": "f", "followers_count": 0, "followers_count_str": "0", "friends_count": 103, "pagefriends_count": 8, "statuses_count": 156, "video_status_count": 3, "video_play_count": 0, "super_topic_not_syn_count": 0, "favourites_count": 1, "created_at": "Tue Mar 31 09:28:40 +0800 2020", "following": false, "allow_all_act_msg": false, "geo_enabled": true, "verified": false, "verified_type": -1, "remark": "", "insecurity": {"sexual_content": false}, "ptype": 0, "allow_all_comment": true, "avatar_large": "https://tvax3.sinaimg.cn/crop.0.0.1080.1080.180/0086yAjUly8gyhnwdyb6fj30u00u0q4f.jpg?KID=imgbed,tva&Expires=1669639490&ssig=c%2Fzz46zx3L", "avatar_hd": "https://tvax3.sinaimg.cn/crop.0.0.1080.1080.1024/0086yAjUly8gyhnwdyb6fj30u00u0q4f.jpg?KID=imgbed,tva&Expires=1669639490&ssig=ktmlIC%2BZX%2F", "verified_reason": "", "verified_trade": "", "verified_reason_url": "", "verified_source": "", "verified_source_url": "", "follow_me": false, "like": false, "like_me": false, "online_status": 0, "bi_followers_count": 0, "lang": "zh-cn", "star": 0, "mbtype": 2, "mbrank": 1, "svip": 0, "mb_expire_time": 1648483199, "block_word": 0, "block_app": 0, "chaohua_ability": 0, "brand_ability": 0, "nft_ability": 0, "vplus_ability": 0, "wenda_ability": 0, "live_ability": 0, "gongyi_ability": 0, "paycolumn_ability": 0, "newbrand_ability": 0, "ecommerce_ability": 0, "hardfan_ability": 0, "credit_score": 80, "user_ability": 2359296, "cardid": "star_1372", "urank": 0, "story_read_state": -1, "vclub_member": 0, "is_teenager": 0, "is_guardian": 0, "is_teenager_list": 0, "pc_new": 7, "special_follow": false, "planet_video": 2, "video_mark": 0, "live_status": 0, "user_ability_extend": 0, "status_total_counter": {"total_cnt": 58, "repost_cnt": 0, "comment_cnt": 33, "like_cnt": 24, "comment_like_cnt": 1}, "video_total_counter": {"play_cnt": 239}, "brand_account": 0, "hongbaofei": 0, "tab_manage": "[0, 0]", "reward_status": 0, "green_mode": 0, "urisk": 0, "avatar_type": 0}, "annotations": [{"photo_sub_type": "0,0"}, {}, {"client_mblogid": "eb76d0de-6034-42bd-a972-02d3098ce2a8"}, {"mapi_request": true}], "picStatus": "0:1,1:1", "reposts_count": 0, "comments_count": 0, "reprint_cmt_count": 0, "attitudes_count": 0, "pending_approval_count": 0, "isLongText": false, "reward_exhibition_type": 0, "hide_flag": 0, "mlevel": 128, "show_mlevel": 0, "biz_feature": 4294967300, "page_type": 64, "hasActionTypeCard": 0, "darwin_tags": [], "hot_weibo_tags": [], "text_tag_tips": [], "mblogtype": 0, "userType": 0, "mlevelSource": "monitor", "more_info_type": 0, "number_display_strategy": {"apply_scenario_flag": 3, "display_text_min_number": 1000000, "display_text": "100万+"}, "positive_recom_flag": 0, "content_auth": 0, "gif_ids": "", "is_show_bulletin": 2, "comment_manage_info": {"comment_permission_type": -1, "approval_comment_type": 0, "comment_sort_type": 0, "ai_play_picture_type": 0}, "pic_num": 2, "can_reprint": false, "new_comment_style": 0}, "readtimetype": "comment", "match_ai_play_picture": false}