{"mid": "3957779568", "uid": "Ml1Q8F5vz", "name": "陇南康县信访", "time": "2022-12-24 08:34:00", "local": "", "iphone": "微博视频号", "context": "【#河南周口为市民免费发布洛芬#】在杭州西湖，移动诊疗车开进社区，现场进行病情评估、开具处方、完成配药并给予指导；河南鹤壁山城区，部分核酸采样屋变身“流动发热诊疗站”，从测温、问诊到取药，3至5分钟便完成；河南周口，凭身份证即可到各定点药店免费领10片布洛芬退烧药。疫情之下，这些便民措施治病又暖心↓央视新闻的微博视频", "comment_num": "0", "like_num": "0", "user": {"focus": "2001", "fans": "827", "tweet": "27063"}}