{"mid": "5546314371", "uid": "LzkYeuR0D", "name": "媒体人石良", "time": "2022-6-25 12:17:00", "local": "陕西", "iphone": "Android", "context": "看到这条新闻内心久久不能平静！据报道，一位英烈子女高考加20分，竟然引起某些家长的举报声讨，觉得很不公平。有网友回怼道：“确实很不公平，凭什么人家牺牲了，我们能幸福地活着，凭什么我们的子女回家都喊一声爸妈，而人家的孩子却不能，别说加20分了，就算直接保送都不为过。”同样面对质疑，一位烈士子女哭着说：“我宁愿不要这20分，我也想爸爸能回来”，顿时所有人沉默了。反对的人最起码还有爸妈，但烈士子女没有。请不要让英雄流血又流泪，坚决支持烈士子女加分或保送！（来源:壹号街角）", "comment_num": "640", "like_num": "6121", "user": {"focus": "534", "fans": "106.1万", "tweet": "20903"}}