{"created_at": "Sun Dec 11 10:22:09 +0800 2022", "id": 4845435582155315, "rootid": 4845435582155315, "rootidstr": "4845435582155315", "floor_number": 124, "text": "哈哈哈", "disable_reply": 0, "restrictOperate": 0, "source_allowclick": 0, "source_type": 4, "source": "<a href=\"\" rel=\"nofollow\">来自山东</a>", "comment_badge": [{"pic_url": "https://h5.sinaimg.cn/upload/114/962/2022/07/08/member_4_bigfan1_2.png", "name": "loyal_fans", "length": 1.33, "actionlog": {"act_code": "3671", "ext": "status:fans"}, "scheme": "https://kefu.weibo.com/faqdetail?id=20848", "new_icon": true}], "user": {"id": 7201349608, "idstr": "7201349608", "class": 1, "screen_name": "甜柚酱汁", "name": "甜柚酱汁", "province": "37", "city": "1000", "location": "山东", "description": "别烦，别管", "url": "", "profile_image_url": "https://tvax1.sinaimg.cn/crop.0.0.1080.1080.50/007Rm808ly8h7jknvnc5tj30u00u0q66.jpg?KID=imgbed,tva&Expires=1674051981&ssig=xiu%2FLSgaeZ", "light_ring": false, "cover_image_phone": "https://wx3.sinaimg.cn/crop.0.0.640.640.640/007Rm808ly1h3npdi9my8j30u00u0jti.jpg", "profile_url": "u/7201349608", "domain": "", "weihao": "", "gender": "f", "followers_count": 103, "followers_count_str": "103", "friends_count": 120, "pagefriends_count": 50, "statuses_count": 2510, "video_status_count": 10, "video_play_count": 0, "super_topic_not_syn_count": 206, "favourites_count": 0, "created_at": "Wed Jun 19 20:52:16 +0800 2019", "following": false, "allow_all_act_msg": false, "geo_enabled": true, "verified": false, "verified_type": -1, "remark": "", "insecurity": {"sexual_content": false}, "ptype": 0, "allow_all_comment": true, "avatar_large": "https://tvax1.sinaimg.cn/crop.0.0.1080.1080.180/007Rm808ly8h7jknvnc5tj30u00u0q66.jpg?KID=imgbed,tva&Expires=1674051981&ssig=PiV%2F8dMf7v", "avatar_hd": "https://tvax1.sinaimg.cn/crop.0.0.1080.1080.1024/007Rm808ly8h7jknvnc5tj30u00u0q66.jpg?KID=imgbed,tva&Expires=1674051981&ssig=UNf%2FRDs1zk", "verified_reason": "", "verified_trade": "", "verified_reason_url": "", "verified_source": "", "verified_source_url": "", "follow_me": false, "like": false, "like_me": false, "online_status": 0, "bi_followers_count": 51, "lang": "zh-cn", "star": 0, "mbtype": 12, "mbrank": 4, "svip": 0, "mb_expire_time": 1743523200, "block_word": 0, "block_app": 1, "chaohua_ability": 0, "brand_ability": 0, "nft_ability": 0, "vplus_ability": 0, "wenda_ability": 0, "live_ability": 0, "gongyi_ability": 0, "paycolumn_ability": 0, "newbrand_ability": 0, "ecommerce_ability": 0, "hardfan_ability": 0, "wbcolumn_ability": 0, "credit_score": 80, "user_ability": 2359296, "cardid": "star_1624", "avatargj_id": "gj_vip_011", "urank": 4, "story_read_state": -1, "vclub_member": 0, "is_teenager": 0, "is_guardian": 1, "is_teenager_list": 0, "pc_new": 0, "special_follow": false, "planet_video": 2, "video_mark": 0, "live_status": 0, "user_ability_extend": 0, "status_total_counter": {"total_cnt": 742, "repost_cnt": 2, "comment_cnt": 448, "like_cnt": 231, "comment_like_cnt": 61}, "video_total_counter": {"play_cnt": 26334}, "brand_account": 0, "hongbaofei": 0, "tab_manage": "[0, 0]", "reward_status": 0, "green_mode": 0, "urisk": 0, "unfollowing_recom_switch": 1, "avatar_type": 0}, "mid": "4845435582155315", "idstr": "4845435582155315", "status": {"visible": {"type": 0, "list_id": 0}, "created_at": "Sat Dec 10 21:03:06 +0800 2022", "id": 4845234494380696, "idstr": "4845234494380696", "mid": "4845234494380696", "can_edit": false, "version": 2, "show_additional_indication": 0, "text": "恭喜TheShy拿下年度最受欢迎选手！已经四次获奖了耶，加油，明年也要！\n\n#TheShy年度最受欢迎选手# http://t.cn/A6KSQUp9 ​", "textLength": 113, "source_allowclick": 1, "source_type": 2, "source": "", "favorited": false, "truncated": false, "in_reply_to_status_id": "", "in_reply_to_user_id": "", "in_reply_to_screen_name": "", "pic_urls": [], "geo": null, "is_paid": false, "mblog_vip_type": 0, "user": {"id": 7334127311, "idstr": "7334127311", "class": 1, "screen_name": "游戏壹哥", "name": "游戏壹哥", "province": "33", "city": "1", "location": "浙江 杭州", "description": "商务➕V a23224a", "url": "", "profile_image_url": "https://tvax4.sinaimg.cn/crop.0.0.1002.1002.50/0080lfxZly8gp383sfufzj30ru0rugo0.jpg?KID=imgbed,tva&Expires=1674051981&ssig=uvujEUoeFe", "light_ring": false, "cover_image": "https://wx2.sinaimg.cn/crop.0.0.920.300/005J9sykgy1gbj8utshlij30pk08c7bg.jpg", "cover_image_phone": "https://wx4.sinaimg.cn/crop.0.0.640.640.640/0080lfxZgy1gpb25md7xej30u00u0ahd.jpg;https://wx2.sinaimg.cn/crop.0.0.640.640.640/0080lfxZgy1gpb24c65lcj30u00u0tnp.jpg;https://wx2.sinaimg.cn/crop.0.0.640.640.640/0080lfxZgy1gpb24l3soyj30u00u0qkg.jpg;https://wx2.sinaimg.cn/crop.0.0.640.640.640/0080lfxZgy1gpb24zasebj30u00u0du8.jpg;https://wx1.sinaimg.cn/crop.0.0.640.640.640/0080lfxZgy1gpb25cipuyj30u00u0gz1.jpg", "profile_url": "u/7334127311", "domain": "", "weihao": "", "gender": "m", "followers_count": 2958038, "followers_count_str": "295.8万", "friends_count": 469, "pagefriends_count": 154, "statuses_count": 6629, "video_status_count": 3445, "video_play_count": 0, "super_topic_not_syn_count": 309, "favourites_count": 2, "created_at": "Fri Nov 08 08:47:38 +0800 2019", "following": false, "allow_all_act_msg": false, "geo_enabled": true, "verified": true, "verified_type": 0, "remark": "", "insecurity": {"sexual_content": false}, "ptype": 0, "allow_all_comment": true, "avatar_large": "https://tvax4.sinaimg.cn/crop.0.0.1002.1002.180/0080lfxZly8gp383sfufzj30ru0rugo0.jpg?KID=imgbed,tva&Expires=1674051981&ssig=8Ulv7QMO7s", "avatar_hd": "https://tvax4.sinaimg.cn/crop.0.0.1002.1002.1024/0080lfxZly8gp383sfufzj30ru0rugo0.jpg?KID=imgbed,tva&Expires=1674051981&ssig=LQSEZrdWlm", "verified_reason": "微博VLOG博主 微博原创视频博主 游戏博主 游戏评测团成员 超话粉丝大咖（英雄联盟手游超话）", "verified_trade": "", "verified_reason_url": "", "verified_source": "", "verified_source_url": "", "verified_state": 0, "verified_level": 3, "verified_type_ext": 1, "has_service_tel": false, "verified_reason_modified": "", "verified_contact_name": "", "verified_contact_email": "", "verified_contact_mobile": "", "follow_me": false, "like": false, "like_me": false, "online_status": 0, "bi_followers_count": 188, "lang": "zh-cn", "star": 0, "mbtype": 12, "mbrank": 8, "svip": 1, "mb_expire_time": 1699632000, "block_word": 0, "block_app": 1, "chaohua_ability": 0, "brand_ability": 0, "nft_ability": 0, "vplus_ability": 0, "wenda_ability": 0, "live_ability": 0, "gongyi_ability": 0, "paycolumn_ability": 0, "newbrand_ability": 0, "ecommerce_ability": 0, "hardfan_ability": 1, "wbcolumn_ability": 0, "credit_score": 80, "user_ability": -2135668216, "cardid": "star_100295508935", "avatargj_id": "gj_vip_5099", "urank": 0, "story_read_state": -1, "verified_detail": {"custom": 1, "data": [{"key": 16, "sub_key": 2, "weight": 10, "desc": "微博VLOG博主", "timestamp": 0}, {"key": 16, "sub_key": 1, "weight": 10, "desc": "微博原创视频博主", "timestamp": 0}, {"key": 2, "sub_key": 0, "weight": 11, "desc": "游戏博主", "timestamp": 0}, {"key": 1, "sub_key": 0, "weight": 100, "desc": "游戏评测团成员", "timestamp": 0}, {"key": 8, "sub_key": 0, "weight": 102, "desc": "超话粉丝大咖（英雄联盟手游超话）", "timestamp": 1638042536}]}, "vclub_member": 0, "is_teenager": 0, "is_guardian": 0, "is_teenager_list": 0, "pc_new": 6, "special_follow": false, "planet_video": 2, "video_mark": 15, "live_status": 0, "user_ability_extend": 1, "status_total_counter": {"total_cnt": 2532036, "repost_cnt": 485594, "comment_cnt": 418355, "like_cnt": 1478895, "comment_like_cnt": 149192}, "video_total_counter": {"play_cnt": 69754769}, "brand_account": 0, "hongbaofei": 0, "tab_manage": "[1108337100677, 0]", "reward_status": 0, "green_mode": 0, "urisk": 1048576, "unfollowing_recom_switch": 1, "avatar_type": 0}, "annotations": [{}, {}, {"super_exparams": "{\"system_pic_only\":0}"}, {"client_mblogid": "51737681-f138-4087-8be7-1bc6db0584cc"}, {"mapi_request": true}], "reposts_count": 0, "comments_count": 0, "reprint_cmt_count": 0, "attitudes_count": 0, "pending_approval_count": 0, "isLongText": false, "reward_exhibition_type": 0, "hide_flag": 0, "mlevel": 0, "show_mlevel": 0, "biz_ids": [230444], "biz_feature": 4294967304, "topic_id": "1022:10080854838a6bbae2a14b0fb0c7905f6a070a", "sync_mblog": false, "is_imported_topic": false, "page_type": 64, "hasActionTypeCard": 0, "darwin_tags": [], "hot_weibo_tags": [], "text_tag_tips": [], "mblogtype": 0, "userType": 0, "more_info_type": 0, "cardid": "star_100295508935", "number_display_strategy": {"apply_scenario_flag": 3, "display_text_min_number": 1000000, "display_text": "100万+"}, "positive_recom_flag": 0, "content_auth": 0, "gif_ids": "", "is_show_bulletin": 2, "comment_manage_info": {"comment_permission_type": -1, "approval_comment_type": 0, "comment_sort_type": 0, "ai_play_picture_type": 0}, "pic_num": 0, "fid": 4845234453479578, "can_reprint": false, "new_comment_style": 0}, "readtimetype": "comment", "sync_id": 4845234453479578, "sync_uuid": 4845234453479578, "sync_generate_level": 1, "comment_dynamic_message": {"id": "0043", "icon_url": "https://h5.sinaimg.cn/upload/1073/1841/2022/09/07/cat1.png", "tag_text": "年费", "start_color": "#00FF8F56", "end_color": "#1AFF8656", "start_color_dark": "#00FF8F56", "end_color_dark": "#1AFF8656", "name": {"zh_CN": "午睡喵", "zh_HK": "午睡喵", "en_US": "nap cat"}, "scheme": "https://new.vip.weibo.cn/bubble/mall?showmenu=0&decorateId=0043&uid=7201349608", "allow_vip_box_content": "用此评论气泡", "allow_vip_box_icon": "https://h5.sinaimg.cn/upload/100/1720/2022/08/08/icon_VIP_for_comment_bubble.png"}, "match_ai_play_picture": false}