{"created_at": "Sat Oct 01 11:07:00 +0800 2022", "id": 4819717329784774, "rootid": 4819715573421317, "rootidstr": "4819715573421317", "floor_number": 0, "text": "回复@比熊Alex:[允悲][允悲]", "disable_reply": 0, "is_mblog_author": true, "restrictOperate": 0, "source_allowclick": 0, "source_type": 4, "source": "<a href=\"\" rel=\"nofollow\">来自山东</a>", "comment_badge": [{"pic_url": "https://h5.sinaimg.cn/upload/1007/25/2019/05/17/feed_icon_poster_identity133low.png", "name": "blogger", "length": 1.33, "actionlog": {"act_code": "3671", "ext": "status:author"}, "scheme": "https://kefu.weibo.com/faqdetail?id=20848"}], "user": {"id": 1966850262, "idstr": "1966850262", "class": 1, "screen_name": "亚历山大在基层", "name": "亚历山大在基层", "province": "37", "city": "1000", "location": "山东", "description": "一个崇拜毛主席、拥护共产党，热爱祖国的正常人，；一个明辨是非，不听忽悠，敢于怒怼歪理邪说的基层记者。", "url": "http://t.sina.com.cn/1966850262", "profile_image_url": "https://tvax2.sinaimg.cn/crop.0.0.1080.1080.50/753bc0d6ly8h7hobm5i1wj20u00u0ael.jpg?KID=imgbed,tva&Expires=1669713926&ssig=3KEhg8UXeW", "light_ring": false, "cover_image_phone": "http://wx1.sinaimg.cn/crop.0.0.640.640.640/002TLsr9ly1gs5eyrchgpj60zo0zot9m02.jpg;http://ww1.sinaimg.cn/crop.0.0.640.640.640/549d0121tw1egm1kjly3jj20hs0hsq4f.jpg;http://ww1.sinaimg.cn/crop.0.0.640.640.640/6cf8d7ebjw1ehfr4xa8psj20hs0hsgpg.jpg", "profile_url": "u/1966850262", "domain": "", "weihao": "", "gender": "m", "followers_count": 5098, "followers_count_str": "5098", "friends_count": 1205, "pagefriends_count": 19, "statuses_count": 78259, "video_status_count": 592, "video_play_count": 0, "super_topic_not_syn_count": 0, "favourites_count": 417, "created_at": "Tue Mar 01 10:42:11 +0800 2011", "following": false, "allow_all_act_msg": false, "geo_enabled": true, "verified": false, "verified_type": 220, "remark": "", "insecurity": {"sexual_content": false}, "ptype": 0, "allow_all_comment": false, "avatar_large": "https://tvax2.sinaimg.cn/crop.0.0.1080.1080.180/753bc0d6ly8h7hobm5i1wj20u00u0ael.jpg?KID=imgbed,tva&Expires=1669713926&ssig=IsLcJ517qN", "avatar_hd": "https://tvax2.sinaimg.cn/crop.0.0.1080.1080.1024/753bc0d6ly8h7hobm5i1wj20u00u0ael.jpg?KID=imgbed,tva&Expires=1669713926&ssig=HqocmoC6iW", "verified_reason": "", "verified_trade": "", "verified_reason_url": "", "verified_source": "", "verified_source_url": "", "follow_me": false, "like": false, "like_me": false, "online_status": 0, "bi_followers_count": 1094, "lang": "zh-cn", "star": 0, "mbtype": 12, "mbrank": 7, "svip": 0, "mb_expire_time": 1681401600, "block_word": 1, "block_app": 1, "chaohua_ability": 0, "brand_ability": 0, "nft_ability": 0, "vplus_ability": 0, "wenda_ability": 0, "live_ability": 0, "gongyi_ability": 0, "paycolumn_ability": 0, "newbrand_ability": 0, "ecommerce_ability": 0, "hardfan_ability": 0, "credit_score": 80, "user_ability": 11796480, "cardid": "star_1331", "urank": 48, "story_read_state": -1, "vclub_member": 0, "is_teenager": 0, "is_guardian": 0, "is_teenager_list": 0, "pc_new": 7, "special_follow": false, "planet_video": 2, "video_mark": 14, "live_status": 0, "user_ability_extend": 0, "status_total_counter": {"total_cnt": 83643, "repost_cnt": 44102, "comment_cnt": 17784, "like_cnt": 17908, "comment_like_cnt": 3849}, "video_total_counter": {"play_cnt": 395894}, "brand_account": 0, "hongbaofei": 0, "tab_manage": "[0, 0]", "reward_status": 0, "green_mode": 0, "urisk": 52076494848, "avatar_type": 0}, "mid": "4819717329784774", "idstr": "4819717329784774", "status": {"visible": {"type": 0, "list_id": 0}, "created_at": "Thu Sep 29 11:29:06 +0800 2022", "id": 4818998115698032, "idstr": "4818998115698032", "mid": "4818998115698032", "edit_count": 1, "can_edit": false, "edit_at": "Thu Sep 29 11:43:49 +0800 2022", "version": 5, "show_additional_indication": 0, "text": "网传：美军蛙人炸毁俄罗斯“北溪输气管道”。 http://t.cn/A6o7ck54 ​", "textLength": 63, "source_allowclick": 1, "source_type": 1, "source": "<a href=\"http://app.weibo.com/t/feed/5uakoD\" rel=\"nofollow\">HUAWEI Mate 40 Pro</a>", "favorited": false, "truncated": false, "in_reply_to_status_id": "", "in_reply_to_user_id": "", "in_reply_to_screen_name": "", "pic_urls": [], "geo": null, "is_paid": false, "mblog_vip_type": 0, "user": {"id": 1966850262, "idstr": "1966850262", "class": 1, "screen_name": "亚历山大在基层", "name": "亚历山大在基层", "province": "37", "city": "1000", "location": "山东", "description": "一个崇拜毛主席、拥护共产党，热爱祖国的正常人，；一个明辨是非，不听忽悠，敢于怒怼歪理邪说的基层记者。", "url": "http://t.sina.com.cn/1966850262", "profile_image_url": "https://tvax2.sinaimg.cn/crop.0.0.1080.1080.50/753bc0d6ly8h7hobm5i1wj20u00u0ael.jpg?KID=imgbed,tva&Expires=1669713926&ssig=3KEhg8UXeW", "light_ring": false, "cover_image_phone": "http://wx1.sinaimg.cn/crop.0.0.640.640.640/002TLsr9ly1gs5eyrchgpj60zo0zot9m02.jpg;http://ww1.sinaimg.cn/crop.0.0.640.640.640/549d0121tw1egm1kjly3jj20hs0hsq4f.jpg;http://ww1.sinaimg.cn/crop.0.0.640.640.640/6cf8d7ebjw1ehfr4xa8psj20hs0hsgpg.jpg", "profile_url": "u/1966850262", "domain": "", "weihao": "", "gender": "m", "followers_count": 5098, "followers_count_str": "5098", "friends_count": 1205, "pagefriends_count": 19, "statuses_count": 78259, "video_status_count": 592, "video_play_count": 0, "super_topic_not_syn_count": 0, "favourites_count": 417, "created_at": "Tue Mar 01 10:42:11 +0800 2011", "following": false, "allow_all_act_msg": false, "geo_enabled": true, "verified": false, "verified_type": 220, "remark": "", "insecurity": {"sexual_content": false}, "ptype": 0, "allow_all_comment": false, "avatar_large": "https://tvax2.sinaimg.cn/crop.0.0.1080.1080.180/753bc0d6ly8h7hobm5i1wj20u00u0ael.jpg?KID=imgbed,tva&Expires=1669713926&ssig=IsLcJ517qN", "avatar_hd": "https://tvax2.sinaimg.cn/crop.0.0.1080.1080.1024/753bc0d6ly8h7hobm5i1wj20u00u0ael.jpg?KID=imgbed,tva&Expires=1669713926&ssig=HqocmoC6iW", "verified_reason": "", "verified_trade": "", "verified_reason_url": "", "verified_source": "", "verified_source_url": "", "follow_me": false, "like": false, "like_me": false, "online_status": 0, "bi_followers_count": 1094, "lang": "zh-cn", "star": 0, "mbtype": 12, "mbrank": 7, "svip": 0, "mb_expire_time": 1681401600, "block_word": 1, "block_app": 1, "chaohua_ability": 0, "brand_ability": 0, "nft_ability": 0, "vplus_ability": 0, "wenda_ability": 0, "live_ability": 0, "gongyi_ability": 0, "paycolumn_ability": 0, "newbrand_ability": 0, "ecommerce_ability": 0, "hardfan_ability": 0, "credit_score": 80, "user_ability": 11796480, "cardid": "star_1331", "urank": 48, "story_read_state": -1, "vclub_member": 0, "is_teenager": 0, "is_guardian": 0, "is_teenager_list": 0, "pc_new": 7, "special_follow": false, "planet_video": 2, "video_mark": 14, "live_status": 0, "user_ability_extend": 0, "status_total_counter": {"total_cnt": 83643, "repost_cnt": 44102, "comment_cnt": 17784, "like_cnt": 17908, "comment_like_cnt": 3849}, "video_total_counter": {"play_cnt": 395894}, "brand_account": 0, "hongbaofei": 0, "tab_manage": "[0, 0]", "reward_status": 0, "green_mode": 0, "urisk": 52076494848, "avatar_type": 0}, "annotations": [{}, {}, {"client_mblogid": "e90ec38e-9f9e-4153-ba72-e23ccca6ed56"}, {"mapi_request": true}], "reposts_count": 0, "comments_count": 0, "reprint_cmt_count": 0, "attitudes_count": 0, "pending_approval_count": 0, "isLongText": false, "reward_exhibition_type": 0, "hide_flag": 0, "mlevel": 128, "show_mlevel": 0, "biz_ids": [230444], "biz_feature": 4294967304, "hasActionTypeCard": 0, "darwin_tags": [], "hot_weibo_tags": [], "text_tag_tips": [], "mblogtype": 0, "userType": 0, "mlevelSource": "monitor", "more_info_type": 0, "cardid": "star_1331", "number_display_strategy": {"apply_scenario_flag": 3, "display_text_min_number": 1000000, "display_text": "100万+"}, "positive_recom_flag": 0, "content_auth": 0, "gif_ids": "", "is_show_bulletin": 2, "comment_manage_info": {"comment_permission_type": -1, "approval_comment_type": 0, "comment_sort_type": 0, "ai_play_picture_type": 0}, "pic_num": 0, "fid": 4818997764948033, "can_reprint": false, "new_comment_style": 0}, "reply_comment": {"created_at": "Sat Oct 01 11:00:01 +0800 2022", "id": 4819715573421317, "rootid": 4819715573421317, "rootidstr": "4819715573421317", "floor_number": 3, "text": "这是使命召唤里的游戏画面，你的微博已经被人家顶到百度头条了，说你传谣[允悲]", "disable_reply": 0, "restrictOperate": 0, "user": {"id": 5558315241, "idstr": "5558315241", "class": 1, "screen_name": "比熊Alex", "name": "比熊Alex", "province": "44", "city": "1", "location": "广东 广州", "description": "我们的梦想是星辰大海。", "url": "", "profile_image_url": "https://tvax4.sinaimg.cn/crop.0.0.1080.1080.50/0064a7HPly8gtlf0qqs8zj60u00u0gn002.jpg?KID=imgbed,tva&Expires=1669713926&ssig=KCbByhPWdz", "light_ring": false, "cover_image_phone": "http://ww1.sinaimg.cn/crop.0.0.640.640.640/549d0121tw1egm1kjly3jj20hs0hsq4f.jpg", "profile_url": "u/5558315241", "domain": "", "weihao": "", "gender": "m", "followers_count": 48, "followers_count_str": "48", "friends_count": 268, "pagefriends_count": 3, "statuses_count": 5, "video_status_count": 0, "video_play_count": 0, "super_topic_not_syn_count": 0, "favourites_count": 15, "created_at": "Mon Mar 16 18:54:23 +0800 2015", "following": false, "allow_all_act_msg": false, "geo_enabled": true, "verified": false, "verified_type": -1, "remark": "", "insecurity": {"sexual_content": false}, "ptype": 0, "allow_all_comment": false, "avatar_large": "https://tvax4.sinaimg.cn/crop.0.0.1080.1080.180/0064a7HPly8gtlf0qqs8zj60u00u0gn002.jpg?KID=imgbed,tva&Expires=1669713926&ssig=SzKw4pNNbl", "avatar_hd": "https://tvax4.sinaimg.cn/crop.0.0.1080.1080.1024/0064a7HPly8gtlf0qqs8zj60u00u0gn002.jpg?KID=imgbed,tva&Expires=1669713926&ssig=hKidcgMudG", "verified_reason": "", "verified_trade": "", "verified_reason_url": "", "verified_source": "", "verified_source_url": "", "follow_me": false, "like": false, "like_me": false, "online_status": 0, "bi_followers_count": 4, "lang": "zh-cn", "star": 0, "mbtype": 0, "mbrank": 0, "svip": 0, "mb_expire_time": 0, "block_word": 0, "block_app": 0, "chaohua_ability": 0, "brand_ability": 0, "nft_ability": 0, "vplus_ability": 0, "wenda_ability": 0, "live_ability": 0, "gongyi_ability": 0, "paycolumn_ability": 0, "newbrand_ability": 0, "ecommerce_ability": 0, "hardfan_ability": 0, "credit_score": 80, "user_ability": 0, "urank": 9, "story_read_state": -1, "vclub_member": 0, "is_teenager": 0, "is_guardian": 0, "is_teenager_list": 0, "pc_new": 0, "special_follow": false, "planet_video": 2, "video_mark": 0, "live_status": 0, "user_ability_extend": 0, "status_total_counter": {"total_cnt": 18, "repost_cnt": 18, "comment_cnt": 0, "like_cnt": 0, "comment_like_cnt": 0}, "video_total_counter": {"play_cnt": 0}, "brand_account": 0, "hongbaofei": 0, "tab_manage": "[0, 0]", "reward_status": 0, "green_mode": 0, "urisk": 0, "avatar_type": 0}, "mid": "4819715573421317", "idstr": "4819715573421317", "match_ai_play_picture": false}, "reply_original_text": "[允悲][允悲]", "readtimetype": "comment", "match_ai_play_picture": false}