{"created_at": "Wed Nov 23 16:20:22 +0800 2022", "id": 4839002748487141, "rootid": 4839001411027793, "rootidstr": "4839001411027793", "floor_number": 0, "text": "回复@银行dog:[握手]谢谢！", "disable_reply": 0, "is_mblog_author": true, "restrictOperate": 0, "source_allowclick": 0, "source_type": 4, "source": "<a href=\"\" rel=\"nofollow\">来自上海</a>", "comment_badge": [{"pic_url": "https://h5.sinaimg.cn/upload/1007/25/2019/05/17/feed_icon_poster_identity133low.png", "name": "blogger", "length": 1.33, "actionlog": {"act_code": "3671", "ext": "status:author"}, "scheme": "https://kefu.weibo.com/faqdetail?id=20848"}], "user": {"id": 5246225761, "idstr": "5246225761", "class": 1, "screen_name": "聚一路散一路", "name": "聚一路散一路", "province": "31", "city": "1000", "location": "上海", "description": "疏影横斜水清浅❅暗香浮动月黄昏", "url": "", "profile_image_url": "https://tvax2.sinaimg.cn/crop.0.0.136.136.50/005J2CYxly8h4mzh7peldj303s03s746.jpg?KID=imgbed,tva&Expires=1669838693&ssig=Oko2FWliOm", "light_ring": false, "cover_image_phone": "http://wx2.sinaimg.cn/crop.0.0.640.640.640/005J2CYxly1h4huqnyz80j3065065mx6.jpg", "profile_url": "u/5246225761", "domain": "", "weihao": "", "gender": "f", "followers_count": 44, "followers_count_str": "44", "friends_count": 135, "pagefriends_count": 21, "statuses_count": 297, "video_status_count": 130, "video_play_count": 0, "super_topic_not_syn_count": 1, "favourites_count": 0, "created_at": "Sat Aug 09 10:11:11 +0800 2014", "following": false, "allow_all_act_msg": false, "geo_enabled": true, "verified": false, "verified_type": -1, "remark": "", "insecurity": {"sexual_content": false}, "ptype": 0, "allow_all_comment": true, "avatar_large": "https://tvax2.sinaimg.cn/crop.0.0.136.136.180/005J2CYxly8h4mzh7peldj303s03s746.jpg?KID=imgbed,tva&Expires=1669838693&ssig=p4KgAX4v1L", "avatar_hd": "https://tvax2.sinaimg.cn/crop.0.0.136.136.1024/005J2CYxly8h4mzh7peldj303s03s746.jpg?KID=imgbed,tva&Expires=1669838693&ssig=e8Mdcpd0yH", "verified_reason": "", "verified_trade": "", "verified_reason_url": "", "verified_source": "", "verified_source_url": "", "follow_me": false, "like": false, "like_me": false, "online_status": 0, "bi_followers_count": 44, "lang": "zh-cn", "star": 0, "mbtype": 12, "mbrank": 3, "svip": 0, "mb_expire_time": 1690560000, "block_word": 0, "block_app": 1, "chaohua_ability": 0, "brand_ability": 0, "nft_ability": 0, "vplus_ability": 0, "wenda_ability": 0, "live_ability": 0, "gongyi_ability": 0, "paycolumn_ability": 0, "newbrand_ability": 0, "ecommerce_ability": 0, "hardfan_ability": 1, "credit_score": 80, "user_ability": 10747904, "cardid": "star_1220", "avatargj_id": "gj_vip_053", "urank": 3, "story_read_state": -1, "vclub_member": 0, "is_teenager": 0, "is_guardian": 0, "is_teenager_list": 0, "pc_new": 0, "special_follow": false, "planet_video": 2, "video_mark": 0, "live_status": 0, "user_ability_extend": 0, "video_cover": {"mid": 4796038772687424}, "status_total_counter": {"total_cnt": 1826, "repost_cnt": 58, "comment_cnt": 972, "like_cnt": 749, "comment_like_cnt": 47}, "video_total_counter": {"play_cnt": 287633}, "brand_account": 0, "hongbaofei": 0, "tab_manage": "[0, 0]", "reward_status": 0, "green_mode": 0, "mb_like_privilege": {"like_id": "0043_118", "like_desc": ""}, "urisk": 52076478464, "avatar_type": 0}, "mid": "4839002748487141", "idstr": "4839002748487141", "status": {"visible": {"type": 0, "list_id": 0}, "created_at": "Wed Nov 23 15:49:09 +0800 2022", "id": 4838994892818403, "idstr": "4838994892818403", "mid": "4838994892818403", "edit_count": 4, "can_edit": false, "edit_at": "Wed Nov 23 16:05:42 +0800 2022", "version": 7, "show_additional_indication": 0, "text": "#上海身边事##上海[超话]#\n【提醒家人】反正不是好人\n\n这个敲门清洗油烟机的早就被我拒绝过两次了，20多岁背个小包包的年轻女子，怎么看都跟油烟机扯不上关系，还是要特别提醒一下独自在家的老人小孩，猫眼里看到就不要开门。\n…… ​", "textLength": 214, "source_allowclick": 1, "source_type": 2, "source": "", "favorited": false, "truncated": false, "in_reply_to_status_id": "", "in_reply_to_user_id": "", "in_reply_to_screen_name": "", "pic_urls": [{"thumbnail_pic": "http://wx3.sinaimg.cn/thumbnail/005J2CYxly1h8f3zpvz2xj30rs0ulwwi.jpg"}], "thumbnail_pic": "http://wx3.sinaimg.cn/thumbnail/005J2CYxly1h8f3zpvz2xj30rs0ulwwi.jpg", "bmiddle_pic": "http://wx3.sinaimg.cn/bmiddle/005J2CYxly1h8f3zpvz2xj30rs0ulwwi.jpg", "original_pic": "http://wx3.sinaimg.cn/large/005J2CYxly1h8f3zpvz2xj30rs0ulwwi.jpg", "geo": null, "is_paid": false, "mblog_vip_type": 0, "user": {"id": 5246225761, "idstr": "5246225761", "class": 1, "screen_name": "聚一路散一路", "name": "聚一路散一路", "province": "31", "city": "1000", "location": "上海", "description": "疏影横斜水清浅❅暗香浮动月黄昏", "url": "", "profile_image_url": "https://tvax2.sinaimg.cn/crop.0.0.136.136.50/005J2CYxly8h4mzh7peldj303s03s746.jpg?KID=imgbed,tva&Expires=1669838693&ssig=Oko2FWliOm", "light_ring": false, "cover_image_phone": "http://wx2.sinaimg.cn/crop.0.0.640.640.640/005J2CYxly1h4huqnyz80j3065065mx6.jpg", "profile_url": "u/5246225761", "domain": "", "weihao": "", "gender": "f", "followers_count": 44, "followers_count_str": "44", "friends_count": 135, "pagefriends_count": 21, "statuses_count": 297, "video_status_count": 130, "video_play_count": 0, "super_topic_not_syn_count": 1, "favourites_count": 0, "created_at": "Sat Aug 09 10:11:11 +0800 2014", "following": false, "allow_all_act_msg": false, "geo_enabled": true, "verified": false, "verified_type": -1, "remark": "", "insecurity": {"sexual_content": false}, "ptype": 0, "allow_all_comment": true, "avatar_large": "https://tvax2.sinaimg.cn/crop.0.0.136.136.180/005J2CYxly8h4mzh7peldj303s03s746.jpg?KID=imgbed,tva&Expires=1669838693&ssig=p4KgAX4v1L", "avatar_hd": "https://tvax2.sinaimg.cn/crop.0.0.136.136.1024/005J2CYxly8h4mzh7peldj303s03s746.jpg?KID=imgbed,tva&Expires=1669838693&ssig=e8Mdcpd0yH", "verified_reason": "", "verified_trade": "", "verified_reason_url": "", "verified_source": "", "verified_source_url": "", "follow_me": false, "like": false, "like_me": false, "online_status": 0, "bi_followers_count": 44, "lang": "zh-cn", "star": 0, "mbtype": 12, "mbrank": 3, "svip": 0, "mb_expire_time": 1690560000, "block_word": 0, "block_app": 1, "chaohua_ability": 0, "brand_ability": 0, "nft_ability": 0, "vplus_ability": 0, "wenda_ability": 0, "live_ability": 0, "gongyi_ability": 0, "paycolumn_ability": 0, "newbrand_ability": 0, "ecommerce_ability": 0, "hardfan_ability": 1, "credit_score": 80, "user_ability": 10747904, "cardid": "star_1220", "avatargj_id": "gj_vip_053", "urank": 3, "story_read_state": -1, "vclub_member": 0, "is_teenager": 0, "is_guardian": 0, "is_teenager_list": 0, "pc_new": 0, "special_follow": false, "planet_video": 2, "video_mark": 0, "live_status": 0, "user_ability_extend": 0, "video_cover": {"mid": 4796038772687424}, "status_total_counter": {"total_cnt": 1826, "repost_cnt": 58, "comment_cnt": 972, "like_cnt": 749, "comment_like_cnt": 47}, "video_total_counter": {"play_cnt": 287633}, "brand_account": 0, "hongbaofei": 0, "tab_manage": "[0, 0]", "reward_status": 0, "green_mode": 0, "mb_like_privilege": {"like_id": "0043_118", "like_desc": ""}, "urisk": 52076478464, "avatar_type": 0}, "annotations": [{"photo_sub_type": "0"}, {}, {"super_exparams": "{\"system_pic_only\":0}"}, {"client_mblogid": "9ce57819-0083-488b-955c-a8b13d66f566"}, {"mapi_request": true}], "picStatus": "0:1", "reposts_count": 0, "comments_count": 0, "reprint_cmt_count": 0, "attitudes_count": 0, "pending_approval_count": 0, "isLongText": false, "reward_exhibition_type": 0, "hide_flag": 0, "mlevel": 129, "show_mlevel": 0, "biz_feature": 4294967300, "topic_id": "1022:100808e94e8bd35fc8144f38fd1ebc1f81ab36", "sync_mblog": true, "is_imported_topic": false, "page_type": 96, "hasActionTypeCard": 0, "darwin_tags": [], "hot_weibo_tags": [], "text_tag_tips": [], "mblogtype": 0, "userType": 0, "mlevelSource": "monitor", "more_info_type": 0, "cardid": "star_1524", "number_display_strategy": {"apply_scenario_flag": 3, "display_text_min_number": 1000000, "display_text": "100万+"}, "positive_recom_flag": 0, "content_auth": 0, "gif_ids": "", "is_show_bulletin": 2, "comment_manage_info": {"comment_permission_type": -1, "approval_comment_type": 0, "comment_sort_type": 0, "ai_play_picture_type": 0}, "pic_num": 1, "can_reprint": false, "new_comment_style": 0}, "reply_comment": {"created_at": "Wed Nov 23 16:15:02 +0800 2022", "id": 4839001411027793, "rootid": 4839001411027793, "rootidstr": "4839001411027793", "floor_number": 1, "text": "对的对的", "disable_reply": 0, "restrictOperate": 0, "user": {"id": 7699315842, "idstr": "7699315842", "class": 1, "screen_name": "银行dog", "name": "银行dog", "province": "33", "city": "1", "location": "浙江 杭州", "description": "", "url": "", "profile_image_url": "https://tvax2.sinaimg.cn/crop.0.0.1080.1080.50/008p3xLAly8h7yw0zfh78j30u00u03z8.jpg?KID=imgbed,tva&Expires=1669838693&ssig=Qm%2F59UiShH", "light_ring": false, "profile_url": "u/7699315842", "domain": "", "weihao": "", "gender": "m", "followers_count": 1, "followers_count_str": "1", "friends_count": 75, "pagefriends_count": 20, "statuses_count": 4, "video_status_count": 0, "video_play_count": 0, "super_topic_not_syn_count": 0, "favourites_count": 1, "created_at": "Tue Sep 14 15:31:46 +0800 2021", "following": false, "allow_all_act_msg": false, "geo_enabled": true, "verified": false, "verified_type": -1, "remark": "", "insecurity": {"sexual_content": false}, "ptype": 0, "allow_all_comment": true, "avatar_large": "https://tvax2.sinaimg.cn/crop.0.0.1080.1080.180/008p3xLAly8h7yw0zfh78j30u00u03z8.jpg?KID=imgbed,tva&Expires=1669838693&ssig=tLObEqA1FU", "avatar_hd": "https://tvax2.sinaimg.cn/crop.0.0.1080.1080.1024/008p3xLAly8h7yw0zfh78j30u00u03z8.jpg?KID=imgbed,tva&Expires=1669838693&ssig=83sS3VAaos", "verified_reason": "", "verified_trade": "", "verified_reason_url": "", "verified_source": "", "verified_source_url": "", "follow_me": false, "like": false, "like_me": false, "online_status": 0, "bi_followers_count": 1, "lang": "zh-cn", "star": 0, "mbtype": 0, "mbrank": 0, "svip": 0, "mb_expire_time": 0, "block_word": 0, "block_app": 0, "chaohua_ability": 0, "brand_ability": 0, "nft_ability": 0, "vplus_ability": 0, "wenda_ability": 0, "live_ability": 0, "gongyi_ability": 0, "paycolumn_ability": 0, "newbrand_ability": 0, "ecommerce_ability": 0, "hardfan_ability": 0, "credit_score": 80, "user_ability": 2097152, "urank": 0, "story_read_state": -1, "vclub_member": 0, "is_teenager": 0, "is_guardian": 0, "is_teenager_list": 0, "pc_new": 0, "special_follow": false, "planet_video": 0, "video_mark": 0, "live_status": 0, "user_ability_extend": 0, "status_total_counter": {"total_cnt": 13, "repost_cnt": 0, "comment_cnt": 10, "like_cnt": 3, "comment_like_cnt": 0}, "video_total_counter": {"play_cnt": -1}, "brand_account": 0, "hongbaofei": 0, "tab_manage": "[0, 0]", "reward_status": 0, "green_mode": 0, "urisk": 0, "avatar_type": 0}, "mid": "4839001411027793", "idstr": "4839001411027793", "match_ai_play_picture": false}, "reply_original_text": "[握手]谢谢！", "readtimetype": "comment", "match_ai_play_picture": false}