{"created_at": "Sun Jan 08 12:39:49 +0800 2023", "id": 4855617086557417, "rootid": 4855617086557417, "rootidstr": "4855617086557417", "floor_number": 54, "text": "真有钱", "disable_reply": 0, "restrictOperate": 0, "source_allowclick": 0, "source_type": 4, "source": "<a href=\"\" rel=\"nofollow\">来自云南</a>", "user": {"id": 2611548781, "idstr": "2611548781", "class": 1, "screen_name": "望海不见海", "name": "望海不见海", "province": "53", "city": "6", "location": "云南 昭通", "description": "生活的悲剧性不在于一个人输了,而在于他差一点赢了!", "url": "", "profile_image_url": "https://tva3.sinaimg.cn/crop.156.15.432.432.50/9ba9126dgw1f8xcqpo84vj20k00ci40k.jpg?KID=imgbed,tva&Expires=1674051912&ssig=gRFU8uUOAy", "light_ring": false, "cover_image_phone": "https://ww1.sinaimg.cn/crop.0.0.640.640.640/549d0121tw1egm1kjly3jj20hs0hsq4f.jpg", "profile_url": "u/2611548781", "domain": "", "weihao": "", "gender": "m", "followers_count": 556, "followers_count_str": "556", "friends_count": 545, "pagefriends_count": 0, "statuses_count": 2551, "video_status_count": 6, "video_play_count": 0, "super_topic_not_syn_count": 0, "favourites_count": 22, "created_at": "Fri Feb 10 10:26:36 +0800 2012", "following": false, "allow_all_act_msg": false, "geo_enabled": false, "verified": false, "verified_type": 220, "remark": "", "insecurity": {"sexual_content": false}, "ptype": 0, "allow_all_comment": true, "avatar_large": "https://tva3.sinaimg.cn/crop.156.15.432.432.180/9ba9126dgw1f8xcqpo84vj20k00ci40k.jpg?KID=imgbed,tva&Expires=1674051912&ssig=%2BojEWE8Tnm", "avatar_hd": "https://tva3.sinaimg.cn/crop.156.15.432.432.1024/9ba9126dgw1f8xcqpo84vj20k00ci40k.jpg?KID=imgbed,tva&Expires=1674051912&ssig=66d1xeLzF6", "verified_reason": "", "verified_trade": "", "verified_reason_url": "", "verified_source": "", "verified_source_url": "", "follow_me": false, "like": false, "like_me": false, "online_status": 0, "bi_followers_count": 195, "lang": "zh-cn", "star": 0, "mbtype": 2, "mbrank": 1, "svip": 0, "mb_expire_time": 1656086399, "block_word": 0, "block_app": 0, "chaohua_ability": 0, "brand_ability": 0, "nft_ability": 0, "vplus_ability": 0, "wenda_ability": 0, "live_ability": 0, "gongyi_ability": 0, "paycolumn_ability": 0, "newbrand_ability": 0, "ecommerce_ability": 0, "hardfan_ability": 0, "wbcolumn_ability": 0, "credit_score": 80, "user_ability": 2359296, "cardid": "star_1576", "urank": 35, "story_read_state": -1, "vclub_member": 0, "is_teenager": 0, "is_guardian": 0, "is_teenager_list": 0, "pc_new": 6, "special_follow": false, "planet_video": 2, "video_mark": 2, "live_status": 0, "user_ability_extend": 0, "status_total_counter": {"total_cnt": 364, "repost_cnt": 138, "comment_cnt": 150, "like_cnt": 76, "comment_like_cnt": 0}, "video_total_counter": {"play_cnt": 250}, "brand_account": 0, "hongbaofei": 0, "tab_manage": "[0, 0]", "reward_status": 0, "green_mode": 0, "urisk": 0, "unfollowing_recom_switch": 1, "avatar_type": 0}, "mid": "4855617086557417", "idstr": "4855617086557417", "status": {"visible": {"type": 0, "list_id": 0}, "created_at": "Sun Jan 08 12:00:00 +0800 2023", "id": 4855607066101277, "idstr": "4855607066101277", "mid": "4855607066101277", "can_edit": false, "version": 1, "show_additional_indication": 0, "text": "【#中学奖励优秀学生猪肉和鱼#】1月7日，安徽阜阳，临近过年，一中学给优秀学生发猪肉和鱼当年货，学生们喜气洋洋地上台领取。张老师称，过年前发猪肉和鱼已经是学校的一个传统了，今年发了一百多头猪的肉，近2万斤肉，肉都是鲜的，鱼也都是活的，学生们都很高兴。@西部决策 http://t.cn/A69PHSfy ​", "textLength": 275, "source_allowclick": 0, "source_type": 1, "source": "<a href=\"http://app.weibo.com/t/feed/xEsRX\" rel=\"nofollow\">新版微博 weibo.com</a>", "favorited": false, "truncated": false, "in_reply_to_status_id": "", "in_reply_to_user_id": "", "in_reply_to_screen_name": "", "pic_urls": [], "geo": null, "is_paid": false, "mblog_vip_type": 0, "user": {"id": 2286908003, "idstr": "2286908003", "class": 1, "screen_name": "人民网", "name": "人民网", "province": "11", "city": "1000", "location": "北京", "description": "报道全球 传播中国", "url": "", "profile_image_url": "https://tvax3.sinaimg.cn/crop.0.0.690.690.50/002uLDeXly8h8vh2k4apuj60j60j6gm402.jpg?KID=imgbed,tva&Expires=1674051912&ssig=Q5Ar3kZm3J", "light_ring": false, "cover_image": "https://wx4.sinaimg.cn/crop.0.0.920.300/002uLDeXly1h8vhkkdk8rj60pk08cglm02.jpg", "cover_image_phone": "https://wx3.sinaimg.cn/crop.0.0.640.640.640/884f7263ly1gbs4gia590j20yi0yi0yp.jpg", "profile_url": "renminwang", "domain": "renminwang", "weihao": "", "gender": "m", "followers_count": 83536943, "followers_count_str": "8353.7万", "friends_count": 1191, "pagefriends_count": 30, "statuses_count": 218488, "video_status_count": 11412, "video_play_count": 0, "super_topic_not_syn_count": 0, "favourites_count": 99, "created_at": "Fri Aug 05 13:31:32 +0800 2011", "following": false, "allow_all_act_msg": false, "geo_enabled": false, "verified": true, "verified_type": 3, "remark": "", "insecurity": {"sexual_content": false}, "ptype": 0, "allow_all_comment": true, "avatar_large": "https://tvax3.sinaimg.cn/crop.0.0.690.690.180/002uLDeXly8h8vh2k4apuj60j60j6gm402.jpg?KID=imgbed,tva&Expires=1674051912&ssig=ghZ4sk90ks", "avatar_hd": "https://tvax3.sinaimg.cn/crop.0.0.690.690.1024/002uLDeXly8h8vh2k4apuj60j60j6gm402.jpg?KID=imgbed,tva&Expires=1674051912&ssig=AG%2F2QfjC%2BI", "verified_reason": "人民网法人微博", "verified_trade": "", "verified_reason_url": "", "verified_source": "", "verified_source_url": "", "verified_state": 0, "verified_level": 3, "verified_type_ext": 0, "has_service_tel": false, "verified_reason_modified": "", "verified_contact_name": "", "verified_contact_email": "", "verified_contact_mobile": "", "follow_me": false, "like": false, "like_me": false, "online_status": 0, "bi_followers_count": 1071, "lang": "zh-cn", "star": 0, "mbtype": 12, "mbrank": 7, "svip": 0, "mb_expire_time": 1997971200, "block_word": 1, "block_app": 1, "chaohua_ability": 0, "brand_ability": 0, "nft_ability": 0, "vplus_ability": 0, "wenda_ability": 0, "live_ability": 1, "gongyi_ability": 0, "paycolumn_ability": 0, "newbrand_ability": 0, "ecommerce_ability": 0, "hardfan_ability": 1, "wbcolumn_ability": 0, "credit_score": 80, "user_ability": 280299276, "urank": 48, "story_read_state": -1, "vclub_member": 0, "is_teenager": 0, "is_guardian": 0, "is_teenager_list": 1, "pc_new": 7, "special_follow": false, "planet_video": 2, "video_mark": 15, "live_status": 0, "user_ability_extend": 1, "status_total_counter": {"total_cnt": 705068495, "repost_cnt": 121684814, "comment_cnt": 87833539, "like_cnt": 266530749, "comment_like_cnt": 229019393}, "video_total_counter": {"play_cnt": 7747583504}, "brand_account": 0, "hongbaofei": 0, "tab_manage": "[1108236044933, 0]", "reward_status": 0, "green_mode": 0, "urisk": 0, "unfollowing_recom_switch": 1, "avatar_type": 0}, "reposts_count": 0, "comments_count": 0, "reprint_cmt_count": 0, "attitudes_count": 0, "pending_approval_count": 0, "isLongText": false, "reward_exhibition_type": 0, "hide_flag": 0, "mlevel": 0, "show_mlevel": 0, "biz_ids": [230444], "biz_feature": 4294967304, "page_type": 64, "hasActionTypeCard": 0, "darwin_tags": [], "hot_weibo_tags": [], "text_tag_tips": [], "mblogtype": 0, "userType": 0, "more_info_type": 0, "positive_recom_flag": 0, "content_auth": 0, "gif_ids": "", "is_show_bulletin": 2, "comment_manage_info": {"comment_permission_type": -1, "approval_comment_type": 1, "approval_op_from": 1, "comment_sort_type": 0, "ai_play_picture_type": 0}, "pic_num": 0, "can_reprint": false, "new_comment_style": 0}, "readtimetype": "comment", "match_ai_play_picture": false}