{"created_at": "Sun Jan 08 13:12:20 +0800 2023", "id": 4855625270692627, "rootid": 4855625270692627, "rootidstr": "4855625270692627", "floor_number": 64, "text": "优秀", "disable_reply": 0, "restrictOperate": 0, "source_allowclick": 0, "source_type": 4, "source": "<a href=\"\" rel=\"nofollow\">来自广东</a>", "user": {"id": 1419758840, "idstr": "1419758840", "class": 1, "screen_name": "东方来的黄裙子", "name": "东方来的黄裙子", "province": "65", "city": "1", "location": "新疆 乌鲁木齐", "description": "诺不轻信，故人不负我；诺不轻许，故我不负人!", "url": "", "profile_image_url": "https://tva1.sinaimg.cn/crop.0.0.180.180.50/549fccf8jw1e8qgp5bmzyj2050050aa8.jpg?KID=imgbed,tva&Expires=1674051912&ssig=TYH3wIjQgM", "light_ring": false, "cover_image_phone": "https://ww2.sinaimg.cn/crop.0.0.640.640.640/a1d3feabjw1ecasunmkncj20hs0hsq4j.jpg", "profile_url": "u/1419758840", "domain": "", "weihao": "", "gender": "f", "followers_count": 431, "followers_count_str": "431", "friends_count": 426, "pagefriends_count": 38, "statuses_count": 6181, "video_status_count": 2, "video_play_count": 0, "super_topic_not_syn_count": 0, "favourites_count": 95, "created_at": "Fri Oct 14 00:09:37 +0800 2011", "following": false, "allow_all_act_msg": false, "geo_enabled": true, "verified": false, "verified_type": -1, "remark": "", "insecurity": {"sexual_content": false}, "ptype": 0, "allow_all_comment": true, "avatar_large": "https://tva1.sinaimg.cn/crop.0.0.180.180.180/549fccf8jw1e8qgp5bmzyj2050050aa8.jpg?KID=imgbed,tva&Expires=1674051912&ssig=kE0iGsJLd4", "avatar_hd": "https://tva1.sinaimg.cn/crop.0.0.180.180.1024/549fccf8jw1e8qgp5bmzyj2050050aa8.jpg?KID=imgbed,tva&Expires=1674051912&ssig=Nxpi2svJq2", "verified_reason": "", "verified_trade": "", "verified_reason_url": "", "verified_source": "", "verified_source_url": "", "follow_me": false, "like": false, "like_me": false, "online_status": 0, "bi_followers_count": 15, "lang": "zh-cn", "star": 0, "mbtype": 0, "mbrank": 0, "svip": 0, "mb_expire_time": 0, "block_word": 0, "block_app": 0, "chaohua_ability": 0, "brand_ability": 0, "nft_ability": 0, "vplus_ability": 0, "wenda_ability": 0, "live_ability": 0, "gongyi_ability": 0, "paycolumn_ability": 0, "newbrand_ability": 0, "ecommerce_ability": 0, "hardfan_ability": 0, "wbcolumn_ability": 0, "credit_score": 80, "user_ability": 35651584, "urank": 36, "story_read_state": -1, "vclub_member": 0, "is_teenager": 0, "is_guardian": 0, "is_teenager_list": 0, "pc_new": 0, "special_follow": false, "planet_video": 0, "video_mark": 0, "live_status": 0, "user_ability_extend": 0, "status_total_counter": {"total_cnt": 860, "repost_cnt": 111, "comment_cnt": 400, "like_cnt": 338, "comment_like_cnt": 11}, "video_total_counter": {"play_cnt": -1}, "brand_account": 0, "hongbaofei": 0, "tab_manage": "[0, 0]", "reward_status": 0, "green_mode": 0, "urisk": 0, "unfollowing_recom_switch": 1, "avatar_type": 0}, "mid": "4855625270692627", "idstr": "4855625270692627", "status": {"visible": {"type": 0, "list_id": 0}, "created_at": "Sun Jan 08 12:00:00 +0800 2023", "id": 4855607066101277, "idstr": "4855607066101277", "mid": "4855607066101277", "can_edit": false, "version": 1, "show_additional_indication": 0, "text": "【#中学奖励优秀学生猪肉和鱼#】1月7日，安徽阜阳，临近过年，一中学给优秀学生发猪肉和鱼当年货，学生们喜气洋洋地上台领取。张老师称，过年前发猪肉和鱼已经是学校的一个传统了，今年发了一百多头猪的肉，近2万斤肉，肉都是鲜的，鱼也都是活的，学生们都很高兴。@西部决策 http://t.cn/A69PHSfy ​", "textLength": 275, "source_allowclick": 0, "source_type": 1, "source": "<a href=\"http://app.weibo.com/t/feed/xEsRX\" rel=\"nofollow\">新版微博 weibo.com</a>", "favorited": false, "truncated": false, "in_reply_to_status_id": "", "in_reply_to_user_id": "", "in_reply_to_screen_name": "", "pic_urls": [], "geo": null, "is_paid": false, "mblog_vip_type": 0, "user": {"id": 2286908003, "idstr": "2286908003", "class": 1, "screen_name": "人民网", "name": "人民网", "province": "11", "city": "1000", "location": "北京", "description": "报道全球 传播中国", "url": "", "profile_image_url": "https://tvax3.sinaimg.cn/crop.0.0.690.690.50/002uLDeXly8h8vh2k4apuj60j60j6gm402.jpg?KID=imgbed,tva&Expires=1674051912&ssig=Q5Ar3kZm3J", "light_ring": false, "cover_image": "https://wx4.sinaimg.cn/crop.0.0.920.300/002uLDeXly1h8vhkkdk8rj60pk08cglm02.jpg", "cover_image_phone": "https://wx3.sinaimg.cn/crop.0.0.640.640.640/884f7263ly1gbs4gia590j20yi0yi0yp.jpg", "profile_url": "renminwang", "domain": "renminwang", "weihao": "", "gender": "m", "followers_count": 83536943, "followers_count_str": "8353.7万", "friends_count": 1191, "pagefriends_count": 30, "statuses_count": 218488, "video_status_count": 11412, "video_play_count": 0, "super_topic_not_syn_count": 0, "favourites_count": 99, "created_at": "Fri Aug 05 13:31:32 +0800 2011", "following": false, "allow_all_act_msg": false, "geo_enabled": false, "verified": true, "verified_type": 3, "remark": "", "insecurity": {"sexual_content": false}, "ptype": 0, "allow_all_comment": true, "avatar_large": "https://tvax3.sinaimg.cn/crop.0.0.690.690.180/002uLDeXly8h8vh2k4apuj60j60j6gm402.jpg?KID=imgbed,tva&Expires=1674051912&ssig=ghZ4sk90ks", "avatar_hd": "https://tvax3.sinaimg.cn/crop.0.0.690.690.1024/002uLDeXly8h8vh2k4apuj60j60j6gm402.jpg?KID=imgbed,tva&Expires=1674051912&ssig=AG%2F2QfjC%2BI", "verified_reason": "人民网法人微博", "verified_trade": "", "verified_reason_url": "", "verified_source": "", "verified_source_url": "", "verified_state": 0, "verified_level": 3, "verified_type_ext": 0, "has_service_tel": false, "verified_reason_modified": "", "verified_contact_name": "", "verified_contact_email": "", "verified_contact_mobile": "", "follow_me": false, "like": false, "like_me": false, "online_status": 0, "bi_followers_count": 1071, "lang": "zh-cn", "star": 0, "mbtype": 12, "mbrank": 7, "svip": 0, "mb_expire_time": 1997971200, "block_word": 1, "block_app": 1, "chaohua_ability": 0, "brand_ability": 0, "nft_ability": 0, "vplus_ability": 0, "wenda_ability": 0, "live_ability": 1, "gongyi_ability": 0, "paycolumn_ability": 0, "newbrand_ability": 0, "ecommerce_ability": 0, "hardfan_ability": 1, "wbcolumn_ability": 0, "credit_score": 80, "user_ability": 280299276, "urank": 48, "story_read_state": -1, "vclub_member": 0, "is_teenager": 0, "is_guardian": 0, "is_teenager_list": 1, "pc_new": 7, "special_follow": false, "planet_video": 2, "video_mark": 15, "live_status": 0, "user_ability_extend": 1, "status_total_counter": {"total_cnt": 705068495, "repost_cnt": 121684814, "comment_cnt": 87833539, "like_cnt": 266530749, "comment_like_cnt": 229019393}, "video_total_counter": {"play_cnt": 7747583504}, "brand_account": 0, "hongbaofei": 0, "tab_manage": "[1108236044933, 0]", "reward_status": 0, "green_mode": 0, "urisk": 0, "unfollowing_recom_switch": 1, "avatar_type": 0}, "reposts_count": 0, "comments_count": 0, "reprint_cmt_count": 0, "attitudes_count": 0, "pending_approval_count": 0, "isLongText": false, "reward_exhibition_type": 0, "hide_flag": 0, "mlevel": 0, "show_mlevel": 0, "biz_ids": [230444], "biz_feature": 4294967304, "page_type": 64, "hasActionTypeCard": 0, "darwin_tags": [], "hot_weibo_tags": [], "text_tag_tips": [], "mblogtype": 0, "userType": 0, "more_info_type": 0, "positive_recom_flag": 0, "content_auth": 0, "gif_ids": "", "is_show_bulletin": 2, "comment_manage_info": {"comment_permission_type": -1, "approval_comment_type": 1, "approval_op_from": 1, "comment_sort_type": 0, "ai_play_picture_type": 0}, "pic_num": 0, "can_reprint": false, "new_comment_style": 0}, "readtimetype": "comment", "comment_dynamic_message": {"id": "0", "start_color": "#00FFFFFF", "end_color": "#1AFFFFFF", "start_color_dark": "#003A3A3A", "end_color_dark": "#333A3A3A", "name": {"zh_CN": "默认", "zh_HK": "默認", "en_US": "default"}, "scheme": "https://new.vip.weibo.cn/bubble/mall?showmenu=0&decorateId=0&uid=1419758840", "allow_vip_box_content": "用此评论气泡", "allow_vip_box_icon": "https://h5.sinaimg.cn/upload/100/1720/2022/08/08/icon_VIP_for_comment_bubble.png"}, "match_ai_play_picture": false}