{"created_at": "Tue Jun 14 23:48:19 +0800 2022", "id": 4780408644307086, "rootid": 4780408644307086, "rootidstr": "4780408644307086", "floor_number": 74, "text": "希望早日查明真相，还受害人一个公道[怒]", "disable_reply": 0, "restrictOperate": 0, "source_allowclick": 0, "source_type": 4, "source": "<a href=\"\" rel=\"nofollow\">来自河南</a>", "user": {"id": 5851118488, "idstr": "5851118488", "class": 1, "screen_name": "有点帅气啊xz", "name": "有点帅气啊xz", "province": "100", "city": "1000", "location": "其他", "description": "快乐，自由，一切都在追求中。", "url": "", "profile_image_url": "https://tvax4.sinaimg.cn/crop.0.0.1080.1080.50/006nYHcQly8h4xh56ip0rj30u00u0dk0.jpg?KID=imgbed,tva&Expires=1674108453&ssig=Hu96seHkmQ", "light_ring": false, "cover_image_phone": "https://ww1.sinaimg.cn/crop.0.0.640.640.640/549d0121tw1egm1kjly3jj20hs0hsq4f.jpg", "profile_url": "u/5851118488", "domain": "", "weihao": "", "gender": "m", "followers_count": 27, "followers_count_str": "27", "friends_count": 297, "pagefriends_count": 26, "statuses_count": 101, "video_status_count": 1, "video_play_count": 0, "super_topic_not_syn_count": 0, "favourites_count": 1, "created_at": "Sat Feb 06 09:19:56 +0800 2016", "following": false, "allow_all_act_msg": false, "geo_enabled": true, "verified": false, "verified_type": -1, "remark": "", "insecurity": {"sexual_content": false}, "ptype": 0, "allow_all_comment": true, "avatar_large": "https://tvax4.sinaimg.cn/crop.0.0.1080.1080.180/006nYHcQly8h4xh56ip0rj30u00u0dk0.jpg?KID=imgbed,tva&Expires=1674108453&ssig=2Z452k3NOV", "avatar_hd": "https://tvax4.sinaimg.cn/crop.0.0.1080.1080.1024/006nYHcQly8h4xh56ip0rj30u00u0dk0.jpg?KID=imgbed,tva&Expires=1674108453&ssig=Qlx3MibjE6", "verified_reason": "", "verified_trade": "", "verified_reason_url": "", "verified_source": "", "verified_source_url": "", "follow_me": false, "like": false, "like_me": false, "online_status": 0, "bi_followers_count": 4, "lang": "zh-cn", "star": 0, "mbtype": 0, "mbrank": 0, "svip": 0, "mb_expire_time": 0, "block_word": 0, "block_app": 0, "chaohua_ability": 0, "brand_ability": 0, "nft_ability": 0, "vplus_ability": 0, "wenda_ability": 0, "live_ability": 0, "gongyi_ability": 0, "paycolumn_ability": 0, "newbrand_ability": 0, "ecommerce_ability": 0, "hardfan_ability": 0, "wbcolumn_ability": 0, "credit_score": 80, "user_ability": 2359296, "urank": 9, "story_read_state": -1, "vclub_member": 0, "is_teenager": 0, "is_guardian": 0, "is_teenager_list": 0, "pc_new": 0, "special_follow": false, "planet_video": 0, "video_mark": 2, "live_status": 0, "user_ability_extend": 0, "status_total_counter": {"total_cnt": 264, "repost_cnt": 4, "comment_cnt": 111, "like_cnt": 136, "comment_like_cnt": 13}, "video_total_counter": {"play_cnt": 22}, "brand_account": 0, "hongbaofei": 0, "tab_manage": "[0, 0]", "reward_status": 0, "green_mode": 0, "urisk": 0, "unfollowing_recom_switch": 1, "avatar_type": 0}, "mid": "4780408644307086", "idstr": "4780408644307086", "status": {"visible": {"type": 0, "list_id": 0}, "created_at": "Tue Jun 14 19:27:10 +0800 2022", "id": 4780342924019880, "idstr": "4780342924019880", "mid": "4780342924019880", "edit_count": 2, "can_edit": false, "edit_at": "Wed Jun 15 13:28:11 +0800 2022", "version": 5, "show_additional_indication": 0, "text": "#河南鹤壁女孩反映父亲死亡# #河南鹤壁女孩实名举报# 河南鹤壁女孩实名举报淇滨区庞村镇金山派出所🙏🙏🙏🙏🙏🙏#警察非法殴打致人死亡为不实信息#  http://t.cn/A6av7vnd ​", "textLength": 170, "source_allowclick": 1, "source_type": 2, "source": "<a href=\"http://weibo.com/\" rel=\"nofollow\">老焦欠费的Android</a>", "favorited": false, "truncated": false, "in_reply_to_status_id": "", "in_reply_to_user_id": "", "in_reply_to_screen_name": "", "pic_urls": [], "geo": null, "is_paid": false, "mblog_vip_type": 0, "user": {"id": 6838210154, "idstr": "6838210154", "class": 1, "screen_name": "焦焦学长", "name": "焦焦学长", "province": "11", "city": "1000", "location": "北京", "description": "投稿请私信，0.5秒回复。", "url": "", "profile_image_url": "https://tvax2.sinaimg.cn/crop.0.0.595.595.50/007sMqQaly8gz68q7q93oj30gj0gj0sy.jpg?KID=imgbed,tva&Expires=1674108453&ssig=XZ8Djoek2w", "light_ring": false, "cover_image_phone": "https://ww1.sinaimg.cn/crop.0.0.640.640.640/549d0121tw1egm1kjly3jj20hs0hsq4f.jpg;https://wx2.sinaimg.cn/crop.0.0.640.640.640/007sMqQaly1gweugt1i70j30u00u0q6g.jpg;https://wx3.sinaimg.cn/crop.0.0.640.640.640/007sMqQaly1gweuh6v5fsj30u00u00ys.jpg", "profile_url": "u/6838210154", "domain": "", "weihao": "", "gender": "m", "followers_count": 92237, "followers_count_str": "9.2万", "friends_count": 762, "pagefriends_count": 144, "statuses_count": 6835, "video_status_count": 1294, "video_play_count": 0, "super_topic_not_syn_count": 0, "favourites_count": 184, "created_at": "Mon Nov 12 17:01:52 +0800 2018", "following": false, "allow_all_act_msg": false, "geo_enabled": true, "verified": true, "verified_type": 0, "remark": "", "insecurity": {"sexual_content": false}, "ptype": 0, "allow_all_comment": true, "avatar_large": "https://tvax2.sinaimg.cn/crop.0.0.595.595.180/007sMqQaly8gz68q7q93oj30gj0gj0sy.jpg?KID=imgbed,tva&Expires=1674108453&ssig=3eBSuNNRtb", "avatar_hd": "https://tvax2.sinaimg.cn/crop.0.0.595.595.1024/007sMqQaly8gz68q7q93oj30gj0gj0sy.jpg?KID=imgbed,tva&Expires=1674108453&ssig=l7x1e%2FOPjB", "verified_reason": "教育博主 微博原创视频博主", "verified_trade": "", "verified_reason_url": "", "verified_source": "", "verified_source_url": "", "verified_state": 0, "verified_level": 3, "verified_type_ext": 1, "has_service_tel": false, "verified_reason_modified": "", "verified_contact_name": "", "verified_contact_email": "", "verified_contact_mobile": "", "follow_me": false, "like": false, "like_me": false, "online_status": 0, "bi_followers_count": 216, "lang": "zh-cn", "star": 0, "mbtype": 12, "mbrank": 5, "svip": 0, "mb_expire_time": 1700755200, "block_word": 0, "block_app": 1, "chaohua_ability": 0, "brand_ability": 0, "nft_ability": 0, "vplus_ability": 1, "wenda_ability": 5, "live_ability": 0, "gongyi_ability": 0, "paycolumn_ability": 0, "newbrand_ability": 0, "ecommerce_ability": 0, "hardfan_ability": 1, "wbcolumn_ability": 0, "credit_score": 80, "user_ability": -2136602104, "cardid": "star_1572", "avatargj_id": "gj_vip_717", "urank": 17, "story_read_state": -1, "verified_detail": {"custom": 0, "data": [{"key": 2, "sub_key": 0, "weight": 101, "desc": "教育博主", "timestamp": 0}, {"key": 16, "sub_key": 1, "weight": 103, "desc": "微博原创视频博主", "timestamp": 0}]}, "vclub_member": 0, "is_teenager": 0, "is_guardian": 0, "is_teenager_list": 0, "pc_new": 7, "special_follow": false, "planet_video": 2, "video_mark": 15, "live_status": 0, "user_ability_extend": 1, "status_total_counter": {"total_cnt": 4080770, "repost_cnt": 338101, "comment_cnt": 263296, "like_cnt": 1599964, "comment_like_cnt": 1879409}, "video_total_counter": {"play_cnt": 85380357}, "brand_account": 0, "hongbaofei": 0, "tab_manage": "[0, 0]", "reward_status": 0, "green_mode": 0, "urisk": 566935683072, "unfollowing_recom_switch": 1, "avatar_type": 0}, "annotations": [{}, {}, {"client_mblogid": "657bf1c0-e465-4b61-8aa1-ffdac3403a66"}, {"mapi_request": true}], "reposts_count": 0, "comments_count": 0, "reprint_cmt_count": 0, "attitudes_count": 0, "pending_approval_count": 0, "isLongText": false, "reward_exhibition_type": 0, "hide_flag": 0, "mlevel": 128, "show_mlevel": 0, "biz_ids": [230444], "biz_feature": 4294967304, "page_type": 64, "hasActionTypeCard": 0, "darwin_tags": [], "hot_weibo_tags": [], "text_tag_tips": [], "mblogtype": 0, "userType": 0, "mlevelSource": "monitor", "more_info_type": 0, "cardid": "star_1572", "number_display_strategy": {"apply_scenario_flag": 3, "display_text_min_number": 1000000, "display_text": "100万+"}, "positive_recom_flag": 0, "content_auth": 0, "gif_ids": "", "is_show_bulletin": 2, "comment_manage_info": {"comment_permission_type": -1, "approval_comment_type": 0, "comment_sort_type": 0, "ai_play_picture_type": 0}, "pic_num": 0, "fid": 4780342455304370, "can_reprint": false, "new_comment_style": 0}, "readtimetype": "comment", "match_ai_play_picture": false}