{"created_at": "Sun Apr 03 02:42:33 +0800 2022", "id": 4753998177895064, "rootid": 4753998177895064, "rootidstr": "4753998177895064", "floor_number": 99, "text": "@人民日报", "disable_reply": 0, "restrictOperate": 0, "user": {"id": 7626518040, "idstr": "7626518040", "class": 1, "screen_name": "踽踽寻光", "name": "踽踽寻光", "province": "100", "city": "1000", "location": "其他", "description": "", "url": "", "profile_image_url": "https://tvax4.sinaimg.cn/crop.0.0.996.996.50/008k85July8gucn4nr67dj60ro0romyz02.jpg?KID=imgbed,tva&Expires=1674069921&ssig=TyMLeMOQit", "light_ring": false, "cover_image_phone": "https://ww1.sinaimg.cn/crop.0.0.640.640.640/549d0121tw1egm1kjly3jj20hs0hsq4f.jpg", "profile_url": "u/7626518040", "domain": "", "weihao": "", "gender": "f", "followers_count": 3, "followers_count_str": "3", "friends_count": 165, "pagefriends_count": 14, "statuses_count": 25, "video_status_count": 1, "video_play_count": 0, "super_topic_not_syn_count": 0, "favourites_count": 40, "created_at": "Sun Jun 13 17:36:11 +0800 2021", "following": false, "allow_all_act_msg": false, "geo_enabled": true, "verified": false, "verified_type": -1, "remark": "", "insecurity": {"sexual_content": false}, "ptype": 0, "allow_all_comment": true, "avatar_large": "https://tvax4.sinaimg.cn/crop.0.0.996.996.180/008k85July8gucn4nr67dj60ro0romyz02.jpg?KID=imgbed,tva&Expires=1674069921&ssig=D%2FLUWtOcO6", "avatar_hd": "https://tvax4.sinaimg.cn/crop.0.0.996.996.1024/008k85July8gucn4nr67dj60ro0romyz02.jpg?KID=imgbed,tva&Expires=1674069921&ssig=k%2BC2n4Aw%2FL", "verified_reason": "", "verified_trade": "", "verified_reason_url": "", "verified_source": "", "verified_source_url": "", "follow_me": false, "like": false, "like_me": false, "online_status": 0, "bi_followers_count": 3, "lang": "zh-cn", "star": 0, "mbtype": 0, "mbrank": 0, "svip": 0, "mb_expire_time": 0, "block_word": 0, "block_app": 0, "chaohua_ability": 0, "brand_ability": 0, "nft_ability": 0, "vplus_ability": 0, "wenda_ability": 0, "live_ability": 0, "gongyi_ability": 0, "paycolumn_ability": 0, "newbrand_ability": 0, "ecommerce_ability": 0, "hardfan_ability": 0, "wbcolumn_ability": 0, "credit_score": 80, "user_ability": 2359296, "urank": 0, "story_read_state": -1, "vclub_member": 0, "is_teenager": 0, "is_guardian": 0, "is_teenager_list": 0, "pc_new": 7, "special_follow": false, "planet_video": 2, "video_mark": 0, "live_status": 0, "user_ability_extend": 0, "status_total_counter": {"total_cnt": 57, "repost_cnt": 0, "comment_cnt": 33, "like_cnt": 22, "comment_like_cnt": 2}, "video_total_counter": {"play_cnt": 80}, "brand_account": 0, "hongbaofei": 0, "tab_manage": "[0, 0]", "reward_status": 0, "green_mode": 0, "urisk": 524288, "unfollowing_recom_switch": 1, "avatar_type": 0}, "mid": "4753998177895064", "idstr": "4753998177895064", "status": {"visible": {"type": 0, "list_id": 0}, "created_at": "Sat Apr 02 10:15:22 +0800 2022", "id": 4753749744291114, "idstr": "4753749744291114", "mid": "4753749744291114", "can_edit": false, "version": 4, "show_additional_indication": 0, "text": "网友投稿：安徽宿州灵璧县渔沟中学一初中生在宿舍被六七名高中生殴打致死。父亲哭诉：我保卫祖国十五年，就光溜溜一个小孩……[泪][泪][泪]\n\n2022年3月31日晚上10点，安徽省宿州市灵璧县鱼钩中学发生校园霸凌事件，六名高一学生殴打一名初二学生，殴打致死，学校没经过家长同意，把孩子的遗体拉走了， ​", "textLength": 352, "source_allowclick": 0, "source_type": 2, "source": "<a href=\"http://weibo.com/\" rel=\"nofollow\">iPhone客户端</a>", "favorited": false, "truncated": false, "in_reply_to_status_id": "", "in_reply_to_user_id": "", "in_reply_to_screen_name": "", "pic_urls": [], "geo": null, "is_paid": false, "mblog_vip_type": 0, "user": {"id": 2268621352, "idstr": "2268621352", "class": 1, "screen_name": "广元网", "name": "广元网", "province": "51", "city": "8", "location": "四川 广元", "description": "广元网﹣广元人的网站 (知广元事、上广元网)", "url": "", "profile_image_url": "https://tva4.sinaimg.cn/crop.0.0.1242.1242.50/87386a28jw8f4u38hgre3j20yi0yiq5j.jpg?KID=imgbed,tva&Expires=1674069921&ssig=xR80N91%2FkC", "light_ring": false, "cover_image": "https://ww3.sinaimg.cn/crop.0.0.920.300/87386a28gw1f5nr7ur36gj20pk08cmz0.jpg", "cover_image_phone": "https://ww1.sinaimg.cn/crop.0.0.640.640.640/9d44112bjw1f1xl1c10tuj20hs0hs0tw.jpg", "profile_url": "u/2268621352", "domain": "", "weihao": "", "gender": "f", "followers_count": 141268, "followers_count_str": "14.1万", "friends_count": 999, "pagefriends_count": 24, "statuses_count": 20521, "video_status_count": 63, "video_play_count": 0, "super_topic_not_syn_count": 0, "favourites_count": 20, "created_at": "Tue Jul 26 12:30:47 +0800 2011", "following": false, "allow_all_act_msg": true, "geo_enabled": false, "verified": false, "verified_type": -1, "remark": "", "insecurity": {"sexual_content": false}, "ptype": 0, "allow_all_comment": true, "avatar_large": "https://tva4.sinaimg.cn/crop.0.0.1242.1242.180/87386a28jw8f4u38hgre3j20yi0yiq5j.jpg?KID=imgbed,tva&Expires=1674069921&ssig=bOaqaS65Me", "avatar_hd": "https://tva4.sinaimg.cn/crop.0.0.1242.1242.1024/87386a28jw8f4u38hgre3j20yi0yiq5j.jpg?KID=imgbed,tva&Expires=1674069921&ssig=WNJsDJWtbm", "verified_reason": "", "verified_trade": "", "verified_reason_url": "", "verified_source": "", "verified_source_url": "", "follow_me": false, "like": false, "like_me": false, "online_status": 0, "bi_followers_count": 613, "lang": "zh-cn", "star": 0, "mbtype": 2, "mbrank": 6, "svip": 0, "mb_expire_time": 1673193599, "block_word": 0, "block_app": 0, "chaohua_ability": 0, "brand_ability": 0, "nft_ability": 0, "vplus_ability": 0, "wenda_ability": 0, "live_ability": 0, "gongyi_ability": 0, "paycolumn_ability": 0, "newbrand_ability": 0, "ecommerce_ability": 0, "hardfan_ability": 1, "wbcolumn_ability": 0, "credit_score": 80, "user_ability": 262152, "cardid": "star_1624", "avatargj_id": "gj_vip_660", "urank": 48, "story_read_state": -1, "vclub_member": 0, "is_teenager": 0, "is_guardian": 0, "is_teenager_list": 0, "pc_new": 0, "special_follow": false, "planet_video": 2, "video_mark": 12, "live_status": 0, "user_ability_extend": 0, "status_total_counter": {"total_cnt": 186580, "repost_cnt": 41110, "comment_cnt": 41700, "like_cnt": 87951, "comment_like_cnt": 15819}, "video_total_counter": {"play_cnt": 192034}, "brand_account": 0, "hongbaofei": 0, "tab_manage": "[0, 0]", "reward_status": 0, "green_mode": 0, "urisk": 0, "unfollowing_recom_switch": 1, "avatar_type": 0}, "annotations": [{}, {"shooting": 1, "client_mblogid": "iPhone-995750E5-8F9D-4CDA-A88C-8B2366FC2A5B"}, {"mapi_request": true}], "reposts_count": 0, "comments_count": 0, "reprint_cmt_count": 0, "attitudes_count": 0, "pending_approval_count": 0, "isLongText": true, "reward_exhibition_type": 0, "hide_flag": 0, "mlevel": 128, "show_mlevel": 0, "biz_ids": [230444], "biz_feature": 4294967304, "page_type": 64, "hasActionTypeCard": 0, "darwin_tags": [], "hot_weibo_tags": [], "text_tag_tips": [], "mblogtype": 0, "userType": 0, "mlevelSource": "monitor", "more_info_type": 0, "number_display_strategy": {"apply_scenario_flag": 3, "display_text_min_number": 1000000, "display_text": "100万+"}, "positive_recom_flag": 0, "content_auth": 0, "gif_ids": "", "is_show_bulletin": 2, "comment_manage_info": {"comment_permission_type": -1, "approval_comment_type": 0, "comment_sort_type": 0, "ai_play_picture_type": 0}, "pic_num": 0, "can_reprint": false, "new_comment_style": 0}, "readtimetype": "comment", "match_ai_play_picture": false}