{"created_at": "Sun Apr 03 15:52:45 +0800 2022", "id": 4754197037190961, "rootid": 4754012069167146, "rootidstr": "4754012069167146", "floor_number": 0, "text": "回复@笙歌逝:真的不能理解为什么校方会这么包庇施暴者，在家长不知情的情况下给人家申请的单间安排高年级的入住，然后高年级的又因为三百块钱带人殴打小孩，结果警方通报出来一个十四岁的孩子打死了另一个十四岁的孩子，那个娃是天生神力吗？", "disable_reply": 0, "restrictOperate": 0, "user": {"id": 7033963098, "idstr": "7033963098", "class": 1, "screen_name": "云深不知处BMY", "name": "云深不知处BMY", "province": "62", "city": "1000", "location": "甘肃", "description": "得失有偿，风不停吹", "url": "", "profile_image_url": "https://tvax1.sinaimg.cn/crop.0.0.621.621.50/007G1N7Ily8h0wl5xekg1j30h90h93zb.jpg?KID=imgbed,tva&Expires=1674069885&ssig=zwDv2spPtX", "light_ring": false, "cover_image_phone": "https://ww1.sinaimg.cn/crop.0.0.640.640.640/549d0121tw1egm1kjly3jj20hs0hsq4f.jpg", "profile_url": "u/7033963098", "domain": "", "weihao": "", "gender": "f", "followers_count": 5, "followers_count_str": "5", "friends_count": 11, "pagefriends_count": 6, "statuses_count": 0, "video_status_count": 0, "video_play_count": 0, "super_topic_not_syn_count": 2, "favourites_count": 1, "created_at": "Sat Mar 16 08:48:10 +0800 2019", "following": false, "allow_all_act_msg": false, "geo_enabled": true, "verified": false, "verified_type": -1, "remark": "", "insecurity": {"sexual_content": false}, "ptype": 0, "allow_all_comment": true, "avatar_large": "https://tvax1.sinaimg.cn/crop.0.0.621.621.180/007G1N7Ily8h0wl5xekg1j30h90h93zb.jpg?KID=imgbed,tva&Expires=1674069885&ssig=OzUTWjgUtR", "avatar_hd": "https://tvax1.sinaimg.cn/crop.0.0.621.621.1024/007G1N7Ily8h0wl5xekg1j30h90h93zb.jpg?KID=imgbed,tva&Expires=1674069885&ssig=2%2BhhK8yDnN", "verified_reason": "", "verified_trade": "", "verified_reason_url": "", "verified_source": "", "verified_source_url": "", "follow_me": false, "like": false, "like_me": false, "online_status": 0, "bi_followers_count": 1, "lang": "zh-cn", "star": 0, "mbtype": 0, "mbrank": 0, "svip": 0, "mb_expire_time": 0, "block_word": 0, "block_app": 0, "chaohua_ability": 0, "brand_ability": 0, "nft_ability": 0, "vplus_ability": 0, "wenda_ability": 0, "live_ability": 0, "gongyi_ability": 0, "paycolumn_ability": 0, "newbrand_ability": 0, "ecommerce_ability": 0, "hardfan_ability": 0, "wbcolumn_ability": 0, "credit_score": 80, "user_ability": 2097152, "urank": 2, "story_read_state": -1, "vclub_member": 0, "is_teenager": 0, "is_guardian": 0, "is_teenager_list": 0, "pc_new": 0, "special_follow": false, "planet_video": 2, "video_mark": 2, "live_status": 0, "user_ability_extend": 0, "status_total_counter": {"total_cnt": 0, "repost_cnt": 0, "comment_cnt": 0, "like_cnt": 0, "comment_like_cnt": 0}, "video_total_counter": {"play_cnt": 0}, "brand_account": 0, "hongbaofei": 0, "tab_manage": "[0, 0]", "reward_status": 0, "green_mode": 0, "urisk": 8590458880, "unfollowing_recom_switch": 1, "avatar_type": 0}, "mid": "4754197037190961", "idstr": "4754197037190961", "status": {"visible": {"type": 0, "list_id": 0}, "created_at": "Sat Apr 02 10:15:22 +0800 2022", "id": 4753749744291114, "idstr": "4753749744291114", "mid": "4753749744291114", "can_edit": false, "version": 4, "show_additional_indication": 0, "text": "网友投稿：安徽宿州灵璧县渔沟中学一初中生在宿舍被六七名高中生殴打致死。父亲哭诉：我保卫祖国十五年，就光溜溜一个小孩……[泪][泪][泪]\n\n2022年3月31日晚上10点，安徽省宿州市灵璧县鱼钩中学发生校园霸凌事件，六名高一学生殴打一名初二学生，殴打致死，学校没经过家长同意，把孩子的遗体拉走了， ​", "textLength": 352, "source_allowclick": 0, "source_type": 2, "source": "<a href=\"http://weibo.com/\" rel=\"nofollow\">iPhone客户端</a>", "favorited": false, "truncated": false, "in_reply_to_status_id": "", "in_reply_to_user_id": "", "in_reply_to_screen_name": "", "pic_urls": [], "geo": null, "is_paid": false, "mblog_vip_type": 0, "user": {"id": 2268621352, "idstr": "2268621352", "class": 1, "screen_name": "广元网", "name": "广元网", "province": "51", "city": "8", "location": "四川 广元", "description": "广元网﹣广元人的网站 (知广元事、上广元网)", "url": "", "profile_image_url": "https://tva4.sinaimg.cn/crop.0.0.1242.1242.50/87386a28jw8f4u38hgre3j20yi0yiq5j.jpg?KID=imgbed,tva&Expires=1674069885&ssig=hMOgK%2ByHlF", "light_ring": false, "cover_image": "https://ww3.sinaimg.cn/crop.0.0.920.300/87386a28gw1f5nr7ur36gj20pk08cmz0.jpg", "cover_image_phone": "https://ww1.sinaimg.cn/crop.0.0.640.640.640/9d44112bjw1f1xl1c10tuj20hs0hs0tw.jpg", "profile_url": "u/2268621352", "domain": "", "weihao": "", "gender": "f", "followers_count": 141268, "followers_count_str": "14.1万", "friends_count": 999, "pagefriends_count": 24, "statuses_count": 20521, "video_status_count": 63, "video_play_count": 0, "super_topic_not_syn_count": 0, "favourites_count": 20, "created_at": "Tue Jul 26 12:30:47 +0800 2011", "following": false, "allow_all_act_msg": true, "geo_enabled": false, "verified": false, "verified_type": -1, "remark": "", "insecurity": {"sexual_content": false}, "ptype": 0, "allow_all_comment": true, "avatar_large": "https://tva4.sinaimg.cn/crop.0.0.1242.1242.180/87386a28jw8f4u38hgre3j20yi0yiq5j.jpg?KID=imgbed,tva&Expires=1674069885&ssig=AfJjsOug5v", "avatar_hd": "https://tva4.sinaimg.cn/crop.0.0.1242.1242.1024/87386a28jw8f4u38hgre3j20yi0yiq5j.jpg?KID=imgbed,tva&Expires=1674069885&ssig=qZ3sJhi%2B%2BU", "verified_reason": "", "verified_trade": "", "verified_reason_url": "", "verified_source": "", "verified_source_url": "", "follow_me": false, "like": false, "like_me": false, "online_status": 0, "bi_followers_count": 613, "lang": "zh-cn", "star": 0, "mbtype": 2, "mbrank": 6, "svip": 0, "mb_expire_time": 1673193599, "block_word": 0, "block_app": 0, "chaohua_ability": 0, "brand_ability": 0, "nft_ability": 0, "vplus_ability": 0, "wenda_ability": 0, "live_ability": 0, "gongyi_ability": 0, "paycolumn_ability": 0, "newbrand_ability": 0, "ecommerce_ability": 0, "hardfan_ability": 1, "wbcolumn_ability": 0, "credit_score": 80, "user_ability": 262152, "cardid": "star_1624", "avatargj_id": "gj_vip_660", "urank": 48, "story_read_state": -1, "vclub_member": 0, "is_teenager": 0, "is_guardian": 0, "is_teenager_list": 0, "pc_new": 0, "special_follow": false, "planet_video": 2, "video_mark": 12, "live_status": 0, "user_ability_extend": 0, "status_total_counter": {"total_cnt": 186580, "repost_cnt": 41110, "comment_cnt": 41700, "like_cnt": 87951, "comment_like_cnt": 15819}, "video_total_counter": {"play_cnt": 192034}, "brand_account": 0, "hongbaofei": 0, "tab_manage": "[0, 0]", "reward_status": 0, "green_mode": 0, "urisk": 0, "unfollowing_recom_switch": 1, "avatar_type": 0}, "annotations": [{}, {"shooting": 1, "client_mblogid": "iPhone-995750E5-8F9D-4CDA-A88C-8B2366FC2A5B"}, {"mapi_request": true}], "reposts_count": 0, "comments_count": 0, "reprint_cmt_count": 0, "attitudes_count": 0, "pending_approval_count": 0, "isLongText": true, "reward_exhibition_type": 0, "hide_flag": 0, "mlevel": 128, "show_mlevel": 0, "biz_ids": [230444], "biz_feature": 4294967304, "page_type": 64, "hasActionTypeCard": 0, "darwin_tags": [], "hot_weibo_tags": [], "text_tag_tips": [], "mblogtype": 0, "userType": 0, "mlevelSource": "monitor", "more_info_type": 0, "number_display_strategy": {"apply_scenario_flag": 3, "display_text_min_number": 1000000, "display_text": "100万+"}, "positive_recom_flag": 0, "content_auth": 0, "gif_ids": "", "is_show_bulletin": 2, "comment_manage_info": {"comment_permission_type": -1, "approval_comment_type": 0, "comment_sort_type": 0, "ai_play_picture_type": 0}, "pic_num": 0, "can_reprint": false, "new_comment_style": 0}, "reply_comment": {"created_at": "Sun Apr 03 03:37:44 +0800 2022", "id": 4754012069167146, "rootid": 4754012069167146, "rootidstr": "4754012069167146", "floor_number": 101, "text": "很难想象如果有一天我遇到了这样的事情，以我的脾气会不会剑走偏锋让这群人都团灭，既然没有法则也许我可能就不会管所谓的法则了，眼里一旦没有了光那也就没了未来了，我记得我第一天当兵的时候师长就跟我们说，如果生命受到了威胁就不用再管什么条条框框，法律不是一个人的法律而是整个社会的行为准则", "disable_reply": 0, "restrictOperate": 0, "user": {"id": 5755246546, "idstr": "5755246546", "class": 1, "screen_name": "笙歌逝", "name": "笙歌逝", "province": "43", "city": "1", "location": "湖南 长沙", "description": "肤浅", "url": "", "profile_image_url": "https://tvax3.sinaimg.cn/crop.0.0.1080.1080.50/006huqxcly8h6uw2uy5vnj30u00u0gmk.jpg?KID=imgbed,tva&Expires=1674069885&ssig=V5BgMEy9rh", "light_ring": false, "cover_image": "https://wx3.sinaimg.cn/crop.0.0.920.300/006huqxcgy1gkz29nceb3j30pk08c43c.jpg", "cover_image_phone": "https://ww1.sinaimg.cn/crop.0.0.640.640.640/9d44112bjw1f1xl1c10tuj20hs0hs0tw.jpg", "profile_url": "u/5755246546", "domain": "", "weihao": "", "gender": "m", "followers_count": 648, "followers_count_str": "648", "friends_count": 96, "pagefriends_count": 11, "statuses_count": 109, "video_status_count": 19, "video_play_count": 0, "super_topic_not_syn_count": 11, "favourites_count": 6, "created_at": "Sat Nov 14 13:04:30 +0800 2015", "following": false, "allow_all_act_msg": false, "geo_enabled": true, "verified": false, "verified_type": -1, "remark": "", "insecurity": {"sexual_content": false}, "ptype": 0, "allow_all_comment": true, "avatar_large": "https://tvax3.sinaimg.cn/crop.0.0.1080.1080.180/006huqxcly8h6uw2uy5vnj30u00u0gmk.jpg?KID=imgbed,tva&Expires=1674069885&ssig=ds94sepNCc", "avatar_hd": "https://tvax3.sinaimg.cn/crop.0.0.1080.1080.1024/006huqxcly8h6uw2uy5vnj30u00u0gmk.jpg?KID=imgbed,tva&Expires=1674069885&ssig=QCyoOiEzef", "verified_reason": "", "verified_trade": "", "verified_reason_url": "", "verified_source": "", "verified_source_url": "", "follow_me": false, "like": false, "like_me": false, "online_status": 0, "bi_followers_count": 31, "lang": "zh-cn", "star": 0, "mbtype": 12, "mbrank": 6, "svip": 0, "mb_expire_time": 1697299200, "block_word": 0, "block_app": 1, "chaohua_ability": 0, "brand_ability": 0, "nft_ability": 0, "vplus_ability": 0, "wenda_ability": 0, "live_ability": 0, "gongyi_ability": 0, "paycolumn_ability": 0, "newbrand_ability": 0, "ecommerce_ability": 0, "hardfan_ability": 0, "wbcolumn_ability": 0, "credit_score": 80, "user_ability": 2360320, "cardid": "star_1415", "avatargj_id": "gj_vip_602", "urank": 21, "story_read_state": -1, "vclub_member": 0, "is_teenager": 0, "is_guardian": 0, "is_teenager_list": 0, "pc_new": 7, "special_follow": false, "planet_video": 2, "video_mark": 2, "live_status": 0, "user_ability_extend": 0, "status_total_counter": {"total_cnt": 457, "repost_cnt": 3, "comment_cnt": 125, "like_cnt": 319, "comment_like_cnt": 10}, "video_total_counter": {"play_cnt": 5513}, "brand_account": 0, "hongbaofei": 0, "tab_manage": "[0, 0]", "reward_status": 0, "green_mode": 0, "urisk": 0, "unfollowing_recom_switch": 1, "avatar_type": 0}, "mid": "4754012069167146", "idstr": "4754012069167146", "match_ai_play_picture": false}, "reply_original_text": "真的不能理解为什么校方会这么包庇施暴者，在家长不知情的情况下给人家申请的单间安排高年级的入住，然后高年级的又因为三百块钱带人殴打小孩，结果警方通报出来一个十四岁的孩子打死了另一个十四岁的孩子，那个娃是天生神力吗？", "readtimetype": "comment", "match_ai_play_picture": false}