{"created_at": "Mon Jan 09 17:15:29 +0800 2023", "id": 4856048849000285, "rootid": 4855949946525108, "rootidstr": "4855949946525108", "floor_number": 0, "text": "回复@My_一诺Mama:对的对的", "disable_reply": 0, "is_mblog_author": true, "restrictOperate": 0, "source_allowclick": 0, "source_type": 4, "source": "<a href=\"\" rel=\"nofollow\">来自山西</a>", "comment_badge": [{"pic_url": "https://h5.sinaimg.cn/upload/1007/25/2019/05/17/feed_icon_poster_identity133low.png", "name": "blogger", "length": 1.33, "actionlog": {"act_code": "3671", "ext": "status:author"}, "scheme": "https://kefu.weibo.com/faqdetail?id=20848"}], "user": {"id": 3172272077, "idstr": "3172272077", "class": 1, "screen_name": "小花夫妇吖", "name": "小花夫妇吖", "province": "11", "city": "1000", "location": "北京", "description": "第一次做妈妈 希望你可以喜欢我 商务合作 yinqu1688", "url": "", "profile_image_url": "https://tvax4.sinaimg.cn/crop.0.0.512.512.50/bd1507cdly8h43fiuslszj20e80e8js2.jpg?KID=imgbed,tva&Expires=1673961013&ssig=Nr4W74zoKX", "light_ring": false, "cover_image": "https://ww1.sinaimg.cn/crop.0.14.980.300/bd1507cdtw1e8szqnkj0ej20r8094mz9.jpg", "cover_image_phone": "https://wx3.sinaimg.cn/crop.0.0.640.640.640/bd1507cdly1h31uv6w72gj20e80e874l.jpg", "profile_url": "u/3172272077", "domain": "", "weihao": "", "gender": "f", "followers_count": 853564, "followers_count_str": "85.4万", "friends_count": 719, "pagefriends_count": 35, "statuses_count": 1149, "video_status_count": 243, "video_play_count": 0, "super_topic_not_syn_count": 1, "favourites_count": 8, "created_at": "Mon Dec 03 00:01:44 +0800 2012", "following": false, "allow_all_act_msg": false, "geo_enabled": true, "verified": true, "verified_type": 0, "remark": "", "insecurity": {"sexual_content": false}, "ptype": 0, "allow_all_comment": true, "avatar_large": "https://tvax4.sinaimg.cn/crop.0.0.512.512.180/bd1507cdly8h43fiuslszj20e80e8js2.jpg?KID=imgbed,tva&Expires=1673961013&ssig=wa80l4wj%2Fw", "avatar_hd": "https://tvax4.sinaimg.cn/crop.0.0.512.512.1024/bd1507cdly8h43fiuslszj20e80e8js2.jpg?KID=imgbed,tva&Expires=1673961013&ssig=FFE%2FTp3fyS", "verified_reason": "微博VLOG博主 微博原创视频博主", "verified_trade": "", "verified_reason_url": "", "verified_source": "", "verified_source_url": "", "verified_state": 0, "verified_level": 3, "verified_type_ext": 0, "has_service_tel": false, "verified_reason_modified": "", "verified_contact_name": "", "verified_contact_email": "", "verified_contact_mobile": "", "follow_me": false, "like": false, "like_me": false, "online_status": 0, "bi_followers_count": 207, "lang": "zh-cn", "star": 0, "mbtype": 12, "mbrank": 7, "svip": 0, "mb_expire_time": 1711296000, "block_word": 0, "block_app": 1, "chaohua_ability": 0, "brand_ability": 0, "nft_ability": 0, "vplus_ability": 0, "wenda_ability": 0, "live_ability": 0, "gongyi_ability": 0, "paycolumn_ability": 0, "newbrand_ability": 0, "ecommerce_ability": 0, "hardfan_ability": 0, "wbcolumn_ability": 0, "credit_score": 80, "user_ability": -2144075512, "cardid": "star_1545", "avatargj_id": "gj_vip_691", "urank": 41, "story_read_state": -1, "verified_detail": {"custom": 0, "data": [{"key": 16, "sub_key": 2, "weight": 103, "desc": "微博VLOG博主"}, {"key": 16, "sub_key": 1, "weight": 103, "desc": "微博原创视频博主"}]}, "vclub_member": 0, "is_teenager": 0, "is_guardian": 0, "is_teenager_list": 0, "pc_new": 7, "special_follow": false, "planet_video": 2, "video_mark": 15, "live_status": 0, "user_ability_extend": 0, "status_total_counter": {"total_cnt": 456645, "repost_cnt": 22269, "comment_cnt": 36495, "like_cnt": 372937, "comment_like_cnt": 24944}, "video_total_counter": {"play_cnt": 9216653}, "brand_account": 0, "hongbaofei": 0, "tab_manage": "[0, 0]", "reward_status": 0, "green_mode": 0, "urisk": 0, "avatar_type": 0}, "mid": "4856048849000285", "idstr": "4856048849000285", "status": {"visible": {"type": 0, "list_id": 0}, "created_at": "Fri Jan 06 15:14:48 +0800 2023", "id": 4854931314186263, "idstr": "4854931314186263", "mid": "4854931314186263", "edit_count": 1, "can_edit": false, "edit_at": "Fri Jan 06 15:16:03 +0800 2023", "version": 5, "show_additional_indication": 0, "text": "#今年春运有两个日期将出现返程高峰#｜#plog日记# \n\n已经到家啦[太开心]\n我的家乡是 山西阳泉\n很多人叫它“小重庆”\n这次回家是大学毕业后时间最长的一次\n没有带丸子回家 \n竟然有种大学回老家过寒假的状态[哈哈]\n别问我多大 问就是18[太阳][2023] http://t.cn/R2WxScK ​", "textLength": 248, "source_allowclick": 0, "source_type": 1, "source": "<a href=\"http://app.weibo.com/t/feed/6AF9oC\" rel=\"nofollow\">iPhone 11 Pro Max</a>", "favorited": false, "truncated": false, "in_reply_to_status_id": "", "in_reply_to_user_id": "", "in_reply_to_screen_name": "", "pic_urls": [{"thumbnail_pic": "http://wx4.sinaimg.cn/thumbnail/bd1507cdly1h9ty7rh9ilj22bc334npf.jpg"}, {"thumbnail_pic": "http://wx3.sinaimg.cn/thumbnail/bd1507cdly1h9ty7u5qg7j22bc334e83.jpg"}, {"thumbnail_pic": "http://wx1.sinaimg.cn/thumbnail/bd1507cdly1h9ty7vohv2j22bc3344qq.jpg"}, {"thumbnail_pic": "http://wx3.sinaimg.cn/thumbnail/bd1507cdly1h9ty7oux7vj22bc334npg.jpg"}, {"thumbnail_pic": "http://wx3.sinaimg.cn/thumbnail/bd1507cdly1h9ty7xz4svj22bc334qv7.jpg"}, {"thumbnail_pic": "http://wx2.sinaimg.cn/thumbnail/bd1507cdly1h9ty80ihjnj22bc334qv8.jpg"}, {"thumbnail_pic": "http://wx3.sinaimg.cn/thumbnail/bd1507cdly1h9ty82ix3xj22bc3341l0.jpg"}, {"thumbnail_pic": "http://wx2.sinaimg.cn/thumbnail/bd1507cdly1h9ty84iocmj22bc334hdv.jpg"}, {"thumbnail_pic": "http://wx3.sinaimg.cn/thumbnail/bd1507cdly1h9ty8669fvj22bc334x6q.jpg"}], "thumbnail_pic": "http://wx4.sinaimg.cn/thumbnail/bd1507cdly1h9ty7rh9ilj22bc334npf.jpg", "bmiddle_pic": "http://wx4.sinaimg.cn/bmiddle/bd1507cdly1h9ty7rh9ilj22bc334npf.jpg", "original_pic": "http://wx4.sinaimg.cn/large/bd1507cdly1h9ty7rh9ilj22bc334npf.jpg", "geo": {"type": "Point", "coordinates": [37.861187, 113.583282]}, "is_paid": false, "mblog_vip_type": 0, "user": {"id": 3172272077, "idstr": "3172272077", "class": 1, "screen_name": "小花夫妇吖", "name": "小花夫妇吖", "province": "11", "city": "1000", "location": "北京", "description": "第一次做妈妈 希望你可以喜欢我 商务合作 yinqu1688", "url": "", "profile_image_url": "https://tvax4.sinaimg.cn/crop.0.0.512.512.50/bd1507cdly8h43fiuslszj20e80e8js2.jpg?KID=imgbed,tva&Expires=1673961013&ssig=Nr4W74zoKX", "light_ring": false, "cover_image": "https://ww1.sinaimg.cn/crop.0.14.980.300/bd1507cdtw1e8szqnkj0ej20r8094mz9.jpg", "cover_image_phone": "https://wx3.sinaimg.cn/crop.0.0.640.640.640/bd1507cdly1h31uv6w72gj20e80e874l.jpg", "profile_url": "u/3172272077", "domain": "", "weihao": "", "gender": "f", "followers_count": 853564, "followers_count_str": "85.4万", "friends_count": 719, "pagefriends_count": 35, "statuses_count": 1149, "video_status_count": 243, "video_play_count": 0, "super_topic_not_syn_count": 1, "favourites_count": 8, "created_at": "Mon Dec 03 00:01:44 +0800 2012", "following": false, "allow_all_act_msg": false, "geo_enabled": true, "verified": true, "verified_type": 0, "remark": "", "insecurity": {"sexual_content": false}, "ptype": 0, "allow_all_comment": true, "avatar_large": "https://tvax4.sinaimg.cn/crop.0.0.512.512.180/bd1507cdly8h43fiuslszj20e80e8js2.jpg?KID=imgbed,tva&Expires=1673961013&ssig=wa80l4wj%2Fw", "avatar_hd": "https://tvax4.sinaimg.cn/crop.0.0.512.512.1024/bd1507cdly8h43fiuslszj20e80e8js2.jpg?KID=imgbed,tva&Expires=1673961013&ssig=FFE%2FTp3fyS", "verified_reason": "微博VLOG博主 微博原创视频博主", "verified_trade": "", "verified_reason_url": "", "verified_source": "", "verified_source_url": "", "verified_state": 0, "verified_level": 3, "verified_type_ext": 0, "has_service_tel": false, "verified_reason_modified": "", "verified_contact_name": "", "verified_contact_email": "", "verified_contact_mobile": "", "follow_me": false, "like": false, "like_me": false, "online_status": 0, "bi_followers_count": 207, "lang": "zh-cn", "star": 0, "mbtype": 12, "mbrank": 7, "svip": 0, "mb_expire_time": 1711296000, "block_word": 0, "block_app": 1, "chaohua_ability": 0, "brand_ability": 0, "nft_ability": 0, "vplus_ability": 0, "wenda_ability": 0, "live_ability": 0, "gongyi_ability": 0, "paycolumn_ability": 0, "newbrand_ability": 0, "ecommerce_ability": 0, "hardfan_ability": 0, "wbcolumn_ability": 0, "credit_score": 80, "user_ability": -2144075512, "cardid": "star_1545", "avatargj_id": "gj_vip_691", "urank": 41, "story_read_state": -1, "verified_detail": {"custom": 0, "data": [{"key": 16, "sub_key": 2, "weight": 103, "desc": "微博VLOG博主"}, {"key": 16, "sub_key": 1, "weight": 103, "desc": "微博原创视频博主"}]}, "vclub_member": 0, "is_teenager": 0, "is_guardian": 0, "is_teenager_list": 0, "pc_new": 7, "special_follow": false, "planet_video": 2, "video_mark": 15, "live_status": 0, "user_ability_extend": 0, "status_total_counter": {"total_cnt": 456645, "repost_cnt": 22269, "comment_cnt": 36495, "like_cnt": 372937, "comment_like_cnt": 24944}, "video_total_counter": {"play_cnt": 9216653}, "brand_account": 0, "hongbaofei": 0, "tab_manage": "[0, 0]", "reward_status": 0, "green_mode": 0, "urisk": 0, "avatar_type": 0}, "annotations": [{"photo_sub_type": "0,0,0,0,0,0,0,0,0"}, {"ann_ext": "ann_ext:search|t:30|q:#今年春运有两个日期将出现返程高峰#|creator_source:bottomsendweibo"}, {"spot_type": "0"}, {"place": {"poiid": "8008614030000000000", "title": "阳泉", "type": "checkin", "spot_type": "0"}, "client_mblogid": "iPhone-31689B16-E863-43FC-A1E1-5B422F09A42B"}, {"mapi_request": true}], "picStatus": "0:1,1:1,2:1,3:1,4:1,5:1,6:1,7:1,8:1", "reposts_count": 0, "comments_count": 0, "reprint_cmt_count": 0, "attitudes_count": 0, "pending_approval_count": 0, "isLongText": false, "reward_exhibition_type": 0, "hide_flag": 0, "mlevel": 0, "show_mlevel": 0, "biz_ids": [100101], "biz_feature": 4294967300, "expire_time": 1673009118, "page_type": 72, "hasActionTypeCard": 0, "darwin_tags": [], "hot_weibo_tags": [], "text_tag_tips": [], "mblogtype": 0, "mark": "999_reallog_mark_ad:999|WeiboADNatural", "userType": 0, "extend_info": {"ad": {"url_marked": "true"}}, "more_info_type": 0, "cardid": "star_1545", "number_display_strategy": {"apply_scenario_flag": 3, "display_text_min_number": 1000000, "display_text": "100万+"}, "positive_recom_flag": 0, "content_auth": 0, "gif_ids": "", "is_show_bulletin": 2, "bus_flag": 8, "comment_manage_info": {"comment_permission_type": -1, "approval_comment_type": 0, "comment_sort_type": 0, "ai_play_picture_type": 0}, "pic_num": 9, "can_reprint": false, "new_comment_style": 0}, "reply_comment": {"created_at": "Mon Jan 09 10:42:29 +0800 2023", "id": 4855949946525108, "rootid": 4855949946525108, "rootidstr": "4855949946525108", "floor_number": 82, "text": "妈呀 你竟然是阳泉的[允悲]", "disable_reply": 0, "restrictOperate": 0, "user": {"id": 5591373742, "idstr": "5591373742", "class": 1, "screen_name": "My_一诺Mama", "name": "My_一诺Mama", "province": "14", "city": "3", "location": "山西 阳泉", "description": "平安。", "url": "", "profile_image_url": "https://tvax2.sinaimg.cn/crop.0.0.1080.1080.50/0066oPJsly8gzcam94658j30u00u0dk1.jpg?KID=imgbed,tva&Expires=1673961013&ssig=VT3WUt0mT3", "light_ring": false, "cover_image_phone": "https://ww1.sinaimg.cn/crop.0.0.640.640.640/549d0121tw1egm1kjly3jj20hs0hsq4f.jpg", "profile_url": "u/5591373742", "domain": "", "weihao": "", "gender": "f", "followers_count": 66, "followers_count_str": "66", "friends_count": 178, "pagefriends_count": 3, "statuses_count": 167, "video_status_count": 0, "video_play_count": 0, "super_topic_not_syn_count": 0, "favourites_count": 0, "created_at": "Tue Apr 21 14:27:59 +0800 2015", "following": false, "allow_all_act_msg": false, "geo_enabled": true, "verified": false, "verified_type": -1, "remark": "", "insecurity": {"sexual_content": false}, "ptype": 0, "allow_all_comment": true, "avatar_large": "https://tvax2.sinaimg.cn/crop.0.0.1080.1080.180/0066oPJsly8gzcam94658j30u00u0dk1.jpg?KID=imgbed,tva&Expires=1673961013&ssig=YXBZF5TunA", "avatar_hd": "https://tvax2.sinaimg.cn/crop.0.0.1080.1080.1024/0066oPJsly8gzcam94658j30u00u0dk1.jpg?KID=imgbed,tva&Expires=1673961013&ssig=lYuG1BLZrs", "verified_reason": "", "verified_trade": "", "verified_reason_url": "", "verified_source": "", "verified_source_url": "", "follow_me": false, "like": false, "like_me": false, "online_status": 0, "bi_followers_count": 10, "lang": "zh-cn", "star": 0, "mbtype": 0, "mbrank": 0, "svip": 0, "mb_expire_time": 0, "block_word": 0, "block_app": 0, "chaohua_ability": 0, "brand_ability": 0, "nft_ability": 0, "vplus_ability": 0, "wenda_ability": 0, "live_ability": 0, "gongyi_ability": 0, "paycolumn_ability": 0, "newbrand_ability": 0, "ecommerce_ability": 0, "hardfan_ability": 0, "wbcolumn_ability": 0, "credit_score": 80, "user_ability": 2098176, "urank": 9, "story_read_state": -1, "vclub_member": 0, "is_teenager": 0, "is_guardian": 0, "is_teenager_list": 0, "pc_new": 0, "special_follow": false, "planet_video": 0, "video_mark": 0, "live_status": 0, "user_ability_extend": 0, "status_total_counter": {"total_cnt": 18, "repost_cnt": 4, "comment_cnt": 3, "like_cnt": 11, "comment_like_cnt": 0}, "video_total_counter": {"play_cnt": -1}, "brand_account": 0, "hongbaofei": 0, "tab_manage": "[0, 0]", "reward_status": 0, "green_mode": 0, "urisk": 0, "avatar_type": 0}, "mid": "4855949946525108", "idstr": "4855949946525108", "match_ai_play_picture": false}, "reply_original_text": "对的对的", "readtimetype": "comment", "match_ai_play_picture": false}