{"created_at": "Sat Dec 10 20:49:32 +0800 2022", "id": 4845231079951585, "rootid": 4845231079951585, "rootidstr": "4845231079951585", "floor_number": 16, "text": "可爱捏哈哈哈哈哈哈哈", "disable_reply": 0, "restrictOperate": 0, "source_allowclick": 0, "source_type": 4, "source": "<a href=\"\" rel=\"nofollow\">来自河北</a>", "user": {"id": 6334431766, "idstr": "6334431766", "class": 1, "screen_name": "考拉捏", "name": "考拉捏", "province": "100", "city": "1000", "location": "其他", "description": "【日常微博】TheShy【WBG】Cobra【TMA】", "url": "", "profile_image_url": "https://tvax2.sinaimg.cn/crop.0.0.1023.1023.50/006UGD4ily8h6sg1c6y58j30sg0sfwip.jpg?KID=imgbed,tva&Expires=1674046109&ssig=Umd3E1%2BxZ8", "light_ring": false, "cover_image_phone": "https://ww1.sinaimg.cn/crop.0.0.640.640.640/549d0121tw1egm1kjly3jj20hs0hsq4f.jpg", "profile_url": "u/6334431766", "domain": "", "weihao": "", "gender": "f", "followers_count": 251, "followers_count_str": "251", "friends_count": 301, "pagefriends_count": 81, "statuses_count": 2965, "video_status_count": 10, "video_play_count": 0, "super_topic_not_syn_count": 46, "favourites_count": 16, "created_at": "Sat Aug 05 22:11:55 +0800 2017", "following": false, "allow_all_act_msg": false, "geo_enabled": true, "verified": true, "verified_type": 0, "remark": "", "insecurity": {"sexual_content": false}, "ptype": 0, "allow_all_comment": true, "avatar_large": "https://tvax2.sinaimg.cn/crop.0.0.1023.1023.180/006UGD4ily8h6sg1c6y58j30sg0sfwip.jpg?KID=imgbed,tva&Expires=1674046109&ssig=eXdAILXn1c", "avatar_hd": "https://tvax2.sinaimg.cn/crop.0.0.1023.1023.1024/006UGD4ily8h6sg1c6y58j30sg0sfwip.jpg?KID=imgbed,tva&Expires=1674046109&ssig=EVx8jDhvcb", "verified_reason": "超话粉丝大咖（igtheshy超话）", "verified_trade": "", "verified_reason_url": "", "verified_source": "", "verified_source_url": "", "verified_state": 0, "verified_level": 3, "verified_type_ext": 0, "has_service_tel": false, "verified_reason_modified": "", "verified_contact_name": "", "verified_contact_email": "", "verified_contact_mobile": "", "follow_me": false, "like": false, "like_me": false, "online_status": 0, "bi_followers_count": 64, "lang": "zh-cn", "star": 0, "mbtype": 11, "mbrank": 5, "svip": 0, "mb_expire_time": 1678809600, "block_word": 0, "block_app": 1, "chaohua_ability": 0, "brand_ability": 0, "nft_ability": 0, "vplus_ability": 0, "wenda_ability": 0, "live_ability": 0, "gongyi_ability": 0, "paycolumn_ability": 0, "newbrand_ability": 0, "ecommerce_ability": 0, "hardfan_ability": 0, "wbcolumn_ability": 0, "credit_score": 80, "user_ability": 2359296, "cardid": "topic_10080856e052a5455107f60586cec3c877295e_lv10", "avatargj_id": "gj_vip_722", "urank": 9, "story_read_state": -1, "verified_detail": {"custom": 0, "data": [{"key": 8, "sub_key": 0, "weight": 102, "desc": "超话粉丝大咖（igtheshy超话）"}]}, "vclub_member": 0, "is_teenager": 0, "is_guardian": 1, "is_teenager_list": 0, "pc_new": 7, "special_follow": false, "planet_video": 2, "video_mark": 2, "live_status": 0, "user_ability_extend": 0, "status_total_counter": {"total_cnt": 4229, "repost_cnt": 117, "comment_cnt": 1369, "like_cnt": 1936, "comment_like_cnt": 807}, "video_total_counter": {"play_cnt": 1207}, "brand_account": 0, "hongbaofei": 0, "tab_manage": "[0, 0]", "reward_status": 0, "green_mode": 0, "urisk": 8589934592, "unfollowing_recom_switch": 1, "avatar_type": 0}, "mid": "4845231079951585", "idstr": "4845231079951585", "status": {"visible": {"type": 0, "list_id": 0}, "created_at": "Sat Dec 10 20:44:17 +0800 2022", "id": 4845229758487956, "idstr": "4845229758487956", "mid": "4845229758487956", "can_edit": false, "version": 2, "show_additional_indication": 0, "text": "站起来，坐下最后终于站起来去领奖 [酷]\n\n#2022LPL全明星##TheShy年度最受欢迎选手# http://t.cn/A6KSHG9f ​", "textLength": 99, "source_allowclick": 0, "source_type": 2, "source": "", "favorited": false, "truncated": false, "in_reply_to_status_id": "", "in_reply_to_user_id": "", "in_reply_to_screen_name": "", "pic_urls": [], "geo": null, "is_paid": false, "mblog_vip_type": 0, "user": {"id": 5688542967, "idstr": "5688542967", "class": 1, "screen_name": "Score赛高", "name": "Score赛高", "province": "31", "city": "1000", "location": "上海", "description": "商务合作邮箱：wangshuai@famulei.com QQ：272084365", "url": "http://www.famulei.com", "profile_image_url": "https://tvax3.sinaimg.cn/crop.0.0.160.160.50/006cYxT1ly8h25zhmcn53j304g04g742.jpg?KID=imgbed,tva&Expires=1674046109&ssig=jh8ewBC1PG", "light_ring": false, "cover_image": "https://wx3.sinaimg.cn/crop.0.0.920.300/006cYxT1gy1gdit0k0s9jj30pk08c0ye.jpg", "cover_image_phone": "https://wx2.sinaimg.cn/crop.0.0.640.640.640/006cYxT1ly1gditzhl4ocj30e80e8t93.jpg", "profile_url": "famulei2015", "domain": "famulei2015", "weihao": "", "gender": "f", "followers_count": 1193027, "followers_count_str": "119.3万", "friends_count": 904, "pagefriends_count": 160, "statuses_count": 75916, "video_status_count": 26693, "video_play_count": 0, "super_topic_not_syn_count": 98, "favourites_count": 34, "created_at": "Fri Aug 28 15:53:43 +0800 2015", "following": false, "allow_all_act_msg": false, "geo_enabled": true, "verified": true, "verified_type": 7, "remark": "", "insecurity": {"sexual_content": false}, "ptype": 0, "allow_all_comment": true, "avatar_large": "https://tvax3.sinaimg.cn/crop.0.0.160.160.180/006cYxT1ly8h25zhmcn53j304g04g742.jpg?KID=imgbed,tva&Expires=1674046109&ssig=2G5lR7z9pZ", "avatar_hd": "https://tvax3.sinaimg.cn/crop.0.0.160.160.1024/006cYxT1ly8h25zhmcn53j304g04g742.jpg?KID=imgbed,tva&Expires=1674046109&ssig=XDhmpRELVz", "verified_reason": "Score赛高官方微博", "verified_trade": "", "verified_reason_url": "", "verified_source": "", "verified_source_url": "", "verified_state": 0, "verified_level": 3, "verified_type_ext": 50, "pay_remind": 0, "pay_date": "20210126", "has_service_tel": false, "verified_reason_modified": "", "verified_contact_name": "", "verified_contact_email": "", "verified_contact_mobile": "", "follow_me": false, "like": false, "like_me": false, "online_status": 0, "bi_followers_count": 375, "lang": "zh-cn", "star": 0, "mbtype": 12, "mbrank": 7, "svip": 0, "mb_expire_time": 1691424000, "block_word": 0, "block_app": 1, "chaohua_ability": 0, "brand_ability": 0, "nft_ability": 0, "vplus_ability": 0, "wenda_ability": 0, "live_ability": 0, "gongyi_ability": 0, "paycolumn_ability": 0, "newbrand_ability": 0, "ecommerce_ability": 0, "hardfan_ability": 0, "wbcolumn_ability": 0, "credit_score": 80, "user_ability": -2136732148, "avatargj_id": "gj_vip_013", "urank": 40, "story_read_state": -1, "vclub_member": 0, "is_teenager": 0, "is_guardian": 0, "is_teenager_list": 0, "pc_new": 7, "special_follow": false, "planet_video": 2, "video_mark": 15, "live_status": 0, "user_ability_extend": 0, "status_total_counter": {"total_cnt": 7494389, "repost_cnt": 622845, "comment_cnt": 988613, "like_cnt": 3644352, "comment_like_cnt": 2238579}, "video_total_counter": {"play_cnt": 343397100}, "brand_account": 0, "hongbaofei": 0, "tab_manage": "[0, 0]", "reward_status": 0, "green_mode": 0, "urisk": 0, "unfollowing_recom_switch": 1, "avatar_type": 0}, "annotations": [{}, {}, {"client_mblogid": "iPhone-C2B5BC11-E600-4E34-A143-C2A9025958FF"}, {"mapi_request": true}], "reposts_count": 0, "comments_count": 0, "reprint_cmt_count": 0, "attitudes_count": 0, "pending_approval_count": 0, "isLongText": false, "reward_exhibition_type": 0, "hide_flag": 0, "mlevel": 0, "show_mlevel": 0, "biz_ids": [230444], "biz_feature": 4294967304, "topic_id": "1022:10080856e052a5455107f60586cec3c877295e", "sync_mblog": true, "is_imported_topic": false, "page_type": 64, "hasActionTypeCard": 0, "darwin_tags": [], "hot_weibo_tags": [], "text_tag_tips": [], "mblogtype": 0, "userType": 0, "more_info_type": 0, "number_display_strategy": {"apply_scenario_flag": 3, "display_text_min_number": 1000000, "display_text": "100万+"}, "positive_recom_flag": 0, "content_auth": 0, "gif_ids": "", "is_show_bulletin": 2, "comment_manage_info": {"comment_permission_type": -1, "approval_comment_type": 0, "comment_sort_type": 0, "ai_play_picture_type": 0}, "pic_num": 0, "fid": 4845229567115417, "can_reprint": false, "new_comment_style": 0}, "readtimetype": "comment", "comment_dynamic_message": {"id": "0", "start_color": "#00FFFFFF", "end_color": "#1AFFFFFF", "start_color_dark": "#003A3A3A", "end_color_dark": "#333A3A3A", "name": {"zh_CN": "默认", "zh_HK": "默認", "en_US": "default"}, "scheme": "https://new.vip.weibo.cn/bubble/mall?showmenu=0&decorateId=0&uid=6334431766", "allow_vip_box_content": "用此评论气泡", "allow_vip_box_icon": "https://h5.sinaimg.cn/upload/100/1720/2022/08/08/icon_VIP_for_comment_bubble.png"}, "match_ai_play_picture": false}