{"created_at": "Tue Jun 14 21:49:43 +0800 2022", "id": 4780378798428981, "rootid": 4780378798428981, "rootidstr": "4780378798428981", "floor_number": 383, "text": "太惨了", "disable_reply": 0, "restrictOperate": 0, "source_allowclick": 0, "source_type": 4, "source": "<a href=\"\" rel=\"nofollow\">来自河北</a>", "user": {"id": 5769766632, "idstr": "5769766632", "class": 1, "screen_name": "柳yeye1314", "name": "柳yeye1314", "province": "13", "city": "1000", "location": "河北", "description": "步步生莲………", "url": "", "profile_image_url": "https://tvax3.sinaimg.cn/crop.0.0.1080.1080.50/006itlS8ly8h556tqqsr3j30u00u0jxn.jpg?KID=imgbed,tva&Expires=1674068938&ssig=nzbK%2BkOGEl", "light_ring": false, "cover_image_phone": "https://ww2.sinaimg.cn/crop.0.0.640.640/68f96449jw1ergqx79rw4j20hs0hswh0.jpg", "profile_url": "u/5769766632", "domain": "", "weihao": "", "gender": "f", "followers_count": 1974, "followers_count_str": "1974", "friends_count": 136, "pagefriends_count": 2, "statuses_count": 3, "video_status_count": 1, "video_play_count": 0, "super_topic_not_syn_count": 0, "favourites_count": 0, "created_at": "Mon Nov 23 21:53:34 +0800 2015", "following": false, "allow_all_act_msg": false, "geo_enabled": true, "verified": false, "verified_type": -1, "remark": "", "insecurity": {"sexual_content": false}, "ptype": 0, "allow_all_comment": true, "avatar_large": "https://tvax3.sinaimg.cn/crop.0.0.1080.1080.180/006itlS8ly8h556tqqsr3j30u00u0jxn.jpg?KID=imgbed,tva&Expires=1674068938&ssig=pvMpnQKu59", "avatar_hd": "https://tvax3.sinaimg.cn/crop.0.0.1080.1080.1024/006itlS8ly8h556tqqsr3j30u00u0jxn.jpg?KID=imgbed,tva&Expires=1674068938&ssig=rPYdGca8Rl", "verified_reason": "", "verified_trade": "", "verified_reason_url": "", "verified_source": "", "verified_source_url": "", "follow_me": false, "like": false, "like_me": false, "online_status": 0, "bi_followers_count": 9, "lang": "zh-cn", "star": 0, "mbtype": 0, "mbrank": 0, "svip": 0, "mb_expire_time": 0, "block_word": 0, "block_app": 0, "chaohua_ability": 0, "brand_ability": 0, "nft_ability": 0, "vplus_ability": 0, "wenda_ability": 0, "live_ability": 0, "gongyi_ability": 0, "paycolumn_ability": 0, "newbrand_ability": 0, "ecommerce_ability": 0, "hardfan_ability": 0, "wbcolumn_ability": 0, "credit_score": 80, "user_ability": 262144, "urank": 9, "story_read_state": -1, "vclub_member": 0, "is_teenager": 0, "is_guardian": 0, "is_teenager_list": 0, "pc_new": 0, "special_follow": false, "planet_video": 2, "video_mark": 2, "live_status": 0, "user_ability_extend": 0, "status_total_counter": {"total_cnt": 8, "repost_cnt": 0, "comment_cnt": 6, "like_cnt": 2, "comment_like_cnt": 0}, "video_total_counter": {"play_cnt": 18}, "brand_account": 0, "hongbaofei": 0, "tab_manage": "[0, 0]", "reward_status": 0, "green_mode": 0, "urisk": 0, "unfollowing_recom_switch": 1, "avatar_type": 0}, "mid": "4780378798428981", "idstr": "4780378798428981", "status": {"visible": {"type": 0, "list_id": 0}, "created_at": "Tue Jun 14 17:22:02 +0800 2022", "id": 4780311433447029, "idstr": "4780311433447029", "mid": "4780311433447029", "can_edit": false, "version": 5, "show_additional_indication": 0, "text": "#正义曝光台#🔥🔥🔥\n\n河南女生举报当地警察， 暴力殴打她父亲致死！\n女孩妈妈在警局门口哭着申冤[悲伤][悲伤]\n\n#没有愤怒就没有正义##扫黑除恶绝不能有盲区# http://t.cn/A6Xskvqj ​", "textLength": 173, "source_allowclick": 0, "source_type": 2, "source": "<a href=\"http://weibo.com/\" rel=\"nofollow\">华为iPhone 13 Pro(远峰蓝色)</a>", "favorited": false, "truncated": false, "in_reply_to_status_id": "", "in_reply_to_user_id": "", "in_reply_to_screen_name": "", "pic_urls": [], "geo": null, "is_paid": false, "mblog_vip_type": 0, "user": {"id": 2713866045, "idstr": "2713866045", "class": 1, "screen_name": "会火大叔", "name": "会火大叔", "province": "33", "city": "1000", "location": "浙江", "description": "微博2023十大影响力人气大V", "url": "", "profile_image_url": "https://tvax2.sinaimg.cn/crop.0.0.828.828.50/a1c24f3dly8glwj1rnrl1j20n00n03zk.jpg?KID=imgbed,tva&Expires=1674068938&ssig=KwApw57KLU", "light_ring": false, "cover_image_phone": "https://ww1.sinaimg.cn/crop.0.0.640.640.640/9d44112bjw1f1xl1c10tuj20hs0hs0tw.jpg", "profile_url": "jindaren", "domain": "jindaren", "weihao": "", "gender": "f", "followers_count": 1308361, "followers_count_str": "130.8万", "friends_count": 111, "pagefriends_count": 26, "statuses_count": 36067, "video_status_count": 29712, "video_play_count": 0, "super_topic_not_syn_count": 10, "favourites_count": 28, "created_at": "Wed Apr 11 07:26:13 +0800 2012", "following": false, "allow_all_act_msg": false, "geo_enabled": true, "verified": true, "verified_type": 0, "remark": "", "insecurity": {"sexual_content": false}, "ptype": 0, "allow_all_comment": true, "avatar_large": "https://tvax2.sinaimg.cn/crop.0.0.828.828.180/a1c24f3dly8glwj1rnrl1j20n00n03zk.jpg?KID=imgbed,tva&Expires=1674068938&ssig=x1i4RZ5InS", "avatar_hd": "https://tvax2.sinaimg.cn/crop.0.0.828.828.1024/a1c24f3dly8glwj1rnrl1j20n00n03zk.jpg?KID=imgbed,tva&Expires=1674068938&ssig=ws6XqMc2OS", "verified_reason": "搞笑幽默博主 超话主持人（奇闻趣事超话） 搞笑视频自媒体", "verified_trade": "1012", "verified_reason_url": "", "verified_source": "", "verified_source_url": "", "verified_state": 0, "verified_level": 3, "verified_type_ext": 1, "has_service_tel": false, "verified_reason_modified": "", "verified_contact_name": "", "verified_contact_email": "", "verified_contact_mobile": "", "follow_me": false, "like": false, "like_me": false, "online_status": 0, "bi_followers_count": 56, "lang": "zh-cn", "star": 0, "mbtype": 2, "mbrank": 6, "svip": 0, "mb_expire_time": 1670860799, "block_word": 0, "block_app": 0, "chaohua_ability": 0, "brand_ability": 0, "nft_ability": 0, "vplus_ability": 1, "wenda_ability": 0, "live_ability": 0, "gongyi_ability": 0, "paycolumn_ability": 1, "newbrand_ability": 0, "ecommerce_ability": 0, "hardfan_ability": 1, "wbcolumn_ability": 0, "credit_score": 80, "user_ability": -2135553496, "cardid": "star_1545", "avatargj_id": "gj_vip_375", "urank": 32, "story_read_state": -1, "verified_detail": {"custom": 1, "data": [{"key": 1, "sub_key": 0, "weight": 0, "desc": "秒拍达人、微博造浪计划 校园生活分享官  2022年辰星计划博主", "timestamp": 0}, {"key": 2, "sub_key": 0, "weight": 10, "desc": "搞笑幽默博主", "timestamp": 0}, {"key": 8, "sub_key": 0, "weight": 102, "desc": "超话主持人（奇闻趣事超话）", "timestamp": 0}, {"key": 16, "sub_key": 10, "weight": 103, "desc": "搞笑视频自媒体", "timestamp": 0}]}, "vclub_member": 0, "is_teenager": 0, "is_guardian": 0, "is_teenager_list": 0, "pc_new": 7, "special_follow": false, "planet_video": 2, "video_mark": 15, "live_status": 0, "user_ability_extend": 0, "video_cover": {"mid": 4758114379501280}, "status_total_counter": {"total_cnt": 6466812, "repost_cnt": 371503, "comment_cnt": 471215, "like_cnt": 2836337, "comment_like_cnt": 2787757}, "video_total_counter": {"play_cnt": 1323373922}, "brand_account": 0, "hongbaofei": 0, "tab_manage": "[283734347942528, 0]", "reward_status": 0, "green_mode": 0, "urisk": 0, "unfollowing_recom_switch": 1, "avatar_type": 0}, "annotations": [{}, {"ann_ext": "ann_ext:search|t:3|creator_source:bottomsendweibo"}, {"client_mblogid": "iPhone-40E6699C-C6A6-4B85-9E23-016F5D768414"}, {"mapi_request": true}], "reposts_count": 0, "comments_count": 0, "reprint_cmt_count": 0, "attitudes_count": 0, "pending_approval_count": 0, "isLongText": false, "reward_exhibition_type": 0, "hide_flag": 0, "mlevel": 128, "show_mlevel": 0, "biz_ids": [230444], "biz_feature": 4294967304, "page_type": 64, "hasActionTypeCard": 0, "darwin_tags": [], "hot_weibo_tags": [], "text_tag_tips": [], "mblogtype": 0, "userType": 0, "mlevelSource": "monitor", "more_info_type": 0, "cardid": "star_1545", "number_display_strategy": {"apply_scenario_flag": 3, "display_text_min_number": 1000000, "display_text": "100万+"}, "positive_recom_flag": 0, "content_auth": 0, "gif_ids": "", "is_show_bulletin": 2, "comment_manage_info": {"comment_permission_type": 3, "approval_comment_type": 0, "comment_sort_type": 0, "ai_play_picture_type": 0}, "pic_num": 0, "fid": 4780310821601405, "can_reprint": false, "new_comment_style": 0}, "readtimetype": "comment", "match_ai_play_picture": false}