{"created_at": "Wed Jun 15 08:39:48 +0800 2022", "id": 4780542396730584, "rootid": 4780334820101252, "rootidstr": "4780334820101252", "floor_number": 0, "text": "回复@佩奇是我咯:河南河北重灾区", "disable_reply": 0, "restrictOperate": 0, "source_allowclick": 0, "source_type": 4, "source": "<a href=\"\" rel=\"nofollow\">来自湖北</a>", "user": {"id": 1930700541, "idstr": "1930700541", "class": 1, "screen_name": "ZTD小小孩", "name": "ZTD小小孩", "province": "42", "city": "12", "location": "湖北 咸宁", "description": "", "url": "http://blog.sina.com.cn/u/1930700541", "profile_image_url": "https://tvax4.sinaimg.cn/crop.0.0.1002.1002.50/731426fdly8gy0gf9xhbjj20ru0ru3zv.jpg?KID=imgbed,tva&Expires=1674068909&ssig=ehgZXrds9I", "light_ring": false, "cover_image": "https://ww3.sinaimg.cn/crop.0.0.980.300/731426fdgw1ecz9j4601tj20r80begog.jpg", "cover_image_phone": "https://ww1.sinaimg.cn/crop.0.0.640.640.640/549d0121tw1egm1kjly3jj20hs0hsq4f.jpg", "profile_url": "u/1930700541", "domain": "", "weihao": "", "gender": "f", "followers_count": 174, "followers_count_str": "174", "friends_count": 461, "pagefriends_count": 38, "statuses_count": 2995, "video_status_count": 0, "video_play_count": 0, "super_topic_not_syn_count": 11, "favourites_count": 2049, "created_at": "Mon Jan 24 12:44:25 +0800 2011", "following": false, "allow_all_act_msg": false, "geo_enabled": false, "verified": false, "verified_type": -1, "remark": "", "insecurity": {"sexual_content": false}, "ptype": 0, "allow_all_comment": true, "avatar_large": "https://tvax4.sinaimg.cn/crop.0.0.1002.1002.180/731426fdly8gy0gf9xhbjj20ru0ru3zv.jpg?KID=imgbed,tva&Expires=1674068909&ssig=0jGr98ZKO5", "avatar_hd": "https://tvax4.sinaimg.cn/crop.0.0.1002.1002.1024/731426fdly8gy0gf9xhbjj20ru0ru3zv.jpg?KID=imgbed,tva&Expires=1674068909&ssig=fY3UQ5C9su", "verified_reason": "", "verified_trade": "", "verified_reason_url": "", "verified_source": "", "verified_source_url": "", "follow_me": false, "like": false, "like_me": false, "online_status": 0, "bi_followers_count": 15, "lang": "zh-cn", "star": 0, "mbtype": 2, "mbrank": 2, "svip": 0, "mb_expire_time": 1588435199, "block_word": 0, "block_app": 0, "chaohua_ability": 0, "brand_ability": 0, "nft_ability": 0, "vplus_ability": 0, "wenda_ability": 0, "live_ability": 0, "gongyi_ability": 0, "paycolumn_ability": 0, "newbrand_ability": 0, "ecommerce_ability": 0, "hardfan_ability": 0, "wbcolumn_ability": 0, "credit_score": 80, "user_ability": 2360320, "urank": 14, "story_read_state": -1, "vclub_member": 0, "is_teenager": 0, "is_guardian": 0, "is_teenager_list": 0, "pc_new": 7, "special_follow": false, "planet_video": 2, "video_mark": 0, "live_status": 0, "user_ability_extend": 0, "status_total_counter": {"total_cnt": 2025, "repost_cnt": 588, "comment_cnt": 561, "like_cnt": 817, "comment_like_cnt": 59}, "video_total_counter": {"play_cnt": 42}, "brand_account": 0, "hongbaofei": 0, "tab_manage": "[0, 0]", "reward_status": 0, "green_mode": 0, "urisk": 17179869184, "unfollowing_recom_switch": 1, "avatar_type": 0}, "mid": "4780542396730584", "idstr": "4780542396730584", "status": {"visible": {"type": 0, "list_id": 0}, "created_at": "Tue Jun 14 17:22:02 +0800 2022", "id": 4780311433447029, "idstr": "4780311433447029", "mid": "4780311433447029", "can_edit": false, "version": 5, "show_additional_indication": 0, "text": "#正义曝光台#🔥🔥🔥\n\n河南女生举报当地警察， 暴力殴打她父亲致死！\n女孩妈妈在警局门口哭着申冤[悲伤][悲伤]\n\n#没有愤怒就没有正义##扫黑除恶绝不能有盲区# http://t.cn/A6Xskvqj ​", "textLength": 173, "source_allowclick": 0, "source_type": 2, "source": "<a href=\"http://weibo.com/\" rel=\"nofollow\">华为iPhone 13 Pro(远峰蓝色)</a>", "favorited": false, "truncated": false, "in_reply_to_status_id": "", "in_reply_to_user_id": "", "in_reply_to_screen_name": "", "pic_urls": [], "geo": null, "is_paid": false, "mblog_vip_type": 0, "user": {"id": 2713866045, "idstr": "2713866045", "class": 1, "screen_name": "会火大叔", "name": "会火大叔", "province": "33", "city": "1000", "location": "浙江", "description": "微博2023十大影响力人气大V", "url": "", "profile_image_url": "https://tvax2.sinaimg.cn/crop.0.0.828.828.50/a1c24f3dly8glwj1rnrl1j20n00n03zk.jpg?KID=imgbed,tva&Expires=1674068909&ssig=0ZVuC%2Frs8h", "light_ring": false, "cover_image_phone": "https://ww1.sinaimg.cn/crop.0.0.640.640.640/9d44112bjw1f1xl1c10tuj20hs0hs0tw.jpg", "profile_url": "jindaren", "domain": "jindaren", "weihao": "", "gender": "f", "followers_count": 1308359, "followers_count_str": "130.8万", "friends_count": 111, "pagefriends_count": 26, "statuses_count": 36067, "video_status_count": 29712, "video_play_count": 0, "super_topic_not_syn_count": 10, "favourites_count": 28, "created_at": "Wed Apr 11 07:26:13 +0800 2012", "following": false, "allow_all_act_msg": false, "geo_enabled": true, "verified": true, "verified_type": 0, "remark": "", "insecurity": {"sexual_content": false}, "ptype": 0, "allow_all_comment": true, "avatar_large": "https://tvax2.sinaimg.cn/crop.0.0.828.828.180/a1c24f3dly8glwj1rnrl1j20n00n03zk.jpg?KID=imgbed,tva&Expires=1674068909&ssig=nZcTDw7Zil", "avatar_hd": "https://tvax2.sinaimg.cn/crop.0.0.828.828.1024/a1c24f3dly8glwj1rnrl1j20n00n03zk.jpg?KID=imgbed,tva&Expires=1674068909&ssig=aTPsu0flvi", "verified_reason": "搞笑幽默博主 超话主持人（奇闻趣事超话） 搞笑视频自媒体", "verified_trade": "1012", "verified_reason_url": "", "verified_source": "", "verified_source_url": "", "verified_state": 0, "verified_level": 3, "verified_type_ext": 1, "has_service_tel": false, "verified_reason_modified": "", "verified_contact_name": "", "verified_contact_email": "", "verified_contact_mobile": "", "follow_me": false, "like": false, "like_me": false, "online_status": 0, "bi_followers_count": 56, "lang": "zh-cn", "star": 0, "mbtype": 2, "mbrank": 6, "svip": 0, "mb_expire_time": 1670860799, "block_word": 0, "block_app": 0, "chaohua_ability": 0, "brand_ability": 0, "nft_ability": 0, "vplus_ability": 1, "wenda_ability": 0, "live_ability": 0, "gongyi_ability": 0, "paycolumn_ability": 1, "newbrand_ability": 0, "ecommerce_ability": 0, "hardfan_ability": 1, "wbcolumn_ability": 0, "credit_score": 80, "user_ability": -2135553496, "cardid": "star_1545", "avatargj_id": "gj_vip_375", "urank": 32, "story_read_state": -1, "verified_detail": {"custom": 1, "data": [{"key": 1, "sub_key": 0, "weight": 0, "desc": "秒拍达人、微博造浪计划 校园生活分享官  2022年辰星计划博主", "timestamp": 0}, {"key": 2, "sub_key": 0, "weight": 10, "desc": "搞笑幽默博主", "timestamp": 0}, {"key": 8, "sub_key": 0, "weight": 102, "desc": "超话主持人（奇闻趣事超话）", "timestamp": 0}, {"key": 16, "sub_key": 10, "weight": 103, "desc": "搞笑视频自媒体", "timestamp": 0}]}, "vclub_member": 0, "is_teenager": 0, "is_guardian": 0, "is_teenager_list": 0, "pc_new": 7, "special_follow": false, "planet_video": 2, "video_mark": 15, "live_status": 0, "user_ability_extend": 0, "video_cover": {"mid": 4758114379501280}, "status_total_counter": {"total_cnt": 6466774, "repost_cnt": 371497, "comment_cnt": 471213, "like_cnt": 2836314, "comment_like_cnt": 2787750}, "video_total_counter": {"play_cnt": 1323370122}, "brand_account": 0, "hongbaofei": 0, "tab_manage": "[283734347942528, 0]", "reward_status": 0, "green_mode": 0, "urisk": 0, "unfollowing_recom_switch": 1, "avatar_type": 0}, "annotations": [{}, {"ann_ext": "ann_ext:search|t:3|creator_source:bottomsendweibo"}, {"client_mblogid": "iPhone-40E6699C-C6A6-4B85-9E23-016F5D768414"}, {"mapi_request": true}], "reposts_count": 0, "comments_count": 0, "reprint_cmt_count": 0, "attitudes_count": 0, "pending_approval_count": 0, "isLongText": false, "reward_exhibition_type": 0, "hide_flag": 0, "mlevel": 128, "show_mlevel": 0, "biz_ids": [230444], "biz_feature": 4294967304, "page_type": 64, "hasActionTypeCard": 0, "darwin_tags": [], "hot_weibo_tags": [], "text_tag_tips": [], "mblogtype": 0, "userType": 0, "mlevelSource": "monitor", "more_info_type": 0, "cardid": "star_1545", "number_display_strategy": {"apply_scenario_flag": 3, "display_text_min_number": 1000000, "display_text": "100万+"}, "positive_recom_flag": 0, "content_auth": 0, "gif_ids": "", "is_show_bulletin": 2, "comment_manage_info": {"comment_permission_type": 3, "approval_comment_type": 0, "comment_sort_type": 0, "ai_play_picture_type": 0}, "pic_num": 0, "fid": 4780310821601405, "can_reprint": false, "new_comment_style": 0}, "reply_comment": {"created_at": "Tue Jun 14 18:54:58 +0800 2022", "id": 4780334820101252, "rootid": 4780334820101252, "rootidstr": "4780334820101252", "floor_number": 35, "text": "全国都烂透了", "disable_reply": 0, "restrictOperate": 0, "user": {"id": 6105911997, "idstr": "6105911997", "class": 1, "screen_name": "佩奇是我咯", "name": "佩奇是我咯", "province": "13", "city": "1", "location": "河北 石家庄", "description": "", "url": "", "profile_image_url": "https://tvax3.sinaimg.cn/crop.0.0.1080.1080.50/006FdMDzly8fzdcwrnma7j30u00u042x.jpg?KID=imgbed,tva&Expires=1674068909&ssig=7CRtrStx7a", "light_ring": false, "cover_image_phone": "https://ww1.sinaimg.cn/crop.0.0.640.640.640/549d0121tw1egm1kjly3jj20hs0hsq4f.jpg", "profile_url": "u/6105911997", "domain": "", "weihao": "", "gender": "m", "followers_count": 129, "followers_count_str": "129", "friends_count": 73, "pagefriends_count": 8, "statuses_count": 73, "video_status_count": 0, "video_play_count": 0, "super_topic_not_syn_count": 0, "favourites_count": 114, "created_at": "Tue Jan 10 13:25:49 +0800 2017", "following": false, "allow_all_act_msg": false, "geo_enabled": true, "verified": false, "verified_type": -1, "remark": "", "insecurity": {"sexual_content": false}, "ptype": 0, "allow_all_comment": false, "avatar_large": "https://tvax3.sinaimg.cn/crop.0.0.1080.1080.180/006FdMDzly8fzdcwrnma7j30u00u042x.jpg?KID=imgbed,tva&Expires=1674068909&ssig=k1aGrQ%2FZ3d", "avatar_hd": "https://tvax3.sinaimg.cn/crop.0.0.1080.1080.1024/006FdMDzly8fzdcwrnma7j30u00u042x.jpg?KID=imgbed,tva&Expires=1674068909&ssig=Tz3%2B46dLB3", "verified_reason": "", "verified_trade": "", "verified_reason_url": "", "verified_source": "", "verified_source_url": "", "follow_me": false, "like": false, "like_me": false, "online_status": 0, "bi_followers_count": 4, "lang": "zh-cn", "star": 0, "mbtype": 2, "mbrank": 1, "svip": 0, "mb_expire_time": 0, "block_word": 0, "block_app": 0, "credit_score": 80, "user_ability": 36700160, "urank": 9, "story_read_state": -1, "vclub_member": 0, "is_teenager": 0, "is_guardian": 0, "is_teenager_list": 0, "pc_new": 0, "special_follow": false, "planet_video": 0, "video_mark": 0, "live_status": 0, "user_ability_extend": 0, "status_total_counter": {"total_cnt": 6, "repost_cnt": 3, "comment_cnt": 1, "like_cnt": 2, "comment_like_cnt": 0}, "video_total_counter": {"play_cnt": -1}, "brand_account": 0, "hongbaofei": 0, "tab_manage": "[0, 0]", "green_mode": 0, "urisk": 0, "unfollowing_recom_switch": 1, "block": 0, "block_me": 0, "avatar_type": 0}, "mid": "4780334820101252", "idstr": "4780334820101252", "match_ai_play_picture": false}, "reply_original_text": "河南河北重灾区", "readtimetype": "comment", "match_ai_play_picture": false}