{"created_at": "Tue Dec 13 18:33:04 +0800 2022", "id": 4846283901384345, "rootid": 4846283901384345, "rootidstr": "4846283901384345", "floor_number": 116, "text": "这b🏓️真的看的人心寒", "disable_reply": 0, "restrictOperate": 0, "source_allowclick": 0, "source_type": 4, "source": "<a href=\"\" rel=\"nofollow\">来自黑龙江</a>", "user": {"id": 6124845438, "idstr": "6124845438", "class": 1, "screen_name": "大侠爱吃小鱼", "name": "大侠爱吃小鱼", "province": "11", "city": "1000", "location": "北京", "description": "", "url": "", "profile_image_url": "https://tvax1.sinaimg.cn/crop.0.0.169.169.50/006Gve5Ely8gyq4c2z7n8j304p04pdfq.jpg?KID=imgbed,tva&Expires=1673958195&ssig=OppOF2nDeI", "light_ring": false, "cover_image_phone": "https://ww1.sinaimg.cn/crop.0.0.640.640.640/549d0121tw1egm1kjly3jj20hs0hsq4f.jpg", "profile_url": "u/6124845438", "domain": "", "weihao": "", "gender": "f", "followers_count": 68, "followers_count_str": "68", "friends_count": 120, "pagefriends_count": 29, "statuses_count": 57, "video_status_count": 0, "video_play_count": 0, "super_topic_not_syn_count": 0, "favourites_count": 2, "created_at": "Mon Feb 06 00:19:10 +0800 2017", "following": false, "allow_all_act_msg": false, "geo_enabled": true, "verified": false, "verified_type": -1, "remark": "", "insecurity": {"sexual_content": false}, "ptype": 0, "allow_all_comment": true, "avatar_large": "https://tvax1.sinaimg.cn/crop.0.0.169.169.180/006Gve5Ely8gyq4c2z7n8j304p04pdfq.jpg?KID=imgbed,tva&Expires=1673958195&ssig=u3gsNK%2B%2BBq", "avatar_hd": "https://tvax1.sinaimg.cn/crop.0.0.169.169.1024/006Gve5Ely8gyq4c2z7n8j304p04pdfq.jpg?KID=imgbed,tva&Expires=1673958195&ssig=1BuqqFPTwO", "verified_reason": "", "verified_trade": "", "verified_reason_url": "", "verified_source": "", "verified_source_url": "", "follow_me": false, "like": false, "like_me": false, "online_status": 0, "bi_followers_count": 2, "lang": "zh-cn", "star": 0, "mbtype": 2, "mbrank": 1, "svip": 0, "mb_expire_time": 0, "block_word": 0, "block_app": 0, "chaohua_ability": 0, "brand_ability": 0, "nft_ability": 0, "vplus_ability": 0, "wenda_ability": 0, "live_ability": 0, "gongyi_ability": 0, "paycolumn_ability": 0, "newbrand_ability": 0, "ecommerce_ability": 0, "hardfan_ability": 0, "wbcolumn_ability": 0, "credit_score": 80, "user_ability": 2097152, "urank": 9, "story_read_state": -1, "vclub_member": 0, "is_teenager": 0, "is_guardian": 0, "is_teenager_list": 0, "pc_new": 0, "special_follow": false, "planet_video": 2, "video_mark": 0, "live_status": 0, "user_ability_extend": 0, "status_total_counter": {"total_cnt": 656, "repost_cnt": 4, "comment_cnt": 182, "like_cnt": 273, "comment_like_cnt": 197}, "video_total_counter": {"play_cnt": 1938}, "brand_account": 0, "hongbaofei": 0, "tab_manage": "[0, 0]", "reward_status": 0, "green_mode": 0, "urisk": 0, "avatar_type": 0}, "mid": "4846283901384345", "idstr": "4846283901384345", "status": {"visible": {"type": 0, "list_id": 0}, "created_at": "Tue Dec 13 17:14:20 +0800 2022", "id": 4846264087481045, "idstr": "4846264087481045", "mid": "4846264087481045", "edit_count": 2, "can_edit": false, "edit_at": "Tue Dec 13 18:24:02 +0800 2022", "version": 4, "show_additional_indication": 0, "text": "随便你们怎么说吧。 \n\n#王曼昱主管教练# ​", "textLength": 37, "source_allowclick": 0, "source_type": 2, "source": "", "favorited": false, "truncated": false, "in_reply_to_status_id": "", "in_reply_to_user_id": "", "in_reply_to_screen_name": "", "pic_urls": [{"thumbnail_pic": "http://wx4.sinaimg.cn/thumbnail/90710242ly1h92cvafxlkj20u0131tht.jpg"}, {"thumbnail_pic": "http://wx2.sinaimg.cn/thumbnail/90710242ly1h92cv9ust2j21dc35t4ne.jpg"}], "thumbnail_pic": "http://wx4.sinaimg.cn/thumbnail/90710242ly1h92cvafxlkj20u0131tht.jpg", "bmiddle_pic": "http://wx4.sinaimg.cn/bmiddle/90710242ly1h92cvafxlkj20u0131tht.jpg", "original_pic": "http://wx4.sinaimg.cn/large/90710242ly1h92cvafxlkj20u0131tht.jpg", "geo": null, "is_paid": false, "mblog_vip_type": 0, "user": {"id": 2423325250, "idstr": "2423325250", "class": 1, "screen_name": "荷兰豆本豆豆荷", "name": "荷兰豆本豆豆荷", "province": "100", "city": "1000", "location": "其他", "description": "每日三省吾cp：何时认识？何时发糖？何时美帝？", "url": "", "profile_image_url": "https://tvax3.sinaimg.cn/crop.0.0.996.996.50/90710242ly8gm0kz0g1ofj20ro0rojsx.jpg?KID=imgbed,tva&Expires=1673958195&ssig=SUL2JTOA3u", "light_ring": false, "cover_image_phone": "https://wx3.sinaimg.cn/crop.0.0.640.640.640/90710242ly1flea6lmtiej20k00k0wq7.jpg", "profile_url": "u/2423325250", "domain": "", "weihao": "", "gender": "f", "followers_count": 1083788, "followers_count_str": "108.4万", "friends_count": 496, "pagefriends_count": 0, "statuses_count": 20375, "video_status_count": 1239, "video_play_count": 0, "super_topic_not_syn_count": 0, "favourites_count": 943, "created_at": "Sun Sep 25 16:02:29 +0800 2011", "following": false, "allow_all_act_msg": false, "geo_enabled": false, "verified": true, "verified_type": 0, "remark": "", "insecurity": {"sexual_content": false}, "ptype": 0, "allow_all_comment": false, "avatar_large": "https://tvax3.sinaimg.cn/crop.0.0.996.996.180/90710242ly8gm0kz0g1ofj20ro0rojsx.jpg?KID=imgbed,tva&Expires=1673958195&ssig=noAUmUf%2FbO", "avatar_hd": "https://tvax3.sinaimg.cn/crop.0.0.996.996.1024/90710242ly8gm0kz0g1ofj20ro0rojsx.jpg?KID=imgbed,tva&Expires=1673958195&ssig=rZDAT7XkeF", "verified_reason": "知名电影博主", "verified_trade": "", "verified_reason_url": "", "verified_source": "", "verified_source_url": "", "verified_state": 0, "verified_level": 3, "verified_type_ext": 1, "has_service_tel": false, "verified_reason_modified": "", "verified_contact_name": "", "verified_contact_email": "", "verified_contact_mobile": "", "follow_me": false, "like": false, "like_me": false, "online_status": 0, "bi_followers_count": 433, "lang": "zh-cn", "star": 0, "mbtype": 12, "mbrank": 7, "svip": 0, "mb_expire_time": 1995120000, "block_word": 0, "block_app": 1, "chaohua_ability": 0, "brand_ability": 0, "nft_ability": 0, "vplus_ability": 0, "wenda_ability": 0, "live_ability": 0, "gongyi_ability": 0, "paycolumn_ability": 0, "newbrand_ability": 0, "ecommerce_ability": 0, "hardfan_ability": 1, "wbcolumn_ability": 0, "credit_score": 80, "user_ability": 3409416, "cardid": "star_1159", "avatargj_id": "gj_vip_521", "urank": 43, "story_read_state": -1, "verified_detail": {"custom": 0, "data": [{"key": 2, "weight": 101, "desc": "知名电影博主"}]}, "vclub_member": 0, "is_teenager": 0, "is_guardian": 0, "is_teenager_list": 0, "pc_new": 7, "special_follow": false, "planet_video": 2, "video_mark": 15, "live_status": 0, "user_ability_extend": 0, "status_total_counter": {"total_cnt": 67225928, "repost_cnt": 13922058, "comment_cnt": 2207053, "like_cnt": 17412669, "comment_like_cnt": 33684148}, "video_total_counter": {"play_cnt": 534656084}, "brand_account": 0, "hongbaofei": 0, "tab_manage": "[4337468554, 0]", "reward_status": 0, "green_mode": 0, "urisk": 8589934592, "avatar_type": 0}, "annotations": [{"photo_sub_type": "0,0"}, {}, {"client_mblogid": "iPhone-B6FB254F-CF52-4462-BFAA-59E469C4963D"}, {"mapi_request": true}], "picStatus": "0:1,1:1", "reposts_count": 0, "comments_count": 0, "reprint_cmt_count": 0, "attitudes_count": 0, "pending_approval_count": 0, "isLongText": false, "reward_exhibition_type": 0, "hide_flag": 0, "mlevel": 0, "show_mlevel": 0, "biz_feature": 4294967300, "hasActionTypeCard": 0, "darwin_tags": [], "hot_weibo_tags": [], "text_tag_tips": [], "mblogtype": 0, "userType": 0, "more_info_type": 0, "cardid": "star_1159", "number_display_strategy": {"apply_scenario_flag": 3, "display_text_min_number": 1000000, "display_text": "100万+"}, "positive_recom_flag": 0, "content_auth": 0, "gif_ids": "", "is_show_bulletin": 2, "comment_manage_info": {"comment_permission_type": -1, "approval_comment_type": 0, "comment_sort_type": 0, "ai_play_picture_type": 0}, "pic_num": 2, "can_reprint": false, "new_comment_style": 0}, "readtimetype": "comment", "match_ai_play_picture": false}