{"created_at": "Tue Dec 13 19:24:18 +0800 2022", "id": 4846296798593854, "rootid": 4846278103535134, "rootidstr": "4846278103535134", "floor_number": 0, "text": "回复@叶fafafa:大家为啥这样对他呀，", "disable_reply": 0, "restrictOperate": 0, "source_allowclick": 0, "source_type": 4, "source": "<a href=\"\" rel=\"nofollow\">来自陕西</a>", "user": {"id": 5391393084, "idstr": "5391393084", "class": 1, "screen_name": "已经剃腿毛的美少女", "name": "已经剃腿毛的美少女", "province": "100", "city": "1000", "location": "其他", "description": "", "url": "", "profile_image_url": "https://tvax4.sinaimg.cn/crop.0.0.996.996.50/005SRJCYly8g6xyepgsx0j30ro0rot90.jpg?KID=imgbed,tva&Expires=1673958143&ssig=NDEeh3EhbI", "light_ring": false, "cover_image_phone": "https://ww1.sinaimg.cn/crop.0.0.640.640.640/549d0121tw1egm1kjly3jj20hs0hsq4f.jpg", "profile_url": "u/5391393084", "domain": "", "weihao": "", "gender": "m", "followers_count": 8, "followers_count_str": "8", "friends_count": 142, "pagefriends_count": 9, "statuses_count": 1274, "video_status_count": 2, "video_play_count": 0, "super_topic_not_syn_count": 7, "favourites_count": 2, "created_at": "Sun Dec 21 08:26:05 +0800 2014", "following": false, "allow_all_act_msg": false, "geo_enabled": true, "verified": false, "verified_type": -1, "remark": "", "insecurity": {"sexual_content": false}, "ptype": 0, "allow_all_comment": true, "avatar_large": "https://tvax4.sinaimg.cn/crop.0.0.996.996.180/005SRJCYly8g6xyepgsx0j30ro0rot90.jpg?KID=imgbed,tva&Expires=1673958143&ssig=tb%2FRBcjXk8", "avatar_hd": "https://tvax4.sinaimg.cn/crop.0.0.996.996.1024/005SRJCYly8g6xyepgsx0j30ro0rot90.jpg?KID=imgbed,tva&Expires=1673958143&ssig=%2FFXDhZ%2BLDj", "verified_reason": "", "verified_trade": "", "verified_reason_url": "", "verified_source": "", "verified_source_url": "", "follow_me": false, "like": false, "like_me": false, "online_status": 0, "bi_followers_count": 3, "lang": "zh-cn", "star": 0, "mbtype": 0, "mbrank": 0, "svip": 0, "mb_expire_time": 0, "block_word": 0, "block_app": 0, "chaohua_ability": 0, "brand_ability": 0, "nft_ability": 0, "vplus_ability": 0, "wenda_ability": 0, "live_ability": 0, "gongyi_ability": 0, "paycolumn_ability": 0, "newbrand_ability": 0, "ecommerce_ability": 0, "hardfan_ability": 0, "wbcolumn_ability": 0, "credit_score": 80, "user_ability": 3407872, "urank": 9, "story_read_state": -1, "vclub_member": 0, "is_teenager": 0, "is_guardian": 0, "is_teenager_list": 0, "pc_new": 0, "special_follow": false, "planet_video": 0, "video_mark": 0, "live_status": 0, "user_ability_extend": 0, "status_total_counter": {"total_cnt": 38, "repost_cnt": 6, "comment_cnt": 15, "like_cnt": 16, "comment_like_cnt": 1}, "video_total_counter": {"play_cnt": 24}, "brand_account": 0, "hongbaofei": 0, "tab_manage": "[0, 0]", "reward_status": 0, "green_mode": 0, "urisk": 0, "avatar_type": 0}, "mid": "4846296798593854", "idstr": "4846296798593854", "status": {"visible": {"type": 0, "list_id": 0}, "created_at": "Tue Dec 13 17:14:20 +0800 2022", "id": 4846264087481045, "idstr": "4846264087481045", "mid": "4846264087481045", "edit_count": 2, "can_edit": false, "edit_at": "Tue Dec 13 18:24:02 +0800 2022", "version": 4, "show_additional_indication": 0, "text": "随便你们怎么说吧。 \n\n#王曼昱主管教练# ​", "textLength": 37, "source_allowclick": 0, "source_type": 2, "source": "", "favorited": false, "truncated": false, "in_reply_to_status_id": "", "in_reply_to_user_id": "", "in_reply_to_screen_name": "", "pic_urls": [{"thumbnail_pic": "http://wx4.sinaimg.cn/thumbnail/90710242ly1h92cvafxlkj20u0131tht.jpg"}, {"thumbnail_pic": "http://wx2.sinaimg.cn/thumbnail/90710242ly1h92cv9ust2j21dc35t4ne.jpg"}], "thumbnail_pic": "http://wx4.sinaimg.cn/thumbnail/90710242ly1h92cvafxlkj20u0131tht.jpg", "bmiddle_pic": "http://wx4.sinaimg.cn/bmiddle/90710242ly1h92cvafxlkj20u0131tht.jpg", "original_pic": "http://wx4.sinaimg.cn/large/90710242ly1h92cvafxlkj20u0131tht.jpg", "geo": null, "is_paid": false, "mblog_vip_type": 0, "user": {"id": 2423325250, "idstr": "2423325250", "class": 1, "screen_name": "荷兰豆本豆豆荷", "name": "荷兰豆本豆豆荷", "province": "100", "city": "1000", "location": "其他", "description": "每日三省吾cp：何时认识？何时发糖？何时美帝？", "url": "", "profile_image_url": "https://tvax3.sinaimg.cn/crop.0.0.996.996.50/90710242ly8gm0kz0g1ofj20ro0rojsx.jpg?KID=imgbed,tva&Expires=1673958143&ssig=WdGzPNJvFY", "light_ring": false, "cover_image_phone": "https://wx3.sinaimg.cn/crop.0.0.640.640.640/90710242ly1flea6lmtiej20k00k0wq7.jpg", "profile_url": "u/2423325250", "domain": "", "weihao": "", "gender": "f", "followers_count": 1083788, "followers_count_str": "108.4万", "friends_count": 496, "pagefriends_count": 0, "statuses_count": 20375, "video_status_count": 1239, "video_play_count": 0, "super_topic_not_syn_count": 0, "favourites_count": 943, "created_at": "Sun Sep 25 16:02:29 +0800 2011", "following": false, "allow_all_act_msg": false, "geo_enabled": false, "verified": true, "verified_type": 0, "remark": "", "insecurity": {"sexual_content": false}, "ptype": 0, "allow_all_comment": false, "avatar_large": "https://tvax3.sinaimg.cn/crop.0.0.996.996.180/90710242ly8gm0kz0g1ofj20ro0rojsx.jpg?KID=imgbed,tva&Expires=1673958143&ssig=nTQy323e9R", "avatar_hd": "https://tvax3.sinaimg.cn/crop.0.0.996.996.1024/90710242ly8gm0kz0g1ofj20ro0rojsx.jpg?KID=imgbed,tva&Expires=1673958143&ssig=3IKzWFUf%2Bc", "verified_reason": "知名电影博主", "verified_trade": "", "verified_reason_url": "", "verified_source": "", "verified_source_url": "", "verified_state": 0, "verified_level": 3, "verified_type_ext": 1, "has_service_tel": false, "verified_reason_modified": "", "verified_contact_name": "", "verified_contact_email": "", "verified_contact_mobile": "", "follow_me": false, "like": false, "like_me": false, "online_status": 0, "bi_followers_count": 433, "lang": "zh-cn", "star": 0, "mbtype": 12, "mbrank": 7, "svip": 0, "mb_expire_time": 1995120000, "block_word": 0, "block_app": 1, "chaohua_ability": 0, "brand_ability": 0, "nft_ability": 0, "vplus_ability": 0, "wenda_ability": 0, "live_ability": 0, "gongyi_ability": 0, "paycolumn_ability": 0, "newbrand_ability": 0, "ecommerce_ability": 0, "hardfan_ability": 1, "wbcolumn_ability": 0, "credit_score": 80, "user_ability": 3409416, "cardid": "star_1159", "avatargj_id": "gj_vip_521", "urank": 43, "story_read_state": -1, "verified_detail": {"custom": 0, "data": [{"key": 2, "weight": 101, "desc": "知名电影博主"}]}, "vclub_member": 0, "is_teenager": 0, "is_guardian": 0, "is_teenager_list": 0, "pc_new": 7, "special_follow": false, "planet_video": 2, "video_mark": 15, "live_status": 0, "user_ability_extend": 0, "status_total_counter": {"total_cnt": 67225928, "repost_cnt": 13922058, "comment_cnt": 2207053, "like_cnt": 17412669, "comment_like_cnt": 33684148}, "video_total_counter": {"play_cnt": 534656084}, "brand_account": 0, "hongbaofei": 0, "tab_manage": "[4337468554, 0]", "reward_status": 0, "green_mode": 0, "urisk": 8589934592, "avatar_type": 0}, "annotations": [{"photo_sub_type": "0,0"}, {}, {"client_mblogid": "iPhone-B6FB254F-CF52-4462-BFAA-59E469C4963D"}, {"mapi_request": true}], "picStatus": "0:1,1:1", "reposts_count": 0, "comments_count": 0, "reprint_cmt_count": 0, "attitudes_count": 0, "pending_approval_count": 0, "isLongText": false, "reward_exhibition_type": 0, "hide_flag": 0, "mlevel": 0, "show_mlevel": 0, "biz_feature": 4294967300, "hasActionTypeCard": 0, "darwin_tags": [], "hot_weibo_tags": [], "text_tag_tips": [], "mblogtype": 0, "userType": 0, "more_info_type": 0, "cardid": "star_1159", "number_display_strategy": {"apply_scenario_flag": 3, "display_text_min_number": 1000000, "display_text": "100万+"}, "positive_recom_flag": 0, "content_auth": 0, "gif_ids": "", "is_show_bulletin": 2, "comment_manage_info": {"comment_permission_type": -1, "approval_comment_type": 0, "comment_sort_type": 0, "ai_play_picture_type": 0}, "pic_num": 2, "can_reprint": false, "new_comment_style": 0}, "reply_comment": {"created_at": "Tue Dec 13 18:10:01 +0800 2022", "id": 4846278103535134, "rootid": 4846278103535134, "rootidstr": "4846278103535134", "floor_number": 71, "text": "17年男队竞聘的时候，肖指导高高兴兴的晒了他的竞选稿，对每个手下的男队员今后是什么打算都有详细的规划。出来的结果是“自愿”去了女队[微笑][微笑][微笑]。时隔5年还是这样啊。", "disable_reply": 0, "restrictOperate": 0, "user": {"id": 1843976417, "idstr": "1843976417", "class": 1, "screen_name": "叶fafafa", "name": "叶fafafa", "province": "100", "city": "1000", "location": "其他", "description": "always唯粉。cp随便嗑嗑", "url": "", "profile_image_url": "https://tvax2.sinaimg.cn/crop.0.0.480.480.50/6de8d8e1ly8fg830xvajbj20dc0dcmyx.jpg?KID=imgbed,tva&Expires=1673958143&ssig=iHSCNIzxJa", "light_ring": false, "cover_image_phone": "https://ww1.sinaimg.cn/crop.0.0.640.640.640/549d0121tw1egm1kjly3jj20hs0hsq4f.jpg", "profile_url": "u/1843976417", "domain": "", "weihao": "", "gender": "f", "followers_count": 98, "followers_count_str": "98", "friends_count": 1287, "pagefriends_count": 44, "statuses_count": 18996, "video_status_count": 8, "video_play_count": 0, "super_topic_not_syn_count": 9, "favourites_count": 535, "created_at": "Mon Nov 01 21:11:31 +0800 2010", "following": false, "allow_all_act_msg": false, "geo_enabled": true, "verified": false, "verified_type": -1, "remark": "", "insecurity": {"sexual_content": false}, "ptype": 0, "allow_all_comment": true, "avatar_large": "https://tvax2.sinaimg.cn/crop.0.0.480.480.180/6de8d8e1ly8fg830xvajbj20dc0dcmyx.jpg?KID=imgbed,tva&Expires=1673958143&ssig=oaoflgEdWS", "avatar_hd": "https://tvax2.sinaimg.cn/crop.0.0.480.480.1024/6de8d8e1ly8fg830xvajbj20dc0dcmyx.jpg?KID=imgbed,tva&Expires=1673958143&ssig=9hvSjJxUJt", "verified_reason": "", "verified_trade": "", "verified_reason_url": "", "verified_source": "", "verified_source_url": "", "follow_me": false, "like": false, "like_me": false, "online_status": 0, "bi_followers_count": 26, "lang": "zh-cn", "star": 0, "mbtype": 2, "mbrank": 1, "svip": 0, "mb_expire_time": 1551023999, "block_word": 0, "block_app": 0, "credit_score": 80, "user_ability": 2360320, "cardid": "star_096", "avatargj_id": "gj_vip_375", "urank": 14, "story_read_state": -1, "vclub_member": 0, "is_teenager": 0, "is_guardian": 0, "is_teenager_list": 0, "pc_new": 0, "special_follow": false, "planet_video": 0, "video_mark": 0, "live_status": 0, "user_ability_extend": 0, "status_total_counter": {"total_cnt": 12530, "repost_cnt": 3725, "comment_cnt": 2387, "like_cnt": 5483, "comment_like_cnt": 935}, "video_total_counter": {"play_cnt": 291}, "brand_account": 0, "hongbaofei": 0, "tab_manage": "[16912010, 0]", "green_mode": 0, "urisk": 549755813888, "block": 0, "block_me": 0, "avatar_type": 0}, "mid": "4846278103535134", "idstr": "4846278103535134", "match_ai_play_picture": false}, "reply_original_text": "大家为啥这样对他呀，", "readtimetype": "comment", "match_ai_play_picture": false}