{"created_at": "Mon Oct 10 15:36:04 +0800 2022", "id": 4823046534204647, "rootid": 4823046534204647, "rootidstr": "4823046534204647", "floor_number": 8, "text": "要么被奴役要么奴役别人，没第三种选择醒醒把韭菜们", "disable_reply": 0, "restrictOperate": 0, "source_allowclick": 0, "source_type": 4, "source": "<a href=\"\" rel=\"nofollow\">来自湖北</a>", "user": {"id": 2434469237, "idstr": "2434469237", "class": 1, "screen_name": "皮皮的潘多拉", "name": "皮皮的潘多拉", "province": "42", "city": "1000", "location": "湖北", "description": "啊哈", "url": "", "profile_image_url": "https://tva4.sinaimg.cn/crop.0.0.1002.1002.50/911b0d75jw8eyiap29ugsj20ru0rugnk.jpg?KID=imgbed,tva&Expires=1669711893&ssig=GeGBmrEhfj", "light_ring": false, "cover_image_phone": "http://ww1.sinaimg.cn/crop.0.0.640.640.640/549d0121tw1egm1kjly3jj20hs0hsq4f.jpg", "profile_url": "u/2434469237", "domain": "", "weihao": "", "gender": "m", "followers_count": 65, "followers_count_str": "65", "friends_count": 239, "pagefriends_count": 4, "statuses_count": 38, "video_status_count": 0, "video_play_count": 0, "super_topic_not_syn_count": 0, "favourites_count": 2, "created_at": "Tue Jun 04 13:39:31 +0800 2013", "following": false, "allow_all_act_msg": false, "geo_enabled": true, "verified": false, "verified_type": -1, "remark": "", "insecurity": {"sexual_content": false}, "ptype": 0, "allow_all_comment": true, "avatar_large": "https://tva4.sinaimg.cn/crop.0.0.1002.1002.180/911b0d75jw8eyiap29ugsj20ru0rugnk.jpg?KID=imgbed,tva&Expires=1669711893&ssig=CKW%2FmIamWR", "avatar_hd": "https://tva4.sinaimg.cn/crop.0.0.1002.1002.1024/911b0d75jw8eyiap29ugsj20ru0rugnk.jpg?KID=imgbed,tva&Expires=1669711893&ssig=O%2FOjBU%2Ffah", "verified_reason": "", "verified_trade": "", "verified_reason_url": "", "verified_source": "", "verified_source_url": "", "follow_me": false, "like": false, "like_me": false, "online_status": 0, "bi_followers_count": 16, "lang": "zh-cn", "star": 0, "mbtype": 0, "mbrank": 0, "svip": 0, "mb_expire_time": 0, "block_word": 0, "block_app": 0, "chaohua_ability": 0, "brand_ability": 0, "nft_ability": 0, "vplus_ability": 0, "wenda_ability": 0, "live_ability": 0, "gongyi_ability": 0, "paycolumn_ability": 0, "newbrand_ability": 0, "ecommerce_ability": 0, "hardfan_ability": 0, "credit_score": 77, "user_ability": 2097152, "urank": 14, "story_read_state": -1, "vclub_member": 0, "is_teenager": 0, "is_guardian": 0, "is_teenager_list": 0, "pc_new": 7, "special_follow": false, "planet_video": 0, "video_mark": 0, "live_status": 0, "user_ability_extend": 0, "status_total_counter": {"total_cnt": 4, "repost_cnt": 0, "comment_cnt": 2, "like_cnt": 2, "comment_like_cnt": 0}, "video_total_counter": {"play_cnt": -1}, "brand_account": 0, "hongbaofei": 0, "tab_manage": "[0, 0]", "reward_status": 0, "green_mode": 0, "urisk": 0, "avatar_type": 0}, "mid": "4823046534204647", "idstr": "4823046534204647", "status": {"visible": {"type": 0, "list_id": 0}, "created_at": "Mon Oct 10 15:22:44 +0800 2022", "id": 4823043177974732, "idstr": "4823043177974732", "mid": "4823043177974732", "can_edit": false, "version": 3, "show_additional_indication": 0, "text": "大英岛国本土...这是一段大英岛国子民得知克里米亚大桥(刻赤大桥)被炸断后的欢乐景象...甚至口号都喊上了...啧～...[挖鼻] http://t.cn/A6o5qH1g ​", "textLength": 135, "source_allowclick": 1, "source_type": 2, "source": "<a href=\"http://weibo.com/\" rel=\"nofollow\">Android</a>", "favorited": false, "truncated": false, "in_reply_to_status_id": "", "in_reply_to_user_id": "", "in_reply_to_screen_name": "", "pic_urls": [], "geo": null, "is_paid": false, "mblog_vip_type": 0, "user": {"id": 1900082965, "idstr": "1900082965", "class": 1, "screen_name": "北京麦子2010", "name": "北京麦子2010", "province": "11", "city": "1000", "location": "北京", "description": "牛逼不在人多，小爷本来就是在自言自语！(本人不接受互粉)", "url": "http://blog.sina.com.cn/maizi508", "profile_image_url": "https://tva2.sinaimg.cn/crop.0.0.180.180.50/7140f715jw1e8qgp5bmzyj2050050aa8.jpg?KID=imgbed,tva&Expires=1669711893&ssig=0NIIGwhr9b", "light_ring": false, "cover_image_phone": "http://ww1.sinaimg.cn/crop.0.0.640.640.640/6cf8d7ebjw1ehfr4xa8psj20hs0hsgpg.jpg", "profile_url": "bjmaiziljg", "domain": "bjmaiziljg", "weihao": "", "gender": "m", "followers_count": 1946452, "followers_count_str": "194.6万", "friends_count": 145, "pagefriends_count": 0, "statuses_count": 46366, "video_status_count": 1003, "video_play_count": 0, "super_topic_not_syn_count": 0, "favourites_count": 571, "created_at": "Tue Dec 28 15:28:41 +0800 2010", "following": false, "allow_all_act_msg": true, "geo_enabled": false, "verified": false, "verified_type": 220, "remark": "", "insecurity": {"sexual_content": false}, "ptype": 0, "allow_all_comment": false, "avatar_large": "https://tva2.sinaimg.cn/crop.0.0.180.180.180/7140f715jw1e8qgp5bmzyj2050050aa8.jpg?KID=imgbed,tva&Expires=1669711893&ssig=tYW2UKKx8Y", "avatar_hd": "https://tva2.sinaimg.cn/crop.0.0.180.180.1024/7140f715jw1e8qgp5bmzyj2050050aa8.jpg?KID=imgbed,tva&Expires=1669711893&ssig=54RoAyvGOk", "verified_reason": "", "verified_trade": "", "verified_reason_url": "", "verified_source": "", "verified_source_url": "", "follow_me": false, "like": false, "like_me": false, "online_status": 0, "bi_followers_count": 140, "lang": "zh-cn", "star": 0, "mbtype": 12, "mbrank": 6, "svip": 0, "mb_expire_time": 1671033600, "block_word": 0, "block_app": 1, "chaohua_ability": 0, "brand_ability": 0, "nft_ability": 0, "vplus_ability": 0, "wenda_ability": 0, "live_ability": 0, "gongyi_ability": 0, "paycolumn_ability": 0, "newbrand_ability": 0, "ecommerce_ability": 0, "hardfan_ability": 0, "credit_score": 80, "user_ability": 262664, "cardid": "star_351", "urank": 48, "story_read_state": -1, "vclub_member": 0, "is_teenager": 0, "is_guardian": 0, "is_teenager_list": 0, "pc_new": 6, "special_follow": false, "planet_video": 2, "video_mark": 14, "live_status": 0, "user_ability_extend": 0, "status_total_counter": {"total_cnt": 5864476, "repost_cnt": 1060996, "comment_cnt": 1011904, "like_cnt": 2862501, "comment_like_cnt": 929075}, "video_total_counter": {"play_cnt": 67401605}, "brand_account": 0, "hongbaofei": 0, "tab_manage": "[0, 0]", "reward_status": 0, "green_mode": 0, "urisk": 0, "avatar_type": 0}, "annotations": [{}, {}, {"client_mblogid": "595d6b4c-0182-40f5-aca9-8496b04a0b6c"}, {"mapi_request": true}], "reposts_count": 0, "comments_count": 0, "reprint_cmt_count": 0, "attitudes_count": 0, "pending_approval_count": 0, "isLongText": false, "reward_exhibition_type": 0, "hide_flag": 0, "mlevel": 128, "show_mlevel": 0, "biz_ids": [230444], "biz_feature": 4294967304, "hasActionTypeCard": 0, "darwin_tags": [], "hot_weibo_tags": [], "text_tag_tips": [], "mblogtype": 0, "userType": 0, "mlevelSource": "monitor", "more_info_type": 0, "cardid": "star_351", "number_display_strategy": {"apply_scenario_flag": 3, "display_text_min_number": 1000000, "display_text": "100万+"}, "positive_recom_flag": 0, "content_auth": 0, "gif_ids": "", "is_show_bulletin": 2, "comment_manage_info": {"comment_permission_type": -1, "approval_comment_type": 0, "comment_sort_type": 0, "ai_play_picture_type": 0}, "pic_num": 0, "fid": 4823042940469325, "can_reprint": false, "new_comment_style": 0}, "readtimetype": "comment", "match_ai_play_picture": false}