{"mid": "2803301701", "uid": "MkmoK2Cyz", "name": "人民日报", "time": "2022-12-19 23:04:00", "local": "", "iphone": "微博视频号", "context": "【#你好，明天#】如愿捧起大力神杯，梅西一战封神。这或许不是最强的梅西，但一定是最具王者气质的梅西。圆梦世界杯，这是一个国家36年的等待，也是一个人16年的坚持。它使我们相信，原来世上真有圆满人生；它告诉我们，永远相信热爱与梦想的力量。传奇永不落幕，青春永不散场，致敬每一个拼搏的你！人民日报的微博视频", "comment_num": "961", "like_num": "4504", "user": {"focus": "3063", "fans": "1.51亿", "tweet": "15万"}}