{"created_at": "Sun Nov 13 00:05:28 +0800 2022", "id": 4835133528218871, "rootid": 4835133528218871, "rootidstr": "4835133528218871", "floor_number": 2, "text": "[允悲][允悲][允悲][允悲]", "disable_reply": 0, "is_mblog_author": true, "restrictOperate": 0, "source_allowclick": 0, "source_type": 4, "source": "<a href=\"\" rel=\"nofollow\">来自广东</a>", "comment_badge": [{"pic_url": "https://h5.sinaimg.cn/upload/1007/25/2019/05/17/feed_icon_poster_identity133low.png", "name": "blogger", "length": 1.33, "actionlog": {"act_code": "3671", "ext": "status:author"}, "scheme": "https://kefu.weibo.com/faqdetail?id=20848"}], "user": {"id": 7469271455, "idstr": "7469271455", "class": 1, "screen_name": "Psyle1005战战", "name": "Psyle1005战战", "province": "100", "city": "1000", "location": "其他", "description": "肖战❤️追妻火葬场超话推文，关注我看更多言情纯爱追妻小说吧！", "url": "", "profile_image_url": "https://tvax3.sinaimg.cn/crop.0.0.1080.1080.50/0089uiIfly8gs18x14xpmj30u00u078t.jpg?KID=imgbed,tva&Expires=1669697148&ssig=Wj8KHKdKjX", "light_ring": false, "profile_url": "u/7469271455", "domain": "", "weihao": "", "gender": "m", "followers_count": 190, "followers_count_str": "190", "friends_count": 326, "pagefriends_count": 107, "statuses_count": 1354, "video_status_count": 6, "video_play_count": 0, "super_topic_not_syn_count": 20, "favourites_count": 66, "created_at": "Tue Jun 09 11:19:20 +0800 2020", "following": false, "allow_all_act_msg": false, "geo_enabled": true, "verified": false, "verified_type": -1, "remark": "", "insecurity": {"sexual_content": false}, "ptype": 0, "allow_all_comment": true, "avatar_large": "https://tvax3.sinaimg.cn/crop.0.0.1080.1080.180/0089uiIfly8gs18x14xpmj30u00u078t.jpg?KID=imgbed,tva&Expires=1669697148&ssig=2Uv5mmZxqf", "avatar_hd": "https://tvax3.sinaimg.cn/crop.0.0.1080.1080.1024/0089uiIfly8gs18x14xpmj30u00u078t.jpg?KID=imgbed,tva&Expires=1669697148&ssig=DPb9rpy3Fn", "verified_reason": "", "verified_trade": "", "verified_reason_url": "", "verified_source": "", "verified_source_url": "", "follow_me": false, "like": false, "like_me": false, "online_status": 0, "bi_followers_count": 80, "lang": "zh-cn", "star": 0, "mbtype": 0, "mbrank": 0, "svip": 0, "mb_expire_time": 0, "block_word": 0, "block_app": 0, "chaohua_ability": 0, "brand_ability": 0, "nft_ability": 0, "vplus_ability": 0, "wenda_ability": 0, "live_ability": 0, "gongyi_ability": 0, "paycolumn_ability": 0, "newbrand_ability": 0, "ecommerce_ability": 0, "hardfan_ability": 0, "credit_score": 80, "user_ability": 2359296, "cardid": "star_11620_common", "urank": 0, "story_read_state": -1, "vclub_member": 0, "is_teenager": 0, "is_guardian": 0, "is_teenager_list": 0, "pc_new": 0, "special_follow": false, "planet_video": 2, "video_mark": 0, "live_status": 0, "user_ability_extend": 0, "status_total_counter": {"total_cnt": 3607, "repost_cnt": 55, "comment_cnt": 978, "like_cnt": 1735, "comment_like_cnt": 839}, "video_total_counter": {"play_cnt": 2885}, "brand_account": 0, "hongbaofei": 0, "tab_manage": "[0, 0]", "reward_status": 0, "green_mode": 0, "urisk": 0, "avatar_type": 0}, "mid": "4835133528218871", "idstr": "4835133528218871", "status": {"visible": {"type": 0, "list_id": 0}, "created_at": "Sun Nov 13 00:00:15 +0800 2022", "id": 4835132215398935, "idstr": "4835132215398935", "mid": "4835132215398935", "can_edit": false, "version": 4, "show_additional_indication": 0, "text": "#广州海珠区疫情防控#？？？？？教师应该留着安心教学才对吧？？？？ ​", "textLength": 64, "source_allowclick": 0, "source_type": 2, "source": "<a href=\"http://weibo.com/\" rel=\"nofollow\">iPhone客户端</a>", "favorited": false, "truncated": false, "in_reply_to_status_id": "", "in_reply_to_user_id": "", "in_reply_to_screen_name": "", "pic_urls": [{"thumbnail_pic": "http://wx4.sinaimg.cn/thumbnail/0089uiIfgy1h82sd77fjvj30wi1yc7qn.jpg"}, {"thumbnail_pic": "http://wx1.sinaimg.cn/thumbnail/0089uiIfgy1h82sd4ls1jj30w014iwm4.jpg"}, {"thumbnail_pic": "http://wx2.sinaimg.cn/thumbnail/0089uiIfgy1h82sd96d5uj30wi1ycqv1.jpg"}, {"thumbnail_pic": "http://wx4.sinaimg.cn/thumbnail/0089uiIfgy1h82sdf5qd1j30wi1ychdt.jpg"}, {"thumbnail_pic": "http://wx3.sinaimg.cn/thumbnail/0089uiIfgy1h82sdgx7lij30wi1yckdf.jpg"}], "thumbnail_pic": "http://wx4.sinaimg.cn/thumbnail/0089uiIfgy1h82sd77fjvj30wi1yc7qn.jpg", "bmiddle_pic": "http://wx4.sinaimg.cn/bmiddle/0089uiIfgy1h82sd77fjvj30wi1yc7qn.jpg", "original_pic": "http://wx4.sinaimg.cn/large/0089uiIfgy1h82sd77fjvj30wi1yc7qn.jpg", "geo": null, "is_paid": false, "mblog_vip_type": 0, "user": {"id": 7469271455, "idstr": "7469271455", "class": 1, "screen_name": "Psyle1005战战", "name": "Psyle1005战战", "province": "100", "city": "1000", "location": "其他", "description": "肖战❤️追妻火葬场超话推文，关注我看更多言情纯爱追妻小说吧！", "url": "", "profile_image_url": "https://tvax3.sinaimg.cn/crop.0.0.1080.1080.50/0089uiIfly8gs18x14xpmj30u00u078t.jpg?KID=imgbed,tva&Expires=1669697148&ssig=Wj8KHKdKjX", "light_ring": false, "profile_url": "u/7469271455", "domain": "", "weihao": "", "gender": "m", "followers_count": 190, "followers_count_str": "190", "friends_count": 326, "pagefriends_count": 107, "statuses_count": 1354, "video_status_count": 6, "video_play_count": 0, "super_topic_not_syn_count": 20, "favourites_count": 66, "created_at": "Tue Jun 09 11:19:20 +0800 2020", "following": false, "allow_all_act_msg": false, "geo_enabled": true, "verified": false, "verified_type": -1, "remark": "", "insecurity": {"sexual_content": false}, "ptype": 0, "allow_all_comment": true, "avatar_large": "https://tvax3.sinaimg.cn/crop.0.0.1080.1080.180/0089uiIfly8gs18x14xpmj30u00u078t.jpg?KID=imgbed,tva&Expires=1669697148&ssig=2Uv5mmZxqf", "avatar_hd": "https://tvax3.sinaimg.cn/crop.0.0.1080.1080.1024/0089uiIfly8gs18x14xpmj30u00u078t.jpg?KID=imgbed,tva&Expires=1669697148&ssig=DPb9rpy3Fn", "verified_reason": "", "verified_trade": "", "verified_reason_url": "", "verified_source": "", "verified_source_url": "", "follow_me": false, "like": false, "like_me": false, "online_status": 0, "bi_followers_count": 80, "lang": "zh-cn", "star": 0, "mbtype": 0, "mbrank": 0, "svip": 0, "mb_expire_time": 0, "block_word": 0, "block_app": 0, "chaohua_ability": 0, "brand_ability": 0, "nft_ability": 0, "vplus_ability": 0, "wenda_ability": 0, "live_ability": 0, "gongyi_ability": 0, "paycolumn_ability": 0, "newbrand_ability": 0, "ecommerce_ability": 0, "hardfan_ability": 0, "credit_score": 80, "user_ability": 2359296, "cardid": "star_11620_common", "urank": 0, "story_read_state": -1, "vclub_member": 0, "is_teenager": 0, "is_guardian": 0, "is_teenager_list": 0, "pc_new": 0, "special_follow": false, "planet_video": 2, "video_mark": 0, "live_status": 0, "user_ability_extend": 0, "status_total_counter": {"total_cnt": 3607, "repost_cnt": 55, "comment_cnt": 978, "like_cnt": 1735, "comment_like_cnt": 839}, "video_total_counter": {"play_cnt": 2885}, "brand_account": 0, "hongbaofei": 0, "tab_manage": "[0, 0]", "reward_status": 0, "green_mode": 0, "urisk": 0, "avatar_type": 0}, "annotations": [{"photo_sub_type": "0,0,0,0,0"}, {"ann_ext": "ann_ext:search|t:3|q:#广州海珠区疫情防控#|creator_source:bottomsendweibo"}, {"client_mblogid": "iPhone-A80F766D-7274-436E-A893-FF43E59A7019"}, {"mapi_request": true}], "picStatus": "0:1,1:1,2:1,3:1,4:1", "reposts_count": 0, "comments_count": 0, "reprint_cmt_count": 0, "attitudes_count": 0, "pending_approval_count": 0, "isLongText": false, "reward_exhibition_type": 0, "hide_flag": 0, "mlevel": 128, "show_mlevel": 0, "biz_feature": 4294967300, "page_type": 64, "hasActionTypeCard": 0, "darwin_tags": [], "hot_weibo_tags": [], "text_tag_tips": [], "mblogtype": 0, "userType": 0, "mlevelSource": "monitor", "more_info_type": 0, "cardid": "star_11620_common", "number_display_strategy": {"apply_scenario_flag": 3, "display_text_min_number": 1000000, "display_text": "100万+"}, "positive_recom_flag": 0, "content_auth": 0, "gif_ids": "", "is_show_bulletin": 2, "comment_manage_info": {"comment_permission_type": -1, "approval_comment_type": 0, "comment_sort_type": 0, "ai_play_picture_type": 0}, "pic_num": 5, "can_reprint": false, "new_comment_style": 0}, "readtimetype": "comment", "match_ai_play_picture": false}