{"created_at": "Thu Dec 08 15:27:30 +0800 2022", "id": 4844425266070605, "rootid": 4844425266070605, "rootidstr": "4844425266070605", "floor_number": 37, "text": "做完了正常下班不是很正常吗  又不是早退", "disable_reply": 0, "restrictOperate": 0, "source_allowclick": 0, "source_type": 4, "source": "<a href=\"\" rel=\"nofollow\">来自四川</a>", "comment_badge": [{"pic_url": "https://h5.sinaimg.cn/upload/114/962/2022/07/08/member_0_bigfan1_2.png", "name": "loyal_fans", "length": 1.33, "actionlog": {"act_code": "3671", "ext": "status:fans"}, "scheme": "https://kefu.weibo.com/faqdetail?id=20848", "new_icon": true}], "user": {"id": 7794439795, "idstr": "7794439795", "class": 1, "screen_name": "不要雨天201104", "name": "不要雨天201104", "province": "51", "city": "1000", "location": "四川", "description": "", "url": "", "profile_image_url": "https://tvax3.sinaimg.cn/crop.0.0.828.828.50/008vuFQTly8h6y36lbm14j30n00n0aar.jpg?KID=imgbed,tva&Expires=1673963267&ssig=jOGiSognVS", "light_ring": false, "profile_url": "u/7794439795", "domain": "", "weihao": "", "gender": "f", "followers_count": 6, "followers_count_str": "6", "friends_count": 48, "pagefriends_count": 4, "statuses_count": 284, "video_status_count": 0, "video_play_count": 0, "super_topic_not_syn_count": 0, "favourites_count": 0, "created_at": "Sat Oct 08 19:03:42 +0800 2022", "following": false, "allow_all_act_msg": false, "geo_enabled": true, "verified": false, "verified_type": -1, "remark": "", "insecurity": {"sexual_content": false}, "ptype": 0, "allow_all_comment": true, "avatar_large": "https://tvax3.sinaimg.cn/crop.0.0.828.828.180/008vuFQTly8h6y36lbm14j30n00n0aar.jpg?KID=imgbed,tva&Expires=1673963267&ssig=waHRtPK48y", "avatar_hd": "https://tvax3.sinaimg.cn/crop.0.0.828.828.1024/008vuFQTly8h6y36lbm14j30n00n0aar.jpg?KID=imgbed,tva&Expires=1673963267&ssig=R%2B1xQKS%2F7f", "verified_reason": "", "verified_trade": "", "verified_reason_url": "", "verified_source": "", "verified_source_url": "", "follow_me": false, "like": false, "like_me": false, "online_status": 0, "bi_followers_count": 3, "lang": "zh-cn", "star": 0, "mbtype": 0, "mbrank": 0, "svip": 0, "mb_expire_time": 0, "block_word": 0, "block_app": 0, "chaohua_ability": 0, "brand_ability": 0, "nft_ability": 0, "vplus_ability": 0, "wenda_ability": 0, "live_ability": 0, "gongyi_ability": 0, "paycolumn_ability": 0, "newbrand_ability": 0, "ecommerce_ability": 0, "hardfan_ability": 0, "wbcolumn_ability": 0, "credit_score": 80, "user_ability": 2097152, "urank": 0, "story_read_state": -1, "vclub_member": 0, "is_teenager": 0, "is_guardian": 0, "is_teenager_list": 0, "pc_new": 0, "special_follow": false, "planet_video": 0, "video_mark": 0, "live_status": 0, "user_ability_extend": 0, "status_total_counter": {"total_cnt": 0, "repost_cnt": 0, "comment_cnt": 0, "like_cnt": 0, "comment_like_cnt": 0}, "video_total_counter": {"play_cnt": -1}, "brand_account": 0, "hongbaofei": 0, "tab_manage": "[0, 0]", "reward_status": 0, "green_mode": 0, "urisk": 0, "avatar_type": 0}, "mid": "4844425266070605", "idstr": "4844425266070605", "status": {"visible": {"type": 0, "list_id": 0}, "created_at": "Thu Dec 08 14:33:20 +0800 2022", "id": 4844411629869570, "idstr": "4844411629869570", "mid": "4844411629869570", "can_edit": false, "version": 2, "show_additional_indication": 0, "text": "#女生准时下班被批踩点走#，下班就走不是很正常嘛[允悲][允悲]，如果工作都做完了，内卷有啥意义呢[doge][doge]\n\n如果是自己的工作没做完，加班是应该的，否则会耽误其他同事的进城。如果是自己和团队工作都做完了，完全没必要下班不走。 http://t.cn/A6K6gAH7 ​", "textLength": 241, "source_allowclick": 1, "source_type": 2, "source": "<a href=\"http://weibo.com/\" rel=\"nofollow\">微博仅供参考</a>", "favorited": false, "truncated": false, "in_reply_to_status_id": "", "in_reply_to_user_id": "", "in_reply_to_screen_name": "", "pic_urls": [], "geo": null, "is_paid": false, "mblog_vip_type": 0, "user": {"id": 2099591797, "idstr": "2099591797", "class": 1, "screen_name": "鍋盖頭司令", "name": "鍋盖頭司令", "province": "100", "city": "1000", "location": "其他", "description": "专注互联网资讯、科技、消费、汽车、数码、影视等前沿领域探究与观察。【商务合作请加微信664913700】【个人微信siling3907】", "url": "", "profile_image_url": "https://tvax1.sinaimg.cn/crop.0.0.1080.1080.50/002i5FJPly8gxdkm8muzvj60u00u076202.jpg?KID=imgbed,tva&Expires=1673963267&ssig=5d7I8spTuD", "light_ring": false, "cover_image": "https://wx2.sinaimg.cn/crop.0.0.920.300/7d253a75gy1flm4iytilbj20pk08cnax.jpg", "cover_image_phone": "https://wx2.sinaimg.cn/crop.0.0.640.640.640/002i5FJPly1h7wypu18cyj60u00u0gxg02.jpg;https://wx4.sinaimg.cn/crop.0.0.640.640.640/002i5FJPly1h7wyy7my4wj60u00u0n3u02.jpg", "profile_url": "u/2099591797", "domain": "", "weihao": "", "gender": "m", "followers_count": 8844842, "followers_count_str": "884.5万", "friends_count": 1792, "pagefriends_count": 29, "statuses_count": 32915, "video_status_count": 3890, "video_play_count": 0, "super_topic_not_syn_count": 0, "favourites_count": 5, "created_at": "Fri Apr 22 09:32:12 +0800 2011", "following": false, "allow_all_act_msg": true, "geo_enabled": false, "verified": true, "verified_type": 0, "remark": "", "insecurity": {"sexual_content": false}, "ptype": 0, "allow_all_comment": false, "avatar_large": "https://tvax1.sinaimg.cn/crop.0.0.1080.1080.180/002i5FJPly8gxdkm8muzvj60u00u076202.jpg?KID=imgbed,tva&Expires=1673963267&ssig=6UAzWRzej6", "avatar_hd": "https://tvax1.sinaimg.cn/crop.0.0.1080.1080.1024/002i5FJPly8gxdkm8muzvj60u00u076202.jpg?KID=imgbed,tva&Expires=1673963267&ssig=n0Fdvhlx3t", "verified_reason": "互联网科技博主 微博原创视频博主 媒体人  本地新势力博主", "verified_trade": "1164", "verified_reason_url": "", "verified_source": "", "verified_source_url": "", "verified_state": 0, "verified_level": 3, "verified_type_ext": 1, "has_service_tel": false, "verified_reason_modified": "", "verified_contact_name": "", "verified_contact_email": "", "verified_contact_mobile": "", "follow_me": false, "like": false, "like_me": false, "online_status": 0, "bi_followers_count": 1455, "lang": "zh-cn", "star": 0, "mbtype": 12, "mbrank": 8, "svip": 1, "mb_expire_time": 1698940800, "block_word": 0, "block_app": 1, "chaohua_ability": 0, "brand_ability": 0, "nft_ability": 0, "vplus_ability": 1, "wenda_ability": 1, "live_ability": 0, "gongyi_ability": 0, "paycolumn_ability": 0, "newbrand_ability": 0, "ecommerce_ability": 0, "hardfan_ability": 1, "wbcolumn_ability": 0, "credit_score": 80, "user_ability": -2135553512, "cardid": "flag_32099591797013585", "avatargj_id": "gj_vip_073", "urank": 44, "story_read_state": -1, "verified_detail": {"custom": 1, "data": [{"key": 2, "sub_key": 0, "weight": 10, "desc": "互联网科技博主", "timestamp": 0}, {"key": 16, "sub_key": 1, "weight": 11, "desc": "微博原创视频博主", "timestamp": 0}, {"key": 1, "sub_key": 0, "weight": 100, "desc": "媒体人  本地新势力博主", "timestamp": 0}]}, "vclub_member": 0, "is_teenager": 0, "is_guardian": 0, "is_teenager_list": 0, "pc_new": 7, "special_follow": false, "planet_video": 2, "video_mark": 15, "live_status": 0, "user_ability_extend": 1, "status_total_counter": {"total_cnt": 22691374, "repost_cnt": 3126550, "comment_cnt": 2242977, "like_cnt": 13162185, "comment_like_cnt": 4159662}, "video_total_counter": {"play_cnt": 431200098}, "brand_account": 0, "hongbaofei": 0, "tab_manage": "[283691415373184, 0]", "reward_status": 0, "green_mode": 0, "urisk": 4294967296, "avatar_type": 0}, "annotations": [{}, {"ann_ext": "ann_ext:search|t:31|q:#女生准时下班被批踩点走#|creator_source:bottomsendweibo|super_exparams=>{\"system_pic_only\":0}"}, {"client_mblogid": "e74e298c-5752-4190-8abd-45a73fc1ccf6"}, {"mapi_request": true}], "reposts_count": 0, "comments_count": 0, "reprint_cmt_count": 0, "attitudes_count": 0, "pending_approval_count": 0, "isLongText": false, "reward_exhibition_type": 0, "hide_flag": 0, "mlevel": 0, "show_mlevel": 0, "biz_ids": [230444], "biz_feature": 4294967304, "page_type": 64, "hasActionTypeCard": 0, "darwin_tags": [], "hot_weibo_tags": [], "text_tag_tips": [], "mblogtype": 0, "userType": 0, "more_info_type": 0, "cardid": "flag_32099591797009405", "number_display_strategy": {"apply_scenario_flag": 3, "display_text_min_number": 1000000, "display_text": "100万+"}, "positive_recom_flag": 0, "content_auth": 0, "gif_ids": "", "is_show_bulletin": 2, "comment_manage_info": {"comment_permission_type": -1, "approval_comment_type": 0, "comment_sort_type": 0, "ai_play_picture_type": 0}, "pic_num": 0, "fid": 4844411077787689, "can_reprint": false, "new_comment_style": 0}, "readtimetype": "comment", "match_ai_play_picture": false}